/*
SQLyog Ultimate v8.55 
MySQL - 5.6.14 : Database - hms
*********************************************************************
*/

/*!40101 SET NAMES utf8 */;

/*!40101 SET SQL_MODE=''*/;

/*!40014 SET @OLD_UNIQUE_CHECKS=@@UNIQUE_CHECKS, UNIQUE_CHECKS=0 */;
/*!40014 SET @OLD_FOREIGN_KEY_CHECKS=@@FOREIGN_KEY_CHECKS, FOREIGN_KEY_CHECKS=0 */;
/*!40101 SET @OLD_SQL_MODE=@@SQL_MODE, SQL_MODE='NO_AUTO_VALUE_ON_ZERO' */;
/*!40111 SET @OLD_SQL_NOTES=@@SQL_NOTES, SQL_NOTES=0 */;
/*Table structure for table `co_city` */

DROP TABLE IF EXISTS `co_city`;

CREATE TABLE `co_city` (
  `city_id` int(11) NOT NULL AUTO_INCREMENT,
  `tenant_id` int(11) DEFAULT NULL,
  `state_id` int(11) NOT NULL,
  `city_name` varchar(50) NOT NULL,
  `status` enum('0','1') DEFAULT '1',
  `created_by` int(11) NOT NULL,
  `created_at` timestamp NOT NULL DEFAULT CURRENT_TIMESTAMP,
  `modified_by` int(11) DEFAULT NULL,
  `modified_at` timestamp NULL DEFAULT NULL,
  `deleted_at` timestamp NULL DEFAULT '0000-00-00 00:00:00',
  PRIMARY KEY (`city_id`),
  UNIQUE KEY `CoMasterCityUnique` (`tenant_id`,`state_id`,`city_name`,`deleted_at`),
  KEY `FK_co_master_city_state` (`state_id`),
  CONSTRAINT `FK_co_master_city_state` FOREIGN KEY (`state_id`) REFERENCES `co_state` (`state_id`) ON DELETE CASCADE ON UPDATE CASCADE
) ENGINE=InnoDB AUTO_INCREMENT=8 DEFAULT CHARSET=latin1;

/*Data for the table `co_city` */

insert  into `co_city`(`city_id`,`tenant_id`,`state_id`,`city_name`,`status`,`created_by`,`created_at`,`modified_by`,`modified_at`,`deleted_at`) values (1,NULL,1,'Madurai','1',1,'2015-12-28 15:07:51',NULL,NULL,'0000-00-00 00:00:00'),(2,NULL,1,'Chennai','1',1,'2015-12-28 16:21:17',NULL,NULL,'0000-00-00 00:00:00'),(3,NULL,2,'Cochin','1',1,'2015-12-28 17:31:33',NULL,NULL,'0000-00-00 00:00:00'),(4,18,3,'Madurai','1',1,'2016-01-12 17:03:36',1,'2016-01-12 18:06:13','0000-00-00 00:00:00'),(7,18,1,'aaa','1',1,'2016-01-12 17:21:20',1,'2016-01-12 17:21:20','2016-01-12 17:21:25');

/*Table structure for table `co_country` */

DROP TABLE IF EXISTS `co_country`;

CREATE TABLE `co_country` (
  `country_id` int(10) NOT NULL AUTO_INCREMENT,
  `tenant_id` int(11) DEFAULT NULL,
  `country_name` varchar(50) NOT NULL,
  `status` enum('0','1') DEFAULT '1',
  `created_by` int(11) NOT NULL,
  `created_at` timestamp NOT NULL DEFAULT CURRENT_TIMESTAMP,
  `modified_by` int(11) DEFAULT NULL,
  `modified_at` timestamp NULL DEFAULT NULL,
  `deleted_at` timestamp NULL DEFAULT '0000-00-00 00:00:00',
  PRIMARY KEY (`country_id`),
  UNIQUE KEY `CountryNameUnique` (`country_name`,`tenant_id`,`deleted_at`)
) ENGINE=InnoDB AUTO_INCREMENT=8 DEFAULT CHARSET=latin1;

/*Data for the table `co_country` */

insert  into `co_country`(`country_id`,`tenant_id`,`country_name`,`status`,`created_by`,`created_at`,`modified_by`,`modified_at`,`deleted_at`) values (1,NULL,'India','1',1,'2015-12-28 15:07:32',NULL,NULL,'0000-00-00 00:00:00'),(2,18,'Pakistann','1',1,'2015-12-28 17:30:39',1,'2016-01-12 14:00:24','0000-00-00 00:00:00'),(4,18,'test','1',1,'2016-01-12 13:56:55',1,'2016-01-22 10:24:04','0000-00-00 00:00:00'),(5,18,'testss','1',1,'2016-01-12 13:57:12',1,'2016-01-12 13:57:12','2016-01-12 13:58:43'),(7,18,'test123123','1',1,'2016-01-18 16:26:07',1,'2016-01-18 16:26:07','2016-01-18 16:26:16');

/*Table structure for table `co_organization` */

DROP TABLE IF EXISTS `co_organization`;

CREATE TABLE `co_organization` (
  `org_id` int(11) NOT NULL AUTO_INCREMENT,
  `org_name` varchar(100) NOT NULL,
  `org_description` text,
  `org_db_host` varchar(255) NOT NULL DEFAULT 'localhost',
  `org_db_username` varchar(255) NOT NULL DEFAULT 'root',
  `org_db_password` varchar(255) DEFAULT NULL,
  `org_database` varchar(255) NOT NULL,
  `org_domain` varchar(255) NOT NULL,
  `status` enum('0','1') DEFAULT '1',
  `created_by` int(11) NOT NULL,
  `created_at` timestamp NOT NULL DEFAULT CURRENT_TIMESTAMP,
  `modified_by` int(11) DEFAULT NULL,
  `modified_at` timestamp NULL DEFAULT NULL,
  `deleted_at` timestamp NULL DEFAULT '0000-00-00 00:00:00',
  PRIMARY KEY (`org_id`),
  UNIQUE KEY `orgNameUnique` (`org_name`)
) ENGINE=InnoDB AUTO_INCREMENT=13 DEFAULT CHARSET=latin1;

/*Data for the table `co_organization` */

insert  into `co_organization`(`org_id`,`org_name`,`org_description`,`org_db_host`,`org_db_username`,`org_db_password`,`org_database`,`org_domain`,`status`,`created_by`,`created_at`,`modified_by`,`modified_at`,`deleted_at`) values (7,'Org','Org','bG9jYWxob3N0','cm9vdA==',NULL,'YWhhbmE=','http://hms.ark','1',-1,'2016-02-17 18:50:12',NULL,NULL,'0000-00-00 00:00:00'),(11,'Apollo','Apollo','bG9jYWxob3N0','cm9vdA==','','YXBvbGxv','apollo.hms.ark','1',-1,'2016-04-29 16:52:39',-1,'2016-04-29 16:52:39','0000-00-00 00:00:00'),(12,'Apollo New','Apollo New','bG9jYWxob3N0','cm9vdA==','','YXBvbGxvX25ldw==','http://apollo.local','1',-1,'2016-05-12 17:11:20',-1,'2016-05-12 17:11:20','0000-00-00 00:00:00');

/*Table structure for table `co_resources` */

DROP TABLE IF EXISTS `co_resources`;

CREATE TABLE `co_resources` (
  `resource_id` int(11) NOT NULL AUTO_INCREMENT,
  `parent_id` int(11) DEFAULT NULL,
  `resource_name` varchar(50) NOT NULL,
  `resource_url` varchar(100) DEFAULT NULL,
  `created_by` int(11) NOT NULL,
  `created_at` timestamp NOT NULL DEFAULT CURRENT_TIMESTAMP,
  `modified_by` int(11) DEFAULT NULL,
  `modified_at` timestamp NULL DEFAULT NULL,
  PRIMARY KEY (`resource_id`)
) ENGINE=InnoDB AUTO_INCREMENT=212 DEFAULT CHARSET=latin1;

/*Data for the table `co_resources` */

insert  into `co_resources`(`resource_id`,`parent_id`,`resource_name`,`resource_url`,`created_by`,`created_at`,`modified_by`,`modified_at`) values (1,NULL,'Configuration','configuration',-1,'2015-12-29 15:11:20',NULL,NULL),(2,1,'Organization Module','organization',-1,'2015-12-29 15:11:42',NULL,NULL),(3,2,'Organization','configuration.organization',-1,'2016-01-19 15:35:50',NULL,NULL),(4,2,'Organization Module','configuration.organizationModule',-1,'2016-01-19 15:36:07',NULL,NULL),(5,1,'Administrative Module','administrative',-1,'2016-01-20 11:11:09',NULL,NULL),(6,5,'Roles','configuration.roles',-1,'2016-01-20 11:11:58',NULL,NULL),(7,5,'Role Rights','configuration.roleRights',-1,'2016-01-20 11:14:04',NULL,NULL),(8,5,'User roles','configuration.userRoles',-1,'2016-01-20 11:14:31',NULL,NULL),(9,5,'Charge Category','configuration.roomChargeCategory',-1,'2016-01-20 11:15:00',NULL,NULL),(10,1,'User Module','userModule',-1,'2016-01-20 11:16:12',NULL,NULL),(11,10,'User Registration','configuration.registration',-1,'2016-01-20 11:16:50',NULL,NULL),(12,1,'Ward Management','wardManagement',-1,'2016-01-20 11:17:42',NULL,NULL),(13,12,'Floors','configuration.floors',-1,'2016-01-20 11:18:10',NULL,NULL),(14,12,'Wards','configuration.wards',-1,'2016-01-20 11:18:25',NULL,NULL),(15,12,'Bed Type','configuration.roomType',-1,'2016-01-20 11:18:48',NULL,NULL),(16,12,'Room','configuration.room',-1,'2016-01-20 11:19:17',NULL,NULL),(17,12,'Room and Bed Type','configuration.roomTypeRoom',-1,'2016-01-20 11:20:39',NULL,NULL),(18,1,'Charges Configuration','chargesConfiguration',-1,'2016-01-20 11:21:17',NULL,NULL),(19,18,'Room Charge','configuration.roomCharge',-1,'2016-01-20 11:21:40',NULL,NULL),(20,18,'Room Maintenance','configuration.roomMaintenance',-1,'2016-01-20 11:21:59',NULL,NULL),(21,18,'Charges for Category','configuration.chargePerCategory',-1,'2016-01-20 11:22:20',NULL,NULL),(22,1,'Doctor’s Configuration','doctorsConfiguration',-1,'2016-01-20 11:22:59',NULL,NULL),(23,22,'Doctors Schedule','configuration.docSchedule',-1,'2016-01-20 11:23:20',NULL,NULL),(24,22,'Specialities','configuration.specialities',-1,'2016-01-20 11:23:39',NULL,NULL),(25,1,'Miscellaneous','miscellaneous',-1,'2016-01-20 11:24:17',NULL,NULL),(26,25,'Alerts','configuration.alerts',-1,'2016-01-20 11:24:32',NULL,NULL),(27,25,'Patient Category','configuration.patientCategories',-1,'2016-01-20 11:24:47',NULL,NULL),(28,25,'Bill-No Prefix','configuration.internalCode',-1,'2016-01-20 11:25:06',NULL,NULL),(29,25,'Master Country','configuration.countries',-1,'2016-01-20 11:25:22',NULL,NULL),(30,25,'Master State','configuration.states',-1,'2016-01-20 11:25:35',NULL,NULL),(31,25,'Master City','configuration.cities',-1,'2016-01-20 11:25:52',NULL,NULL),(32,5,'Room Charge Item','configuration.roomChargeCategoryItem',-1,'2016-02-01 12:04:21',NULL,NULL),(33,5,'Allied Charges','configuration.alliedCharge',-1,'2016-02-03 15:31:05',NULL,NULL),(34,5,'Procedures','configuration.procedure',-1,'2016-02-05 15:43:00',NULL,NULL),(35,6,'Add Role','configuration.role_create',-1,'2016-02-08 15:16:27',NULL,NULL),(36,6,'Update Role','configuration.role_update',-1,'2016-02-08 15:17:21',NULL,NULL),(37,6,'Delete Role','configuration.role_delete',-1,'2016-02-08 15:18:46',NULL,NULL),(38,9,'Add Charge Category','configuration.roomChargeCategoryCreate',-1,'2016-02-08 15:20:26',NULL,NULL),(39,9,'Update Charge Category','configuration.roomChargeCategoryUpdate',-1,'2016-02-08 15:20:26',NULL,NULL),(40,9,'Delete Charge Category','configuration.roomChargeCategoryDelete',-1,'2016-02-08 15:20:27',NULL,NULL),(41,32,'Add Room Charge Item','configuration.roomChargeCategoryItemCreate',-1,'2016-02-08 15:21:56',NULL,NULL),(42,32,'Update Room Charge Item','configuration.roomChargeCategoryItemUpdate',-1,'2016-02-08 15:21:56',NULL,NULL),(43,32,'Delete Room Charge Item','configuration.roomChargeCategoryItemDelete',-1,'2016-02-08 15:21:56',NULL,NULL),(44,33,'Add Allied Charges','configuration.alliedChargeCreate',-1,'2016-02-08 15:31:45',NULL,NULL),(45,33,'Update Allied Charges','configuration.alliedChargeUpdate',-1,'2016-02-08 15:31:45',NULL,NULL),(46,33,'Delete Allied Charges','configuration.alliedChargeDelete',-1,'2016-02-08 15:31:45',NULL,NULL),(47,34,'Add Procedures','configuration.procedureChargeCreate',-1,'2016-02-08 15:38:42',NULL,NULL),(48,34,'Update Procedures','configuration.procedureChargeUpdate',-1,'2016-02-08 15:38:42',NULL,NULL),(49,34,'Delete Procedures','configuration.procedureChargeDelete',-1,'2016-02-08 15:38:42',NULL,NULL),(54,11,'Add User','configuration.user_create',-1,'2016-02-08 15:41:39',NULL,NULL),(55,11,'Update User','configuration.user_update',-1,'2016-02-08 15:41:39',NULL,NULL),(56,11,'Delete User','configuration.user_delete',-1,'2016-02-08 15:41:39',NULL,NULL),(57,11,'Add/Update Login','configuration.login_update',-1,'2016-02-08 15:41:39',NULL,NULL),(58,13,'Add Floor','configuration.floor_create',-1,'2016-02-08 15:49:25',NULL,NULL),(59,13,'Update Floor','configuration.floor_update',-1,'2016-02-08 15:49:25',NULL,NULL),(60,13,'Delete Floor','configuration.floor_delete',-1,'2016-02-08 15:49:25',NULL,NULL),(61,14,'Add Ward','configuration.ward_create',-1,'2016-02-08 15:50:14',NULL,NULL),(62,14,'Update Ward','configuration.ward_update',-1,'2016-02-08 15:50:14',NULL,NULL),(63,14,'Delete Ward','configuration.ward_delete',-1,'2016-02-08 15:50:14',NULL,NULL),(64,15,'Add Bed Type','configuration.roomTypeCreate',-1,'2016-02-08 15:51:19',NULL,NULL),(65,15,'Update Bed Type','configuration.roomTypeUpdate',-1,'2016-02-08 15:51:19',NULL,NULL),(66,15,'Delete Bed Type','configuration.roomTypeDelete',-1,'2016-02-08 15:51:19',NULL,NULL),(67,16,'Add Room','configuration.roomCreate',-1,'2016-02-08 15:52:21',NULL,NULL),(68,16,'Update Room','configuration.roomUpdate',-1,'2016-02-08 15:52:21',NULL,NULL),(69,16,'Delete Room','configuration.roomDelete',-1,'2016-02-08 15:52:21',NULL,NULL),(70,17,'Assign Room and Bed Types','configuration.roomTypeRoomUpdate',-1,'2016-02-08 15:53:47',NULL,NULL),(71,19,'Create RoomCharge','configuration.roomChargeCreate',-1,'2016-02-08 15:55:00',NULL,NULL),(72,19,'Update RoomCharge','configuration.roomChargeUpdate',-1,'2016-02-08 15:55:00',NULL,NULL),(73,19,'Delete RoomCharge','configuration.roomChargeDelete',-1,'2016-02-08 15:55:00',NULL,NULL),(74,20,'Create Room Maintenance','configuration.roomMaintenanceCreate',-1,'2016-02-08 15:55:59',NULL,NULL),(75,20,'Update Room Maintenance','configuration.roomMaintenanceUpdate',-1,'2016-02-08 15:55:59',NULL,NULL),(76,20,'Delete Room Maintenance','configuration.roomMaintenanceDelete',-1,'2016-02-08 15:55:59',NULL,NULL),(77,21,'Create Charges for Category','configuration.chargePerCategoryCreate',-1,'2016-02-08 16:00:51',NULL,NULL),(78,22,'Create Doctor Schedule','configuration.docScheduleCreate',-1,'2016-02-08 16:02:26',NULL,NULL),(79,22,'Update Doctor Schedule','configuration.docScheduleUpdate',-1,'2016-02-08 16:02:26',NULL,NULL),(80,22,'Delete Doctor Schedule','configuration.docScheduleDelete',-1,'2016-02-08 16:02:26',NULL,NULL),(81,24,'Create Speciality','configuration.specialityCreate',-1,'2016-02-08 16:03:14',NULL,NULL),(82,24,'Update Speciality','configuration.specialityUpdate',-1,'2016-02-08 16:03:14',NULL,NULL),(83,24,'Delete Speciality','configuration.specialityDelete',-1,'2016-02-08 16:03:14',NULL,NULL),(84,26,'Create Alerts','configuration.alertCreate',-1,'2016-02-08 16:04:00',NULL,NULL),(85,26,'Update Alerts','configuration.alertUpdate',-1,'2016-02-08 16:04:00',NULL,NULL),(86,26,'Delete Alerts','configuration.alertDelete',-1,'2016-02-08 16:04:00',NULL,NULL),(87,27,'Create Patient Category','configuration.patientCategoryCreate',-1,'2016-02-08 16:04:42',NULL,NULL),(88,27,'Update Patient Category','configuration.patientCategoryUpdate',-1,'2016-02-08 16:04:42',NULL,NULL),(89,27,'Delete Patient Category','configuration.patientCategoryDelete',-1,'2016-02-08 16:04:42',NULL,NULL),(90,29,'Create Country','configuration.countryCreate',-1,'2016-02-08 16:05:26',NULL,NULL),(91,29,'Update Country','configuration.countryUpdate',-1,'2016-02-08 16:05:27',NULL,NULL),(92,29,'Delete Country','configuration.countryDelete',-1,'2016-02-08 16:05:27',NULL,NULL),(93,30,'Create State','configuration.stateCreate',-1,'2016-02-08 16:06:03',NULL,NULL),(94,30,'Update State','configuration.stateUpdate',-1,'2016-02-08 16:06:03',NULL,NULL),(95,30,'Delete State','configuration.stateDelete',-1,'2016-02-08 16:06:03',NULL,NULL),(96,31,'Create City','configuration.cityCreate',-1,'2016-02-08 16:06:59',NULL,NULL),(97,31,'Update City','configuration.cityUpdate',-1,'2016-02-08 16:06:59',NULL,NULL),(98,31,'Delete City','configuration.cityDelete',-1,'2016-02-08 16:06:59',NULL,NULL),(99,NULL,'Patient','patient',-1,'2016-02-09 12:15:31',NULL,NULL),(100,99,'Details','patient.view',-1,'2016-02-09 12:16:49',NULL,NULL),(101,99,'Timeline','patient.timeLine',-1,'2016-02-09 12:17:35',NULL,NULL),(102,99,'Documents','patient.documents',-1,'2016-02-09 12:17:43',NULL,NULL),(103,99,'Encounter','patient.encounter',-1,'2016-02-09 12:17:57',NULL,NULL),(104,99,'Notes','patient.notes',-1,'2016-02-09 12:18:01',NULL,NULL),(105,99,'Consultant','patient.consultant',-1,'2016-02-09 12:18:12',NULL,NULL),(106,99,'Procedure','patient.procedure',-1,'2016-02-09 12:18:22',NULL,NULL),(107,99,'Prescription','patient.prescription',-1,'2016-02-09 12:18:45',NULL,NULL),(108,99,'Alert','patient.alert',-1,'2016-02-09 12:18:55',NULL,NULL),(109,99,'Update Patient','patient.update',-1,'2016-03-29 19:16:49',NULL,NULL),(110,104,'Create Note','patient.noteCreate',-1,'2016-03-29 19:17:30',NULL,NULL),(111,104,'Update Note','patient.noteUpdate',-1,'2016-03-29 19:17:55',NULL,NULL),(112,104,'View Note','patient.noteView',-1,'2016-03-29 19:18:15',NULL,NULL),(113,105,'Create Consultant','patient.consultantCreate',-1,'2016-03-29 19:18:58',NULL,NULL),(114,105,'Update Consultant','patient.consultantUpdate',-1,'2016-03-29 19:23:26',NULL,NULL),(115,105,'Delete Consultant','patient.consultantDelete',-1,'2016-03-29 19:23:58',NULL,NULL),(116,106,'Add Procedure','patient.add_procedure',-1,'2016-03-29 19:24:29',NULL,NULL),(117,106,'Update Procedure','patient.edit_procedure',-1,'2016-03-29 19:24:54',NULL,NULL),(118,106,'Delete Procedure','patient.delete_procedure',-1,'2016-03-29 19:25:10',NULL,NULL),(119,108,'Create Alert','patient.alertCreate',-1,'2016-03-29 19:25:45',NULL,NULL),(120,108,'Update Alert','patient.alertUpdate',-1,'2016-03-29 19:26:03',NULL,NULL),(121,103,'Create Admission','patient.admission',-1,'2016-03-29 19:30:01',NULL,NULL),(122,103,'Create Appointment','patient.appointment',-1,'2016-03-29 19:30:22',NULL,NULL),(123,103,'Transfer','patient.transfer',-1,'2016-03-29 19:31:07',NULL,NULL),(124,103,'Discharge','patient.discharge',-1,'2016-03-29 19:31:31',NULL,NULL),(125,103,'Swapping','patient.swapping',-1,'2016-03-29 19:31:51',NULL,NULL),(126,103,'Change Appointment status','patient.changeStatus',-1,'2016-03-29 19:32:47',NULL,NULL),(127,103,'Cancel Appointment','patient.cancelAppointment',-1,'2016-03-29 19:33:56',NULL,NULL),(128,103,'Edit Doctor Fee','patient.editDoctorFee',-1,'2016-03-29 19:34:57',NULL,NULL),(129,99,'Billing','patient.billing',-1,'2016-03-29 19:38:05',NULL,NULL),(130,129,'Add Other Charges','patient.addOtherCharge',-1,'2016-03-29 19:38:32',NULL,NULL),(131,129,'Edit Other Charges','patient.editOtherCharge',-1,'2016-03-29 19:39:06',NULL,NULL),(132,129,'Add Extra Amount','patient.addExtraAmount',-1,'2016-03-29 19:39:36',NULL,NULL),(133,129,'Add Concession Amount','patient.addConcessionAmount',-1,'2016-03-29 19:39:59',NULL,NULL),(134,129,'Add Payment','patient.addPayment',-1,'2016-03-29 19:40:24',NULL,NULL),(135,129,'Edit Payment','patient.editPayment',-1,'2016-03-29 19:41:15',NULL,NULL),(136,129,'Delete Payment','patient.deletePayment',-1,'2016-03-29 19:41:53',NULL,NULL),(137,129,'Add Room Concession','patient.roomConcession',-1,'2016-03-29 19:42:17',NULL,NULL),(138,129,'Finalize','patient.finalize',-1,'2016-03-29 19:42:39',NULL,NULL),(139,129,'Unfinalize','patient.unfinalize',-1,'2016-03-29 19:42:54',NULL,NULL),(140,129,'Authorize','patient.authorize',-1,'2016-03-29 19:43:19',NULL,NULL),(141,129,'Unauthorize','patient.unathorize',-1,'2016-03-29 19:44:04',NULL,NULL),(142,99,'In-Patient','patient.inPatients',-1,'2016-05-12 11:20:52',NULL,NULL),(143,99,'Out-Patient','patient.outPatients',-1,'2016-05-12 11:21:47',NULL,NULL),(144,NULL,'Pharmacy','pharmacy',-1,'2016-05-12 12:32:29',NULL,NULL),(145,144,'Purchase','pharmacy.purchase',-1,'2016-05-12 12:43:50',NULL,NULL),(146,145,'Add Purchase','pharmacy.purchaseCreate',-1,'2016-05-12 12:32:51',NULL,NULL),(147,145,'Edit Purchase','pharmacy.purchaseUpdate',-1,'2016-05-12 12:33:27',NULL,NULL),(148,144,'Purchase Return','pharmacy.purchaseReturn',-1,'2016-05-12 12:44:58',NULL,NULL),(149,148,'Add Purchase Return','pharmacy.purchaseReturnCreate',-1,'2016-05-12 12:45:42',NULL,NULL),(150,148,'Edit Purchase Return','pharmacy.purchaseReturnUpdate',-1,'2016-05-12 12:46:08',NULL,NULL),(151,144,'Sale','pharmacy.sales',-1,'2016-05-12 12:46:55',NULL,NULL),(152,151,'Add Sale','pharmacy.saleCreate',-1,'2016-05-12 12:47:06',NULL,NULL),(153,151,'Edit Sale','pharmacy.saleUpdate',-1,'2016-05-12 12:51:53',NULL,NULL),(154,144,'Sale Return','pharmacy.saleReturn',-1,'2016-05-12 12:52:48',NULL,NULL),(155,154,'Add Sale Return','pharmacy.saleReturnCreate',-1,'2016-05-12 12:53:07',NULL,NULL),(156,154,'Edit Sale Return','pharmacy.saleReturnUpdate',-1,'2016-05-12 12:53:49',NULL,NULL),(157,144,'Reports','pharmacy.report',-1,'2016-05-12 12:57:49',NULL,NULL),(158,144,'Stock Detail','pharmacy.stock',-1,'2016-05-12 12:59:19',NULL,NULL),(159,158,'Batch Details','pharmacy.batchDetails',-1,'2016-05-12 12:59:38',NULL,NULL),(160,158,'Stock Adjust','pharmacy.stockAdjust',-1,'2016-05-12 12:59:57',NULL,NULL),(161,144,'Configuration','pharmacy.configuration',-1,'2016-05-12 13:00:41',NULL,NULL),(162,161,'Brand','pharmacy.brand',-1,'2016-05-12 13:01:25',NULL,NULL),(163,161,'Brand Rep','pharmacy.brandrep',-1,'2016-05-12 13:01:45',NULL,NULL),(164,161,'Products','pharmacy.products',-1,'2016-05-12 13:02:11',NULL,NULL),(165,161,'Supplier','pharmacy.supplier',-1,'2016-05-12 13:02:28',NULL,NULL),(166,162,'Add Brand','pharmacy.brandCreate',-1,'2016-05-12 13:03:07',NULL,NULL),(167,162,'Edit Brand','pharmacy.brandUpdate',-1,'2016-05-12 13:03:27',NULL,NULL),(168,163,'Add Brand Rep','pharmacy.brandrepCreate',-1,'2016-05-12 13:03:47',NULL,NULL),(169,163,'Edit Brand Rep','pharmacy.brandrepUpdate',-1,'2016-05-12 13:04:04',NULL,NULL),(170,164,'Add Product','pharmacy.productAdd',-1,'2016-05-12 13:05:09',NULL,NULL),(171,164,'Edit Product','pharmacy.productEdit',-1,'2016-05-12 13:05:22',NULL,NULL),(172,165,'Add Supplier','pharmacy.supplierCreate',-1,'2016-05-12 13:05:46',NULL,NULL),(173,165,'Edit Supplier','pharmacy.supplierUpdate',-1,'2016-05-12 13:05:58',NULL,NULL),(174,161,'Brand Division','pharmacy.brandDivision',-1,'2016-05-12 13:06:54',NULL,NULL),(175,174,'Add Brand Division','pharmacy.brandDivisionCreate',-1,'2016-05-12 13:08:16',NULL,NULL),(176,174,'Edit Brand Division','pharmacy.brandDivisionUpdate',-1,'2016-05-12 13:08:42',NULL,NULL),(177,161,'Drug Class','pharmacy.drugclass',-1,'2016-05-12 13:17:33',NULL,NULL),(178,177,'Add Drug Class','pharmacy.drugclassCreate',-1,'2016-05-12 13:17:58',NULL,NULL),(179,177,'Edit Drug Class','pharmacy.drugclassUpdate',-1,'2016-05-12 13:18:57',NULL,NULL),(180,161,'Generic Names','pharmacy.drugclass',-1,'2016-05-12 13:19:41',NULL,NULL),(181,180,'Add Generic Name','pharmacy.genericNameCreate',-1,'2016-05-12 13:20:14',NULL,NULL),(182,180,'Edit Generic Name','pharmacy.genericNameUpdate',-1,'2016-05-12 13:20:32',NULL,NULL),(183,161,'Drug Class & Generic','pharmacy.drugGeneric',-1,'2016-05-12 13:21:01',NULL,NULL),(184,183,'Add Drug Class & Generic','pharmacy.drugGenericCreate',-1,'2016-05-12 13:21:46',NULL,NULL),(185,183,'Edit Drug Class & Generic','pharmacy.drugGenericUpdate',-1,'2016-05-12 13:22:09',NULL,NULL),(186,161,'Product Description','pharmacy.prodesc',-1,'2016-05-12 13:22:52',NULL,NULL),(187,186,'Add Product Description','pharmacy.prodescCreate',-1,'2016-05-12 13:23:15',NULL,NULL),(188,186,'Edit Product Description','pharmacy.prodescUpdate',-1,'2016-05-12 13:23:41',NULL,NULL),(189,161,'Vat','pharmacy.vat',-1,'2016-05-12 13:24:16',NULL,NULL),(190,189,'Add Vat','pharmacy.vatCreate',-1,'2016-05-12 13:24:35',NULL,NULL),(191,189,'Edit Vat','pharmacy.vatUpdate',-1,'2016-05-12 13:24:47',NULL,NULL),(192,161,'Packing Unit','pharmacy.packingUnit',-1,'2016-05-12 13:25:22',NULL,NULL),(193,192,'Add Packing Unit','pharmacy.packingUnitCreate',-1,'2016-05-12 13:25:39',NULL,NULL),(194,192,'Edit Packing Unit','pharmacy.packingUnitUpdate',-1,'2016-05-12 13:25:56',NULL,NULL),(195,99,'Patient Registration','patient.registration',-1,'2016-05-12 17:39:56',NULL,NULL),(196,129,'Administrative Discharge','patient.admindischarge',-1,'2016-05-13 11:16:11',NULL,NULL),(197,103,'Future Appointment','patient.futureAppointment',-1,'2016-05-18 15:24:32',NULL,NULL),(198,103,'Future Appointment List','patient.futureAppointmentList',-1,'2016-05-18 15:24:53',NULL,NULL),(199,99,'Vitals','patient.vitals',-1,'2016-05-18 15:25:36',NULL,NULL),(200,199,'Add Vitals','patient.vitalCreate',-1,'2016-05-18 15:28:20',NULL,NULL),(201,99,'Modify Casesheet No.','patient.modifyCaseSheetNo',-1,'2016-05-20 13:07:44',NULL,NULL),(202,99,'Modify Admission','patient.update_admission',-1,'2016-05-20 13:39:02',NULL,NULL),(203,99,'Backdate appointments','patient.backdateappointment',-1,'2016-05-21 16:36:48',NULL,NULL),(204,144,'Sale Billing','pharmacy.makePayment',-1,'2016-05-23 12:23:20',NULL,NULL),(205,103,'Cancel Last Encounter','patient.cancelLastEncounter',-1,'2016-05-24 17:34:12',NULL,NULL),(206,103,'Cancel Admission','patient.cancelAdmission',-1,'2016-05-24 17:37:21',NULL,NULL),(207,16,'Room Maintanance','configuration.updateMaintenance',-1,'2016-05-31 15:27:55',NULL,NULL),(208,99,'Documents','patient.document',-1,'2016-05-31 15:28:11',NULL,NULL),(209,208,'Add Document','patient.addDocument',-1,'2016-05-31 16:51:45',NULL,NULL),(210,208,'Edit Document','patient.editDocument',-1,'2016-05-31 16:52:05',NULL,NULL),(211,99,'Assign Patient Share','patient.assignShare',-1,'2016-06-10 12:49:15',NULL,NULL);

/*Table structure for table `co_state` */

DROP TABLE IF EXISTS `co_state`;

CREATE TABLE `co_state` (
  `state_id` int(11) NOT NULL AUTO_INCREMENT,
  `tenant_id` int(11) DEFAULT NULL,
  `country_id` int(11) NOT NULL,
  `state_name` varchar(50) NOT NULL,
  `status` enum('0','1') DEFAULT '1',
  `created_by` int(11) NOT NULL,
  `created_at` timestamp NOT NULL DEFAULT CURRENT_TIMESTAMP,
  `modified_by` int(11) DEFAULT NULL,
  `modified_at` timestamp NULL DEFAULT NULL,
  `deleted_at` timestamp NULL DEFAULT '0000-00-00 00:00:00',
  PRIMARY KEY (`state_id`),
  UNIQUE KEY `CoMasterStateNameUnique` (`tenant_id`,`country_id`,`state_name`,`deleted_at`),
  KEY `FK_co_master_state_country` (`country_id`),
  CONSTRAINT `FK_co_master_state_country` FOREIGN KEY (`country_id`) REFERENCES `co_country` (`country_id`) ON DELETE CASCADE ON UPDATE CASCADE
) ENGINE=InnoDB AUTO_INCREMENT=7 DEFAULT CHARSET=latin1;

/*Data for the table `co_state` */

insert  into `co_state`(`state_id`,`tenant_id`,`country_id`,`state_name`,`status`,`created_by`,`created_at`,`modified_by`,`modified_at`,`deleted_at`) values (1,NULL,1,'Tamil Nadu','1',1,'2015-12-28 15:07:43',NULL,NULL,'0000-00-00 00:00:00'),(2,NULL,1,'Kerala','1',1,'2015-12-28 17:30:49',NULL,NULL,'0000-00-00 00:00:00'),(3,NULL,2,'Islamabad','1',1,'2015-12-28 17:31:13',NULL,NULL,'0000-00-00 00:00:00'),(4,18,1,'Test','1',1,'2016-01-12 15:44:25',1,'2016-01-12 18:07:08','0000-00-00 00:00:00'),(6,18,1,'Tester','1',1,'2016-01-12 15:47:54',1,'2016-01-12 15:49:00','2016-01-12 16:22:25');

/*Table structure for table `co_super_admin` */

DROP TABLE IF EXISTS `co_super_admin`;

CREATE TABLE `co_super_admin` (
  `su_id` int(11) NOT NULL AUTO_INCREMENT,
  `username` varchar(100) NOT NULL,
  `password` varchar(255) NOT NULL,
  `authtoken` varchar(255) DEFAULT NULL,
  `last_activity` timestamp NOT NULL DEFAULT '0000-00-00 00:00:00',
  `created_by` int(11) DEFAULT NULL,
  `created_at` timestamp NOT NULL DEFAULT '0000-00-00 00:00:00',
  `modified_by` int(11) DEFAULT NULL,
  `modified_at` timestamp NOT NULL DEFAULT '0000-00-00 00:00:00',
  PRIMARY KEY (`su_id`)
) ENGINE=InnoDB AUTO_INCREMENT=2 DEFAULT CHARSET=latin1;

/*Data for the table `co_super_admin` */

insert  into `co_super_admin`(`su_id`,`username`,`password`,`authtoken`,`last_activity`,`created_by`,`created_at`,`modified_by`,`modified_at`) values (1,'demo','$2y$13$pfNu2lorSgd3btV7foqp.uriRfXF.7lSi51b45oefB0V1NaObxEui','ZGVtbzE0NjU1MzQ2OTc2ODU3','0000-00-00 00:00:00',NULL,'0000-00-00 00:00:00',-1,'2016-01-07 11:46:28');

/*Table structure for table `co_tenant` */

DROP TABLE IF EXISTS `co_tenant`;

CREATE TABLE `co_tenant` (
  `tenant_id` int(11) NOT NULL AUTO_INCREMENT,
  `org_id` int(11) NOT NULL,
  `tenant_guid` varchar(50) DEFAULT NULL,
  `tenant_name` varchar(50) NOT NULL,
  `tenant_address` varchar(100) DEFAULT NULL,
  `tenant_city_id` int(11) DEFAULT NULL,
  `tenant_state_id` int(11) DEFAULT NULL,
  `tenant_country_id` int(11) DEFAULT NULL,
  `tenant_contact1` varchar(20) DEFAULT NULL,
  `tenant_contact2` varchar(20) DEFAULT NULL,
  `tenant_fax` varchar(50) DEFAULT NULL,
  `tenant_mobile` varchar(20) DEFAULT NULL,
  `tenant_email` varchar(50) DEFAULT NULL,
  `tenant_url` varchar(50) DEFAULT NULL,
  `slug` varchar(50) DEFAULT NULL,
  `status` enum('0','1') DEFAULT '1',
  `created_by` int(11) NOT NULL,
  `created_at` timestamp NOT NULL DEFAULT CURRENT_TIMESTAMP,
  `modified_by` int(11) DEFAULT NULL,
  `modified_at` timestamp NULL DEFAULT NULL,
  `deleted_at` timestamp NULL DEFAULT '0000-00-00 00:00:00',
  PRIMARY KEY (`tenant_id`),
  UNIQUE KEY `TenantNameUnique` (`tenant_name`,`org_id`),
  KEY `FK_co_tenant_org` (`org_id`)
) ENGINE=InnoDB AUTO_INCREMENT=70 DEFAULT CHARSET=latin1;

/*Data for the table `co_tenant` */

insert  into `co_tenant`(`tenant_id`,`org_id`,`tenant_guid`,`tenant_name`,`tenant_address`,`tenant_city_id`,`tenant_state_id`,`tenant_country_id`,`tenant_contact1`,`tenant_contact2`,`tenant_fax`,`tenant_mobile`,`tenant_email`,`tenant_url`,`slug`,`status`,`created_by`,`created_at`,`modified_by`,`modified_at`,`deleted_at`) values (58,7,'','Ahana','Gandhi Nagar 2 ',1,1,1,'123',NULL,NULL,NULL,'vikhram@ahana.com','http://ahana.com','','1',-1,'2016-02-02 22:26:38',-1,'2016-03-01 13:41:11','0000-00-00 00:00:00'),(59,7,'','Ark Infotec','Bye-pass',4,3,2,'123','','','','gayatri@ark.com','http://ark.com','','0',-1,'2016-02-02 22:43:11',-1,'2016-03-01 13:46:12','0000-00-00 00:00:00'),(60,7,'','Radianz','rad',2,1,1,'123123',NULL,NULL,NULL,'abc@radianz.com',NULL,'','1',-1,'2016-02-17 06:28:38',-1,'2016-03-01 13:46:25','0000-00-00 00:00:00'),(61,7,NULL,'test','test',1,8,7,'99999999',NULL,NULL,NULL,'test.t@gm.xc','http://ahanahospitals.in/',NULL,'1',-1,'2016-02-21 23:16:05',-1,'2016-02-21 23:16:05','0000-00-00 00:00:00'),(62,0,NULL,'test test','test',5,8,7,'2323232323','',NULL,NULL,'34343@3444.3',NULL,NULL,'1',-1,'2016-02-29 02:00:01',-1,'2016-02-29 02:08:44','0000-00-00 00:00:00'),(63,8,NULL,'Apollo','Apollo',1,1,1,'1232313123',NULL,NULL,NULL,'test@test.com',NULL,NULL,'1',-1,'2016-03-01 13:34:42',-1,'2016-03-01 13:45:30','0000-00-00 00:00:00'),(64,9,NULL,'Apollo',NULL,NULL,NULL,NULL,NULL,NULL,NULL,NULL,NULL,NULL,NULL,'1',-1,'2016-04-29 16:40:49',-1,'2016-04-29 16:40:49','0000-00-00 00:00:00'),(65,10,NULL,'Apollo',NULL,NULL,NULL,NULL,NULL,NULL,NULL,NULL,NULL,NULL,NULL,'1',-1,'2016-04-29 16:45:21',-1,'2016-04-29 16:45:21','0000-00-00 00:00:00'),(66,11,NULL,'Apollo',NULL,NULL,NULL,NULL,NULL,NULL,NULL,NULL,NULL,NULL,NULL,'1',-1,'2016-04-29 16:52:40',-1,'2016-04-29 16:52:40','0000-00-00 00:00:00'),(67,12,NULL,'Apollo New','adsdsadasd',1,1,1,'2312323123',NULL,NULL,NULL,'adsd!@adasd.com',NULL,NULL,'1',-1,'2016-05-12 17:11:20',-1,'2016-05-12 17:16:11','0000-00-00 00:00:00'),(68,7,NULL,'K.K Nagar','K.K Nagar',1,1,1,'99888551154',NULL,NULL,NULL,'ts2@gaa.com',NULL,NULL,'1',-1,'2016-06-09 19:23:21',-1,'2016-06-09 19:23:21','0000-00-00 00:00:00'),(69,7,NULL,'R.K Nagar','AAAA',1,1,1,'84515154151',NULL,NULL,NULL,'rk@gmail.com',NULL,NULL,'1',-1,'2016-06-10 11:43:41',-1,'2016-06-10 11:43:41','0000-00-00 00:00:00');

/*Table structure for table `gl_patient` */

DROP TABLE IF EXISTS `gl_patient`;

CREATE TABLE `gl_patient` (
  `patient_id` int(11) NOT NULL AUTO_INCREMENT,
  `patient_global_guid` varchar(50) NOT NULL,
  `patient_guid` varchar(50) CHARACTER SET latin1 NOT NULL,
  `casesheetno` int(11) DEFAULT NULL,
  `patient_int_code` varchar(30) CHARACTER SET latin1 NOT NULL,
  `tenant_id` int(11) NOT NULL,
  `patient_reg_date` timestamp NOT NULL DEFAULT '0000-00-00 00:00:00',
  `patient_title_code` varchar(10) CHARACTER SET latin1 NOT NULL,
  `patient_firstname` varchar(50) CHARACTER SET latin1 NOT NULL,
  `patient_lastname` varchar(50) CHARACTER SET latin1 DEFAULT NULL,
  `patient_relation_code` varchar(2) CHARACTER SET latin1 DEFAULT NULL,
  `patient_relation_name` varchar(50) CHARACTER SET latin1 DEFAULT NULL,
  `patient_care_taker` int(11) DEFAULT NULL,
  `patient_care_taker_name` varchar(50) CHARACTER SET latin1 DEFAULT NULL,
  `patient_dob` date DEFAULT NULL,
  `patient_gender` varchar(2) CHARACTER SET latin1 NOT NULL,
  `patient_marital_status` varchar(2) CHARACTER SET latin1 DEFAULT NULL,
  `patient_occupation` varchar(50) CHARACTER SET latin1 DEFAULT NULL,
  `patient_blood_group` varchar(5) CHARACTER SET latin1 DEFAULT NULL,
  `patient_category_id` int(11) DEFAULT NULL,
  `patient_email` varchar(50) CHARACTER SET latin1 DEFAULT NULL,
  `patient_reg_mode` varchar(2) CHARACTER SET latin1 NOT NULL,
  `patient_type` varchar(2) CHARACTER SET latin1 DEFAULT NULL,
  `patient_ref_hospital` varchar(255) CHARACTER SET latin1 DEFAULT NULL,
  `patient_ref_id` varchar(50) CHARACTER SET latin1 DEFAULT NULL,
  `patient_mobile` varchar(50) CHARACTER SET latin1 DEFAULT NULL,
  `patient_bill_type` varchar(2) CHARACTER SET latin1 DEFAULT NULL,
  `patient_image` longblob,
  `status` enum('0','1') CHARACTER SET latin1 DEFAULT '1',
  `created_by` int(11) NOT NULL,
  `created_at` timestamp NOT NULL DEFAULT CURRENT_TIMESTAMP,
  `modified_by` int(11) DEFAULT NULL,
  `modified_at` timestamp NULL DEFAULT NULL,
  `deleted_at` timestamp NULL DEFAULT '0000-00-00 00:00:00',
  PRIMARY KEY (`patient_id`),
  KEY `FK_pat_patient_tenant` (`tenant_id`)
) ENGINE=InnoDB AUTO_INCREMENT=2 DEFAULT CHARSET=utf8;

/*Data for the table `gl_patient` */

insert  into `gl_patient`(`patient_id`,`patient_global_guid`,`patient_guid`,`casesheetno`,`patient_int_code`,`tenant_id`,`patient_reg_date`,`patient_title_code`,`patient_firstname`,`patient_lastname`,`patient_relation_code`,`patient_relation_name`,`patient_care_taker`,`patient_care_taker_name`,`patient_dob`,`patient_gender`,`patient_marital_status`,`patient_occupation`,`patient_blood_group`,`patient_category_id`,`patient_email`,`patient_reg_mode`,`patient_type`,`patient_ref_hospital`,`patient_ref_id`,`patient_mobile`,`patient_bill_type`,`patient_image`,`status`,`created_by`,`created_at`,`modified_by`,`modified_at`,`deleted_at`) values (1,'76c1f817-23dd-55cf-8c39-807be316968a','56834734-c93f-5339-ba51-54c240b9ca94',NULL,'AH0000067',58,'2016-06-10 15:42:55','Mr.','Prakash Arul Mani','Paramanandam',NULL,NULL,NULL,NULL,'1991-06-10','M',NULL,NULL,NULL,NULL,NULL,'OP',NULL,NULL,NULL,'9896911452',NULL,'data:image/png;base64,iVBORw0KGgoAAAANSUhEUgAAAMgAAADICAYAAACtWK6eAAAgAElEQVR4nOS9d3yV9f33f13XOUkAUVzdta0diiQ5GWdd+8zsvSeQkISNg+UAWSI4AJUNsjdqq9W2WreiLEFsXQzt19baKlutVbKe9x/XOScJEMe37e/u73H/8XqQc85FTPDzvN77fQkdb2/hbLW/tZn2tzb3fO/gFjoOb6P9SO/qeGd7TO3vPEjbOw/Senh7RNtoPbyV9iNb6Hx3K53vbqX90EbaD22k8/V1nNmzgs/2ruKLP27m4wMbeOs3szn60iL++szdvPXwDF5YPZGXN87kzzvW8+YTS1kyfSjzpzYy79bhzJxQx4MrZrB05nDWzR3LlgWTeHrrPWy490Z+u2kWz2+7nb3b7+KJpdNZMm0cJYWZDNRUvmuEcFQ24q4dxU/9xQzw+vhJcTmXh7MR07300/zEeTRsbh3BqSE4dUS3H5sSQlL9CKqOqBnYDB823YekmIiygSibiB4TwaUjuA0kj4nd44vJ5jaxuU0kl4HkMhCdekySyyDOHcDu8mN3+bE5fUjpJmKqjpiqI6WbCKk6QoqGkKJhSzOxp/uIc/qtv+f2I3pMRK8Pmx7AbgaRjACi7kfSAti1IILiR/CalmQdQdYRdT9x/jBxwRD2QJB4f4DLQmF+kJPHD3Py+X5GFj8KhUktyGXSnKk8/tR2TvxlN20f7qLz7zvg73voOP4KnxzfwemPd/CPT3fz2ck9dB4/AB/9AY7up/XELj47tYMvTr5E6/Fd56j95J6Y2k7s/lJ1v7anXomp7cTe/7Vaj++h9fgehPMB0vH2FjoPbo2JQ9voPLytV0DaDm89B5T2dx6k7cgDPeBoO7yVtsObaT+8mfZDm2g7uIH2gxtoPbCCv/92Fv/YtYwvXtvAyb338z9P3sWn+5Zz9IUFfPDUPH5zTwtPLp/Es+um8drvl/Hw6hlMHl3C6MY8rhtewvZVc/j9tnu5sSWfEZV+Zk0Yyg3Nhcy/dQgPL7+JJ1ZMZcnkIdzcUk4opPALQ+GHmVn0V/x8N5jPFaEC+ssmfWSDPrKB3a1jc6nEefSegHh8SF4/ouJDUHRERcemmdg0Cw7JayB5LUBEl4HkNrB1g6I7GFE4hHQNIV2LQdIdDCndREwzegVESjVikNicPmwu0wLN68Ou+bEZAUTNh6CaiKoPSfEjyr6ITATFQFAMRN2PzQxi8wew+wPE+wP00XUGhMJcmpHFZaFMvhsOcU1+DkppDnUjKtmyeR5/fusJzvx9J3y0l86Tr9D26V4+/eQlPjn9Ep+f3EPH8f1w9DU6j+3jzIld/ON074B8FRTfBJB/BY4egEStRXd1ByOqrwLkbEjajjzQDZCttMWu3Uzb2xtpfWsDbQc3cOatdXz80gLef/hmPnr6Dg4+PI0PX1zEe7+fw7EX7qHjj+v4yxN3sHvjzWy5vZEFkypYcOsQfr1tPnNmjeWWm0dQWRlm2NB87rljErffOppRTSXk5ahcf+0QbhpXyqq5o3lq/Ry2zJ/MpmVzqGms4KqQwYW6Rj9fALtXxe5WuED1Y0uXiXPpxHkMhBQvYrqC5NK6DrHbiNyhNQRZRZQ1bKqBTTUQvDqiR0f0RK6JWAS7x3cOFFEJ6RpCmmopAkkPMNIMC4hugIjdABFTdMQUHSnVsD5LNxDSNWweH3bFh031xayEIBuIsg/Ba3ZBovksSDQfou5HNEwk02dBYpr0CQbpEwzRxx/gAtPHAF3lyrCBUhygsCaD5atm8eH7L9FxdB+tH+2k7eNdfP7pS/zj9A5aT++m89g+OLqfzmP7aD25m88+fuk/Dsj5Dvq/FZDuFqQ7IO2HtsZg6E1dgGyPwXE2IO0HN3HmzfWceXM9p15Zwl9+O41Dm6/nb4/P5u1f3srfnruH4y8v5oOn7+LTvcv58MWFHPjlbB5edAPTxhYwfmwJt0wZzsjrhjB55kQKawupbqygvqmSG24azYSp11NUV0Z1Uy33zL+FdUunc9eU4Tyw5i5Wr7ybqfNmkVpZxAV+k/iAj7iAjwTTJM5j0MfrJ85lIqVpSOk6QoqC5FQR0mSEdAXRqSI6FQS3jOBRELwqUsRyCC4VwakhuiIApGuITgOb24eUrsckpmkxCalqD4lpXYe+uwSH9b4tzYy97i4p1YgApSOkqUguA5vHQPDoCG4Vwa0iegwkry/mgkmKH5vqQ1QMRM2HzQggRQCx+fxIPh+2QAApEETyB7GZAfoYJv1kF1cEZK4KpFPSVMwLex6l9cQfaTu2mzMnX6L1k5do+3gHrcd30Hl0D51H99Fx7BVaT+7m89M7+eLkzvMC0nosom6w9OZu9QbI2Qf8PwbI2e5Wx6GtvQLSemgLrYe29HwvCkZE0dik7eAm2t7eyBdvrOOz11bx3lNzeXP7JI5sv5H3fzeXtx+5jSO/u4sPdy7no5eW8vojs/ifZ5fwzMYZPLzqVu6ZM5aawdn48lT0giCZQ6rxFObiys2gZPgQ9OIcksJ+shqH4szPwRX0UttQyuAhJQwfVc+mhzcRqq/kisww38rJR9INEgJB7LKClK4R5wxYhzDNwOY0ewAipitIThkhzYPglC0g3GrEakSsQYpsHfboHT5Nj1mDqCWIuUjdv44qVUdIVrvUDYLzASI5NKSoBUm1XDEhVY3AqSE6VQSnguBSkTwRa+btki0SN9k1P3FmCLvpx2b4kEwfgqYjGD4EXxApkIktmEWfQCZ9NZPLfBrf0918z5vIhLk38sF7O2k7uY8zJ16m9dTz8PGLtH30HJ1Hd9JxdC/txy1Avvh4F2dOngeO47v44ujLnDm2818GpDsYZ47t/tcAaXtzE2frfLC0H9zyDQHZQtvhrvc6jmyj/fBWWt/ayBevr+MfB1bxyb6VHP7tLPZvnMAftt7My2sn8fCCETyz9mZ2bZ/Ny1tn8MD8Uay7ayRzbqxlwtgKFtw3jRtvn4y/Mo8rVBeXuV1cnZfHzzMzGJSXzfdUmUtcTvq7PFym6gxISeL7LgfX+BQcQR25uICfBcJcqgbpr2cipunY3AbxHoN4TxBbegBbup84V8Dy91OUyN1dRkyTEdO9CKkehDRv7OCJbt2yGukagkNGcCgIDtVSio6YavSEICY94iZFpZ8LSAQSMWIlbKkGUoqOGH3PoWHrBoiU2mWhpHQVMV2x4Haq2D0GcV4/dq8fm9eH5DEjMZNBnB4gwQwRb/ix6T5suomkGQiaiaD5kcxM7L5s4v3ZDAjncZHh5wfhEFcETdzFWTz5zFZOf7SHfx7fyedHn6Xz1At0HH+BzqMv0XF0D+3H99J6cjdnTu/+SkDOHNv5bwPkX7YgZwNx9usoJO0Ht9B2cEsMhu46PzSbLHfqyBbaj2yh7eAmzry5gU8PrObk7mWc2LWU4zuXcOixWby8djyPzG9h7fRabhuZzdLpQ9m2cCLPbruD36yfzcr5E2hpLKC0KovCwSVoFXmkFGbzfX8AW4qTvh6VbwczuFQ36Ot0EZfqxO5SiPcaJLhULtF8fNf08S1F41KnyoVpBv1SgiSkhIl3BElw+ElI9WFL9SGlBbA5A9jTA0ippnWnTlEi8iKkeKw/U70xlysWV6RpCMlKRNHDrSM4jPNahR7xQ9QCpOiIySpCkhKTmKzGQLCl6EgODTFZjb0f/cz6XrrlHqZp2NI1bOkqYpqClKZgc+nEeXzEef2xZIHNrWOTTeJUP/FaALtqYlMN7JpJnGpGMnMmkhYmzpfDBcF8BoTzuSyUw3dCmfwwnMFVWUFarm/glVd+zWen93Pm+A7OfPg0HH+RzmM7aDu22zp0J3fTenIXrSfPH2+cHYt83YxWT/1rwfnZ+kaAdHxF/HEOIIc20Xl4Cx2HNvPFG+v49MD9nNi1lL89fw9/fvJODj86kz9su4WdG25i7wO388A913LzsAwWTW9hy5IpbFl2K4vuuJZJ19dRUZdPZmU+6blhrvBpXCx7uTyUSV81iN3js7JNTi+2dBc2l4zk1RE8fgSnHyFVQ0iVsafJxKcoxCeZJCSGSbgmg4RBGSQkBujj8COlmIhpPqR0/1mujIrkUCKSkRwKYiReiMUVqZp1+JMUhCQVMUnvISG5mxwGgsNATDERU0ykVF9MYor5vwbEkoYtxfp57akKthQZ0eHFliIjpalI6Tp2l4nNaWBzWtk6u8cgXvYRr/ixKwY2WceuGNhlCx6b6iNOD5FgZNHPn0P/QA4D/Jlc6s/gW4EwPwyGcOYY3DpnPAcOPMo/PtpBx7EXaP/oWTqOvWgd/JO7Y+rtcJ8dqP9XAHJOvaOXmOTL6iDnArKF9kNWKrfz8GY6Dm3mn39YzYk9S/jguQW8//TdvPHQVN79ze28/+Q8dm++hefXTWHZrfWMKvUybXQJU8eWcfvkIdw9cwxjx1Thz9HRCjNxFhdwVX4+F2s+4jwmoieI6PZHgmIvYroL0emxAlOXiZBqIqQYCA4vgsON5FCwJenYB/qJHxgi/poQcYkB7MkGoiOSLUqz7uaCwzr0scMYk4aYEgEkIiGl6zCLyRpiko4UkZCoISRa74nJOmKygeQwY7Kl+GKSHF8OSHc4un/WBUoEkGTZgsLhRUhyIya5ER1ehFQ19jOL6Ro2l6U4r0mc18Tm1bB5VCSvhuhVkBQdu+bDbgQt6SHi9RB9jCAXGH4uMoN8KxBgYJafoqElbHlwEX9++3HOfPgCHceep+34i5w58TJnIlaj/UTv2apz3aVvAsZ/ASBfJ4sVBYQjW+k4vMlSBJBjOxfywXMLOP7SIt761TTee/xOjr24mEO/uZNXtt/GA/PHMX14LjNGl3Jjcz4TGnOYOLKUYY0FFFTlUthUi15fwxWZOVweyiNOCWHXshE9QYR0FSHVjZDqREz3ILpkBKeBkKggJEeC52QnQqILKVHBPtDAPtCPbZA/coeXrfghEnOIKXrMIojJXRYheujFZAsKMVVFTFWtuOM8gIiJGmIEkCgkNofZQ/YUX0y2XgDpDkL3z8/+TIpauyQZu0PG5vAiJroQEl2ISR4Eh2z9vJGfXUq3khBRS2LzqEhuBdGjIihqpBhqWilg3Y9kWHUSu+nDrunEqSr9dJ0fhQMkhXVuuHkELz29jo/fe4r24y/QeiICyCkLjI4TO+noJaXbcWrvfx8gPTJVvUASfb/t4BbavlYMsgXe2UbH4U20H9pIx+FN/POPqzm+axEf7VjI3565h52rr+ephS0c2Hwz7/1+AX968l7e/O19rLu9hXsn17JlwSR+vXo2t9/USFWFHy3sxpll8BOfxgWuiLvg8iG4ApYb5TSQnDJ2l0ycV8Hmtg6uPUlFvMaNkJSOLcWN5HAhDnJjH6RjH+RDTDYi8YXbii9SvQipkZgjOXIIo3AkGkiJBrZEAzFJs6BKUbpcsSQFKdmwFAVkkI4wSEMYpPYAxJ7iw5ZiIqUYXXCkmNgcBlKSipiodCnJsly2ZA0pWUVMUhCTFIRE2fo62ZItWY1Iwe5Qsaco2BxepEQ3UpIbMdGDGPmZrWSCjJgqI6ap2Fw6dreO5FIRXQqCW0HQNARdj8hA0A1Ew0Q0fYiGgaBq2DSVBEPn8oCfK3Qver7OyqW3cviV7Xzx4fO0nrAKg2dO7qTtxC46ju+i/fj5D3fHqb09IPmvAKT97Y10HNwUU+ehzT1e91DU0hyy0r5W8dD6+mxIorFHxyGrMHjmzfX8/cUFvPfkXfz1mft4adVEXlw2gT9sncW7v7mTvz27gL88cx+P3juaBTeUsOuXi3j/j0/z9GPrmDV7AkPHDaZkZA2eqiIu1kzinFZaVkjVsTkDVuwQCVDFdAUh1ToAUqKCOMiLMMiDkBiVFzFRsdyfZC2ScZK7gvGzagwxACKWQYxakLOzTbEA3IozuscgUrJ+TnBuZa1UpDQjklqOpHyTFMvyJcrWz5vsteToZuUcMkKi23o/xRtxIT2WG5XiRUqRkVKs94RkL0KSJ/L9uilJiUCuxeIpm9PA5jKRvD7itIBVjdesgqOkmNg1P/F6kDjNR5xmcmEog+8WFnNhMMS3gyZXhWVqW4p57JH7OP3+03Se3EHnqR10nHzJSgGf7D2j1FubSPf3o2o9vpszkeC/x/XHX4mp/cS+L1X3a1uP7T1Xx/+XgMTaUA5vi8HSGyCdh7dYgLyxjr8+dzfvPj6XU3tWs2/TVJ6+71peXDaRVzdP4ZVN49m36SYeXTCKO0bn8fCKGTy8/h5mz5pAXXMlufXF5A2vIdA8hEt0HwkulTinhpiqYkvzRwJeKwsUO0DJXoRBck91Oxxisoro0M7JLp1X0WuSlK9xvW4pEpSLyTqSo5uiwXaqhpiqIaVZQb6YqiE4FKuuEXWnHIoV76RE3LgYxDJCktsCIAKImCIjpniwpXiQHF6kZC9ikgcxyYuY6D0/INHfJ0WzKvVpVhVfcllpYNFjWulgj4nNrSO5NOweg75akItDWfywqIyBgxu5OCuXyzPCXBFUyBuSy5Jlt/Dhu0/QeWIHnNxB54kdnDnxMl+c2kPryX8dkLM//1cBOR8kbcdf+eaAdO/RisLRGyCdEVer/dBGvnhjLe8/excf7riPk7tX8Nq2W9mz5kZ2rprMW7+azf/8/m6O/G4Bv1s2kZuHZjDz+npm3jyWiupCAkVZOPMyuSYryI8zw/SXdeKdSgwQKcWMZYasAyp33TWv8SBcY4EiJirn+u/dAfgyOJKUnofrq4ByaF2AJOnYkw3ikgzsyQZ2R0Qp3eoaMSulEpdmYk81YuqeBo4lBKK/Y8SqRLNsthSFOIeMPcmLPdGLbZAX+zUe7AM9SNecdcOIAhKzJpHfKUVDSNMR0hQrtou0zNjcOvGyj/5mBpeG87g4lMUFZpA+up8EM8jlGZn8IidISXMp02Y08ee3H6PzxEtw4iU6T7zEmRM7+eLk3n8LIB2n9tFxat+5fVffAJDeQOmubwRIdzhi1fWDW3oBZBudh7d2A2QN7z97Jyf3LOHT/ffzzm/ncuTXc3jzwVm88eBMDj42l4O/u49Xf72QpTNGUlvko6a6gIzCHMzSYq4KZ/IDn49LNR2704uQ4kZKswJNm8NESjasoDdFt9KwyTJCkhdh4LmAdA9sxa865P8SIJalEZN04hLNmOKTfNiTfcR1C8y7u1/2VKNb2rarThKt8AtphnWAUyMNi9EMVrKGPVkjLlnBNtCLfaCH+Ks9JFztoe9VLuxXe5CukWOKxjgxy9rtxiEkq1YslqYiOnVsbivL1UcNcKEvkwGBbPoZAexeDcmtEG8EuTwji6tywoSrshk5ppQ39z5I54ndcHInnSci7SUnX6HtPAf+qyzE2eo8vT92XY9C4P8CkN5AaT+x75sBwqFtXXBEM1tfAkhHxJK0HdzAmTfX8Nfn7uRvL8yj9c31HHt5EX975h4O/3o2bzwwgyOP3sWbjy7guY1zuG/aSIZWZ1NQko2Wk0lSRgZX5+RxTXE5A1Qf8S4FMcWNLU1BdCgxQCSHYR2WZBkxSUZI7MXF6p4e7X73/jqQRO604lmxRCymSFG75FAQHApisoYtyYc9yYctyYct2dcVqKf6kFIi1iHdwO40saVp2FI1pFQFKeKCSWk6Unqk1ypdR3CaCC4fUrqBLd2yRKJDQ0zSkBI1xKu92K72EneVm/irXPT5hZO4q93YBspdGqRgG6QgXtP1bxODJimSoUuPwuEnXvaRoPjpowawe01El4zkUemjB4k3wlwayOCnmUE8OTo3TBzKodceo+P4K3BiD5zYTdvxPbSeiBzcfxEQKw6xWkmi7STtJ8894F+mjpP76Ti5/0uv+c8CcsiKQ9oObqD1zbX8/cW7ef/ZuZzcs5jjOxfyj3338/6T83hl/SR2rprA7k0zeH7THO6ZNoK6ykyqh1YwesqN5Da38BN/mGuKyvlhZh4XqCZ2p4I9LeJWOMxudQbV8rcHeRCucXfdIc8CJJYWjR5uR++QdHd/erR/nBeQs+KEWOuJiZDsR3CYsXipy23SsaXr2F06CR7T6ihOl7GnebGneYlLU7GnqVZVPF2xWu89VmeuzWNa2af0SICfrCIkqggDZYSrvYhXu7Bf7SL+KidxV7t6AGK/RolBIg1SemTOhCTFSng4dWyuLkBiRUUtgF0xsSsGCXoAuxrgEn8GP8/MJNF0MX5yE6/t/iXtJ/bDiX10Ht9D27G9tJ3Y/28BJArH5x/t5POPdv5LgHwZJEKv8cbXCNK/LAZpP7SV9oObYy7WpweW8+mryzj9ymL+/uJ8PnxxASdeXsLxHUv4+1P3cuhXs3lxzU0sm1rPjBsqaWosIJjno2nS9Qy++Uauycnjp5l5XKYHsKV7kNK8SKkR3zvqXiUbVnZqkAfxGreV3h0k90yZRtKk541BemkS/MrAPTnadxUFw4OQ7LaU4kFMlSONiCZiWmT4KU3DlmYlGuKcCgluhf6yQT+3Qn+PzCWKxoVuLxe5ZC52q/RP8xLvcJOQ5sWeLiO5VOxejQSvRoJHxe5SENOi/32rmi8kygiDPJG0thP7oJ4WJOpq2QYpSIkKUpKKlBRJJzus+E7o3jHg0qy+M49u9XApRqQtxUdfI8z3s/K5MhTCEfAybEQF+19+iC8+2gsn9tFxdC+dJ/bTfmI/7Se+RrDdDYyoG9VbX1UPeLod/s5Tr8bUHYavgqL7Nf8xQNre3kxnxMVqfXs9n/3hfk7tXcKnr67gk/0r+ODZBbz3+F2ceGk5J3es4O2HZrN1TgMLp9azdP54xt0wGCVbwawsJHt4E1cGQlyU5iEh1U2cS8aWLiOlypGqsYEt2cCWrCMNUpAGupEGdgHSHZLuBbgeGakvAeR8lsLKmJk9YXHIFhwOD4LDheBwIaa6kdK8kVqDht2pYU+XSUiX6ZPupb9T5kKXh0u9Ct81DL6jafzY1PmZz+Snhs7PDR+DAmGuMgJ8J83DxY50BqS5GODxcrGscrmuc6mm0V9WLNczVbZiB0e0eBnJdiU7kZI8MYtxXsuRpPaM0WI9XVZ7SpzXJE72Eaf6sWt+7JFBMZtmYld8fDcjm6uzM3AEZBqHl/P6q7/h84/20v7RHjqP7aX16G7ajvcE4assSfdru8MRDdI7Tu2j8/T+mLof7u6AcPrAOTofNGfrPwoIR7bRfnATnUc288Uba/nbC/N45/HbeOvXM3ht+xQObJ7K69tn8erWmezcOJ0FE0q5eUwha1bfzpS5k3AX+Pix4eFHwQADXF76p8v0c6rEuWTsTgVbmhIDRErSkRI16654tdvSQHeXfx2B5JzMTW+QdANEOjuTlGogpZqR3in9XEBSPIhpHqR0D3aXlziXTLxL4QKvRn+PykVumUvcXi53efiu28MPvB5+qqkkh4KkBP3IGX782RmEc7MJ5+SSmZ1HKCsXrxnkGqfMz5wefqFq/Fw3+LlP4yemwnc1mQFuL/FpMmKKEgvgBYeCkOxFTLbSvVIEip5g9ExeRIN0MVptT9OwOQ3ivCbxitXUmGCG6BsIc0Eok/7hLC4MZHBFbh7JBbmkZag0ja7inbee4fOjr/D531+m7aNdfPaX5/nsgxdpPbb7HECiGamv63J9FSDd4ehNvUHR/Zp/CyCd5+nR4p1tdB7Zas1+vLmWY7sWcvi3M/nT7+/gT0/cxbu/m8fhh+/mtS238cLqW/nVoknMnVRDRbFMdWMBuY0lpBRn8h1Tob/XS3y6lwvcBnFpXmzdLIiYLCMmakiDVMSBCtLVXqSrXEhXuRCvdiEO9MayWD3qIOcUzL6ZBekCJNrUGG3fkJHSvcS5FRK8Gn1kjQu8Kpd4Vb6t6nxP0/mhqnGlqvMLVSVR10k1dJSgn4z8XHILcijNy6SuMJdh5aU0FpUwOLeAIfnF1OeXUBDMJGQG8QfCmKEw/rwM9PwwaZkhfuozucyjkpAqY0+N/qxWLcWqi8gxN6o7COcq2pEcKVBG2m8kl4boUhHdGjbVR7w/SL9wJgOycvhhUSmDKivx1lagFYVoGFHGKzsf5LOP9nDmo510HHuZ1g930Hp0J+1fktqNHvjzAfNVKd+OU/ti1uHrwPB1IPrPAXJkGxzZSutbGzi6cyH/8+Qc/vL0nXzw7D28//R9vPnQHPasuZW962fw22VTWDRjJDNvaSK7QCazOosr/W6+41fo4/XQRzGwuVRsTh1buorklC23xeG1UrmDFMSBCuJAGeEXbsRfOLsgiQIShaQ7GIO8ls4HyddwsaSUroBbTNEjd1uFOLdKH1nnAtXgQt3kEk3nCt3kZ74AA/1Bkv1BnMEgaihIICNIVkaYkrxshlSW0VRVwcjiAsYVFzChvJSJJaWMLyxhUkkVE0qruba0hhElVdQXllKRV0BRfjY5hZkE8zNJD4X4kWJwcZpCv1SN+Gh3r0PBniJjcyjnWIketY/oDEsEELF7rSVFiU1VCk4FwaMhqgZ2w0+8GeCyzGx+lJfLNQWZKIV+ho2q4IVnN/DZh7vpOL6bzuMvw6ldcHovHV+yWKHj1D74+FU4/Wqv1qU7EGdbED5+rVdIvq66u2FCx9ub6Xh7M50Ht9D9685D59PWiLZZOtyljmjbyeGtdB7ZTtuhLXQc3sJnf1zNBy/M4/2n7uDEC/dy7On7eHPrbfx+/nU8Nm8iD9wxgQW3jGTh/GncMu0GMqvyceSF+VEowEWyRoJTIcGtR9KeKnanjs2pIqXJiCmRYuAgj3X4r/EiXO1BvNqNeLUHaaAHKdqy0Zv16FFZj0q1qt9RJenYknVsDgN7io7NoWFP0olP9BGX7EdK8VmDTunWOG6CV2eAanKpavAtWeMHHplERcVl+jDCITKyMsnPyqQkK0xVdpiGvExGFuUwvqKQSZVFTC7J5abiXKaVFzG9soSpZcXcUlrMLeVlTK2t4ebaGsZXVTKqpIjarAClWT6ys/3oWQES/SY/VFQudSn0T1dISJOxpXoRU63qus2hISUrSJHfV3KoSLG0dPdhLkstNqcAACAASURBVKvxUXREPkuNzM07NQS3juC1JHl1REUjIWByYUDn+0EDR6bB6Bsa2fXiVj77cAec3kX7sefh9B46Tu2n/eQ+OiJqj+rEK3Sc3Efnqf10nn6VztOv0nFqv3XNqf20n9rXTfvpOL2fjsh1PXWg6+9307nX9fy8t2vP26x49sKG7nPp51OsL6t7j9ah7Xx6YDV/fuZODj56K+89PouPnrqLT55fzuEH7uShWaNYNKGBeZNHMnFMA0ObBxMqL0CtKmVgQQHf9mfQx6mSkKoR71CJd6jWfEO6dZe2pasRQFyIyXJXcbBbWldMVHp2v56vzaJH16wcA0Tq3pw4SMc+yEoC2JI1bMkK8UkGfZOC9HEEsadaW0jsHpN4r04/l8IlLg9XeDUGGQE8vhA+wyA3HKYkO5OKrDD12WFGFeVwQ2kuN5XnMa0yn9lVhcytLmR2RR6zK/K4vaaYOweXc3ttKbdWFDC9qpgZNaXcWl3M1NoSbq4s5oayPEaX5DKkJJuikhzM/DCOsI+rgwGu0E0u9qokuBUkt9W7ZnPo2JKtbl8pScaWHInjugOSaiUgolV8Mc1ASDcsOFw6omz1ZQluDZvXoJ8/REKGn75Bne+FAiRlhhg2ZigvP7eFTz94Fk4/R/uxZ+g4uZu2U6/RfvL8AfJ544RTr0YA6aneDve/W70Ccl71Ake0FhJV+8EtfLrnfv769N289etpvPnIFN745c28tmUi+zbcyM41U3hixTRW3TmeydfWUlWdi57twyjL58cBnW8FfPRTDeJdOnHpUeuhITnVmOI8hlUTSPFYWRangS393IGi6OvztY+fqy5ArCZDIyITMTEy1xG1NA7dmt1IscZc+7gNLtECXOJU+Haqm585PXiMIBkZOeRlZFOcEWJwUT6NJfk0FeUwujSfSVUl3FJVxLSqQm6rKuSOmiLurith/uAS7q4vZt7QMhYMq2ReQyVzh5QzZ0gFsweXMb2miJn1pcyoK2NKVSETKvIZWZ7P4PJ8CotzCGRnoGVn4whm8kPZ5EKngs2lWJbXYQERHaoSk+WegHRzKe1pJrZIb5bo8iFENrpIit8CxKVg8xhcGMzkkoJsLszwc5nP5OpwgILKfJ59agOf/u05Wo8+ScfxZ/n8ox2cObGf9lOv/b8JCEe203FoK2fe2MBHz97HH7fexI77R7Fv2wQO/24m7z11Jwcfu4N9v5zLo6unMX/2KCqq/IQLTRw+N67CLH6c6ed7uVnYvZFlCC5rjY1l2lVEjzXc01cLEuc1EdIVKwXp9lmTcpFJwNj/5FSjBzDnzk90KVbUS1YjfVRGRD6E6OBTsmLdZdMNBJeBzaXRz2PwPT3IoHAOqf4MFF+I3HAO9QWlDCsqpTEvj8bcMKNKchlfVcyNtaVMqStlen0Zs2pLuL22mLvqSlgwpJyFDRUsbCjn3qEl3NtQyr3Dyrl3WAXzGytY0FzN/KYq5g4pZc6QUm6rK2FGTRFTqwqYVFXAuKpihpUXUlWYT25WLv5wHslmBt+T/fTzGNidkSRCZARXjHQ8R4P57sXTHnPu6VbVXnAblnvl1pEUk37+DC7PLuR7BaX0ywjQP2hysalzVUaY7Mp8dr78S/557CVaP3ySzhPP888PX+Sfx16h/fQfvlFM8M0O9Wv/Vp0XkF6XyfXiYnUHpP3gFv5xYDXHX1jE/zw2m4O/nsbBx6bzxq9v5fVHprPvwek8cf9k7r6phubBQYY05lA/sgqtKJPknBBJFUX8oDAPyatYi9jcJqLTQHDqCB4Nwatjl00S1AB9tABxsg+b00ByWq0asbnuiOLSzJgV+Sp1Vb67zZI7DKsKnmJGCn0GotOIrP/x0scl821ZJzGQQSCnkNKiUqpzC2jIyWN0QSE3FBczoaSAieW53FJVyIz6Um6rL2N2XQlz60u5e0gpC4aUc19DJYuHVbGkqZpFjeUsHmZp0bByFg4r476mchYOr2RRcxXzG8q4u7GUO+oLmTu4kFm1hUypKWBydRHjygppLsynIpxNVjAbbyCbn5uZDJBN7E4Zu1PG5oxYE6c1ghv794r2dDmsyUQxMl0punzW1KbsQ1ID2NQA8UaQC0M5XJqZz8XhHOy6Qpym0F/T+L6hoeaH+OUjK/js6E5a//40ncef48yxl/n8+H7aT7/2/xYgUUvCke20vrWJ06+s5K9P381fnriDPz91J288eivPrxnLE0tH8su7Gtk4s4Hl05uYOLyAyePrmTT1WqpHDcNZlIfR0sh3c7ORvCo2j4HNFVm96dQQ3Jq1XsdlWZcEPUgfI4Tk1LuWr0WzMZFAM9oZezYk53OxugCJVL6jbespBmKqtQYowWXSx63T160wwOPlB7JCkuEnIzuf2pIKGvMKGZWXx3V5OYzPz2ZyUQ5TSnKYVZXH3UPLmDe0jDvriphXX8zCxgqWNlWyrLmaFc21rGiqZnlTFcuaKljRUsWKliqWN1eypLmCJc0VLG6uYFFzOQsairlnWCn3NJRwx+ACbqvNZXpNDtPqirm5upjxZSU05+VTEs7FF84hOZzDt4wgfdwK8R4Zu1vG5rYW4tncZqTx0arnWIBEXLB0E8lpwSF5LTAkLYhND9HHF+YCfyYXBbO5NCOXC3x++uoGlwQz+EEoiDs/zKKVszn51xf54oMnaf/wadpP7uLM6VdpP0/Rrtes0+lX6fz4wDn6/wyQs0duv2yy8Gwgou5V5+FtcGQ7nYe30fb2Zj5/fT3vPH47Bx+byQcv3ccHLy/kwK9uZe/mm9m7birPLJrEi2vmsHHuRB5dN5/5d8+kafw4fqYrfMfQudjnJ17WifeaJLh8xKf7iE/XifcYxHl1BKeK5DWwyablhkUBSVXO2TF1dmesrVu37Dnz3SlqV5u8Q7GyN8mWnx6frtEnTaZfmpdvySY/9wVJCwXxZWZTkFdAfVExo0vLGJuXxw05WdxSksfU8jymlGczqyqHu2vyuLeukPvqi7ivvojFQ0pY2VzFypYqlg2r4P5hVaxuqWZlcxWrRtawckQlK4ZXsLylnBXDK1jaXMZ9DUXcO7SQhY3FLGwq4d7GIuY1FjO3sZDbhuQzrS6X6XXFTB9cycSqCppKyigqKkUuKOTH4QwG6DoJXg92lwfJJVsrVd0+hHQfQpqJFGmvj081iEvTkZzWXIjo9iPJQWvRnB4izsygXyCTAeFcBgSy6av6sLk99FF1+igG3woGSSnIYO7CaZz6+07+8d7v6Dj6PB0nd/H5x6/Sdvr8le0vA4RPXovpywH5Ax2n/vhv05cC8mUWpDsg0cxV1N1qe3szX7y+nnefnMufX1jA33Yu4Y3HZvPmr2az+/6befyO63hiwc0svn4od107lInjWsivq8aRmcEAlwt7mos4p0qC20dCuo/4VJ34NM0aknJby9BEl4bo0hCc1pK02HbClJ69Ut03gXTf/tHDcsQq6t0UGVKSUmT6pqoMSFO5LN3DD9wyiYEQwbx8SgsLqCsqprm4hLHFJUwsLeGm4gJuKc5lRkU+M2vymVGbx5y6PBbU5rOkvpilQ0pYPqSUlQ3lrG6uYnVzJfc3VbBmeDXrRtayZmQNm65rYN3Ywdw/oprlLZUsbylneUs5S5pKWdxUwpKWUpYNL2dxcynzGou4Y1gRcxoLua0hn+n1+UypKWRybRmjKsuoKC3CLMjnmuwMvhcwuUiT6eP1EOexAmzR44uMLPsQ001s6Sb2dB17uo4QjT08fgQ5iKgGELUAompNGsYrfuweAzHNi+BIx+b0IHlULjL9DMwNMum26/nru8/w2V9+T/tHz9FxajdffHqA1k++gQU51ROQr7Qg/0Y4egWk1w2LvQDSPYsV/fzU3qX8bce9HPr9HA49eSf7HryVR+5qZOuUWh67fRxPL57O4wtn8uiSOcyeNpns6ip+YZpckJ5OX6+GlC4T5/R3AZKqEe9UsDsjmw4jC9GENLlrZWfaWZ233bp2zw7Mz16M0KPtxGENJdlSZPo4vFzu1LjCrXGVV8Vl+MjMzaWmsICWggJGFxVybXEhE4sLmVJWxPTyQqaX5zOzKo/bavKYXZ/PnYMLWFhbwLLBJawYWsb9jRWsGlbJ2pYqSyOqWT+qlg2j69gwtp6N1zWyZnQ9y5oqWNJYxpLGMpY1l7G8pZylw0tZPrKcFaMqWDaynHsbS5jXWMwdjYXc3lDAjME53FKTzS11RdxQX05DdQnZRXk4s0P8LOTjMl3mAtlDglclzmsiyQEEd0QuH5LLRHJaGUPBaVgWxutHUIIImuViiWoASTGxeawGRildxp7ixp6uIHkN+hgmV+YEqR1Xx6u7H+Sf7z1F2wfP0H5yF59/eoC2bwhIx1lu1pe6V/83ADlfFutsQHqkeg9upePNjfxj/0ref34+rz0ynceXj2b9zGqWTShh47Qmtt95Aw8vm8X8KSMZObqBhskT+XkoSFxaOjaPgs2rIbp8SE4f9nTDKhC6VUuu6Ny5tcAtullESj13NU5vOl+6V0hWkSIumN2h0jdF4dJ0lZ8pPtIMP75gkIKsDGoLchlRlM/1xflMLC3kxrJCbikvYFpVIbOqiri9ushK2dYXcc/QUu4dUsKi2iKWDyljZUMF9zdWsKa5mrXDq1k3soYNoy1tHFPLhrH1rBpTz/IRNVaA3ljG4qZylrZUsLSlnKUt5SwfWcHK0ZWsGFXJspZKFjWWMb+hmDsaC5jdmM/0wblMrcvlpiGljK0vo7o0H39WgKSgyfd9GherMn1lhXjFwKYEEeQQgjeE4A0guH3WlkiXZq1NigKiWoAIih8xkua1e63W9wtUP/1dGvEuDbsepG8gxC9K8sgeXMATjy3jzPvP0vbBM/DxHr74x6u0ffqfBOR1Ok698W/TVwJy9gLrL7Mg7Qe30PrWJr54fQPtf1jHJ7uW8smrq3jn6Xk8ungE62fXs/jGcjbdNZb754zl9puG0tyQQ25FDq7ifPqnOYjzuLFrOoLLG0krWsuWbV4TSdaxeXXsrujGQGsrR9dSNyVSyOtSjyLhWXumurtd9lRrG4k91Ud8mo9+6QaXe/xcaYTxZOYSzs6lPC+PxqI8xhTnc0NxHpNLc7mpLC+iXKZU5HFreR5zqgu5q7qIe+tLWDKknMX1pSwbUs7KxipWNVWzurmaNcNrWDeylo1j6tk8rp4NY6pZP7qSdWNqWDGylqXDa1ncXM3i5kqWtFSxdEQVS4ZXsmx4BStGVXH/6BruH13F2hF1rG6pYVlLJYtHVbJgRBlzmwqYUZ/H1LpCJtSW0lJVTHlBLnpuJldnh/mu3+AiTSdBMZGUIIKSgaCEEeQAgtcXSeVq1tdeP4LsR1ACCIoPwWsgeM0IINaE4cVmmMvVEP1kH/FmBn1CYa6qKMJbaLJp3e20/vU5Wj94Bj7Zyz8/2UfrNwAkWgfpDkLvdZD/ACAdb22KtZhE20za395M+9ub6ThotZdw2Oqt6oioPbJnt/1Q117e6Osv3t7E56+v44vX7ueTvUv46OVFvP/CYl55YCYP3D2cJTdVMn9SFXfcMoTrry2jvD6MO9/kco+Ti1UvcbIHMd2F4FEjm8kNRK+JTbFWYtoUA5tHx+aK9GWlWlOF1hyENfhkpSut9pDYZGGi21pekKxYK3QiqUx7ik5cqkF8moktVSHBqXGhS+Nyj8FVRhhPRh55BUVUFRXRVFrE6LJCbqgoZFJZHjeX5TGlsoCpVQVMqypgZk0Bs6rymFdXwsIhpSxvqGD1sCruH1rBysYKVjdXs3Z4DetG1LJ+ZB0bRtexedxgtoyrZ+OYGtaPqmTNyEqWDa9iSUuVlbVqKmdRUxmLm8tZOryc5cPLWTmqklVjqlg9ppr1owezfmQ9a0fXs+bawSwbW809LSXMaSjk1toCbqot5vqaElrKCyguzcdTmMPPMoJc5vMTr/sQ1BCClmlJCSN4fYge1ZLss+CQfQjR54nI1qMTbKrV9t5HC3KRL4PvhrK5QA8Q78ukTyiHn5QW8YuAi9vvuJaP//wM//zLE3SceIF/nniR1lN7rJ6naN9U5M/eAXmVjtMHYmqPpX4PnKUoIN9EUXfqfK//iND51kY639pIR7fJwuiUYWzxwpGtdL6zlfZ3ttN2ZBttR7bFtrdHH23QXa2HNnNq30JO7L6H0/tW8uHOlezfdhvrb61l+50jWDljGLfdVE/d0CyKGwtJKQ5zuV+nn+wmXpaJkzVEt9UQZ21Q17DLOnZZR/JqCF7rORu2NA3J0RVUW5vSrdSsmKxjS1QjGz2svVA2h5e4ZJk4h0y8QyHeoZDgUOmXptPfZXKhR+UyVeVHus4gw48ezqQgN4/agnxGlBZxbWUJ11cWMr4yn8mV+dxSablVM6qLuK26iDlVBdxdW8TCwRYc9zdWsHpYBWuaKlnVVMaqpjLWDa9k4+haNo2uZdPYOjaNqY1p4+ga1o6oZNmISpaOqGBxSzlLmstY1FTM4qZiK/5oKWF5SzErR5SyZkwVG8YNZt2YwawdW8/6awez9trBrBxby5IxtcwbXsmc4dVMbShnQm0hLbUl5Jfl487L4sfZmfQNhhDMDAQtC8HIRdSyrMcieKxhLFExENTIw3eUyJ7eyJ92zR9Ls/cxAvT3mcSbPvpm5DMgt4wfFpVwZVChfmQJh994mL8dfJDWDx+n9ejv6Ti9m9aT+6zg+9M/0PnJa3R+8lovVuHAN0vNfpMY4/QfvuR7WZ99LUA6D2+JLKHedl5Azoak/chWTu9fxPvPz+XEnqW89Zu5/PHhOby0fgpb7xjGg4snsGH5VMbfNIwhNzRwZYbBBbpCguIlTlGxqzqiR+sy9R4Nm6zHJHisGERKka05B0ekJTtNiQ0LickqtkQvYpIbyeElLlUhIcVLn2QPfR1eLkxTuThN5TKnzrc9Pr4v+7jS8DEo4MMVDuHPyKQoJ4f6gnxaCvO5vqyISZXF3FhVyM1VhUypKmRadRGzakuZU1/GXYPLmT+4jCXDqljRXG25Uk1VrG2uZN3wKtYOr2BVcxlrhlfE4o1NY+usuCPyev2oalaPqGT5yCqWjqhkyXAr5lg2vILlIyq5f0wVq0ZVsnJEWQyQ9dfWs3ZsHWvH1bHx+iFsntDApklNrJvQyPLrh7LouqHcOaqOaQ3lTBhSypDqQrKKs0nNz+LboSDxph9RCyLqmdjVMDbZQPQqkbWjBlIEiKhEr44od22DTzBDxOt++po6A7JzGJBXRlwgh4vD2fwwoFLWXMLrbzzKH/es5b0/bOTI3tV8/uGLtJ3cR+uJV+Cfb9B+av//JUC+Rh3kfIBEZ9N7AHJ4c8/nfpwFStuRbbS/s532d7bT8c42vnhzDf/z1O0ceXIO+x+6hT8/fx+v/nIGW+8ayoZ5I7lzRjMjxtVS3FTNlVlB+vv9xKs6oldF8Foz14IceZaeYmCLLCqzqyaSx+rotafIllK9VqoxqhQvksODzeHFniITlyrTJ1XmglSZS9M1vu81+aka4Co9SKIvRFogA2coAzUUIJwVojAvm8q8HBrzcxlTlM/kihKmVJUyvbqUGTXFTK8uYkZNEbNrS5k7uJx5DVXc21DJwsZKljVVs7LJAmTNsCrWNdewYWQt60ZUs2Z4JWtHVLNpbD1brxvKlmuHsGlsPRtG17JhdC3rR9WyZmQ1S5orWNhcxn3DSlg0rIQlzWUsG25lrtaOrWHduBrWjq1m7dgq1o2rZe3YWtaMqWLd2Go23VDP1kkNbLupmU2Tm1k9sYml1zcwf2QtMxrKGFeRTU1xmFBhmKtDJpfrKglehTjZwB6J80RFQ1C1yPMWeyraxSvKBjbVesxbnO6nj8/kopwc+ucVI/oyuCAQ5jt+DaU4wMYH7+WBLbdx4KU1PPfrO9nz1LIYIJ2fvEbHxwe+JK74LwSk89DmcwBp6wWQmNWIwNEefYjnwU188upK3n9xPgceuYX3XribVx+5hWc3TeCBpWOZfF0JlfV5JJlefhD0c1lOHn18Qcusyz4ra6IEIg+aNBFUE0nREWUN0RsZAU3XiE9TiU9TsDllBJeM4PQipnuxp3qJd3jo41Tp79S5yKnxba/Oz80QqeFsPBnZGJnZhLNzyc3NpTA3l8r8TBpKshlVls+4kgImlBYwpbyIGZXFzKwsYlZVMbdVFzGzsoDbIp22dw+p4J6GSu5rrGJRQwVLhpZZ7tWwKtY0WYCsH1HH6pZKVjVXsGZ4FRtG17FxTD2bxg5mw+g61o2sYe2IataOqGb1iCqWtlSyqLmcRc3lLG4qjWSvylg6vJQ1Y6rZeP1gNlxXz4brall/bQ3rr61h7dhK1owuZ/24KraMr+eByY1su7GJTROGsX5CM6uva2DRyGrmNBQyoS6XwVU5GNkGvzBkvqOoXORViXOrSLKOoPkQdOvRbGcDIimmBYknYtlVH/FGAJumYvP5sIczsQUzGZCdy2VBk5+YTm6aO4EVq2awf/d2dj5zPxuXTuSfR3fTFm08/OQ1Wk/u+/8XIHSDo+PQZloPbbIC8rMAiUHx7gN0vPtALE7hTw/RfnALX7y9geP7l/GnF+ay75FJ/OnlBbzwq5ncfEMpVXW5qLlhfhQMcVEwk76+MDYtgKAGEPUQohZCUP0Iqg9RM6w7m1ezAneXH7vTJC7NiHT6Wq0ogltDclpbQfqmygxwaXxH8fMjI8jAQBg5O49wYRH5hYVUFBdQX1pIY1kBw0vzGVuWzYTKHG6syuOWilymV+Zze00Jt1XmM6sin9trCplbX8yc+mLm1pcwf0g5C4aWc8/Qcu4ZUsa9g0tZPKSUFcMqWN1SHSkEVrGmpZo1I2tYNaKK1SOrWTOq6+v7h1eyvKmMFc3lrGguZ1lzGUtaKlky3NLSlkqWNEfSuyMqWT26ijVjqlk3rpZNNwxmw/h6No6vY9P4WjZeW8WW66t5YGI9D04czEOTGtg+oYEHJg/ngRtHsun6BlaOquaulnImN5ZRVZaNkR0gOdIa31/WkVQfghlGMEOIXusBO6L3/KBEH9sW5wtg9/mx+X2IgSCiL0i/zGz6+wy+H9DIaSpn5MRG5t5xAw9tnceKe67n1F+ep+3kPvjsddojadz/SkA4uBne3kTH2xu7Yo+IBenoprbDm3u1GFEoesASHaJ6dxttf9rKJwdXc/S1Rfz91aW8+vs7uXPaYMZdW0coPxNHQQGXBMNcEsqij+YjXg9iU33YjBAX5xZxcVYeds3ErurE6X4Etw+bnEm8O8SFSibxTh/xXh92r/VMiwSvzkWyybe8Jj/1hbjKDOAIhTHy88grLqKstJC60gJGVBYzrqKI68vymViey5SaHKbV5jCzLp/ZgwuZW1/EnNoC5tYVMLeukLmDi7hjaAl3NJRy99BSFgwpZf7gEubXF7NgcDH3Dilh6bAKljdVsrK5kvtbqlgzvIY1o+pYNbKG1aPqWD2ylhUtVr/V0mHlLB1WxpLGUhY3dFNTBYuaKljYVM6iYVYdZElzOStGVrF6dA2rR9ewdmwdG6+vZ9OEwWyaOJgtE+vYPqGW7eNreHB8LQ9NqOOh8fU8MH4ID05o5KGJTTx4QxNbr2tg5bVDmDOyhnH1RVSW5WGEgyQGglzstp6WJfizEfxZSLLPqoe4tR6QSIqJTbeeoGszAoiGjwtzcuiTmYEUDCKYPkTTh13X6Su7uDKkkzO0hIqh+Uyd2sLy+yZw8s/PWTHIZ6//d7tY3QE528U6B5BeXKuzX3e8+4DVm3VkO+3vPkDbn7bx+Tsb+cehtXx2ZAPv7VnOmnvHMXPKcBqb61BL8rmqMJ8rsjK5UNX4fk4B387K4+JgJpeEs7kwGKK/6aePqmH3qkhKkHglA3uayYWeEBe4TPrLPi5QDC7WfXzPF+KnoSwGhbPxZGaiZ2eSkZ9DYVE+5UW51Bdm01z8f9h7z7C6znNdF3XXuMVJnDix47ipInqHSRe9M3ufMCtV9CaBACGJLiREkVBBdAFCAlUXudvqsmxZvSSrJS6SHTdR7v1jIsXO8srZ2WetHZ+z1o/nGoMxJvBn3tf3Pd/bQkiPDycvIZyihDBKheGskoZRKgthlSyMKmUkVcooVisiqZSFUymPoFIRSaUyikpVNGsU0VTLo6mRW+GoU0RTp4ymURPHRm0Cm6aTDVuThLTqxWxKSqTdKKHNIGFTUiIb1HE0TWu9Kpb1qhia1LE0aeJo1MTTpEtkY7LIeuQ7nazYZhKzxSy5q22pUramS9iWLmZnhoSeTAn9yyXsWi5lOFvOULaCoWwlg1lqBrO1DGUnMZitZ2d2EpvSVVQYxGSphQijwvAKCOBpF08edPVmlmcANh5+zHT2Yqaz590ZjH+9eszwFFin5Hr4MFvgx0wfH2y8vLDx8rICIhDwgJ+ApVIh4hwLseoY1LooNjVkcfP3R6yA/PkMU7dOMv5j3WJxrvN7W6y7/uMHAPlbJ1d/bda50s/U5T7GL/fy7eU+vr3cxbcXOxm/3MPND3byykAlHevzWVORjThZhp9CjHN8DIujIng2NJSnQ0P5ZeAyno2N57cxMfwsKJDHA/x41D+A2c6e3O8m4DEPP34XGM5TggB+FxDEM/5+POvny5KgQNzDw/ALDycw2I+YiCBEsaHIY8PQxYVhiQ8jWxRBiTSKMnEkFaIIqiSRrFVGU6mKoEIZQZU6ijXaGNZoYqhURFChiLBCIg+nXBHOalk466QR1MijqFVEU6eMoU4VTZ0qmvXaeOsWKcmagduks64EzclCNulFNGnjqVdG06iOpVEdS50iihpZxF3dCQ5uMkhoMUjYpBexSS+i1Sih3Si6m8jYZrDGQzosQraniejJkDKwXMZQtpzd2XJ2ZysZylYxmK1mV5aawSwtQznJDOQmszNXR3uWhvWZWkqSZUijw3D1EfBrNy/uc/Vinrcf97j7cq+HH3PdBFZAps35DHerJ/yePH2s4xE8PZntoRCUewAAIABJREFU483cAH/uWxbMQyGh/DIsDEdhDO4RPiRbhOzqXsuf/+VN6xbri9NM/ZhXkL94kO/7j+96kDvHvH/LpH9Xk5d74Vo/U1d6Gb/cz+0rg4xf2cXEpX5uf9TNVx/0cPWNLbw21EBXWzmmVAUxaiGB4mj8pfHYRYbwlMCb58JCeSYslN+Fh/F8bDRPh4fwuJ8PP/X25FEXZ57388c7IQH7QH98YiMQxIbiFepLYEQA8fHhKBIj0SWEYZaEkyqNJFMWTZEqgTKNkNXqRNZphNSqEqhVxFKviqdWm8AaTSxV6hjWauOp0SVSo02gShFtlSyKKmkkq6WRVEnDWSsLp1oRSa0qmlpVNDWqKGqUUdRrYmnQxVOvjaVOHUutOoZaZdRd412niqZGEUmtMopaZRQ1ikiq5RFUyyOoUUSyMVnEhiSRFRK9mFajlDaTjBaDmDa9mJbkRJp1cbQkJ9ButAKyI01CT4aMXVkKhnNUDE5fh3PUDOVo2JWtZjBLzVCWhqFcDYP5WnYVaBkoSGZbThIVBhnJkjh8QoL4tZsbD7l7cJ+7tc3oXFcfZrl4M8vVetRr4+Zl1XfgmOnlz0xPAbO8PZkn8OLeQH/uDV7GbP8A7hH48tQyP2wDXUjJUvDGS1v55k/v3gXkb9d3/IgA+S4cPwTIX/uOO8b8jjm/82zqSh9c62Pqah+TVwaZuDbC5NURpi4PM3VhkG8/7OXPH+zi+jvdHNm9nqJ8LYqkROKVsYRKoolOkuEeH4m7KAF3uQRHiQg7YSJ2okSWJETzuyBPnhe4EiyOwZKXjjxZhlwnQiSPIDEhEJVoGWmKKHKUMaxMFrJCG8sKdQylmlhW6xKpThJSlyxmfbKE9ToxjRohG5Ik1GmFrNMmsE6bQI1OSK1OSI0mkbWKWKrlMVRP+40aaRTVsgjWKcKpVkSwThlJtcqaer5OFUW1JoZqbQxr1VGsUUWxVhlFtTySWmU0tYooqmWR1t+XRVAjj6ROFUOjJo5GbTyNmnjWa4U0ahJo1CSwQZdIi0FCm0lGm0nK5mk/02YQTXsRCdtSpOxIk9KTJqMvQ8ZApoxdy+UMZavYnadjOD+JodwkhnO17MnTsDdfxVihkoPFKg6t0DJapKO30Mj6PCMZZg2BsaH8xsudB9x9rJOnnDyZ5yZgjofg+4B4eGPjJWCmjz8zPAOY5SFgtocHc73dmOcvYG5QEPcsC+W+wCCeDgvCIdyL/JVGzp/Zy/h0MwY+P/XjNukT53ZM511Zt1JcuJN31TXdGdHapX3irr/on4ain6kru5i6MsDUlf7p5/1MXemHq7vger91Fbk6zOS1vUxd28vU5REmrozw7bk+Ji7v4csLe7jybidd7SvIzlKSma0h2SLHkKXHmJdOoCwRh+gwXggOYEFUBAtiY3guNJAFQR4IYoOwZOqoqy4hL0PJimw1xZkyCiyJrEoXUZMhpT5FTGOalFpTIjWGBBpMIhpMYpqMUjZZlGwyyWnSiahXxdOgSaRWI6RGnUidNpF6nZg6rZBaVRw1ijhqFbHUyWOpl8fSII+lVmFdLaoVkayTR1ohUEdTrY5hnSaateooqpQRVCkirO9kkdTIIqmWRrBW8pftWZ0yhkaNFYw6VYz1mTyWBmU869WJbNAl0pxs3WK1GIS0GkW0GUW0GkVssYjZmiplW6qY7aliOlPE7EwRsTMlkZ40Kf2ZCnblqBnM1dKfq2E4T8NYgYaxfCUHChQcLlbw6goVr65MYnSFnq4SE80rM8hL0xAQtYynfYN4wMXbOi3Y259ZHn53005sXH2w8fBlho8vM/2CmOEVyExPP2Z6ejHH28MKSIA/c3x8+YnAlwVRywiShNLUspI//uF1Jm9aO5Xw+UkrID/WQOH4R13cPtfNxPkexi/0cPtcN+Mf9XD7o+5p9TB+oZeJC31MXt7FxOVBJq7sYvLKIJNXhqzXq3fuh6bvB5m8NsTktSEmrg0zcW03E9d2M3l1mMmrQ0xeG2b88iDj13bzyZlO3hippjAjjqIsERvqcinI1SKRR+Af6Y9LWCDuifHYJyayMFHEC5HhOEYEorEoqanIYvu6bDpKDfSsTaevLov2Uj3tK5LoKNLQkatgc46ClkwZzWkSWtJktKQraEtTsiVdTYtZSoM2jkZdHE3J8TTq4lmvS6QpScj6JCENmnjqVbE0qONoUMdZa8SVMdOGPJY6ZTy1ijhq5LHUKOOoVcWyTh5NtTKaalU0a+SRVMnCWSsJp1YUSa04igZZDA2KWBqm/26jNmH6/yXSoIunUZtAs1JIq1pCi0bMJq2Q1mQhbcZEWk0JtFsS2ZIqpCNNyJbURLakxdNmiabNEsv2dDHb08R0mBNo1UaxM1XCQK7aqjw1uws07C3UMlakZX+JhoMrtBxamcT+FUnsLzUyVGygp9hEe7aGAq2Y4PBofuvhw2MCf+b4BTHDL4QZHkHMcQvhHrdlzHb1x8ZDgI3AHxuPAGb7hTAvOITZAf7M9vPlPl8/HvcL4IVlwSToFehMQg7ta+PWH9/g60/f4Patd5j6/BhTt04wefP4X5XXHmfy5rHp698ByH+ybG5/1M2357oZP2+F4PZHPYyf72X8fO/37icu9TN5edAKyOXvAPEfyArGD+v2lUG+vtjP+NUhvjjXwz+f7GRkWxHNq3V0NecxsG0127ZUUbgiDYlBjp80gUVREdhJpNjGxzLf2xmtQcK29SsZqs9jtCGbl1qLOdS+kqGGbEbqs9m9No1d5Ua6SnRsy1exOUtBe4aC1jQFralytqSraEuR06RPYKMxkWaDtZy1KSmBjXohzQbR3QzajXohTUkJNGriqFdNm3FlLHXKBOqUcdQp46ZXoYS7hr1WEU21PIJ1cus2qkESxXppNE2KOOtRsC5x+vg2YTrWYTXzzbpE2jRCOpKkdBhlbDaIaTMIaTcmsMWcSIc5ka2WRDotInamitielsDWtHi2pwvpzJDSlSGnJ11Jd6qcgSyr/xjMVjKULWckX81ooZb9RToOlug4vFLH4bJkDqxM4nCFhX1lJkZWmugvTmZDppZUnRZBeBjPBPnzYIA/9y0L4x7/MO7zDOU+t2Dmuvszw8sXG28BM7yCmSUIYZZ/IDYCAbMEAn7i58/PfHzxEMWjzzLQ3lHFH668wpefvMVXn73Jt7feYfzzo4zfOs7tz+6sFHe2WseZvHX0RwDI+R5uf9TDxIW+u4Dcub8Dx+TF/v9UQCav776rWx/s5F+Ob+Hia80c3lHA6NZCTr68mZNv9NDVWYcsWYh/YiRLo8JwEIlYFBHKIi978gvMDLRWMtqUz5G2Yt7rquSd7ioObV7By20rGKvLYLg8md1VFvrKDHQWadmao6Y9XUVripy2FDmtFhkbDYk0m4S0mBJpNgjZZBCxySCmWS9kQ1IC67VxNBtEbEhOpFEbR4M6lnpVNPXKWOrvAKKItdZ9qOKsp1nKGGrlUXdNd4MymiZ5DBsVsbSoE2hLErJZL2aLQUKHUUyHUcxmvZC2pHjakxPYnJTAFoOQLUYRm43TgUGLmG0pIrabhOwwJNJlENJtErHdnMC2lER2pInZmSKhO01Bf4aaoawkdmcnM5KtZSRLxd5sNWP5asaK1Bwo1nJohZaXSpN4ZVUyh1fqeKXSzKFyE6OlRnavNNBVbKIyQ49EHI19iIDHfT14OMifB/yDuN8rkHvd/LjH059ZAl9sfHyY4RnEDI9Aqy/x8GC2tycP+Qp4KiiQGHMS5jwjW7ZUcOKdnXz+xzf49vOj3P7iOON/PsXE56eZ+PwMEzdPMXHzzlbrRwLI+HcAmbzY/737O9fJi1a/MfGfAMjk9d3WU62r1s98c7Gfr8518fmZrVx5uY4zY+t4e2gNb4020b6xmMgYX8KkMXgkxmAXF8fvfDzxXOZBc+NK9mwu59XNKzjRVc7p/iqO9VXx+o5S3ums4JUN2RystrC/NoORqlT6S43sLNCxdbn6LhytZikb9YlsMgppNQtpMYhpNUpoM0lpN8toNUpoMYjZmGSNaDdNB+4aVDE0qGJpVCVQr4ijVhZFzbTHqFfG0KCKoV4ZTZ08knpFFOtVsWxUx9GijqddJ2RrsphtBgldJik9FgldJjHb9QlsTYpla3IcW/VxdCTH0p4UQ5s+lg6LmB0ZSjrTlXSmKOk0y9lpkNFllLPVJGazWcRms5itJhnbLUp2pqkZWJ7E4HIdu5dr2ZulYV+Ohn25KsYKlBwoUnF4hYaXS3UcKUvilZVaKyir9OwvTWbvimQGVxhpytKQoYslKMaX3/q78HiADz8R+HKflx/3ePgxz8uP2QJfbATWisMZLj7YuLoz092Ne7w8eVjgyaLoMOItWkxZahrql/POkTa++vQdvv78OF9/foJvPj/N7c/PMP75+4zfPMP4zVOM39ly3bROkvrHriAXerl9wbqFmrjU/737O5q8PPB/AMjuH9Tk9RFuXxni9p3PXB1m8toQXOrjxpE6Lhyu4bW+FXQ2plFbYWJZmBshogj8ZSK8lUp+4+pAeJw/21tWcaCjnKM7yznbU86Hu6o43lfOmztKONFTyZstubzakMah+gxGq9MYqrDQX6JnR46GLRlKNqcpabPI2KhPpMUkoj1FTJtJwhaTjK0WBVstCjrMcraYZLQmi2jTW49Ym7UJrFfG0KiMoVEdR6MihnpZ1LQiWa+MYaMmjo3aODaqY9iojmGTNo625ES2JAvZqhfRaRTTbRTTaxbTZ5bQaxLTrU+gS59AjymRLkMcnYY4OvRxtOvjaTOLaUtV0JqqpD1FzeYUDZstGjZb1LSkqGkyK2g0ythoUdOapqUtRc22NB3dGRp2ZWnZna1ld5aSkWw5Y/lyDhYoOFyk4pWVal4r0/BqqYaXS7W8skrPyxUGDq0yMLbKwLZcNeUWIUJhIIuDXHkyyIeHfH251zuAud5BzPD0x8ZLwAxvX2Y6ezPH2ZN5bp7c7+3BQwJPfurjzvNBAoLEkWTkatm5dQV/ujrG+M2j3L51iq9vneLrW6f55tZZvrl1ltu3zjJ+8zTjt6zNGvjsRwDI+MVexi/2MX6xj4lL/Yxf7GPy8sAPAvLXEExdHf4P9bcAmbw+wtSNPUxcs8LyzUe9TF4e4N/ebeXCy/WcfWk9dSUSVuRKUKojkBkVBCuleEvlPOfpgkodzeDW1bzZXcWZ3gouDFZwee86PhhZw8ldlZzur+Td9jyONKRyoCaFPWssDJUb6S9JZmeuhm2Zajoy1LSnyGkximgzS9iSKmNrioytZhkdZhlbjBLrcareapI3G8S0G0S06BJYr4iiURnNenUcTao4mpSxNClj2KCKpVkTR6s2njZdPO26eDYnxdOelMAWQyI7zFK6LBJ6LVL6LVJ2maXsMkvYZZHQbxbTnyJhIE1Kv1lEr0XMdqOQFqOYeoOESp2IUp2IEq2YEq2E0mQ55SYVpUYFhclS8jUiinRiViRJWJUkps6iojVTy87cZHpyNPRmqRjOUTKaJ2d/voIDBTJeKlbwWqma11dpOVKm4bXyZF5bbeKVSiMHVxnoL9KxPkuBVhaK8zJPngoU8Ih/APMEQcwRhDDTOxgbdwGzPH2Z5+jB/U7uPOTpweN+3vx6mS9PB3rzgp8bwQnBNG8q5fTbnXz5h4NMfPoO4zdPcvuzU3xz8wzf3jrL7S8+5NtbZxm/+T7jN619s/js+I8BkL7vAXIHiP8nQP4WHH8LkKkbe+5CcufZtxcH+PbCAH86sY3zrzZx5d0OBrfkMTZYR2GxntLqEvJr1+AaE88iLzdMhgT2bq/iaN9azg1UcHGogsujazm/by0f7F3HmYEKjnXk81ZTOgdrUti7xszQqmT6SnR0ZqvZvlzFjiwdHekq2i0y2s0SOlJkbLPI2GqW0mGSsMUoZrNBRLteSGtSwveSDFt08TRr4tikS7T2r9JZEw7bprN1O5IT6EhOYKs+ke0GEduNiewwC+lJk9GfJmcgRcZwqoKhFDm7zFJ6zRK6LRK6U6V0p0rZrk9gm1lCi1FKrV5GoVqIPjESUVQwUeGBhIX6ERYeQHR0MJGRQURHLyMuLgRhXCjS+FA0CeFkKOMpNYhpzk1ie6GRnkIDu4uS2ZevZixfyWiOhP25Yl4uVvBWRRJvVOh4rSKZ16tMvFJh4GCZnt0rkmkv0JKZnIh/dBDPBQfyeHAIcwTLrPUjPqHM8ghgtouXdQqW7VLuWTSfh52WsCg6iMVh/nhEBpKyPInXDnXyyaUDfHZ+iIl/PcLUp8fh8zPw5QdMfH6Wrz87wzd3ATnD1Gcn4bMTTN017/+oLdalPm5f6mP8cv9dTVwZ+Hc/T179ewEZYeLqnn+nyWt7v6eJq3v45vIIX13czRcXhvjXU52cf6OFl/rLqSlTk5ctRSgPRZOWhF9cNK4BHmSnSTjQuYbTQzVc2bOWC7tWcX7Paj4cXcP7e9by/q5KTm4v5mhLNi81pLKv2sxIpYHBMgMDxQa685LozNayI1PLZovMmgRoltAxXZOxzShhq0F8Vx16kbXjyLS2GsRs1luB6TBJ2Gq0fu5upaBJTKdRSJdJRLdJRI9FTE+ahP4MGbvS5QymyxnJULM7Xc1AmoqeVCVd6Sp2ZKjYkq6i1aKgyaJijVFJtkaKJD6KgGUBOPv7sFjgxQtebjzj7sTv3J14xt2B531cWBLggWOgF25BXvgEebAs0B1JpC95mljq0pRszkumvzCJvQVqxgpU7MuXc6BAxisr1LxRkcQbFUm8XpHMa6uNvFyu52BZMmNlBnYU6ylfriVGFMXz/n487h/EPO9AZrn5Ms/Nl/tdvHnQ3oVHlyzlN67O+MgSSKsuo65/KzEGOU5+LtTUrODEkT4+PTfGl+cGmfz9Yfj4Pfj0OHxqXSEmPn+f27fOTPuQM0zePAmfnfzHA/LXINzR/2tAfgCOHwJk8tpevr02yldXRrl9Y4yJf9rHv53u5KPXN7F7az7bmnNoqstjdVUuar2MwGA3irMUHOmv54ORBi6NVHFhVxkfjVRwdk8lJ4cqOdm/ipM7ijnWlsuh+hT2rzMxWmVkT4WF4TIzvQV6tmeo2J6hYYtFRvt0dmyHScw2o+hul5E76rRIv1P9Z60A3GqSsC1FTmeK7O777hQZPRYJPWYxvSYxfWYxAxYJA6lSdmVI2JUhZjBDynCGguEMFb0pMnYYpWxNUbI5XcvGNBXrTDIqUtUs10nRSOKJjInEIcCfp9w9+IW7J497ePKomzsPu7jxkIsTj3m48XMfD37l58Vv/b2ZH+iNXaA33sFeRIUK0MQGkSkMpSpZyLYsFcN5KsYKtRwoUnO4RM1rq5J4oyKZNyr1vF6p50ilgZdWJXOoLImD5Xr6VhpoKjaj1YpZ7C/gMXcPHvT25QEPb+5das+D8xfzi0VLcAkJRp2VRn59BaWb1tHz0m6yKwpw8bKnYU0Ro9urOTpYx8WxOj452snU9cPw6VH45ChT05CM3zxl9SA3reWwU5+dYuqzfxwc3wPku3D8VwLyQ6BM/H4fU/9yiG+vjjD1z/uYvLGbb64O8uErjZw4vIErZ0YY6q5DpwgnUGDLyiwFbw028cFIAxeGKrkwtIrzo1Wc2VPF8cEKjvWWcWx7EUfb8zhUZ74LyPAqPX1FSezMUbM9Q8XWNBXb05TsSFeyPVXBjukv+l+rK1XOzhQZO8ySu6WyO1Pk7ExT3n230yKlJ0VmhWPafA+mSBlOlbE7XcZQppjBDDFDmVKGM+UMpivpNElpTRbRpJdQb1ZQkSxhuTIGUWIYgmU+LPV15xkvDx5xdmWeo6t1iJCzJ7NdvJjj4sVcZ3fmubtzv7cXjwX48atlQbwQHoJ9VCgBseFERYcgDvVDHexNvjCMFrOYXbkq9hbq2Fes5WCJ9STr9XIDb6w28nqVkVcr9BwqS7ICUqphd6mBjtJUCjL1+EaF8ks3Fx5wcuCexYv46ZJFuC8LRqFVUVa9mrUt9WSU5RCnS8SQZyJaGoWr62LSk4SUW0RsyExgZ5GQ0eokTvaX88mxLm7/4QjcOmEdnvldQD47w9Rnp/9/DMh/sMX6a0Cmro/y7ZUR+OPL3L46wuT13UzdGGby6gC3zu7gxrub+dO5YT58u4fl+iiEEa6ULVfyRn8D7w/XcWG4kgvD5Xy0t5JTuyt5p7+MtzpX8NaWfN5qzuZArYn9NWb2rbOwp9JM/4pkuvI0bMtQsDlFxrZ0JZ2ZajpSrO13ulPld9WVIqMrRUpPmoKuaQi6U+X0pivpS1fTl6GhN11NT6qcLouUnhQpvRYJfRYxAylihtJl7MlUMLpczkimkN2ZQkay5Axnq+jLUNFulLJWFU+RNJrlkmj0ieEkRAXiskzAb9wceczZgQdcXJnp5G6tz3cWYOMsYIazD7OcvZjt7MEsNw9rxDo0nKejY5gfG4N9TBQ+0RGEhgcjCfPHHB1MuTqBzalK+rNU7C1M4sDKZF4u0/N6hYnXy428udrCG1UpvFxu5OAqPQfLk9i/Qs1ImZ6OFSbKc02Ex4fxhO2L/NR2Pg6hASRnWli9upTi/Ex0qUlITUrcQ715eumzzHdZiJ3LItSSKFaY5TRna+gqVLKnTM2r9UZeXW/mtbZsLh3exPgfjjD16TEmb55k/NYpbt86zcRn7zP16ftMffb+PxiQS7sYv/T9I9w7z+6AwLXdcH3k+z9f2/33mfSr3wVmlMlrY3c1dX0PUzf2MHV9lMkbo0ze2APXR5i6sZtPT2/nD8e3c+bIZnLTYpHFeVGUIuX1/vV8MLqeS2NruTBSzrk9FRztK+Hd3lW8srmAl5pzeXVDDofWp7OvzsKedQZ6VqroKlazLVvGtiwZHZkytqRJpyWnM0VBd4rCulpYRHSmiOlKk9CVJqUrVUZPmpLeNDV96RoG0nUMpGrps6josyjps8jpS5HSbRbRlyKmL1XI8HIZe3Pk7M0QMmaJYSxDSH+GiDaLkAaTlGKVkDS5EJUogdCIMJz8/Xje24dH7Fx4wMGTuU7ezHT0xsZRwEwnX2Y5CZi11I17nT14yMuL+1yducfF1Trqzd2HR70EPBMcikN0NAGJscQLo0hTCyk3SWmwSOiwKNiVrmV/oYGXS428tDKJQwUqXi3S83KhkVdXpHJgpYndJTr2lOvpLVCzc4WJdZkaMpPF+HgtxS/AmWSjmOq1+TSuKWTDmmKyUzQsk8bxO4EHP7VbyhP2jrzo7EzEMn9KDVLa02T0ZUo5WKjl3TXpnGhI5716M6da8ni7pYA/HOlk8uOjTNw8xviXp/jq5nEmbp1l6uOP4Ob5//T8qr8bkP+d+MbU1eH/YkBGmLo+yvjv9zFxY9R62nVliG/O9/L1lRF+//4uSvOlCKNdKUqR8VJXLadG6rkwtpYPh0v5aE8Fx/pKeLe7lFfa83m5OZeXN+RwsDGNfXUW9taY6CtV0VWkoCNLTEemmC3pYjanSWhPlbA5Vca2FDk7LXI6LVK2m4XssAjpShHTlSqhO01Kb5qCvnQV/Rka+tO19Kaq6bEo6LUo6E+V058iYyDVasQH0iQMZSkYypbTl5ZIjzmezjQxLekyKk1icrRiNKJYoiMicPHx5RkXdx53dOZBe2cecvDifnsvZtu5M9vBi7muftzvEcjjglCeC0/kuch4fhEQxE+8vLjP1Z17Hd24z9mTx7z8+LV/MM8HBuMvTESl11KQZaQsTcUas5RNZjnb9NZVcleOgr0FSvYXatmfq2M0K4mRbD3DBQZ6i3XsKFLTlqWkPCmO5BhfZDECdPJQqlel0FafTXt1BltrsumozmP92gK0+Rk86ePFow5OPOPujXdQMCZZArVGMcO5al4t0fF6cTIHc9UcLpDy7ppkPmgu5ETrSs72N3Lzw33c/uRtbv/5BF/dOs7U5x/Cn87DJ+f+sYD8EBx3vuTfC/xNv/+vXkGsgIwxdWMvU1eHuX1pF19f3cO/fDhMfaUecawbhalS9neu5dSeBq4cruf8aAXn91Zysm8Fx/vKeWd7CW+1F/B6Sy6vbMjkYH0q+6pNDJSq6S9Rsz1bQkeGmK3pEjanimkzC2kziugwy9hukk93GBGxwyxkp0VEd6qY3jQpfekydmUoGMpU0Z+pZGeGjJ2pEnpSpPSnydmVKqffImcgTUVvqoKeNAU9mSq2Z6rZmKGj0qwgUyNEkhBOUIg/S11cmO/oypNLHXngxUXMWbCI++wdeWCRA7/y9OeF8Fjmxybyu/BonhAE8VMXHx508OB+Bw9m2rlhs8ieWbZOzLF3Ya6DK7OXOnG/kztPCvyZ7x+IW0gwCeJYTFoxuQYpFckS6pTxNGpjadbH0JEST2e6iIEsLYO5RnqyDXRkqlmfksgqTSipUZ5owlxIkS1jdb6OHRsKeX2kkZ6mTLrqLfStX86O+iy2rC9FnG7kEQcHfubgjFNQMFq1nNpcE73FBo6Um3mtRMf+DAm9ydF068IYW57IkVIjRxtLeLNlFVdf7WTy4/eY/PNJvvnsGHx+Dj4+Dx//SAD5j/zFHTj+7wAyxviNA0zc2GcF5NpuJi4P8tWlYT6+sIeu1gK0Uj+KM1Uc7KrlzFgT115u5OJYJR/uLuNYdyEnB8o43r2Co9sKeaslm9c2LOdQbQpjVXoGSlTsKlbTnSNjZ5aczkwZ21IlbDYm0poUz1aDlO2m6TY8RhGdJiFdlkT608UMpFtPoIYy5AxnKOnPVtCZLaEzXUxXqtjqP8wyOvUSOs1KNpvkNBvkbLQoWZuiw6iUExMbjVugH8+6ufKEvQOPLrTlkYV2PLLYgced3Xk6cBkLY+Kwj07AMSaRZwMC+ZmzM48steWRxYt5bLEtjyx25AFbV2Yv9eB+z2AeFoQw18GNmUudmefsxTxHD+51dOOnrp780smZFz1c8Q4NQJUkZ0WGgVqLioZUGevTRDSlxLPeGMd6g4gNFiW1ehmq/Ws3AAAgAElEQVQF4hDMkR4kRbiQow6nMkvBtoY8XtvdxMW3dvDHMz2MtqXSU6thyxodO5qy2dBYgkNkOI87u/K8lzfLIkPJMShozlSyp1DNsdUm3itL5uU8JaMZCgYMMfRow9mpiWYs18jhNXkc66nn9j+9CX8+zbefHmXq5vvw8Tn45MN/LCB/y3j/R1ut/wpAuP5dQPYzdX2M2xd38e35fr74qJ9bl0Y50FeFWR1MfpqUfd21nBxbz+XDDZzfW865Pas41l3Aid5iju0s5OjWXN5uzuCNpgxeqUvl8DoTu1eqGS7W0JsjoydLRu9yBV0Z1r64W/SJdwHZYZLQaRTRZRbSmyJiKFNqVYaEoQwpgxly+rNkdGWJ2Z6WyDZTAtv0QrboRGzSCKlWJrJKnshKjZQMaTwJ4SHYevjxtLMnj9q58IC9K4+5C/iJvTu/8w/FU6TAOS6RZ/39+I2XF88KgnnCyYP758/nUdsF/MJ2Po899zQ/f+FZfj5/AQ/Pt+W+xc78LkKIg8rAY77LsFnsyEw7D+Y4+TDPxYf7nD142NmDxxyd+KWzEy5REWiTlZSYVZRb5JSbEihNiqRAEUqBMorUhBAs8SFYhCHk6eJpKDFRtlxK27pMbpzeyz+d2sXv393CP7/TwpvdOfQ16OhpyaF5fT5yvZifOrvwqJMrjkGBKCQxrE2XM1io4XCBjPfXGDm3LpWjq0yMZioZNono18ayTRJJmziKoVwThxtL+NPJPdNm/ThTn52Bjz+ATz748QHyt3Ks/rMBmbo2Btf2/hUgB5i6vg9u7GXi0iB/PtfPl5fHOHG4lVxLDBZdJEMd5ZwYa+TioXoujlVy+UAVp3eVcLKvhBOdBRzblsN7bZm8vTGTN5uW83pjBgcrDexdqaM/V05floy+5Qr6MhV0p8mmYxwydpjk1lagRuG04RYxnClleBqQwQwJuzJk9C6X0plhbd7Wpk9gozaeenUilQoRabERqGMiUUqEBIcG8dsltjyywIn7Froy19aNe10F/MI/nIecvPCSaUguWol/QjyPv/AMv1wyn+f8lhFuzkRZXEyMSUe4PI54RTwJkliiEmPwDA3hZ4uXcs/8Jcyzc8HG1okZ9q7MsPdghr07c1wEzHH2Zp6TJw+4evOwuzc/8xbgHhGCMVlGqi6RVFUEFmkQyQn+qOMCEEUIyDarWJVjojLPRHNVFvmmSJrKk/m3syP88XQfN0918m9vb+Li4Vp2NpjYUJeNLkXFrxxsedRdwKNObriHBJKqTaAlU8rrqw0cW6XmQq2FGxvzuNBYwGsrTYxYJAwli+hTiVgfGUynQc6+tXlcOrSN8X99i6nPjsPNM/DxWaY+/uueuf9AQP5P9fcAMn5lhImro0xcHWXq+j4rCNf2wrW/ADJ+4yCTN/YzdXUPk5eGmLq2l6+vjHH1aA9lWUJ0Uj96W4s4fbCJc/vWcnFfJZf3V/HBcCmnB1by/sBKTnflc3pHLsfbcnhvUy5vNmbyylozB1Yls6dYw0COgoHlSgaWK+nPVNKTpmBnisJq0k0SaxTcKKTHlEB/ioiBNDE9qSJ606V0pUvZniqhI0VCs15ErTqecnk8BdIEDAkxhAb44ejhwSJvb37j6sZDi+z4yWI35i20ziifsdSdefbuzJ2/FPc4IStqaqisWU1EdAC/euYXPPTiYn7jGUCASkN6VRn1W5vY0rmRrVvX09ZWT/maMkISonhiyULmLlrMTDtrszwbW2dmOnpaBwo5eDLLxZu57r7Mcxcw182HX7i5EhwbilQZh1IWhla6jPhwD/JykhEmhpKenkRORhKr8kxsXJ1FTZGCUksovz/azacnu7l1fBs3j3Xw4VgNNcUKYhICeMrZgYedPHjIK4hHHV3xCBZQbJHQV6LhVG0qH1YbubE+kxvNeZxfn8vJdct5vdjEXpOMQa2EnbJEmsVRDJWkcKy3lm9//xrjf3oHbp1h8pP3mfzkLFM33/93+m8KyD7Gbxzk9u8PMnH9ABOX9sC1PfD7fXx7bZR/PtVHy1oTigRXejflcuZAAx/tW8Ol/au5tG81H46s4sxQGWcHS3m/t4CzO/P5YEcJp7YU8m5zFq/WpnKwwsDoCh3DBRoGs9UMLLca7u7Uv7QD7bJI6TGL6TGJ6DWJ6EuR0JcuoztNSmeGjM0pEjYaJdTrpZQqEshMiEATE0p8RAhevgJecHXj0SV23LNwKbOXODJviQv3LXBl9gIXZiyy9hGes9SNB20d+aWtHZbl6WzfuoGm6iKEcYE86+jETxct5acLF/K002LCJBGUlOfQtXMj7ZuqaW2toXR1IUu8HXjI0Z573LyY4+TGLHtXbBY73J09ONPZ2zo6wk3APO9AngxexrPerogNCjJzTRhNEsLCPSiuyEZllKI2yMjJNlKWa2RTRQat5ToqLSHceKODfz7SxlcnujjdU0pXuRqj0Af/YG+e8xLwS0EYjwrC+bmbF8FRwVRmyNldpuNiay4X6lO5UJvKhYZMPlqfzYfrczhbm8creckMJUnolCawIS6MHakyXm1byReXDjL12VGmbp1i8rOzTN384H8A+R4g1w9z+8ZhJq4f5PblPXB9FG6MMX5llM8vjPLGngbSdQE0rpBxZl81F/av4dK+Ci6OVXJuTyXv7y7n/aEy3h8o4kx3AWc7izm9rZhjrbm83pDO4SojY6VJDOUr2ZWtoH+5gr4MBb3pcnrSrHGQLrOU7jsriFFIt9naXLrdJKYlRUajUUylTkqeUoY2NpKIIH9cPN15xsGex+3sedDWiTlLnJi52AWbha7MmO/CvBedmTnfCZtFLtjYujLDzpUH7Jz5yXPPExwdSn1tKS31xWyqLyYjK4VlcZE877SIX87/NU+++CsWOTxLojiM4pJ06tZXsK6pklB5FI97uDDXxZ25zm7c7+bFzKVOzHP2ZJ6zN3OcvbFx8GCGsxf3+ATxZEQUT/p64RUfSWltOcZUFXGSUDRpCrTLtQh18eTlmSjNSqK51MLOdWZWG5fx5vZSzg/X8caG5bRZQmnPjKMhW0W6UYUgIoIFwdH8IiCCJ30EhMQGU5kuYXeZjo9a8jlVbeZohZ5T1Sl82JDBhQ3ZnGvM5Z3SFPanquiSx7M+NohWXQxjtVl8fHY3fHmKic9PMfnFh0zc+h9A/gLItf3TgLzExPVDjF/dC9f3wtW9TFwZ5fb1Q/zbub1sqU+lIjOUU3tXc3FfJRf2lnJhrIIL+9fy4WgV7+8u5+zgSs70FHJ6RyGntxVzYkshb2/I4qW1ZsbKkhjMU9CfLacvU0Zfhpy+jL9Ey3caxOxMTmBncgI7khLZZhDRrhezwSCmyaKkxqggVyNHnCDC00fAM/YOPGa7lHuWLGW2ows2SxyxWeDMjEWezFzkzcwX3Zn1ghM2852sQ0Lt3LFxcMNm0VIeWrSQXy98lvRMHdvbV9PeWMTG6gI6WtZQXVuEXBfHUo+F/PqFX/DoEz9hgf0L+EX6Ysg3k7a6gBejw7nP04v73TyZbefIXHtn5tq5MM/BjTmO7tZJXHYuzHIV8HBAME9HhvGsvw9F1atIzTEj14uIUkVjKrIQIQ0jLV1F6XItLSvMdK1Noa/KwvZiJTvzZHSmx7CnSM6BSj29ZWZq8k0opQm4h4TyhF8Qvxb44BfuQ0WaiL1VZs62FvHWahOvrtRybF0K7zek81FjKmdq0zhWlcZrBQYGk0VsiAukVhTAQKWR6+91wddnGP/iFBNfnmP81v9ssf4KkEPcvvGSdat1ZQ+T1/ZYAbk6yrdX9/Pl9UOceW0zLeUyjg+v4sPdpXy0e6X1OlrF+yMVnNi1khN9xRzvzOW99myOb87naFserzeks788maFCJb3ZUrrSxOywJLLNLGSrScgOk5TtRgnbk0Vs08XToY1nizaBjZoEGrSJrNMKKVcLyYgPJSoogCXuPvxiiR33L7JlzlJ7bOycrF/8pe7YLPJgxgJvZr8oYM6LXsx40ck65crW3Trz3dGTGXbO3G9ry0PPP42rrxPlVdk0NxbS37qSLTVZbKrPZ33TSiprCimqyEWhl+EZ5MHv7OfzvKc9rolhPB22jAe8vPhZQCBzl9qxKC4BN6WWBxxcecjVi/tdPJll78JMR3fmeXrzeMgyHnd1xjcxiozCDJQmOT5RAvSFRoLifUmxSFidraMpR0vnKgN9lWb6SvWMVZp5ucLIkfIkXinTMVikpntVGqtSlURFBPErbx9+LfDCydeRfGM8Q6stvFGTwWCmkB5LDC+VqDm6xsDpaj3vVOh4s0zPG8UGDi3X0iGPoCrWk+2FCs4e3gRfHOf2FyeZ/Oo83/4AHP9XAfluoPCH9J8NyJ1TrO9q6tpeuLaXyWujTN7Yx+SN/dbrtVGmro/CdFr87at7uX1tlD+d7uJgWybv9azg/MhazvSUcGGonIu7y/lgVynHOgt5r6OAYx2FvNOczVtNy3m9PoODFUb2FOnYna+lJ80aENxikNCaLGJTkohWrZzNSWradCrWqyTUqETUJMmo1ElYLo5AFxlAvJ8bArv5vGi7hIcXO/KwvTtzFjkx09aNGYvdsFnohs0iD2wWemKzwBObF92Z8YIrM190ZOYCZ+uQUFtPbJZ6YWPrxlxbBx6xt+fRhc8RpoxnVV0JG2tz2baplOamVbS217BpUxXtG1exuaGAltocsrNUuAe789Ol85nn4MSj/iE8Fx2Lf7KeCIsZUU42T7i4EWZOZVFUDA/YOfCAndWrPBQSxU/cvFjgH0BhZSmp2Sn4BHtiytQikoSQLAllXaaaLflWCPZXGnhlnYXXqk28ucbAGxVajpSqOVymZ6TMQmu2Bn1cIIt8vHjG15PnfewQS5exvSqLw2tzaVeEsVEYwECamAOFOl4v0XMgS8aBbAVvFht4p8RMf3Isa6PcaE2N49hgHZMfv8fE56etRVR/C4b/LoB8N7N36vrov9N3a0cmrg7z9Yc9nBmu5L2uUs4NVXNsxwpOdpVwqqeYo9vyeGlDGvtr0zlUn8PYuhT2rjazp8LMrmJrdV3ncg3NRgn1OjFrVImsksdRJIpmpUTEKpmcMoWcIrmEjMRYDHERxAjcCHS1xc/VllCBC7EhfniFBPOIvQsPOXowb5EzMxe5MMvWC5sFbtNyn5YbMxa4MGu+FZAZC92wWeyJzWJPZtp6MWuJKw84uvGA7VLmBwdiWVVAdn4yicJgJOpElElycrL1bG0sorsunb71aWxdn0NhiQX7ZQIe9vRhrrMHv/APwCEuCmVeJk852bJA4EmwSoGysJAAjZLfeLgw18GJOT7L+HVoNE+5eZCckUp2bjqx0UEkq2LIMgpZLl9Ge2ESI6vMHKkw8OYaA2/XGHirWs9bVVreXq3jzXIdR8qNjK400lOYRKkuDp9AX37j5sBT3rb4x/pSlWNgpCyLFkkozaJgdujj6TKJGDTK6DckMmhJ5OVcDUdXWtiTKqIm1p1mfSTv9Kxl4l/eYfLWacY/P8Ptv3fu+X9HQKamjTo3xpi6PsLU1WH++O4WTvSv5u3tZbzUmsdL7Xkcas9hrHk5/TWpbC0z0lqkpzlXRVOWgqblSurSZKwxilmZJCRXGU+GPA6TNAa1OAJxXCiimHCiQ5YR5OOFwN0JTxd73J2WEhbgjSQmDK0ojiRhLJq4SEKiI/iVqysP29px/yI7HnJwZ56tKzYvOGDzohMz5jszY74rMxe6MGuB8w8A4sUMW29m2npwr50bDzm68bC9PYEqOQqTkidf+A0/f+4ZHnnqVzi4LqGxKpuexiwGmpbTvTGfLW0ViJIl3GO3lIf8g3jQxYlfudkRrk4kWBRGiCQSz6ggJJkmchrWEWrQcr+zE7PdfXgmNJwn7ZciU0spyk3BqIwiUxtFc6mJ1nwFe1abeXmNhbeqTLy71si7tUberTNyrNbIsWoj76zW80aFiX0r9QyuNLIxNwmpQsgCH1deEDjgucyNTFUc2zP1bJZH0S4LpV0RTrsikk5FHFvkEbTLQxk0i3i3NI2X8rRslPjRqAnhSEcZ3/z+NaZunmTy1mkmPjv14wkU3tGPGRCu74FrQ3z1QR9nRxvYszGPgcZsBpvz6VhnoX6FluriZFbn6SlKUVOSpiHPJCUzSUyaVkKSIg6JOIo4YSQhsaF4hQdgF+DJc57OPOGwlMeX2vLY4oU8sWQRCzzd8Q4NIl6cgFwiRBYThTIqnKSYSKKjI5jv68njSxfz8JLFPL8slPuWODLzhaXMfMGBmS86MGu+M7MXODFnofU6a6GLFZBFHtgssq4isxx8mbnUgwedvLjH1pEn3L14UeDNz5fY8vD8xfxssS1PLXqBmrVFdG8sZHBDDj1N2fRvLaekNJVng32ZtXAhj7k5Mt/PBalJQl5pKo0tFcTJw3ELciVCJcQpchm/DvDlMX8/nvD04DdLFxES5k9uipLSNCktJTr6Vhs5uM7CK1V63l5r4O0q411AjjaYOdWYwolaM++s1vPWahP7S/UMrdTTnp9EhlmLX/QyFvs54x7oRpoynlaLll2pKrapImlK8KcpIYjmmGDqYwNZGyNgszyC14pTeLM0he26CGoV/hxozuPLK4fhs+Nw8yST/+gV5P8rgNx9f3U3U1cG+fLcLt4ZXEd7pZm6EgPlhTrSLQko5SHIZBHIFULEMhGJ0kRCY8MRhATgHRqEc4CAFz1cedrVhSecnXjUyYGf2Nsxd6kts+zsme3owlwHZ+61c+BRRyeecnPDKSCQsKhI4qMiUURFogoPIzw8mKUhAp50deAxO1uWRETzoK0Ts1+0Z9aLjsya78TsF12YPd9lGg4nZix0sY6iXjwNyBJvZiz1YYadD3PsvJhn78HsxY7cs9CO+xY7YfP0Au5bYM/PFi5ieX4aXe2r6dmQy67mXHo25LC2VM+SQC8ec3HGU5rAsy4LycxPonyVkY6WEurXZRIV5YmbvzMhkjgc46P5bfgyng/0Z7GXO25u9pRk6GhZaWZgTQp7q5I5UpXEO1U6TqwzcGytiWM1Zo7WmznaYOZ4nYkTtWbeXa3nnTVmXq4wMbIymS15avKMCqKFkdj7u+IW4EaqSkhLWhIvly5nX46WbepINolCaIwIpCrCjxVhntTFBrA/J5m3yzPpS0mkVi5gX2MmX1w8AJ8eszZt+Ozk/wDyv+NB7pyAjV8dYur6MF+cG2K4rYgVmVKSNdGEx/gSEC3ANzoAr4hgXEKWYRcQjO2ycH7rLeBnDk783MmVh5c6MXf+EuYttmfWIntmLXZk1lJnZtq5Wo9fbd2wWezKjKVu3GPnxk/sXHjKxQNnv0D+F3tvGR7neebti2wH26SU7hZSTGNLGrE0GhYzMzMNasSSZckWWMxoGcLomDnmmGQQ2DJIFtnJbjG2kyZtEkvW+f8wspNu03eb/ne33ffth9+h53g0c8x8eM65rt91Xfd9u3t4EhkYQEJgID7+Pgi8XfiRRMgTVtb8yNWdR6wMkcLEXPjAg5gsF2GyXIiJheOfAmIpwcTGBSNzMSZ2rhgLJA/OazezkmBkLsZYIMVkuRPLfm6OxM+Tvr61vNhTxubeYl5szOa1nhI0pVqecXPhx442WAgt6Oqs5PUNa1hfr2Tnc2vY1FFKkJ+UyPhILN1d+JbIiZ8rFAg9vXAWOVJTrOalunzeWJPOhYEizjRlcKlVxXB9JsNNSkba1Ax3ahnq0jDUoeZip5bzDVmca1Rysl7F/posXi5NolaZQHxUABJvGY6uzqTHhNKhSmVniYojq1W8pY3lxeRQ+kL8WRvoRamPhFp/BdtyUzhTm8+OgnhaE+TsadPxh4l9huW4t/9BAfmqsHwVQAwP+x7mZnYzN7N7EZAvjxpfqnd38dnsdj6c2s3m56pJiPHGTmyNvZcUx2BPLP3c+Z5YyLcdnPiexJXvyD152F6CqcCRJdZOLLEVYWbtjJm1iCVWEpYIJJhaiDExF2G0QoyRpQxjK7nhAbYQsczCkScsHXja3hl7mQJPL0+C/Xxw8ffF0teLH0jEfEco4l9kHjxuLzeYcis5RhZSjMzFGFnKMTIXYyoQYmrpjLFAhJFAgpFAapCVDCMr+aJkhnuWMowsFIb3WkhZssKB7whsUPi6UFmWzWv9q3i9Tc8bXYV0dNdh5SLnx9YW/OuPn6KhOp/DW3p4q6OAjatSeKujjJ7aEtaursDWRcHTcik/lsqwcfVEqnAhLTKYTVW57KhXc6pdw2BTFqMtKi62aBhr03KxQ8tIl5bhLi3DnRpG2tVcbNMw3KzhTIOKw2uz2FyeTEt2NJmxgXgEeyDz98Tf05XG7FS2FGWzqzCZXYXJvJgWQU9oEHWhARR6y1ntI+cNZSInq3LZU5JCR4KC3S1qPh7fawDko0vcu/3/MCCfR5C/HpB77+3hk3f3cOfmYVob9IhcHLD3dsE+JIBnA335gZcbT7m48g2JgkccJTwscsPYTrZ4jroYIxsJxlYSTAUyllrKWGYh46EVUpYtl2DyjDNmyyUssZBjukKK0QoxJsuFPCoQ8qSlPT9ycMLexQWZlxtOnp484+7Bd52c+bZQwneknjxkKzP4Cys5RoJFWSkW0ykRRgLxohYhsZQs/pUuSmJ4rYUUI0sFRgJXjK0VLLWW8bjAgSd+9hN8Qzxpry9kY1Mur7UXMdDXRFhSPAKREIm7gp6uBl7urubYS01srtfy3KpsXmurpqaoEImrCz+VCFmhcEHsG4LC1Rs/hYRNVXnsadRyvCmH042ZDLdoGWnN5XK7lrEOLaNdWoa7DaCMtqsZa1Mz2qzmXJOSEw057F6dzHpdPLmJwXgHuSMN9MHby4OCmDDeKM5mX0UWu0rTeCkzmv7oCNaGBVHoo2CNnwuv5cTyzhot+8rS6Ex0ZXerZjGCDMPvx5i/9Q9o0v87ATGkSl+MHntZuLn3rwbk7nt7+fDdfcyO70eXl4A0wI1wvRZJWio/CgzgMamEpc4iljg4Y2zliKmDAiNbuaHvYC3DyEqKkUCCiUD6AJCHV4h5+Fkxy55xYtkvhCxZLsJkhRhTSylLbWQstXLmG45Svi+S8BOxCAupiBUKOU+LpHzLxoEnbYR8y9mVb0m8MRVIMbZejArWi1HBUmQA9D4gliKDLEQYWThjbCHC2EJs6KGsEBkij4X0AWBm1goesZHy8DOWLBc5U7mmmE1dlbzcUcam9a0ExUQg8vYhp7SMDI0SL1dHXmgt483mAtpy42nMzaAgNZnAQD8U/p4IPTyRewfj4xWIj8iZjavUvN2SyzsNGQw2ZXGhWctQcy5X2rVc7tRxqVvHSI+OkS4tFzs0XG7XcLFFzXCLksHmbA7WpLG5NJXytDDcfeVYucpReHiQEezLxtxk9lcp2V6UzHPpEXRFhlMR4EOuh4Q1/i5s1iRyukbPvtJk+tI92N+Rxx+mDrJwewR+f5W77/8/BsjczM6/GpAv2yLo03f38sG/H+bGzDEKytW4xYTjEB3NN11dWSYRYyJ0wljohImjkCX2EpbYyDGzVmBiJcfEWoaRtQQjKzHGViJMrCSYCcQstRSx1MKZh5Y7sGy5A6bLHTEyF2Jmq+BhZw8eclTwiIOE74il/FAm4fuOdjwlsORbKyz5prlhEdM37ST82DOIx+zkLLUWY2YtwsxGjIm1YfbKyEqEkdX9CHK/qeiEsbkTJuZOmJgbSsImK5wwWeGIibkTxuaiRb8ixVQg4xFbGd8U2BOXmUpf11qe71xDe1sVtgpnlisU+Ger+YlQhI3YnqbaQjbU51OZEYo60o/CrHQig3zx8ZEjd1UgV3gS4BWAj4MtffnJvNOWy8n6FM41ZXKuScVQs5ZrHVqudGm51KNltFfLaLeOS4uAjLWqGG1VcaFNyfG6dLaVJrFWFUNoTAAWbnLEnh7EB3jRp0tif00Ob+TFMJASRktYCEXebug9JDRF+XFgpZqz9QVs18fwnDqAw33F/HH6CAu3R+H317h76yvA8X8bIAY49n01QN57m1/PHuTo0VeJy4rhJxIhX7N3YpmzhKVyOUtd5CyVSTEVilhi78zDVhIeFshYJpBiKhBjbCUxGHFrw1StkY0QY2shxlaOmJnbsNTcYNyNBI4Y2UowcXThMYUXDzvLedTBiSft7XjK3pYfOtjyjJMj1q7uWHv58nMXD5b7BPGUsyuPWAtZZu3IMmt7lghsMBU4GOCwFi9GEiHGlk6YWhiqW2YWjiwxX9RyB8yW22L2rB0mK+wxNhcu9k1kGFtIWbbCAQu5C7V1Vbw40EJUjB8/sl2Bua8Py4OjeNjClu/ZWuMX7EapNpay7AhW56axpiSfuBAfwrwlRAb5EewdQIx/KP62ArpVEZzt0nGqNo6z9cmca8xmrCOfiU4t17q0XO7VcbFXy8WeXC51arnSoWWsVcVIi5LhViWn6tPYU5ZEozqGxPQorLw9EPv4EB/sR6cmgS3lKfSm+dAS40utvy/5HnIqQj15SZfK6boSTlfreCUrkDeKojixYRWfzBzj3u2L8Pvr3L39D7Rg6r8WkC+HZG52J3Ozu5if3c38rGG8ZOH+CVQ39rJwYz8LN/Zx78Y+5m/uYf693Xwyu4O77+3ns/cOcnvmEK+8UEdMoh9iHxk/l0v4rlzBky7uPKJwZYlUjqlIgomTCBM7Z5ZaS1hqJcVUIMHYcjH/txJ94VddhJG1EGMrIUaWDhgLHDGxcsLYygkjayFGNmKWiFx4VCTnm05CLN1cCIwJJSk+nJSoQJLiwomMjUTu74+Fqwf/KpTwdVtnllnas9TSnoes7FkicPj8s6ycDdO8AkeMLR0xtnTCxNIJU0snTCwWo8kKe4PMHTG2MDQWjQUyTAVSHrUS8cRya8JS0yioKOdZoQNPWpjzNXsxS+1ceMhOwddthDxta4NY5oA+O5GO2nKUSbEkBvigDA8kPzEedWQk+sgwkiTWdGUEMtRXxKm6FDYRWJQAACAASURBVM43pjPcks14j57rHVqud+q41q3jao+Wq91aLnequNKh5lLb54CcrMtgz6oMmlWxJMUG4uguQ+zlQXiYP6s1STTmhFMRKqMqUEFDkA8NYV5syonmUKWG4cYSjq5M54VUb7avSuTMC2v49MZRFm6PsvDhZebvXOTeV9H/NCBfVX8KyBf1RVD+wx5ZsztZmN0Bs/tg9gD3ZvZzd2Yvd2/s5rP3dvHxuzv5w7sH+PDGYd7YWE10pCfpykTC0+MQeLvxIzc3vuvuxdcVHiwTuWDiJMXESWKQrQRjG6khtVr0AMYCMSZfIiOBBCMrEcYCZ8yshJhYO2NsI2aZ0AUza0d+4CwmKjGOVflKqjKjWBPvR1G0L6qYEGIjgnHx9eGH9s58x17CI1ZCzMwdMBM4YWwpxETgvAjHF6KXQPi5LA1+xCAnjCyEGFuKHsjUQsQySzGPWYl51NyBf3WUsdzdn68J7HjESshSaxmmtq4ssXPnMVs5T9kIcXb3JDIilOTIUIIUYmJc3VAHhKAPCaMyIZbmzAR07ra0p/gyPLCSwTYVl7q1jHUomejWcL1DtwiJloluDRPdKq51Kxnv1jDWqWakTcVIm4rTDTnsqMimQ5eEJi4ENzcp9jIR3iF+5Odlo40PoiDEg6YYf17KjmdXURrvVKs4vzaXCzUa9uVG82qGL/vXZjL8ZgN33zvKwp3hxROnRv7LH/r/hYBsX1zKuwdm93NvZh9zM3v5dHoHn767i09/eYCPbh7k/MH1ZMW6oM6IoKRUQ1JOMvLIEJ7x9OSHPn58w82bpSIFRo6Gg+/NhHJMbKV/BoiRQPwnD5+xpQgTi/vlVxEmls4ssRJiarUIiLMbDzmIecrRCf/IEOpWFdCRl0ljXDDlYT6URoeQGRxAqK8PTjJXfmTvzBPWQpZaOWEkcDJM91otAigQYywQYSyQYGIpxtRSjInF4vewEBkihoXz50be0lASNhFIWCIQ85CViMdsRDxkbssT1k48bu3EozYiHrKV85CtK4/ZKfiWrYifOQqJiI6kamURCYE++IsciXF1I9M7CLV/ENUpiXSqUsn3cqA3K4jzfSUMdeq42pfH1W4113u0THUZosh4h5rxLjXjPSomerWM9+m43KVhtF3NSJuawWYNu1dn061LoDg9Fh8/TyzFzoh9vEhKTyTSV062t4Tm+EDe0CZyeLWSEzUqTq3J5nhpCm9l+LNFE8KRFg1Xd3aw8MsTLNwZ4t6Do6H/XwfkxnYWbmw1rB6c3cfCzD7mZvZwd3Ynd9/by8c39vLRu0doX51OariUmpIsivMyUeoy8YmLYoWXFz/x8edb7j48JHHDxFmOsZNhNZ2JrewrAWIsEGFm6cxSgRAzK2eMbSQscXLlYScpj5lbYC8XUV9Vyouri+lJjqUxIpjGuAhWhgaiCQog1j8AKwcnvmVhwzIbIUa2zhjZLk7vCmQYC6SYWkpZYmHQUnMpS80lmFks9mMWYTGyvB/RDO8zspKyxE7BUhsJSywdWWblyKM2TjxmK+ZhGzEP28p4zFbGt+0k/MjWEVtHW+JD/anKVZIZ7EuMq4xouSvpPiHoQiKoSU+hMT0OnbstrxUlcKGniKFOLVd7c5no0zDdr2emJ5+prlwmOjSMd2mY6NEw0afjWq+WS51qRtvVDLUoGWxSsXtVGr26ePSJ4QSFBePk44fAzR2PkAA8pHakeQlpTvTjzdx4Dq/J5siaDA6XJrFHE87r6T7sL0/keHsukwf64DcnFzdvGDbMZP0TkG0s3HjLsBnE7B4WZvYyP7ObhXf38tm7+/j97D7eHduFMt6d1bkJNJUpqSjIQqPLIF6VgXNEGE97+vJNNy8elrphKnLB2EmGkb3kywH5k3TGoPtDhMaWYswsnVlmKcJMIMbYRoqpowJTWycet7LGQuzA6pV5bKos5jllOv2J0fTHR9ARGURDZDAlYSEEyGT8TGDNY1b2GNsYfIxhvF1m8BIWMpaYy1hmLuchczlLzWUssZBiail5AOyDZqKV9EG52MRGxkOOrhgLHHnEUYKpwJ6HrEU8bC3hESsx37IW8yM7J6xsrXF1FLAyI5pNa4pYV16ANiSQeFdPEtz8yPYLpDo1iebMePI8bHm7XsNwTyGjXTqudmuZ7NUyuy6fG32FzPTmM9Wj53qPluu9Oq735XKl21DuHW3XcK4xh1P1OewuT2JdbjyauBCCIyORhEaxws0Le3dXPFyEaMLc6MoMYk95KqcbtZxp0LCvIIbNab68keHLkZpMTvYWcvP4Jnj/DPO3zxuOhv7w7wfHvQ9GMVqY2cZfq/8uQOZvbmX+5n1AdrMws4f5aQMgH0/v5LNfHWPwwAZyErzpWKOnpUzF6oJscnOzSNJk45Wexk99A3jSxXPRg8gxdpRhbC/9SoAYVgBKWGIu5iELEUsWATGyEWNmJ+IJO3u+b/ELCvXZbKwq5ZUiDS8qU3ghKZKXE8J4MT6MjqggikMD8ZZIeNrSlsesnDC1WWxSWhm65yaWMszM5Sw1d2GphZwlFnLMLA1p1Oee6D4ghi67ia0CE4EIMzsZxlaOPCqUssTGkUdtpTxuI+cbNhJ+aCvCytERuZM1WYEubK4v4e2uGrY1riHdXU6iqwdxCm9UgSGURYezJjaAiiARg53FjPYUcLknl/EeLZM9GmZ6c7nZX8jsukJm+vOZ6tcz2ZfLRL+esS4Nlzp1XOzM5WyjilN1Sg5UprAxL56SjBiCIyKw8wvB0icIWw8PgvzcKUzwozsriENVGZysy2G4NY/jlWnsz4vkQHEMJ5tUnH2unF+dfQU+OM/8nfPMfzCyeGbh3zOCTG/l3vTWvwqQrzKjNTf7H7Wdufvl3z8DZDv33t3Cwo1tMLMLZnZxb2Ynd6d38IeZXdz99Um2v1SPPjuCrvpSWsu1VBdrKSjSEpuTiUN4GN+WufGwSI6ZkxwTeylGtmKMrEWY2MowtZMbQLGSfCkchmadM0bmEozNxSxZIWaZuTNmArGhuWgrw8jakcesbPi5gzVJceH0V5fQp0/lFX0ab6nj2ZUZzf7MGHakx/JCZjIVMZF4SxX81NyWJy3tMbN0wGi5HcYCZ0wspYbPWiHB2EKKsaUUE0upocNvJcLEQoippQgTgRjj+x12gQQTaylL7KQ85iTncaGMR+2ceMLOEDmekbjzCxsnFBIxkW4i9vXUMrihgVP99eyoW0WmQkqGpzfZfkHoQ0JZGRGMxsWO1woTGOou4mp/EeN9eUx0a5jpy2W2T89MfwGTPXomunVM9GiZ7MtlvC+Xq725XO7Wc6krj/MtWk6sXQREH0tpejQhERE4+AZh5xeMS3AQ0eG+VOdEsCk3gm2F4RyvSuN8k5qRVh0X6rI525DDue48Lr5Ry/sXN7NwZ5C5Dy4YTpr66O+8efUDQKb/voDMv7udezd2/Akgn05t45Obe/nDL4+xoaOIQm0s3c2VtFWXsLJQQ3x6IqLgQL6nUPC4SM4ykQumQoVhw2cb8QNzbGwjNUBiLTUAYi40gGEu/IKcDQOC5mLMVohYZi5myWJX3NhGhrG1kIdWWLJC6EB4sA9rtEn0FCTyRlk6O/ISOKCK4rg6huPqBA7o0nldm0V1YjxhUjnPPmvOEysEPGphyyMCR8zMHQzb/1hKFr2GwbibWAoxs3RiibkTS82dWGIuwsxChJm5GFMLZ5YKRDxk7cyj1k48buXAEzYOfM9OzA+thFg4ybCzF5IVF82rjWvYtraYk11VnO6uZb02jTxfTwrDwtAFBVEWEUK+t5TGOC8G24u42JXPxGKUmOrVMdufx2yfnum+fCZ7PwdkvE/HeJ+eKz16LnbmMtKh53yLntONWnaVJ7JOF83KjCiioiNw9PRGIFeg8HYnMy6QvpIUdqxO5UhVMkdXJ3KyNp3zDTkMNeQw0qFjZGMZ47ta+cPsPvj9ee5+eIHPfj/K3N89xZraysLUVpje9n/Uwsy2r3QM9FcC5MZO5m8aGonM7IGZ3dyb2clnM9v49N/389G/H6G9Xk1ZUSqtjRWsWVVIRlYyLiH+/NRVwdecJSwTyTETu2Ls5IKxnQwTa8OvsbG1BDN7Bcuc3Fjm4PqnkKxw+oIMgBiZizE1l7DEQswSgQxjGznG1lKMBUK+bmWHo4uC8EBvStND2bgyiT1rVbxdnsqR/FgG8+MZKU5nsCidIyVKthaqaIyLIFom5ufLl/OD5ZZ829KGR81tMbOwx9RahKmtBDMbMcusRTxsJeQxgROPmTvyqLkjj6wwbBf0iLmIR8yFPG4h5AkrZ54UOPBdGyd+JlJg6SzD1lGMVOqKwklCUoAf61cWsL+5krfrSznStIqejDgK/T0pDQ2iJjmWXC8ZZX4S3q7VMNZbzOUuLZN9Omb6tMz26bm5Lp+pvlymevO43qtnokfHeK+Wa706rvXlcbknj0td+Qx3FHCuJY/TDTq2lMTTrY6gLC2CpPhIFN5eWAsdUEgdKMuK5s0aDUfqVZxvVhrORaxKZXBtOiMtKi73F3L5lUpuHhtg7ncnWPh4mE8/vMDcH8b47O99wtSXAXL/3hd1P9L89wCym7mbe5if3Q3T+2B6NwvTO/lkagt/vLmHj395hI09paxamUnt2jJUuTn4RIYg8PbgB25uPCZ1wVTsgrHIDaNFQEytJZgJRIa0xU7OUkdXltq7/OeAWEowtpBgZik2zFXZyDG2dcHI0omnHMRIPDyIC/WnOjuSbTWZnGzP42RNFidK4hksjmeoOIGhsjQGV2ZyYpWKXYVpdKVFk+jlgcTGjmdWWPKUuYDHLG15yEbIMlsxD9uK+Lq1iG9ZOfOUpZDvWIn4tkDENy2d+aZAxLetpDxlJeFfbaT8wEbC0zbO/NxejIPcE5GzFFeRFB+5G35SFwKdhGR7uvFSkY4D9eW0J4XSnBTBqohAigI9KfR1pchbxBtFyVxZX8mV7jyudaqY6lYz3a1mti+XmwOFD+C43qtjvEfLtV5Dhetqr54rvflc7iviYncxZ5v1HKlRsaMynT59LGXpYWQkhBMQ4IVUbEuAwo72/CR21qo5Up3JhUYVZ9amc6YunbN1GVxozuFSfwFXXlvN+xde5t6tU8x/dOFzQP7eVax/CEBu7ubuzX3Mz+5bBGQPC9O7uHdjJ5++t4ePf3WYN1+sQa2JorRCT4omG/eoCJb7evNdN0+WSV0wErtiJHLDyNEFE1sZS6wlLLUSY2JtSK/M7OSY2sgMJv2+9/iTFEv0YPzc2FK6WG4VYySQYmyrwNjSiadsnXHz9SU9OpymrEiONWq42F3MUIOasxUpnC2L51xJPBdXpzO8Jp3h6mzOVmezpySTrqwMsn188XAW8ayNLd+0tOZxG0cet5fwpL2Uf7GV8bSNlJ9ZS/mpg5yn7WV831bG9+1k/MjelZ86uvILR1eedVBg7iDDxlmBWOaOr8KFCHcPgqQKoty9iXN1J9PdjeIAL9arUnmtWMM6dSoVkYGUBLqjU9ixQRnN6bYihtt1XOlUc70zh6mOLCbas5jq1nBjXSHTfQVM9OQaUqtFQK706LiyCMhYXzEXu0s425TP4RoVu6pz2FCSQmV2NJrUKBIiAwjzkVKUHMybtbkcbc7jfJOOsVY9w01KhlpyGG7OYbhVybWNJcxsb+Du5E4Wbp9i7qMLfPrRMJ99fJHP/lFSrIXprf8pIH+yXn1mG/N/KyD/cUbrxm7DWMnsXhYWU6yF6R3cm93BRzM7mbz0Fq2tBch9RERmJpKg1+KTlox1cAjfc/fgcamCJc5SzIQSzBzFmNg5s8RGhJm1GGMHBcYOrpjYu2JsKzdUs/6DUTdUsJwflFZNLKWYWBgMtJGlDGOBBDMLe56ysiMkLJS85ARasyIZbNMzvq6MS606hqrTObcqkdHKFMbWpDNckczI6jRGqjJ5Z2UmOwo0DGSnUxodSbi7O/b2jvzMxpGn7Zz5sYOMnwldWe7shqWzOxbOLix3kvMLRxnPOimwELoiELpgI3TBzlGGyFmBi8wNHxcPkv0C0IVFkODqSbKnL2lefmR7+1ISFsKqqBD6dJnUJUdSGOJNjkTAS6pIBluKGGrPZ6RFybUOFZOdSq535jDelsn1ThWz6/KZ6st7AMjEfUB6NVzp03KlT89YTwGjXUWcbc7j2FodW1Zls7EolbqcaMozIilICSYv3of+4mT2Nug43aLjcoee8RYdV9rUXO7ScKVXx1h/HtObq/jtiQH49THu3TnD3EdDfPrRMJ98NPr3B+R+ZPgy/UeDPje9lbszf64/h+GryVAG3sn8jfsjJ9thdhtz09v49eXNvLh+FSGxPvzA3oqfuSgIz1PjnZWOTVAwz7h68F0nId92sucnnq4sD/LnCbGYh+yFmNpKMBK6YeTkhpGjG0YOrhjZyDCykmC82Cw0sRBiau6EqYUQY0shxpbOmFlIWGIux9TCBWNLBSYCMQ+Z2yCQy0lPiKMyLZl+TTwj/WX825sNXOst4nx1GkOVyQZAKlMZq0hjdGUa54qSOJGfyMH8DHbpsxhIiqY2PASdtx/hIgVigSMW5vaYO8qwkHlg4+KNg9QVJ5EcR7ECkdQNidQdicQVmdgFN4kCb5mcIBcXYjw9SPfwpiQkksKQKNT+IWR6+aMJDkUfHoY2JIDcUF/SPSWoAxRsUEUzWJPDWGsul9t1jHflMtGlZaJLw2SPhvHOHMa7cpju1zLVp2WyL2+x96FlYp2Gq/1KrvWruLZOx9X+fC52F3KqTs3+8iy2VmjZmJdKa2Y4rdlh9ObF8GJ5ErvWZnGgJp3zrWomuvVMd+YaRlb6NVx/oZDxN1Zx42AbH41vYeHOKe5+MMinH5znkw+G+fT3l5j7cJSFD0f+TIYO+59r4cOLX6r/1YAYRk0Wz1Gf3c7C7DaY3crCjZ28f20bz68rJzjGm1/IRDxhY4VrVjLuWWnYBgVh5eXDsxIJogBvopTppJTosfX34zv2Qr7hoOAhJ3eWCT1Z4uyJqaMrRvZyjO0+743c76Lf31Ta2EqEqaUEUwsFJpYKjAQyzARCHlluiVtQIMrkeNZmp9CrimZsYwW/3tbCeF8xw3VZDK1OZqQimbHKVK5UpjOyMo0zefEc1URxTB/PsYJ0dqgSeD4tlubIcFaFRaD0DyZQ4oKDlS3mljbYCcW4unrhovBE4eKJi8IbucwTmdQNd4UnXgov/BQehHp6E+fvT6K3N7qwcPJjYimIjSMnKBh1cBCaYH+yvBQkSW3ReIrYkJfO6bYSrrTlMtGZx7V2Hdc6dIwvzllN9moZ71JyvUfFdL+W6X4d0+vymezL5Xr/fUByuNqnZGJAx/hAAcPteo7X5LCvPIMdq3Vsyk2mJyeSF4tT2FajZnedkr1rMzlUl8FQj57xgSIm1xUxtbGQyRdLmHhtFde3r+V3F15g4fYJ7t05/QCQz+4Mc/fDS8x/8L8EkPsp1tzMl2nbn2l+9q+XIS0zpGD3ZrZzb2YrCzNbWLixg7vvvc2F4y+iyU/G3lvO1wQr+KmPB8KYSBwCA3EPDyUqIYa8AiXFJRoKirVEJcQi8/LHQuLF953deUrsyTdE7jzkIMPEVoyRrchQBrb6fHjR2EpiuGcjxthaiolAjrFAgbFAyjIrJx555heExUejSYqiUZlMX04Ylzas5JdbmrjaV8BIfTZDlckMlydxaVUKlyvSGKvMYLQ8g+GyFM6XJDJYksRRfQK7VAm8mBxFR2w4NVHhrIyMQBseRqS7Kx5OTjhb2SG0cUJkL0Hh7Iqr1AMXiTsuYjc85Z74u/oQ4ulLlK8/SSFBpIUHkxUZSl5SLOkB3iS6iol2siRNJKAyxJW3SrM53bqSC815XG3VMtGRy0RnLuMdWiY6tVzv1nK9W8Nkj5rpPg2z63TMDuiZGSgwNAjXabk+oOXaOhVXepVc7dMw1q1jqD2XM41a9q/KZNtqFa+WpPNSYRJvlqezu0bF/gY1++uy2VGZyIH6dI61ZXO2T8/oc8VcfHElkzsbuTPyKvP/foiFW6e4d/sMc7fPcff2ee7eGWLuzij3PvhzOP6hAflr9beMqXwOyHYWZrYyN7WVuXf386vxfbS1leIW5MqPRXY8aWfFTxUyvKMi0erVVJXqaCpT0VSSSfNKLSXKdFKj4wkOiETsEYS9VyDPuvrwHWc5D9uLMLEXYWQnMoBiJcHI2rC7iJGt+MHslLGNHBMbBUtsJDwicODJX/yC9OwUylWJ9BVl8VppMpc2lfNvm+uZGChhtDGHodUpjFSkcGlVCmOrUhmrzGBsTTZX12QwVpHISFkc54oTOF2YzMHcFF5Pi6Yr3J+m8CA60hJoTktkVWwUqb5+BMtccLFyRGJhh9TKEbmtCFcnGV5iV/zl7gQp3Ah2dSfYQ0GYt5wIDylRHmJCnQUkK2woDJDynDqOwzW5DNbrGWnUc6lRw+UmJRPtOqa785ju1jPTo+d6p5rri5Ws2X6tQQN6ZgbymVqXy9SAjsn1OiYGtIyv0zK+LpfRTjVD7bmcb9Wzd2UqbxQnsXlVBtsqMthWnsa+qmwON2k40qLhZG8BV99qYHx3M5MH2pl+u4v3z77M3Ox++PUJuHWae++fYf72We7eOsvcrXPM37rAwq0R7t35JyB/Asjc7Hbmv9iYvLmHP753lKP7N5GeE4GDh4Qf2Nsg8fMjV6+jobyYvso8BsqyWFeczIZVSpr0mRSnJ6NKSCY5Nono2EQ8Q8Mxd/fgX2RSvi6RsUQowdRRhrGtHGMbGSbW8sX1H0KMbMWY2Mkws5PzsJ2EJwS2/NDSnMK8bFpLsni+PJv9jRquvVTBu2/WMb1pFUN12ZxblchgSRznSxMYWZnCpYp0Lq3OYGx1GleqkrhYEc9YZQqjFekMFmdwQJ3IawlhDEQG0hsdSl9CDBuyM+hRq6hNS6MwIpJMHz9iFa6ES2SES+WEiqUEOzsT5CwkTCIiykVMkLMVoUIBmiA3Vsf706+JZddqNSfr9VxqK2SsUcO1RhVT7Tqutii50pzDRLuGiXY1U91aJjpUXGvLegDIdK+aGwN6ptfpmVqnY2ogl+mNeiY35HKtX8O1/lwudWkZatdyoS2Pg2syeLMknu2VaexencGeVWkcrsnhnSYdh5vVTO5oY/7G2/CbY9z95SHu/fIYvH+OhVtnmfv1KebeHzREjlvnmHv/PHPvn2fh/fPw/gW4PfyPC8jfovmpLcxPbflq75vZysKiF5mb3cm9B15kK/MzO5j7t0PMXtpJQ50GhacQKwdblDnZNJSX0lmi55U1ebxemc1LK5N5sSKN3pIMqnKSWZmZRklGOnnp6aSlJOEREsAKdxeednPhmzIZjwolPOIoZ5mtjKVWEpZaO7HE1pElds4ssZfwqKOMbzsr+La5ALm7C1VFKtZVqNhYnMihVi3XX13N7Gs1jA+Ucr4ui5Ol8ZwqjOVscTxDpUmMVqQxVpXJWHU6Y9UpjFWnMlqZwlB5KqcLkzmkjmdzYiibwvzZEBHMc7ExvJSawvM5afSmJ9CZmkBjYiw1MZFUxUayOjaKyphwKmPCqU6IpD41lpaMeIr93Fgd5sNrhVnsrtBwuqmQsw16hurVXG5Wc71FxWRTFpOtSiY7NEx2qJnq1DLdpWWmW8tEWzbX23OY7lIz061htlfDzYFcZgcMgEyu0zE5kMvUxjyur9dzrU/PSLuaM43ZnKrP4XhtDrtXp7KnKo0D1RkcrcnmZJ2adxo1HGnVMLGrjfn3DnHv1kk+u3OSu7cGmX//PHPvn+PurfPcvX2BT28ZrufeP8/8fTh+dwFuDX3h4f/PAfkfrWL9TwGyML2FhZktBkBu7GL+xi7D4OL0Fu7NbOXezb3cmdrL8X399HdWsKpIQ0qYPz2riniuooAtNfm8tSaLzZWpvFmdxYtrlLTkplCrSmWtMo0qZQYlynQS4sJxD/DByd+LX7i58i8iCd8RyvmGg4wnbSU8Ye3A123s+Zq9kCeEMp6SuvETuTs/FliTkhBLb20JL9Xksqk0gcPtWqY2V/PeW/VMrC/jfF02p0oTOF0Ux7mSBIZXpjBamc6l6kwu1WQyXJXKaE06F1ancm5lCicKEtmXHcWWpFBejg5ifbAv64ICeSEuhlfSY3kuOYwNSWH0xYfSER1MR1wobXGhtMeH0ZscwabsWF7RpvCWPoOXUmPYqk7l+Codp1ZrGGvK52qTjvFmDddbVVxvzWayJZPJ1mwmO1RMdWqY6dYx061lukvN9fYcpjpVTHepmepUMdWlYqZXw/S6XKYHcpler2dqvZ7JDXrG1+VxuTuXCy1KTtZnGnZ7r8nkQFU6+9ekcbAqg3dqczhVbwDkYJOSsS0N3L35NnO3T/LJByf55M45Pr01ZNDt8w9095YBjn8C8hcAmV8EZO6GYf9dprfArAGcT2/s44OZt/nt1DEmzu2lMDWUJn0qW5sr2FKbx/Y6DVtrs9neoGFLg56Bsmza9Gm069Noz8+kMT+L4pxE0hIjiYgOxcXfByuFC89KFPzEWc6PnGT8xMGZpx0c+Z6jMz+UuvBzNy9WyN14ZrkFBVlpvNJUyVuNhby0KoVDHRpubK/n37c3ML6+lPP1OZwuS+Z0UQJnS5IYKk9hpDKVkdWpDK1OZaQmg7F6JaO12VxYncmp4mT2K6PYlRnNltQongsPpMfflw3hwbySGMoLcQFsivNnfYw/62MCWR8fzMaEEJ5LDOXl1DC2KKPZo0vikD6Nd/KzGCxVcaE8h5HKbK6sVTLVrGGmTcN0h4apDhUTbTlMtGYx2aFkukvNbI+WmW4NU52qB/emu9RMdigN6lIxM6BjdoOe2Q15TG/I4/r6PK716bncnctIu4azzUpO1mfxTm0mR2uzOFyVzpGqDE6szeFUk5YTrToONCm58HoNf5zew71b7/DZnRN8cucsn9y+wKe3L/Dp7fN8tgjH/ehh/08P9QAAIABJREFUAMSghVsX/gnIwtRb3Jt+i/mZbdxdXLd+b3Y73NgOM2/BzFbuze7k05v7+Pi9w3x26xwH32ojN86dzR0VbGkpYUdLAVsatexo1rO3pZg31mgZKEilvyiN/pJMekqyacnPpFKZhD41jrjwYDw8PRC7uGEnU2AtlWPjJMLK0YlnhSIs3D2x8fTBUijB2lxASWoSz68uZHtTEa+vSWN/SzY3ttVxc3Mtl/sKOV+v4kRJMqeLkjhbksyFlclcWJXEuZUJDJbHc7Eum6tNai7XK7lYk83Z8hSO5sfxtiaGPco4NqdEsTEikIFwf16OD+L5WD8GIjxZF+bFpmh/XkoI4aWEEF5NDGZLaih7siM5rI3nHX0i50syuFCWznBZKlersxivzeB6Yw5TrUoDIN1arndomWhXMtmZw0yPmht9WmZ7NUx1KbnensNkh9IQPRYjyXSPhtkBHTPrDSb9+jodEwN6wyxWdy6XunIZatcy2KzidIOS02uVnKjO4lh1JifW5nCyWcPxNi1vt2u48GYNn0zvht8d596t49y9dZpPFz3Hfc0tav59g+7dOm/Q7X8CwsLUWyxM3QdkF3dndzI/sx1mtsD0G3BzKws3dvDJ9HZ+P7uLD359kN/M7KexPIm6gkQ2d1aws6eSHW1F7G0r5ljnKg40lPB6mZLnyjPYVJHFhrJM1pcq6S7IoVaZii4ukrgAfwJ8fHDz8ETm5o5MJEYiEuEklyP1DUDk5csKSxuCXD2oSE2hU5vGltpcNldnsq0mietvruHdLXVc7i3ibG0Ox4sTOVWczNmSZM6XJXGhPJnzFUmcr0zicn0215rUXKnPYqw2g+GKZM6UJHIsP47D+kT265LZnB7Di/GhPBcbyPNxQfRH+NAX6s2GqACejwnkpZhAXo8LZHtSKAczo3hHG8fJggTOladyoTKV4dXJXKvL5HpTFlfqUrnamMl4q4qJNi3XOnIZb1cz2ZHDdJeK2R41M91qprtUD1KsmS41M4vR5Ua/lul1WqbWaZlcp2WiX8u1Pj1jXToudmgZbtNwrlXNmaYczjTkMFin4lRNDiers3mnTsnRJhUHW1QcaFczsqWOT6d2w2+OwO+OMX/rNHdvnX2gucXK1QNAbn0OyPydfwLCwtQWAyDTW5mb2bkIyDaYfgumXofZLSzMbGV+eht3f7mH39zYyu9/e5hzRzeQESVhQ2MBezfVs7tvNQe7VnG6r5rTbZXsXq3l9Rolr1YrebEik1fKVbxQqqFbl0FFUgyqkCASAw1ryf28vAhwcyPAzQ0vT098AoOQurjz4x/8mOSAYCqSk6iKD+Ol0hzeXKPk1ZUxXH65nN/ubuPKulJOrcngWHEiJ4uSGCxO4lxZEsOVKYxWp3NpbSbXmlRMtmgZb8jian06l6qTGapI4kxZEoMrMzhZms1+XQo7shMZiArg+YQINsQE0xfuT39EAOsjAnk5Pow34sPYlhTK/owojihjOaKP4XR5kmHUpTKJodWJXGnIYGxtKmN16VxuyOJyk4qxZjXjbWqmO5VMdyqZ6VIx261mtlttuO7RPEi7DIDkcr1XxdQ6LdMDuUz067jcreVih5qRdg0XWjUMNisNgDQqGaxXc7pWyYm1So7XKTlcn8P++iz2NucwuqWOu9N74FeH4HfvcO/WaeZuDTJ3a5D59weZf//sg8jxAJTb55m7fYH5O1/Vg/zXDjcazU9tZn5qM3OTb3L/+t70W1+q+///S/rT1/+NgE1vY37aUFZemNkG01th+vOS893ZbXz67m4+urGXj987wuYN5eQme7B53WoOPN/A4YFazqyv42zvGg43FrKlRskbVdlsq9WyrUrDG2VKXizMoVudypqEaPIjw0jzDyDRz5+EwCASQ0KI8PMn2MsHB3ML3Byc0MXGUhofS1lkCJ1ZSWzSpfFcXjSD6wv59Z4OLvUXc6omiyNF8ZwoSuB0SQLnyxMZWZPCWF0GVxtzGG/SMd6k4VqTkisNGVyqS2WoKomhNalcrFZzqSqPc2U6julVvJGeyPrYcAZiwugJD6Qt0IfesEDWRwbzcnwEb6VEsSUpnD2ZMRzSJTG4MpvzFTmcLEnibEUKF9dmcakuk9G1aYw1ZDJWn8Wl+myuNmUz3pLJZIeSmW4NN3p1Bih6tMz0LqpPZ9C6XK73abjWq2a8L5fLXSpG2pSMdqgZbldxtjmHU41ZnGrM5nSTktPNWk41ajhRr+KdOhXHG1SGY7cbF0369D74zTEW3j/BvVuDzN8+/2e6d+fCg+u5W+e4+74hsix8MMS9Oxe4d+cCCx8MwYfDLHww9KXiw2H4YOTPtHBndFGXHuivBmRu8s0H+nsD8ieR5csWbc1sY+7GLv4ws5OPbxzgw5tH6W9QUaYMYv8LDRx9oYmzL7Yw+lIz73SVs3Otml11GvY16Nldq2V3VS67awp4uURFU3oCq+IiyYsIRRUeSnZ0NKmR4cT4+RHt7YPMwgJtdDR50VEURYZTGORLTUwYTYkR9GSFcLxLz/sH+hnrL+OdygxOlKYYUqzSFIZWpTK6JpVLtRlcacjhWp2aaw0qrjTkMFafzsW6VEbXpnCxLoMr9SrG63MZq9IyWKZilyqNFxIiWR8dQm94AB1BvvSGBbAhKoyX4iJ4PSmKzYmR7EiLZk9WLMfyUzldmsnpslQGy9M4V2mAZLQ2nbH6bC7VZXFxbSZXm7K53prNVKeK2R7t50a92+A5ZnoXR0wWdbVLxVinkstdai62Kxlpy+Fip4aRDjWnGzM5UpXM4apkjq/N5Hi9kuP1Ko7XqzhZr+adBjXHmzUcbtUy+uZaPp3aA789ztxvjzF36/SXAvJFfTGS3IfjHwaQv1X/E4AszBj6JX+c3sbHs3v4w3tH+NW1faxSB1GbG8XJNzt5e91qhl5t5dxza9nfrGdfg5aDzXkcbNSzf20ue2rzeHWlkj5dGvWZiVSkxFGaHE9ucjyx/j6khgXhYW1FoocHxVFRlEREUhYWQoG/JyUBHhT7uzGgieJsfwkfHdrI5f6VHF2ZyjvFqQwWpzJUnsnFyiwurslgrCaTa/U5jNcpuV6vYqJJxbXGHMYashhryOJyYybXWpRMtKgYb8hhtCaLo0VZvJEazcboIAYiAugN8aU32JeBsABeiA7h9cRItqfFsU+ZxNvqJI7mpXJEn8iRvDhOliQyuCqZ4ep0hqpSubg2czGiZHGtOYfJxX7H51UsNVPdamZ6DWnV7IDe0EVfl8v1Xh1XutVc6dZwqUPFaLvyASBnmrI5XJXMgYp4DlelcLAqg0PVWRypzeZYbQ5H65QcaVTxdrOa4ddr+OT6Lvj1Mebff4f5W2f+ZkDuQ/I/Bsjc5Jvcvf7GA/3/geS/GpC/5HHuzWzl7vRW5v/tAB9M7uIP7x1j6vxm6gqiWJsbzpnNHQxt7eLsK40c71vJgSYdbzfrONiSz+5aLbtqdGyp0vP8SjUNWXFUpkRTo0wlLzmajIhAQiVOBNpYURQaSnlIKJUhYVQEBVLk40auh5h8Xzlb1+QwvL6UO/v6uNRZxNGSJI7mJ3C2OI2Lq7K5UqVkbE02l2uzmKhXMtWQw0yTiqkmDePNWq40aRhrUjPWpORqaw4T7TlMtGdxtTmLwVXZbM+I5oVoP16IDmJjRAC9wT70h/qyKSKQl2KCeSs1hl1ZcezKiOagNoGjeYkczTcAcnplEucqkzlXmcRobcYiINlca1JxvVXJVKeG6S4tU52GpuFk1+ImDevyubmhkBvrC5gdMCzBvdar5WqPhovti2s4WlVcaFEy2KzkRH0mR6tTOVyVxuGaLA5VZ3O4JofDNTkcqVNxqFHDwbZcLm9r4bPJ/dz71TEW3j/Jvdtn/49Q3AfjL6VhD0D4S/rvBuQv6R8BkHszW+DdbcxPbeYP45uZe+8AdyZ28dkvT/L72aO0lMagjRLycrOWK/s3cO7VBg52lrC7Sceepjx2N+rZ31rCrpZS3lhbTKsujeqseGpUKeQnh5Ps70KU2JbVMZE0xcezNjiY+uBgqv39KPF0IdddRG1iCGc3VHFxfQkf7O1mtE3PofxYDufGMFiUzFhlFuM1Si5XZ3FlbTaTTTlM1qcx1ZDFRKOKKw06RupzGarTcmGtmuEGJWMtKq62ZnGlKYvzldnszorklRg/Xk0I4qW4QAZCvFkf6sPGcD82RfjzWkIobyVH8GZCMPuUsRzNS+KwPpbjhXGcXpm4CEgyw9UZjNRkMVqbzeWGHMablVxv1zDVqWOyQ8v1dg0T7RqmunK50VfAjYEiZvoLmO7LZ6JHy5Vug0bbcjjflMX55hwGGzI5UZfBqcYcTjepOFGfw8l6NcdqVRyqzuZgdTaH16o42KThQJuOS1ub+WzmAPzmHe797iTzf8GD3PccXwTki77ki/f+LwDkK46b/LWa2sz8+Mss3Fw08+/t448ze/hoej+fvHuED2cOcWJ7C52VCazVBvFag4bX16rZ0qhnX3cZh9at5tC6ana0rmRLSzkv1pbQos9EF+FHnJs9qV5CqpLCqYsKpSUshJ7wCDpDQmjy96PKz50iLzHPFWcxvb2Lq8+X8Ie3uxlt13C4KIqj+nBO5ccyWp7CteosrtZmcbUui/H6dMbXJnBtbQqXajO5VKdnsErP4TI1B4pzOFyWw8lKJYNrshmpU3G2PItdmWG8FufHm0khvJIQwqZIAxibIvx5LtKfV+ND2JISwc70KA6oY3lbG8M+VTiHcqM5WRrP2YoUzlWmMFSVznBVFsNVhihytTGHiVY119u1BrVpGW/TcL3DsJPiZE8eU735TPboGe9e3I+3S8ulDjXDrUouNCs5U5/BO7UZnGlWcbZVy4n6HI7VKDlao2J/RToH1mTx/3F3n+FR1/nex1GxbnPXs56tZ49nuwUI6b33Sab3mUwmZVp6gUBI7yR0FBRFQEo6TXoLafQO0gLqukoAAd377K6QTPK+H0wICYLCrues9/3gc+Vykhnidf1e+f76f0uFlU1VVtZWmTnQUMXfezbDtT3Yr3Ziv3bvLlbftf3DSO5VXe6uIqO6VV8BZPCzfxLIvSDcC87dA/X74XH8XOs9c78p4bt/5vYGyS+nGXtPPQMXGrFfaHFsk39/I7c+2MLfP9jM3z7Ywhcft3H93EZO7V7M/Clx5MeHk63wZnaWiuaZk1g/v5A1s6fxVmEqxUYphkA39AEulCaImZum5VWzijlqEa9KY1koFrJAJGRuTDQzJVEURvuyvnoyn2xawLnlk/l80wwO1CbRVahla2oM7ZlSDuZpOVmayOkqM6cqkzherudUpZ5TVQnsKzKyNcfIQnkUk90mkOviRF1kCPUJWjZnmemYmsrOTANrE8W0GsW0JMqpN0hZqROzQithmUrIUqWAldpYVifI2WTVsC1Nw/YMNdszVOzIVLIrW0VHnoa9BQYOliRxpMzC0XIrJyqtnK61cWZGKmdnpg1/PT83k3NzMjgzK43Tc9KHzolk8t7cVM4syOT0a5mceTWbY3PS2D/dwt4aM/vqUjk0N4t9M9PYUZLE1sJEdlemsbnYxI7KVDZX2lhXaaG50sTR1pncvLjNcSHclS7HtO7XAHmQ7tZ9u1zDMI4M5RsGcjvfTiAt2C80Dv07rQxeHDpLcnE99g82cfPiRv7as4EvPtzCrT/v5OZHHXy4r5l1b+RTky6iIC6IAn0QU9UBFGhCqTXJWJBlZEVxJvXFKSzN1vNmspw3dRLeUoh4RyVnsUzEGzIhryljmC4JZVPVJHo3LuDDpmKurK5mb1UC3UVxbEsVsyNVQme2iv35cRwuTuBQiZEDxXr2TtPQla9jY6aaRdposl1fQfuf/0H8b39L5sSJzIiM4h2djhVaJc3xUloTJKy1qFltUtFglLPSIGdVvIKVejHLNbGs1MbSapSx2aZhe7qOXVk6dmVr2ZmlYmeWkl05CrqmxnGgKIlDJRYOl9o4Vm7jZJWV92pTeK82hZM1Vk5Nt3F2dgZnZqVzemYaJ2ekcmpmGu/NTuPM/AxOv5rFqXkZnJqX4QBSewfIvhnpdE1Poa3cxM5SC501mWwttbCtMoX1ZSZay5JprbFydvMC+j/YCVe7h4HcjeD2tO4/CmQUkm8SyEgE98vI6d9/PZDV9F9owT7UhXOcmV9D39kW7D1r4MONDH64CfufNmH/83ZufuDI9VOr6WlbxKmNczn97hxOtNRxbFUdx5bXsWdBKZurstlQYmX1pHjWZBpoMWtYoZXQoFeyQi1lqUbCmxohcxWRtEw2cW5FDaeXFXDxnVIOTE9hR66WLSlyNpqkbLUpaMvS0ZkXT3d+At0FibRNMbIhQ8vqzDgaMoy8laTjjUQ9i5IMzJFLqBNEslAiZpFUSL1BymqzijU2HU3JalYlKFllVFFvVNJolNMYL6XJIKE1XsIGs6OLtTNLS1uOjrYcDW05anbnatiTH8/+wmQOFJk5UGjhcImZE5VmTtZYOVlj5XiVmeNVQwuJtTZO1to4UZfCqZlpnJ6dQc/CHE7OTXc85mCGlUMzUthXY2FPtZnOKjPtVWY6qq1016axu9xGe1U6m4qS2VCcTGtxAq0VJtbMSOXD9iUM/Hk3g5c7GbjSxcA3DGRk/mVA7rUW8q8AYr9456ivfQgIPavh/XXQs5rBnlbsPau5da6Fmz2r+aJnLTcvrOMvpxr4uHMBf9o5j8u7XuXPm2bxfnMNpxYXcmheLkfmTObQjBz2VmSwc2oy66wamoxyVidpqdcrWaGXsUQn5nV1NIsMQnZXZ7JvTi5HX8vn+Jx8NmfFszZZyfpEJRuS1Wy26NiWYWRnbiI7J5vYkJHE8kQVK20G6nNMrJpsoSk/ndUFmTRmJfGmXuJYQddKaDZrWJtqoMmiY0WCihVGR1YalTQmqmhJVLAmUc76JAUbLQq2pKjZkalhV7aW3blaOibr2DvNyP7CJA4UmdhXaGJ/gYVDxSaOV5g4WWPlRLWV41UWTlRbODHdxonpDiAnZ6Ty3qwMzs7N4r256ZyYk8apeRkcmWFjT2Uy7aVG2ssS6a6x0l2bSke1ld0VFnYUJbOjxML6fCPrChNZU5rMu3VprJmZxsd7VsAnHXCly1FBPt03jOFeeRAgd8P4XwVy61zDcL5tQPovrubWSCA9rXC+GS4Mfe1phQ/WOuB8sJa+i63YP1xD/8Vmrh9YyIebq/nzhkoura/k4+Yy3l86jXMLJ3NmXi6nZmZzrCaLtrwk1ls1rDNraElU0RivZEWcnHfipLytEzI7NoDWzDg2F1lZk2NkR0Ea2yalsMZioDFeQ4NBQ71BTX2ilkaznkZLIm/G6akWxlKnllJnkDMzUcl8m47XU3UsSdOxOEnGIk00y41SViZrqLfoWWJU8oZOwiKtlDfUIt7WS1mql7JcL6bRKGWdRc2WNB3bM/XszNLRlqOjPVdPV56Bg0XJHCwyc6DQxIFCEweLrRwptXK8wsLJmhROTU8dzukZGbxXl86pujROzUzn9OxMzszJ5NScNI7NSuHk3AyOzkxhf42FPVUmOiqS6aiy0Fljo73Sws7SZHaUmNlZZmNjYRLri5NoLUlkfW0Ka2em8cnelXCpY7iL1f/p3m8MyN2vfz2Q48N5wDHIV89cjcy9VtPvHqv0nW/8B9ZP7uDo72m5L6T+nhb6L7TQ/34L9qF8ecV/dLW5eWE1fRda4cO1fHFyOZ/snMGH68v5eH0Fn6yu5M8NZZxblMfJ+TmcmZfF0ZoUduXFsSlDzXqbhhVxEhoS1CzXKViqlvK2UswimYDXlQKa0+JYadMySxbG6/EymibZWGQxMC9Jx8xEPXVJ8cxNsVBuNGITSDELpJhjZSTESFAFh2KMFJCn0lCqUlMllfCaWsVCtZKFRjVzdBLqlAJmqWKZrRAyUxbNbEUMsxUCXtOJeT1eytvJCtakadmeG8fuSQnszIxjV7qe7uwEThamcaI4hUP5SRwsSOJwiYnDpSaOV6ZwrMLG0QoLp2rTeG9GKidrbRyvtXFixlBmpTieZFtn4+B0K0dmpHJwupU9lWb21aSwu9zE1kIDu8pM7Kq0sLHAwKaiZDaXmNlYZmZ9qYnW8mRaqkxsWzSFa8eaobeDwcvtDH7aRd/Vbvqu7qH/073DsV/bR9/VPUN7s0bmzj6tUbt87xM+OzKcwRG5956te71+ZASQ4w8H5F6N+5tYaHw4IE3Y32/G/v7try2jc3H00d9bF9bSP7S3q/9sIzf2vMZHm6q5tKGaS+uq+aixjNNvTubkglyOz0rjSI2F9mkGNmdpeDddxxqrnqYkLasMKpbrFLyjlbNMLWGJVsQKk4L6dAP1OUmszLPyenYyZUYV6QoBNqWIJLmIeKkIabSAwMAwPH2DcPMJxMUngAluPrh7+hMREok0JBJ9UBgZAiF5YjFZgnAmiSLJE0VQJIulXCmmTC6kSBzN1JgwCqUCyjQiagxyFpmVNKSqeTcrnh05SezKTGR3ajxH8qwcm2ZxbIMvTOJYuZljFVZO1aRzojqFY5VWTk6/g+N4rY1jtRaOzbBwYpaVE7NSOFZn41CtlcN1KeyrNrO3ysKBGensmZ5CW4WJtioLu6qsbC1NZkuZhc0VNjaWW1lbbmJ1hYnW6Va6V5bzRc9muHwbSCf9V7r+5UD6/3KEgc8PD+UbAnI/LLeR/KPbVe4H5N7dtOaHBjLw/jpunWtm8OJqbp5YRu+OGVzeUsuVTXV83FrF2bencvr1PI7PzeTQdBsdxYlsm2xgY6aBtTYdrWYdDQkqVsTJWa6XsUovZ1WCnIYUFY3ZBjZWTWLz3BJem5qKVSlAEOxNRFgAvoG+OHm48TtnF/7Tw5OfuLjxnLML/+bqynOurvy7qysveHnzoqcXLt7eREaEoxDFIA8PRhrgjdDLlfioMHI0cnLVcqyxkcSHBhAfHoxJGEWKREChTkytQciCRBnLzVreTTOwK8vI3kmJHM1P5kiBiaMlZkfVKLc6KkilhSMVZo5UmjlSmczhKhOHq5I5VJXEkVozx2daOTk7leMzUzhYY+ZQnZVDdSkcqEtl/4w0umtt7K6ysKP89knCZDaUmNhQZuXdcivrKsysq7aybmYax9bOhktdDF5qh6ud/y8CeXAU90Nwr82O/2NALj4ckL4La7HfBvL+GgbP1XO9az6fbJ5O74bpfLK6mvPLCji5cBLH52ezr9pGe0kyHSUWtk5KZLVVQ6tZQ0OCYvjQUn2CkmarivW58azJT2ZtVQ5r5pVSkpWIXBaFZ5AXE0P8+Y2vDz91dedZJxeeHD+BxydM5DFnFx51deVRN1fGurnzjLs7P3Bz5989PPldUCBOYWEEREbg7OHGi+NeJiwsDJVCiSRWhDBKQGhgMIF+/oQGhxAWEoIoPIgkSST5OgnT4yQsNanYkm2kY1I8hwtMHC0yc7TUzOEyCwdLkjlUmsThsmSOVJg5XG4aBnKoKpmDlYkcqErkYHUSh2qSOT7Txt7KBA7VWTg2J43Ds9LYV5dCd52N9morO8pNbClLYnNZMuuLTKwvtbKuzEJrqZnmCjOtdamc3boQruxl4JPd8GknA1c7sH8Lulj/I0BuD9rv1ZX6nwDS39My/N93ul0tDFxsZuBi09DXrx6D2C+uw35xLf0XWh1He8838rcji/loSw0XWkr4oKmMnuVFvPfGFI7My2VPTSp7q1M5MD2LXdPMrEvT02JV0ZAkZ0W8hPokOevSDWyclMCGqUm8W5LC6umTWViejTlBSUB0CC8G+vFzP1++5+LBky6ePDrejbHjXBg7wY3HJrrziIsHj7p6MdbDhyfcfXjKzZvvufvynJc/P/UO4AX/QH7q4saPJzjhFBGFZ6yEF30CGR8Qxkt+wfza3Ydfu3vza3dffufihn9wIHq5kEkaMTPiJSy3Ktg+ycD+QhNHSqwcKbNxqNTK/uIkDhQbOVSayNFKE4fLkzhSmcyRajNHaywcqTZxsCqZveVG9pQa2F+dxN4KIwdrzRyaaeNAnY29dTbaa6xsrzCxpSyZTWXJbCxNZnWhiTWlVtaW22gpNVNfmkTzdBsf7H4bLncz0NsB17rou7yb/v+fgYyc2bobyOhZrIfpZt0G0jICSOt9gNzG8fVABoaA9F9wXCtkv9CCvaeBvjMrubRrJmebi+hpLOH9hjLOLS3m6GuTOTg7hyNzJ3FoRg47C5JYn6mj1aakyaygwSynJU3HlnwL24tSWJWmYVl2HEtLs5iWFo9MLWZCSDC/Cgzm+57+jgd4TvRlzCuejH3Zg8df8uDRl1wZ85Irj4z35LGJ3jzm5MXYid486ezDUxN9eNrJi2fcfHjC2Y3Hxzvzs6Bw/itCyHNu/vybewDPewXzPRcfnpnoxfcmevPsBA/+08MHr9AQVKJo8rRC5idJWTcpns5CE4dKbRytSOVwWQoHSpLZX2TgYImRwxVJ7C+J52BpAgcrkjg0BOVwjZmDVcnsr0ikszSOfVWJHKg101WZRFeNmd1VZjYVG1lbEMfqaQZWTzPQPNXAyinxNBWaaC23sboyhcZKK2tnZ3JpXz30djFwpZPBa13cvLSL/k//l7tY9xiIPzSQB9mPdff3H3as8c2lcSj3+h3umla+4KggjmrSSv/FRuznG7hx4HXeX1/J+60V9Kwq4b3F0zgwN4f9s7M5MncS3ZU22oqS2ZSrZ22mmnVZOt6dbGRLkY0NBVY2laSzLDOe+WkGZk62YdTJcQn04w/BIfy7fwhPewTyqIs/YyYG8Mh4P8a+7MVjf/TksZc8eOwVT8aO8+JxJ2+edPblKVd/nnD2Y+xEH5509edxDz8e9/BlrJsPT3sF8IxH4PD3nnIN5HG3AB5zC2CsezBPegTxjLM3v3D3xs3PF2V0MKVGGYtTtWyckkRXkYXD5amcrM7geJWNoxUmjpQncaQimSOVyRytMnG4Mpnuojg6C3S7Ubr6AAAgAElEQVTsr0jkyHQLh6pN7KlIoLM8noN1NrqrzewoTWBTYTzvFsTzbnESTXl6lmYoWJGroz4/ieVTElkxLYmmihTeKU5k6xvT+O8zmxm81EnfJ23YrzjOg9y60sGtK92jgNwbx5eB3CsjgQzeOMzgjcP/GiAju1j/SigDFxqH0sRAT/NdaR0Ve89a7BfWDC0wtnLr/Ubs7zfxxenlfLJjFudbyuipL+H0kmkcnJ/NoTlZHH91EvtqUmkvTWZrnp4tUw1sKUxmc7GVnTU5rC1MYcUUC69nW6lMTSTHnIBAKuQ/XNz4TXgMPw6K5hmvMMa6BPGIk7/jEWovDz124RVPxox355EJHjwywY3HJnrwuKsPY4fyqIs3j7p68pibF4+7efOURwBPugXwqJMPj7sG8rhbCI+6BzPGPYgxbkE86hXKY24BfM/Zi585ueLm6Y4hJoyqBCX12YnsKLByoNTGiYo0TtXYOFlj5VhlMidqLJyqs3Gs2szeYgMd03R0FRo4WGXmaG0Kh2us7Ksy0VWeyIHaFDorLWwpiGdTURIbikysKzTRlJ/E0mwtS7J0rCww8c7UZN4pSKahPIVV5RY6V1Rz8+JOuNKN/XK7Y/zxaTu3rnR8qYLcriLfFJDBG4e/2S7WgwIZ2c36qp9/+Ibf9MB5KCDnRwPp+6CJ/g+asF9o5PqehZxvLedsfTGnlxVwbEEuR+ZmOm4pqUulqzyJnYXxbCsysq3MwpaKVLZMz2XJpHjqUuPJTdCjV4iIlop4JTiUn/oE8O8h0XzfP4KnPEJ4wtmfx8f78NjtR02P8+aRV9x5bJwrTzq58bSTK09PdOXxCc48On6io1vl7M5Trp48OdGdJ5zceXKiB086efL4BC/GTvTl0Ym+jHHxZ4x7IGNcAxjjGsCjbkF81yOQ5yZ68ZuJbgT6+pKtlvF6eiKbCmzsK7NxsjKF96qsHKtM4lCpkePVJt6bkcKxajMd07R0TNOyp8TI4Rorx+pSOTI9hYM1KXRXmOmutLKr1MSmaQmsz0+kaXI89ZONrMpLYkl2PG+kaXkjS8+SqcksmZbMm3kGlpYkc2T9fPo/2u1YILzcTv/l3fRfaePW1TtA7Nf2faNABq4fGgYyMALJ/wqQey0KfjNAmkZ0m74+DwXk3BrsPUMXb3+wmr4/NXPrg0b6LzTyt2NL+WhTHadXFXF6aQGnFk3m6Lx03luQw6EZVrorEukoT6CtwsT2Shuba7JYXZHBDLOM7Hg5AqEA95BgxkdG8ZyXL9/xCeJp/zAe9wrmcbcAnnL24ZkJnjzzigdPjvflyXHePPmiK0//0YkfjnPhxxNc+LHTRL7/4kt898WXed7VnefdvXjOxZ1nndz4gZM7z0704EfO3vzIzZ+nnbx4bLwHj0705lF3f8a4+TPG1c+BZKIvT43z4GcTvZno6Y8mWkB1Uhwtk010Fpk4WW7ivSozRysTHCcNq828NyOFE9OtHBqayTpaYxvCkcrBKitdpSa6yizsqUplV6mFtZPjqc/U8naKirfTdCzLSWRRhoFXrWrm2tS8OTmRRZPjmZ0mZ1mZmQ+6VsGlbrjazeDV2zNYu+n7tPMrQPzzQIYzhGTgnwPSTH9PM33nm4ZyfyAjZ6vuNSb5NgLpP7ea/lFAWhxV5GIT9nNNXOtayKmVhZx4eypn3prCsblpnHoti4O1ZrorE+iuTmbPjDS2V6eyqTabJVOTmKwIQSsX4BIRwX94+/HTwBC+4xvIoz6BjPUP5zHvYB538+cZF2++7+TOsy+788M/evHcHz15/vcu/OolN8Z5+OPuF4xXQAguXn44ewfiFxGDV4SAP/gG8nv/YF4KjeSPIZH8PjiS3wRH8ZybH087efKEsxdPuPvymJuvA4iL41EOY8d785yTH/81wZtQ/2AmqeW8lRLH5pw4Dk2L52R5IidqTByrSuJYtYnjNWaOV1s4Nt3K8doUjtemcbQ2jUM1KeyvtLK7KJEd0xLZlp/IpqlJtOYaWZGm5S2rmrdS9SzJSuD1tHjmW7W8nhXPwpx45qapmJ2mYP38Kfz9wk7o3TO0SbGD/ivt2K+20/9p1zCQgev7/xeAfBmB/UGBXNn/Np8fXY79g/XcOtfMrXMOMPYLt2eiRjbMFgZ6WrD3tGA/30z/PWLvacF+u7FeaHrAND5cepqGcjeOZgZ6WkakFXtPK/0XhnJxKBea6TvXBBfX8Nej73CqsYijy/I4uWgSx+dlcni+IzsrDHTPsNA9I4Vt1amsqc5memYCBkkk3tER/CpCwA98g3jCy5fH/YIY6xfMU34hPO7uyzOuPjzv5ssvXX35jbM3L77khqeLP6FeIYgDwtGHx2IRyUmVqkiOlaKPEqITiFDHSoiMjCZUICRQIMY1TMAf/MP5lW8oP3L14+kJnjwxwZMnhma+xjp58oiTB484ezPWNZCnXAP43jgP/uDuizQyktI4JQ2p8ezJM3O42MKRShtHyi0cLjNxtCyZE+VmjlWaOVJh5lCFlYM1aeyvTqOzIoUt+QmsmxRPa46B5hwj9blJLM0wsMCqZnFmIktyk5ljUjLbrOStfBuz0/TUmmXMSpWxv3Em9o92M3C5g/7L7fRdcXSxBi63Y7/aSd+nndivdzvOp1/fS/+1PUPZS9+NfSOuBfp6IKNy/eBwBm4cGjFQP8rg58dG5OiDAXlrmoz1cy2c3ljHzTMt9J+/sxZxB0iDA8jtRne+5b5x/OVuefhG/1BA7gXjy7k9q3UbiP3C6OrCxbX0nW7kg60zOLhsMsdez+bYvGz2zEpj/6vZ7KpJZs9MK/tmp9M2I5uVZRkUZSQjkon5T/8gvh8SwRN+QYzx9OUx30Ce8AvmcTdvnpjgznOuPvzeL4KJIQICQmMQhkShChOQLJCQJVIwWahgskBKXqyEySI52UIpNoGY5OhYVBGRRAYE4eXhyzhnT15w8uD58W5872UXnnnJhWdeceW74935/jh3nh3nwg/Gu/KdiZ484eKY6fqeqy/Pj3PF2y+AVJmY15Pj2JhpomOKhe4iC/uKrRwssXC42MTRYhMH8o3sK0hgT2ES7cXJtJWY2VWewvqpyTRlG3gnTcfSDANLshN51aalNl7CbJOKBWl6FqTqeCPHyBsF6VSYlJTGxzArRcZ7Gxcy+Mlu7Fd2c+tqG7eu7sZ+pX24mvR92kH/tU7s17vov95F37Vu+q51c+v6Hvpu7BtO//WHBDLibPvAZ3eAODYwHh+RY0MYvgbIjrey2fRaKpsXpHL90FL6L6xh1LaOUUCGGt75pvtmuIH+C4B86ffpafrytO8QjuFt8j2r+dux5ZxdU857S6ZyalEe3bPT2DM3g65ZqXRUmdg3M532mZNYUphKri2eMFEMz7t78KSHL4+6+TDGxYvHPP0Y6+nPU+7+fM/Fh196B/NKcAzuYUKCIiTEhgsRBkajDRdhjVWQJpCSGhFLapgAa5gAU5gAfWAYUm8/hK7uRDg7E+LmTpCXH+6evrzi6slvJrjyi5cn8B/jJ/J7D2+cA0Lw8gvGyzeYcV7+/MLJgx++5MyzLznxi5cn4OHpTkJsBNV6GW+bNLSkaNiUqaMtL4GuqYnsmZrA3qlG9k5JYG9BMl1FJnYWJrG9yMT2Uhstk4zUZxlYlhHHm6l6XrNomG1SUpskpzJOSG2ilDeyjbw5OZlXp9ioStVRaZGxsiKVG0fXMXi1i/6rbdy62kbfXUDsVx1AHOmifwhI3zXHpXLfGiA922fz3yfq+T/HVzF4cS03zzQOVZC71xy+LUCahq8q/brfxX7+3kBuVzvOtzJ4vhV6VnN9zyLO1xdz6u2p7H81mz1zM9g/J4OdRQb21KTRPnMSy8oySYqT4RISxHNuHjzp7s1jrl6MmejJY66+PObix1hnb77r5MXPPQN5yTcCZ78IfAOiCQ2MJMovAnFAJJqgSBKCo9F7BSJzckc4zhnhBFdEzh4IJ7oT7+ONJSQYmyCa5BgB2shIJGEhRAX6E+rnQ3RQAGpRLFadhkylglSRCF2UgIjgUFzcvfnNyxN4xckZL5eJKEN8yBKFUqGMYqE+hoYkCe+ma9meY2BXThztk+PZla1na5aWzTl6Nk4xsmFqImvzElmWpuXtVC2LUnTMM6moMYipS1IyJzWO6gQp1QkSFmYnMDtVS2WqlqoMHcVJsWx6vZC+P3fQ//Eu+q7uGgWE3k5Ht+tKO/ZPO4eR9H3aNQrIbSQPD2T/aCCfH2bw85Hn1B8SSO/eN7l11tG1unW2eagr8v83kNsVZLCnlYFzLQz2tHLr5CrOt5Rz7O08DizKpXNOBgfmZNFRZuJAbRZ75xWyoiqXOI2QP/h68KyrC894+jDWzYsxzp484ubDI64+POXuz3edvXne2ZtfTvDghZddePFlZzzHuRI00YuwCe5EvuyE+BVn5OMmonjFCfV4Z+LcvTAHhZIZKaBMIqJKLqZCKaFYISFfLmaSNIZMYSRTlGIqEjTMsBqZbTXyqlHLXJ2SKo2KPI0Ki1yKJjaGKH9fgl0mIPJyJjHEizxRCLO1MSxPlNKaomF9mpYN6Vq25zpOOq5JVdOSpqElK46mbAOrMuN43axijlFGbZyYSp2IUq2IYq2IMqOCsngZ1clKFuQkMDNVS0WalhKbnDx9KG3Lq+nv7WagdzSQwcsOIPbL7UMD9g76P3WMR+4P5PY45AFz4/Zdv/sZ+OzgPYAcG8oDjkG+uLCGL043cutc053++qhZqG8fEC62jgLSf67xvrl7VuvO7FYzfWeb7jzm+nwLf942ixOrCjm6vICOuZkcmJvN/ulp7J+eyeGFZayoyCbJKGNcsDffnTiBp728eczdkzHOboxx9+ERd2/Gunrx1AQ3nh3vwk/+OJ5f/O5FXvr9iwS/PB6pqyfxvgFY/QPJCgwhLziEoohIKoUipsvk1Ck1zNXreCtex+s6OQu0MuZrpdTJBFRJwpmvF/OWSUNDRhItOSaa042sscXRatazJEnDrDglZXolhfFa8vRqEsKCiA/0ISUigEJ5DPPj5SxJVLLSpGZFsoKVJjmtaTrezUlgXW4CTZkGlpiVvJ4o47UkObMTldQlyJluVFBhkFOkEzNVFcs0vYQSo4Iqi5a5mUbq0nSUpajJi4+iMCmaw2vmcfODHdgv7aD/biCXOrH33gFiv9pB/9VObl3tHOpm3QEy+v7eB8yN/cPvG/jswFdeKPdg07yjTvKNvmbUMWU7NP64+GCzTYMXmxi82IS9p+GBc7/Puu97vq5q3AvsXWOV/nONX/r+F8dX8Oftc9i3JI9j75Swb242R+fksrc6jX3zprFudiF5mQl4RfrzI1cnnvLyYKyHJ2Nc3XnE25dH3Dx51NmNp8Y78YOXXuI/XnkZdz9vlFHhZEVFUiSMpVYhY55awatyKUv0GhqSE6hPiGeJVs1SvZ5lBj3vxKlYFqdgWZyc15UxLFLHsCpJxZrUONam6Fln1bDOrGKDVcOmFC0b03W0pulZatbyapKa2Uk6ZpoMVBu1lGnklCml1OpUzNYqmKsWs0An4Y14OYuTlCy1qFiZrmd5ehxvmFTMM8qYY5QzwyBleoKSWpOWEr2M4jg5FWY9FRYD+QYZ5RY9VTYDVVYtNal6Cs0SpiVE83pBAt0N0/nrmXcZ+GQH/Zd30ne1jf4RQAZ7O7BfaXdsPbnSTv+VDvqvDFWRqyO2oFzfh/36fgbukfsB6R95MfaN/UM5MOJSh3sDGf2It9uPbjtxZx3kXusTjrMiDcMVZPAuJF/VyL8tQAZ7mkdlFJCRlXJoDeX6gbfZv7KAA+8Usf/1PDqnp9BRYWHPrEm0vV5GdZ4JgTiE8YJQvuvjzVh3Dx718GSMpxePurnz6Hgnvjf+FX458RUCIwKYOimV5vk1rC+azNqcVJpSEmlM1lEfJ2dtsp71yQYatQqWSUUsV8hZoVGywqBhiU7GEp2U5QYZDYlK1tl0bEzRs9mmY5NZxWaTim1mDRusStamKGlOUbPSpmaJVcMbJg0zdHIqFWJqVHJmx+mZqVEzXSmjTiVlpkbKqwkqFpg0zDXKmKkXMS9JydxkFTONSmrjlVTGyclXCSnQyZisEpGrEjMlTsm0RC1TjCpKbQaq0xOYnpFAUYKMPH0EpcmxtM7MZu+qav56ah30tmHv3Un/1Tbsw0C6GOztHAZiHwGk/2rnqNOGww1/aCr4QeIAspf+63ux3/gyksHPHXuzBj87/KBA7re456gejnwZSP/5+uHcaegN/xCQh87DALkrjteHumAj/p/7LzTRd7aJv52q59jaKjqXTGXf4nx21Vromm6joyaF9vn5LK3IxBoXiyhRy68iI3jG3YMn3Dx5dKIb3/Hw4ofubvwhwJfgqGDSTBrqF1Rxcu0yDs4uZ+e0DFqtOhoTZDTqRbTGy2nSylipFLNcJmKpVMybYhFL9RqWGjUsT9KyKlHNKqOc5iQFG6xattj0bLXq2WLSsDlZw8ZUHavTlDSnqGhK07LCpuXtJDWvxskpi42kSBBJtULGdKWKEomYAmEUBaIoSuSxlKmEFMmjKVbGUB4npSJeQXWChqpELUV6BTkKIZNUEjLkQiyiaEyiKGwKIekaKfkmHZUZSUzPSiZbHU2WzJ/52Rp2LCyka3Exnx9pZOBPWxjs3YH9ShsDV3dDb+c9gdhvA7lyLyB76b/W/aXYr++5Z/pHxH5j7wgg+4cH7cOXPDwIkL7z9SMgjE7f+foRK+W3/7LXY+9ZRf/5laNi71k1KiMBfV3uB+G+7/mKMcfd4VwDg+fvZNRnj6iO/RcasZ9vof/iWj7Zt5ju+mI6Fuexe24qnbVW9tSm0DVnEtvmF1KRokGqFPNfgcE86+zO9108eGaCK8+5ePB7P3/CxTGY41VMz0mmtXYKnfNL6a6dyvqsBFYkSlgeL2KlQcwqg5SlahGL5SLekkl5UybnTaWKxcY4liQZeCNOyWtKAW9qY1keL6ExUcFas5YNljjWJ+lZm6hhjUVDs01Fo01FU4qWVRYdS00aXtXLKBdFMTUqlPzYKKaKYpkcK2BSbBS5sZHkxEaQK45gqjKGQr2EKRohOXIBk1VCcpUiUmIisQjCsYmiSZHGYhILSBILsMhFpGmk5FviKEk1UmzTkyoLZZI0gJVFFnbMm0r7a1P4tGsZg+9vZvDSduxXdjFwZbfjkc+XuqC3k8HLo4HYL3cOIemif9RGxj2Ortdd+WeADCN5ICA9K+nrWUl/z5eh3AbiQNKAvad+BICVX4nk2wTkdu4FpP9i43AGLrRy61wLf+1Zw9GNM9jxVi67X02je7aVw3Mz2Dc7m/Z5U1lWmEKcWsrvfIL4yURPfjzBg584e/Nb70A8Q8JQSERk6WTMSdXTkm9mwzQLm4tSWG5T8oZBwFuGGBbHiViaoOAtvYw3NApelSuYLVXwmlrHQqOBeXoVFcJwKqMDmSOLZJFWyFKDlJXxcuoNKhoMapqNehoSVDQkK2gwqViVpGBZgpLFiUpma0SUiCLIiwljkjiaTLGALFEMkyQicsWxZEmiyVZEk6MUMEkjJE8nJkslJF0uJF0uIkUcgzk2CqtYQJpKRopShk0pJVWjIFUrY5rNSL5VT2achBRpKDPMMt6tzGTHjEm0zc2lZ+1s+NN2uLSdwSEgg3cBuYPEAaTvcocDyJVu7MNIHhLIja67gDi6Wo4B+0H4y53HJzwgkHr6elZ9JZDbYxFHA101HAeEVV967WGBPHwav5xzDfeM/Vw9A2frsZ9zZNTn3MZywXG2ZODiam6ebab/Txv5eP9S9jQUsfvNbLoWpLN3fiYdM9LZVp3KpumZVGclExYVzW8muPCTlyfwaw8fPCMiiYoOxyiOIFsaTk2ciLfT42nONbMu18YKk57F8QreilPwhl7JQoOG+QY9sw3xlCo05ESJSY8Wo/UPxBAcQFKwH7nRQVTLIpmnjmFxnITFOjFvqcUs0SlZlRDHqgQ19QkqViQoWayXsVAnYbZaRJ1aSn5MBJME4UyVicmTicmWCMmWiciVxDJZJiJHJsIiikIjCMagiMGoFpEoF5GmlJOj15Jp1JAVr2aSQUO2RkGqLBazLIZEuYAcaxyZJjV6cSipymgaClPYOT2Xtpk5tM3O4PA7RfT3rIePtzH4yQ7H+OPyHgYvdTN4uWsYyMCVdgYudzBwuRP75U7sl7uwX+lm4MoeBq7uHTqe2zEinfRd7cR+rZuB66Njv77H0SW7vh/7dce4w37jAAM3DjD42UH4/BB8fhg+PwKfHxk9JhnGcewOkM9PMOZ+3at75h+sCg9bOf6R993vZ/vOraLv3P3B3vkMxwJp/4XV3OpZzX+fbubM1jm0zkxmy6sZ7Hw1ix2zM9g6PYXNlWaWl2SQYdDg7e3FSx6ejA8MJDgmApUwhBxlJGWaKEpVUZRrJcww6lgQF8c8tZpZKiWVUjGFEhH5CgU5ShUJsWIifYNxn+DBhHHujHPywMvLl9jgQEwx4UyTRVOrjOZVTSwLNLEs1IhYqJXyZpyaxRopS7QSFqklLNDImK2RUS6LoVwlpVAmZqpYyBSRkHyxhMkyMTlKIZPkYiaLRGTExqIODcXXxx2vYG8CooIQxUSTKJaSqlZj0IpJ1orJ1MqZolORJokmQRRGoiYGm1WDXi9EGOVHrlHB+rJMdldnsbs2g10z0zi0bBqfHVwGH22Fj7bBpfahs+l7RgFxpMNRXa50weVuuLxnOANXuoZmuu5MC9uvdjB4rese2UP/p/uxXxu5aXHkWZFDw+GzL19Vyl+OOTK8mDg0Brk7/9tAvomq8iDIbmO5G4xj4N9A//mhnc09rXxxrpUbxxtYM8fK0iI162eksHVONhuqU1hTamJVUSYVNgsaoYjg8Ej8IiKIEUaTKIui2CCm1iCiWiekOk5OsUFOtl6CSRGFVhhCRLAnXj7OOHk780dvV37hNpHvj3+Zp8a9zHfHT+Dn41x5aaInAT5+qMPCyBRGUSgKp1wYQp00ktkKIbOUEmYrpcyTx7JAKWS+SsQslZgqpZACcRQF8ljKDSoKVBIyo8PJEUSRI40hXRpFljiGyVIJuQolBpGQgCBfnIO8cQ/1I0IQjTpWhC5WSKwgBHFUMPGSWFK1KpLkYrTSaBKMCnRxYmKifTHII6jLNrGpPJtdlRnsqk6lbVYa3Ysm8eGOeQx+uBk+2Qm97Qxe7mbgkmN37+DltruQtDuA3M4wkM6HBLLvHjt8743kS4uI/68BGdmg79e4H6QafR2Q4dfPN/D3MysY+KCVv59ppP/ies5un8+qqgTeyFOyenoaa2oyWZGfzOJJVqpNyVgVSsTRMURFR6OUikhROVaaZxjlzElQMtdsoMykw5YgQ6OJJjwmkHE+zvxs4sv8wOllnnIaz2POExjj7MQYN2ce93DjZ86+vOgWgJd3ELGBoSSGh5EVFUp+ZDAlglAqYiOpEscwXSZihjyWWUohM1VCqlWxFEkjyROFMVUWRalBTrFeTp48hnRBGFZBCKnSSNKEUeRIpWSrNWglYvwjQpgQ7MeEEH+CYgSIhWIk0THECMIJCw1CKBCgUaqQKxTEyERESqOIiAlALPAhK17EWwWpbKnIZFdFGjsqreyelUbb/HSON5fR17MGetsY7N2NvbeD/svdjvPpl9sYvLx7RNrhSucIJN1wpfu+QAY+7bxHuu8L5MsnD0c8QuGzuxcRv4VA7ofhQfOgXa+7gYz8jIH3G7h1bjmDHzTz3++t4Ob5Fm5d2MD+5moqzeHMSpexojSNt6daeDM3hblpKeQb4zHKFSgkIuKUUixyIQVxCmZb4plvTaAmXsVUrYi0eBlaRTThUSGM8/HkFy7uPDvRjaedPBg70YNHXRx5wsWTF7zCcQoQ4BMQSYRfMLrgUNKjIsgXRFAoCKdEEEF5bBTVUiFloihKROGUy6IplUdRII2gQBFNiU5EgUZInlJAvk5CnlpIuiyKDJWINLmIVLkUk0JBbEwMXpFhjAsL4sXQIFwjIgiIFBAWISAsMhy/4CCCIgWESGQEyBR4CWOZEOiNf6gXSeooKqxKGopS2FaWRlt5CjvKTeyemcbOWSnsXZrH50dWwqXtDFzaya3eNm5edpwJcQBpGwGlHa503IWki8FvBMidvVqjXv/sEAOfHb5rQ+NdQL4NY5D7Abl1duU986BV5UHGIHf+nRXcPLOMvvPvcOv8cvou1HOzp5kvzq/hyuEGNrw+lVlZKiotMmZlxfNato1ZaVYKk40kaxQoZSIUkhh0omgskhjKTUZmpiZRlqiiJEHJFL0ckzQWWWQUfv4hTPAJ49ce4fzEOZhnJ/jzvQk+/NDFj+dd/fm1ZyjuIbEEhcYQ4R9EXFgYk8QxFImiKRdFUSmMoFoYyXSJgApJDCXiaMplsZTKoimSRFCmjqEiTkypXkyWKIQMcRg5SgE2SRSJ4igSRAJ0sQKE0VF4BgfxclAAvwsL4tchQfwuMJAJIeH4RkYTEB6Bb0QUPkIJzrESXooW8oewcF4K8CVSEES2UcKCrDjWFFnYVmxzACkz0V6byq4ZNroX5dLb+SZ8tJWBT7Zz85Md/L13J/1X2hi8smt0LrfBld1w5TYURwav3Fl1H7ja8ZWxX+3Afm0P9ut777Pyfi8gh0YdzXVAGQHkXif2HgTI1wG431/6kY38y430H88/W4H6zq2k79zyYSC3zq/k5vkG/n6+mb+eXcenx9fQMDuH/PhophnFTNGJKTEZmGo1kqCXoVCKiIgKITIiBHlMJElyETkGJVOSVOQnKcnSSTHJREiiovELCMM9KIY/+gl4wU/AL/2i+LlvJP/uGczzrr78wTsIN/9QgoPCEYeEkBgRSk5sBOVyATOUMcySC5inFDJfLWamWk61Ukq1QkylLIZySRQV8mjKlAKqDFLqLDqm6cRkSqOxyGJQxUSgk4lRKxWExAh4yd+f39Fu9TUAACAASURBVAYF8auQEH4a4M9/+AfyYlgUzuFR+EYK8BYImRgj5tfh0bwQHsnvw8KYEOCLWh5NbaaBpblxrJ1ioK08hbYyK7vKLLRVW+mYmULH/AzOr6uDj3dg/3grtz7eyq3Lju0nA5e3Y+/dxsDl7Qxc3oG9d8cwlIHeXcOx97bR19vmOM8+lNGLjO2jgQztEB49/btvCMrBewIZjePotwfIbSTfHiArHEjOLefW+RXcOreKm+ca+du5Vv7P2Xc5vXMxc6cYyFCHYFWEk6wQkKyXEB8vRa6XECER4BkYQFBYGIKoSOSx4SSqBGQaZaRqxCQpRchjoggJDcM3NBqXkCj+GBjBCz4h/MI7iJ96BvATVy9+4+zBRA8vAnx9EQcHYI4OY6okimq1kLlaMfPVQhboxCzQSZkbp2FmnI4apYzpSglzDCrmJ2qYESenxqiiNF5JqSmO3DglmtgIIiND8A8OwiMkmJcDA3ghwJ8fe3nxvK8/z/v588vgEP4YHcO46BicQ8NxjhTwYlQMvwgM5hd+/owPCyVcEEGGQcbCnASaphrZNM3ArhIzO4vN7Cw20VZhpmN6Cl2z0znTUEHfyWYG3t9A/0cb6b+0hVsfb6bvk83Ye7cycHkb9t7t9F/axsDlHQz07mSgdyf23p3YL+3EfmkX/b1t2C/vHs7AlfZRGbzaweBtJNc66L/Wgf1619CJxZEV5euBfKmC/KNdrH8UyD1z9p8H8s3BWTECigPJ38428Nfzq/n7B1vZvryCQksMCfIg1NJwNGoBmngxkjgxwdIYnIJCcAsOJyAsmtjYaBL0EnItOjJ0ciwKIeroEERhQYgFUUTHRBMuFOEbHcP44FD+4BvEbzx9ecnNAzdPT4J8vZAE+WOJiSRfLqRaLWGmRsJMZSyvasS8qpdRq1ZQrVFTLBZSIoxmhk7BLIOSAnEkebIYpugVpKmkJEhFKGRiAqIjcAoJ4g9BAfzS34/n/f141tuHfwsI5MeBQfwyNJTfRgv4Y1Q0r4RG8GJoBP8VFMzPvL34rZ8PwYIIzHo5tSkGluUa2VCYzLbiRHYWmxzPCClKpq3MRGe1je66VA6+lsOlbfOxn10DH23C/tFG+v68kb5PNmHv3YK9dwv9l7bQf2nrULbTf2k79t4dQ9mJ/VIbA727h/Pl2S9Hd8wBpJ3+a+3Yr99Gcj8gh+48RuGuG1C+dUD+p3D845VlJfZzy7HfRnK+ni/ON/H3C+u4dLSBDUuLyDZLUKkEiGVhRMtCiVIJ8BVG4xIhYHxgFN5hIkQyOQkGJbkmPdMS9BQadUxSS8hVi8kzKMiNVzElNYl0axIymQz/0HCcff3x8A/CLzCQsKAgZOGhWMSxTFHJKVbJKFOIKZPEUKOUMkuvpkKjokyrpkAmpkAUTalcSLE8lkniCIxhfhgE4ajFMYSFBOIRFMS4kGBeCPTn50GBPBfgzw8CA/hRcDA/Dgnlx4FB/Dw4mF9HRfH76Gh+HxrOL319+KmnOy/4uOMTGUycUki5Wc/ijATHxd2FSWwpSWRHieM04q6iZNpLTeypsnGgNp3D87I58uZkPni3js/2L2bg4lr6P95Af+9G+ns3cutjB5aBy1vp++QOFHvvtm8AyG0k9wdiv3HwzuUONw7/64Hc/f3/SRwPB6SeW+ca6TvbSN+5euxnV2A/944jF1bQd6GBv55r4osP3uXSsQYa364iNT0BgTiYSHEQIeIwAqRiPGPkjA8U4hEqQSBSoFMpSE9QMzVRT6nFQGG8nOJ4MaUJIqbqBRSYlWQkKFBKBUTFROEXHo5PaDgBYRGEhoYhDA3DIIghVSQiRyxmikRMvlhEsUJOuUrNNIWCXJmIPLmQqdIYcmLDyBGFY4sJJUUlQiMRECOMJlggwCkklBf8Avg3L29+4OfLdwMD+H5oCN8NDOSHAUH8m68/PwkI4FdhobwQGsovfPz4kYszv/B2xTUyELkqlsmJSuZZ9axMj6M1S8+7+UY2lSSxrTiZ7QWJ7ChIpL0oiT3lVvZXp7C/LpUD8zM5vjSfD96dzvW9i/jL6Xr+9qc19F3aQN8nG+i7tInBK9vov7R5GMfA5e0MXtnBwOWHAbLbAeT67ruAdH8lEPvIG1BuHP5mpnm/CSDfJISbZ1bcM46xxWgo/UOxnx0NpO9s81AaHd2s8+/Qd34ZN88tpa9nBf0Xm/jr6Xr6Lq7jz8fXMaM6G1GsF1FCP1wC3XCNjMRTEsf4SBUeAg0REhW6OA2T0pIoSjNRYokjWxFFrjyUAk0ExcYYipLlJCuiEEYHExkTiW9EGH6RAvwjovEPCScoIJjowFDkIeEYwqNIEUrJEEuZJFWSLZaTLpGQLIggVRJLpkyEKToUmzQWs0KEUhiFRC4iQBDNi77+/KevPz/y9uU7Xj485evPI94+jPH05nFvX77jF8gPfAJ41seP53z9+JGXFz92def5iU44hQQgVglJMyqoMWt506alMVXL2uw43s1LYHOxia2FiWzLN7It30hbQQLdJWb2Vtg4WJfG4TlZ7J+XzukVBXzatoBrB9/ixukV3PpoLQO9G+nv3YS9dxu3erfR17ud/su7GBia3Rq40kbfpXb6LnfQd6Wdvsu7sV9uh952x+r8JQeQ4Snga+0MXNvNwI12BoaADFzvZuDG7SpyZyar//rtW1AOjUIy8uz6mP7zDfdswA+6GHc/DPf7jG8CwEO979xybp5bzq2zy+k/uwL72ZUMnFnJwJlVDJxpoP9sA31nG7h1rhH7mRYGzrTQf7aJW+dXcevCCvouLOfWxeXcOreUvtPLsJ9eycCpev5yop4TuxdRV6xHrfTHK9QD5+hoJkh0/E6g4tfhsbwcEYaPMBiRLIwUnYyKdDNVtkQqE7UUaSTkq8VMiVNgUkqIjYrEPzQU16AQxvkHMz4gmPG+gUzw9MPF3RdfLz9iQiORhEUhCwnHGCsmXiBCHRGJ8v9S995hVZ/ZwvYugDUxPZlJMtFMmhXY7N4rvQsiitJ7EQErYm9IFSt2ul00NsDeS6zUTDKTaWlGYxKVpsn9/rGJycyZ831z3nPe6/2+P+7LzZZ98c++f+tZ61nPerw9CfPyIsTDkyAPT/w9vQgKDMbk5YPc5slosztD1QaeVagRqzUI1VoEKj0ClQGRyoRYbUasMtJfa6KfWo+DQs2zai1vy3XI9GZCgoNJCg9hdkQwRVHBbIoPZW9mJAdzYjk0LY4jM+I5OiuGxtnRHJsTy8m8WM7Mi+fsggQuLUvlWtFULhSksWd6CNfX5/DgUjnfXl3H/Rub6Pp0N08+P0rvF8fo+eoknV+epPer0/R8eYLeL4/z+M5ZOr84w8Ovz9B1/zyd35yh9+tT8OUp+OIUfH6KH784RdfXp3j0zSl675yCu2f46d4Zfvymb7/kZ0G+/fmMyKVfzq7f/ccl1pN7H/3DTN9/Kch/tTfq/6uCdHfU0NlRTdfH9tc9HTU86djOk/btPGmr43F7Hb3tdfS019HTUWf/v45aHrdX09NRSffH9ujx+JMqnnxczZPWGn5qqYO23Tz500E6vzjJlRObmJkdjs1bgy7QF0lgKO96BfOWuy+/Mxl4z6xGH2Bl/LggspPjyE2NZ3b8ZDLHB5MeFkT6xDDCgwIwWqxIDUZG6Q28rTHwttbA2xotv1dpGK7W4aozoDSa0epNmE0WfNw98PfyxWI2o9VpUKvV6PRG9FYbOndP1F6+jDK787bOxOsaA8/LVTjKlAjUGgRqPQKNEYHaiFBpQKDQ46gyMFBlpL9MzbNqHW9bPdBYPQn0DSQmNITUYF/mhPqyOiaU6rSJ7M+O4fC0eA7nxHF4ehxHZ0TTODOKY7NjODknjtNz7Vxalsql/FQurEhhd85Yji2P4/7Z1dy/sob718p50FJD72cH+OnL43T+5Sjdnx+n8+/H6PnyJF1fNNH5l8P2pdadJh5+eYQfvmig54smnvy5Af5yDP52Cr48Se83p+i8d4beO6f5qW+c0JOnZ0cu8vh+33n1b6/Q891lHj+dfvKP+yH/IMj9/4OC/E8n5P+7gjzqqOVRRx1dHXV0d2zncbtdjCdttTxuq+Vxey097bX0tNfQ01FBb8dWeju20t2xla6OCro6KunuqKW7Yydd7XvobKmnu/0Q37Qf4Ys/nuSzjgYO7ColLzcezyALmgBvJIFB/N7LhzfMNoa62xjh5Y41NISQSZMYGxZCgL8vQX5ejB8bwPiwEDz9fHAzGvlAq2OYVsdvNHpe0eh4WaXhFaWKNzVafq/T845GywdaLW4WK1KjGYXVhsLDxmi9lnflct5TqnhPq+P3WgPD9GZeUWl5VqZikEKDk1yFUKZCoNAiUBsQaEwI1EYECh0CqRonNxXPuil5Ra7hPZMNjbcfQb7+JI4fz7SIcHLDAiiMDGFr8gS2p02gfmoUB3Ni+TAnloPTYjk6LYqGGVE0zYzmxOxYTuXFcmpuHGcWJHBqcRwnl8ZTnzuey+uyuHumjG+vruL+R+v49soGvrtewcOWnfzQto9Hnx6m5+/H6fz7cTq/PAlfN8Df6+Grg/z41WF67x6n9+uT9uukvzzHj5+f4acvT/P4zkm679jn/j6+d57H9y7Qe/cCvXcv0vvtZXrvX6b326v03L9Kdx+9T6efXP3VpaA/C3KDn+7fQPDPX/D/J0H++3sN/zOC/Lt0tVfzoL2Ghx11dHbU0d0nx+O2Gh63Vttpq6K3rZKe9kq62jfT9fEmujq20P1xJV0dtTzq2Mmjj+v54ZPDfPuHBv568yAfHa/m0umd3L7dxCftx/hrRxMXj1ewfGkGOnc5bl5mhlks/NbiyYsmDwYpdLzr5Yd0bCjygECkXl5o/XzQ+/tiCPBD7u3Fe0Yjb+n0vKrR8oxKy0CVlv5yJf2lMgbJ5DynUPGiUsVvNTreNlv4nU7PWzo9b1vMvK7T8JJcxvNSOc/JlDwjVTJIocFRqkIoVSJUahCotQgUGgRyHQKlAYHKiEilR6zQ4iBR8IyrjN+6yRmjMWD28CXYx5/k4CBmR4xn0eQw8iOCKI8PoyZlAjuTxrM3I4L6qVEcyInhw5wYDmdH0TAtisbp0RyfFcOJ3BhO5MXQlBfF2YIUDsydwM5ZIXy6Zylfny3lzuVS7l1exZ2zpXxxvITPm1ZyZvN0Dq/J5PqhUh78pYlHX5/h0Z8PwN/2wOf7+fFOA913T9Nz/yq9967R/dUVer64wJOvz/HjN2f6BtSdeXoepPfuRXru2QXp/vYKPfeu0P3t1af8PDXlx/tX/uHWXLsg9ltxBU/+hSD/NyPFvyNIb9u/R3d7NY/aq3jUJ0tPnxg/tlbypKWCJy0V9LZW0NO2je62bXS2b+VRxzYefVzDwz/s4sEnB/jujw38vfUoF07Usqosj8mxgZi8lKgsEszeSqZmhHLzbCXffdbIpaNryUoPRu+t5vd6Na9bvHjW6Mtgsz+DDO48b/LkN1Yv3rR58LbNnWFmM++5e/Cuhxdvmiy8ojcwRK3DSanDSaXHUanBQabCUa5mgFzNYJWO53QGntfqGaLSMESlYoBcRj+ZFCeZHCepEieZBieFDqGbGoFUjUCmsYuh1CKQa/quV9Agkttvtxog1/CiUsP7Bgsqiw0fDy8mBwSTFhTMvPAQlk0cS+nkEDbEjKMqcTw7U8LZkxLOvrSJ1GdO5kB2NPuzozmUFcmRPkmOzYzm+OxomuZE0zg3msPzJ7N79jhOr07ns0Mr+MuJAv56Jp8754q5e6aUe8dLudNYyudHV1KfH8/SVHcOVs3l3t9O0vPVKR7/9TCPvzrB1385xplz1Rw7vYOWjnN88sl5vvjzRR5+dZXuOxfo/PIUPXfO0ftUEPswusf3Lj6dsdV778pT7MMdLvYJYo8k/yjILbsg/25/1f+EDP9tgdprePyf0NtWTU9r1VNBetoq6WrdSndbBb3tlTxureDHtiqetFXR21zB45Yquloq6Gqr5EFrJd+11XGvdQffffIh9/90jOZLe9i3ax3TZiXjHuLB71Wjed75HV5wG87Lo4by+rAXMKrfZsuKRFobivnjmXWc2ldIalooI3VuDLN48Jzem+c9Quhn9ESkNtFfZ2aw3swLZisvmSy8bLbwisXGSyYrQ3Qm+iu1iGVaRDIdYpkGsVSDg0zTd4eI/c4QBzcVYokCB4kCsVSJg0KFWKZG6KZC4KpG6KbDQWFEKNMjkGrsokiVOErVDHBT089VQX+JkiEyNa9rDYyxeWD29SPUP4BYf39ygscyPyyY4ohgyiYGsn5yEFWxoexOCac+bSL16RPYlz6B+imT2JcZSf3UKA7nxHAoK5Kj0yJpmhlD06xIGnIjOZw3me1ZgTTkx/JJ/VL+fKSQPzUu40/Hl/L348v5qmk5d47k8/XBFXx5pIT2PSsoywlhTqo3NZty+aT5ED98dY1L53aRtzgTrwneaILc8Y2fQHh6FJl5aaxaO4/TTdu489lJuu9douf+Jbq+OUdv35Hb3rsX6Llzjsd3L/DTt5f58e5Ffrp/hcd3Lz6dfvL43mW7HN/9nLDf+CWC/P9KkI5/T5DH7TX0tFby08fVPGmv4MeOan76uIbu5kq6m6v56dO9dH+8i+9bavnu4918/8k+HvzlOJ93NHG6YSvLFmUSHOaN1Kzmfb2Kl6SuDJG50V/qgoNkFEOGD8VokrB8TgwnqufSfnAJnx0roOPkWjavmo73WAsSb09ekGl50eDNIIMHA/RWnNT2atFAg4WBOhMDtAYGaAwM1Bjop9Dh4KZG7Ga/B0Qk0SKSaBG76ezvuWkQS7SIXNWIXFUIXVSIJEqEUiUCiV0OgasOkcSI2M2ESGKw30wl1dBfpmGQq4JnRkl4ztmN12RK3tEYkLl74eEbQKi/P0lBQcwKDWH5hPGsmhTG2gh/Nk7yZ1tUAHVxIexNDmd/6gTq08LZlxbOvoyJ7O2T5MDUSI5Oj+PDrMl8mDWRhllRHJ41idoMf+pzw2mtm8cfDyzn04PL+PTIYj45upA/H1nE54cW88WBxXxev5RPdy/hkwOl7CzIIDvSSkqkjcUL0llRNA+/cb68K3fhPaOOoRYLb3laecfbxmg/CypvLX4hFpKTgtles4S//rGBngc3+OHrCzz65iJP7l/lybeX+en7j+DbS/R8eZLeL0/by77/kH/8el/kBj9+25eD/HcE+a9+uf/5M/87ucXT/OGf6G2porel6lc/V9LdspXedrs4nc3VPGrdwYO2PXzbWs+djgN89clh2m/s5nB9CfnLpxKfEo7Fz4SbVcdws5E39Xqek6sYIJHSXyLB0dmZwVIJnhOCWLksh4bKJZyvmk373jz+fGQJnzSV0Fi3lIyUUFKyklF4ejBUo+NljYEX9EYGq7QM1ujpp9HioNQgVvTdKCVT4yDVIpZocJDoEbvqEbnoEDprET1Fg/hXiJw1CF0UCCVyhBIlAhc1Qhcdjq4mBriZGSAxMshZw+AxCp5xlvGyi5S3pHI+UOuQmW0YPbwI8A1ggq8fsT7eTA30ZUn4WMoiwyiPCmXDZH+2RQdSGxfCzsRx7E0Opz41nPq0cPamhbM3fSJ7MiLYmzmJfVMnsz8rigM5URyaHkl9Vjjb0wLZPzucGxtn8MmuxXxav4RP9i+hY/8COvbP44/75/PZvnn8afdcPt01j493L6GtvpTdxdmkjzcTHWohIswb30BPJGo5HygVvK3R8Ru9gRctFl7xcmdYgBej/D2RelvQ+xrwDdGTkBbEuk3zOX9hF198fpGH392k+/51uu9e5vE3l+H7azy5d5nH31yh95t/LPU+vvurfZH71+xVrP8TkeL/RNLd3V5Nz/+LID3NlU8l6W6ppLutlkdtddy9UcX9ll10fnaM7/96hj+3H6Px6DYWLp+K/wQbSg8ZI/SuvKuX87ZZx5tWC89q9QilCvoptAxwU9Fv+CheHOOMMXQsBfl57Fk9h8byGVzaks3Hu2bxl0ML6fhwGU0Vc8mJ82L9yvnMmp5CUFgQrjYrv9dqGWow8qJKzWClggEq+yRGoZsSkUSLo5seB4kBsaseoYsWwRgNgtFqBL+6oUo0RoN4jAbxaDsiFwViNwUiNxUiVw0Orjr6S00MdDUy2EXHs6MUDBkl4VVXGR+oNaitZmxengT5BTDe158Y/wDS/PzJ8vEiL9CbFeEBrJocxNrJAWyKCqAyfix1iePYmTSe3cnj2Zs6gb2pE9iTEs6etPHszghn95SJ7MmOpC4tnA+nR1OfPYma5AD2Zodxe2Muf9u3guaqXNp2zKN99zxad82lY/c8/rBnHn/YnUv7jlm01M7hamUu13YWUJOfRXKIlaQwf2LG+REx1ovoCcGkpMYTEhXBW1oVQ7QKBpg0DLIYeNXDnfd9/XHx80MZaEMTbELpq8UYoCd7bgofNlTyt79dpvtBOw/uXOOHLy7Rc/caT+7doPeba/Tcucrju7/eC+lrQbl/9f+OIP9QaWqr+i/R3Vb1NFL8Mz3NlU8F6W2poqulmoftu/iuYx/ftO3jb7fqOXN4I6tX5hKXFIbaQ8P7WjeG6pW8qVfzhlnHKyYdz+i1OGi0CDV6nDQmRFIVg1wVPP/+SEZL5aQnJ1JRMJcDxVM5tTaTa1syaavO5i8HF9JWv5hzNQuYNtnI2gXJbCmczpLZaYyfGIbBywuZpwdvqpQ8K3VjsEKJo5sSsasSsasGJ1c9jq56hK46BK5aBGPUdpw1CMZoED4VRIt4tBYHZx1iiRIHqRyRmxKhqwqxq5b+EiNOo9QMcVbzqkTNUKWOMWYrGg8bNncTAd4eRPj7Eefty1Q/f+YFj2VxSCAFYQGsnBTAmugg1sUEsDEmgG1xwVQnhFKbEMr2xHHsTh7P7r5EfXdq2FNJdmVNZkdmBNunTKQ6OZgPZ07m5rpZfFqzhE/qFvKHnQu4VTWLm9UzaKmbQ2vtHFprc7ldPZ3rlTlcrsjh3LaZHFk3k3nxAYwzyYgO8CI3fiJr5yRRXTCTLYVzWLZ4Gt4T/HlZ68JAkxIni4Fn3L141TOQ161+vOvjxeggX9xC/JEFeaLws2ANsRGTFs6a8sVcubyfb764xsNvmum9e4sfv73Nj9/eoveba/R+Yy/zPr535emooH8pyH/lqf8fk+i6X/gXOcMvCXT1r770lfS0VfwjrRX0tFbS/VSOajrbauhqq6Gn1U53aw3drbV0tdXS2VbHo5ZaHrbU8ahtOw9bd/Bd6y4+b/uQi8e3sHJFOonxAfgFG1BaFYwyKnnXpOd1g5FnVTpeMFp51mShn0GHSKtBqDXYN9RkagSuCgaMdOW194fjaTKwcnY2u/Onc7QwjVNlaXxUnk5rZTYdu3Jp3b2Qa7uWsjDOyuqZE9lROJXSmfHMz0ojJS6K0PEhGPy8GWEx8ZrSvvcwUKJhoJueAa5GnFz0iFxUCFyUCJyVCJzVCF20CJ21TyUROusQuRgQu+gRuykRu8kRSRR997Er6T9GzYtSPUM1FkYabEhMVtTuHrh7uuPvbmSch5UYb09SPT2Z6evLoqAACkICKQkPoHSiP6siA1gfG8TGmEC2xI6lIjaEytgQquND2JE0nl3J4exKGf8rQcLYnjmB2inj2RjrQ/3MSG6V5/Fx1WL+ULuIj2sX0FyVy+2aXG5WzeTatulc3zqdj7ZO48rmLM5vmMLJ8gyOrJ7C1vkxxPvIiPTQMDMmgq3zMzm0IoWzG2ZzeUcRN47VkDcvhd+pPuAZnQSxWYPY4s5AayCDDb68bPPmTS9fhnp7Myo4AGlIALJAD9R+FqzBNkImBzA9N4W6nev46x/P8/1X1+m+30zn3et03rnK428/6ht+fZEn9y8g+K9Eiu6Our5Nsxq6OiqfYm/lqOnbcNth5+OddLZU87i9jp/aa3nSXMFPLZX82FxBz83N9LRU0NVaSVdbDb0dW3nSvp4f28r5sX0TP7ZspPtGOb23t9LTWsWj1iq+v13Fdy21POjYwYO27XY+3s33n9Rz9+N6vuzYz59u7qXt6i7artfTfusgN28eYU7xfFw8DbyhGMMwk5rXjRretFl4zWrlRbM7Q4weDNJ5MEDrgUhtRqQ24KTS0U+mQSxR26tCrlocR0l4bfgHRIb5sGlOAjvmx3EwP5HjK1M5szady5uzaK6bQ8feJdzYsYjti+MoSg1k+/JMNs1JZlVWMivS45kRPZGE8BDGBgWitlj4QGPkNzIdzzirGeisZbCbgcESJYNc5PQfI8NplByn0SocRqsRjtEgGKOzRxRnNQKJBqGLCrGzHMcxMgY6K3nJTcObMi0jlAYUBitarQmzzoSXyUqAwcAEq5Fkf18yA/yY5u/DTD9vlo0LpiAsmJIJwZRNGsvqqBDWRo5lc1Qo22LCqIwZT2XMOKrjw6hNDGNHSji70iawK308O9PC2J42lpqMQLal+3FwYTStVQv4w84l3Ng6m1tV9mHg1ypncrViBpe3TefC5mzOb8zmfHkWp9Zk0liSzsGCVCrnTKYoJYCZE8zkxfhRmBVFeVYImxNUbJ/tx65lkVzfv4pz+7cQEubNS9KR9NMrEBgNiKw+9DP6MMTkzvMmK69YrfzWw4OhXp686+PJCH8vxgR4M8bfE1d/d2SBNvyi/FhcNpvjl/by96+u8uC7W3z/9QW6716i+5vzPP7uAoKeDnubxa+xS/Af6WnfTk973a8iSCXdHX20V9PTXktvWx09bTvo7tjBo9ZquttreNJWw5PmCp7c3sbjW1t53FJBV8s2HjRv5UFrJQ/bKuhs38aj1m38cHMzD25uo6u1ju6OvXzfuptv2/Zyr+NDvmo/wF9a9tJ+rY5LJzZw8ugajn64il07i5m/KJmoRH98QgzYggz4R/gSHD+eoUYtr+q1/NZi5jmtBieFgkE6I/21RvppzThprDipbTiqbQjVFkQqE/3kWga4qXF0UdvzgDFqHEa6XN53sgAAIABJREFUMUwqIW5SIBtzY9g+L5p9i2M5UpDEsdJkzqxL58rWaTTvWMCNuoWc3TKXohR/tuTFs2lWAhuzEihNiWJ+9HimRYwjYXww44KD8A4IQunpwwijO0M1Ft5Qm3lTY+A1uZrnXeQ8O0bBs85qBkv0DJDocZLoEUs0CF1ViNzUDJTqeEaq5Xmplt8o9AxTGRiuNOCi1KBW6zFp9PiazIR5eDHJ3UqSl5WcID9mBfsxb6w/C8f6sWJcEEVhgZRNCGbNpBDWRoZQHhnClsgwKqLHUxEznoqYcVTGhVGTOI7apHFsTwljZ/p4dqSFUJnoS01mACeLkmmtmktzVR43K3O5VTOHjypmcmXbDC5tncaFLdmc25zFuc3ZnNs0jbPl2RxbOYUPlyexa2EcO+YnUrMgiXUzJrM4MYCSaZPZMmsCh5ZMYm9+JAfK0ji+dSFX6zezoWwRIwxu9Nc4I7boEBlN9De484zBwrMGC0NMZl4wW3jZauVVq5nXPay87ePFu/7evOfvxfv+HjgHGlEGGfCI8GD6ojROntvFw4cddH7fTM8Pt3n47UcI7FHh36OnfQe9rdvpbqulp72antYKutsq7KL0bcT1ttXS01ZHZ0ctj9qq6Gyroru9ms7WSh42b7Mv4f6wgx9aq/i2pYJv26v5srmOvzfv4uv2/dz9+Aj3/tDI3U+O83l7E7cv7ObYoQ1UbV3G3DnxTIr1wTvUiMZbisQwmpGq4QyVvssro4fy/Ijf8fyo3/OKbDRvahW8YdDwqtHEEI0WR6kUsVSOk0qLg0qPWG1ArDbhoLLgqLLioLIiUJkRKw04SbU4uapxcO4TZLQKx5FujDEZSUsIZ31uAnUL4tm32B5FGoqSOVGWyrn1mVyryuWjmvlcqV3CxukTKEgOYNucJLbkJLAqNZLFMWHkRo5jSvhYYscFEx4SjH9AIBZff7Qevshs3owymXlPb2KYSscbCj2vK0z8RmnmRYWR5+QGnpFqGCBRMsBNxfMyjf0uRJWe97RmxhgsyI1mtEYzRp0BD72Bse42Jvn5keBjI8vXyuwge0K+ZKwv+SF+FI71pSTEl7IwP1ZPCGBtRCBrIwJZHxHCxshQNkWNY1N0iH25lRhCbdo4atNC2RrvR0WSH7unjed6+Qxaq+bSXjufG1tncXljNpc2ZnFpczYXN2dzYXM2ZzZmcqo8g+NrMzixLpMTq6ZwtCiVfYvjqcuLYs/SNA4U57A1L47F8f7sLp3NudoiLtQsp37dTPaXz+bQhnlc3rOWW+cO4D/RiyHq4fQ3y+mn0zBAa2CQwcIgo5XBJgtDzFZesNp43mzmebOBV90t/NbTxhte7rzl7c47XibG+Ntw9TXhbFEQHB1E6frlfH6nne8efMYXd1oRdLVv59+hu207va07eNy6nd7WGnsi3Grfie5tq+yjqi+/qKGrrYKu9goetW7jYWsV37fWcre5hm/bd/FF83bu/GEfn3fs5pNbtVy/vJPjJ7azZ+8GKqtXsrZ8OcsL80idGov/eD+kFjlj9FKGayUMVbvyW72S1w0qXlbLGSKX8IxcxhC1hmdUGgYqVQxS6hio1jNAZd9bcFLqEMs1OGmNOOpMCJU6RBoTQrUJocresCeS//yv/QktdlYhGvOzIEoGjJIgtVnITJ7M+rwUaucnsGthDPVL4jiUn0BjcRInytI4vS6Lj6rmc7FiAUdXzWBhpI3StHFsyYmnfGocKxImMndyKDnhQaSE+BMV6Eu4nzehfj4E+vjg5eWFwdMTlbsnMqs7YwxWPtCY+b3SyFsKA2/IdbwqUfKii4wXXWX8RiLnLTcl78nVOGvtDY1GswVvdxveJgP+Jj2hFgOTPCyk+FiZ5W9lbqAH8wM9yA/xpSjEl+KxPpSG+LAqzI814QGsmRDAmomBrJ4YzLrJYymPDmFDzFi2JIxla1Iw5XE+rI9xpzYzmFMFqdzeksftitnc2DKdjzblcHVjNpc3ZXNxUxbnN2RyfuNUzm2c2idHKk2r02gsS+dwcSoHliWwY14UlbMj2D4/gcq8ONZNm8TGOfEcKV/E6R1rqFuzkOzEAMLcR7EwyY/L20v5w/m95MyO4SXFMJzUI+mvlSOWKnDQGXHUm+lntDDQYuMZmwfP2twZYrUwxGJhiMnE81YTr3i484aHB29YLLzr6c4IL3ecvaxognyIzEolKjsN36jxCDrb6vhn/jNBnrTs4Enzdp401/CkpZrHzdt43LLtF1FaKultqaG3pZonzVt43LaFRy1b+L6lhm/advPn23u4fHobmzbkUrZ6FjPnxRIe7YlnmA2Fj4URBhXvaOS8rbYPUxumU/M7nY7fGvT81qDnFYOO5/R6+qkNDNSa6acx4agx4qSzIJZpEcoNOOrdGWDyxkHvgUBpxkFlxklnRag2IlDqEWhMCLUWBGozApXB/p5Cj1CuR6QwIJRqELpqEI5WIxittZdYR8oYOHwMznoNGYmTWDs3nW158dTNjWTHgij2L43jcEESjcWpNJWmcX7TLC5snc/ZLQvZlhfNggh3ihMnsDYznoLEScyNGMuMCcFkjQsiMdCXSF8PJvl4MMHLk2B3G35eXnh5emOzeaMzu6Mw2HDTWXHRWHDWmBiu0PK+TMX7MhUjZUpcpCrcZGpUKg1mvR4vo4Fgi5kQs55ws56JJh3RNhOZvu7MCfRkfpA3i4N9KBgXSFGIP0UhfpSGBrByfABl4YGsnhhEWUQwKyOCWD05mNWRQayODmBdrD+rojxZE+vJ3twILq+bzu3KuXy0cTpXN2ZxbXMOVzdlcXZtGqdXp3B6bSqn1qZxel36UzmOrkqioSyNIyVpHFiRyO6FMdTMmcS2WRHUzI2jcm48pRnj2Dw3gb3Fs9i+cj7+ZjlDX3NAP+YlynMjubG9kNaGzZSVTuM1+Zv0V43ASSXDQaGxdylrTQh1ZsR6C04mK/3MVgZY+jCZGWQ286zNnVe8/HjJ6sVrNk/e8ffnXW8f3jQaGR0QyAg/P17TahF0tdXS1Wqns+91T9t2utvt9LRtp7utju62On5s3c6T27U8aa7mcXMlj5u30dtsF6SnpYLu21V0N1fT21wNtzbz5PYmulurude8k8/bD7G/fi0BYTbek4/gXY2E36kkvOI2kpdkrjwnk/GcTM5zCiVDlCqeUaoZqFQzUKOjn0aPWKVFpNLhoDUi0lgQKo0IlUYEKhNCpRGxxopYZ7Ojtdp/R2VGoDAjUBgRqMx2+j5jx4BQaUesMCCSaxFK7GVV4WgdwlFahKNUOAx35Zn3P2CU3JmMuHDW5GWwJTeO2rlR7JgfQ/2SeA6tSKKhMIXGkjSOr8ri9IZZnFg3k+PluZSmhzJ3YgDLEyexJG4isyaOZUZ4MFNDg0gO9CPax5PJXh5M9PBgvM2dEJs7gRZ3fE3ueJo9cbd4Y7X4YDJ5YjB6oNVbUGsNaLVG9GoDRpUBk1KPTaXDR6cn2Ggi3GxistVErLuFOKuJNC8b0wJ8mBXoQ26gL3ODfFkcEsiSsQEsHxtAfkgABWFBFIbb7w8pDA+kJMKfogk+rBjvTtFEd9YlBLBj5iSOF2VwddMsrm2ZzaXybC5vyOJS+RQurEvn3No0zq1L58zaNE6uSeHE6hSOrUnh+No0jpYlcrAkgYOFidQvT2D34hh2Loxhx8I46hbGUzM/nlVTxrE0xpv10yMpSAlh+mRfvHWjmBSsZvPyFJrrS/nT/lI+adxA9ZYFvK56m8EmGSK1FketBwK9BYHejEBvRqi3IDRYEBnNiE1mHE2WPsz0N9voZ7DyrLs3g41WBumNvOzuyRu+vrzlH8Bb/gG8YLYh6G6ppOt2FV23K+lsrqC7uYqeFvsyqae1hp6WGrpbqui+XcGTlmp6b1bQe2vr02a/nuZtdN3eQufNbXTequLRzWq6blXz4/XNPGmp4vsbNXzRfIDaqiJ0nlqGKWX8VmfiRZ2NZ9Q2BqmsDFSZGKDS0l+tpZ9ah6NWh4NWj0inR6jV20uuWpP96aAxIlTpESn0CBVahAotIqUWsUqHWKW33zar1CFWaBDKtQjkJrskSgsCpRmBwmBHaUSg+CV6iGU6HGRahK6qvmWVEeEoHeLhcgYOH8ML7wzD1W0E05MmsC43nS2zY6maE0nd3Bh2L4hj/9IEDi1P4khhCk0rMzm5djon1s+gYU0O+0umUTwlmpxQH6aND2T2pDCmTQghIzSIxCB/Jnl6MsHDgwgvHyZ6+jDe6kWo2YMAgxUvvQ0PvTvuBg/cTZ7YTJ5YDVYsejMeejOeOgt+BhuBRhuBOjMhBgsRVg+irTbi3d1J8fQg3cudLB9vsvx8mOrvw/TgQOaMC2F+WCgLQ8eyMCSQhSEBLAoNYHFYEEvCg1ka7s+iEDMFEz1ZHedPVfYkGguyuLB+NhfLZ3KxfBrn12dxfn0mFzdM5fwauxxn16ZxZk0ap9akcmJ1Kk2rUmlanU7T6gwOFiexvyCBfcvi2bUwhp0LotmzNJE9y1PYuSyFbXNiKEoOoixjHBtnxrBhRjTlcxLYsCSDXetmcn77Ym7XLeDTnUv5U8M69m0vZKhxJANMKgQaCwKNFwK9DYHB0ofVjtGCwGhGaDQjMloQGy04GC04mW30s9job7HS32xmkNXCEE8PXgnw51X/AAbb3BF03thE143NdN3cTNetzfTc2krPra10395ijw63t9F9awtdNzbRe3MzPTc203t7M73NW+lu3kJX8xYe3NzMgxvb6Gyu44cbNTy8tZ2u69V8f7WSuy0HOH5wM1qbmtfcJLystfKM3gdHrR9ClS8ClQ8itRUHlQ6xWodQo0Og1SPQGhCodQg0fah0CFT2lm2hTIVIpkQoVSCS2Rv2HOVqHOVqHGQqxDI5YpkckVSBUK5HIDfao4jCgEBusLd8/4xMh0iqQyzV4uCmQejSt7QapUcwQov4fTdec3FFadEwIcSdJVOj2JibytbceLblRlGTF8POeXHsXRhP/ZIEDuYnc6QonaayLI6ty6ZpXTZH18ykZkkOy5MnkTPOm9RAd6aMCyB5rB+xgX5EBvgx0c+PUE9vgqyehFq9CDJ64KOzYlWbMahN6LUWTEYPzEYPLHoLZp0JD4MJT70FH6M7/iZ3AowWQkxWIqwexHj6kOjlTYqXJykeHqR7eJLh60N6kD/pgX5M8fclK8CHGYG+zAjwZm6oP4snBDN/nB+zgz3IDTKzOjGQnXNiaSzM4szqmVwoz+X8+hmcXZfD2XVZnF6Twek1GZxZl8GZNWlPObU6g5Or0jhWls6xVVM4tjqTg8Up1K9IYNeyOOrmRVKXO5kd82PYl5/GvhXp7FiaQnFqEMWpwazNmsjmWbHsWjqVxnVzado0l+PbZnO+YgbXt+Tw2Y6F/OnIGg7tLWOktxwnnRKB2oZA528XRG9BqLcgMljtGK2IjTbERgsig/kXzGbEZjMOZhNikwEHk55+VgPP+rjzvK83A2zuCDqvrqPro3K6r2+g58YGeq5vpPvaBnqub6D3xkZ6b2yi58ZGuq+X032znJ5b5fQ2b6T79kY6b23kwY0NPLi9lYe3q7l/vYofbu3kh9t7edjxIX+/sY+zTVX4j/PkTYWEIUoNA7TuiDSeCFR2hBpPRGoLYrUeocaAQKO3ozX8IoXK3rItkqsRyVWIpSpEbkpEUoU9MZOp6KfU0k+pwUmuxkGmxFFml0Ys1SCW2iOEUKZDINUhkGoRyOwIpVpEblrEblocXNV9gugRjDQgGK7G6X1XVD7eJKVMZkZqGAuTxrJqSgQVufFU5sVSkxdLXV4cu+bHs2dBPAeWJnNoRSpHijNoWDWFxjWZNK6exqHSWewrnEH5zATyIgNID3Yn3t9GbKAPkwN8GefjTZCnF4GePvhavfA0eWDSWVGrjcjUBtw0JqQ6Mwq9BZXehNZgxGiyYDJasJhsuJvd8Ta742exEWR1J8zqQYSHJ1GensR5eZHk7UOSnw9JgT6kBfuREeRDhq+NdG8jmd56sn30zAgwsCDcg/WZk9i7eApNRVM5vWoaZ1ZP5+TKLE6UZnJy5RROlmVysiyDE6WpnFiZxqlVGZxald5HBidXZXC8LIPG0gyOlKRzqDiNA4VpHChKY8fieKrnRFI3J4pdixLYszyN2oUJbJo1mbU54azLmcj6nAg25ESyY0E6DWUzOblhBuerZ3O1Zia3K6bzpx0L+Gvjehr2r8E1QI1Y4YJIbUKk9kSoNSPUmRDpzIj0dsQGCw4GK2JD33s6k/13DGYcTHZBREYDIqMOB5Oe/jYzz3h6MMBqQ/DgfAmPLq6i6/JqOi+X8ehiGZ2XVtF5uYzOy6vovLSarsureXRlFQ8+WsmjG6t4dGsND2+t49HtDTy4vZmHLZU8aK7lh9s7+L55H59f2cm1k9VUVuTjN96dF0b9npf09mWQUGdBoLbY1/9qA45qfV/Z1YRIba8sCTQGuyxqPUKlFgeFBke5hn5SNY5Stf1Mg1SDSGpvDXeQ63BSGnCQ6xBJtQjd1AjdNDjItDhJNDhJNDi4aRC7qRG5qRFI7JtsAklfQu6qQeSqRuystAsyxohghAnRcC2DhrsiNetIig9hxYxIymdFszErgm0zY6iaG0dNXhy1c+yS7Jwby75FCRxYmsThgmQOF6dyuDSVIyWpNBRNoaE0hyOlM9i9PIvV02OZEubFOJsGP6OKUB9Pgny9Mer1WGxe6CweKIw2JAYLow0WRujNfKAzMlJvZozBiKvBgNxiQWm2oLJY0VrdMdk8sdk88LS54+fuSZC7OyE2G6FWK2Hu7kz0MDPJw8AEk4rxGlciNC4kmqXkjbOxOnUcexal0lg8jcbibI4WTqGxKJUTpVM4UZrBseI0jpek/4pUjhWncKw4hROlaZxcmf6UE2VTaCrNoKE4nQP5Kexbnsy+/DQq5kRSlOTD6rRAqmZPpn55KnuWp7N5diSlGWPZlBvFhumTWJs1gQ05kexckE7Dymmc2zKTizWzuVY3i9ba2fx191I+P7aB4wfXoQnRIXZ9l/5KNU4yw9MHrUhr/AWdCbHejLhPjl8jNlpwMJkRG004GI04GPU4mgwMsFjpb7YieHiukM6LJXRdLKHzQjEPzxfReWklnRdLeXi+hIfnS+m6tJLuq2U8ulHGo5tl/HCthHuXi7l7eSV/P1vMxe2zOLtjLq3Hyjmzs4CqlTPIm5eGR5gXv1ON4Vm5BCe1Bidz3/pQq0OoVuGoltNPKcFRoUQkNyGSmxAqTAiU9pKrUKFDLNfhKNPRz03LAIkGJzf7U18gtS+PhDKD/bNKs30pJdUjkOgRuBkQSQ04uarp76qin0SFo0RpbxOX9OGqQdSHg4sG4RhlX1uHCeFII04jNLwwUoLWqiM7NZyNi9PZU5DN7sVTqFuYwZZ5yWzJi2dLbizbcqOpyo1ix9xo9i6I48NlSRwsTOFgcQqHihJpyI/jRHEqTSUZNKycxsGy2dQWzKBoVjIpEYEEexnxMKrR61XIdFpcdDpGarS8r9Xxrl7P23odQ7UahmnUDFMpeVsh4z2VgvdUSj5QKRilUSHRapFqNcjVCjQaJUatErNGjkUlxaaU4a91Y6JFSmqgibzJfqzKnMz2BekcLZ5JQ5FdiobCNBqKUmksSqapMJGmomSaipJpKEjiaEEiDYXJNBWl0lScSmNRKk1FdkFOlKZxYmUax1emc6x0Co0lmRwtnsr+FVOoW5xC5fwkitJCKUgZy6ZZUdQuSKJmfhLl0yexMnMcq7PC2ZwbzYYZk1mVEcbazAnU5iVxqCCT42szObU5iyuV0+nYPpe/7lnGnw+v4cLRjfhFejDAeSiD5W4MkKoQK7UIVXZEap0drR6xzoBYZ/oHBGojIr0FB6MVB4MFB4MRB6MRR4ORASYLA4xWBF0Xium+UEDv5SKeXCnh0YUifri4kh8ureXBlXIeXi6n+0o5T66X031zDQ+vreTOmWV8dmgenx6cz+36RSxItqB3fRlfHxUewVZUfjacA/15w2pjiFrPILWBfhoTIpXRXlrtWzoJlWqECmVfsm2X42dRRHITYpkRB7kRR5kBR6kRRzcdYokWgUSN0E2LSKpFJLXnEEKpDqGbDqGb9ikiiRaRqwpxHyJXJUIXOyJXFWJn5S+MUSIYrUXkYsJxtI7Bw5W8MtyNwHHhTMtMpTAvh6KZqVTmz2Hf2gLWLp3D9MwE0pLDmTMjmoL5CazJi2HzrEnszIth95w49ixJZW9RFnvzkzm2Io4TK2I5XphAU1EKR0syOFiaxf5VM9m9Oo+tBTNZkBVN7ARvvGxKdDpXJNLhjHZ9n5Fuwxnu+gHDRr3D70YM443hw3jjg2H87oNhDPtgGO+8/xbvvf8Wo0YMw835HTSu72CWvkuo2Y3UUCvzEkIoyYlm24Jkduensr8gnQ8LMjhckMHRFRk0rEjnSH4qh5YlcXB5EodWJHG0MJFjhdEcK4iiqTCexqJkGorTOFqcbl8+FqdytDiZY6WJnFqdzImyGI6XxdFYHE9T6RSOrJzOnhUzqF46iw1L8piVEk9kWDBpCTEsnTOVDQW5lOfPYEV2DIWZk9kwK4GtuXGU50xkY3Y4W2ZEUDsvlg/zkzixMpULG6Zys3I6n+2ex9/rl/GXQ6toOVZJRKQvLzu/T3+pDEeN8ZfTkyodAo0ekdaI8D9BoDMi0BsRGEwIjWbERnuFy8lopb/BSj+dGUH3hWIeXyqi9+IKus4v5+GFQh5dXcsPVzZw//IGfri4ge/PrubeySK+v7yKb84W8NcjC+jYO5uWXXO4vT+fLQVpuEl+x1DX93nedQwv6gw8b/aiv9qCWKbHSWnCSW1B3BcZBH2TNJ4iN9if/jIjwl8hkhoQy4x2pAZEbvZOV6GrGpHk5/xCi1iqReSmQSRR/weeRguJ6hc5XJQ4uPyzICoEI7QIRxtxGq7ihZFyfjfKFU8fH3KmppO/cC7zZmaRnhjN2EAvXBQyhrq68PqYDxijdyEqIYilc+IonxNL9exY9s5LZtf8ZGoWJrMnP5WDS+M4vDyWo/nxHC1I5EhhEg0rp3Bw5VTqS7LZUzaTHStnsa1wOhtX5FC2MIPlsxNZPCOOBdPjyMuOJSdtEsmxocRMDiI+OpT05Mlkp05mWmoEs9InsSA7lsJZiayZm8K2JRlsXzGVvYVZ7C/K4nBJDg2lmRwtTqGxOJWGwhSO5idxdFkiTStSaMxP4sjyJA7nJ3OkIJWjRSk0FsXRVBRPY3ESjSXp9qhQksnR4gwaS9NoLEmiqSSeY6WxNBZHcnx1AkdWJrGvKJ26gmlsWjqLxTOnMi44GDeVlt+7ynh9jBvvuLlg8bUQnzSZvFlTKFk0k/VLZ7ImL50N89PZtDCFtXkxlC+IZ/uKND4sSuPU+mxuVM+mtW4Wf9yzkD8fWknr0S1ER/jx2ugROEkVfaOMdPYm05/pW6r/+mehxmCXRKdHqDMg0hkR60w46Ew46gwIFRr7ITRXGYKeCyU8uVLK48vF9FwqovujVXRdK6fz+ibunC2jbdccblRkcbt2GncvrObzUwV8+uF82vfkcWvnPC7tWsaRugKsHnLedBvFAGcXXjB7MEhrw1FhRCTV4SC37zMIpdpfSfHrSpLevjRy+yckOoRuejuuOgQu2j40CF21iCS6vtN2eoSu2r58QvsrNP8FQZQ4OBsRjtTRf4Safm+P5jejJYTExjF1zmz8J4YyWiPj9VHv88qId3h+5GgGj5DwnLMrz48ZznuqMaSmR7J6QSblM2KpmBFF3exo6uZGsWtJPDuXJLJ3WQr7V6RysDCdw0UZNKzM4nBpJvVFU9hXnMXekmx2FeWws2QaO4py2FE8nd1luexZPZfdq+ZSV5JLRcFMNi+fzqblM9hWMIfKolwqi2ZQWTCNqoJs6gpz2FWcze4VU9i3It3+91akcrgghSOFKRwpTOZoYTJHC5I4vDyBI0vjObYimab8JBryk2hckUxjYQoNxWkcLs3gSOkUGkozaSrN5FjpVI6VTqWpJIOmklSOlSZzrDSJptJEGlYms784mT3FU6gpmUbJggzSkyah1Ct5c/QoXhg5mhclSoa4qXjOxZWXnUfxustoRmtVeAb5MnHSeOLiIkhOjCAxYRxRUQEkpYSxMC+JzYU57C2fw9nti7hdv5RPDxfy58a13Dq6mbioIF4Z+R4D5Up75FD0ofwZHUKVHrHGgFhjtLcYaey5ilipRSzXIJIqEUoUCF2kCJ0lCFwkCEa7IBg1GkHXuWIeniuk+/JKHl9fS8/19Ty4spa/NSzlakUm59Yn8/HuPL47t4ZvLqzjy9NlfHpoCR37F3N7zyIu7FzGmYMbCI3w43WZMwPc5PTXueOkseCoMCKW6RHL9AilOgRuGgSyX4vRV01y0yGQ/AtctX0Rw469i1WDwEWL0NWASPILQldD3+/p+17/HG00/7YgwpFqxCN1OL6vwOk9F8b4BjNh2gzet1p4ZvRIBo0ZxWCZBEdXFxyc5YhGqXFy1dHfVcmg4aOQ2cykJUezel4W2+alsG1GBDvyJlI7bxKVi1KoWZrOzuXp7FsxhQMFGRzIT+VAfjIHC9M4XDyFg0UZ7MtP42hpFoeKMzlYOJUDBZnsy89g99I0di1OY+eSDHYszmD7ojRq56dStTCRqkXxVC2Kp25JPDuXJrB3WQIHViTxYX4Ch/MTaChIpLEwiaOFSRwsTOJwQRJHViRyJD+Ro8viOJGfyLEViRwvSOJ4YRInipNpKknjUGkOh0qn0bAym2Mrp3KyZCqnyjI5UZpBY1EyjSUpNJWl07BqCnsKp1BXlMPWkpksyE3Gd6yNt+VjeH7MSJ6VyujnpkDoLEfgoqCfTMMANyX9nKX0H+nKkFGuvOIq5VVnF14aPYoXxgznudHv86J0JO9qJFj9TKRPjaC8bBqn6gu4drCIT05s5PbJSqakR/DyyLegNhinAAAgAElEQVQZJFMgVhsQStWIZSrEcjUOcg0OCg1OSi2OSi0Ocg1imarv7Iwc4Wg3hKMkCEY6IxjhjHD4aITDRyAaORLx6FE4jBmNoPfyOh5dXMUPl9bww5X1fH9lLV8cz+fj+jl07JrF50eXcf9MGXdPr+Trc6u5c3YNnx1aysf7FtC2ZxGXdi3jzIflpE6N5jcyZwartfTTuyNSGBBJdfZKkZvWniP8XGJ9isYujZv2Xwvi8s+CaPsk+V/tvWeUXfWZp7vDOadUQkggwAYUKtdJO+eTT5VABAO2SQYDAhRLpSyhhADFSqqkgACJqCyBJFAABNhgux16ZrodWb7Tnu7pnp6eO9M9d8Z3Zq25d6375bkf9q6ggI29ZvqL58NvnaNDCa11aj/7/76/N+wygl5BNKtIZhuSWUUwKgj6ZTJK0UmSD2XkwzluI0/MyCPruTGpOcRsjrhaRGq1iWdsWu6+n5tLs7jG8kjoFjHLRbQDBDuHZJaQtTbEbBFRK3GNW2Vy1kIvlli5dCEvbl3NK5vmcfC5ORx8fg5vbe3g4PZOjnV1crJ7Mae7FvFe90LO9SzkfO8iLvR2cL63I0zu+xZzrif6bz0dnOtaxHvbQ53ZsoDTmxdwZssC3tvWwaltczm57Une2fYUp3c8xZmuuZzteprzPfO40D2XD3rn8lH/fD7aOZ8LffM5t3Mh7+9cxMX+Dj7auYhP+hby6c6FfNa/iO8NdPC9oQ6+N9zBd3ct48Ph1VwcWsMnw6v4bHgZPxhexg92LeXT4SVcHFjC+8MrOLtrNScHV3Nw6Dl2bFzCU3PuJ7gtzzRHZYpjknCc8A5th3mjaJQQrDKiXUJ2ysTsMrKRo8YqMMEukLBy1PoFEkEOyXZJWDZTDJ2vGkmMSoZFHXfz3uEt/OXHB/jlD99m65aVfEVpptYyifsFEk4ulJ0jbgfhYgvDRVRtBMVCyBoIGR0hrSEkVcRWBSmlIKdVYopCXFGQMilkJU1MySD8jz/fz29/vJ+//3QPv/logL/+aCf/9Scv8v/+5X7+v794hf/nz1/kv/3wRX77o3385z/bw29/vI9/+KCLvz79Ar85s5V/dXI7n7w9wJbtq5jh61ybzyMFJWK5NmJeZSxhdkrIbnkMDrswTqXRsEocrwgMyYre60UErYigRYAYI4C0XQmHXkEwxodehQiQfARIAVnPj0nNETOKCM06NXbYzVvrFIgbOWJmjphTRnLKCE4Vwa4iWO2IRjuiNQtBb0fIFKk1q0xsNTAqbSxY+CRD29fwWvdK9r8wj8M7FnGkq4MT3Qt5Z8cCTm2fy+ltT3F2xzze7+3gg75Ozvd0cq57MWe6FnBq+zxO75jPu10LeK9rAWe2z+PU5qc4s/lp3ts6j3e3zOW9zfM4vWUOp7Y9wbvb53C2ay7neuZyoXce7/ct4P2++Vwc6OCT4U4uDizi/M75nO1fyIX+RVwc6ODjgQ4+HVjMpzsX8Fn/Qr43tJjvD3fy/V0dfG9XJ58MLOW7A0v53uASfjC0mB8MLeLToU4+GlrCheFVnN6zgYODG9i9/RmWLHqSfLXILelWbjQ0JrsuMcdDsHMIQRuC04ZglJHs25Dc2xD0EoJeQrSq4e/JqiKY4U1NcMph2O1WEHPtSG6Ja/MBNzkprm+6lvu+4fLuyUF++pOzDOzaxs1qkgmKgmR51FgBNYaHrNqIWRMhrSOkQhiEpBq+jySnNOSUipTKIqXSiKlWxEwrMTWNrKQQs0mE3/75W/z8bB87Om/n+ye38+uPdvHvvzfEb380xH//swF++/0B/umzIf79x3383z/cw3/8qId/d2YTf3N8HX91bD1/efRZPjmyla5tS5hutHBDPkdNUCLmlcPcwy2POU3jHCbRLo7VIuzSpWDY5VEoJGNMol5E1EuIxqVwSGYbolG9KiBhzpKPFhqMATIChqTlENUAIeMhZF0ExUUwfOJ2gQlumQlOhVq3nbjVhqRVENU2RG0WolZG1HJIWhFRryLp7ch6Gwm9xGTN41bd4o5v3MPGDcvZvX0VB7sWcnj7XI7veJp3uudyasfT4V1/+1ze7VrEme0dnO7q5N2+FZzs7eRk72JO9nZwonsRx3bM59j2ebzdtZAzPR2c6V7I6R3zeGfbXE5te5pT257izI65vNc9n7O9CzjXt4ALOxfzfv9iPhjs5MOhJXw4uIT3hzq5MBR+9tHQYj4Z6uTToU6+v2spnw528unwUn6wdyXf37ucT4c7+LPhxfxwaBE/HO7gs6GFfNS/kLP9i3l7YAWHBtezq2sdHYsep3xbhTrD4GbDYqrpMsnJEXeLUcQQ3Uz0NmJqG/FsFUkpIaoFhEiiXkLUy0hmNQTFroZAuW0IbjuCNws5KDM5cLnFS9Fk1XHbXR4vHejjxTf2ckO6ldqsgpDKIqQUhKQSvqZUxJSKkFLHPr9cKQUxnUHIpBGzyVBKElFJI2QzCJ+9+QIHts9n2eNVXulbwi++u5+//mSY//z9Af7b93v5r5/18k+fDvD3H/fxj9/p5z9c2MrfnV7P355Yzb85toafHlrLxdc38tLwetI5lcmWTsINiHklZP9KQEZW2UjWuDv7uGRcssbpMjgkPRw9DXOMCpJVHZVojABxuYqjEqO/L+lF5EiSFnXuZvwQENVBMHxiTpmEWyVuV6mx2kkYbSSUColsGzXZWSTUInHNJa76JNQSMbUaXgTWbchGkQmqx7UpDXvW7axc1cHLXZ0cGVjGW90LeX3zkxzePp/jOxZwbNt8jm1byLFtizi2bTFHt3dyuHsxR3o6OdobqXsxx7oXcbKng7f7OjjZs4AT3fM42T2PU90LONO9kHd7FnF2Zyfn+js5O7iE8wNLuTC4jPPDy7gwtIxzQ8s5P7SE94c7+HDXYj4eXsInw2PFv0+GlvLx4BI+Hl7Gd/as4NO9K/hsaBHfHVjI+d65nBvq5MzuVRzZvZa9O9exZOkTlGZXabBMbrUcpto5Jlk5au0CNU4F2WlDtNoQrXZkYxYJtY3aTIWJmQo12SJxNU9MyRPL5pGVHLJaIKZFvxOjhBT9fkU7hET0K9QGAdf7JtOcNDe13EL1nnbmrVrKzbqKWFePkMwgtKYRk5lRSaksYip7yWdiMoOQyoTQpBWETDqUkkZQUgjpJEJWQVB0hE3z7+SFVd/m6cfuZNniB/jRxQP86sNB/sMn3fyX72zjv3x3O//4aR9///FO/t3Fbv7u/Bb+7vRG/u3JNfzV0VX8/Mh6Pnn9WY693o13e4FrdZ0JbmHUuZK9SwGRo1qGPAKKWUD6PYCMv7AFrRAW88zxP1u5zOUqXQLGHwSI4iJGIVXcrSJbZWSzQkwvE1cr1CgVapU2EmoBSXOJqx6JbJ4apYwUhX6CXqTGb6NWzzMl65IOcjz0rTt4fsNcdveuYm/Pcl7pXsZbfSs43LOcw11LObJjKce7lnGsexkHty/m0I4OjnR1cLRnMcd6FnO8p4OTfR283beIk73zOdHzNO/0zedUbwfv9nbyXl/okJ0bWMrZgaWcH1rG+aHlXBhexvmhZZwb7OT80GI+2LWYD3ct5qMIkE+Gl/HpnlV8tm8dn760jo/2ruWD3Wt4f/cqzu9awZnhFRwfXMWbw+vY9lwHjzxxH/4dRWY6OlN1jesMj0lmQK1dJG6ViFkVYk4bstUenu5GOzG9SkKrUKOUqFWKJLI5ZMVHznrEsj6y4hNTAyYYBWqMAgm9QFwvEIuWVAhaAUH3EVULWVGYkElyk6LwlUwG5447udl0iDW2Ek9mEVvTkSJAvkBiMhPCkVYQslmEbDpSBjGdRUgZCEkbYcnjd/Ds2g6+dl87t9+Z450j/fzl+X7+7Qdb+ccPn+P/+ngL//idHv7uk35+82Evvzm/jd+c2sRfHX+GXx1axZ+/8QxnX1rLK7ufx6zkqVUMYlYJ2auG8xVXASQWaQyU0pVwWOXRC1qMLuSRL2vEzr38NBoJpQSjMO71ywISIKZdxKxLzCgQdyvEnDKiXUAwC6GjFu2jiulRU6MRIKt5arIFEpkCshK5bHYZQQ+Qsh4T1YApWYupSprWvM3sh77GouVPs/n5ZQxsW8FLO1bwetcK3ty+hLe2dnJ4WydHti7i6NaFHNu2gOPbF3CyayFv9yzgnd4FnOlbwOneeZzufZp3++Zxpnch7/Yu4b2+JREkizm7czEXBjp5f3AJHwx1hqHV4GLeH1rEB8ML+WC4g4tRLnFxaCkXh1bywfAqzg+v5uyuNZzdtY4zezfx5vCzDOxYw9KlT3DXg3eitBWYlg+43vOpMV3ihk+NXWCiX42s9tBBlK02ZLMNyagiGVVko4Rkji28k4wAWfORVA9Z9ZE1n5geEFN9YoqHlHGQUjZiq4nQoiE0qwjNCkJrGBaJSYXatM4NmktTfhaTkxpyfSuJ1ixScwqpJT0quTVzVUnJTBh6pUeUQcxkkDIKYtJAarYRG32EZfMeYNnyBZTvqGIVDF54biE/PNPLX517nv/zwkb+6eIL/Kfv9PC3n/Tz64s7+dW5Hfzi7ef42aE1/IsDK/hk3woO9y9n04YOGh2Ta/Qckt0eVsP9cEJPcqLNgFaRmFMmZpeI2yUSVom4WUS2SlfAIZvlsaVpERxSNB8uRu0iUtRbJdlhQVAwg0tl5L80IGImQEq5yBmfhFEk4VaQRlZ32rmxVzMqIFl5BLOMqJWIZ4okMnmkbICQdRG9EoJbIGbmmWQUuUYvUOtWqTEDEsksX1FVcrMrPPb411m3fA67tyzl9e6VvLVjKce6lvH2tg7e2bKAtzfP4+3Nc3ln61xOb3ua97rncr5vPuf75nKu90nO9T7Fe70Lea+3k7O9iznX18n5vsWc29nB+/2L+GBwER8OdnBxaBEXhxbx4dAi3h9exPvDHVwYWsyFwU4uDC7l4t61vL93PRdefJbTuzfwRtcyBp5dxJynvoXXXma6aTAhrRDTHWQ7XIAt52YhupVw+4oRRK5jeILKRpWYXkXWRoySUvjduR6C5yHY0e9GCxCyUe6XdhCSRqgWHaFJR2jSEBsyxOqTSA1JhKYMQquKkDQRmnSuM4rc6rUxKWkQb0gRa2pFbA4ltSTHKYXcmr5EUmsGsVVHTOlISR0ppRJLaSSSJhOSPpNTVaZm70RYvvgJ5nbOx57dToNn8sCjd/PBsZ18fqaLv39vM/9w4QX+4ZMe/vrjXn59YRu/OvM8Pz+2kX/x2jN8um81x3auYHD7cu7/9je5QdOYYOSQzAqyU0V2K8hOBdkuj1OFmD32Wdwqh5sE7dKYrBIxKwRHNvOIejAmI7RZQ9twRAVEqxAOO1n5S4qGlwMyfvlaTCsSUwvI2RxiykdIecS0AjVWhRqnSsypIpiFMWPByiOY0UoeIx/azloRSSkgK3lEJRftsgpX9khGgXj074SWdJkas8A1usd1qsHNqkoqsKnc1c5Dj36TxZ1P8tyGTl7cvJQ3t6/kSPcqju1YycntK3hn+zJO7VjKuz3LOdOzlFPdYYX+ZN9STvQv59TgSk4PrubdwZW8O7iCdwdXcG5oBeeHV3Ih0tnh5ZweXs6ZPas4vXctJ/es58jujbw+9CwDW1ezac0inp7zIO2z8miezc1WjokZl4lWnol+hbhfRfTLCF4hrF85OQQrQDC98Hsx81F/W4mYUUY2ysTM8GYnW6Xw+zNyCBkfqdVHbHERmxyERhOhQUdsMhAbNYQGFaFBQ2jQEBs15MbwVWjSEJp1hGYDOeUwMetxnZ5nYtpErmtFqGtAaG1CSDYhJFsQW5NIrWnkVgWpWUNu0ok1msSbbBKNPhPr2pjccCc3NN/LzakHmZ55lDplDk36AlqNpWSsVQidi+fwyMInaamWuCWwKdxd4eiBHv7VyZ38zZku/vbsFv72ox4+P/8C/8e7G/j1iXX86vAGfnJgPR/s2cCeLctYunwualuRiZpO3AyI2VVku/KlFbPLo2FXqHA2I2YXov4pD0F3EY1wxaboFsKt5ZEudcnGHLBLaigRILJejBavFcJEWykgZ3KISQ8h6SCbZWrcdhJOG3G7imSURteAjuRDoxsPlVyoaPvhFRqJn7Vi6LoZFWJmhbhZpMbMM0H3SGRNEmmFazIqU02bOt+jNCvPY4/cw4bVCxl44Rle2bGJ17o28eqWdbyxfQOvdW/gQM86Xu/fyIH+ZzgwsIbXh9byxtB6Du7ayNG9mzg8vJGjwxs5OryBY4MbONa/gSO7N3Jo3yZeGVxL95YlrF71JHMXPorfnqfFNZlhWdykWUxMKtRmPeLWbcTc2cTcWUhOGckpIDo5BNtHsLwxmX64ZNsJVyXJ1piNLmQ8pIyHlPYQkw5Ci43caBOvt4nVGcj1BnK9jlSnItdryA0qYoOC1KAQa1QRG7IIdRmEBhWxRUdOmSRSFlKzSqxVZ7LuMzFrITSkiLdmEZMphNY0QnMaoSGLUKcg1dnUNOSpbawyueUObkjdxy3ph0gpi1GVVRjaBix9M46xA8fowVS6MZVeTKUXYe78R3l44dM0t5WZWcqRzukMda3mzw538esTW/ibM1v4Nxe28dNT6/n8nbV8fnQNPz+4np+8upFzuzfQtX4B9z14F7cYGtfoDnG7RMydhfwHQVK6KiCylb8EEMn0wzkQr4g4TiPV+vCXGP4/Lw/ZpMgyjhmlEBK1QFwphC5KOofY6iG0WMSsChOD20dXgF4BxuVwfClACmGooZeR9BIxo0hczzHByDFRD5iou9SqFrWKQW1W4ZpsE9drzdxsJGn2NKxqQOXuKnfefyf3PPw17v32vdz7xH3cN+frfOPbd3P/I3fwzW/dwf3fupNHHr+HOU/fz4JFjzBv/sM89dQ3efyxe/nWw3dy3zfbqN6Vw5/louQ16q00X1GT3KhmuSaTYZJuc62d4xq7wCS/PYwE7AqSVQpPTDMYF9IWQ/cxchRjepW4VkZWi0hRuComLYQmBaExg9CQQmhIIjYkEZtTiC1JhOYxiU1JhMZWhMYkYnM6VFMasbkFqaUBuaUBqaURuaWZWHMrNckMtSmdKYpLbauJOCONXKcTnxEwoa7MtU23cUPyXr6avp9p2UeoV5+k2ZhP2l6C4q5Ec5/BtjfiWM/jmJux9W2Y6nYMZQem0hMB0oPw8Le/zuPLOmi9rY3pxQIzzTRrV8/h4ze38heHN/GvT73Av35vCz9/Zz2fn1zD50fW8LO31vPj157n1K6NbFzxFPnbS1yvZJjk5ok51TAHsapXXqRfINkaOYaLlyjcYB6EDobhIVsBspNH9ktI4zRSbwkhuRS+y12xmFEidhkgYsoPAWkOAan1bxvLgYzSF4PxhwBy2WeSlkNSAmKKFzphqkuN5pHQXSTbIuY71HguEyyTCZpKrZqlVssyyVS41lG5xtOY6GaYYma40chwg5Fhqp7iRiPDzZbK9UorNyhJblJS3KSkuFFJcb2aYoquMNlQmWwZTHEdpgT5sE3c9MOGTzs0I0Q9j6DnohMhQDL9aM1pNFtjhvUoQa0iKBWElhxCc4DQ5CE0WQiNengHb0gh1jcj1jchNTQgNzUittYhpGYiJGciJOsQWhvCsKilGaG5BaGpBaGpNQKqkVhzHfGmBuJNzcSbUiQassTrNCY0eExprXBdSzuTm2YxtflemrQOWvRlpM3VaM56DPc5DPs5TPM5THMzlr4VU9uKrmzGUJ/HVDdjaduw9W5srQdL7Rs9PUylB+Gub9zBE6uWkrz9Nm5yPW7RUjz67Ts588omfnxwA5+ffI7P33meX769kc9PrOGXR1bzL99Yx/dffZ6DO9cy78kHaHY0rlE0JnglRKeC4LQj/iGAjItTQ4WAiKPrN31Ewydm54i5BSTvSkBGwqwvOkHE8SdIFGLFsnmkdDAGSMolZlWocduvsJh/JyR/FCB5YkaRmFmMtrXnw1ezhGRGZoCRi/bt5oiZAbLhIukOouUi2A6CaRKzHCZYHhNsnxrLI246JEyXGssbVcJ0SZgOcSsg5haRnQiEUUWtPXYZwa2GxT2zhGj64d+xfGTTJWa6yLqDqJgIGRsh5SK0eggtLkKjjdBgITQYCI0aYkMWsTGNWN+MVN+IXN9ArL4OuaEOsWU8HPUIyWaEluhkacwg1CuIdSpSvUmsziAx3aB2hsM19XkmN7ZxXeNspmUeok6bQ4u5kKS1jIy7CtXdgGXuwDZ6sI0eHKMP19iJo/XjqP24ygBedhA3M4CT7sdSurC0LmytB1vrw1J3YiqXAXL7N+7gyWdWkrnrbm5wPW6xVNrv8Dm4Zy0/OPwsv3j7eX55/Fl+cXw9nx9bw88OreZHr63l4ivPs6/rGb7xwN3cmE1TazjE3TKCVUF02hFGmwd/v6TLKuaSWUIyCwh6bhQQycwRd4rEvdJVQ6zxOcjlucflSfoIIHImSs6TXghINhiFdfzpcQUoIxf7HwLIOI3Z12EFeSTZD1VC0iuIahlJLRNTy8SUIjGlQFwvISk5RD0McQQjHxVai5GirgSnHNWXiqMgCFYRwaogWFUEqw3Bbkew28KqtV1FMMth+4cxsjg7QFRdJNUJWzZSCkIyjZBMIrS0hnF+SxahRYms2CxCUwqhMQylhPoWhPoWxPoW5IZWYg2txOqakWY2IzS0hj/blEFoVBEbTeQGh3h9QGxGjvi0IhNmVLm24Q5uanmQmZl5NKqLSRoryFjrUN3n0OzN6PZ2NLMbzexFN3Zi6AM42jCuuhtHGcZWhrCVYdzsrlCZYdx0KC+zGyu7E0vdia31Y2v9WGqoSwDJ31Xl26tWYHz9Aaa6OW4yDNyqxUuDq/js2Gb+4vgmfnpoA784soGfvrWSn7y2ku/sW8Pp3c+yfUMnVsnnOk1ngpND9qoIXnv4S/gDABFH4vPLKuchILmwPcTMhUe7U7hqkj52N/xiQITIwRLVPGI2h5QOEFpdhBYHMekTN8PHD1yRc1ztJPgSIIzXiHsmjn5WGu1HCnvLImkhGHK2RCwTKpEtk1DKJNRQshZ+X6JeDhdMaMXwz1E+EH73UW+TFf457HOqIGhtCHp1tFVHNqvEzCoxvYik5hAzHmLKDq3UFj28+FsVhJYUQnMzQktT6BS1hCGR2NyE2NSEmGxGaGlEaGpEaGhEaGhFbMggNyjE6g3kOgN5hoE8w0aeHiBNLxKbXqZmZjvXzLyDyXX3cEPTg0xPzaHV6ER112B4G9DdLej2TnSzH8McwDCH0I1BLHMYy9iNqe/B0vdgq3ux1N3Y6i5sdRhbHYwUgZIdwskO4WYHcLMDOMoA1nip/VjqzstCrF4E7+4K9yycT/DIHKZVZnOT7ZAMMnRt7+DCWxv58ZGN/PLoJn725jP89OAzfLZvOWcGl/Nq92o6FjxOo20yybCJuwXEkaGnq7hIXw6QMYUXaD7abp5HMvPE7HA46o8CZOQRAmoeUQkLg6OAJD3kVEDinxWQ8LS4BJSRBj6thKgWEdUColJEUkuIWhFJLyHppbAj1iiFT5PSw5wqbkTWql5C1gpIaihZD0/MmFYirpdJGG3EtTKxKP+KZXzEVhOxWUdsCl0jsT6NUJ9BGLFcG7MIzRnElhRySytycxNyUxNSYzNSYxNSQxNiYxNiUwtySwapMYs4Q0W8VUe81UWeViQ2rY3ErbdRO+0urq9/mJubnmJGaiHN+nKy1lo0exO2uxXX3YHn9eA6fbhmL7Y+gGXsxdL2hNJ3Y2nDOPquSEO4+iCONjB2Emg7sfRx0vowtT4stRdL7YnUG0JxGRyW2hsl6aEE/+uzMO/7GoUn5jO97W5udAOmmS2s2fAEp97YwGdvPMPnRzbxs1fX8KMDqzjVO4/XNs+n79lOvnH/vXxF1Zlg+YhuMZwMtC/tf7qi3eN3AlKJVB69QEU9j2SGjx6L2SVkuxg9c29MlzZAXgbHyAyJXhh9EI2o5MLKecpHaHURUz7xbIGEWflnBGS8Ilj0YigzHAoT9PAGIRhhJX9U1pgkPU9czZHQ8iS08H1MCZhgFJmgFZigFahR89RkcyQyAYmkR6zVQmo2EBsUhPo0Un0GqT6NXJ8iVpciVpdErk8hNCpRTSKLUJ+OfjZFrD5LrD5Lol4jUa+TqDdINDhIMy2EW03EWz1it5apnX4H1zXcz1dbn2BmtoMWYzVZdxNO0IMf9JPLD5L3h/CdARxzAEcfxNEGcbUhPG0XOe1FPP1FHH0vtr4LWx/G1oew1UFcYwDX6MPVe3D1LhxtB462A1vvwdK7r5CpdWHq28ek7YiA6B8Fw1J7sLSuyObtDgEpPnwPTW1VZi1aRt3tX+d6J+AmrYl5S7/JidfX8dErK/j5wQ38/LV1/ODAGo5sn8uuDU/zwppFtN01m6maSY2dDwehnHBePHy+ReF/CiCSMQbH7wJkpDN4ZI7kkpNDDyvwI4AI4wFJesiZHLV6mRrrfx0go/nHOFgkLeom1vJIWh4xeh+CELW4GIUwP7iajDKSFm5jiekBCT0grgcktICEGpDIesTTLnKrhdxsIDVpiI1KVB/IINSlEGamEOvTiPUpxPoUckM6VGMGsTGD2KQgN2lIjRpyvUGsziY+M6BmRpEJ09uYMO02am+9g6n193Nj47eYlpxDg9JByliFYm/A8rbieD04bh+uPYDnDuOau3CN3fjWXgLrRXxzD66+h8Dah2++iGe8iKvvxdNfxNN34xqDOHoEkD6Ao+7E0/vx9H58rQ9f68PTenG1bhytB1u/TFo31tU0CsbIZzuwtO2Y6nZMpSsEZNaTDzKzWCB4bB4t936LG4IiU9VG7nmkzGt7l3PhpeX8xavP8NNX1vDpy2t49bkn2bHiUZYvnoNVLjPFcIg7xRAQu4hgBsiGF+UPhSv0xYBUxgFSieLrPJJRIm5XiEctKr8XEPMyOEae0qSNS6yzAUI6hENIesSyeSaZbdRY1X9GQMIhLVkLe5Hiqnvt1XcAAA0sSURBVI+seVFfUglZK4cJu1ZG1irIeiV8VSvE1ApxtUJCqSLrpdFhMEnLISo+YsZDaLUQWkyEJiOsStepCPVZhIZ0VJMYSagjUEbUkBmV3JIJnaiGDFKdRmymS3xGgdoZs5na+DDTs4tIWmtRvc0Y9nZst4fAHyQXDBG4u/CtXQTmHgrmPvLGy+T1lykYr5A395OzQgX2fnzrZTxzH5Y2jK3vwtJ34xp7cM09eOYuXGMoOl2GQilDeNoePG0PvrIXX9mLp+zBy+7CU/vx1J2XyFV2Yis7cSKNvA8BCU+NETgsbRumug1TDeshQttTjzGtWGTmrLtIfeMRvlqdxXWWijXbpa9nKe/sC12rH+5byrldi9m56gGeXfYY8xY+xUw3oFYPokGoSjj8ZAZIuh/66JffxSNArqh0GyUkI+yaHYFD1MccpJhVCZ/fFz39NWwrKY57DWfQBbMwbupwLKy63HUSMxEgKQ8h7RPTi9Q67SSsKjEzfHKTqBXHafxFPgJbuL9XUktIavjzklZCVsvIWglJLUYKcwFBLSGoY7mFpIYniKzlkbUcshaMKqaH1q+oF5C0UthJrFdJaFVq1Co1SpWaTJVEpoKczYW9TBkbIWlFfUxKVKBTEOoVhIZIjSmEpibExpYwia5PIdRlEOtUxJk64kwLcYaLOMNDmpHnmrrZTKq7m6nN32Ra5nGazA6UYB1WfgtWrhs7GMD2h3G8PeT8l8nZL+Ob+/DNfeSsV8hb+8mb+ylaBygY+8lr+8nr+8kZ+/GNl/GMl3CNfbjGi6HMPbjmbhxrF7YxjK0NYWtDuPpwBMdwKGUYV9uDq+3FVffiqXtxlb24ym5cZeCqspUwMXei97YyElqNnB5dl54gI4Co991P+p77uCFfJPXAQ8y46x6uy+X5qmsyb/lTvL57Axf3r+U7L3ZyrP8pNi+/j60vLKNyz93UtBrErWpoF7oVBLvE6K4p48pWj5EQa6ROMRpyRe0cI3fv8XboiO0qjfuZ0brJOF3RBjJyQUdQSEoeOZsLq7zpADHthz6+kiPmVEl47cjWSJNdObrwI40HZMRZ0/JIaomYViauhwrfV0JrNltEzhaRMgXEbJhsC9kCQvReVMJR3dDqLY3CKOhFRCOafjQLSGYR2SwSM4rIajQ/kc4jJQPEVjfqTVIRW9Sw67UpGybVDRmEujTCzBTCzHQYUjWmEBpbEeuSCDMySDMMYjN85FsK1ExrZ0rDfdyaDkFIO+sxjH5cey+B9zI5/2UC9yUC92Vy3n4Cdz+BE8q395OzDowqMPcTmK+MyXqZwHoZ33wJ33yJwHyJwHppFKYwrNoTaTeesQtXHx6nXWOnhxblIPoQrj40FnZFCbqtDVwpdWDUwh3TuBNkVN1YancUXoV5iDC9fBvmQ48w2fX5avtttNz/EJODPDc4Ns7tBQZ6VvPOntV8/MoqjvU/Rde6B3lmzdNMra9jipEjZlb+pwEyUn/4IkAu74u6XF8EiKjkQ0AyobUrpYPw9Ei5iGpY/Y+7bchWdSy800pR8nwpGGPyEAwH2XCRTQ/Z8JB1f3QBhKQEiNlwzl1SfATVCqXYiKofVtLVIqJSQlKrCGr7qCS9gqhFFq4SIGQdhIyB0JpFaE4hNDaHVmpjA2JDA2JjI2JjM2JjC2J9K+LMFHKThlyvI9eZSHUWcp1NfEaBmumzuXbmvdzQ/DC3ZuZSry1FCzZhBttwcr24uUG83DC+v49S7g2K/hvk3deuUM55dVSBfeD3AHIpEJf/+XcDsgtX330lIMbQWOil92NrOyNdBRDtywISaixJ70aYZLmYDz/Kre23k7Bc6u57gCnldqa4LjfraR569E5e7lvJey89w7HBBQw9/zjr18ylTs0wVQ+I6QUEuxKFWOGShNEL9ksCMr5QKOrF0Qt8PBCjrepfAMcXASKqIRzjARlJzoWUh6QXibttxNxoMtGsIBpR0eyScO0yQAwPwTQRTAfBdBB1F1H3EPUcYrQAYuzECMLptKyBkDURFBtJdYnpuXCKLnrUgpApIaQLCK0OQouF0GwiNGvhLERTBqEp7FmSW1qJtbQQa26hpjlDojF0lWIzFOIzTRIzPOK3+EyYXuXahru4MfkAt6qP0aAtI21uxfR24hf2EBT3EeRewndfInBfpeC9SdE7RNE5RN4+SMG9Ohx/UoDENYPmu+8ldf9DyIbLddXZ3DT7a0wOikzVNeqVRtaueZq39qzl8OAidm78Nr3bV1O883bEmc1c61cRx++xMktRov3HATKSK4iXAXJlFfpSfRlALoEj6SKkfWSjFIZXTmUUEOFLAZJDMPxxnxUQlEJ01y8hZMsI2TJithrVMjxExR5VTHGQsjZSxgqn11rUqBqdjhLpdBgmNWaRGlXkRp1Yg0G83iRWZyFNMxFu1pFudonfnKPmljKTZ9zJV5ofZFr6SVR/LUbuOZxiF0FliEL7bkqVVykVjlAIDhG4hwicQxTdI1S8k5TdE5Ttk1SsExT14+T0QxScNyh4r4+eIoF9gJzz6p8WIAnT4fpCieT9DzKpWCXhFfnq3d9kUqGN612f61PN3PHN2ewe3MDRvavpXv8YG9Yu4J5HHmJy1qQ2amkILd5SOAo7YtX+gYCIenEskb4aINGF/4cAImkFZLVwKSCtbniXzgTEzDIJrx3JrkSbNcpjdYgRXQKGH4FRCreZaLNCKe0IShUhW402w5cR0mWkTBU5U0FKFxCTUddwq4XYYoRtGs3JqDmvEaGpHqGhHrmxhVhDklhDhkSdQWKmR2JGkZrps6i95W6unf4ANzbOYVqqgxbtGbLGcxjeDtx8P7nCbgrFl8nnD1DMvUExd4iCf4Scc5i8e5iif5SCe5i8e5CCe5Cyd5iCc5Cic5Ci/RZl+yBV9xAV/xAF9/UrYPiTAyRuudR6Oabd+TVuuv0uYk6eSdU7uWH2fVzrl7heN2j0LVatX8ybe9YxsGUxT865n7av38ektE5c8xHNXFj/sMvIVhuxqIVhvFv1u+ohlwCQDcJ6xWX5x6iT9Pts1ct6pCStgDS+tSTpjQIiKnniViXMP5xqdAqWx4p0WoCgBVFeNbZ4LmyirCBosxG02xHUWdEDd8oIqbDGElNyyFkPsdVAbFQR6jWEBjNUvY7YaCDWq1E9IhPVItJIdQrx6RaJWz0mTCtw7Yzbub7+G9zc8iSt5jOozjasYBC3sA+/cIBC/i2KuSMUc0cp5o5S8o9R8o9T8k5Sdt+h7J2i7J6m5Jym6J4g7x+mEBwiHxyk4L9J3n+DnP86Be81Ct4BCt5+Cn4k78qQKu/+iQEyqVSlxs9xXbnKtaUKkhUQ8ytMab+XCV6VyU7A9ZpK5euz2bljBbv7N/LoEw+RzhepTRkk9CC8o5o5RKuEbFaJG+3IZvULT5Ar6yClSy/ucYBcdRbjdwFyWZfteEBGw6sWB6HVCYem7ChBdyqjYeJooS5ykwQ9F000+mOJeGTBiiP/ZsZFyFjEsyZSUg1nG+rDviSxMexLkho0xJka0jQd+VaL+Iw8sWkVYrdUSdx6G9fUfY3rGx9kZmohTcoKss5GnEIXheowhbaXyJdeplB+nWL5EIXiIXK5w5SCt6n4pyn7p0MYvFNUvLcpuyeouCeouMcou0cpu0coukfJ+UcJ/CME/mGC4CBB8BaB/wZB8DpB8BqB/yqBv5+cv/+qOcefXA4ydfbdTCiUqPEDEl6AaHkIVp6J5buYkGtnkl9kgqLyFTXJypXz2Nm/lUfmPk2dm2eqXUTSvNDR0X0EvYCsV4jrbaEbdJWpvqu1u4vGZV2yVwml/lhAxvdeCSlvtDlRSLrE9BI1Thtxtw3xEjAiK9csIBsF4maeuJEjYeRI6D5xzSOm2UhKuK5SSGbCUKmhBaG+CbGhFbkxRawhiTSzBXFaC/E6jZo6h5qZARNmVJg4/U5uavo2MzNLaNU3onl9OIXdBMX9FIuHKRVPUC4dp1w8TrFwlELhCKXiEYqFIxQLhygWDlLKH6ISnKASvEPZP0nZP0HZP0YlOEzZf4uK/wYV/3XK3quU/f0UvYP4/gmCSL5/jMA/iu8dxvcP4fkH8f2DeH4ITe5/A4IwZfbXqC1XqQly1Pg5ZNtH0H0ShVkkgnbido4a3WJKNsXt985m9cZ1PLiwg5udIlPcKqLmRTG5j6DmwtqAGhX7rtbaftmMxuhK0asA8kfpqoCEYc9oeNXiIKQ84hEgMacaQhqdFiOS9BxxI0eNmadG90koLrGMjZwyEVsyCE3N4UnRkEaozyLVGcRm2oi32Eg3OsS+kmPi9Ham1N/NtTPv46vJx2g2l2AWNlG8bYjKbS9TaX+TWe3HmVU5TTl3ipzzNiX/PCX3AgX3LGX/PSr5s1TyZyj4xyn4RykEhyjlD1IuHqKUP0Ypd5xicIxicIxScIRycIhS8Cbl4HXKwWuU/AOU/AMUvbfIecfIe8fJe8fJecfJe8fIuUfIeUcIvMMEo68HyUU5yJ8yIP8/+Z7nYL8tt54AAAAASUVORK5CYII=','1',51,'2016-06-10 15:42:55',51,NULL,'0000-00-00 00:00:00');

/*Table structure for table `gl_patient_share_resources` */

DROP TABLE IF EXISTS `gl_patient_share_resources`;

CREATE TABLE `gl_patient_share_resources` (
  `share_id` int(11) NOT NULL AUTO_INCREMENT,
  `org_id` int(11) NOT NULL,
  `tenant_id` int(11) NOT NULL,
  `patient_global_guid` varchar(50) NOT NULL,
  `resource` enum('ENCOUNTER','NOTES','CONSULTANT','ALERT','VITALS','PRESCRIPTION') NOT NULL,
  PRIMARY KEY (`share_id`)
) ENGINE=InnoDB AUTO_INCREMENT=34 DEFAULT CHARSET=latin1;

/*Data for the table `gl_patient_share_resources` */

insert  into `gl_patient_share_resources`(`share_id`,`org_id`,`tenant_id`,`patient_global_guid`,`resource`) values (13,12,67,'76c1f817-23dd-55cf-8c39-807be316968a','ENCOUNTER'),(14,12,67,'76c1f817-23dd-55cf-8c39-807be316968a','NOTES'),(15,12,67,'76c1f817-23dd-55cf-8c39-807be316968a','CONSULTANT'),(16,12,67,'76c1f817-23dd-55cf-8c39-807be316968a','ALERT'),(17,12,67,'76c1f817-23dd-55cf-8c39-807be316968a','VITALS'),(18,12,67,'76c1f817-23dd-55cf-8c39-807be316968a','PRESCRIPTION'),(30,7,58,'76c1f817-23dd-55cf-8c39-807be316968a','ENCOUNTER'),(31,7,58,'76c1f817-23dd-55cf-8c39-807be316968a','NOTES'),(32,7,58,'76c1f817-23dd-55cf-8c39-807be316968a','ALERT'),(33,7,58,'76c1f817-23dd-55cf-8c39-807be316968a','PRESCRIPTION');

/*Table structure for table `gl_patient_tenant` */

DROP TABLE IF EXISTS `gl_patient_tenant`;

CREATE TABLE `gl_patient_tenant` (
  `pat_tenant_id` int(11) NOT NULL AUTO_INCREMENT,
  `org_id` int(11) NOT NULL,
  `tenant_id` int(11) NOT NULL,
  `patient_global_guid` varchar(50) NOT NULL,
  PRIMARY KEY (`pat_tenant_id`)
) ENGINE=InnoDB AUTO_INCREMENT=3 DEFAULT CHARSET=latin1;

/*Data for the table `gl_patient_tenant` */

insert  into `gl_patient_tenant`(`pat_tenant_id`,`org_id`,`tenant_id`,`patient_global_guid`) values (1,7,58,'76c1f817-23dd-55cf-8c39-807be316968a'),(2,12,67,'76c1f817-23dd-55cf-8c39-807be316968a');

/*!40101 SET SQL_MODE=@OLD_SQL_MODE */;
/*!40014 SET FOREIGN_KEY_CHECKS=@OLD_FOREIGN_KEY_CHECKS */;
/*!40014 SET UNIQUE_CHECKS=@OLD_UNIQUE_CHECKS */;
/*!40111 SET SQL_NOTES=@OLD_SQL_NOTES */;
