/*
SQLyog Ultimate v8.55 
MySQL - 5.6.14 : Database - ahana
*********************************************************************
*/

/*!40101 SET NAMES utf8 */;

/*!40101 SET SQL_MODE=''*/;

/*!40014 SET @OLD_UNIQUE_CHECKS=@@UNIQUE_CHECKS, UNIQUE_CHECKS=0 */;
/*!40014 SET @OLD_FOREIGN_KEY_CHECKS=@@FOREIGN_KEY_CHECKS, FOREIGN_KEY_CHECKS=0 */;
/*!40101 SET @OLD_SQL_MODE=@@SQL_MODE, SQL_MODE='NO_AUTO_VALUE_ON_ZERO' */;
/*!40111 SET @OLD_SQL_NOTES=@@SQL_NOTES, SQL_NOTES=0 */;
/*Table structure for table `app_configuration` */

DROP TABLE IF EXISTS `app_configuration`;

CREATE TABLE `app_configuration` (
  `config_id` int(11) NOT NULL AUTO_INCREMENT,
  `tenant_id` int(11) NOT NULL,
  `code` varchar(10) NOT NULL,
  `key` text NOT NULL,
  `value` text NOT NULL,
  `notes` varchar(50) DEFAULT NULL,
  `status` enum('0','1') DEFAULT '1',
  `created_by` int(11) NOT NULL,
  `created_at` timestamp NOT NULL DEFAULT CURRENT_TIMESTAMP,
  `modified_by` int(11) DEFAULT NULL,
  `modified_at` timestamp NULL DEFAULT NULL,
  `deleted_at` timestamp NULL DEFAULT '0000-00-00 00:00:00',
  PRIMARY KEY (`config_id`),
  KEY `FK_app_configuration_tenant` (`tenant_id`),
  CONSTRAINT `FK_app_configuration_tenant` FOREIGN KEY (`tenant_id`) REFERENCES `co_tenant` (`tenant_id`) ON DELETE CASCADE ON UPDATE CASCADE
) ENGINE=InnoDB AUTO_INCREMENT=3 DEFAULT CHARSET=latin1;

/*Data for the table `app_configuration` */

insert  into `app_configuration`(`config_id`,`tenant_id`,`code`,`key`,`value`,`notes`,`status`,`created_by`,`created_at`,`modified_by`,`modified_at`,`deleted_at`) values (1,58,'RC','ROOM_CHARGE_CONFIG','11',NULL,'0',0,'2016-05-02 18:16:02',51,'2016-05-03 12:43:57','2016-05-03 12:43:57'),(2,58,'ET','ELAPSED_TIME','3600','seconds','1',0,'2016-05-02 18:28:32',51,'2016-05-03 12:32:57','0000-00-00 00:00:00');

/*Table structure for table `co_alert` */

DROP TABLE IF EXISTS `co_alert`;

CREATE TABLE `co_alert` (
  `alert_id` int(11) NOT NULL AUTO_INCREMENT,
  `tenant_id` int(11) NOT NULL,
  `alert_name` varchar(50) NOT NULL,
  `status` enum('0','1') DEFAULT '1',
  `created_by` int(11) NOT NULL,
  `created_at` timestamp NOT NULL DEFAULT CURRENT_TIMESTAMP,
  `modified_by` int(11) DEFAULT NULL,
  `modified_at` timestamp NULL DEFAULT NULL,
  `deleted_at` timestamp NULL DEFAULT '0000-00-00 00:00:00',
  PRIMARY KEY (`alert_id`),
  UNIQUE KEY `CoAlertUnique` (`tenant_id`,`alert_name`,`deleted_at`),
  CONSTRAINT `FK_co_alert_tenant` FOREIGN KEY (`tenant_id`) REFERENCES `co_tenant` (`tenant_id`) ON DELETE CASCADE ON UPDATE CASCADE
) ENGINE=InnoDB AUTO_INCREMENT=7 DEFAULT CHARSET=latin1;

/*Data for the table `co_alert` */

insert  into `co_alert`(`alert_id`,`tenant_id`,`alert_name`,`status`,`created_by`,`created_at`,`modified_by`,`modified_at`,`deleted_at`) values (1,58,'new','1',51,'2016-02-19 01:33:25',51,'2016-02-19 01:33:25','0000-00-00 00:00:00'),(2,60,'Warning','1',59,'2016-02-21 22:31:39',59,'2016-02-21 22:31:39','0000-00-00 00:00:00'),(3,60,'new','1',59,'2016-02-21 22:31:47',59,'2016-02-21 22:31:47','0000-00-00 00:00:00'),(4,60,'waiting','1',59,'2016-02-21 22:31:55',59,'2016-02-21 22:31:55','0000-00-00 00:00:00'),(5,61,'test','1',67,'2016-02-23 02:20:48',67,'2016-02-23 02:20:48','0000-00-00 00:00:00'),(6,58,'Alertttt','1',51,'2016-04-16 12:55:34',51,'2016-04-16 12:55:34','0000-00-00 00:00:00');

/*Table structure for table `co_allied_charge` */

DROP TABLE IF EXISTS `co_allied_charge`;

CREATE TABLE `co_allied_charge` (
  `allied_charge_id` int(11) NOT NULL AUTO_INCREMENT,
  `tenant_id` int(11) NOT NULL,
  `allied_charge_name` varchar(50) NOT NULL,
  `status` enum('0','1') DEFAULT '1',
  `created_by` int(11) NOT NULL,
  `created_at` timestamp NOT NULL DEFAULT CURRENT_TIMESTAMP,
  `modified_by` int(11) DEFAULT NULL,
  `modified_at` timestamp NULL DEFAULT NULL,
  PRIMARY KEY (`allied_charge_id`),
  KEY `co_allied_charge_tenant` (`tenant_id`),
  CONSTRAINT `FK_co_allied_charge_tenant` FOREIGN KEY (`tenant_id`) REFERENCES `co_tenant` (`tenant_id`) ON DELETE CASCADE ON UPDATE CASCADE
) ENGINE=InnoDB DEFAULT CHARSET=latin1;

/*Data for the table `co_allied_charge` */

/*Table structure for table `co_charge_per_category` */

DROP TABLE IF EXISTS `co_charge_per_category`;

CREATE TABLE `co_charge_per_category` (
  `charge_id` int(11) NOT NULL AUTO_INCREMENT,
  `tenant_id` int(11) NOT NULL,
  `charge_cat_type` enum('C','P') NOT NULL DEFAULT 'C' COMMENT 'C -> Category, P -> Professional',
  `charge_cat_id` int(11) DEFAULT NULL COMMENT 'If -1 means related to user_id',
  `charge_code_id` int(11) NOT NULL COMMENT 'Link with user_id & room_charge_subcategory_id',
  `charge_default` varchar(255) DEFAULT NULL,
  `created_at` timestamp NOT NULL DEFAULT CURRENT_TIMESTAMP,
  `created_by` int(11) NOT NULL,
  `modified_at` timestamp NOT NULL DEFAULT '0000-00-00 00:00:00',
  `modified_by` int(11) DEFAULT NULL,
  `deleted_at` timestamp NOT NULL DEFAULT '0000-00-00 00:00:00',
  PRIMARY KEY (`charge_id`),
  UNIQUE KEY `CoChargePerCategoryUnique` (`tenant_id`,`charge_cat_type`,`charge_cat_id`,`charge_code_id`,`deleted_at`),
  CONSTRAINT `FK_co_charge_per_category_tenant` FOREIGN KEY (`tenant_id`) REFERENCES `co_tenant` (`tenant_id`) ON DELETE CASCADE ON UPDATE CASCADE
) ENGINE=InnoDB AUTO_INCREMENT=15 DEFAULT CHARSET=latin1;

/*Data for the table `co_charge_per_category` */

insert  into `co_charge_per_category`(`charge_id`,`tenant_id`,`charge_cat_type`,`charge_cat_id`,`charge_code_id`,`charge_default`,`created_at`,`created_by`,`modified_at`,`modified_by`,`deleted_at`) values (3,58,'C',1,22,'250','2016-02-04 22:36:47',51,'2016-03-02 12:55:14',51,'0000-00-00 00:00:00'),(4,58,'C',5,26,'150','2016-02-09 02:22:54',51,'2016-02-20 04:23:56',62,'0000-00-00 00:00:00'),(5,58,'C',5,25,NULL,'2016-02-09 02:24:37',51,'2016-02-09 02:24:37',51,'0000-00-00 00:00:00'),(6,58,'P',-1,56,'352','2016-02-17 04:35:32',51,'2016-02-17 04:35:32',51,'0000-00-00 00:00:00'),(7,58,'P',-1,54,'100','2016-02-17 04:36:29',51,'2016-03-21 15:59:29',51,'0000-00-00 00:00:00'),(8,60,'P',-1,65,'200','2016-02-19 07:53:17',59,'2016-02-19 07:53:17',59,'0000-00-00 00:00:00'),(9,60,'P',-1,60,'100','2016-02-19 07:58:12',59,'2016-02-19 07:58:12',59,'0000-00-00 00:00:00'),(10,60,'P',-1,61,'100','2016-02-19 23:22:28',59,'2016-02-19 23:22:28',59,'0000-00-00 00:00:00'),(11,58,'P',-1,58,'100','2016-02-20 02:17:57',62,'2016-02-20 02:17:57',62,'0000-00-00 00:00:00'),(12,60,'C',1,35,'100','2016-02-20 03:29:39',59,'2016-02-20 03:29:39',59,'0000-00-00 00:00:00'),(13,61,'P',-1,68,'200','2016-02-22 00:01:27',67,'2016-02-23 02:19:20',67,'0000-00-00 00:00:00'),(14,58,'C',1,39,'200','2016-03-22 15:35:18',51,'2016-03-22 15:35:18',51,'0000-00-00 00:00:00');

/*Table structure for table `co_charge_per_subcategory` */

DROP TABLE IF EXISTS `co_charge_per_subcategory`;

CREATE TABLE `co_charge_per_subcategory` (
  `sub_charge_id` int(11) NOT NULL AUTO_INCREMENT,
  `charge_id` int(11) NOT NULL,
  `charge_type` enum('IP','OP') NOT NULL,
  `charge_link_id` int(11) NOT NULL COMMENT 'Link with patient_category_id & room_type_id',
  `charge_amount` decimal(10,2) NOT NULL,
  `created_at` timestamp NOT NULL DEFAULT CURRENT_TIMESTAMP,
  `created_by` int(11) NOT NULL,
  `modified_at` timestamp NOT NULL DEFAULT '0000-00-00 00:00:00',
  `modified_by` int(11) DEFAULT NULL,
  `deleted_at` timestamp NOT NULL DEFAULT '0000-00-00 00:00:00',
  PRIMARY KEY (`sub_charge_id`),
  KEY `FK_co_charge_per_subcategory_category` (`charge_id`),
  CONSTRAINT `FK_co_charge_per_subcategory_category` FOREIGN KEY (`charge_id`) REFERENCES `co_charge_per_category` (`charge_id`) ON DELETE CASCADE ON UPDATE CASCADE
) ENGINE=InnoDB AUTO_INCREMENT=68 DEFAULT CHARSET=latin1;

/*Data for the table `co_charge_per_subcategory` */

insert  into `co_charge_per_subcategory`(`sub_charge_id`,`charge_id`,`charge_type`,`charge_link_id`,`charge_amount`,`created_at`,`created_by`,`modified_at`,`modified_by`,`deleted_at`) values (1,3,'IP',9,'111.00','2016-02-04 22:36:48',51,'2016-02-04 22:36:48',51,'0000-00-00 00:00:00'),(2,3,'IP',10,'111.00','2016-02-04 22:36:48',51,'2016-02-04 22:36:48',51,'0000-00-00 00:00:00'),(3,3,'IP',11,'111.00','2016-02-04 22:36:48',51,'2016-02-04 22:36:48',51,'0000-00-00 00:00:00'),(4,4,'IP',9,'1000.00','2016-02-09 02:22:55',51,'2016-02-09 02:22:55',51,'0000-00-00 00:00:00'),(5,4,'IP',10,'1200.00','2016-02-09 02:22:55',51,'2016-02-09 02:22:55',51,'0000-00-00 00:00:00'),(6,4,'IP',11,'1500.00','2016-02-09 02:22:55',51,'2016-02-09 02:22:55',51,'0000-00-00 00:00:00'),(7,4,'IP',12,'1900.00','2016-02-09 02:22:55',51,'2016-02-09 02:22:55',51,'0000-00-00 00:00:00'),(8,4,'IP',13,'2000.00','2016-02-09 02:22:55',51,'2016-02-09 02:22:55',51,'0000-00-00 00:00:00'),(9,5,'IP',9,'1111.00','2016-02-09 02:24:57',51,'2016-02-09 02:24:57',51,'0000-00-00 00:00:00'),(10,5,'IP',10,'11111.00','2016-02-09 02:24:57',51,'2016-02-09 02:24:57',51,'0000-00-00 00:00:00'),(11,5,'IP',11,'1111.00','2016-02-09 02:24:57',51,'2016-02-09 02:24:57',51,'0000-00-00 00:00:00'),(12,5,'IP',12,'11111.00','2016-02-09 02:24:57',51,'2016-02-09 02:24:57',51,'0000-00-00 00:00:00'),(13,5,'IP',13,'2222.00','2016-02-09 02:24:57',51,'2016-02-09 02:24:57',51,'0000-00-00 00:00:00'),(14,6,'OP',4,'100.00','2016-02-17 04:35:32',51,'2016-03-02 12:54:38',51,'0000-00-00 00:00:00'),(15,6,'OP',5,'200.00','2016-02-17 04:35:32',51,'2016-02-17 04:35:32',51,'0000-00-00 00:00:00'),(16,6,'OP',6,'300.00','2016-02-17 04:35:32',51,'2016-02-17 04:35:32',51,'0000-00-00 00:00:00'),(17,6,'IP',9,'100.00','2016-02-17 04:35:32',51,'2016-02-17 04:35:32',51,'0000-00-00 00:00:00'),(18,6,'IP',10,'20.00','2016-02-17 04:35:32',51,'2016-02-17 04:35:32',51,'0000-00-00 00:00:00'),(19,6,'IP',11,'33.00','2016-02-17 04:35:32',51,'2016-02-17 04:35:32',51,'0000-00-00 00:00:00'),(20,6,'IP',12,'11.00','2016-02-17 04:35:32',51,'2016-02-17 04:35:32',51,'0000-00-00 00:00:00'),(21,6,'IP',13,'15.00','2016-02-17 04:35:32',51,'2016-02-17 04:35:32',51,'0000-00-00 00:00:00'),(22,7,'OP',4,'100.00','2016-02-17 04:36:29',51,'2016-02-17 04:36:29',51,'0000-00-00 00:00:00'),(23,7,'OP',5,'100.00','2016-02-17 04:36:29',51,'2016-02-17 04:36:29',51,'0000-00-00 00:00:00'),(24,7,'OP',6,'100.00','2016-02-17 04:36:29',51,'2016-02-17 04:36:29',51,'0000-00-00 00:00:00'),(25,7,'IP',9,'180.00','2016-02-17 04:36:29',51,'2016-03-21 15:59:17',51,'0000-00-00 00:00:00'),(26,7,'IP',10,'100.00','2016-02-17 04:36:29',51,'2016-03-21 15:59:11',51,'0000-00-00 00:00:00'),(27,7,'IP',11,'120.00','2016-02-17 04:36:29',51,'2016-02-25 04:10:33',51,'0000-00-00 00:00:00'),(28,7,'IP',12,'200.00','2016-02-17 04:36:29',51,'2016-02-17 04:36:29',51,'0000-00-00 00:00:00'),(29,7,'IP',13,'200.00','2016-02-17 04:36:29',51,'2016-02-17 04:36:29',51,'0000-00-00 00:00:00'),(30,6,'OP',7,'400.00','2016-02-19 07:45:04',51,'2016-02-19 07:45:04',51,'0000-00-00 00:00:00'),(31,8,'OP',8,'100.00','2016-02-19 07:53:18',59,'2016-02-19 07:53:18',59,'0000-00-00 00:00:00'),(32,8,'OP',9,'100.00','2016-02-19 07:53:18',59,'2016-02-19 07:53:18',59,'0000-00-00 00:00:00'),(33,8,'OP',10,'101.00','2016-02-19 07:53:18',59,'2016-02-19 07:53:18',59,'0000-00-00 00:00:00'),(34,8,'OP',11,'102.00','2016-02-19 07:53:18',59,'2016-02-19 07:53:18',59,'0000-00-00 00:00:00'),(35,8,'OP',12,'103.00','2016-02-19 07:53:18',59,'2016-02-19 07:53:18',59,'0000-00-00 00:00:00'),(36,9,'OP',8,'101.00','2016-02-19 07:58:12',59,'2016-02-19 07:58:12',59,'0000-00-00 00:00:00'),(37,9,'OP',9,'102.00','2016-02-19 07:58:12',59,'2016-02-19 07:58:12',59,'0000-00-00 00:00:00'),(38,9,'OP',10,'103.00','2016-02-19 07:58:12',59,'2016-02-19 07:58:12',59,'0000-00-00 00:00:00'),(39,9,'OP',11,'104.00','2016-02-19 07:58:12',59,'2016-02-19 07:58:12',59,'0000-00-00 00:00:00'),(40,9,'OP',12,'105.00','2016-02-19 07:58:12',59,'2016-02-19 07:58:12',59,'0000-00-00 00:00:00'),(41,10,'OP',8,'101.00','2016-02-19 23:29:21',59,'2016-02-19 23:29:21',59,'0000-00-00 00:00:00'),(42,3,'OP',4,'500.00','2016-02-20 01:21:12',62,'2016-02-20 01:21:12',62,'0000-00-00 00:00:00'),(43,3,'OP',5,'600.00','2016-02-20 01:21:22',62,'2016-02-20 01:21:22',62,'0000-00-00 00:00:00'),(44,11,'OP',4,'100.00','2016-02-20 02:17:57',62,'2016-02-20 02:17:57',62,'0000-00-00 00:00:00'),(45,12,'OP',8,'123.00','2016-02-20 03:29:40',59,'2016-02-20 03:29:40',59,'0000-00-00 00:00:00'),(46,12,'OP',9,'123.00','2016-02-20 03:29:40',59,'2016-02-20 03:29:40',59,'0000-00-00 00:00:00'),(47,12,'OP',10,'123.00','2016-02-20 03:29:40',59,'2016-02-20 03:29:40',59,'0000-00-00 00:00:00'),(48,12,'OP',11,'123.00','2016-02-20 03:29:40',59,'2016-02-20 03:29:40',59,'0000-00-00 00:00:00'),(49,12,'OP',12,'123.00','2016-02-20 03:29:40',59,'2016-02-20 03:29:40',59,'0000-00-00 00:00:00'),(50,12,'IP',14,'123.00','2016-02-20 03:29:40',59,'2016-02-20 03:29:40',59,'0000-00-00 00:00:00'),(51,12,'IP',15,'123.00','2016-02-20 03:29:40',59,'2016-02-20 03:29:40',59,'0000-00-00 00:00:00'),(52,12,'IP',16,'123.00','2016-02-20 03:29:40',59,'2016-02-20 03:29:40',59,'0000-00-00 00:00:00'),(53,13,'OP',14,'200.00','2016-02-23 04:52:20',67,'2016-02-23 04:52:20',67,'0000-00-00 00:00:00'),(54,3,'IP',12,'100.00','2016-03-21 11:47:33',51,'2016-03-21 11:47:33',51,'0000-00-00 00:00:00'),(55,7,'OP',7,'200.00','2016-03-21 15:58:51',51,'2016-03-21 15:58:51',51,'0000-00-00 00:00:00'),(56,7,'OP',13,'600.00','2016-03-21 15:58:55',51,'2016-03-21 15:58:55',51,'0000-00-00 00:00:00'),(57,7,'OP',13,'150.00','2016-03-21 15:59:23',51,'2016-03-21 15:59:23',51,'0000-00-00 00:00:00'),(58,14,'OP',4,'200.00','2016-03-22 15:35:18',51,'2016-03-22 15:35:18',51,'0000-00-00 00:00:00'),(59,14,'OP',13,'200.00','2016-03-22 15:35:18',51,'2016-03-22 15:35:18',51,'0000-00-00 00:00:00'),(60,14,'OP',6,'200.00','2016-03-22 15:35:18',51,'2016-03-22 15:35:18',51,'0000-00-00 00:00:00'),(61,14,'OP',5,'200.00','2016-03-22 15:35:18',51,'2016-03-22 15:35:18',51,'0000-00-00 00:00:00'),(62,14,'OP',7,'200.00','2016-03-22 15:35:18',51,'2016-03-22 15:35:18',51,'0000-00-00 00:00:00'),(63,14,'IP',9,'200.00','2016-03-22 15:35:18',51,'2016-03-22 15:35:18',51,'0000-00-00 00:00:00'),(64,14,'IP',11,'200.00','2016-03-22 15:35:18',51,'2016-03-22 15:35:18',51,'0000-00-00 00:00:00'),(65,14,'IP',10,'200.00','2016-03-22 15:35:18',51,'2016-03-22 15:35:18',51,'0000-00-00 00:00:00'),(66,14,'IP',13,'200.00','2016-03-22 15:35:18',51,'2016-03-22 15:35:18',51,'0000-00-00 00:00:00'),(67,14,'IP',12,'200.00','2016-03-22 15:35:19',51,'2016-03-22 15:35:19',51,'0000-00-00 00:00:00');

/*Table structure for table `co_doctor_schedule` */

DROP TABLE IF EXISTS `co_doctor_schedule`;

CREATE TABLE `co_doctor_schedule` (
  `schedule_id` int(11) NOT NULL AUTO_INCREMENT,
  `tenant_id` int(11) NOT NULL,
  `user_id` int(11) NOT NULL,
  `schedule_day` enum('1','2','3','4','5','6','7','-1') NOT NULL COMMENT '-1 means All day',
  `schedule_time_in` time NOT NULL,
  `schedule_time_out` time NOT NULL,
  `created_at` timestamp NOT NULL DEFAULT CURRENT_TIMESTAMP,
  `created_by` int(11) NOT NULL,
  `modified_at` timestamp NOT NULL DEFAULT '0000-00-00 00:00:00',
  `modified_by` int(11) DEFAULT NULL,
  `deleted_at` timestamp NOT NULL DEFAULT '0000-00-00 00:00:00',
  PRIMARY KEY (`schedule_id`),
  KEY `FK_co_doctor_schedule_tenant` (`tenant_id`),
  KEY `FK_co_doctor_schedule_user` (`user_id`),
  CONSTRAINT `FK_co_doctor_schedule_tenant` FOREIGN KEY (`tenant_id`) REFERENCES `co_tenant` (`tenant_id`) ON DELETE CASCADE ON UPDATE CASCADE,
  CONSTRAINT `FK_co_doctor_schedule_user` FOREIGN KEY (`user_id`) REFERENCES `co_user` (`user_id`) ON DELETE CASCADE ON UPDATE CASCADE
) ENGINE=InnoDB AUTO_INCREMENT=15 DEFAULT CHARSET=latin1;

/*Data for the table `co_doctor_schedule` */

insert  into `co_doctor_schedule`(`schedule_id`,`tenant_id`,`user_id`,`schedule_day`,`schedule_time_in`,`schedule_time_out`,`created_at`,`created_by`,`modified_at`,`modified_by`,`deleted_at`) values (1,58,54,'-1','07:30:00','08:00:00','2016-02-04 22:40:42',51,'2016-02-04 22:40:42',51,'2016-02-04 22:41:31'),(2,58,54,'-1','05:00:00','07:30:00','2016-02-04 22:40:42',51,'2016-02-04 22:40:42',51,'2016-02-04 22:41:31'),(3,58,56,'-1','11:00:00','12:00:00','2016-02-17 00:45:37',51,'2016-02-17 00:45:37',10,'2016-03-17 15:33:53'),(4,60,60,'-1','09:00:00','10:00:00','2016-02-17 06:33:58',59,'2016-02-17 06:33:58',59,'0000-00-00 00:00:00'),(5,60,61,'-1','00:30:00','03:00:00','2016-02-19 23:24:54',59,'2016-02-19 23:24:54',59,'0000-00-00 00:00:00'),(6,60,65,'-1','16:00:00','18:00:00','2016-02-20 03:30:18',59,'2016-02-20 03:30:18',59,'0000-00-00 00:00:00'),(7,60,64,'-1','22:30:00','23:00:00','2016-02-20 03:30:32',59,'2016-02-20 03:30:32',59,'0000-00-00 00:00:00'),(8,61,68,'-1','01:00:00','00:00:00','2016-02-21 23:26:35',67,'2016-02-21 23:26:35',19,'2016-02-21 23:34:57'),(9,61,68,'-1','02:00:00','00:00:00','2016-02-21 23:27:24',67,'2016-02-21 23:27:24',19,'2016-02-21 23:34:55'),(10,61,68,'-1','10:30:00','23:30:00','2016-02-21 23:35:20',67,'2016-02-21 23:35:20',19,'2016-02-23 05:12:53'),(11,58,56,'-1','20:30:00','21:00:00','2016-03-17 15:33:19',51,'2016-03-17 15:33:19',10,'2016-03-17 15:33:54'),(12,58,54,'-1','10:00:00','14:00:00','2016-03-17 15:37:02',51,'2016-05-03 15:53:36',51,'0000-00-00 00:00:00'),(13,58,54,'1','17:00:00','19:00:00','2016-03-17 15:39:18',51,'2016-05-03 15:53:50',51,'0000-00-00 00:00:00'),(14,58,54,'2','09:00:00','14:00:00','2016-05-03 18:01:15',51,'2016-05-03 19:34:50',51,'0000-00-00 00:00:00');

/*Table structure for table `co_floor` */

DROP TABLE IF EXISTS `co_floor`;

CREATE TABLE `co_floor` (
  `floor_id` int(11) NOT NULL AUTO_INCREMENT,
  `tenant_id` int(11) NOT NULL,
  `floor_name` varchar(50) NOT NULL,
  `floor_code` char(2) DEFAULT NULL,
  `status` enum('0','1') DEFAULT '1',
  `created_by` int(11) NOT NULL,
  `created_at` timestamp NOT NULL DEFAULT CURRENT_TIMESTAMP,
  `modified_by` int(11) DEFAULT NULL,
  `modified_at` timestamp NULL DEFAULT NULL,
  `deleted_at` timestamp NULL DEFAULT '0000-00-00 00:00:00',
  PRIMARY KEY (`floor_id`),
  UNIQUE KEY `FloorNameUnique` (`floor_name`,`tenant_id`,`deleted_at`),
  KEY `FK_co_floor_tenant` (`tenant_id`),
  CONSTRAINT `FK_co_floor_tenant` FOREIGN KEY (`tenant_id`) REFERENCES `co_tenant` (`tenant_id`) ON DELETE CASCADE ON UPDATE CASCADE
) ENGINE=InnoDB AUTO_INCREMENT=21 DEFAULT CHARSET=latin1;

/*Data for the table `co_floor` */

insert  into `co_floor`(`floor_id`,`tenant_id`,`floor_name`,`floor_code`,`status`,`created_by`,`created_at`,`modified_by`,`modified_at`,`deleted_at`) values (7,58,'Ground Floor','1','1',51,'2016-02-04 07:15:34',51,'2016-02-04 07:15:34','0000-00-00 00:00:00'),(8,58,'Floor 1','2','1',51,'2016-02-04 07:15:44',51,'2016-02-04 07:15:44','0000-00-00 00:00:00'),(9,58,'Floor 2','3','1',51,'2016-02-04 07:15:54',51,'2016-02-04 07:15:54','0000-00-00 00:00:00'),(10,59,'1','1','1',52,'2016-02-05 06:47:59',52,'2016-02-05 06:47:59','0000-00-00 00:00:00'),(14,58,'111','90','1',51,'2016-02-15 06:49:27',51,'2016-04-16 11:51:07','0000-00-00 00:00:00'),(15,58,'11231','9','1',51,'2016-02-15 07:17:28',NULL,'2016-03-02 16:46:33','0000-00-00 00:00:00'),(16,60,'Ground Floor','01','1',59,'2016-02-19 22:25:45',59,'2016-02-19 22:25:45','0000-00-00 00:00:00'),(17,60,'First Floor','02','1',59,'2016-02-20 01:10:57',59,'2016-02-20 01:10:57','0000-00-00 00:00:00'),(18,60,'Second Floor','03','1',59,'2016-02-20 01:13:41',59,'2016-02-20 01:13:41','0000-00-00 00:00:00'),(19,61,'Floor1','F1','1',67,'2016-02-23 02:33:20',67,'2016-02-23 02:33:20','0000-00-00 00:00:00'),(20,61,'Floor2','F2','1',67,'2016-02-23 02:33:36',67,'2016-02-23 02:33:36','0000-00-00 00:00:00');

/*Table structure for table `co_internal_code` */

DROP TABLE IF EXISTS `co_internal_code`;

CREATE TABLE `co_internal_code` (
  `internal_code_id` int(11) NOT NULL AUTO_INCREMENT,
  `tenant_id` int(11) NOT NULL,
  `code_type` varchar(2) NOT NULL DEFAULT 'B' COMMENT 'B - Bill, P - Patient, PU -> Purchase',
  `code_prefix` varchar(10) NOT NULL,
  `code` int(11) NOT NULL,
  `code_padding` tinyint(4) NOT NULL DEFAULT '7',
  `code_suffix` varchar(10) DEFAULT NULL,
  `status` enum('0','1') NOT NULL DEFAULT '1',
  `created_at` timestamp NOT NULL DEFAULT CURRENT_TIMESTAMP ON UPDATE CURRENT_TIMESTAMP,
  `created_by` int(11) NOT NULL,
  `modified_at` timestamp NULL DEFAULT NULL,
  `modified_by` int(11) DEFAULT NULL,
  `deleted_at` timestamp NULL DEFAULT '0000-00-00 00:00:00',
  PRIMARY KEY (`internal_code_id`),
  UNIQUE KEY `code_unique` (`tenant_id`,`code_type`),
  KEY `FK_co_internal_code` (`tenant_id`)
) ENGINE=InnoDB AUTO_INCREMENT=14 DEFAULT CHARSET=latin1;

/*Data for the table `co_internal_code` */

insert  into `co_internal_code`(`internal_code_id`,`tenant_id`,`code_type`,`code_prefix`,`code`,`code_padding`,`code_suffix`,`status`,`created_at`,`created_by`,`modified_at`,`modified_by`,`deleted_at`) values (2,58,'B','AH',52,7,NULL,'1','2016-05-30 11:05:29',-1,'2016-05-30 11:05:29',51,'0000-00-00 00:00:00'),(3,58,'P','AH',39,7,NULL,'1','2016-05-19 16:19:54',-1,'2016-05-19 16:19:54',51,'0000-00-00 00:00:00'),(4,59,'B','AR',1,7,NULL,'1','2016-02-02 22:43:11',-1,'2016-02-02 22:43:11',-1,'0000-00-00 00:00:00'),(5,59,'P','AR',1,7,NULL,'1','2016-02-02 22:43:11',-1,'2016-02-02 22:43:11',-1,'0000-00-00 00:00:00'),(6,60,'B','RA',1,7,NULL,'1','2016-02-17 06:28:38',-1,'2016-02-17 06:28:38',-1,'0000-00-00 00:00:00'),(7,60,'P','RA',5,7,NULL,'1','2016-02-20 03:31:26',-1,'2016-02-20 03:31:26',59,'0000-00-00 00:00:00'),(8,61,'B','TE',34343434,7,NULL,'1','2016-02-23 02:20:29',-1,'2016-02-23 02:20:29',67,'0000-00-00 00:00:00'),(9,61,'P','TE',2,7,NULL,'1','2016-02-21 23:20:06',-1,'2016-02-21 23:20:06',67,'0000-00-00 00:00:00'),(10,62,'B','TE',1,7,NULL,'1','2016-02-29 02:00:01',-1,'2016-02-29 02:00:01',-1,'0000-00-00 00:00:00'),(11,62,'P','TE',1,7,NULL,'1','2016-02-29 02:00:01',-1,'2016-02-29 02:00:01',-1,'0000-00-00 00:00:00'),(12,58,'PU','AH',20,7,NULL,'1','2016-03-31 16:00:45',-1,'2016-03-31 16:00:45',51,'0000-00-00 00:00:00'),(13,58,'PR','PR',5,7,NULL,'1','2016-03-11 15:15:03',-1,'2016-03-11 15:15:03',51,'0000-00-00 00:00:00');

/*Table structure for table `co_login` */

DROP TABLE IF EXISTS `co_login`;

CREATE TABLE `co_login` (
  `login_id` int(11) NOT NULL AUTO_INCREMENT,
  `user_id` int(11) NOT NULL,
  `username` varchar(255) NOT NULL,
  `password` varchar(255) NOT NULL,
  `password_reset_token` varchar(255) DEFAULT NULL,
  `authtoken` varchar(255) DEFAULT NULL,
  `created_by` int(11) NOT NULL,
  `created_at` timestamp NOT NULL DEFAULT CURRENT_TIMESTAMP,
  `modified_by` int(11) DEFAULT NULL,
  `modified_at` timestamp NULL DEFAULT NULL,
  `activation_date` date DEFAULT NULL,
  `Inactivation_date` date DEFAULT NULL,
  `logged_tenant_id` int(11) DEFAULT NULL,
  PRIMARY KEY (`login_id`),
  KEY `FK_co_login_user` (`user_id`),
  CONSTRAINT `FK_co_login_user` FOREIGN KEY (`user_id`) REFERENCES `co_user` (`user_id`) ON DELETE CASCADE ON UPDATE CASCADE
) ENGINE=InnoDB AUTO_INCREMENT=21 DEFAULT CHARSET=latin1;

/*Data for the table `co_login` */

insert  into `co_login`(`login_id`,`user_id`,`username`,`password`,`password_reset_token`,`authtoken`,`created_by`,`created_at`,`modified_by`,`modified_at`,`activation_date`,`Inactivation_date`,`logged_tenant_id`) values (10,51,'vikhram','$2y$13$fiIoeo1BUmyPw1bx4fSe/.ePp7Xh.K9uXqZa6.j4UQa6rN5TBJzT.','b1SD_pk2esmjHp5RiON3wzGPpzmDxS0q_1457939704','dmlraHJhbTE0NjQ2OTQ1ODY3MDQ3',-1,'2016-02-02 22:26:39',NULL,'2016-05-31 17:06:26',NULL,NULL,58),(11,52,'ark','$2y$13$4T7TlDr8in4ydQTVxEfTke.donWnYhKLOJG8r/c78g.UXuXeqfNFO',NULL,'YXJrMTQ1NDk5MDU0NTE1MTg=',-1,'2016-02-02 22:43:12',NULL,'2016-02-08 22:02:25',NULL,NULL,NULL),(12,54,'John','$2y$13$/mlVvR83V.H4qLbC1wGelenerJWeBGEF1SYMWeAXJ9FxzF9vvTyR2',NULL,'Sm9objE0NjM3MTg5OTI4NjIy',51,'2016-02-04 07:07:43',NULL,'2016-05-20 10:06:32','2016-02-04','2016-02-28',58),(13,56,'surya','$2y$13$lpvuN2LSd2zOqt5Mx4TdmeuGcgBa7YuOsBwRdHLtKQrd3uioJioeq',NULL,'c3VyeWExNDU1NTQxODM1ODkwOQ==',51,'2016-02-05 22:50:58',NULL,'2016-02-15 07:10:35','2016-02-06','2016-04-30',NULL),(14,59,'gayatri','$2y$13$ZEtwkbrJqouJw3KqMkoEzO6JIGFyuOUA3mba5AENqyYe7jX5HmpTe',NULL,'Z2F5YXRyaTE0NTYxNDM0MTYyNDgz',-1,'2016-02-17 06:28:39',NULL,'2016-02-22 06:16:56',NULL,NULL,60),(15,62,'prakash','$2y$13$X9agaug8aC21f9ujjR9vzOze3nqFNsuaLPf0kgOwwI06tsqX35IrW',NULL,'',51,'2016-02-19 07:08:27',62,'2016-03-03 17:28:56','2016-02-19','2016-02-19',NULL),(16,63,'nadesh','$2y$13$X9agaug8aC21f9ujjR9vzOze3nqFNsuaLPf0kgOwwI06tsqX35IrW',NULL,'',51,'2016-02-19 07:09:05',63,'2016-02-29 06:16:28','2016-02-19','2016-02-19',NULL),(17,65,'test','$2y$13$A4KhMKHUYaMb4m0MoTBNVufbQu4gkBcTc0zV.vSkFiuv..QlAhfh2',NULL,NULL,59,'2016-02-19 07:49:44',59,'2016-02-19 07:49:44','2016-02-19','2016-02-19',NULL),(18,66,'prakash2','$2y$13$mfGVdp/.Cst1GsGHSo/Vv.q9.gxFCaecIokQmbF29OnIw9WS8aIX.',NULL,'cHJha2FzaDIxNDU1OTcyNTk2NDA5Nw==',59,'2016-02-20 05:10:18',NULL,'2016-02-20 06:49:56','2016-02-20','2016-02-20',60),(19,67,'paramesh','$2y$13$u.tSO2LUiafMwxi19midCOlGruWNOIR1lD3gqsGnYhXnSbNYHqvqC','2NCgwIefzaenjPjYtE2lCd_M9eLzyfsQ_1456575065','',-1,'2016-02-21 23:16:05',67,'2016-02-29 02:01:25',NULL,NULL,NULL),(20,73,'parames','$2y$13$1TsRqCJ5ThWc.Pp2vVrdQecg1tFoqsKPGJRCwII5QZqlpB2AtSn86',NULL,NULL,-1,'2016-02-29 02:00:02',-1,'2016-02-29 02:00:02',NULL,NULL,NULL);

/*Table structure for table `co_master_city` */

DROP TABLE IF EXISTS `co_master_city`;

CREATE TABLE `co_master_city` (
  `city_id` int(11) NOT NULL AUTO_INCREMENT,
  `tenant_id` int(11) DEFAULT NULL,
  `state_id` int(11) NOT NULL,
  `city_name` varchar(50) NOT NULL,
  `status` enum('0','1') DEFAULT '1',
  `created_by` int(11) NOT NULL,
  `created_at` timestamp NOT NULL DEFAULT CURRENT_TIMESTAMP,
  `modified_by` int(11) DEFAULT NULL,
  `modified_at` timestamp NULL DEFAULT NULL,
  `deleted_at` timestamp NULL DEFAULT '0000-00-00 00:00:00',
  PRIMARY KEY (`city_id`),
  UNIQUE KEY `CoMasterCityUnique` (`tenant_id`,`state_id`,`city_name`,`deleted_at`),
  KEY `FK_co_master_city_state` (`state_id`),
  CONSTRAINT `FK_co_master_city_state` FOREIGN KEY (`state_id`) REFERENCES `co_master_state` (`state_id`) ON DELETE CASCADE ON UPDATE CASCADE
) ENGINE=InnoDB AUTO_INCREMENT=6 DEFAULT CHARSET=latin1;

/*Data for the table `co_master_city` */

insert  into `co_master_city`(`city_id`,`tenant_id`,`state_id`,`city_name`,`status`,`created_by`,`created_at`,`modified_by`,`modified_at`,`deleted_at`) values (1,NULL,8,'Madurai','1',-1,'2016-01-22 08:13:06',NULL,NULL,'0000-00-00 00:00:00'),(4,58,10,'Los Angeles','1',51,'2016-02-05 01:02:19',51,'2016-02-05 01:02:19','0000-00-00 00:00:00'),(5,61,8,'Trichy','0',67,'2016-02-23 05:10:48',NULL,'2016-02-23 05:12:01','0000-00-00 00:00:00');

/*Table structure for table `co_master_country` */

DROP TABLE IF EXISTS `co_master_country`;

CREATE TABLE `co_master_country` (
  `country_id` int(10) NOT NULL AUTO_INCREMENT,
  `tenant_id` int(11) DEFAULT NULL,
  `country_name` varchar(50) NOT NULL,
  `status` enum('0','1') DEFAULT '1',
  `created_by` int(11) NOT NULL,
  `created_at` timestamp NOT NULL DEFAULT CURRENT_TIMESTAMP,
  `modified_by` int(11) DEFAULT NULL,
  `modified_at` timestamp NULL DEFAULT NULL,
  `deleted_at` timestamp NULL DEFAULT '0000-00-00 00:00:00',
  PRIMARY KEY (`country_id`),
  UNIQUE KEY `CountryNameUnique` (`country_name`,`tenant_id`,`deleted_at`)
) ENGINE=InnoDB AUTO_INCREMENT=13 DEFAULT CHARSET=latin1;

/*Data for the table `co_master_country` */

insert  into `co_master_country`(`country_id`,`tenant_id`,`country_name`,`status`,`created_by`,`created_at`,`modified_by`,`modified_at`,`deleted_at`) values (7,NULL,'India','1',-1,'2016-01-22 08:11:40',NULL,NULL,'0000-00-00 00:00:00'),(11,58,'USA','1',51,'2016-02-05 00:58:16',51,'2016-02-05 00:59:15','0000-00-00 00:00:00'),(12,58,'Pakistan','1',51,'2016-04-16 13:01:54',51,'2016-04-16 13:01:54','0000-00-00 00:00:00');

/*Table structure for table `co_master_state` */

DROP TABLE IF EXISTS `co_master_state`;

CREATE TABLE `co_master_state` (
  `state_id` int(11) NOT NULL AUTO_INCREMENT,
  `tenant_id` int(11) DEFAULT NULL,
  `country_id` int(11) NOT NULL,
  `state_name` varchar(50) NOT NULL,
  `status` enum('0','1') DEFAULT '1',
  `created_by` int(11) NOT NULL,
  `created_at` timestamp NOT NULL DEFAULT CURRENT_TIMESTAMP,
  `modified_by` int(11) DEFAULT NULL,
  `modified_at` timestamp NULL DEFAULT NULL,
  `deleted_at` timestamp NULL DEFAULT '0000-00-00 00:00:00',
  PRIMARY KEY (`state_id`),
  UNIQUE KEY `CoMasterStateNameUnique` (`tenant_id`,`country_id`,`state_name`,`deleted_at`),
  KEY `FK_co_master_state_country` (`country_id`),
  CONSTRAINT `FK_co_master_state_country` FOREIGN KEY (`country_id`) REFERENCES `co_master_country` (`country_id`) ON DELETE CASCADE ON UPDATE CASCADE
) ENGINE=InnoDB AUTO_INCREMENT=11 DEFAULT CHARSET=latin1;

/*Data for the table `co_master_state` */

insert  into `co_master_state`(`state_id`,`tenant_id`,`country_id`,`state_name`,`status`,`created_by`,`created_at`,`modified_by`,`modified_at`,`deleted_at`) values (8,NULL,7,'Tamilnadu','1',-1,'2016-01-22 08:12:06',NULL,NULL,'0000-00-00 00:00:00'),(10,58,11,'California','1',51,'2016-02-05 00:59:37',51,'2016-02-05 00:59:37','0000-00-00 00:00:00');

/*Table structure for table `co_organization` */

DROP TABLE IF EXISTS `co_organization`;

CREATE TABLE `co_organization` (
  `org_id` int(11) NOT NULL AUTO_INCREMENT,
  `org_name` varchar(100) NOT NULL,
  `org_description` text,
  `org_db_host` varchar(255) NOT NULL DEFAULT 'localhost',
  `org_db_username` varchar(255) NOT NULL DEFAULT 'root',
  `org_db_password` varchar(255) DEFAULT NULL,
  `org_database` varchar(255) NOT NULL,
  `org_domain` varchar(255) NOT NULL,
  `status` enum('0','1') DEFAULT '1',
  `created_by` int(11) NOT NULL,
  `created_at` timestamp NOT NULL DEFAULT CURRENT_TIMESTAMP,
  `modified_by` int(11) DEFAULT NULL,
  `modified_at` timestamp NULL DEFAULT NULL,
  `deleted_at` timestamp NULL DEFAULT '0000-00-00 00:00:00',
  PRIMARY KEY (`org_id`),
  UNIQUE KEY `orgNameUnique` (`org_name`)
) ENGINE=InnoDB AUTO_INCREMENT=8 DEFAULT CHARSET=latin1;

/*Data for the table `co_organization` */

insert  into `co_organization`(`org_id`,`org_name`,`org_description`,`org_db_host`,`org_db_username`,`org_db_password`,`org_database`,`org_domain`,`status`,`created_by`,`created_at`,`modified_by`,`modified_at`,`deleted_at`) values (7,'Org','Org','localhost','root',NULL,'ahana','ahana.hms.ark','1',-1,'2016-02-17 18:50:12',NULL,NULL,'0000-00-00 00:00:00');

/*Table structure for table `co_patient_category` */

DROP TABLE IF EXISTS `co_patient_category`;

CREATE TABLE `co_patient_category` (
  `patient_cat_id` int(11) NOT NULL AUTO_INCREMENT,
  `tenant_id` int(11) NOT NULL,
  `patient_cat_name` varchar(50) NOT NULL,
  `patient_cat_color` varchar(10) NOT NULL,
  `status` enum('0','1') DEFAULT '1',
  `created_by` int(11) NOT NULL,
  `created_at` timestamp NOT NULL DEFAULT CURRENT_TIMESTAMP,
  `modified_by` int(11) DEFAULT NULL,
  `modified_at` timestamp NULL DEFAULT NULL,
  `deleted_at` timestamp NULL DEFAULT '0000-00-00 00:00:00',
  PRIMARY KEY (`patient_cat_id`),
  UNIQUE KEY `FK_co_patient_category_tenant` (`tenant_id`,`patient_cat_name`,`deleted_at`),
  CONSTRAINT `FK_co_patient_category_tenant` FOREIGN KEY (`tenant_id`) REFERENCES `co_tenant` (`tenant_id`) ON DELETE CASCADE ON UPDATE CASCADE
) ENGINE=InnoDB AUTO_INCREMENT=15 DEFAULT CHARSET=latin1;

/*Data for the table `co_patient_category` */

insert  into `co_patient_category`(`patient_cat_id`,`tenant_id`,`patient_cat_name`,`patient_cat_color`,`status`,`created_by`,`created_at`,`modified_by`,`modified_at`,`deleted_at`) values (4,58,'BUSINESS','#ffffff','1',51,'2016-02-05 00:50:24',51,'2016-04-16 15:26:02','0000-00-00 00:00:00'),(5,58,'VIP','#df9a26','1',51,'2016-02-05 00:50:43',51,'2016-02-17 06:45:23','0000-00-00 00:00:00'),(6,58,'Standrad','#FFFFFF','1',51,'2016-02-09 01:52:26',51,'2016-02-17 06:45:14','0000-00-00 00:00:00'),(7,58,'VVIP','#FFFFFF','1',51,'2016-02-17 06:45:45',51,'2016-02-17 06:45:45','0000-00-00 00:00:00'),(8,60,'vip','#FFFFFF','1',59,'2016-02-17 23:15:35',59,'2016-02-17 23:15:35','0000-00-00 00:00:00'),(9,60,'business','#FFFFFF','1',59,'2016-02-17 23:15:42',59,'2016-02-17 23:15:42','0000-00-00 00:00:00'),(10,60,'free','#FFFFFF','1',59,'2016-02-17 23:15:48',59,'2016-02-17 23:15:48','0000-00-00 00:00:00'),(11,60,'standard','#FFFFFF','1',59,'2016-02-17 23:15:56',59,'2016-02-17 23:15:56','0000-00-00 00:00:00'),(12,60,'vvip','#FFFFFF','1',59,'2016-02-17 23:16:04',59,'2016-02-17 23:16:04','0000-00-00 00:00:00'),(13,58,'classic','#d01e1e','1',51,'2016-02-19 01:34:56',51,'2016-02-19 01:34:56','0000-00-00 00:00:00'),(14,61,'Standard','#FFFFFF','1',67,'2016-02-23 02:22:51',67,'2016-02-23 02:22:51','0000-00-00 00:00:00');

/*Table structure for table `co_resources` */

DROP TABLE IF EXISTS `co_resources`;

CREATE TABLE `co_resources` (
  `resource_id` int(11) NOT NULL AUTO_INCREMENT,
  `parent_id` int(11) DEFAULT NULL,
  `resource_name` varchar(50) NOT NULL,
  `resource_url` varchar(100) DEFAULT NULL,
  `created_by` int(11) NOT NULL,
  `created_at` timestamp NOT NULL DEFAULT CURRENT_TIMESTAMP,
  `modified_by` int(11) DEFAULT NULL,
  `modified_at` timestamp NULL DEFAULT NULL,
  PRIMARY KEY (`resource_id`)
) ENGINE=InnoDB AUTO_INCREMENT=211 DEFAULT CHARSET=latin1;

/*Data for the table `co_resources` */

insert  into `co_resources`(`resource_id`,`parent_id`,`resource_name`,`resource_url`,`created_by`,`created_at`,`modified_by`,`modified_at`) values (1,NULL,'Configuration','configuration',-1,'2015-12-29 15:11:20',NULL,NULL),(2,1,'Organization Module','organization',-1,'2015-12-29 15:11:42',NULL,NULL),(3,2,'Organization','configuration.organization',-1,'2016-01-19 15:35:50',NULL,NULL),(4,2,'Organization Module','configuration.organizationModule',-1,'2016-01-19 15:36:07',NULL,NULL),(5,1,'Administrative Module','administrative',-1,'2016-01-20 11:11:09',NULL,NULL),(6,5,'Roles','configuration.roles',-1,'2016-01-20 11:11:58',NULL,NULL),(7,5,'Role Rights','configuration.roleRights',-1,'2016-01-20 11:14:04',NULL,NULL),(8,5,'User roles','configuration.userRoles',-1,'2016-01-20 11:14:31',NULL,NULL),(9,5,'Charge Category','configuration.roomChargeCategory',-1,'2016-01-20 11:15:00',NULL,NULL),(10,1,'User Module','userModule',-1,'2016-01-20 11:16:12',NULL,NULL),(11,10,'User Registration','configuration.registration',-1,'2016-01-20 11:16:50',NULL,NULL),(12,1,'Ward Management','wardManagement',-1,'2016-01-20 11:17:42',NULL,NULL),(13,12,'Floors','configuration.floors',-1,'2016-01-20 11:18:10',NULL,NULL),(14,12,'Wards','configuration.wards',-1,'2016-01-20 11:18:25',NULL,NULL),(15,12,'Bed Type','configuration.roomType',-1,'2016-01-20 11:18:48',NULL,NULL),(16,12,'Room','configuration.room',-1,'2016-01-20 11:19:17',NULL,NULL),(17,12,'Room and Bed Type','configuration.roomTypeRoom',-1,'2016-01-20 11:20:39',NULL,NULL),(18,1,'Charges Configuration','chargesConfiguration',-1,'2016-01-20 11:21:17',NULL,NULL),(19,18,'Room Charge','configuration.roomCharge',-1,'2016-01-20 11:21:40',NULL,NULL),(20,18,'Room Maintenance','configuration.roomMaintenance',-1,'2016-01-20 11:21:59',NULL,NULL),(21,18,'Charges for Category','configuration.chargePerCategory',-1,'2016-01-20 11:22:20',NULL,NULL),(22,1,'Doctor’s Configuration','doctorsConfiguration',-1,'2016-01-20 11:22:59',NULL,NULL),(23,22,'Doctors Schedule','configuration.docSchedule',-1,'2016-01-20 11:23:20',NULL,NULL),(24,22,'Specialities','configuration.specialities',-1,'2016-01-20 11:23:39',NULL,NULL),(25,1,'Miscellaneous','miscellaneous',-1,'2016-01-20 11:24:17',NULL,NULL),(26,25,'Alerts','configuration.alerts',-1,'2016-01-20 11:24:32',NULL,NULL),(27,25,'Patient Category','configuration.patientCategories',-1,'2016-01-20 11:24:47',NULL,NULL),(28,25,'Bill-No Prefix','configuration.internalCode',-1,'2016-01-20 11:25:06',NULL,NULL),(29,25,'Master Country','configuration.countries',-1,'2016-01-20 11:25:22',NULL,NULL),(30,25,'Master State','configuration.states',-1,'2016-01-20 11:25:35',NULL,NULL),(31,25,'Master City','configuration.cities',-1,'2016-01-20 11:25:52',NULL,NULL),(32,5,'Room Charge Item','configuration.roomChargeCategoryItem',-1,'2016-02-01 12:04:21',NULL,NULL),(33,5,'Allied Charges','configuration.alliedCharge',-1,'2016-02-03 15:31:05',NULL,NULL),(34,5,'Procedures','configuration.procedure',-1,'2016-02-05 15:43:00',NULL,NULL),(35,6,'Add Role','configuration.role_create',-1,'2016-02-08 15:16:27',NULL,NULL),(36,6,'Update Role','configuration.role_update',-1,'2016-02-08 15:17:21',NULL,NULL),(37,6,'Delete Role','configuration.role_delete',-1,'2016-02-08 15:18:46',NULL,NULL),(38,9,'Add Charge Category','configuration.roomChargeCategoryCreate',-1,'2016-02-08 15:20:26',NULL,NULL),(39,9,'Update Charge Category','configuration.roomChargeCategoryUpdate',-1,'2016-02-08 15:20:26',NULL,NULL),(40,9,'Delete Charge Category','configuration.roomChargeCategoryDelete',-1,'2016-02-08 15:20:27',NULL,NULL),(41,32,'Add Room Charge Item','configuration.roomChargeCategoryItemCreate',-1,'2016-02-08 15:21:56',NULL,NULL),(42,32,'Update Room Charge Item','configuration.roomChargeCategoryItemUpdate',-1,'2016-02-08 15:21:56',NULL,NULL),(43,32,'Delete Room Charge Item','configuration.roomChargeCategoryItemDelete',-1,'2016-02-08 15:21:56',NULL,NULL),(44,33,'Add Allied Charges','configuration.alliedChargeCreate',-1,'2016-02-08 15:31:45',NULL,NULL),(45,33,'Update Allied Charges','configuration.alliedChargeUpdate',-1,'2016-02-08 15:31:45',NULL,NULL),(46,33,'Delete Allied Charges','configuration.alliedChargeDelete',-1,'2016-02-08 15:31:45',NULL,NULL),(47,34,'Add Procedures','configuration.procedureChargeCreate',-1,'2016-02-08 15:38:42',NULL,NULL),(48,34,'Update Procedures','configuration.procedureChargeUpdate',-1,'2016-02-08 15:38:42',NULL,NULL),(49,34,'Delete Procedures','configuration.procedureChargeDelete',-1,'2016-02-08 15:38:42',NULL,NULL),(54,11,'Add User','configuration.user_create',-1,'2016-02-08 15:41:39',NULL,NULL),(55,11,'Update User','configuration.user_update',-1,'2016-02-08 15:41:39',NULL,NULL),(56,11,'Delete User','configuration.user_delete',-1,'2016-02-08 15:41:39',NULL,NULL),(57,11,'Add/Update Login','configuration.login_update',-1,'2016-02-08 15:41:39',NULL,NULL),(58,13,'Add Floor','configuration.floor_create',-1,'2016-02-08 15:49:25',NULL,NULL),(59,13,'Update Floor','configuration.floor_update',-1,'2016-02-08 15:49:25',NULL,NULL),(60,13,'Delete Floor','configuration.floor_delete',-1,'2016-02-08 15:49:25',NULL,NULL),(61,14,'Add Ward','configuration.ward_create',-1,'2016-02-08 15:50:14',NULL,NULL),(62,14,'Update Ward','configuration.ward_update',-1,'2016-02-08 15:50:14',NULL,NULL),(63,14,'Delete Ward','configuration.ward_delete',-1,'2016-02-08 15:50:14',NULL,NULL),(64,15,'Add Bed Type','configuration.roomTypeCreate',-1,'2016-02-08 15:51:19',NULL,NULL),(65,15,'Update Bed Type','configuration.roomTypeUpdate',-1,'2016-02-08 15:51:19',NULL,NULL),(66,15,'Delete Bed Type','configuration.roomTypeDelete',-1,'2016-02-08 15:51:19',NULL,NULL),(67,16,'Add Room','configuration.roomCreate',-1,'2016-02-08 15:52:21',NULL,NULL),(68,16,'Update Room','configuration.roomUpdate',-1,'2016-02-08 15:52:21',NULL,NULL),(69,16,'Delete Room','configuration.roomDelete',-1,'2016-02-08 15:52:21',NULL,NULL),(70,17,'Assign Room and Bed Types','configuration.roomTypeRoomUpdate',-1,'2016-02-08 15:53:47',NULL,NULL),(71,19,'Create RoomCharge','configuration.roomChargeCreate',-1,'2016-02-08 15:55:00',NULL,NULL),(72,19,'Update RoomCharge','configuration.roomChargeUpdate',-1,'2016-02-08 15:55:00',NULL,NULL),(73,19,'Delete RoomCharge','configuration.roomChargeDelete',-1,'2016-02-08 15:55:00',NULL,NULL),(74,20,'Create Room Maintenance','configuration.roomMaintenanceCreate',-1,'2016-02-08 15:55:59',NULL,NULL),(75,20,'Update Room Maintenance','configuration.roomMaintenanceUpdate',-1,'2016-02-08 15:55:59',NULL,NULL),(76,20,'Delete Room Maintenance','configuration.roomMaintenanceDelete',-1,'2016-02-08 15:55:59',NULL,NULL),(77,21,'Create Charges for Category','configuration.chargePerCategoryCreate',-1,'2016-02-08 16:00:51',NULL,NULL),(78,22,'Create Doctor Schedule','configuration.docScheduleCreate',-1,'2016-02-08 16:02:26',NULL,NULL),(79,22,'Update Doctor Schedule','configuration.docScheduleUpdate',-1,'2016-02-08 16:02:26',NULL,NULL),(80,22,'Delete Doctor Schedule','configuration.docScheduleDelete',-1,'2016-02-08 16:02:26',NULL,NULL),(81,24,'Create Speciality','configuration.specialityCreate',-1,'2016-02-08 16:03:14',NULL,NULL),(82,24,'Update Speciality','configuration.specialityUpdate',-1,'2016-02-08 16:03:14',NULL,NULL),(83,24,'Delete Speciality','configuration.specialityDelete',-1,'2016-02-08 16:03:14',NULL,NULL),(84,26,'Create Alerts','configuration.alertCreate',-1,'2016-02-08 16:04:00',NULL,NULL),(85,26,'Update Alerts','configuration.alertUpdate',-1,'2016-02-08 16:04:00',NULL,NULL),(86,26,'Delete Alerts','configuration.alertDelete',-1,'2016-02-08 16:04:00',NULL,NULL),(87,27,'Create Patient Category','configuration.patientCategoryCreate',-1,'2016-02-08 16:04:42',NULL,NULL),(88,27,'Update Patient Category','configuration.patientCategoryUpdate',-1,'2016-02-08 16:04:42',NULL,NULL),(89,27,'Delete Patient Category','configuration.patientCategoryDelete',-1,'2016-02-08 16:04:42',NULL,NULL),(90,29,'Create Country','configuration.countryCreate',-1,'2016-02-08 16:05:26',NULL,NULL),(91,29,'Update Country','configuration.countryUpdate',-1,'2016-02-08 16:05:27',NULL,NULL),(92,29,'Delete Country','configuration.countryDelete',-1,'2016-02-08 16:05:27',NULL,NULL),(93,30,'Create State','configuration.stateCreate',-1,'2016-02-08 16:06:03',NULL,NULL),(94,30,'Update State','configuration.stateUpdate',-1,'2016-02-08 16:06:03',NULL,NULL),(95,30,'Delete State','configuration.stateDelete',-1,'2016-02-08 16:06:03',NULL,NULL),(96,31,'Create City','configuration.cityCreate',-1,'2016-02-08 16:06:59',NULL,NULL),(97,31,'Update City','configuration.cityUpdate',-1,'2016-02-08 16:06:59',NULL,NULL),(98,31,'Delete City','configuration.cityDelete',-1,'2016-02-08 16:06:59',NULL,NULL),(99,NULL,'Patient','patient',-1,'2016-02-09 12:15:31',NULL,NULL),(100,99,'Details','patient.view',-1,'2016-02-09 12:16:49',NULL,NULL),(101,99,'Timeline','patient.timeLine',-1,'2016-02-09 12:17:35',NULL,NULL),(102,99,'Documents','patient.documents',-1,'2016-02-09 12:17:43',NULL,NULL),(103,99,'Encounter','patient.encounter',-1,'2016-02-09 12:17:57',NULL,NULL),(104,99,'Notes','patient.notes',-1,'2016-02-09 12:18:01',NULL,NULL),(105,99,'Consultant','patient.consultant',-1,'2016-02-09 12:18:12',NULL,NULL),(106,99,'Procedure','patient.procedure',-1,'2016-02-09 12:18:22',NULL,NULL),(107,99,'Prescription','patient.prescription',-1,'2016-02-09 12:18:45',NULL,NULL),(108,99,'Alert','patient.alert',-1,'2016-02-09 12:18:55',NULL,NULL),(109,99,'Update Patient','patient.update',-1,'2016-03-29 19:16:49',NULL,NULL),(110,104,'Create Note','patient.noteCreate',-1,'2016-03-29 19:17:30',NULL,NULL),(111,104,'Update Note','patient.noteUpdate',-1,'2016-03-29 19:17:55',NULL,NULL),(112,104,'View Note','patient.noteView',-1,'2016-03-29 19:18:15',NULL,NULL),(113,105,'Create Consultant','patient.consultantCreate',-1,'2016-03-29 19:18:58',NULL,NULL),(114,105,'Update Consultant','patient.consultantUpdate',-1,'2016-03-29 19:23:26',NULL,NULL),(115,105,'Delete Consultant','patient.consultantDelete',-1,'2016-03-29 19:23:58',NULL,NULL),(116,106,'Add Procedure','patient.add_procedure',-1,'2016-03-29 19:24:29',NULL,NULL),(117,106,'Update Procedure','patient.edit_procedure',-1,'2016-03-29 19:24:54',NULL,NULL),(118,106,'Delete Procedure','patient.delete_procedure',-1,'2016-03-29 19:25:10',NULL,NULL),(119,108,'Create Alert','patient.alertCreate',-1,'2016-03-29 19:25:45',NULL,NULL),(120,108,'Update Alert','patient.alertUpdate',-1,'2016-03-29 19:26:03',NULL,NULL),(121,103,'Create Admission','patient.admission',-1,'2016-03-29 19:30:01',NULL,NULL),(122,103,'Create Appointment','patient.appointment',-1,'2016-03-29 19:30:22',NULL,NULL),(123,103,'Transfer','patient.transfer',-1,'2016-03-29 19:31:07',NULL,NULL),(124,103,'Discharge','patient.discharge',-1,'2016-03-29 19:31:31',NULL,NULL),(125,103,'Swapping','patient.swapping',-1,'2016-03-29 19:31:51',NULL,NULL),(126,103,'Change Appointment status','patient.changeStatus',-1,'2016-03-29 19:32:47',NULL,NULL),(127,103,'Cancel Appointment','patient.cancelAppointment',-1,'2016-03-29 19:33:56',NULL,NULL),(128,103,'Edit Doctor Fee','patient.editDoctorFee',-1,'2016-03-29 19:34:57',NULL,NULL),(129,99,'Billing','patient.billing',-1,'2016-03-29 19:38:05',NULL,NULL),(130,129,'Add Other Charges','patient.addOtherCharge',-1,'2016-03-29 19:38:32',NULL,NULL),(131,129,'Edit Other Charges','patient.editOtherCharge',-1,'2016-03-29 19:39:06',NULL,NULL),(132,129,'Add Extra Amount','patient.addExtraAmount',-1,'2016-03-29 19:39:36',NULL,NULL),(133,129,'Add Concession Amount','patient.addConcessionAmount',-1,'2016-03-29 19:39:59',NULL,NULL),(134,129,'Add Payment','patient.addPayment',-1,'2016-03-29 19:40:24',NULL,NULL),(135,129,'Edit Payment','patient.editPayment',-1,'2016-03-29 19:41:15',NULL,NULL),(136,129,'Delete Payment','patient.deletePayment',-1,'2016-03-29 19:41:53',NULL,NULL),(137,129,'Add Room Concession','patient.roomConcession',-1,'2016-03-29 19:42:17',NULL,NULL),(138,129,'Finalize','patient.finalize',-1,'2016-03-29 19:42:39',NULL,NULL),(139,129,'Unfinalize','patient.unfinalize',-1,'2016-03-29 19:42:54',NULL,NULL),(140,129,'Authorize','patient.authorize',-1,'2016-03-29 19:43:19',NULL,NULL),(141,129,'Unauthorize','patient.unathorize',-1,'2016-03-29 19:44:04',NULL,NULL),(142,99,'In-Patient','patient.inPatients',-1,'2016-05-12 11:20:52',NULL,NULL),(143,99,'Out-Patient','patient.outPatients',-1,'2016-05-12 11:21:47',NULL,NULL),(144,NULL,'Pharmacy','pharmacy',-1,'2016-05-12 12:32:29',NULL,NULL),(145,144,'Purchase','pharmacy.purchase',-1,'2016-05-12 12:43:50',NULL,NULL),(146,145,'Add Purchase','pharmacy.purchaseCreate',-1,'2016-05-12 12:32:51',NULL,NULL),(147,145,'Edit Purchase','pharmacy.purchaseUpdate',-1,'2016-05-12 12:33:27',NULL,NULL),(148,144,'Purchase Return','pharmacy.purchaseReturn',-1,'2016-05-12 12:44:58',NULL,NULL),(149,148,'Add Purchase Return','pharmacy.purchaseReturnCreate',-1,'2016-05-12 12:45:42',NULL,NULL),(150,148,'Edit Purchase Return','pharmacy.purchaseReturnUpdate',-1,'2016-05-12 12:46:08',NULL,NULL),(151,144,'Sale','pharmacy.sales',-1,'2016-05-12 12:46:55',NULL,NULL),(152,151,'Add Sale','pharmacy.saleCreate',-1,'2016-05-12 12:47:06',NULL,NULL),(153,151,'Edit Sale','pharmacy.saleUpdate',-1,'2016-05-12 12:51:53',NULL,NULL),(154,144,'Sale Return','pharmacy.saleReturn',-1,'2016-05-12 12:52:48',NULL,NULL),(155,154,'Add Sale Return','pharmacy.saleReturnCreate',-1,'2016-05-12 12:53:07',NULL,NULL),(156,154,'Edit Sale Return','pharmacy.saleReturnUpdate',-1,'2016-05-12 12:53:49',NULL,NULL),(157,144,'Reports','pharmacy.report',-1,'2016-05-12 12:57:49',NULL,NULL),(158,144,'Stock Detail','pharmacy.stock',-1,'2016-05-12 12:59:19',NULL,NULL),(159,158,'Batch Details','pharmacy.batchDetails',-1,'2016-05-12 12:59:38',NULL,NULL),(160,158,'Stock Adjust','pharmacy.stockAdjust',-1,'2016-05-12 12:59:57',NULL,NULL),(161,144,'Configuration','pharmacy.configuration',-1,'2016-05-12 13:00:41',NULL,NULL),(162,161,'Brand','pharmacy.brand',-1,'2016-05-12 13:01:25',NULL,NULL),(163,161,'Brand Rep','pharmacy.brandrep',-1,'2016-05-12 13:01:45',NULL,NULL),(164,161,'Products','pharmacy.products',-1,'2016-05-12 13:02:11',NULL,NULL),(165,161,'Supplier','pharmacy.supplier',-1,'2016-05-12 13:02:28',NULL,NULL),(166,162,'Add Brand','pharmacy.brandCreate',-1,'2016-05-12 13:03:07',NULL,NULL),(167,162,'Edit Brand','pharmacy.brandUpdate',-1,'2016-05-12 13:03:27',NULL,NULL),(168,163,'Add Brand Rep','pharmacy.brandrepCreate',-1,'2016-05-12 13:03:47',NULL,NULL),(169,163,'Edit Brand Rep','pharmacy.brandrepUpdate',-1,'2016-05-12 13:04:04',NULL,NULL),(170,164,'Add Product','pharmacy.productAdd',-1,'2016-05-12 13:05:09',NULL,NULL),(171,164,'Edit Product','pharmacy.productEdit',-1,'2016-05-12 13:05:22',NULL,NULL),(172,165,'Add Supplier','pharmacy.supplierCreate',-1,'2016-05-12 13:05:46',NULL,NULL),(173,165,'Edit Supplier','pharmacy.supplierUpdate',-1,'2016-05-12 13:05:58',NULL,NULL),(174,161,'Brand Division','pharmacy.brandDivision',-1,'2016-05-12 13:06:54',NULL,NULL),(175,174,'Add Brand Division','pharmacy.brandDivisionCreate',-1,'2016-05-12 13:08:16',NULL,NULL),(176,174,'Edit Brand Division','pharmacy.brandDivisionUpdate',-1,'2016-05-12 13:08:42',NULL,NULL),(177,161,'Drug Class','pharmacy.drugclass',-1,'2016-05-12 13:17:33',NULL,NULL),(178,177,'Add Drug Class','pharmacy.drugclassCreate',-1,'2016-05-12 13:17:58',NULL,NULL),(179,177,'Edit Drug Class','pharmacy.drugclassUpdate',-1,'2016-05-12 13:18:57',NULL,NULL),(180,161,'Generic Names','pharmacy.drugclass',-1,'2016-05-12 13:19:41',NULL,NULL),(181,180,'Add Generic Name','pharmacy.genericNameCreate',-1,'2016-05-12 13:20:14',NULL,NULL),(182,180,'Edit Generic Name','pharmacy.genericNameUpdate',-1,'2016-05-12 13:20:32',NULL,NULL),(183,161,'Drug Class & Generic','pharmacy.drugGeneric',-1,'2016-05-12 13:21:01',NULL,NULL),(184,183,'Add Drug Class & Generic','pharmacy.drugGenericCreate',-1,'2016-05-12 13:21:46',NULL,NULL),(185,183,'Edit Drug Class & Generic','pharmacy.drugGenericUpdate',-1,'2016-05-12 13:22:09',NULL,NULL),(186,161,'Product Description','pharmacy.prodesc',-1,'2016-05-12 13:22:52',NULL,NULL),(187,186,'Add Product Description','pharmacy.prodescCreate',-1,'2016-05-12 13:23:15',NULL,NULL),(188,186,'Edit Product Description','pharmacy.prodescUpdate',-1,'2016-05-12 13:23:41',NULL,NULL),(189,161,'Vat','pharmacy.vat',-1,'2016-05-12 13:24:16',NULL,NULL),(190,189,'Add Vat','pharmacy.vatCreate',-1,'2016-05-12 13:24:35',NULL,NULL),(191,189,'Edit Vat','pharmacy.vatUpdate',-1,'2016-05-12 13:24:47',NULL,NULL),(192,161,'Packing Unit','pharmacy.packingUnit',-1,'2016-05-12 13:25:22',NULL,NULL),(193,192,'Add Packing Unit','pharmacy.packingUnitCreate',-1,'2016-05-12 13:25:39',NULL,NULL),(194,192,'Edit Packing Unit','pharmacy.packingUnitUpdate',-1,'2016-05-12 13:25:56',NULL,NULL),(195,99,'Patient Registration','patient.registration',-1,'2016-05-12 17:39:56',NULL,NULL),(196,129,'Administrative Discharge','patient.admindischarge',-1,'2016-05-13 11:16:11',NULL,NULL),(197,103,'Future Appointment','patient.futureAppointment',-1,'2016-05-18 15:24:32',NULL,NULL),(198,103,'Future Appointment List','patient.futureAppointmentList',-1,'2016-05-18 15:24:53',NULL,NULL),(199,99,'Vitals','patient.vitals',-1,'2016-05-18 15:25:36',NULL,NULL),(200,199,'Add Vitals','patient.vitalCreate',-1,'2016-05-18 15:28:20',NULL,NULL),(201,99,'Modify Casesheet No.','patient.modifyCaseSheetNo',-1,'2016-05-20 13:07:44',NULL,NULL),(202,99,'Modify Admission','patient.update_admission',-1,'2016-05-20 13:39:02',NULL,NULL),(203,99,'Backdate appointments','patient.backdateappointment',-1,'2016-05-21 16:36:48',NULL,NULL),(204,144,'Sale Billing','pharmacy.makePayment',-1,'2016-05-23 12:23:20',NULL,NULL),(205,103,'Cancel Last Encounter','patient.cancelLastEncounter',-1,'2016-05-24 17:34:12',NULL,NULL),(206,103,'Cancel Admission','patient.cancelAdmission',-1,'2016-05-24 17:37:21',NULL,NULL),(207,16,'Room Maintanance','configuration.updateMaintenance',-1,'2016-05-31 15:27:55',NULL,NULL),(208,99,'Documents','patient.document',-1,'2016-05-31 15:28:11',NULL,NULL),(209,208,'Add Document','patient.addDocument',-1,'2016-05-31 16:51:45',NULL,NULL),(210,208,'Edit Document','patient.editDocument',-1,'2016-05-31 16:52:05',NULL,NULL);

/*Table structure for table `co_role` */

DROP TABLE IF EXISTS `co_role`;

CREATE TABLE `co_role` (
  `role_id` int(11) NOT NULL AUTO_INCREMENT,
  `tenant_id` int(11) NOT NULL,
  `description` varchar(50) NOT NULL,
  `status` enum('0','1') DEFAULT '1',
  `created_by` int(11) NOT NULL,
  `created_at` timestamp NOT NULL DEFAULT CURRENT_TIMESTAMP,
  `modified_by` int(11) DEFAULT NULL,
  `modified_at` timestamp NULL DEFAULT NULL,
  `deleted_at` timestamp NULL DEFAULT '0000-00-00 00:00:00',
  PRIMARY KEY (`role_id`),
  UNIQUE KEY `CoRoleUnique` (`tenant_id`,`description`,`deleted_at`)
) ENGINE=InnoDB AUTO_INCREMENT=97 DEFAULT CHARSET=latin1;

/*Data for the table `co_role` */

insert  into `co_role`(`role_id`,`tenant_id`,`description`,`status`,`created_by`,`created_at`,`modified_by`,`modified_at`,`deleted_at`) values (64,58,'Administrator','1',-1,'2016-02-02 22:26:38',-1,'2016-02-02 22:26:38','0000-00-00 00:00:00'),(65,59,'Administrator','1',-1,'2016-02-02 22:43:11',-1,'2016-02-02 22:43:11','0000-00-00 00:00:00'),(66,58,'Admin','1',51,'2016-02-04 07:02:50',51,'2016-02-04 07:02:50','0000-00-00 00:00:00'),(67,58,'Cashier','1',51,'2016-02-04 07:03:04',51,'2016-02-04 07:03:04','0000-00-00 00:00:00'),(68,58,'Nurse','1',51,'2016-02-05 22:27:45',51,'2016-05-13 11:45:32','0000-00-00 00:00:00'),(69,60,'admin','1',-1,'2016-02-17 06:28:38',-1,'2016-02-17 06:28:38','0000-00-00 00:00:00'),(72,60,'Sub-Admin','1',59,'2016-02-19 03:57:13',59,'2016-02-19 07:38:06','0000-00-00 00:00:00'),(73,60,'Chief Cashier','1',59,'2016-02-19 04:17:31',59,'2016-02-19 04:31:12','0000-00-00 00:00:00'),(74,60,'Doctor','1',59,'2016-02-19 04:17:46',59,'2016-02-19 04:17:46','0000-00-00 00:00:00'),(79,60,'Nurse','1',59,'2016-02-19 04:22:36',59,'2016-02-19 04:29:12','0000-00-00 00:00:00'),(80,60,'Receptionist','0',59,'2016-02-19 04:22:48',59,'2016-02-19 04:23:14','0000-00-00 00:00:00'),(81,60,'Accountant','1',59,'2016-02-19 04:26:33',59,'2016-02-19 04:29:23','0000-00-00 00:00:00'),(82,60,'PRO','1',59,'2016-02-19 04:27:34',59,'2016-02-19 04:27:58','0000-00-00 00:00:00'),(84,60,'Human Resource','1',59,'2016-02-19 04:31:40',59,'2016-02-19 04:48:00','0000-00-00 00:00:00'),(85,60,'Director','0',59,'2016-02-19 04:43:23',59,'2016-02-19 04:54:09','0000-00-00 00:00:00'),(86,60,'Psychologist','1',59,'2016-02-19 04:43:59',59,'2016-02-19 04:54:02','0000-00-00 00:00:00'),(87,60,'Pharmacy','1',59,'2016-02-19 04:45:43',59,'2016-02-19 04:53:53','0000-00-00 00:00:00'),(88,60,'Supervisor','1',59,'2016-02-19 04:47:28',59,'2016-02-19 04:53:40','0000-00-00 00:00:00'),(89,60,'manager','1',59,'2016-02-19 04:54:33',59,'2016-02-19 04:54:33','0000-00-00 00:00:00'),(90,60,'Care Provider','1',59,'2016-02-19 07:12:03',59,'2016-02-19 07:12:30','0000-00-00 00:00:00'),(91,61,'admin','1',-1,'2016-02-21 23:16:05',-1,'2016-02-21 23:16:05','0000-00-00 00:00:00'),(92,61,'Administrator','1',67,'2016-02-23 02:28:08',67,'2016-02-25 04:59:00','0000-00-00 00:00:00'),(93,62,'admin','1',-1,'2016-02-29 02:00:01',-1,'2016-02-29 02:00:01','0000-00-00 00:00:00'),(94,58,'asdsdas','1',51,'2016-05-17 10:49:46',51,'2016-05-17 10:49:46','0000-00-00 00:00:00'),(95,58,'asdasdasd','1',51,'2016-05-17 10:50:52',51,'2016-05-17 10:50:52','0000-00-00 00:00:00'),(96,58,'Doctor','1',51,'2016-05-18 16:23:46',51,'2016-05-18 16:23:46','0000-00-00 00:00:00');

/*Table structure for table `co_roles_resources` */

DROP TABLE IF EXISTS `co_roles_resources`;

CREATE TABLE `co_roles_resources` (
  `role_perm_id` int(11) NOT NULL AUTO_INCREMENT,
  `tenant_id` int(11) NOT NULL,
  `role_id` int(11) NOT NULL,
  `resource_id` int(11) NOT NULL,
  `status` enum('0','1') NOT NULL DEFAULT '1',
  `created_by` int(11) NOT NULL,
  `created_at` timestamp NOT NULL DEFAULT CURRENT_TIMESTAMP,
  `modified_by` int(11) DEFAULT NULL,
  `modified_at` timestamp NULL DEFAULT NULL,
  PRIMARY KEY (`role_perm_id`),
  KEY `FK_co_role_permissions_role` (`role_id`),
  KEY `FK_co_role_permissions_resource` (`resource_id`),
  KEY `FK_co_role_permissions_tenant` (`tenant_id`),
  CONSTRAINT `FK_co_role_permissions_resource` FOREIGN KEY (`resource_id`) REFERENCES `co_resources` (`resource_id`) ON DELETE CASCADE ON UPDATE CASCADE,
  CONSTRAINT `FK_co_role_permissions_role` FOREIGN KEY (`role_id`) REFERENCES `co_role` (`role_id`) ON DELETE CASCADE ON UPDATE CASCADE
) ENGINE=InnoDB AUTO_INCREMENT=785 DEFAULT CHARSET=latin1;

/*Data for the table `co_roles_resources` */

insert  into `co_roles_resources`(`role_perm_id`,`tenant_id`,`role_id`,`resource_id`,`status`,`created_by`,`created_at`,`modified_by`,`modified_at`) values (459,58,64,1,'1',-1,'2016-05-12 17:11:23',NULL,NULL),(460,58,64,2,'1',-1,'2016-05-12 17:11:23',NULL,NULL),(461,58,64,3,'1',-1,'2016-05-12 17:11:23',NULL,NULL),(462,58,64,4,'1',-1,'2016-05-12 17:11:24',NULL,NULL),(463,58,64,5,'1',-1,'2016-05-12 17:11:24',NULL,NULL),(464,58,64,6,'1',-1,'2016-05-12 17:11:24',NULL,NULL),(465,58,64,7,'1',-1,'2016-05-12 17:11:24',NULL,NULL),(466,58,64,8,'1',-1,'2016-05-12 17:11:24',NULL,NULL),(467,58,64,9,'1',-1,'2016-05-12 17:11:24',NULL,NULL),(468,58,64,10,'1',-1,'2016-05-12 17:11:24',NULL,NULL),(469,58,64,11,'1',-1,'2016-05-12 17:11:24',NULL,NULL),(470,58,64,12,'1',-1,'2016-05-12 17:11:24',NULL,NULL),(471,58,64,13,'1',-1,'2016-05-12 17:11:24',NULL,NULL),(472,58,64,14,'1',-1,'2016-05-12 17:11:24',NULL,NULL),(473,58,64,15,'1',-1,'2016-05-12 17:11:24',NULL,NULL),(474,58,64,16,'1',-1,'2016-05-12 17:11:24',NULL,NULL),(475,58,64,17,'1',-1,'2016-05-12 17:11:24',NULL,NULL),(476,58,64,18,'1',-1,'2016-05-12 17:11:24',NULL,NULL),(477,58,64,19,'1',-1,'2016-05-12 17:11:24',NULL,NULL),(478,58,64,20,'1',-1,'2016-05-12 17:11:24',NULL,NULL),(479,58,64,21,'1',-1,'2016-05-12 17:11:24',NULL,NULL),(480,58,64,22,'1',-1,'2016-05-12 17:11:24',NULL,NULL),(481,58,64,23,'1',-1,'2016-05-12 17:11:24',NULL,NULL),(482,58,64,24,'1',-1,'2016-05-12 17:11:24',NULL,NULL),(483,58,64,25,'1',-1,'2016-05-12 17:11:24',NULL,NULL),(484,58,64,26,'1',-1,'2016-05-12 17:11:24',NULL,NULL),(485,58,64,27,'1',-1,'2016-05-12 17:11:24',NULL,NULL),(486,58,64,28,'1',-1,'2016-05-12 17:11:24',NULL,NULL),(487,58,64,29,'1',-1,'2016-05-12 17:11:25',NULL,NULL),(488,58,64,30,'1',-1,'2016-05-12 17:11:25',NULL,NULL),(489,58,64,31,'1',-1,'2016-05-12 17:11:25',NULL,NULL),(490,58,64,32,'1',-1,'2016-05-12 17:11:25',NULL,NULL),(491,58,64,33,'1',-1,'2016-05-12 17:11:25',NULL,NULL),(492,58,64,34,'1',-1,'2016-05-12 17:11:25',NULL,NULL),(493,58,64,35,'1',-1,'2016-05-12 17:11:25',NULL,NULL),(494,58,64,36,'1',-1,'2016-05-12 17:11:25',NULL,NULL),(495,58,64,37,'1',-1,'2016-05-12 17:11:25',NULL,NULL),(496,58,64,38,'1',-1,'2016-05-12 17:11:25',NULL,NULL),(497,58,64,39,'1',-1,'2016-05-12 17:11:25',NULL,NULL),(498,58,64,40,'1',-1,'2016-05-12 17:11:25',NULL,NULL),(499,58,64,41,'1',-1,'2016-05-12 17:11:25',NULL,NULL),(500,58,64,42,'1',-1,'2016-05-12 17:11:25',NULL,NULL),(501,58,64,43,'1',-1,'2016-05-12 17:11:25',NULL,NULL),(502,58,64,44,'1',-1,'2016-05-12 17:11:25',NULL,NULL),(503,58,64,45,'1',-1,'2016-05-12 17:11:25',NULL,NULL),(504,58,64,46,'1',-1,'2016-05-12 17:11:25',NULL,NULL),(505,58,64,47,'1',-1,'2016-05-12 17:11:25',NULL,NULL),(506,58,64,48,'1',-1,'2016-05-12 17:11:25',NULL,NULL),(507,58,64,49,'1',-1,'2016-05-12 17:11:25',NULL,NULL),(508,58,64,54,'1',-1,'2016-05-12 17:11:25',NULL,NULL),(509,58,64,55,'1',-1,'2016-05-12 17:11:25',NULL,NULL),(510,58,64,56,'1',-1,'2016-05-12 17:11:25',NULL,NULL),(511,58,64,57,'1',-1,'2016-05-12 17:11:25',NULL,NULL),(512,58,64,58,'1',-1,'2016-05-12 17:11:25',NULL,NULL),(513,58,64,59,'1',-1,'2016-05-12 17:11:25',NULL,NULL),(514,58,64,60,'1',-1,'2016-05-12 17:11:25',NULL,NULL),(515,58,64,61,'1',-1,'2016-05-12 17:11:25',NULL,NULL),(516,58,64,62,'1',-1,'2016-05-12 17:11:25',NULL,NULL),(517,58,64,63,'1',-1,'2016-05-12 17:11:25',NULL,NULL),(518,58,64,64,'1',-1,'2016-05-12 17:11:25',NULL,NULL),(519,58,64,65,'1',-1,'2016-05-12 17:11:25',NULL,NULL),(520,58,64,66,'1',-1,'2016-05-12 17:11:25',NULL,NULL),(521,58,64,67,'1',-1,'2016-05-12 17:11:25',NULL,NULL),(522,58,64,68,'1',-1,'2016-05-12 17:11:25',NULL,NULL),(523,58,64,69,'1',-1,'2016-05-12 17:11:25',NULL,NULL),(524,58,64,70,'1',-1,'2016-05-12 17:11:25',NULL,NULL),(525,58,64,71,'1',-1,'2016-05-12 17:11:25',NULL,NULL),(526,58,64,72,'1',-1,'2016-05-12 17:11:25',NULL,NULL),(527,58,64,73,'1',-1,'2016-05-12 17:11:25',NULL,NULL),(528,58,64,74,'1',-1,'2016-05-12 17:11:25',NULL,NULL),(529,58,64,75,'1',-1,'2016-05-12 17:11:25',NULL,NULL),(530,58,64,76,'1',-1,'2016-05-12 17:11:26',NULL,NULL),(531,58,64,77,'1',-1,'2016-05-12 17:11:26',NULL,NULL),(532,58,64,78,'1',-1,'2016-05-12 17:11:26',NULL,NULL),(533,58,64,79,'1',-1,'2016-05-12 17:11:26',NULL,NULL),(534,58,64,80,'1',-1,'2016-05-12 17:11:26',NULL,NULL),(535,58,64,81,'1',-1,'2016-05-12 17:11:26',NULL,NULL),(536,58,64,82,'1',-1,'2016-05-12 17:11:26',NULL,NULL),(537,58,64,83,'1',-1,'2016-05-12 17:11:26',NULL,NULL),(538,58,64,84,'1',-1,'2016-05-12 17:11:26',NULL,NULL),(539,58,64,85,'1',-1,'2016-05-12 17:11:26',NULL,NULL),(540,58,64,86,'1',-1,'2016-05-12 17:11:26',NULL,NULL),(541,58,64,87,'1',-1,'2016-05-12 17:11:26',NULL,NULL),(542,58,64,88,'1',-1,'2016-05-12 17:11:26',NULL,NULL),(543,58,64,89,'1',-1,'2016-05-12 17:11:26',NULL,NULL),(544,58,64,90,'1',-1,'2016-05-12 17:11:26',NULL,NULL),(545,58,64,91,'1',-1,'2016-05-12 17:11:26',NULL,NULL),(546,58,64,92,'1',-1,'2016-05-12 17:11:26',NULL,NULL),(547,58,64,93,'1',-1,'2016-05-12 17:11:26',NULL,NULL),(548,58,64,94,'1',-1,'2016-05-12 17:11:26',NULL,NULL),(549,58,64,95,'1',-1,'2016-05-12 17:11:26',NULL,NULL),(550,58,64,96,'1',-1,'2016-05-12 17:11:26',NULL,NULL),(551,58,64,97,'1',-1,'2016-05-12 17:11:26',NULL,NULL),(552,58,64,98,'1',-1,'2016-05-12 17:11:26',NULL,NULL),(553,58,64,99,'1',-1,'2016-05-12 17:11:26',NULL,NULL),(554,58,64,100,'1',-1,'2016-05-12 17:11:26',NULL,NULL),(555,58,64,101,'1',-1,'2016-05-12 17:11:26',NULL,NULL),(556,58,64,102,'1',-1,'2016-05-12 17:11:26',NULL,NULL),(557,58,64,103,'1',-1,'2016-05-12 17:11:26',NULL,NULL),(558,58,64,104,'1',-1,'2016-05-12 17:11:26',NULL,NULL),(559,58,64,105,'1',-1,'2016-05-12 17:11:26',NULL,NULL),(560,58,64,106,'1',-1,'2016-05-12 17:11:26',NULL,NULL),(561,58,64,107,'1',-1,'2016-05-12 17:11:27',NULL,NULL),(562,58,64,108,'1',-1,'2016-05-12 17:11:27',NULL,NULL),(563,58,64,109,'1',-1,'2016-05-12 17:11:27',NULL,NULL),(564,58,64,110,'1',-1,'2016-05-12 17:11:27',NULL,NULL),(565,58,64,111,'1',-1,'2016-05-12 17:11:27',NULL,NULL),(566,58,64,112,'1',-1,'2016-05-12 17:11:27',NULL,NULL),(567,58,64,113,'1',-1,'2016-05-12 17:11:27',NULL,NULL),(568,58,64,114,'1',-1,'2016-05-12 17:11:27',NULL,NULL),(569,58,64,115,'1',-1,'2016-05-12 17:11:27',NULL,NULL),(570,58,64,116,'1',-1,'2016-05-12 17:11:27',NULL,NULL),(571,58,64,117,'1',-1,'2016-05-12 17:11:27',NULL,NULL),(572,58,64,118,'1',-1,'2016-05-12 17:11:27',NULL,NULL),(573,58,64,119,'1',-1,'2016-05-12 17:11:27',NULL,NULL),(574,58,64,120,'1',-1,'2016-05-12 17:11:27',NULL,NULL),(575,58,64,121,'1',-1,'2016-05-12 17:11:27',NULL,NULL),(576,58,64,122,'1',-1,'2016-05-12 17:11:27',NULL,NULL),(577,58,64,123,'1',-1,'2016-05-12 17:11:27',NULL,NULL),(578,58,64,124,'1',-1,'2016-05-12 17:11:27',NULL,NULL),(579,58,64,125,'1',-1,'2016-05-12 17:11:27',NULL,NULL),(580,58,64,126,'1',-1,'2016-05-12 17:11:27',NULL,NULL),(581,58,64,127,'1',-1,'2016-05-12 17:11:27',NULL,NULL),(582,58,64,128,'1',-1,'2016-05-12 17:11:27',NULL,NULL),(583,58,64,129,'1',-1,'2016-05-12 17:11:27',NULL,NULL),(584,58,64,130,'1',-1,'2016-05-12 17:11:27',NULL,NULL),(585,58,64,131,'1',-1,'2016-05-12 17:11:27',NULL,NULL),(586,58,64,132,'1',-1,'2016-05-12 17:11:27',NULL,NULL),(587,58,64,133,'1',-1,'2016-05-12 17:11:27',NULL,NULL),(588,58,64,134,'1',-1,'2016-05-12 17:11:27',NULL,NULL),(589,58,64,135,'1',-1,'2016-05-12 17:11:27',NULL,NULL),(590,58,64,136,'1',-1,'2016-05-12 17:11:27',NULL,NULL),(591,58,64,137,'1',-1,'2016-05-12 17:11:27',NULL,NULL),(592,58,64,138,'1',-1,'2016-05-12 17:11:27',NULL,NULL),(593,58,64,139,'1',-1,'2016-05-12 17:11:27',NULL,NULL),(594,58,64,140,'1',-1,'2016-05-12 17:11:27',NULL,NULL),(595,58,64,141,'1',-1,'2016-05-12 17:11:27',NULL,NULL),(596,58,64,142,'1',-1,'2016-05-12 17:11:27',NULL,NULL),(597,58,64,143,'1',-1,'2016-05-12 17:11:27',NULL,NULL),(598,58,64,144,'1',-1,'2016-05-12 17:11:27',NULL,NULL),(599,58,64,145,'1',-1,'2016-05-12 17:11:27',NULL,NULL),(600,58,64,146,'1',-1,'2016-05-12 17:11:27',NULL,NULL),(601,58,64,147,'1',-1,'2016-05-12 17:11:27',NULL,NULL),(602,58,64,148,'1',-1,'2016-05-12 17:11:28',NULL,NULL),(603,58,64,149,'1',-1,'2016-05-12 17:11:28',NULL,NULL),(604,58,64,150,'1',-1,'2016-05-12 17:11:28',NULL,NULL),(605,58,64,151,'1',-1,'2016-05-12 17:11:28',NULL,NULL),(606,58,64,152,'1',-1,'2016-05-12 17:11:28',NULL,NULL),(607,58,64,153,'1',-1,'2016-05-12 17:11:28',NULL,NULL),(608,58,64,154,'1',-1,'2016-05-12 17:11:28',NULL,NULL),(609,58,64,155,'1',-1,'2016-05-12 17:11:28',NULL,NULL),(610,58,64,156,'1',-1,'2016-05-12 17:11:28',NULL,NULL),(611,58,64,157,'1',-1,'2016-05-12 17:11:28',NULL,NULL),(612,58,64,158,'1',-1,'2016-05-12 17:11:28',NULL,NULL),(613,58,64,159,'1',-1,'2016-05-12 17:11:28',NULL,NULL),(614,58,64,160,'1',-1,'2016-05-12 17:11:28',NULL,NULL),(615,58,64,161,'1',-1,'2016-05-12 17:11:28',NULL,NULL),(616,58,64,162,'1',-1,'2016-05-12 17:11:28',NULL,NULL),(617,58,64,163,'1',-1,'2016-05-12 17:11:28',NULL,NULL),(618,58,64,164,'1',-1,'2016-05-12 17:11:28',NULL,NULL),(619,58,64,165,'1',-1,'2016-05-12 17:11:28',NULL,NULL),(620,58,64,166,'1',-1,'2016-05-12 17:11:28',NULL,NULL),(621,58,64,167,'1',-1,'2016-05-12 17:11:28',NULL,NULL),(622,58,64,168,'1',-1,'2016-05-12 17:11:28',NULL,NULL),(623,58,64,169,'1',-1,'2016-05-12 17:11:28',NULL,NULL),(624,58,64,170,'1',-1,'2016-05-12 17:11:28',NULL,NULL),(625,58,64,171,'1',-1,'2016-05-12 17:11:28',NULL,NULL),(626,58,64,172,'1',-1,'2016-05-12 17:11:28',NULL,NULL),(627,58,64,173,'1',-1,'2016-05-12 17:11:28',NULL,NULL),(628,58,64,174,'1',-1,'2016-05-12 17:11:28',NULL,NULL),(629,58,64,175,'1',-1,'2016-05-12 17:11:28',NULL,NULL),(630,58,64,176,'1',-1,'2016-05-12 17:11:28',NULL,NULL),(631,58,64,177,'1',-1,'2016-05-12 17:11:28',NULL,NULL),(632,58,64,178,'1',-1,'2016-05-12 17:11:28',NULL,NULL),(633,58,64,179,'1',-1,'2016-05-12 17:11:28',NULL,NULL),(634,58,64,180,'1',-1,'2016-05-12 17:11:28',NULL,NULL),(635,58,64,181,'1',-1,'2016-05-12 17:11:28',NULL,NULL),(636,58,64,182,'1',-1,'2016-05-12 17:11:28',NULL,NULL),(637,58,64,183,'1',-1,'2016-05-12 17:11:28',NULL,NULL),(638,58,64,184,'1',-1,'2016-05-12 17:11:28',NULL,NULL),(639,58,64,185,'1',-1,'2016-05-12 17:11:28',NULL,NULL),(640,58,64,186,'1',-1,'2016-05-12 17:11:28',NULL,NULL),(641,58,64,187,'1',-1,'2016-05-12 17:11:28',NULL,NULL),(642,58,64,188,'1',-1,'2016-05-12 17:11:29',NULL,NULL),(643,58,64,189,'1',-1,'2016-05-12 17:11:29',NULL,NULL),(644,58,64,190,'1',-1,'2016-05-12 17:11:29',NULL,NULL),(645,58,64,191,'1',-1,'2016-05-12 17:11:29',NULL,NULL),(646,58,64,192,'1',-1,'2016-05-12 17:11:29',NULL,NULL),(647,58,64,193,'1',-1,'2016-05-12 17:11:29',NULL,NULL),(648,58,64,194,'1',-1,'2016-05-12 17:11:29',NULL,NULL),(649,58,64,195,'1',-1,'2016-05-12 17:41:02',NULL,NULL),(650,58,64,196,'1',-1,'2016-05-13 11:16:42',NULL,NULL),(651,58,64,197,'1',-1,'2016-05-18 15:26:36',NULL,NULL),(652,58,64,198,'1',-1,'2016-05-18 15:26:43',NULL,NULL),(653,58,64,199,'1',-1,'2016-05-18 15:26:48',NULL,NULL),(654,58,64,200,'1',-1,'2016-05-18 15:28:48',NULL,NULL),(655,58,96,1,'1',51,'2016-05-18 16:24:09',NULL,NULL),(656,58,96,2,'1',51,'2016-05-18 16:24:09',NULL,NULL),(657,58,96,3,'1',51,'2016-05-18 16:24:09',NULL,NULL),(658,58,96,4,'1',51,'2016-05-18 16:24:09',NULL,NULL),(659,58,96,5,'1',51,'2016-05-18 16:24:09',NULL,NULL),(660,58,96,6,'1',51,'2016-05-18 16:24:09',NULL,NULL),(661,58,96,7,'1',51,'2016-05-18 16:24:09',NULL,NULL),(662,58,96,8,'1',51,'2016-05-18 16:24:09',NULL,NULL),(663,58,96,9,'1',51,'2016-05-18 16:24:09',NULL,NULL),(664,58,96,10,'1',51,'2016-05-18 16:24:09',NULL,NULL),(665,58,96,11,'1',51,'2016-05-18 16:24:09',NULL,NULL),(666,58,96,12,'1',51,'2016-05-18 16:24:09',NULL,NULL),(667,58,96,13,'1',51,'2016-05-18 16:24:09',NULL,NULL),(668,58,96,14,'1',51,'2016-05-18 16:24:09',NULL,NULL),(669,58,96,15,'1',51,'2016-05-18 16:24:09',NULL,NULL),(670,58,96,16,'1',51,'2016-05-18 16:24:09',NULL,NULL),(671,58,96,17,'1',51,'2016-05-18 16:24:09',NULL,NULL),(672,58,96,18,'1',51,'2016-05-18 16:24:09',NULL,NULL),(673,58,96,19,'1',51,'2016-05-18 16:24:09',NULL,NULL),(674,58,96,20,'1',51,'2016-05-18 16:24:09',NULL,NULL),(675,58,96,21,'1',51,'2016-05-18 16:24:09',NULL,NULL),(676,58,96,22,'1',51,'2016-05-18 16:24:09',NULL,NULL),(677,58,96,23,'1',51,'2016-05-18 16:24:09',NULL,NULL),(678,58,96,24,'1',51,'2016-05-18 16:24:09',NULL,NULL),(679,58,96,25,'1',51,'2016-05-18 16:24:10',NULL,NULL),(680,58,96,26,'1',51,'2016-05-18 16:24:10',NULL,NULL),(681,58,96,27,'1',51,'2016-05-18 16:24:10',NULL,NULL),(682,58,96,28,'1',51,'2016-05-18 16:24:10',NULL,NULL),(683,58,96,29,'1',51,'2016-05-18 16:24:10',NULL,NULL),(684,58,96,30,'1',51,'2016-05-18 16:24:10',NULL,NULL),(685,58,96,31,'1',51,'2016-05-18 16:24:10',NULL,NULL),(686,58,96,32,'1',51,'2016-05-18 16:24:10',NULL,NULL),(687,58,96,33,'1',51,'2016-05-18 16:24:10',NULL,NULL),(688,58,96,34,'1',51,'2016-05-18 16:24:10',NULL,NULL),(689,58,96,78,'1',51,'2016-05-18 16:24:10',NULL,NULL),(690,58,96,79,'1',51,'2016-05-18 16:24:10',NULL,NULL),(691,58,96,80,'1',51,'2016-05-18 16:24:10',NULL,NULL),(692,58,96,99,'1',51,'2016-05-18 16:24:10',NULL,NULL),(693,58,96,100,'1',51,'2016-05-18 16:24:10',NULL,NULL),(694,58,96,101,'1',51,'2016-05-18 16:24:10',NULL,NULL),(695,58,96,102,'1',51,'2016-05-18 16:24:10',NULL,NULL),(696,58,96,103,'1',51,'2016-05-18 16:24:10',NULL,NULL),(697,58,96,104,'1',51,'2016-05-18 16:24:10',NULL,NULL),(698,58,96,105,'1',51,'2016-05-18 16:24:10',NULL,NULL),(699,58,96,106,'1',51,'2016-05-18 16:24:10',NULL,NULL),(700,58,96,107,'1',51,'2016-05-18 16:24:10',NULL,NULL),(701,58,96,108,'1',51,'2016-05-18 16:24:10',NULL,NULL),(702,58,96,109,'1',51,'2016-05-18 16:24:10',NULL,NULL),(703,58,96,110,'1',51,'2016-05-18 16:24:10',NULL,NULL),(704,58,96,111,'1',51,'2016-05-18 16:24:10',NULL,NULL),(705,58,96,112,'1',51,'2016-05-18 16:24:10',NULL,NULL),(706,58,96,113,'1',51,'2016-05-18 16:24:10',NULL,NULL),(707,58,96,114,'1',51,'2016-05-18 16:24:10',NULL,NULL),(708,58,96,115,'1',51,'2016-05-18 16:24:10',NULL,NULL),(709,58,96,116,'1',51,'2016-05-18 16:24:10',NULL,NULL),(710,58,96,117,'1',51,'2016-05-18 16:24:10',NULL,NULL),(711,58,96,118,'1',51,'2016-05-18 16:24:11',NULL,NULL),(712,58,96,119,'1',51,'2016-05-18 16:24:11',NULL,NULL),(713,58,96,120,'1',51,'2016-05-18 16:24:11',NULL,NULL),(714,58,96,121,'1',51,'2016-05-18 16:24:11',NULL,NULL),(715,58,96,122,'1',51,'2016-05-18 16:24:11',NULL,NULL),(716,58,96,123,'1',51,'2016-05-18 16:24:11',NULL,NULL),(717,58,96,124,'1',51,'2016-05-18 16:24:11',NULL,NULL),(718,58,96,125,'1',51,'2016-05-18 16:24:11',NULL,NULL),(719,58,96,126,'1',51,'2016-05-18 16:24:11',NULL,NULL),(720,58,96,127,'1',51,'2016-05-18 16:24:11',NULL,NULL),(721,58,96,128,'1',51,'2016-05-18 16:24:11',NULL,NULL),(722,58,96,129,'1',51,'2016-05-18 16:24:11',NULL,NULL),(723,58,96,130,'1',51,'2016-05-18 16:24:11',NULL,NULL),(724,58,96,131,'1',51,'2016-05-18 16:24:11',NULL,NULL),(725,58,96,132,'1',51,'2016-05-18 16:24:11',NULL,NULL),(726,58,96,133,'1',51,'2016-05-18 16:24:11',NULL,NULL),(727,58,96,134,'1',51,'2016-05-18 16:24:11',NULL,NULL),(728,58,96,135,'1',51,'2016-05-18 16:24:11',NULL,NULL),(729,58,96,136,'1',51,'2016-05-18 16:24:11',NULL,NULL),(730,58,96,137,'1',51,'2016-05-18 16:24:11',NULL,NULL),(731,58,96,138,'1',51,'2016-05-18 16:24:11',NULL,NULL),(732,58,96,139,'1',51,'2016-05-18 16:24:11',NULL,NULL),(733,58,96,140,'1',51,'2016-05-18 16:24:11',NULL,NULL),(734,58,96,141,'1',51,'2016-05-18 16:24:11',NULL,NULL),(735,58,96,142,'1',51,'2016-05-18 16:24:11',NULL,NULL),(736,58,96,143,'1',51,'2016-05-18 16:24:11',NULL,NULL),(737,58,96,144,'1',51,'2016-05-18 16:24:11',NULL,NULL),(738,58,96,145,'1',51,'2016-05-18 16:24:11',NULL,NULL),(739,58,96,146,'1',51,'2016-05-18 16:24:11',NULL,NULL),(740,58,96,147,'1',51,'2016-05-18 16:24:11',NULL,NULL),(741,58,96,148,'1',51,'2016-05-18 16:24:11',NULL,NULL),(742,58,96,149,'1',51,'2016-05-18 16:24:11',NULL,NULL),(743,58,96,150,'1',51,'2016-05-18 16:24:11',NULL,NULL),(744,58,96,151,'1',51,'2016-05-18 16:24:11',NULL,NULL),(745,58,96,152,'1',51,'2016-05-18 16:24:11',NULL,NULL),(746,58,96,153,'1',51,'2016-05-18 16:24:11',NULL,NULL),(747,58,96,154,'1',51,'2016-05-18 16:24:11',NULL,NULL),(748,58,96,155,'1',51,'2016-05-18 16:24:11',NULL,NULL),(749,58,96,156,'1',51,'2016-05-18 16:24:12',NULL,NULL),(750,58,96,157,'1',51,'2016-05-18 16:24:12',NULL,NULL),(751,58,96,158,'1',51,'2016-05-18 16:24:12',NULL,NULL),(752,58,96,159,'1',51,'2016-05-18 16:24:12',NULL,NULL),(753,58,96,160,'1',51,'2016-05-18 16:24:12',NULL,NULL),(754,58,96,161,'1',51,'2016-05-18 16:24:12',NULL,NULL),(755,58,96,162,'1',51,'2016-05-18 16:24:12',NULL,NULL),(756,58,96,163,'1',51,'2016-05-18 16:24:12',NULL,NULL),(757,58,96,164,'1',51,'2016-05-18 16:24:12',NULL,NULL),(758,58,96,165,'1',51,'2016-05-18 16:24:12',NULL,NULL),(759,58,96,174,'1',51,'2016-05-18 16:24:12',NULL,NULL),(760,58,96,177,'1',51,'2016-05-18 16:24:12',NULL,NULL),(761,58,96,180,'1',51,'2016-05-18 16:24:12',NULL,NULL),(762,58,96,183,'1',51,'2016-05-18 16:24:12',NULL,NULL),(763,58,96,186,'1',51,'2016-05-18 16:24:12',NULL,NULL),(764,58,96,189,'1',51,'2016-05-18 16:24:12',NULL,NULL),(765,58,96,192,'1',51,'2016-05-18 16:24:12',NULL,NULL),(766,58,96,195,'1',51,'2016-05-18 16:24:12',NULL,NULL),(767,58,96,196,'1',51,'2016-05-18 16:24:12',NULL,NULL),(768,58,96,197,'1',51,'2016-05-18 16:24:12',NULL,NULL),(769,58,96,198,'1',51,'2016-05-18 16:24:12',NULL,NULL),(770,58,96,199,'1',51,'2016-05-18 16:24:12',NULL,NULL),(771,58,96,200,'1',51,'2016-05-18 16:24:12',NULL,NULL),(772,58,96,201,'1',51,'2016-05-20 13:08:04',NULL,NULL),(773,58,64,201,'1',51,'2016-05-20 13:09:12',NULL,NULL),(774,58,64,202,'1',51,'2016-05-20 13:39:28',NULL,NULL),(775,58,64,203,'1',51,'2016-05-21 16:37:57',NULL,NULL),(776,58,64,204,'1',51,'2016-05-23 12:23:46',NULL,NULL),(777,58,64,205,'1',51,'2016-05-24 17:38:08',NULL,NULL),(778,58,64,206,'1',51,'2016-05-24 17:38:12',NULL,NULL),(779,58,64,207,'1',51,'2016-05-25 10:40:23',NULL,NULL),(782,58,64,208,'1',51,'2016-05-31 15:28:38',NULL,NULL),(783,58,64,209,'1',51,'2016-05-31 16:53:10',NULL,NULL),(784,58,64,210,'1',51,'2016-05-31 16:53:19',NULL,NULL);

/*Table structure for table `co_room` */

DROP TABLE IF EXISTS `co_room`;

CREATE TABLE `co_room` (
  `room_id` int(11) NOT NULL AUTO_INCREMENT,
  `tenant_id` int(11) NOT NULL,
  `ward_id` int(11) NOT NULL,
  `bed_name` varchar(50) NOT NULL,
  `maintain_id` int(11) DEFAULT NULL,
  `occupied_status` enum('0','1','2') DEFAULT '0',
  `notes` text,
  `status` enum('0','1') DEFAULT '1',
  `created_by` int(11) NOT NULL,
  `created_at` timestamp NOT NULL DEFAULT CURRENT_TIMESTAMP,
  `modified_by` int(11) DEFAULT NULL,
  `modified_at` timestamp NULL DEFAULT NULL,
  `deleted_at` timestamp NULL DEFAULT '0000-00-00 00:00:00',
  PRIMARY KEY (`room_id`),
  UNIQUE KEY `CoBedUnique` (`tenant_id`,`ward_id`,`bed_name`,`deleted_at`),
  KEY `FK_co_room_maintenance` (`maintain_id`),
  KEY `FK_co_room_ward` (`ward_id`),
  CONSTRAINT `FK_co_rooms_tenant` FOREIGN KEY (`tenant_id`) REFERENCES `co_tenant` (`tenant_id`) ON DELETE CASCADE ON UPDATE CASCADE,
  CONSTRAINT `FK_co_room_ward` FOREIGN KEY (`ward_id`) REFERENCES `co_ward` (`ward_id`) ON DELETE CASCADE ON UPDATE CASCADE
) ENGINE=InnoDB AUTO_INCREMENT=41 DEFAULT CHARSET=latin1;

/*Data for the table `co_room` */

insert  into `co_room`(`room_id`,`tenant_id`,`ward_id`,`bed_name`,`maintain_id`,`occupied_status`,`notes`,`status`,`created_by`,`created_at`,`modified_by`,`modified_at`,`deleted_at`) values (9,58,8,'2112',5,'1',NULL,'1',51,'2016-02-04 07:30:53',51,'2016-05-20 16:40:51','0000-00-00 00:00:00'),(10,58,9,'112',7,'1',NULL,'1',51,'2016-02-05 06:12:21',51,'2016-05-13 11:18:23','0000-00-00 00:00:00'),(11,58,8,'113',5,'1','','1',51,'2016-02-05 06:41:04',51,'2016-05-09 12:15:14','0000-00-00 00:00:00'),(12,58,8,'112',6,'1','','1',51,'2016-02-05 06:41:15',51,'2016-04-16 16:55:30','0000-00-00 00:00:00'),(17,58,8,'909',NULL,'1','','1',62,'2016-02-20 03:50:45',51,'2016-05-07 19:18:01','0000-00-00 00:00:00'),(18,60,12,'999',NULL,'0',NULL,'1',59,'2016-02-20 06:03:54',59,'2016-02-20 06:40:01','0000-00-00 00:00:00'),(19,60,12,'4234',NULL,'0','','1',59,'2016-02-20 06:05:14',59,'2016-02-21 22:50:16','0000-00-00 00:00:00'),(20,60,13,'2342',NULL,'0',NULL,'1',59,'2016-02-20 06:05:25',59,'2016-02-20 06:48:56','0000-00-00 00:00:00'),(21,60,14,'111',NULL,'0',NULL,'1',59,'2016-02-20 06:06:12',59,'2016-02-20 07:31:03','0000-00-00 00:00:00'),(23,60,13,'111',NULL,'0',NULL,'1',59,'2016-02-20 06:07:42',66,'2016-02-20 07:51:08','0000-00-00 00:00:00'),(30,60,13,'11',NULL,'0',NULL,'1',66,'2016-02-20 07:56:03',66,'2016-02-20 07:56:03','0000-00-00 00:00:00'),(31,61,15,'101',NULL,'0',NULL,'1',67,'2016-02-23 04:44:52',67,'2016-02-25 05:20:44','0000-00-00 00:00:00'),(32,61,15,'102',NULL,'0',NULL,'1',67,'2016-02-23 04:45:03',67,'2016-02-25 05:29:44','0000-00-00 00:00:00'),(33,61,15,'103',NULL,'0',NULL,'1',67,'2016-02-23 04:45:13',NULL,'2016-02-23 04:47:42','0000-00-00 00:00:00'),(34,61,16,'104',NULL,'0',NULL,'1',67,'2016-02-23 04:48:06',67,'2016-02-23 04:48:06','0000-00-00 00:00:00'),(35,61,16,'105',NULL,'0',NULL,'1',67,'2016-02-23 04:48:22',67,'2016-02-25 05:38:13','0000-00-00 00:00:00'),(36,61,16,'106',NULL,'0',NULL,'1',67,'2016-02-23 04:48:46',67,'2016-02-23 04:48:46','0000-00-00 00:00:00'),(37,58,8,'899',NULL,'1',NULL,'1',51,'2016-05-20 11:05:09',51,'2016-05-24 14:06:51','0000-00-00 00:00:00'),(38,58,8,'4444',NULL,'1',NULL,'1',51,'2016-05-20 16:43:55',51,'2016-05-20 16:47:41','0000-00-00 00:00:00'),(39,58,8,'787',NULL,'2','aaddd aaaasd asdasdsd','1',51,'2016-05-25 10:52:24',51,'2016-05-25 11:01:23','0000-00-00 00:00:00'),(40,58,8,'963',NULL,'0',NULL,'1',51,'2016-05-25 11:00:41',51,'2016-05-25 11:00:41','0000-00-00 00:00:00');

/*Table structure for table `co_room_charge` */

DROP TABLE IF EXISTS `co_room_charge`;

CREATE TABLE `co_room_charge` (
  `charge_id` int(11) NOT NULL AUTO_INCREMENT,
  `tenant_id` int(11) NOT NULL,
  `charge_item_id` int(11) NOT NULL,
  `room_type_id` int(11) NOT NULL,
  `charge` decimal(10,2) NOT NULL DEFAULT '0.00',
  `status` enum('0','1') DEFAULT '1',
  `created_by` int(11) NOT NULL,
  `created_at` timestamp NOT NULL DEFAULT CURRENT_TIMESTAMP,
  `modified_by` int(11) DEFAULT NULL,
  `modified_at` timestamp NULL DEFAULT NULL,
  `deleted_at` timestamp NULL DEFAULT '0000-00-00 00:00:00',
  PRIMARY KEY (`charge_id`),
  UNIQUE KEY `CoRoomChargeUnique` (`tenant_id`,`charge_item_id`,`room_type_id`,`deleted_at`),
  KEY `co_room_charge_tenant` (`tenant_id`),
  KEY `FK_co_room_charge_room_type` (`room_type_id`),
  KEY `FK_co_room_charge_charge_item` (`charge_item_id`),
  CONSTRAINT `FK_co_room_charge_charge_item` FOREIGN KEY (`charge_item_id`) REFERENCES `co_room_charge_item` (`charge_item_id`) ON DELETE CASCADE ON UPDATE CASCADE,
  CONSTRAINT `FK_co_room_charge_room_type` FOREIGN KEY (`room_type_id`) REFERENCES `co_room_type` (`room_type_id`) ON DELETE CASCADE ON UPDATE CASCADE,
  CONSTRAINT `FK_co_room_charge_tenant` FOREIGN KEY (`tenant_id`) REFERENCES `co_tenant` (`tenant_id`) ON DELETE CASCADE ON UPDATE CASCADE
) ENGINE=InnoDB AUTO_INCREMENT=14 DEFAULT CHARSET=latin1;

/*Data for the table `co_room_charge` */

insert  into `co_room_charge`(`charge_id`,`tenant_id`,`charge_item_id`,`room_type_id`,`charge`,`status`,`created_by`,`created_at`,`modified_by`,`modified_at`,`deleted_at`) values (1,58,1,9,'300.00','1',51,'2016-02-04 22:29:18',51,'2016-04-19 10:45:10','0000-00-00 00:00:00'),(2,58,1,11,'300.00','1',51,'2016-02-04 22:29:50',51,'2016-02-04 22:29:50','0000-00-00 00:00:00'),(3,58,1,13,'100.00','1',51,'2016-02-09 02:04:38',51,'2016-02-09 02:04:38','0000-00-00 00:00:00'),(4,58,3,10,'2820.00','1',51,'2016-02-09 02:38:16',51,'2016-05-20 13:11:42','0000-00-00 00:00:00'),(5,58,3,11,'2000.00','1',51,'2016-02-09 02:39:16',51,'2016-02-09 02:39:16','0000-00-00 00:00:00'),(6,60,4,14,'878.00','1',59,'2016-02-20 03:28:47',59,'2016-02-20 03:28:47','0000-00-00 00:00:00'),(7,60,5,15,'215.00','1',59,'2016-02-20 03:28:57',59,'2016-02-20 03:28:57','0000-00-00 00:00:00'),(8,60,6,16,'1255.00','1',59,'2016-02-20 03:29:12',59,'2016-02-20 03:29:12','0000-00-00 00:00:00'),(9,61,7,19,'450.00','1',67,'2016-02-23 04:49:52',67,'2016-02-23 04:49:52','0000-00-00 00:00:00'),(10,61,7,20,'500.00','1',67,'2016-02-23 04:50:26',67,'2016-02-23 04:51:21','0000-00-00 00:00:00'),(11,58,8,10,'2200.00','1',51,'2016-03-17 18:12:13',51,'2016-04-21 13:33:17','0000-00-00 00:00:00'),(12,58,3,13,'150.00','1',51,'2016-03-26 16:32:51',51,'2016-04-18 15:10:22','0000-00-00 00:00:00'),(13,58,8,13,'350.00','1',51,'2016-03-26 16:33:07',51,'2016-04-18 17:02:25','0000-00-00 00:00:00');

/*Table structure for table `co_room_charge_category` */

DROP TABLE IF EXISTS `co_room_charge_category`;

CREATE TABLE `co_room_charge_category` (
  `charge_cat_id` int(11) NOT NULL AUTO_INCREMENT,
  `tenant_id` int(11) DEFAULT NULL,
  `charge_cat_name` varchar(50) NOT NULL,
  `charge_cat_code` varchar(10) DEFAULT NULL,
  `charge_cat_description` text,
  `status` enum('0','1') DEFAULT '1',
  `created_by` int(11) NOT NULL,
  `created_at` timestamp NOT NULL DEFAULT CURRENT_TIMESTAMP,
  `modified_by` int(11) DEFAULT NULL,
  `modified_at` timestamp NULL DEFAULT NULL,
  `deleted_at` timestamp NULL DEFAULT '0000-00-00 00:00:00',
  PRIMARY KEY (`charge_cat_id`),
  UNIQUE KEY `RoomCatNameUnique` (`tenant_id`,`charge_cat_name`,`deleted_at`),
  KEY `co_room_cat_tenant` (`tenant_id`),
  CONSTRAINT `FK_co_room_cat_tenant` FOREIGN KEY (`tenant_id`) REFERENCES `co_tenant` (`tenant_id`) ON DELETE CASCADE ON UPDATE CASCADE
) ENGINE=InnoDB AUTO_INCREMENT=10 DEFAULT CHARSET=latin1;

/*Data for the table `co_room_charge_category` */

insert  into `co_room_charge_category`(`charge_cat_id`,`tenant_id`,`charge_cat_name`,`charge_cat_code`,`charge_cat_description`,`status`,`created_by`,`created_at`,`modified_by`,`modified_at`,`deleted_at`) values (1,NULL,'Procedures','PRC','Procedures','1',1,'2016-01-28 15:34:22',NULL,NULL,'0000-00-00 00:00:00'),(2,NULL,'Allied Charges','ALC','Allied Charges','1',1,'2016-01-28 15:35:12',NULL,NULL,'0000-00-00 00:00:00'),(3,58,'Miscellaneous','12','Miscellaneous','1',51,'2016-02-04 07:04:17',51,'2016-02-04 07:04:17','0000-00-00 00:00:00'),(4,58,'Procedures','1234','2000','1',51,'2016-02-09 01:47:49',51,'2016-02-09 01:47:49','0000-00-00 00:00:00'),(5,58,'Room Charges','123','Chargers for Rooms','1',51,'2016-02-09 02:19:45',51,'2016-02-09 02:19:45','0000-00-00 00:00:00'),(6,60,'Dummy Charges',NULL,'charges','1',59,'2016-02-17 23:09:11',59,'2016-02-19 07:51:09','0000-00-00 00:00:00'),(8,60,'Dummy2 charges',NULL,'Dummy2 Charges','1',59,'2016-02-17 23:12:06',59,'2016-02-19 07:51:53','0000-00-00 00:00:00'),(9,61,'test','tsest','tes','1',67,'2016-02-23 04:36:28',67,'2016-02-23 04:36:28','0000-00-00 00:00:00');

/*Table structure for table `co_room_charge_item` */

DROP TABLE IF EXISTS `co_room_charge_item`;

CREATE TABLE `co_room_charge_item` (
  `charge_item_id` int(11) NOT NULL AUTO_INCREMENT,
  `tenant_id` int(11) NOT NULL,
  `charge_item_name` varchar(50) NOT NULL,
  `charge_item_code` varchar(10) NOT NULL,
  `charge_item_description` text,
  `status` enum('0','1') DEFAULT '1',
  `created_by` int(11) NOT NULL,
  `created_at` timestamp NOT NULL DEFAULT CURRENT_TIMESTAMP,
  `modified_by` int(11) DEFAULT NULL,
  `modified_at` timestamp NULL DEFAULT NULL,
  `deleted_at` timestamp NULL DEFAULT '0000-00-00 00:00:00',
  PRIMARY KEY (`charge_item_id`),
  UNIQUE KEY `RoomChargeUnique` (`charge_item_name`,`tenant_id`,`deleted_at`),
  KEY `co_charge_tenant` (`tenant_id`),
  CONSTRAINT `FK_co_charge_tenant` FOREIGN KEY (`tenant_id`) REFERENCES `co_tenant` (`tenant_id`) ON DELETE CASCADE ON UPDATE CASCADE
) ENGINE=InnoDB AUTO_INCREMENT=9 DEFAULT CHARSET=latin1;

/*Data for the table `co_room_charge_item` */

insert  into `co_room_charge_item`(`charge_item_id`,`tenant_id`,`charge_item_name`,`charge_item_code`,`charge_item_description`,`status`,`created_by`,`created_at`,`modified_by`,`modified_at`,`deleted_at`) values (1,58,'Test','TE','Testing','1',51,'2016-02-03 00:46:31',51,'2016-02-03 00:46:31','0000-00-00 00:00:00'),(2,58,'doppler','2389','doppler','1',51,'2016-02-04 22:38:37',51,'2016-02-04 22:38:37','0000-00-00 00:00:00'),(3,58,'Room Rent','123','Rent for Rooms','1',51,'2016-02-09 02:37:57',51,'2016-02-09 02:37:57','0000-00-00 00:00:00'),(4,60,'DMO','1','DMO','1',59,'2016-02-19 07:28:13',59,'2016-02-19 07:28:13','0000-00-00 00:00:00'),(5,60,'NURSING CHARGES','2','NURSING CHARGES','1',59,'2016-02-19 07:28:24',59,'2016-02-19 07:28:24','0000-00-00 00:00:00'),(6,60,'ROOM RENT','3','ROOM RENT','1',59,'2016-02-19 07:28:39',59,'2016-02-19 07:28:39','0000-00-00 00:00:00'),(7,61,'DMO','DMO','DMO','1',67,'2016-02-23 02:30:10',67,'2016-02-23 02:30:10','0000-00-00 00:00:00'),(8,58,'DMO','200','DMO','1',51,'2016-03-17 18:11:57',51,'2016-03-17 18:11:57','0000-00-00 00:00:00');

/*Table structure for table `co_room_charge_subcategory` */

DROP TABLE IF EXISTS `co_room_charge_subcategory`;

CREATE TABLE `co_room_charge_subcategory` (
  `charge_subcat_id` int(11) NOT NULL AUTO_INCREMENT,
  `tenant_id` int(11) NOT NULL,
  `charge_cat_id` int(11) NOT NULL,
  `charge_subcat_name` varchar(50) NOT NULL,
  `status` enum('0','1') DEFAULT '1',
  `created_by` int(11) NOT NULL,
  `created_at` timestamp NOT NULL DEFAULT CURRENT_TIMESTAMP,
  `modified_by` int(11) DEFAULT NULL,
  `modified_at` timestamp NULL DEFAULT NULL,
  `deleted_at` timestamp NULL DEFAULT '0000-00-00 00:00:00',
  PRIMARY KEY (`charge_subcat_id`),
  UNIQUE KEY `CoRoomChargeSubCategoryUnique` (`tenant_id`,`charge_cat_id`,`charge_subcat_name`,`deleted_at`),
  KEY `co_room_cat_tenant` (`tenant_id`),
  KEY `FK_co_room_charge_subcategory_category` (`charge_cat_id`),
  CONSTRAINT `FK_co_room_charge_subcategory_category` FOREIGN KEY (`charge_cat_id`) REFERENCES `co_room_charge_category` (`charge_cat_id`) ON DELETE CASCADE ON UPDATE CASCADE,
  CONSTRAINT `FK_co_room_subcat_tenant` FOREIGN KEY (`tenant_id`) REFERENCES `co_tenant` (`tenant_id`) ON DELETE CASCADE ON UPDATE CASCADE
) ENGINE=InnoDB AUTO_INCREMENT=42 DEFAULT CHARSET=latin1;

/*Data for the table `co_room_charge_subcategory` */

insert  into `co_room_charge_subcategory`(`charge_subcat_id`,`tenant_id`,`charge_cat_id`,`charge_subcat_name`,`status`,`created_by`,`created_at`,`modified_by`,`modified_at`,`deleted_at`) values (20,58,3,'misc1','1',51,'2016-02-04 07:04:18',51,'2016-02-04 07:04:18','0000-00-00 00:00:00'),(21,58,3,'misc2','1',51,'2016-02-04 07:04:18',51,'2016-02-04 07:04:18','0000-00-00 00:00:00'),(22,58,1,'stomach wash','1',51,'2016-02-04 22:34:10',51,'2016-02-04 22:34:10','0000-00-00 00:00:00'),(23,58,2,'Alied','1',51,'2016-02-05 06:22:39',51,'2016-02-05 06:22:39','0000-00-00 00:00:00'),(24,58,4,'Challenge test','1',51,'2016-02-09 01:47:51',51,'2016-02-09 01:48:48','0000-00-00 00:00:00'),(25,58,5,'DMO','1',51,'2016-02-09 02:19:46',51,'2016-02-09 02:19:46','0000-00-00 00:00:00'),(26,58,5,'Room Rent','1',51,'2016-02-09 02:19:46',51,'2016-02-09 02:19:46','0000-00-00 00:00:00'),(27,60,8,'vikhram','1',59,'2016-02-17 23:12:07',14,'2016-02-17 23:12:07','2016-02-19 07:51:27'),(28,60,8,'mary','1',59,'2016-02-17 23:12:07',14,'2016-02-17 23:12:07','2016-02-19 07:51:29'),(29,60,8,'jayant','1',59,'2016-02-17 23:12:07',14,'2016-02-17 23:12:07','2016-02-19 07:51:30'),(30,60,1,'Pulse Check','1',59,'2016-02-18 01:01:49',59,'2016-02-18 01:01:49','0000-00-00 00:00:00'),(31,60,2,'CANTEEN CHARGES','1',59,'2016-02-19 07:24:55',59,'2016-02-19 07:24:55','0000-00-00 00:00:00'),(32,60,2,'DRESSING CHARGES','1',59,'2016-02-19 07:25:25',59,'2016-02-19 07:25:25','0000-00-00 00:00:00'),(33,60,2,'MONITOR CHARGES','1',59,'2016-02-19 07:25:26',59,'2016-02-19 07:25:26','0000-00-00 00:00:00'),(34,60,2,'NEBULIZATION CHARGES','1',59,'2016-02-19 07:25:28',59,'2016-02-19 07:25:28','0000-00-00 00:00:00'),(35,60,1,'Aversion','1',59,'2016-02-19 07:25:54',59,'2016-02-19 07:25:54','0000-00-00 00:00:00'),(36,60,1,'Challenge Test','1',59,'2016-02-19 07:26:01',59,'2016-02-19 07:26:01','0000-00-00 00:00:00'),(37,60,1,'Treatment Charges','1',59,'2016-02-19 07:26:31',59,'2016-02-19 07:26:31','0000-00-00 00:00:00'),(38,61,9,'test','1',67,'2016-02-23 04:36:30',67,'2016-02-23 04:36:30','0000-00-00 00:00:00'),(39,58,1,'Aversion','1',51,'2016-03-22 15:34:47',51,'2016-03-22 15:34:47','0000-00-00 00:00:00'),(40,58,4,'Test','1',51,'2016-05-10 16:08:35',51,'2016-05-10 16:08:35','0000-00-00 00:00:00'),(41,58,5,'New One','1',51,'2016-05-25 11:03:49',51,'2016-05-25 11:03:49','0000-00-00 00:00:00');

/*Table structure for table `co_room_maintenance` */

DROP TABLE IF EXISTS `co_room_maintenance`;

CREATE TABLE `co_room_maintenance` (
  `maintain_id` int(11) NOT NULL AUTO_INCREMENT,
  `tenant_id` int(11) NOT NULL,
  `maintain_name` varchar(50) NOT NULL,
  `status` enum('0','1') DEFAULT '1',
  `created_by` int(11) NOT NULL,
  `created_at` timestamp NOT NULL DEFAULT CURRENT_TIMESTAMP,
  `modified_by` int(11) DEFAULT NULL,
  `modified_at` timestamp NULL DEFAULT NULL,
  `deleted_at` timestamp NULL DEFAULT '0000-00-00 00:00:00',
  PRIMARY KEY (`maintain_id`),
  UNIQUE KEY `MaintainNameUnique` (`tenant_id`,`maintain_name`,`deleted_at`),
  CONSTRAINT `FK_co_room_maintenance_tenant` FOREIGN KEY (`tenant_id`) REFERENCES `co_tenant` (`tenant_id`) ON DELETE CASCADE ON UPDATE CASCADE
) ENGINE=InnoDB AUTO_INCREMENT=8 DEFAULT CHARSET=latin1;

/*Data for the table `co_room_maintenance` */

insert  into `co_room_maintenance`(`maintain_id`,`tenant_id`,`maintain_name`,`status`,`created_by`,`created_at`,`modified_by`,`modified_at`,`deleted_at`) values (5,58,'cleaning','1',51,'2016-02-04 07:27:58',51,'2016-02-04 07:27:58','0000-00-00 00:00:00'),(6,58,'ac maintenance','1',51,'2016-02-04 22:30:34',51,'2016-02-04 22:30:34','0000-00-00 00:00:00'),(7,58,'testing-Raj','1',51,'2016-02-05 06:11:35',51,'2016-02-05 06:11:35','0000-00-00 00:00:00');

/*Table structure for table `co_room_type` */

DROP TABLE IF EXISTS `co_room_type`;

CREATE TABLE `co_room_type` (
  `room_type_id` int(11) NOT NULL AUTO_INCREMENT,
  `tenant_id` int(11) NOT NULL,
  `room_type_name` varchar(50) NOT NULL,
  `status` enum('0','1') DEFAULT '1',
  `created_by` int(11) NOT NULL,
  `created_at` timestamp NOT NULL DEFAULT CURRENT_TIMESTAMP,
  `modified_by` int(11) DEFAULT NULL,
  `modified_at` timestamp NULL DEFAULT NULL,
  `deleted_at` timestamp NULL DEFAULT '0000-00-00 00:00:00',
  PRIMARY KEY (`room_type_id`),
  UNIQUE KEY `RoomTypeNameUnique` (`tenant_id`,`room_type_name`,`deleted_at`),
  KEY `co_room_type_tenant` (`tenant_id`),
  CONSTRAINT `FK_co_room_type_tenant` FOREIGN KEY (`tenant_id`) REFERENCES `co_tenant` (`tenant_id`) ON DELETE CASCADE ON UPDATE CASCADE
) ENGINE=InnoDB AUTO_INCREMENT=21 DEFAULT CHARSET=latin1;

/*Data for the table `co_room_type` */

insert  into `co_room_type`(`room_type_id`,`tenant_id`,`room_type_name`,`status`,`created_by`,`created_at`,`modified_by`,`modified_at`,`deleted_at`) values (9,58,'ac','1',51,'2016-02-04 07:16:44',51,'2016-02-04 07:16:44','0000-00-00 00:00:00'),(10,58,'Non AC','1',51,'2016-02-04 07:16:50',51,'2016-02-04 07:16:50','0000-00-00 00:00:00'),(11,58,'Deluxe','1',51,'2016-02-04 07:16:56',51,'2016-02-04 07:16:56','0000-00-00 00:00:00'),(12,58,'Suite','1',51,'2016-02-05 06:40:40',51,'2016-02-05 06:40:40','0000-00-00 00:00:00'),(13,58,'Single','1',51,'2016-02-09 02:02:18',51,'2016-02-09 02:02:18','0000-00-00 00:00:00'),(14,60,'DELUX','1',59,'2016-02-20 02:44:04',59,'2016-02-20 06:04:25','0000-00-00 00:00:00'),(15,60,'NON AC','1',59,'2016-02-20 02:57:57',59,'2016-02-20 06:04:15','0000-00-00 00:00:00'),(16,60,'AC','1',59,'2016-02-20 02:58:03',59,'2016-02-20 06:04:07','0000-00-00 00:00:00'),(17,60,'SUITE','1',59,'2016-02-20 06:04:32',59,'2016-02-20 06:04:32','0000-00-00 00:00:00'),(18,60,'GENERAL','1',59,'2016-02-20 06:05:01',59,'2016-02-20 06:05:01','0000-00-00 00:00:00'),(19,61,'AC','1',67,'2016-02-23 04:44:21',67,'2016-02-23 04:44:21','0000-00-00 00:00:00'),(20,61,'Non-AC','1',67,'2016-02-23 04:44:33',67,'2016-02-23 04:44:33','0000-00-00 00:00:00');

/*Table structure for table `co_room_types_rooms` */

DROP TABLE IF EXISTS `co_room_types_rooms`;

CREATE TABLE `co_room_types_rooms` (
  `room_type_room_id` int(11) NOT NULL AUTO_INCREMENT,
  `tenant_id` int(11) NOT NULL,
  `room_type_id` int(11) NOT NULL,
  `room_id` int(11) NOT NULL,
  `created_by` int(11) NOT NULL,
  `created_at` timestamp NOT NULL DEFAULT CURRENT_TIMESTAMP ON UPDATE CURRENT_TIMESTAMP,
  `modified_by` int(11) DEFAULT NULL,
  `modified_at` timestamp NULL DEFAULT NULL,
  PRIMARY KEY (`room_type_room_id`),
  KEY `FK_room_types_rooms_tenane` (`tenant_id`),
  KEY `FK_room_types_rooms` (`room_type_id`),
  KEY `FK_room_types_rooms_room` (`room_id`),
  CONSTRAINT `FK_room_types_rooms` FOREIGN KEY (`room_type_id`) REFERENCES `co_room_type` (`room_type_id`) ON DELETE CASCADE ON UPDATE CASCADE,
  CONSTRAINT `FK_room_types_rooms_room` FOREIGN KEY (`room_id`) REFERENCES `co_room` (`room_id`) ON DELETE CASCADE ON UPDATE CASCADE,
  CONSTRAINT `FK_room_types_rooms_tenane` FOREIGN KEY (`tenant_id`) REFERENCES `co_tenant` (`tenant_id`) ON DELETE CASCADE ON UPDATE CASCADE
) ENGINE=InnoDB AUTO_INCREMENT=67 DEFAULT CHARSET=latin1;

/*Data for the table `co_room_types_rooms` */

insert  into `co_room_types_rooms`(`room_type_room_id`,`tenant_id`,`room_type_id`,`room_id`,`created_by`,`created_at`,`modified_by`,`modified_at`) values (11,58,9,9,51,'2016-02-04 07:31:07',51,'2016-02-04 07:31:07'),(13,58,10,10,51,'2016-02-05 06:39:43',51,'2016-02-05 06:39:43'),(14,58,11,10,51,'2016-02-05 06:39:43',51,'2016-02-05 06:39:43'),(15,58,11,9,51,'2016-02-05 06:39:58',51,'2016-02-05 06:39:58'),(16,58,9,11,51,'2016-02-05 06:42:02',51,'2016-02-05 06:42:02'),(17,58,10,11,51,'2016-02-05 06:42:02',51,'2016-02-05 06:42:02'),(18,58,11,11,51,'2016-02-05 06:42:02',51,'2016-02-05 06:42:02'),(19,58,12,11,51,'2016-02-05 06:42:02',51,'2016-02-05 06:42:02'),(20,58,12,12,51,'2016-02-05 06:42:11',51,'2016-02-05 06:42:11'),(21,58,9,12,51,'2016-02-15 07:12:36',51,'2016-02-15 07:12:36'),(22,60,16,23,59,'2016-02-20 06:07:58',59,'2016-02-20 06:07:58'),(23,60,14,21,59,'2016-02-20 06:08:06',59,'2016-02-20 06:08:06'),(24,60,18,21,59,'2016-02-20 06:08:06',59,'2016-02-20 06:08:06'),(25,60,15,20,59,'2016-02-20 06:08:14',59,'2016-02-20 06:08:14'),(26,60,17,20,59,'2016-02-20 06:08:14',59,'2016-02-20 06:08:14'),(27,60,15,19,59,'2016-02-20 06:08:22',59,'2016-02-20 06:08:22'),(28,60,18,19,59,'2016-02-20 06:08:22',59,'2016-02-20 06:08:22'),(29,60,14,18,59,'2016-02-20 06:08:32',59,'2016-02-20 06:08:32'),(30,60,16,18,59,'2016-02-20 06:08:32',59,'2016-02-20 06:08:32'),(31,61,19,31,67,'2016-02-23 04:49:09',67,'2016-02-23 04:49:09'),(32,61,20,31,67,'2016-02-23 04:49:09',67,'2016-02-23 04:49:09'),(33,61,19,32,67,'2016-02-23 04:49:18',67,'2016-02-23 04:49:18'),(34,61,20,34,67,'2016-02-23 04:49:30',67,'2016-02-23 04:49:30'),(35,61,19,34,67,'2016-02-23 04:49:30',67,'2016-02-23 04:49:30'),(36,61,19,35,67,'2016-02-23 05:28:01',67,'2016-02-23 05:28:01'),(37,61,20,35,67,'2016-02-23 05:28:01',67,'2016-02-23 05:28:01'),(38,61,19,36,67,'2016-02-23 05:29:43',67,'2016-02-23 05:29:43'),(39,61,20,36,67,'2016-02-23 05:29:43',67,'2016-02-23 05:29:43'),(40,61,19,33,67,'2016-02-23 05:29:55',67,'2016-02-23 05:29:55'),(41,61,20,33,67,'2016-02-23 05:29:55',67,'2016-02-23 05:29:55'),(42,58,10,12,51,'2016-03-02 19:18:23',51,'2016-03-02 19:18:23'),(43,58,13,12,51,'2016-03-02 19:18:23',51,'2016-03-02 19:18:23'),(44,58,11,12,51,'2016-03-02 19:18:24',51,'2016-03-02 19:18:24'),(45,58,9,17,51,'2016-03-26 16:33:51',51,'2016-03-26 16:33:51'),(46,58,11,17,51,'2016-03-26 16:33:51',51,'2016-03-26 16:33:51'),(47,58,10,17,51,'2016-03-26 16:33:51',51,'2016-03-26 16:33:51'),(48,58,13,17,51,'2016-03-26 16:33:51',51,'2016-03-26 16:33:51'),(50,58,13,11,51,'2016-03-26 16:34:02',51,'2016-03-26 16:34:02'),(51,58,13,10,51,'2016-03-26 16:34:08',51,'2016-03-26 16:34:08'),(52,58,12,10,51,'2016-03-26 16:34:08',51,'2016-03-26 16:34:08'),(53,58,10,9,51,'2016-03-26 16:34:15',51,'2016-03-26 16:34:15'),(54,58,13,9,51,'2016-03-26 16:34:15',51,'2016-03-26 16:34:15'),(55,58,12,9,51,'2016-03-26 16:34:15',51,'2016-03-26 16:34:15'),(56,58,11,37,51,'2016-05-20 11:05:20',51,'2016-05-20 11:05:20'),(57,58,9,37,51,'2016-05-20 11:05:20',51,'2016-05-20 11:05:20'),(58,58,10,37,51,'2016-05-20 11:05:20',51,'2016-05-20 11:05:20'),(59,58,9,38,51,'2016-05-20 16:44:05',51,'2016-05-20 16:44:05'),(60,58,10,38,51,'2016-05-20 16:44:05',51,'2016-05-20 16:44:05'),(61,58,9,40,51,'2016-05-25 11:01:01',51,'2016-05-25 11:01:01'),(62,58,11,40,51,'2016-05-25 11:01:01',51,'2016-05-25 11:01:01'),(63,58,10,40,51,'2016-05-25 11:01:01',51,'2016-05-25 11:01:01'),(64,58,12,39,51,'2016-05-25 11:01:08',51,'2016-05-25 11:01:08'),(65,58,13,39,51,'2016-05-25 11:01:08',51,'2016-05-25 11:01:08'),(66,58,10,39,51,'2016-05-25 11:01:08',51,'2016-05-25 11:01:08');

/*Table structure for table `co_speciality` */

DROP TABLE IF EXISTS `co_speciality`;

CREATE TABLE `co_speciality` (
  `speciality_id` int(11) NOT NULL AUTO_INCREMENT,
  `tenant_id` int(11) NOT NULL,
  `speciality_name` varchar(50) NOT NULL,
  `status` enum('0','1') DEFAULT '1',
  `created_by` int(11) NOT NULL,
  `created_at` timestamp NOT NULL DEFAULT CURRENT_TIMESTAMP,
  `modified_by` int(11) DEFAULT NULL,
  `modified_at` timestamp NULL DEFAULT NULL,
  `deleted_at` timestamp NULL DEFAULT '0000-00-00 00:00:00',
  PRIMARY KEY (`speciality_id`),
  UNIQUE KEY `co_speciality_tenant` (`tenant_id`,`speciality_name`,`deleted_at`),
  CONSTRAINT `FK_co_speciality_tenant` FOREIGN KEY (`tenant_id`) REFERENCES `co_tenant` (`tenant_id`) ON DELETE CASCADE ON UPDATE CASCADE
) ENGINE=InnoDB AUTO_INCREMENT=13 DEFAULT CHARSET=latin1;

/*Data for the table `co_speciality` */

insert  into `co_speciality`(`speciality_id`,`tenant_id`,`speciality_name`,`status`,`created_by`,`created_at`,`modified_by`,`modified_at`,`deleted_at`) values (1,58,'General physician','1',51,'2016-02-05 22:49:38',51,'2016-02-05 22:49:38','0000-00-00 00:00:00'),(2,60,'gyno','1',59,'2016-02-17 06:31:51',59,'2016-02-17 06:31:51','0000-00-00 00:00:00'),(3,60,'pediat','1',59,'2016-02-17 06:32:00',59,'2016-02-17 06:32:00','0000-00-00 00:00:00'),(4,60,'Anaesthetist','1',59,'2016-02-19 07:17:05',59,'2016-02-19 07:17:05','0000-00-00 00:00:00'),(5,60,'Dentist','1',59,'2016-02-19 07:17:22',59,'2016-02-19 07:17:22','0000-00-00 00:00:00'),(6,60,'Endocrinologist','1',59,'2016-02-19 07:17:40',59,'2016-02-19 07:17:40','0000-00-00 00:00:00'),(7,60,'Nephrologist','1',59,'2016-02-19 07:17:57',59,'2016-02-19 07:17:57','0000-00-00 00:00:00'),(8,60,'Opthomologist','1',59,'2016-02-19 07:18:07',59,'2016-02-19 07:18:07','0000-00-00 00:00:00'),(9,60,'Physiotherapist','1',59,'2016-02-19 07:18:16',59,'2016-02-19 07:18:28','0000-00-00 00:00:00'),(10,60,'Psychiatrist','1',59,'2016-02-19 07:18:45',59,'2016-02-19 07:18:45','0000-00-00 00:00:00'),(11,61,'psychiatrist','1',67,'2016-02-21 23:21:54',NULL,'2016-02-21 23:23:41','0000-00-00 00:00:00'),(12,61,'testasdfasdfadsfads','1',67,'2016-02-23 02:13:53',67,'2016-02-23 02:14:12','0000-00-00 00:00:00');

/*Table structure for table `co_super_admin` */

DROP TABLE IF EXISTS `co_super_admin`;

CREATE TABLE `co_super_admin` (
  `su_id` int(11) NOT NULL AUTO_INCREMENT,
  `username` varchar(100) NOT NULL,
  `password` varchar(255) NOT NULL,
  `authtoken` varchar(255) DEFAULT NULL,
  `last_activity` timestamp NOT NULL DEFAULT '0000-00-00 00:00:00',
  `created_by` int(11) DEFAULT NULL,
  `created_at` timestamp NOT NULL DEFAULT '0000-00-00 00:00:00',
  `modified_by` int(11) DEFAULT NULL,
  `modified_at` timestamp NOT NULL DEFAULT '0000-00-00 00:00:00',
  PRIMARY KEY (`su_id`)
) ENGINE=InnoDB AUTO_INCREMENT=2 DEFAULT CHARSET=latin1;

/*Data for the table `co_super_admin` */

insert  into `co_super_admin`(`su_id`,`username`,`password`,`authtoken`,`last_activity`,`created_by`,`created_at`,`modified_by`,`modified_at`) values (1,'demo','$2y$13$pfNu2lorSgd3btV7foqp.uriRfXF.7lSi51b45oefB0V1NaObxEui','ZGVtbzE0NTY3NDgwNzg5Nzcz','0000-00-00 00:00:00',NULL,'0000-00-00 00:00:00',-1,'2016-01-07 11:46:28');

/*Table structure for table `co_tenant` */

DROP TABLE IF EXISTS `co_tenant`;

CREATE TABLE `co_tenant` (
  `tenant_id` int(11) NOT NULL AUTO_INCREMENT,
  `org_id` int(11) NOT NULL,
  `tenant_guid` varchar(50) DEFAULT NULL,
  `tenant_name` varchar(50) NOT NULL,
  `tenant_address` varchar(100) DEFAULT NULL,
  `tenant_city_id` int(11) DEFAULT NULL,
  `tenant_state_id` int(11) DEFAULT NULL,
  `tenant_country_id` int(11) DEFAULT NULL,
  `tenant_contact1` varchar(20) DEFAULT NULL,
  `tenant_contact2` varchar(20) DEFAULT NULL,
  `tenant_fax` varchar(50) DEFAULT NULL,
  `tenant_mobile` varchar(20) DEFAULT NULL,
  `tenant_email` varchar(50) DEFAULT NULL,
  `tenant_url` varchar(50) DEFAULT NULL,
  `slug` varchar(50) DEFAULT NULL,
  `status` enum('0','1') DEFAULT '1',
  `created_by` int(11) NOT NULL,
  `created_at` timestamp NOT NULL DEFAULT CURRENT_TIMESTAMP,
  `modified_by` int(11) DEFAULT NULL,
  `modified_at` timestamp NULL DEFAULT NULL,
  `deleted_at` timestamp NULL DEFAULT '0000-00-00 00:00:00',
  PRIMARY KEY (`tenant_id`),
  UNIQUE KEY `TenantNameUnique` (`tenant_name`,`org_id`),
  KEY `FK_co_tenant_org` (`org_id`)
) ENGINE=InnoDB AUTO_INCREMENT=63 DEFAULT CHARSET=latin1;

/*Data for the table `co_tenant` */

insert  into `co_tenant`(`tenant_id`,`org_id`,`tenant_guid`,`tenant_name`,`tenant_address`,`tenant_city_id`,`tenant_state_id`,`tenant_country_id`,`tenant_contact1`,`tenant_contact2`,`tenant_fax`,`tenant_mobile`,`tenant_email`,`tenant_url`,`slug`,`status`,`created_by`,`created_at`,`modified_by`,`modified_at`,`deleted_at`) values (58,7,'','Ahana','Gandhi Nagar',1,1,1,'123','','','','vikhram@ahana.com','http://ahana.com','','1',-1,'2016-02-02 22:26:38',-1,'0000-00-00 00:00:00','0000-00-00 00:00:00'),(59,7,'','Ark Infotec','Bye-pass',4,3,2,'123','','','','gayatri@ark.com','http://ark.com','','0',-1,'2016-02-02 22:43:11',-1,'0000-00-00 00:00:00','0000-00-00 00:00:00'),(60,7,'','Radianz','rad',2,1,1,'123123','','','','abc@radianz.com','','','1',-1,'2016-02-17 06:28:38',-1,'0000-00-00 00:00:00','0000-00-00 00:00:00'),(61,7,NULL,'test','test',1,8,7,'99999999',NULL,NULL,NULL,'test.t@gm.xc','http://ahanahospitals.in/',NULL,'1',-1,'2016-02-21 23:16:05',-1,'2016-02-21 23:16:05','0000-00-00 00:00:00'),(62,0,NULL,'test test','test',5,8,7,'2323232323','',NULL,NULL,'34343@3444.3',NULL,NULL,'1',-1,'2016-02-29 02:00:01',-1,'2016-02-29 02:08:44','0000-00-00 00:00:00');

/*Table structure for table `co_user` */

DROP TABLE IF EXISTS `co_user`;

CREATE TABLE `co_user` (
  `user_id` int(11) NOT NULL AUTO_INCREMENT,
  `tenant_id` int(11) NOT NULL,
  `org_id` int(11) NOT NULL,
  `title_code` varchar(10) DEFAULT 'Mr.',
  `name` varchar(50) NOT NULL,
  `designation` varchar(25) DEFAULT NULL,
  `address` varchar(100) DEFAULT NULL,
  `city_id` int(11) DEFAULT NULL,
  `state_id` int(11) DEFAULT NULL,
  `zip` varchar(20) DEFAULT NULL,
  `country_id` int(11) DEFAULT NULL,
  `contact1` varchar(50) DEFAULT NULL,
  `contact2` varchar(50) DEFAULT NULL,
  `mobile` varchar(50) DEFAULT NULL,
  `email` varchar(50) DEFAULT NULL,
  `speciality_id` int(11) DEFAULT NULL,
  `care_provider` enum('0','1') NOT NULL DEFAULT '0',
  `status` enum('0','1') DEFAULT '1',
  `created_by` int(11) NOT NULL,
  `created_at` timestamp NOT NULL DEFAULT CURRENT_TIMESTAMP,
  `modified_by` int(11) DEFAULT NULL,
  `modified_at` timestamp NULL DEFAULT NULL,
  `deleted_at` timestamp NULL DEFAULT '0000-00-00 00:00:00',
  PRIMARY KEY (`user_id`),
  KEY `FK_co_user_profile_tenant` (`tenant_id`)
) ENGINE=InnoDB AUTO_INCREMENT=74 DEFAULT CHARSET=latin1;

/*Data for the table `co_user` */

insert  into `co_user`(`user_id`,`tenant_id`,`org_id`,`title_code`,`name`,`designation`,`address`,`city_id`,`state_id`,`zip`,`country_id`,`contact1`,`contact2`,`mobile`,`email`,`speciality_id`,`care_provider`,`status`,`created_by`,`created_at`,`modified_by`,`modified_at`,`deleted_at`) values (51,0,7,'Dr.','Vikhram','Doctor','Anna Nagar',1,8,'625008',7,NULL,NULL,'8989898989','vikhram@ahana.com',NULL,'0','1',-1,'2016-02-02 22:26:38',-1,'2016-02-02 22:26:38','0000-00-00 00:00:00'),(52,59,0,'Miss.','Gayatri','HR','Byepass',1,8,'625010',7,NULL,NULL,'7878787878','gayatri@ark.com',NULL,'0','1',-1,'2016-02-02 22:43:11',-1,'2016-02-04 05:55:51','0000-00-00 00:00:00'),(53,58,0,'Mr.','Gayatri','HR','11231',1,8,'1231231',7,NULL,NULL,'1121212','gayatri@gmail.com',NULL,'0','1',51,'2016-02-03 01:04:06',51,'2016-02-03 01:04:06','0000-00-00 00:00:00'),(54,58,0,'Dr.','John','Doctor','abc',1,8,'123123',7,NULL,NULL,'123123','john@a.com',NULL,'1','1',51,'2016-02-04 07:06:51',51,'2016-02-05 22:58:11','0000-00-00 00:00:00'),(55,58,0,'Mr.','sadasd','asdasd','asasd',1,8,'123123',7,NULL,NULL,'123123123','a@abc.com',NULL,'0','1',51,'2016-02-04 07:29:11',51,'2016-02-04 07:29:11','0000-00-00 00:00:00'),(56,58,0,'Dr.','Surya','Doctor','abc',1,8,'234234',7,NULL,NULL,'123123123','surya@gmail.com',1,'1','1',51,'2016-02-05 22:50:38',51,'2016-02-06 02:23:28','0000-00-00 00:00:00'),(57,58,0,'Mr.','2341234','sdf','sdfsdf',1,8,'12341234',7,'2341234','1234','2341234','sadfsad@asdf.com',1,'0','1',51,'2016-02-15 06:48:47',51,'2016-02-15 06:48:47','0000-00-00 00:00:00'),(58,58,0,'Mrs.','Jo','Doctor','sdfa',4,10,'123123',11,'123','123','123','dg@adf.com',1,'1','1',51,'2016-02-15 07:14:24',51,'2016-02-15 07:14:24','0000-00-00 00:00:00'),(59,60,0,'Miss.','Gayatri','doctor','12341243',1,8,'2341234',7,NULL,NULL,'1342134','g@abc.com',NULL,'0','1',-1,'2016-02-17 06:28:38',-1,'2016-02-17 06:28:38','0000-00-00 00:00:00'),(60,60,0,'Dr.','Gayatri','doctor','park st.',1,8,'12341234',7,NULL,NULL,'1342134234','g@yopmail.com',3,'1','1',59,'2016-02-17 06:32:40',59,'2016-02-18 03:08:22','0000-00-00 00:00:00'),(61,60,0,'Dr.','Sagar','Doctor','sfsdfa',1,8,'12123',7,NULL,NULL,'12313','abc@gmail.com',3,'1','1',59,'2016-02-18 00:59:09',59,'2016-02-18 00:59:09','0000-00-00 00:00:00'),(62,58,0,'Mr.','Prakash','ARK','test test',1,8,'625002',7,NULL,NULL,'9555652154','prakash.paramanandam@arkinfotec.com',NULL,'0','1',51,'2016-02-19 07:08:10',51,'2016-02-19 07:08:10','0000-00-00 00:00:00'),(63,58,0,'Mr.','Nadesh','ARK','asdasdsa',1,8,'625010',7,NULL,NULL,'12312312323','nadesh@arkinfotec.com',NULL,'0','1',51,'2016-02-19 07:08:55',51,'2016-02-19 07:08:55','0000-00-00 00:00:00'),(64,60,0,'Dr.','Jessi','Doctor','aaa',1,8,'123123',7,NULL,NULL,'1231231231','jess@abc.com',2,'1','1',59,'2016-02-19 07:29:45',59,'2016-02-19 07:29:45','0000-00-00 00:00:00'),(65,60,0,'Dr.','Neeraj','Doctor','abcd',4,10,'121212',11,NULL,NULL,'1231231231','neeraj@gmail.com',4,'1','1',59,'2016-02-19 07:30:54',59,'2016-02-19 07:52:43','0000-00-00 00:00:00'),(66,60,0,'Mr.','Prakash Arulmani','ARK','test test',1,8,'952021',7,NULL,NULL,'9569562512','prakash@gmail.com',NULL,'0','1',59,'2016-02-20 05:10:04',59,'2016-02-20 05:10:04','0000-00-00 00:00:00'),(67,61,0,'Mrs.','Paramesh','Testor','test',1,8,'33434',7,NULL,NULL,'9789654321','parames.31390@gmail.com',NULL,'0','1',-1,'2016-02-21 23:16:05',-1,'2016-02-27 06:07:08','0000-00-00 00:00:00'),(68,61,0,'Dr.','Vikhram Vikhram  Vikhram  Vikhram  Vikhram  Vikh','psychiatrist','test',1,8,'625001',7,NULL,NULL,'9876543210','vikhram@ahanahospitals.in',11,'1','1',67,'2016-02-21 23:25:03',67,'2016-02-27 07:46:51','0000-00-00 00:00:00'),(69,61,0,'Dr.','CRS','Phychartist','test',1,8,'62555',7,NULL,NULL,'9876543210','CRS@ahana.in',11,'1','1',67,'2016-02-25 02:19:05',67,'2016-02-25 02:19:05','0000-00-00 00:00:00'),(70,61,0,'Dr.','Panjanathan','GMO','asdfasd',1,8,'322',7,NULL,NULL,'343343434','test@test.coo',12,'1','1',67,'2016-02-27 07:40:49',67,'2016-02-27 07:40:49','0000-00-00 00:00:00'),(71,61,0,'Dr.','Raja Raja Raja Raja Raja Raja Raja Raja Raja','DMO','test',1,8,'34343',7,NULL,NULL,'03934030','raja@ahana.in',11,'1','1',67,'2016-02-27 07:42:02',67,'2016-02-27 07:45:35','0000-00-00 00:00:00'),(72,61,0,'Dr.','Gopi Gopi Gopi Gopi Gopi Gopi Gopi','Counseller','DFDFD',1,8,'34',7,NULL,NULL,'344','gopi@ahana.in',11,'1','1',67,'2016-02-27 07:42:51',67,'2016-02-27 07:44:37','0000-00-00 00:00:00'),(73,62,0,'Mrs.','Paramesh','testor','34343',5,8,'343434',7,NULL,NULL,'3434343434','test@test.com',NULL,'0','1',-1,'2016-02-29 02:00:01',-1,'2016-02-29 02:00:01','0000-00-00 00:00:00');

/*Table structure for table `co_users_roles` */

DROP TABLE IF EXISTS `co_users_roles`;

CREATE TABLE `co_users_roles` (
  `user_role_id` int(11) NOT NULL AUTO_INCREMENT,
  `tenant_id` int(11) NOT NULL,
  `user_id` int(11) NOT NULL,
  `role_id` int(11) NOT NULL,
  `created_by` int(11) NOT NULL,
  `created_at` timestamp NOT NULL DEFAULT CURRENT_TIMESTAMP,
  `modified_by` int(11) DEFAULT NULL,
  `modified_at` timestamp NULL DEFAULT NULL,
  PRIMARY KEY (`user_role_id`),
  KEY `FK_co_user_roles` (`user_id`),
  KEY `FK_co_user_roles_role` (`role_id`),
  KEY `FK_co_user_roles_tenant` (`tenant_id`),
  CONSTRAINT `FK_co_user_roles` FOREIGN KEY (`user_id`) REFERENCES `co_user` (`user_id`) ON DELETE CASCADE ON UPDATE CASCADE,
  CONSTRAINT `FK_co_user_roles_role` FOREIGN KEY (`role_id`) REFERENCES `co_role` (`role_id`) ON DELETE CASCADE ON UPDATE CASCADE
) ENGINE=InnoDB AUTO_INCREMENT=41 DEFAULT CHARSET=latin1;

/*Data for the table `co_users_roles` */

insert  into `co_users_roles`(`user_role_id`,`tenant_id`,`user_id`,`role_id`,`created_by`,`created_at`,`modified_by`,`modified_at`) values (1,58,51,64,-1,'2016-02-02 22:26:39',NULL,NULL),(2,59,52,65,-1,'2016-02-02 22:43:12',NULL,NULL),(3,58,53,66,0,'2016-02-04 07:03:39',51,'2016-02-04 07:03:39'),(4,58,56,66,0,'2016-02-05 22:59:29',51,'2016-02-05 22:59:29'),(5,60,59,69,-1,'2016-02-17 06:28:39',NULL,NULL),(6,58,62,66,0,'2016-02-19 07:09:22',51,'2016-02-19 07:09:22'),(7,58,62,67,0,'2016-02-19 07:09:22',51,'2016-02-19 07:09:22'),(8,58,62,68,0,'2016-02-19 07:09:22',51,'2016-02-19 07:09:22'),(9,58,63,66,0,'2016-02-19 07:09:27',51,'2016-02-19 07:09:27'),(10,58,63,67,0,'2016-02-19 07:09:27',51,'2016-02-19 07:09:27'),(11,58,63,68,0,'2016-02-19 07:09:27',51,'2016-02-19 07:09:27'),(12,60,60,74,0,'2016-02-19 07:32:09',59,'2016-02-19 07:32:09'),(13,60,60,84,0,'2016-02-19 07:32:09',59,'2016-02-19 07:32:09'),(14,60,61,90,0,'2016-02-19 07:32:17',59,'2016-02-19 07:32:17'),(15,60,61,81,0,'2016-02-19 07:32:17',59,'2016-02-19 07:32:17'),(16,60,64,79,0,'2016-02-19 07:32:22',59,'2016-02-19 07:32:22'),(17,60,65,89,0,'2016-02-19 07:32:30',59,'2016-02-19 07:32:30'),(18,60,65,88,0,'2016-02-19 07:32:30',59,'2016-02-19 07:32:30'),(19,60,65,82,0,'2016-02-19 07:32:30',59,'2016-02-19 07:32:30'),(20,60,66,81,0,'2016-02-20 05:10:50',59,'2016-02-20 05:10:50'),(21,60,66,90,0,'2016-02-20 05:10:50',59,'2016-02-20 05:10:50'),(22,60,66,73,0,'2016-02-20 05:10:50',59,'2016-02-20 05:10:50'),(23,60,66,84,0,'2016-02-20 05:10:50',59,'2016-02-20 05:10:50'),(24,60,66,74,0,'2016-02-20 05:10:50',59,'2016-02-20 05:10:50'),(25,60,66,89,0,'2016-02-20 05:10:50',59,'2016-02-20 05:10:50'),(26,60,66,79,0,'2016-02-20 05:10:50',59,'2016-02-20 05:10:50'),(27,60,66,87,0,'2016-02-20 05:10:50',59,'2016-02-20 05:10:50'),(28,60,66,86,0,'2016-02-20 05:10:50',59,'2016-02-20 05:10:50'),(29,60,66,82,0,'2016-02-20 05:10:50',59,'2016-02-20 05:10:50'),(30,60,66,72,0,'2016-02-20 05:10:50',59,'2016-02-20 05:10:50'),(31,60,66,88,0,'2016-02-20 05:10:50',59,'2016-02-20 05:10:50'),(32,61,67,91,-1,'2016-02-21 23:16:05',NULL,NULL),(33,62,73,93,-1,'2016-02-29 02:00:02',NULL,NULL),(39,58,58,96,0,'2016-05-18 16:24:34',51,'2016-05-18 16:24:34'),(40,58,54,96,0,'2016-05-18 16:25:43',51,'2016-05-18 16:25:43');

/*Table structure for table `co_ward` */

DROP TABLE IF EXISTS `co_ward`;

CREATE TABLE `co_ward` (
  `ward_id` int(11) NOT NULL AUTO_INCREMENT,
  `tenant_id` int(11) NOT NULL,
  `floor_id` int(11) NOT NULL,
  `ward_name` varchar(50) NOT NULL,
  `status` enum('0','1') DEFAULT '1',
  `created_by` int(11) NOT NULL,
  `created_at` timestamp NOT NULL DEFAULT CURRENT_TIMESTAMP,
  `modified_by` int(11) DEFAULT NULL,
  `modified_at` timestamp NULL DEFAULT NULL,
  `deleted_at` timestamp NULL DEFAULT '0000-00-00 00:00:00',
  PRIMARY KEY (`ward_id`),
  UNIQUE KEY `WardNameUnique` (`tenant_id`,`ward_name`,`floor_id`),
  KEY `FK_co_ward_floor` (`floor_id`),
  CONSTRAINT `FK_co_ward_floor` FOREIGN KEY (`floor_id`) REFERENCES `co_floor` (`floor_id`) ON DELETE CASCADE ON UPDATE CASCADE,
  CONSTRAINT `FK_co_ward_tenant` FOREIGN KEY (`tenant_id`) REFERENCES `co_tenant` (`tenant_id`) ON DELETE CASCADE ON UPDATE CASCADE
) ENGINE=InnoDB AUTO_INCREMENT=20 DEFAULT CHARSET=latin1;

/*Data for the table `co_ward` */

insert  into `co_ward`(`ward_id`,`tenant_id`,`floor_id`,`ward_name`,`status`,`created_by`,`created_at`,`modified_by`,`modified_at`,`deleted_at`) values (8,58,7,'100','1',51,'2016-02-04 07:16:14',51,'2016-02-04 07:16:14','0000-00-00 00:00:00'),(9,58,8,'201','1',51,'2016-02-04 07:16:24',51,'2016-02-04 07:16:24','0000-00-00 00:00:00'),(10,58,9,'301','1',51,'2016-02-04 07:16:34',51,'2016-02-04 07:16:34','0000-00-00 00:00:00'),(11,58,8,'301','1',51,'2016-02-15 06:37:18',51,'2016-02-15 06:37:18','0000-00-00 00:00:00'),(12,60,16,'G1','1',59,'2016-02-20 01:14:02',59,'2016-02-20 01:14:02','0000-00-00 00:00:00'),(13,60,17,'F1','1',59,'2016-02-20 01:14:42',59,'2016-02-20 01:14:54','0000-00-00 00:00:00'),(14,60,18,'S1','1',59,'2016-02-20 01:15:07',59,'2016-02-20 01:15:07','0000-00-00 00:00:00'),(15,61,19,'ward1','1',67,'2016-02-23 04:43:00',67,'2016-02-23 04:43:00','0000-00-00 00:00:00'),(16,61,19,'Ward2','1',67,'2016-02-23 04:43:12',67,'2016-02-23 04:43:12','0000-00-00 00:00:00'),(17,61,19,'Ward3','1',67,'2016-02-23 04:43:25',67,'2016-02-23 04:43:25','0000-00-00 00:00:00'),(18,61,20,'Ward4','0',67,'2016-02-23 04:43:38',67,'2016-02-23 04:43:38','0000-00-00 00:00:00'),(19,61,20,'ward5','1',67,'2016-02-23 04:44:07',67,'2016-02-23 04:44:07','0000-00-00 00:00:00');

/*Table structure for table `pat_admission` */

DROP TABLE IF EXISTS `pat_admission`;

CREATE TABLE `pat_admission` (
  `admn_id` int(11) NOT NULL AUTO_INCREMENT,
  `tenant_id` int(11) NOT NULL,
  `patient_id` int(11) NOT NULL,
  `encounter_id` int(11) NOT NULL,
  `status_date` timestamp NOT NULL DEFAULT '0000-00-00 00:00:00',
  `consultant_id` int(11) NOT NULL,
  `floor_id` int(11) NOT NULL,
  `ward_id` int(11) NOT NULL,
  `room_id` int(11) NOT NULL,
  `room_type_id` int(11) NOT NULL,
  `admission_status` varchar(2) NOT NULL DEFAULT 'A' COMMENT 'A - Admission, D-Discharge, TD- Transfer Doctor, TR - Transfer Room, C - Cancelled, CD - Clinical Discharge',
  `status` enum('0','1') DEFAULT '1',
  `notes` text,
  `is_swap` smallint(6) DEFAULT '0',
  `created_by` int(11) NOT NULL,
  `created_at` timestamp NOT NULL DEFAULT CURRENT_TIMESTAMP,
  `modified_by` int(11) DEFAULT NULL,
  `modified_at` timestamp NULL DEFAULT NULL,
  `deleted_at` timestamp NULL DEFAULT '0000-00-00 00:00:00',
  PRIMARY KEY (`admn_id`),
  KEY `FK_pat_admission_tenant` (`tenant_id`),
  KEY `FK_pat_admission_patient` (`patient_id`),
  KEY `FK_pat_admission_encounter` (`encounter_id`),
  CONSTRAINT `FK_pat_admission_encounter` FOREIGN KEY (`encounter_id`) REFERENCES `pat_encounter` (`encounter_id`) ON DELETE CASCADE ON UPDATE CASCADE,
  CONSTRAINT `FK_pat_admission_patient` FOREIGN KEY (`patient_id`) REFERENCES `pat_patient` (`patient_id`) ON DELETE CASCADE ON UPDATE CASCADE,
  CONSTRAINT `FK_pat_admission_tenant` FOREIGN KEY (`tenant_id`) REFERENCES `co_tenant` (`tenant_id`) ON DELETE CASCADE ON UPDATE CASCADE
) ENGINE=InnoDB AUTO_INCREMENT=289 DEFAULT CHARSET=latin1;

/*Data for the table `pat_admission` */

insert  into `pat_admission`(`admn_id`,`tenant_id`,`patient_id`,`encounter_id`,`status_date`,`consultant_id`,`floor_id`,`ward_id`,`room_id`,`room_type_id`,`admission_status`,`status`,`notes`,`is_swap`,`created_by`,`created_at`,`modified_by`,`modified_at`,`deleted_at`) values (156,58,26,100,'2016-03-15 19:57:56',54,7,8,12,12,'A','1',NULL,0,51,'2016-03-15 19:58:07',51,'2016-03-15 19:58:07','0000-00-00 00:00:00'),(157,58,39,101,'2016-03-15 19:58:11',54,7,8,11,9,'A','1',NULL,0,51,'2016-03-15 19:58:21',51,'2016-03-15 19:58:21','0000-00-00 00:00:00'),(158,58,39,101,'2016-03-15 19:58:51',54,7,8,12,9,'C','0','Room swapping Cancelled',1,51,'2016-03-15 19:58:29',10,'2016-03-15 19:58:51','2016-03-15 19:58:51'),(159,58,26,100,'2016-03-15 15:28:51',54,7,8,11,12,'C','0','Room Swapping cancelled',1,51,'2016-03-15 19:58:29',10,'2016-03-15 19:58:51','2016-03-15 19:58:51'),(160,58,39,101,'2016-03-15 20:04:22',56,7,8,11,9,'C','0','',0,51,'2016-03-15 19:59:42',10,'2016-03-15 20:04:22','2016-03-15 20:04:23'),(161,58,39,101,'2016-03-17 10:51:40',54,7,8,11,9,'D','1',NULL,0,51,'2016-03-17 10:51:41',51,'2016-03-17 10:51:41','0000-00-00 00:00:00'),(162,58,39,105,'2016-03-17 11:25:30',54,7,8,11,9,'A','1',NULL,0,51,'2016-03-17 11:26:25',51,'2016-03-17 11:26:25','0000-00-00 00:00:00'),(163,58,39,105,'2016-03-17 11:26:33',56,7,8,11,9,'TD','1',NULL,0,51,'2016-03-17 11:26:37',51,'2016-03-17 11:26:37','0000-00-00 00:00:00'),(164,58,39,105,'2016-03-17 11:26:42',56,8,9,10,10,'TR','1',NULL,0,51,'2016-03-17 11:26:50',51,'2016-03-17 11:26:50','0000-00-00 00:00:00'),(165,58,39,105,'2016-03-17 11:43:47',56,7,8,11,9,'TR','1',NULL,0,51,'2016-03-17 11:43:54',51,'2016-03-17 11:43:54','0000-00-00 00:00:00'),(166,58,39,105,'2016-03-17 11:44:43',56,7,8,11,9,'D','1',NULL,0,51,'2016-03-17 11:44:45',51,'2016-03-17 11:44:45','0000-00-00 00:00:00'),(167,58,26,100,'2016-03-17 15:26:00',54,7,8,9,11,'C','0','Transfer (Room) Cancelled',0,51,'2016-03-17 15:25:48',10,'2016-03-17 15:26:00','2016-03-17 15:26:00'),(168,58,26,100,'2016-03-17 15:26:17',58,7,8,12,12,'C','0','Transfer (Doctor) Cancelled',0,51,'2016-03-17 15:26:11',10,'2016-03-17 15:26:18','2016-03-17 15:26:18'),(169,58,26,100,'2016-03-17 15:45:10',54,7,8,11,10,'C','0','Transfer (Room) Cancelled',0,51,'2016-03-17 15:45:04',10,'2016-03-17 15:45:10','2016-03-17 15:45:10'),(170,58,26,100,'2016-03-17 15:45:37',56,7,8,12,12,'C','0','Transfer (Doctor) Cancelled',0,51,'2016-03-17 15:45:19',10,'2016-03-17 15:45:37','2016-03-17 15:45:37'),(171,58,40,108,'2016-03-21 15:57:23',54,7,8,11,10,'A','1',NULL,0,51,'2016-03-21 15:57:41',51,'2016-03-21 15:57:41','0000-00-00 00:00:00'),(172,58,40,108,'2016-03-25 16:06:37',54,7,8,11,10,'D','1',NULL,0,51,'2016-03-25 16:12:28',51,'2016-03-25 16:12:28','0000-00-00 00:00:00'),(173,58,40,108,'2016-03-25 16:06:37',54,7,8,11,10,'D','1',NULL,0,51,'2016-03-25 16:13:51',51,'2016-03-25 16:13:51','0000-00-00 00:00:00'),(174,58,40,108,'2016-03-25 16:06:37',54,7,8,11,10,'D','1',NULL,0,51,'2016-03-25 16:15:53',51,'2016-03-25 16:15:53','0000-00-00 00:00:00'),(175,58,40,108,'2016-03-25 16:06:37',54,7,8,11,10,'D','1',NULL,0,51,'2016-03-25 16:19:37',51,'2016-03-25 16:19:37','0000-00-00 00:00:00'),(176,58,40,108,'2016-03-25 16:06:37',54,7,8,11,10,'D','1',NULL,0,51,'2016-03-25 16:23:04',51,'2016-03-25 16:23:04','0000-00-00 00:00:00'),(182,58,40,114,'2016-03-25 16:29:39',54,7,8,11,9,'A','1',NULL,0,51,'2016-03-25 16:31:10',51,'2016-03-25 16:31:10','0000-00-00 00:00:00'),(183,58,40,114,'2016-03-25 18:53:05',54,7,8,12,12,'C','0','Transfer (Room) Cancelled',0,51,'2016-03-25 16:53:32',51,'2016-03-25 18:53:05','0000-00-00 00:00:00'),(184,58,40,114,'2016-03-26 12:07:10',54,7,8,9,9,'C','0','Transfer (Room) Cancelled',0,51,'2016-03-26 11:55:54',10,'2016-03-26 12:07:10','2016-03-26 12:07:11'),(185,58,40,114,'2016-03-26 15:39:10',54,7,8,11,9,'D','1',NULL,0,51,'2016-03-26 15:39:12',51,'2016-03-26 15:39:12','0000-00-00 00:00:00'),(186,58,40,115,'2016-03-26 15:39:15',54,7,8,11,9,'A','1',NULL,0,51,'2016-03-26 15:39:46',51,'2016-03-26 15:39:46','0000-00-00 00:00:00'),(187,58,40,115,'2016-03-26 15:40:55',54,7,8,11,9,'D','1',NULL,0,51,'2016-03-26 15:40:56',51,'2016-03-26 15:40:56','0000-00-00 00:00:00'),(188,58,40,116,'2016-03-26 15:41:01',54,7,8,11,9,'A','1',NULL,0,51,'2016-03-26 15:41:11',51,'2016-03-26 15:41:11','0000-00-00 00:00:00'),(189,58,40,116,'2016-03-26 15:41:31',54,7,8,11,9,'D','1',NULL,0,51,'2016-03-26 15:41:33',51,'2016-03-26 15:41:33','0000-00-00 00:00:00'),(190,58,40,117,'2016-03-26 15:41:42',54,7,8,11,9,'A','1',NULL,0,51,'2016-03-26 15:42:24',51,'2016-03-26 15:42:24','0000-00-00 00:00:00'),(191,58,40,117,'2016-03-26 15:43:41',54,7,8,11,9,'D','1','aa ddd eee',0,51,'2016-03-26 15:43:48',51,'2016-03-26 15:43:48','0000-00-00 00:00:00'),(192,58,40,118,'2016-03-26 15:43:54',54,7,8,11,10,'A','1',NULL,0,51,'2016-03-26 15:44:29',51,'2016-03-26 15:44:29','0000-00-00 00:00:00'),(193,58,40,118,'2016-03-26 16:03:49',54,7,8,11,10,'D','1',NULL,0,51,'2016-03-26 16:03:50',51,'2016-03-26 16:03:50','0000-00-00 00:00:00'),(194,58,40,119,'2016-03-24 00:25:00',54,7,8,11,10,'A','1',NULL,0,51,'2016-03-26 16:04:16',51,'2016-03-26 16:04:16','0000-00-00 00:00:00'),(201,58,40,119,'2016-03-25 16:36:18',54,7,8,9,10,'TR','1',NULL,0,51,'2016-03-26 16:36:29',51,'2016-03-26 16:36:29','0000-00-00 00:00:00'),(202,58,40,119,'2016-03-26 17:17:43',54,7,8,9,10,'D','1',NULL,0,51,'2016-03-26 17:17:45',51,'2016-03-26 17:17:45','0000-00-00 00:00:00'),(203,58,40,120,'2016-03-24 09:25:00',54,7,8,11,10,'A','1',NULL,0,51,'2016-03-26 17:18:31',51,'2016-03-26 17:18:31','0000-00-00 00:00:00'),(204,58,40,120,'2016-03-26 17:39:50',54,7,8,9,13,'C','0','Transfer (Room) Cancelled',0,51,'2016-03-26 17:18:59',10,'2016-03-26 17:39:51','2016-03-26 17:39:51'),(206,58,40,120,'2016-03-26 17:42:10',54,7,8,11,10,'D','1',NULL,0,51,'2016-03-26 17:42:12',51,'2016-03-26 17:42:12','0000-00-00 00:00:00'),(207,58,40,121,'2016-03-24 01:25:00',54,7,8,12,13,'A','1',NULL,0,51,'2016-03-26 17:42:46',51,'2016-03-26 17:42:46','0000-00-00 00:00:00'),(208,58,40,121,'2016-03-26 17:44:12',54,7,8,11,11,'C','0','Transfer (Room) Cancelled',0,51,'2016-03-26 17:43:09',10,'2016-03-26 17:44:12','2016-03-26 17:44:12'),(209,58,40,121,'2016-03-26 17:43:54',54,7,8,12,10,'C','0','Transfer (Room) Cancelled',0,51,'2016-03-26 17:43:33',10,'2016-03-26 17:43:54','2016-03-26 17:43:54'),(210,58,40,121,'2016-03-29 13:21:01',54,7,8,11,9,'TR','1',NULL,0,51,'2016-03-29 13:21:08',51,'2016-03-29 13:21:08','0000-00-00 00:00:00'),(211,58,40,121,'2016-03-29 13:35:37',54,7,8,11,9,'D','1','Patient Discharged',0,51,'2016-03-29 13:35:47',51,'2016-03-29 13:35:47','0000-00-00 00:00:00'),(212,58,42,126,'2016-03-29 15:52:13',54,7,8,12,12,'A','1',NULL,0,51,'2016-03-29 15:52:25',51,'2016-03-29 15:52:25','0000-00-00 00:00:00'),(213,58,42,126,'2016-03-29 15:53:46',54,7,8,11,9,'C','0','Transfer (Room) Cancelled',0,51,'2016-03-29 15:53:28',10,'2016-03-29 15:53:46','2016-03-29 15:53:47'),(214,58,42,126,'2016-03-29 15:53:57',54,7,8,12,12,'D','1',NULL,0,51,'2016-03-29 15:53:58',51,'2016-03-29 15:53:58','0000-00-00 00:00:00'),(215,58,42,127,'2016-03-29 15:54:37',54,7,8,11,10,'A','1',NULL,0,51,'2016-03-29 15:55:05',51,'2016-03-29 15:55:05','0000-00-00 00:00:00'),(216,58,42,127,'2016-03-29 18:40:33',54,7,8,11,10,'D','1',NULL,0,51,'2016-03-29 18:40:35',51,'2016-03-29 18:40:35','0000-00-00 00:00:00'),(217,58,42,129,'2016-03-29 19:04:50',54,7,8,12,10,'A','1',NULL,0,51,'2016-03-29 19:05:00',51,'2016-03-29 19:05:00','0000-00-00 00:00:00'),(218,58,42,129,'2016-03-29 19:05:29',54,7,8,12,10,'D','1',NULL,0,51,'2016-03-29 19:05:32',51,'2016-03-29 19:05:32','0000-00-00 00:00:00'),(219,58,42,131,'2016-03-29 19:30:28',54,7,8,12,12,'A','1',NULL,0,51,'2016-03-29 19:30:41',51,'2016-03-29 19:30:41','0000-00-00 00:00:00'),(220,58,42,131,'2016-03-29 19:32:02',54,7,8,12,12,'D','1',NULL,0,51,'2016-03-29 19:32:04',51,'2016-03-29 19:32:04','0000-00-00 00:00:00'),(221,58,40,133,'2016-03-29 19:36:45',54,7,8,12,12,'A','1',NULL,0,51,'2016-03-29 19:36:52',51,'2016-03-29 19:36:52','0000-00-00 00:00:00'),(222,58,40,133,'2016-03-31 16:48:15',54,7,8,12,12,'D','1','Discharged',0,51,'2016-03-31 16:48:22',51,'2016-03-31 16:48:22','0000-00-00 00:00:00'),(223,58,40,136,'2016-03-31 15:17:15',54,7,8,12,12,'A','1',NULL,0,51,'2016-04-01 15:17:29',51,'2016-04-01 15:17:29','0000-00-00 00:00:00'),(224,58,40,136,'2016-04-01 15:21:11',54,7,8,11,12,'TR','1',NULL,0,51,'2016-04-01 15:21:20',51,'2016-04-01 15:21:20','0000-00-00 00:00:00'),(225,58,40,136,'2016-04-01 15:21:31',54,7,8,9,9,'TR','1',NULL,0,51,'2016-04-01 15:21:38',51,'2016-04-01 15:21:38','0000-00-00 00:00:00'),(226,58,40,136,'2016-04-01 15:22:10',54,7,8,9,9,'D','1',NULL,0,51,'2016-04-01 15:22:12',51,'2016-04-01 15:22:12','0000-00-00 00:00:00'),(227,58,40,137,'2016-03-31 13:05:00',54,7,8,12,12,'A','1',NULL,0,51,'2016-04-01 15:22:35',51,'2016-04-01 15:22:35','0000-00-00 00:00:00'),(228,58,40,137,'2016-04-01 15:25:03',54,7,8,12,12,'D','1',NULL,0,51,'2016-04-01 15:25:05',51,'2016-04-01 15:25:05','0000-00-00 00:00:00'),(229,58,40,138,'2016-03-31 02:05:00',54,7,8,12,9,'A','1',NULL,0,51,'2016-04-01 15:25:21',51,'2016-04-01 15:25:21','0000-00-00 00:00:00'),(230,58,40,138,'2016-04-01 16:07:54',54,7,8,12,9,'D','1','aa dd vrttt',0,51,'2016-04-01 16:08:04',51,'2016-04-01 16:08:04','0000-00-00 00:00:00'),(231,58,40,139,'2016-03-31 06:30:00',54,8,9,10,10,'A','1',NULL,0,51,'2016-04-01 16:08:31',51,'2016-04-01 16:08:31','0000-00-00 00:00:00'),(232,58,40,139,'2016-04-01 17:05:44',54,8,9,10,10,'D','1',NULL,0,51,'2016-04-01 17:05:46',51,'2016-04-01 17:05:46','0000-00-00 00:00:00'),(234,58,26,100,'2016-04-16 16:53:27',54,7,8,12,12,'CD','1','adsdas',0,51,'2016-04-16 16:53:31',51,'2016-04-16 16:53:31','0000-00-00 00:00:00'),(238,58,21,142,'2016-04-16 18:00:13',54,7,8,11,9,'A','1',NULL,0,51,'2016-04-16 18:00:27',51,'2016-04-16 18:00:27','0000-00-00 00:00:00'),(239,58,21,142,'2016-04-16 18:07:34',54,7,8,9,10,'TR','1',NULL,0,51,'2016-04-16 18:07:43',51,'2016-04-16 18:07:43','0000-00-00 00:00:00'),(240,58,21,142,'2016-04-16 18:08:07',54,7,8,9,10,'CD','1','Dischargesd',0,51,'2016-04-16 18:08:15',51,'2016-04-16 18:08:15','0000-00-00 00:00:00'),(242,58,21,142,'2016-04-16 18:10:46',54,7,8,9,10,'D','1',NULL,0,51,'2016-04-16 18:10:46',51,'2016-04-16 18:10:46','0000-00-00 00:00:00'),(243,58,25,143,'2016-04-18 10:24:30',54,7,8,11,9,'A','1',NULL,0,51,'2016-04-18 10:24:46',51,'2016-04-18 10:24:46','0000-00-00 00:00:00'),(244,58,25,143,'2016-04-18 10:24:58',54,7,8,9,13,'TR','1',NULL,0,51,'2016-04-18 10:25:05',51,'2016-04-18 10:25:05','0000-00-00 00:00:00'),(245,58,25,143,'2016-04-18 10:25:30',54,7,8,9,13,'CD','1','Clinical',0,51,'2016-04-18 10:25:39',51,'2016-04-18 10:25:39','0000-00-00 00:00:00'),(246,58,25,143,'2016-04-18 10:26:14',54,7,8,9,13,'D','1',NULL,0,51,'2016-04-18 10:26:14',51,'2016-04-18 10:26:14','0000-00-00 00:00:00'),(247,58,21,144,'2016-04-18 13:53:00',56,7,8,11,9,'A','1',NULL,0,51,'2016-04-18 13:53:14',51,'2016-04-18 13:53:14','0000-00-00 00:00:00'),(248,58,27,145,'2016-04-17 09:45:00',54,7,8,9,10,'A','1',NULL,0,51,'2016-04-18 16:14:56',51,'2016-04-18 16:14:56','0000-00-00 00:00:00'),(249,58,27,145,'2016-04-18 17:27:01',54,7,8,9,10,'CD','1',NULL,0,51,'2016-04-18 17:27:03',51,'2016-04-18 17:27:03','0000-00-00 00:00:00'),(250,58,21,144,'2016-04-19 12:11:01',56,7,8,11,9,'CD','1','Testing...',0,51,'2016-04-19 12:11:17',51,'2016-04-19 12:11:17','0000-00-00 00:00:00'),(251,58,39,146,'2016-04-20 19:07:57',54,7,8,17,11,'A','1',NULL,0,51,'2016-04-20 19:08:08',51,'2016-04-20 19:08:08','0000-00-00 00:00:00'),(252,58,39,146,'2016-04-21 10:58:11',54,7,8,17,11,'CD','1','AASSSASA',0,51,'2016-04-21 10:58:16',51,'2016-04-21 10:58:16','0000-00-00 00:00:00'),(253,58,39,146,'2016-04-21 12:14:13',54,7,8,17,11,'D','1',NULL,0,51,'2016-04-21 12:14:13',51,'2016-04-21 12:14:13','0000-00-00 00:00:00'),(254,58,39,147,'2016-04-21 12:14:25',54,7,8,17,10,'A','1',NULL,0,51,'2016-04-21 12:15:07',51,'2016-04-21 12:15:07','0000-00-00 00:00:00'),(255,58,39,147,'2016-04-21 12:16:20',54,7,8,17,10,'CD','1','aaaddd ddaasd',0,51,'2016-04-21 12:16:25',51,'2016-04-21 12:16:25','0000-00-00 00:00:00'),(256,58,39,147,'2016-04-21 12:16:54',54,7,8,17,10,'D','1',NULL,0,51,'2016-04-21 12:16:54',51,'2016-04-21 12:16:54','0000-00-00 00:00:00'),(257,58,39,148,'2016-04-20 00:50:00',54,7,8,17,10,'A','1',NULL,0,51,'2016-04-21 12:17:23',51,'2016-04-21 12:17:23','0000-00-00 00:00:00'),(258,58,39,148,'2016-04-21 12:18:17',54,8,9,10,10,'TR','1','aaaddd ddaasd',0,51,'2016-04-21 12:18:46',51,'2016-04-21 12:18:46','0000-00-00 00:00:00'),(259,58,21,144,'2016-04-27 12:52:44',56,7,8,11,9,'D','1',NULL,0,51,'2016-04-27 12:52:44',51,'2016-04-27 12:52:44','0000-00-00 00:00:00'),(260,58,39,148,'2016-05-02 16:27:24',54,8,9,10,10,'CD','1','Test',0,51,'2016-05-02 16:27:28',51,'2016-05-02 16:27:28','0000-00-00 00:00:00'),(261,58,39,148,'2016-05-02 16:28:02',54,8,9,10,10,'D','1',NULL,0,51,'2016-05-02 16:28:02',51,'2016-05-02 16:28:02','0000-00-00 00:00:00'),(262,58,39,151,'2016-05-02 16:28:09',54,7,8,11,9,'A','1',NULL,0,51,'2016-05-02 16:28:27',51,'2016-05-02 16:28:27','0000-00-00 00:00:00'),(263,58,34,169,'2016-05-07 18:00:12',54,7,8,17,9,'A','1',NULL,0,51,'2016-05-07 15:34:15',51,'2016-05-07 18:00:12','0000-00-00 00:00:00'),(269,58,34,169,'2016-05-07 19:18:01',54,7,8,17,9,'AC','1','Admission Cancelled',0,51,'2016-05-07 19:18:01',51,'2016-05-07 19:18:01','0000-00-00 00:00:00'),(270,58,39,151,'2016-05-09 12:15:14',54,7,8,11,9,'AC','1','Admission Cancelled',0,51,'2016-05-09 12:15:14',51,'2016-05-09 12:15:14','0000-00-00 00:00:00'),(271,58,39,172,'2016-05-09 18:58:54',54,8,9,10,10,'A','1',NULL,0,51,'2016-05-09 18:59:08',51,'2016-05-09 18:59:08','0000-00-00 00:00:00'),(272,58,39,172,'2016-05-13 11:18:21',54,8,9,10,10,'CD','1',NULL,0,51,'2016-05-13 11:18:23',51,'2016-05-13 11:18:23','0000-00-00 00:00:00'),(273,58,23,178,'2016-05-20 11:06:14',54,7,8,37,11,'A','1',NULL,0,51,'2016-05-20 11:07:19',51,'2016-05-20 11:07:19','0000-00-00 00:00:00'),(274,58,23,178,'2016-05-20 11:07:42',54,7,8,37,11,'CD','1','add aadd',0,51,'2016-05-20 11:07:48',51,'2016-05-20 11:07:48','0000-00-00 00:00:00'),(275,58,23,178,'2016-05-20 11:08:31',54,7,8,37,11,'D','1',NULL,0,51,'2016-05-20 11:08:31',51,'2016-05-20 11:08:31','0000-00-00 00:00:00'),(276,58,23,179,'2016-05-20 11:12:39',54,7,8,37,11,'A','1',NULL,0,51,'2016-05-20 11:12:48',51,'2016-05-20 11:12:48','0000-00-00 00:00:00'),(277,58,23,179,'2016-05-20 11:12:56',54,7,8,37,11,'CD','1',NULL,0,51,'2016-05-20 11:12:57',51,'2016-05-20 11:12:57','0000-00-00 00:00:00'),(278,58,23,179,'2016-05-20 11:13:29',54,7,8,37,11,'D','1',NULL,0,51,'2016-05-20 11:13:29',51,'2016-05-20 11:13:29','0000-00-00 00:00:00'),(279,58,27,145,'2016-05-20 13:14:47',54,7,8,9,10,'D','1',NULL,0,51,'2016-05-20 13:14:47',51,'2016-05-20 13:14:47','0000-00-00 00:00:00'),(280,58,27,180,'2016-05-18 01:05:00',54,7,8,9,9,'A','1',NULL,0,51,'2016-05-20 13:37:03',51,'2016-05-20 16:22:30','0000-00-00 00:00:00'),(281,58,27,180,'2016-05-20 15:46:28',56,7,8,9,9,'C','0','Transfer (Doctor) Cancelled',0,51,'2016-05-20 15:46:19',10,'2016-05-20 15:46:28','2016-05-20 15:46:28'),(282,58,27,180,'2016-05-20 15:48:20',58,7,8,9,9,'C','0','Transfer (Doctor) Cancelled',0,51,'2016-05-20 15:48:13',10,'2016-05-20 15:48:21','2016-05-20 15:48:21'),(283,58,27,180,'2016-05-20 15:54:11',58,7,8,9,9,'C','0','Transfer (Doctor) Cancelled',0,51,'2016-05-20 15:53:56',10,'2016-05-20 15:54:11','2016-05-20 15:54:11'),(284,58,27,180,'2016-05-20 16:40:05',58,7,8,9,9,'C','0','Transfer (Doctor) Cancelled',0,51,'2016-05-20 16:26:27',10,'2016-05-20 16:40:06','2016-05-20 16:40:07'),(285,58,27,180,'2016-05-20 16:40:51',54,7,8,9,9,'AC','1','Admission Cancelled',0,51,'2016-05-20 16:40:51',51,'2016-05-20 16:40:51','0000-00-00 00:00:00'),(286,58,27,181,'2016-05-10 01:45:00',54,7,8,38,10,'A','1',NULL,0,51,'2016-05-20 16:41:03',51,'2016-05-20 16:44:34','0000-00-00 00:00:00'),(287,58,27,181,'2016-05-20 16:47:40',56,7,8,38,10,'C','0','Transfer (Doctor) Cancelled',0,51,'2016-05-20 16:47:15',10,'2016-05-20 16:47:41','2016-05-20 16:47:42'),(288,58,39,183,'2016-05-24 14:06:38',54,7,8,37,9,'A','1',NULL,0,51,'2016-05-24 14:06:51',51,'2016-05-24 14:06:51','0000-00-00 00:00:00');

/*Table structure for table `pat_alert` */

DROP TABLE IF EXISTS `pat_alert`;

CREATE TABLE `pat_alert` (
  `pat_alert_id` int(11) NOT NULL AUTO_INCREMENT,
  `tenant_id` int(11) NOT NULL,
  `alert_id` int(11) NOT NULL,
  `patient_id` int(11) NOT NULL,
  `alert_description` text NOT NULL,
  `status` enum('0','1') DEFAULT '1',
  `created_by` int(11) NOT NULL,
  `created_at` timestamp NOT NULL DEFAULT CURRENT_TIMESTAMP,
  `modified_by` int(11) DEFAULT NULL,
  `modified_at` timestamp NULL DEFAULT NULL,
  `deleted_at` timestamp NULL DEFAULT '0000-00-00 00:00:00',
  PRIMARY KEY (`pat_alert_id`),
  KEY `FK_pat_alert_tenant` (`tenant_id`),
  KEY `FK_pat_alert_alert` (`alert_id`),
  KEY `FK_pat_alert_patient` (`patient_id`),
  CONSTRAINT `FK_pat_alert_alert` FOREIGN KEY (`alert_id`) REFERENCES `co_alert` (`alert_id`) ON DELETE CASCADE ON UPDATE CASCADE,
  CONSTRAINT `FK_pat_alert_patient` FOREIGN KEY (`patient_id`) REFERENCES `pat_patient` (`patient_id`) ON DELETE CASCADE ON UPDATE CASCADE,
  CONSTRAINT `FK_pat_alert_tenant` FOREIGN KEY (`tenant_id`) REFERENCES `co_tenant` (`tenant_id`) ON DELETE CASCADE ON UPDATE CASCADE
) ENGINE=InnoDB AUTO_INCREMENT=17 DEFAULT CHARSET=latin1;

/*Data for the table `pat_alert` */

insert  into `pat_alert`(`pat_alert_id`,`tenant_id`,`alert_id`,`patient_id`,`alert_description`,`status`,`created_by`,`created_at`,`modified_by`,`modified_at`,`deleted_at`) values (7,58,1,39,'Fake 88888','1',51,'2016-03-14 15:54:18',51,'2016-04-04 13:36:01','0000-00-00 00:00:00'),(8,58,1,39,'999','1',51,'2016-03-14 15:57:22',51,'2016-04-04 13:36:13','0000-00-00 00:00:00'),(9,58,1,39,'Bad','1',51,'2016-03-14 15:58:42',51,'2016-03-14 15:58:42','0000-00-00 00:00:00'),(10,58,1,39,'Not Valid','1',51,'2016-03-14 15:59:55',51,'2016-03-14 15:59:55','0000-00-00 00:00:00'),(11,58,1,40,'Patient Alert','1',51,'2016-03-29 13:24:17',51,'2016-03-29 13:24:17','0000-00-00 00:00:00'),(12,58,1,40,'996969','1',51,'2016-04-01 18:33:49',51,'2016-04-01 18:33:49','0000-00-00 00:00:00'),(13,58,1,19,'New Alert 11','1',51,'2016-04-04 12:39:33',51,'2016-04-04 13:26:08','0000-00-00 00:00:00'),(14,58,1,19,'New New 1','1',51,'2016-04-04 12:40:16',51,'2016-04-04 13:36:31','0000-00-00 00:00:00'),(15,58,1,26,'8184848888','1',51,'2016-04-04 15:52:49',51,'2016-04-04 15:53:00','0000-00-00 00:00:00'),(16,58,6,39,'Test','1',51,'2016-04-29 11:19:23',51,'2016-04-29 11:19:23','0000-00-00 00:00:00');

/*Table structure for table `pat_appointment` */

DROP TABLE IF EXISTS `pat_appointment`;

CREATE TABLE `pat_appointment` (
  `appt_id` int(11) NOT NULL AUTO_INCREMENT,
  `tenant_id` int(11) NOT NULL,
  `patient_id` int(11) NOT NULL,
  `encounter_id` int(11) NOT NULL,
  `status_date` date NOT NULL,
  `status_time` time NOT NULL,
  `consultant_id` int(11) NOT NULL,
  `appt_status` char(1) NOT NULL,
  `status` enum('0','1') DEFAULT '1',
  `amount` decimal(10,2) DEFAULT '0.00' COMMENT 'Doctor Fee',
  `notes` text,
  `patient_cat_id` int(11) DEFAULT NULL,
  `patient_bill_type` varchar(2) DEFAULT NULL,
  `created_by` int(11) NOT NULL,
  `created_at` timestamp NOT NULL DEFAULT CURRENT_TIMESTAMP,
  `modified_by` int(11) DEFAULT NULL,
  `modified_at` timestamp NULL DEFAULT NULL,
  `deleted_at` timestamp NULL DEFAULT '0000-00-00 00:00:00',
  PRIMARY KEY (`appt_id`),
  KEY `FK_pat_appoinment_tenant` (`tenant_id`),
  KEY `FK_pat_appoinment_patient` (`patient_id`),
  KEY `FK_pat_appoinment_counter` (`encounter_id`),
  KEY `FK_pat_appoinment_user` (`consultant_id`),
  CONSTRAINT `FK_pat_appoinment_counter` FOREIGN KEY (`encounter_id`) REFERENCES `pat_encounter` (`encounter_id`) ON DELETE CASCADE ON UPDATE CASCADE,
  CONSTRAINT `FK_pat_appoinment_patient` FOREIGN KEY (`patient_id`) REFERENCES `pat_patient` (`patient_id`) ON DELETE CASCADE ON UPDATE CASCADE,
  CONSTRAINT `FK_pat_appoinment_tenant` FOREIGN KEY (`tenant_id`) REFERENCES `co_tenant` (`tenant_id`) ON DELETE CASCADE ON UPDATE CASCADE,
  CONSTRAINT `FK_pat_appoinment_user` FOREIGN KEY (`consultant_id`) REFERENCES `co_user` (`user_id`) ON DELETE CASCADE ON UPDATE CASCADE
) ENGINE=InnoDB AUTO_INCREMENT=101 DEFAULT CHARSET=latin1;

/*Data for the table `pat_appointment` */

insert  into `pat_appointment`(`appt_id`,`tenant_id`,`patient_id`,`encounter_id`,`status_date`,`status_time`,`consultant_id`,`appt_status`,`status`,`amount`,`notes`,`patient_cat_id`,`patient_bill_type`,`created_by`,`created_at`,`modified_by`,`modified_at`,`deleted_at`) values (1,58,37,102,'2016-03-16','06:05:00',54,'B','1','0.00',NULL,NULL,NULL,51,'2016-03-16 17:17:36',51,'2016-03-16 17:17:36','0000-00-00 00:00:00'),(4,58,37,102,'2016-03-16','06:05:00',54,'A','1','0.00',NULL,NULL,NULL,51,'2016-03-16 19:19:59',51,'2016-03-16 19:19:59','0000-00-00 00:00:00'),(5,58,37,102,'2016-03-16','19:24:38',54,'S','1','100.00',NULL,4,'N',51,'2016-03-16 19:24:44',51,'2016-03-16 19:24:44','0000-00-00 00:00:00'),(6,58,37,103,'2016-03-16','07:20:00',54,'B','1','0.00',NULL,NULL,NULL,51,'2016-03-16 19:25:00',51,'2016-03-16 19:25:00','0000-00-00 00:00:00'),(7,58,37,103,'2016-03-16','07:20:00',54,'A','1','0.00',NULL,NULL,NULL,51,'2016-03-16 19:25:10',51,'2016-03-16 19:25:10','0000-00-00 00:00:00'),(8,58,39,104,'2016-03-17','06:20:00',54,'B','1','0.00',NULL,NULL,NULL,51,'2016-03-17 10:55:17',51,'2016-03-17 10:55:17','0000-00-00 00:00:00'),(13,58,39,104,'2016-03-18','10:10:00',54,'A','1','0.00',NULL,NULL,NULL,51,'2016-03-17 11:13:59',51,'2016-03-17 11:13:59','0000-00-00 00:00:00'),(14,58,39,104,'2016-03-17','11:25:21',54,'S','1','100.00',NULL,4,'N',51,'2016-03-17 11:25:24',51,'2016-03-17 11:25:24','0000-00-00 00:00:00'),(15,58,39,106,'2016-03-17','06:20:00',54,'B','1','0.00',NULL,NULL,NULL,51,'2016-03-17 11:44:54',51,'2016-03-17 11:44:54','0000-00-00 00:00:00'),(16,58,39,106,'2016-03-17','06:20:00',54,'A','1','0.00',NULL,NULL,NULL,51,'2016-03-17 11:45:10',51,'2016-03-17 11:45:10','0000-00-00 00:00:00'),(17,58,39,106,'2016-03-17','11:45:42',54,'C','1','0.00',NULL,NULL,NULL,51,'2016-03-17 11:45:42',51,'2016-03-17 11:45:42','0000-00-00 00:00:00'),(18,58,39,107,'2016-03-17','06:20:00',54,'B','1','0.00',NULL,NULL,NULL,51,'2016-03-17 11:45:52',51,'2016-03-17 11:45:52','0000-00-00 00:00:00'),(19,58,39,107,'2016-03-17','06:20:00',54,'A','1','0.00',NULL,NULL,NULL,51,'2016-03-17 11:45:58',51,'2016-03-17 11:45:58','0000-00-00 00:00:00'),(20,58,39,107,'2016-03-21','11:42:05',54,'S','1','100.00',NULL,4,'N',51,'2016-03-21 11:42:07',51,'2016-03-21 11:42:07','0000-00-00 00:00:00'),(21,58,40,122,'2016-03-29','06:20:00',54,'B','1','0.00',NULL,NULL,NULL,51,'2016-03-29 13:35:57',51,'2016-03-29 13:35:57','0000-00-00 00:00:00'),(22,58,40,123,'2016-03-29','06:20:00',54,'B','1','0.00',NULL,NULL,NULL,51,'2016-03-29 13:36:06',51,'2016-03-29 13:36:06','0000-00-00 00:00:00'),(23,58,40,122,'2016-03-29','15:39:24',54,'C','1','0.00',NULL,NULL,NULL,51,'2016-03-29 15:39:24',51,'2016-03-29 15:39:24','0000-00-00 00:00:00'),(24,58,40,123,'2016-03-29','15:40:19',54,'C','1','0.00',NULL,NULL,NULL,51,'2016-03-29 15:40:19',51,'2016-03-29 15:40:19','0000-00-00 00:00:00'),(25,58,41,124,'2016-03-29','06:20:00',54,'B','1','0.00',NULL,NULL,NULL,51,'2016-03-29 15:43:49',51,'2016-03-29 15:43:49','0000-00-00 00:00:00'),(26,58,41,124,'2016-03-29','06:20:00',54,'A','1','0.00',NULL,NULL,NULL,51,'2016-03-29 15:44:07',51,'2016-03-29 15:44:07','0000-00-00 00:00:00'),(27,58,41,124,'2016-03-29','15:44:17',54,'S','1','100.00',NULL,6,'N',51,'2016-03-29 15:44:21',51,'2016-03-29 15:44:21','0000-00-00 00:00:00'),(28,58,42,125,'2016-03-29','06:20:00',54,'B','1','0.00',NULL,NULL,NULL,51,'2016-03-29 15:47:26',51,'2016-03-29 15:47:26','0000-00-00 00:00:00'),(29,58,42,125,'2016-03-29','06:20:00',54,'A','1','0.00',NULL,NULL,NULL,51,'2016-03-29 15:50:07',51,'2016-03-29 15:50:07','0000-00-00 00:00:00'),(30,58,42,125,'2016-03-29','15:50:11',54,'S','1','0.00',NULL,4,'F',51,'2016-03-29 15:50:18',51,'2016-03-29 15:50:18','0000-00-00 00:00:00'),(31,58,42,128,'2016-03-28','06:55:00',54,'B','1','0.00',NULL,NULL,NULL,51,'2016-03-29 18:50:03',51,'2016-03-29 18:50:03','0000-00-00 00:00:00'),(34,58,42,128,'2016-03-29','18:52:13',54,'C','1','0.00',NULL,NULL,NULL,51,'2016-03-29 18:52:13',51,'2016-03-29 18:52:13','0000-00-00 00:00:00'),(35,58,42,130,'2016-03-29','06:30:00',54,'B','1','0.00',NULL,NULL,NULL,51,'2016-03-29 19:05:53',51,'2016-03-29 19:05:53','0000-00-00 00:00:00'),(36,58,42,130,'2016-03-29','19:29:35',54,'C','1','0.00',NULL,NULL,NULL,51,'2016-03-29 19:29:35',51,'2016-03-29 19:29:35','0000-00-00 00:00:00'),(37,58,42,132,'2016-03-29','11:00:00',56,'B','1','0.00',NULL,NULL,NULL,51,'2016-03-29 19:32:15',51,'2016-03-29 19:32:15','0000-00-00 00:00:00'),(38,58,42,132,'2016-03-29','11:00:00',56,'A','1','0.00',NULL,NULL,NULL,51,'2016-03-29 19:34:09',51,'2016-03-29 19:34:09','0000-00-00 00:00:00'),(39,58,42,132,'2016-03-29','19:34:22',56,'S','1','100.00',NULL,4,'N',51,'2016-03-29 19:34:26',51,'2016-03-29 19:34:26','0000-00-00 00:00:00'),(40,58,18,134,'2016-03-30','06:25:00',54,'B','1','0.00',NULL,NULL,NULL,51,'2016-03-30 15:26:07',51,'2016-03-30 15:26:07','0000-00-00 00:00:00'),(41,58,18,134,'2016-03-30','15:26:00',54,'A','1','0.00',NULL,NULL,NULL,51,'2016-03-30 15:26:49',51,'2016-03-30 15:26:49','0000-00-00 00:00:00'),(42,58,18,134,'2016-03-30','15:27:12',54,'S','1','100.00',NULL,4,'N',51,'2016-03-30 15:27:17',51,'2016-03-30 15:27:17','0000-00-00 00:00:00'),(43,58,18,135,'2016-03-30','11:05:00',56,'B','1','0.00',NULL,NULL,NULL,51,'2016-03-30 15:27:29',51,'2016-03-30 15:27:29','0000-00-00 00:00:00'),(46,58,18,135,'2016-03-30','15:35:00',56,'A','1','0.00',NULL,NULL,NULL,51,'2016-03-30 15:36:01',51,'2016-03-30 15:36:01','0000-00-00 00:00:00'),(47,58,19,140,'2016-04-04','11:10:00',56,'B','1','0.00',NULL,NULL,NULL,51,'2016-04-04 10:50:16',51,'2016-04-04 10:50:16','0000-00-00 00:00:00'),(48,58,19,140,'2016-04-04','10:51:00',56,'A','1','0.00',NULL,NULL,NULL,51,'2016-04-04 10:51:18',51,'2016-04-04 10:51:18','0000-00-00 00:00:00'),(49,58,20,141,'2016-04-16','06:25:00',54,'B','1','0.00',NULL,NULL,NULL,51,'2016-04-16 15:24:41',51,'2016-04-16 15:24:41','0000-00-00 00:00:00'),(50,58,20,141,'2016-04-16','15:39:00',54,'A','1','0.00',NULL,NULL,NULL,51,'2016-04-16 15:39:12',51,'2016-04-16 15:39:12','0000-00-00 00:00:00'),(51,58,34,149,'2016-04-26','06:05:00',54,'B','1','0.00',NULL,NULL,NULL,51,'2016-04-26 11:16:56',51,'2016-04-26 11:16:56','0000-00-00 00:00:00'),(52,58,21,150,'2016-04-27','11:00:00',56,'B','1','0.00',NULL,NULL,NULL,51,'2016-04-27 13:13:55',51,'2016-04-27 13:13:55','0000-00-00 00:00:00'),(53,58,21,150,'2016-04-27','13:25:50',56,'C','1','0.00',NULL,NULL,NULL,51,'2016-04-27 13:25:50',51,'2016-04-27 13:25:50','0000-00-00 00:00:00'),(54,58,34,149,'2016-05-02','13:02:06',54,'C','1','0.00',NULL,NULL,NULL,51,'2016-05-02 13:02:06',51,'2016-05-02 13:02:06','0000-00-00 00:00:00'),(55,58,26,152,'2016-05-03','00:30:00',54,'B','1','0.00',NULL,NULL,NULL,51,'2016-05-03 11:09:23',51,'2016-05-03 11:09:23','0000-00-00 00:00:00'),(56,58,26,152,'2016-05-03','11:14:29',54,'C','1','0.00',NULL,NULL,NULL,51,'2016-05-03 11:14:30',51,'2016-05-03 11:14:30','0000-00-00 00:00:00'),(57,58,26,153,'2016-05-03','00:30:00',54,'B','1','0.00',NULL,NULL,NULL,51,'2016-05-03 11:14:54',51,'2016-05-03 11:14:54','0000-00-00 00:00:00'),(58,58,26,153,'2016-05-03','00:55:00',54,'A','1','0.00',NULL,NULL,NULL,51,'2016-05-03 13:28:14',51,'2016-05-03 13:28:14','0000-00-00 00:00:00'),(59,58,26,153,'2016-05-03','15:20:49',54,'C','1','0.00',NULL,NULL,NULL,51,'2016-05-03 15:20:49',51,'2016-05-03 15:20:49','0000-00-00 00:00:00'),(60,58,26,154,'2016-05-03','10:00:00',54,'B','1','0.00',NULL,NULL,NULL,51,'2016-05-03 17:10:24',51,'2016-05-03 17:10:24','0000-00-00 00:00:00'),(61,58,34,155,'2016-05-03','11:00:00',54,'B','1','0.00',NULL,NULL,NULL,51,'2016-05-03 17:10:59',51,'2016-05-03 17:10:59','0000-00-00 00:00:00'),(62,58,34,155,'2016-05-03','17:16:30',54,'C','1','0.00',NULL,NULL,NULL,51,'2016-05-03 17:16:30',51,'2016-05-03 17:16:30','0000-00-00 00:00:00'),(63,58,26,154,'2016-05-04','10:29:33',56,'C','1','0.00',NULL,NULL,NULL,51,'2016-05-04 10:29:33',51,'2016-05-04 10:29:33','0000-00-00 00:00:00'),(64,58,34,156,'2016-05-06','10:00:00',54,'B','1','0.00',NULL,NULL,NULL,51,'2016-05-04 12:45:14',51,'2016-05-04 12:45:14','0000-00-00 00:00:00'),(65,58,24,157,'2016-05-06','10:05:00',56,'B','1','0.00',NULL,NULL,NULL,51,'2016-05-04 12:45:46',51,'2016-05-04 12:45:46','0000-00-00 00:00:00'),(66,58,38,158,'2016-05-07','10:00:00',54,'B','1','0.00',NULL,NULL,NULL,51,'2016-05-04 18:33:30',51,'2016-05-04 18:33:30','0000-00-00 00:00:00'),(67,58,21,159,'2016-05-19','10:00:00',54,'B','1','0.00',NULL,NULL,NULL,51,'2016-05-05 17:42:33',51,'2016-05-05 17:42:33','0000-00-00 00:00:00'),(68,58,22,160,'2016-05-20','10:00:00',54,'B','1','0.00',NULL,NULL,NULL,51,'2016-05-05 17:52:11',51,'2016-05-05 17:52:11','0000-00-00 00:00:00'),(69,58,23,161,'2016-05-21','10:00:00',54,'B','1','0.00',NULL,NULL,NULL,51,'2016-05-05 17:58:13',51,'2016-05-05 17:58:13','0000-00-00 00:00:00'),(70,58,18,162,'2016-05-20','10:05:00',54,'B','1','0.00',NULL,NULL,NULL,51,'2016-05-05 18:07:16',51,'2016-05-05 18:07:16','0000-00-00 00:00:00'),(71,58,19,163,'2016-05-20','10:10:00',54,'B','1','0.00',NULL,NULL,NULL,51,'2016-05-05 18:10:21',51,'2016-05-05 18:10:21','0000-00-00 00:00:00'),(72,58,42,164,'2016-05-26','10:00:00',54,'B','1','0.00',NULL,NULL,NULL,51,'2016-05-05 18:38:58',51,'2016-05-05 18:38:58','0000-00-00 00:00:00'),(73,58,20,165,'2016-05-26','10:05:00',54,'B','1','0.00',NULL,NULL,NULL,51,'2016-05-05 18:39:23',51,'2016-05-05 18:39:23','0000-00-00 00:00:00'),(74,58,21,166,'2016-05-11','10:05:00',54,'B','1','0.00',NULL,NULL,NULL,51,'2016-05-05 19:05:07',51,'2016-05-05 19:05:07','0000-00-00 00:00:00'),(75,58,37,167,'2016-05-12','10:00:00',54,'B','1','0.00',NULL,NULL,NULL,51,'2016-05-05 19:07:20',51,'2016-05-05 19:07:20','0000-00-00 00:00:00'),(76,58,25,168,'2016-05-19','10:00:00',54,'B','1','0.00',NULL,NULL,NULL,51,'2016-05-05 19:42:37',51,'2016-05-05 19:42:37','0000-00-00 00:00:00'),(77,58,22,160,'2016-05-06','19:56:40',54,'C','1','0.00',NULL,NULL,NULL,51,'2016-05-06 19:56:40',51,'2016-05-06 19:56:40','0000-00-00 00:00:00'),(78,58,18,162,'2016-05-06','20:08:00',54,'C','1','0.00',NULL,NULL,NULL,51,'2016-05-06 20:08:00',51,'2016-05-06 20:08:00','0000-00-00 00:00:00'),(79,58,19,163,'2016-05-06','20:08:00',54,'C','1','0.00',NULL,NULL,NULL,51,'2016-05-06 20:08:00',51,'2016-05-06 20:08:00','0000-00-00 00:00:00'),(80,58,21,159,'2016-05-07','13:11:16',54,'C','1','0.00',NULL,NULL,NULL,51,'2016-05-07 13:11:16',51,'2016-05-07 13:11:16','0000-00-00 00:00:00'),(81,58,25,168,'2016-05-07','13:11:16',54,'C','1','0.00',NULL,NULL,NULL,51,'2016-05-07 13:11:16',51,'2016-05-07 13:11:16','0000-00-00 00:00:00'),(82,58,34,156,'2016-05-07','15:33:34',54,'C','1','0.00',NULL,NULL,NULL,51,'2016-05-07 15:33:35',51,'2016-05-07 15:33:35','0000-00-00 00:00:00'),(83,58,23,161,'2016-05-09','11:03:56',54,'C','1','0.00',NULL,NULL,NULL,51,'2016-05-09 11:03:56',51,'2016-05-09 11:03:56','0000-00-00 00:00:00'),(84,58,34,170,'2016-05-09','12:30:00',54,'B','1','0.00',NULL,NULL,NULL,51,'2016-05-09 12:28:14',51,'2016-05-09 12:28:14','0000-00-00 00:00:00'),(85,58,34,170,'2016-05-09','13:45:40',54,'C','1','0.00',NULL,NULL,NULL,51,'2016-05-09 13:45:40',51,'2016-05-09 13:45:40','0000-00-00 00:00:00'),(86,58,34,171,'2016-05-09','10:00:00',54,'B','1','0.00',NULL,NULL,NULL,51,'2016-05-09 13:47:58',51,'2016-05-09 13:47:58','0000-00-00 00:00:00'),(87,58,22,173,'2016-05-18','11:20:00',54,'B','1','0.00',NULL,NULL,NULL,51,'2016-05-18 14:04:40',51,'2016-05-18 14:04:40','0000-00-00 00:00:00'),(88,58,23,174,'2016-05-20','10:00:00',54,'B','1','0.00',NULL,NULL,NULL,51,'2016-05-20 10:35:56',51,'2016-05-20 10:35:56','0000-00-00 00:00:00'),(89,58,23,174,'2016-05-20','10:36:06',54,'A','1','0.00',NULL,NULL,NULL,51,'2016-05-20 10:36:08',51,'2016-05-20 10:36:08','0000-00-00 00:00:00'),(90,58,23,174,'2016-05-20','10:36:17',54,'S','1','100.00',NULL,4,'N',51,'2016-05-20 10:36:22',51,'2016-05-20 10:36:22','0000-00-00 00:00:00'),(91,58,23,175,'2016-05-20','10:15:00',54,'B','1','0.00',NULL,NULL,NULL,51,'2016-05-20 10:36:51',51,'2016-05-20 10:36:51','0000-00-00 00:00:00'),(92,58,23,175,'2016-05-20','10:15:00',54,'A','1','0.00',NULL,NULL,NULL,51,'2016-05-20 10:37:25',51,'2016-05-20 10:37:25','0000-00-00 00:00:00'),(93,58,23,175,'2016-05-20','10:37:29',54,'S','1','100.00',NULL,4,'N',51,'2016-05-20 10:37:32',51,'2016-05-20 10:37:32','0000-00-00 00:00:00'),(94,58,23,176,'2016-05-20','10:05:00',54,'B','1','0.00',NULL,NULL,NULL,51,'2016-05-20 10:58:23',51,'2016-05-20 10:58:23','0000-00-00 00:00:00'),(95,58,23,176,'2016-05-20','10:58:34',54,'C','1','0.00',NULL,NULL,NULL,51,'2016-05-20 10:58:34',51,'2016-05-20 10:58:34','0000-00-00 00:00:00'),(96,58,23,177,'2016-05-20','11:25:00',54,'B','1','0.00',NULL,NULL,NULL,51,'2016-05-20 10:58:57',51,'2016-05-20 10:58:57','0000-00-00 00:00:00'),(97,58,23,177,'2016-05-20','11:01:12',54,'C','1','0.00',NULL,NULL,NULL,51,'2016-05-20 11:01:12',51,'2016-05-20 11:01:12','0000-00-00 00:00:00'),(98,58,25,182,'2016-05-21','10:00:00',54,'B','1','0.00',NULL,NULL,NULL,51,'2016-05-21 16:19:48',51,'2016-05-21 16:19:48','0000-00-00 00:00:00'),(99,58,23,184,'2016-05-25','10:55:00',54,'B','1','0.00',NULL,NULL,NULL,51,'2016-05-25 11:47:19',51,'2016-05-25 11:47:19','0000-00-00 00:00:00'),(100,58,23,184,'2016-05-25','10:55:00',54,'A','1','0.00',NULL,NULL,NULL,51,'2016-05-25 11:59:07',51,'2016-05-25 11:59:07','0000-00-00 00:00:00');

/*Table structure for table `pat_billing_extra_concession` */

DROP TABLE IF EXISTS `pat_billing_extra_concession`;

CREATE TABLE `pat_billing_extra_concession` (
  `ec_id` int(11) NOT NULL AUTO_INCREMENT,
  `tenant_id` int(11) NOT NULL,
  `encounter_id` int(11) NOT NULL,
  `patient_id` int(11) NOT NULL,
  `ec_type` enum('P','C') NOT NULL COMMENT 'P -> Procedures, C -> Consultant',
  `link_id` int(11) NOT NULL COMMENT 'P -> charge_subcat_id, C -> user_id',
  `extra_amount` decimal(10,2) DEFAULT '0.00',
  `concession_amount` decimal(10,2) DEFAULT '0.00',
  `status` enum('0','1') DEFAULT '1',
  `created_by` int(11) NOT NULL,
  `created_at` timestamp NOT NULL DEFAULT CURRENT_TIMESTAMP,
  `modified_by` int(11) DEFAULT NULL,
  `modified_at` timestamp NULL DEFAULT NULL,
  `deleted_at` timestamp NULL DEFAULT '0000-00-00 00:00:00',
  PRIMARY KEY (`ec_id`),
  UNIQUE KEY `PatBillingExtraConcessionUnique` (`tenant_id`,`encounter_id`,`patient_id`,`ec_type`,`link_id`,`deleted_at`),
  KEY `FK_pat_billing_extra_concession_encounter` (`encounter_id`),
  KEY `FK_pat_billing_extra_concession_patient` (`patient_id`),
  CONSTRAINT `FK_pat_billing_extra_concession_encounter` FOREIGN KEY (`encounter_id`) REFERENCES `pat_encounter` (`encounter_id`) ON DELETE CASCADE ON UPDATE CASCADE,
  CONSTRAINT `FK_pat_billing_extra_concession_patient` FOREIGN KEY (`patient_id`) REFERENCES `pat_patient` (`patient_id`) ON DELETE CASCADE ON UPDATE CASCADE,
  CONSTRAINT `FK_pat_billing_extra_concession_tenant` FOREIGN KEY (`tenant_id`) REFERENCES `co_tenant` (`tenant_id`) ON DELETE CASCADE ON UPDATE CASCADE
) ENGINE=InnoDB AUTO_INCREMENT=18 DEFAULT CHARSET=latin1;

/*Data for the table `pat_billing_extra_concession` */

insert  into `pat_billing_extra_concession`(`ec_id`,`tenant_id`,`encounter_id`,`patient_id`,`ec_type`,`link_id`,`extra_amount`,`concession_amount`,`status`,`created_by`,`created_at`,`modified_by`,`modified_at`,`deleted_at`) values (7,58,100,26,'P',22,'10.00','80.00','1',1,'2016-03-21 12:23:49',51,'2016-04-04 15:44:43','0000-00-00 00:00:00'),(8,58,108,40,'P',22,'0.00','100.00','1',51,'2016-03-21 18:08:44',51,'2016-03-21 18:08:44','0000-00-00 00:00:00'),(9,58,108,40,'C',54,'50.00','150.00','1',51,'2016-03-21 18:14:11',51,'2016-03-23 12:39:46','0000-00-00 00:00:00'),(10,58,121,40,'P',39,'0.00','10.00','1',51,'2016-03-28 18:36:00',51,'2016-03-28 18:36:00','0000-00-00 00:00:00'),(11,58,138,40,'P',39,'150.00','150.00','1',51,'2016-04-01 15:41:37',51,'2016-04-01 16:05:40','0000-00-00 00:00:00'),(12,58,108,40,'P',39,'10.00','0.00','1',51,'2016-04-01 18:51:33',51,'2016-04-01 18:52:30','0000-00-00 00:00:00'),(13,58,139,40,'P',39,'10.00','150.00','1',51,'2016-04-01 19:03:28',51,'2016-04-01 19:07:58','0000-00-00 00:00:00'),(14,58,100,26,'C',54,'15.00','80.00','1',51,'2016-04-04 15:45:06',51,'2016-04-04 15:45:27','0000-00-00 00:00:00'),(15,58,100,26,'P',30,'0.00','100.00','1',51,'2016-04-04 16:25:55',51,'2016-04-04 16:25:55','0000-00-00 00:00:00'),(16,58,151,39,'C',54,'0.00','200.00','1',51,'2016-05-09 11:09:23',51,'2016-05-09 11:09:23','0000-00-00 00:00:00'),(17,58,145,27,'P',39,'0.00','0.00','1',51,'2016-05-09 12:37:44',51,'2016-05-09 12:37:44','0000-00-00 00:00:00');

/*Table structure for table `pat_billing_other_charges` */

DROP TABLE IF EXISTS `pat_billing_other_charges`;

CREATE TABLE `pat_billing_other_charges` (
  `other_charge_id` int(11) NOT NULL AUTO_INCREMENT,
  `tenant_id` int(11) NOT NULL,
  `encounter_id` int(11) NOT NULL,
  `patient_id` int(11) NOT NULL,
  `charge_cat_id` int(11) NOT NULL,
  `charge_subcat_id` int(11) NOT NULL,
  `charge_amount` decimal(10,2) DEFAULT '0.00',
  `status` enum('0','1') DEFAULT '1',
  `created_by` int(11) NOT NULL,
  `created_at` timestamp NOT NULL DEFAULT CURRENT_TIMESTAMP,
  `modified_by` int(11) DEFAULT NULL,
  `modified_at` timestamp NULL DEFAULT NULL,
  `deleted_at` timestamp NULL DEFAULT '0000-00-00 00:00:00',
  PRIMARY KEY (`other_charge_id`),
  UNIQUE KEY `patBillingOtherChargeUnique` (`tenant_id`,`encounter_id`,`patient_id`,`charge_cat_id`,`charge_subcat_id`,`deleted_at`),
  KEY `FK_pat_billing_other_charges_charge_category` (`charge_cat_id`),
  KEY `FK_pat_billing_other_charges_encounter` (`encounter_id`),
  KEY `FK_pat_billing_other_charges_patient` (`patient_id`),
  KEY `FK_pat_billing_other_charges_sub_category` (`charge_subcat_id`),
  CONSTRAINT `FK_pat_billing_other_charges_charge_category` FOREIGN KEY (`charge_cat_id`) REFERENCES `co_room_charge_category` (`charge_cat_id`) ON UPDATE CASCADE,
  CONSTRAINT `FK_pat_billing_other_charges_encounter` FOREIGN KEY (`encounter_id`) REFERENCES `pat_encounter` (`encounter_id`) ON DELETE CASCADE ON UPDATE CASCADE,
  CONSTRAINT `FK_pat_billing_other_charges_patient` FOREIGN KEY (`patient_id`) REFERENCES `pat_patient` (`patient_id`) ON DELETE CASCADE ON UPDATE CASCADE,
  CONSTRAINT `FK_pat_billing_other_charges_sub_category` FOREIGN KEY (`charge_subcat_id`) REFERENCES `co_room_charge_subcategory` (`charge_subcat_id`) ON UPDATE CASCADE,
  CONSTRAINT `FK_pat_billing_other_charges_tenant` FOREIGN KEY (`tenant_id`) REFERENCES `co_tenant` (`tenant_id`) ON DELETE CASCADE ON UPDATE CASCADE
) ENGINE=InnoDB AUTO_INCREMENT=8 DEFAULT CHARSET=latin1;

/*Data for the table `pat_billing_other_charges` */

insert  into `pat_billing_other_charges`(`other_charge_id`,`tenant_id`,`encounter_id`,`patient_id`,`charge_cat_id`,`charge_subcat_id`,`charge_amount`,`status`,`created_by`,`created_at`,`modified_by`,`modified_at`,`deleted_at`) values (1,58,108,40,2,31,'50.00','1',51,'2016-03-21 16:03:05',51,'2016-03-21 16:03:05','0000-00-00 00:00:00'),(2,58,133,40,2,23,'105.00','1',51,'2016-03-29 19:38:43',51,'2016-03-29 19:38:43','0000-00-00 00:00:00'),(3,58,139,40,2,23,'800.00','1',51,'2016-04-01 16:15:29',51,'2016-04-01 19:12:10','0000-00-00 00:00:00'),(4,58,144,21,2,23,'50.00','1',51,'2016-04-19 10:48:43',51,'2016-04-19 10:48:43','0000-00-00 00:00:00'),(5,58,151,39,2,23,'100.00','1',51,'2016-05-06 12:10:46',51,'2016-05-06 12:10:46','0000-00-00 00:00:00'),(6,58,172,39,2,23,'500.00','1',51,'2016-05-13 12:46:07',51,'2016-05-13 12:46:07','0000-00-00 00:00:00'),(7,58,183,39,2,23,'150.00','1',51,'2016-05-24 14:07:08',51,'2016-05-24 14:07:08','0000-00-00 00:00:00');

/*Table structure for table `pat_billing_payment` */

DROP TABLE IF EXISTS `pat_billing_payment`;

CREATE TABLE `pat_billing_payment` (
  `payment_id` int(11) NOT NULL AUTO_INCREMENT,
  `tenant_id` int(11) NOT NULL,
  `encounter_id` int(11) NOT NULL,
  `patient_id` int(11) NOT NULL,
  `payment_date` datetime NOT NULL,
  `payment_amount` decimal(10,2) DEFAULT '0.00',
  `status` enum('0','1') DEFAULT '1',
  `created_by` int(11) NOT NULL,
  `created_at` timestamp NOT NULL DEFAULT CURRENT_TIMESTAMP,
  `modified_by` int(11) DEFAULT NULL,
  `modified_at` timestamp NULL DEFAULT NULL,
  `deleted_at` timestamp NULL DEFAULT '0000-00-00 00:00:00',
  PRIMARY KEY (`payment_id`),
  KEY `FK_pat_billing_payment_tenant` (`tenant_id`),
  KEY `FK_pat_billing_payment_encounter` (`encounter_id`),
  KEY `FK_pat_billing_payment_patient` (`patient_id`),
  CONSTRAINT `FK_pat_billing_payment_encounter` FOREIGN KEY (`encounter_id`) REFERENCES `pat_encounter` (`encounter_id`) ON DELETE CASCADE ON UPDATE CASCADE,
  CONSTRAINT `FK_pat_billing_payment_patient` FOREIGN KEY (`patient_id`) REFERENCES `pat_patient` (`patient_id`) ON DELETE CASCADE ON UPDATE CASCADE,
  CONSTRAINT `FK_pat_billing_payment_tenant` FOREIGN KEY (`tenant_id`) REFERENCES `co_tenant` (`tenant_id`) ON DELETE CASCADE ON UPDATE CASCADE
) ENGINE=InnoDB AUTO_INCREMENT=17 DEFAULT CHARSET=latin1;

/*Data for the table `pat_billing_payment` */

insert  into `pat_billing_payment`(`payment_id`,`tenant_id`,`encounter_id`,`patient_id`,`payment_date`,`payment_amount`,`status`,`created_by`,`created_at`,`modified_by`,`modified_at`,`deleted_at`) values (1,58,108,40,'2016-03-21 16:03:24','1050.00','1',51,'2016-03-21 16:03:31',51,'2016-03-21 16:03:31','0000-00-00 00:00:00'),(2,58,121,40,'2016-03-28 18:12:12','500.00','1',51,'2016-03-28 18:12:16',51,'2016-03-28 18:12:16','0000-00-00 00:00:00'),(3,58,127,42,'2016-03-29 18:21:10','1000.00','1',51,'2016-03-29 18:21:13',51,'2016-03-29 18:21:13','0000-00-00 00:00:00'),(4,58,133,40,'2016-03-29 19:40:48','1500.00','1',51,'2016-03-29 19:40:55',51,'2016-03-29 19:40:55','0000-00-00 00:00:00'),(5,58,138,40,'2016-04-01 15:47:40','50.00','1',51,'2016-04-01 15:47:43',10,'2016-04-01 16:01:39','2016-04-01 16:01:50'),(6,58,138,40,'2016-04-01 16:03:12','100.00','1',51,'2016-04-01 16:03:16',10,'2016-04-01 16:03:16','2016-04-01 16:03:24'),(7,58,139,40,'2016-04-01 16:46:39','150.00','1',51,'2016-04-01 16:46:44',51,'2016-04-01 19:24:13','0000-00-00 00:00:00'),(8,58,139,40,'2016-04-01 16:57:39','3700.00','1',51,'2016-04-01 16:57:42',51,'2016-04-01 16:57:42','0000-00-00 00:00:00'),(9,58,139,40,'2016-04-01 16:57:51','100.00','1',51,'2016-04-01 16:57:54',51,'2016-04-01 16:57:54','0000-00-00 00:00:00'),(10,58,139,40,'2016-04-01 19:14:53','10.00','1',51,'2016-04-01 19:14:58',51,'2016-04-01 19:14:58','0000-00-00 00:00:00'),(11,58,140,19,'2016-04-04 13:44:03','50.00','1',51,'2016-04-04 13:44:06',51,'2016-04-04 13:44:06','0000-00-00 00:00:00'),(12,58,100,26,'2016-04-04 15:45:47','80.00','1',51,'2016-04-04 15:45:50',51,'2016-04-06 10:43:02','0000-00-00 00:00:00'),(13,58,144,21,'2016-04-19 10:48:51','100.00','1',51,'2016-04-19 10:48:54',51,'2016-04-19 10:48:54','0000-00-00 00:00:00'),(14,58,172,39,'2016-05-10 17:48:15','3725.00','1',51,'2016-05-10 17:48:19',51,'2016-05-10 17:48:19','0000-00-00 00:00:00'),(15,58,172,39,'2016-05-13 11:18:09','150.00','1',51,'2016-05-13 11:18:13',51,'2016-05-13 11:18:13','0000-00-00 00:00:00'),(16,58,183,39,'2016-05-24 15:24:56','1222.00','1',51,'2016-05-24 15:25:02',51,'2016-05-24 15:25:02','0000-00-00 00:00:00');

/*Table structure for table `pat_billing_recurring` */

DROP TABLE IF EXISTS `pat_billing_recurring`;

CREATE TABLE `pat_billing_recurring` (
  `recurr_id` int(11) NOT NULL AUTO_INCREMENT,
  `tenant_id` int(11) NOT NULL,
  `encounter_id` int(11) NOT NULL,
  `patient_id` int(11) NOT NULL,
  `recurr_date` date NOT NULL,
  `room_type_id` int(11) NOT NULL,
  `room_type` varchar(255) NOT NULL,
  `charge_item_id` int(11) NOT NULL,
  `charge_item` varchar(255) NOT NULL,
  `charge_amount` decimal(10,2) NOT NULL DEFAULT '0.00',
  `recurr_group` smallint(6) NOT NULL COMMENT 'admission_id',
  `status` enum('0','1') DEFAULT '1',
  `created_by` int(11) DEFAULT NULL,
  `created_at` timestamp NOT NULL DEFAULT CURRENT_TIMESTAMP,
  `modified_by` int(11) DEFAULT NULL,
  `modified_at` timestamp NULL DEFAULT NULL,
  `deleted_at` timestamp NULL DEFAULT '0000-00-00 00:00:00',
  `executed_at` timestamp NULL DEFAULT NULL,
  PRIMARY KEY (`recurr_id`),
  KEY `FK_pat_billing_recurring_tenant` (`tenant_id`),
  KEY `FK_pat_billing_recurring_encounter` (`encounter_id`),
  KEY `FK_pat_billing_recurring_patient` (`patient_id`),
  KEY `FK_pat_billing_recurring_room_type` (`room_type_id`),
  KEY `FK_pat_billing_recurring_charge_item` (`charge_item_id`),
  CONSTRAINT `FK_pat_billing_recurring_charge_item` FOREIGN KEY (`charge_item_id`) REFERENCES `co_room_charge_item` (`charge_item_id`) ON UPDATE CASCADE,
  CONSTRAINT `FK_pat_billing_recurring_encounter` FOREIGN KEY (`encounter_id`) REFERENCES `pat_encounter` (`encounter_id`) ON DELETE CASCADE ON UPDATE CASCADE,
  CONSTRAINT `FK_pat_billing_recurring_patient` FOREIGN KEY (`patient_id`) REFERENCES `pat_patient` (`patient_id`) ON DELETE CASCADE ON UPDATE CASCADE,
  CONSTRAINT `FK_pat_billing_recurring_room_type` FOREIGN KEY (`room_type_id`) REFERENCES `co_room_type` (`room_type_id`) ON UPDATE CASCADE,
  CONSTRAINT `FK_pat_billing_recurring_tenant` FOREIGN KEY (`tenant_id`) REFERENCES `co_tenant` (`tenant_id`) ON DELETE CASCADE ON UPDATE CASCADE
) ENGINE=InnoDB AUTO_INCREMENT=188 DEFAULT CHARSET=latin1;

/*Data for the table `pat_billing_recurring` */

insert  into `pat_billing_recurring`(`recurr_id`,`tenant_id`,`encounter_id`,`patient_id`,`recurr_date`,`room_type_id`,`room_type`,`charge_item_id`,`charge_item`,`charge_amount`,`recurr_group`,`status`,`created_by`,`created_at`,`modified_by`,`modified_at`,`deleted_at`,`executed_at`) values (1,58,121,40,'2016-03-24',13,'Single',1,'Test','100.00',207,'1',51,'2016-03-26 17:42:46',51,'2016-03-26 17:42:46','0000-00-00 00:00:00',NULL),(2,58,121,40,'2016-03-24',13,'Single',3,'Room Rent','100.00',207,'1',51,'2016-03-26 17:42:46',51,'2016-03-26 17:42:46','0000-00-00 00:00:00',NULL),(3,58,121,40,'2016-03-24',13,'Single',8,'DMO','100.00',207,'1',51,'2016-03-26 17:42:46',51,'2016-03-26 17:42:46','0000-00-00 00:00:00',NULL),(10,58,121,40,'2016-03-25',13,'Single',1,'Test','100.00',207,'1',51,'2016-03-26 17:44:12',51,'2016-03-26 17:44:12','0000-00-00 00:00:00',NULL),(11,58,121,40,'2016-03-25',13,'Single',3,'Room Rent','100.00',207,'1',51,'2016-03-26 17:44:12',51,'2016-03-26 17:44:12','0000-00-00 00:00:00',NULL),(12,58,121,40,'2016-03-25',13,'Single',8,'DMO','100.00',207,'1',51,'2016-03-26 17:44:12',51,'2016-03-26 17:44:12','0000-00-00 00:00:00',NULL),(13,58,121,40,'2016-03-26',13,'Single',1,'Test','100.00',207,'1',51,'2016-03-26 17:44:12',51,'2016-03-26 17:44:12','0000-00-00 00:00:00',NULL),(14,58,121,40,'2016-03-26',13,'Single',3,'Room Rent','100.00',207,'1',51,'2016-03-26 17:44:12',51,'2016-03-26 17:44:12','0000-00-00 00:00:00',NULL),(15,58,121,40,'2016-03-26',13,'Single',8,'DMO','100.00',207,'1',51,'2016-03-26 17:44:12',51,'2016-03-26 17:44:12','0000-00-00 00:00:00',NULL),(23,58,121,40,'2016-03-28',13,'Single',1,'Test','100.00',207,'1',NULL,'2016-03-28 17:45:15',NULL,'2016-03-28 17:45:15','0000-00-00 00:00:00',NULL),(24,58,121,40,'2016-03-28',13,'Single',3,'Room Rent','100.00',207,'1',NULL,'2016-03-28 17:45:15',NULL,'2016-03-28 17:45:15','0000-00-00 00:00:00',NULL),(25,58,121,40,'2016-03-28',13,'Single',8,'DMO','100.00',207,'1',NULL,'2016-03-28 17:45:15',NULL,'2016-03-28 17:45:15','0000-00-00 00:00:00',NULL),(26,58,121,40,'2016-03-29',9,'ac',1,'Test','120.00',210,'1',51,'2016-03-29 13:21:09',51,'2016-03-29 13:21:09','0000-00-00 00:00:00',NULL),(28,58,127,42,'2016-03-29',10,'Non AC',3,'Room Rent','2000.00',215,'1',51,'2016-03-29 15:55:05',51,'2016-03-29 15:55:05','0000-00-00 00:00:00',NULL),(29,58,127,42,'2016-03-29',10,'Non AC',8,'DMO','1000.00',215,'1',51,'2016-03-29 15:55:05',51,'2016-03-29 15:55:05','0000-00-00 00:00:00',NULL),(30,58,129,42,'2016-03-29',10,'Non AC',3,'Room Rent','2000.00',217,'1',51,'2016-03-29 19:05:01',51,'2016-03-29 19:05:01','0000-00-00 00:00:00',NULL),(31,58,129,42,'2016-03-29',10,'Non AC',8,'DMO','1000.00',217,'1',51,'2016-03-29 19:05:01',51,'2016-03-29 19:05:01','0000-00-00 00:00:00',NULL),(32,58,136,40,'2016-04-01',9,'ac',1,'Test','120.00',225,'1',51,'2016-04-01 15:21:39',51,'2016-04-01 15:21:39','0000-00-00 00:00:00',NULL),(33,58,138,40,'2016-03-31',9,'ac',1,'Test','120.00',229,'1',51,'2016-04-01 15:25:23',51,'2016-04-01 15:25:23','0000-00-00 00:00:00',NULL),(34,58,138,40,'2016-04-01',9,'ac',1,'Test','120.00',229,'1',NULL,'2016-04-01 15:25:37',NULL,'2016-04-01 15:25:37','0000-00-00 00:00:00',NULL),(35,58,139,40,'2016-03-31',10,'Non AC',3,'Room Rent','2000.00',231,'1',51,'2016-04-01 16:08:32',51,'2016-04-01 16:08:32','0000-00-00 00:00:00',NULL),(36,58,139,40,'2016-03-31',10,'Non AC',8,'DMO','1000.00',231,'1',51,'2016-04-01 16:08:32',51,'2016-04-01 16:08:32','0000-00-00 00:00:00',NULL),(37,58,139,40,'2016-04-16',10,'Non AC',3,'Room Rent','2000.00',232,'1',NULL,'2016-04-16 17:21:10',NULL,'2016-04-16 17:21:10','0000-00-00 00:00:00',NULL),(38,58,139,40,'2016-04-16',10,'Non AC',8,'DMO','1000.00',232,'1',NULL,'2016-04-16 17:21:10',NULL,'2016-04-16 17:21:10','0000-00-00 00:00:00',NULL),(40,58,142,21,'2016-04-16',10,'Non AC',3,'Room Rent','2000.00',239,'1',51,'2016-04-16 18:07:44',51,'2016-04-16 18:07:44','0000-00-00 00:00:00',NULL),(41,58,142,21,'2016-04-16',10,'Non AC',8,'DMO','1000.00',239,'1',51,'2016-04-16 18:07:44',51,'2016-04-16 18:07:44','0000-00-00 00:00:00',NULL),(43,58,143,25,'2016-04-18',13,'Single',1,'Test','100.00',244,'1',51,'2016-04-18 10:25:05',51,'2016-04-18 10:25:05','0000-00-00 00:00:00',NULL),(44,58,143,25,'2016-04-18',13,'Single',3,'Room Rent','100.00',244,'1',51,'2016-04-18 10:25:05',51,'2016-04-18 10:25:05','0000-00-00 00:00:00',NULL),(45,58,143,25,'2016-04-18',13,'Single',8,'DMO','100.00',244,'1',51,'2016-04-18 10:25:05',51,'2016-04-18 10:25:05','0000-00-00 00:00:00',NULL),(46,58,144,21,'2016-04-18',9,'ac',1,'Test','200.00',247,'1',51,'2016-04-18 13:53:14',51,'2016-04-19 10:35:38','0000-00-00 00:00:00',NULL),(47,58,145,27,'2016-04-17',10,'Non AC',3,'Room Rent','2500.00',248,'1',51,'2016-04-18 16:14:57',51,'2016-04-18 17:51:28','0000-00-00 00:00:00',NULL),(48,58,145,27,'2016-04-17',10,'Non AC',8,'DMO','1600.00',248,'1',51,'2016-04-18 16:14:57',51,'2016-04-18 17:49:24','0000-00-00 00:00:00',NULL),(49,58,139,40,'2016-04-18',10,'Non AC',3,'Room Rent','2000.00',232,'1',NULL,'2016-04-18 16:15:11',NULL,'2016-04-18 16:15:11','0000-00-00 00:00:00',NULL),(50,58,139,40,'2016-04-18',10,'Non AC',8,'DMO','1550.00',232,'1',NULL,'2016-04-18 16:15:11',NULL,'2016-04-18 16:15:11','0000-00-00 00:00:00',NULL),(51,58,145,27,'2016-04-18',10,'Non AC',3,'Room Rent','2500.00',248,'1',NULL,'2016-04-18 16:15:11',51,'2016-04-18 17:51:28','0000-00-00 00:00:00',NULL),(52,58,145,27,'2016-04-18',10,'Non AC',8,'DMO','1700.00',248,'1',NULL,'2016-04-18 16:15:11',51,'2016-04-18 18:38:35','0000-00-00 00:00:00',NULL),(53,58,139,40,'2016-04-19',10,'Non AC',3,'Room Rent','2800.00',232,'1',NULL,'2016-04-19 10:30:55',NULL,'2016-04-19 10:30:55','0000-00-00 00:00:00',NULL),(54,58,139,40,'2016-04-19',10,'Non AC',8,'DMO','1800.00',232,'1',NULL,'2016-04-19 10:30:55',NULL,'2016-04-19 10:30:55','0000-00-00 00:00:00',NULL),(55,58,144,21,'2016-04-19',9,'ac',1,'Test','300.00',247,'1',NULL,'2016-04-19 10:30:55',51,'2016-04-19 11:10:43','0000-00-00 00:00:00',NULL),(56,58,145,27,'2016-04-19',10,'Non AC',3,'Room Rent','2800.00',249,'1',NULL,'2016-04-19 10:30:56',NULL,'2016-04-19 10:30:56','0000-00-00 00:00:00',NULL),(57,58,145,27,'2016-04-19',10,'Non AC',8,'DMO','1800.00',249,'1',NULL,'2016-04-19 10:30:56',NULL,'2016-04-19 10:30:56','0000-00-00 00:00:00',NULL),(58,58,144,21,'2016-04-20',9,'ac',1,'Test','300.00',247,'1',NULL,'2016-04-19 11:11:42',NULL,NULL,'0000-00-00 00:00:00',NULL),(59,58,146,39,'2016-04-20',11,'Deluxe',1,'Test','300.00',251,'1',51,'2016-04-20 19:08:08',51,'2016-04-20 19:08:08','0000-00-00 00:00:00',NULL),(60,58,146,39,'2016-04-20',11,'Deluxe',3,'Room Rent','2000.00',251,'1',51,'2016-04-20 19:08:08',51,'2016-04-20 19:08:08','0000-00-00 00:00:00',NULL),(61,58,139,40,'2016-04-21',10,'Non AC',3,'Room Rent','2800.00',232,'1',NULL,'2016-04-21 10:58:39',NULL,'2016-04-21 10:58:39','0000-00-00 00:00:00',NULL),(62,58,139,40,'2016-04-21',10,'Non AC',8,'DMO','1800.00',232,'1',NULL,'2016-04-21 10:58:39',NULL,'2016-04-21 10:58:39','0000-00-00 00:00:00',NULL),(63,58,144,21,'2016-04-21',9,'ac',1,'Test','300.00',250,'1',NULL,'2016-04-21 10:58:39',NULL,'2016-04-21 10:58:39','0000-00-00 00:00:00',NULL),(64,58,145,27,'2016-04-21',10,'Non AC',3,'Room Rent','2800.00',249,'1',NULL,'2016-04-21 10:58:40',NULL,'2016-04-21 10:58:40','0000-00-00 00:00:00',NULL),(65,58,145,27,'2016-04-21',10,'Non AC',8,'DMO','1800.00',249,'1',NULL,'2016-04-21 10:58:40',NULL,'2016-04-21 10:58:40','0000-00-00 00:00:00',NULL),(68,58,146,39,'2016-04-21',11,'Deluxe',1,'Test','300.00',251,'1',NULL,'2016-04-21 11:19:52',NULL,'2016-04-21 11:19:52','0000-00-00 00:00:00',NULL),(69,58,146,39,'2016-04-21',11,'Deluxe',3,'Room Rent','2000.00',251,'1',NULL,'2016-04-21 11:19:52',NULL,'2016-04-21 11:19:52','0000-00-00 00:00:00',NULL),(70,58,147,39,'2016-04-21',10,'Non AC',3,'Room Rent','2800.00',254,'1',51,'2016-04-21 12:15:07',51,'2016-04-21 12:15:07','0000-00-00 00:00:00',NULL),(71,58,147,39,'2016-04-21',10,'Non AC',8,'DMO','1800.00',254,'1',51,'2016-04-21 12:15:07',51,'2016-04-21 12:15:07','0000-00-00 00:00:00',NULL),(72,58,148,39,'2016-04-20',10,'Non AC',3,'Room Rent','2800.00',257,'1',51,'2016-04-21 12:17:24',51,'2016-04-21 12:17:24','0000-00-00 00:00:00',NULL),(73,58,148,39,'2016-04-20',10,'Non AC',8,'DMO','1800.00',257,'1',51,'2016-04-21 12:17:24',51,'2016-04-21 12:17:24','0000-00-00 00:00:00',NULL),(74,58,148,39,'2016-04-21',10,'Non AC',3,'Room Rent','2800.00',258,'1',51,'2016-04-21 12:18:47',51,'2016-04-21 12:18:47','0000-00-00 00:00:00',NULL),(75,58,148,39,'2016-04-21',10,'Non AC',8,'DMO','2200.00',258,'1',51,'2016-04-21 12:18:47',51,'2016-04-21 13:33:52','0000-00-00 00:00:00',NULL),(76,58,139,40,'2016-04-22',10,'Non AC',3,'Room Rent','2800.00',232,'1',NULL,'2016-04-22 12:29:02',NULL,'2016-04-22 12:29:02','0000-00-00 00:00:00',NULL),(77,58,139,40,'2016-04-22',10,'Non AC',8,'DMO','1800.00',232,'1',NULL,'2016-04-22 12:29:02',NULL,'2016-04-22 12:29:02','0000-00-00 00:00:00',NULL),(78,58,144,21,'2016-04-22',9,'ac',1,'Test','300.00',247,'1',NULL,'2016-04-22 12:29:03',NULL,'2016-04-22 12:29:03','0000-00-00 00:00:00',NULL),(79,58,145,27,'2016-04-22',10,'Non AC',3,'Room Rent','2800.00',248,'1',NULL,'2016-04-22 12:29:03',NULL,'2016-04-22 12:29:03','0000-00-00 00:00:00',NULL),(80,58,145,27,'2016-04-22',10,'Non AC',8,'DMO','1800.00',248,'1',NULL,'2016-04-22 12:29:03',NULL,'2016-04-22 12:29:03','0000-00-00 00:00:00',NULL),(81,58,148,39,'2016-04-22',10,'Non AC',3,'Room Rent','2800.00',258,'1',NULL,'2016-04-22 12:29:03',NULL,'2016-04-22 12:29:03','0000-00-00 00:00:00',NULL),(82,58,148,39,'2016-04-22',10,'Non AC',8,'DMO','1800.00',258,'1',NULL,'2016-04-22 12:29:03',NULL,'2016-04-22 12:29:03','0000-00-00 00:00:00',NULL),(83,58,151,39,'2016-05-02',9,'ac',1,'Test','300.00',262,'1',51,'2016-05-02 16:28:27',51,'2016-05-02 16:28:27','0000-00-00 00:00:00',NULL),(84,58,172,39,'2016-05-09',10,'Non AC',3,'Room Rent','2800.00',271,'1',51,'2016-05-09 18:59:09',51,'2016-05-09 18:59:09','0000-00-00 00:00:00',NULL),(85,58,172,39,'2016-05-09',10,'Non AC',8,'DMO','2200.00',271,'1',51,'2016-05-09 18:59:09',51,'2016-05-09 18:59:09','0000-00-00 00:00:00',NULL),(86,58,178,23,'2016-05-20',11,'Deluxe',1,'Test','300.00',273,'1',51,'2016-05-20 11:07:20',51,'2016-05-20 11:07:20','0000-00-00 00:00:00',NULL),(87,58,178,23,'2016-05-20',11,'Deluxe',3,'Room Rent','2000.00',273,'1',51,'2016-05-20 11:07:20',51,'2016-05-20 11:07:20','0000-00-00 00:00:00',NULL),(88,58,179,23,'2016-05-20',11,'Deluxe',1,'Test','300.00',276,'1',51,'2016-05-20 11:12:48',51,'2016-05-20 11:12:48','0000-00-00 00:00:00',NULL),(89,58,179,23,'2016-05-20',11,'Deluxe',3,'Room Rent','2000.00',276,'1',51,'2016-05-20 11:12:48',51,'2016-05-20 11:12:48','0000-00-00 00:00:00',NULL),(90,58,139,40,'2016-05-20',10,'Non AC',3,'Room Rent','2800.00',232,'1',NULL,'2016-05-20 13:11:23',NULL,'2016-05-20 13:11:23','0000-00-00 00:00:00',NULL),(91,58,139,40,'2016-05-20',10,'Non AC',8,'DMO','1800.00',232,'1',NULL,'2016-05-20 13:11:23',NULL,'2016-05-20 13:11:23','0000-00-00 00:00:00',NULL),(92,58,145,27,'2016-05-20',10,'Non AC',3,'Room Rent','2800.00',248,'1',NULL,'2016-05-20 13:11:23',NULL,'2016-05-20 13:11:23','0000-00-00 00:00:00',NULL),(93,58,145,27,'2016-05-20',10,'Non AC',8,'DMO','1800.00',248,'1',NULL,'2016-05-20 13:11:23',NULL,'2016-05-20 13:11:23','0000-00-00 00:00:00',NULL),(125,58,180,27,'2016-05-18',9,'ac',1,'Test','300.00',280,'1',51,'2016-05-20 16:22:31',51,'2016-05-20 16:22:31','0000-00-00 00:00:00',NULL),(126,58,180,27,'2016-05-19',9,'ac',1,'Test','300.00',280,'1',51,'2016-05-20 16:22:31',51,'2016-05-20 16:22:31','0000-00-00 00:00:00',NULL),(127,58,180,27,'2016-05-20',9,'ac',1,'Test','300.00',280,'1',51,'2016-05-20 16:22:31',51,'2016-05-20 16:22:31','0000-00-00 00:00:00',NULL),(128,58,180,27,'2016-05-18',9,'ac',1,'Test','300.00',280,'1',51,'2016-05-20 16:40:06',51,'2016-05-20 16:40:06','0000-00-00 00:00:00',NULL),(129,58,180,27,'2016-05-19',9,'ac',1,'Test','300.00',280,'1',51,'2016-05-20 16:40:06',51,'2016-05-20 16:40:06','0000-00-00 00:00:00',NULL),(130,58,180,27,'2016-05-20',9,'ac',1,'Test','300.00',280,'1',51,'2016-05-20 16:40:07',51,'2016-05-20 16:40:07','0000-00-00 00:00:00',NULL),(143,58,181,27,'2016-05-10',10,'Non AC',3,'Room Rent','2820.00',286,'1',51,'2016-05-20 16:44:34',51,'2016-05-20 16:44:34','0000-00-00 00:00:00',NULL),(144,58,181,27,'2016-05-10',10,'Non AC',8,'DMO','2200.00',286,'1',51,'2016-05-20 16:44:34',51,'2016-05-20 16:44:34','0000-00-00 00:00:00',NULL),(145,58,181,27,'2016-05-11',10,'Non AC',3,'Room Rent','2820.00',286,'1',51,'2016-05-20 16:44:34',51,'2016-05-20 16:44:34','0000-00-00 00:00:00',NULL),(146,58,181,27,'2016-05-11',10,'Non AC',8,'DMO','2200.00',286,'1',51,'2016-05-20 16:44:34',51,'2016-05-20 16:44:34','0000-00-00 00:00:00',NULL),(147,58,181,27,'2016-05-12',10,'Non AC',3,'Room Rent','2820.00',286,'1',51,'2016-05-20 16:44:34',51,'2016-05-20 16:44:34','0000-00-00 00:00:00',NULL),(148,58,181,27,'2016-05-12',10,'Non AC',8,'DMO','2200.00',286,'1',51,'2016-05-20 16:44:35',51,'2016-05-20 16:44:35','0000-00-00 00:00:00',NULL),(149,58,181,27,'2016-05-13',10,'Non AC',3,'Room Rent','2820.00',286,'1',51,'2016-05-20 16:44:35',51,'2016-05-20 16:44:35','0000-00-00 00:00:00',NULL),(150,58,181,27,'2016-05-13',10,'Non AC',8,'DMO','2200.00',286,'1',51,'2016-05-20 16:44:35',51,'2016-05-20 16:44:35','0000-00-00 00:00:00',NULL),(151,58,181,27,'2016-05-14',10,'Non AC',3,'Room Rent','2820.00',286,'1',51,'2016-05-20 16:44:35',51,'2016-05-20 16:44:35','0000-00-00 00:00:00',NULL),(152,58,181,27,'2016-05-14',10,'Non AC',8,'DMO','2200.00',286,'1',51,'2016-05-20 16:44:35',51,'2016-05-20 16:44:35','0000-00-00 00:00:00',NULL),(153,58,181,27,'2016-05-15',10,'Non AC',3,'Room Rent','2820.00',286,'1',51,'2016-05-20 16:44:35',51,'2016-05-20 16:44:35','0000-00-00 00:00:00',NULL),(154,58,181,27,'2016-05-15',10,'Non AC',8,'DMO','2200.00',286,'1',51,'2016-05-20 16:44:35',51,'2016-05-20 16:44:35','0000-00-00 00:00:00',NULL),(155,58,181,27,'2016-05-16',10,'Non AC',3,'Room Rent','2820.00',286,'1',51,'2016-05-20 16:44:35',51,'2016-05-20 16:44:35','0000-00-00 00:00:00',NULL),(156,58,181,27,'2016-05-16',10,'Non AC',8,'DMO','2200.00',286,'1',51,'2016-05-20 16:44:35',51,'2016-05-20 16:44:35','0000-00-00 00:00:00',NULL),(157,58,181,27,'2016-05-17',10,'Non AC',3,'Room Rent','2820.00',286,'1',51,'2016-05-20 16:44:35',51,'2016-05-20 16:44:35','0000-00-00 00:00:00',NULL),(158,58,181,27,'2016-05-17',10,'Non AC',8,'DMO','2200.00',286,'1',51,'2016-05-20 16:44:35',51,'2016-05-20 16:44:35','0000-00-00 00:00:00',NULL),(159,58,181,27,'2016-05-18',10,'Non AC',3,'Room Rent','2820.00',286,'1',51,'2016-05-20 16:44:35',51,'2016-05-20 16:44:35','0000-00-00 00:00:00',NULL),(160,58,181,27,'2016-05-18',10,'Non AC',8,'DMO','2200.00',286,'1',51,'2016-05-20 16:44:35',51,'2016-05-20 16:44:35','0000-00-00 00:00:00',NULL),(161,58,181,27,'2016-05-19',10,'Non AC',3,'Room Rent','2820.00',286,'1',51,'2016-05-20 16:44:35',51,'2016-05-20 16:44:35','0000-00-00 00:00:00',NULL),(162,58,181,27,'2016-05-19',10,'Non AC',8,'DMO','2200.00',286,'1',51,'2016-05-20 16:44:35',51,'2016-05-20 16:44:35','0000-00-00 00:00:00',NULL),(163,58,181,27,'2016-05-20',10,'Non AC',3,'Room Rent','2820.00',286,'1',51,'2016-05-20 16:44:35',51,'2016-05-20 16:44:35','0000-00-00 00:00:00',NULL),(164,58,181,27,'2016-05-20',10,'Non AC',8,'DMO','2200.00',286,'1',51,'2016-05-20 16:44:35',51,'2016-05-20 16:44:35','0000-00-00 00:00:00',NULL),(165,58,181,27,'2016-05-10',10,'Non AC',3,'Room Rent','2820.00',286,'1',51,'2016-05-20 16:47:41',51,'2016-05-20 16:47:41','0000-00-00 00:00:00',NULL),(166,58,181,27,'2016-05-10',10,'Non AC',8,'DMO','2200.00',286,'1',51,'2016-05-20 16:47:41',51,'2016-05-20 16:47:41','0000-00-00 00:00:00',NULL),(167,58,181,27,'2016-05-11',10,'Non AC',3,'Room Rent','2820.00',286,'1',51,'2016-05-20 16:47:41',51,'2016-05-20 16:47:41','0000-00-00 00:00:00',NULL),(168,58,181,27,'2016-05-11',10,'Non AC',8,'DMO','2200.00',286,'1',51,'2016-05-20 16:47:41',51,'2016-05-20 16:47:41','0000-00-00 00:00:00',NULL),(169,58,181,27,'2016-05-12',10,'Non AC',3,'Room Rent','2820.00',286,'1',51,'2016-05-20 16:47:41',51,'2016-05-20 16:47:41','0000-00-00 00:00:00',NULL),(170,58,181,27,'2016-05-12',10,'Non AC',8,'DMO','2200.00',286,'1',51,'2016-05-20 16:47:41',51,'2016-05-20 16:47:41','0000-00-00 00:00:00',NULL),(171,58,181,27,'2016-05-13',10,'Non AC',3,'Room Rent','2820.00',286,'1',51,'2016-05-20 16:47:41',51,'2016-05-20 16:47:41','0000-00-00 00:00:00',NULL),(172,58,181,27,'2016-05-13',10,'Non AC',8,'DMO','2200.00',286,'1',51,'2016-05-20 16:47:41',51,'2016-05-20 16:47:41','0000-00-00 00:00:00',NULL),(173,58,181,27,'2016-05-14',10,'Non AC',3,'Room Rent','2820.00',286,'1',51,'2016-05-20 16:47:41',51,'2016-05-20 16:47:41','0000-00-00 00:00:00',NULL),(174,58,181,27,'2016-05-14',10,'Non AC',8,'DMO','2200.00',286,'1',51,'2016-05-20 16:47:41',51,'2016-05-20 16:47:41','0000-00-00 00:00:00',NULL),(175,58,181,27,'2016-05-15',10,'Non AC',3,'Room Rent','2820.00',286,'1',51,'2016-05-20 16:47:41',51,'2016-05-20 16:47:41','0000-00-00 00:00:00',NULL),(176,58,181,27,'2016-05-15',10,'Non AC',8,'DMO','2200.00',286,'1',51,'2016-05-20 16:47:41',51,'2016-05-20 16:47:41','0000-00-00 00:00:00',NULL),(177,58,181,27,'2016-05-16',10,'Non AC',3,'Room Rent','2820.00',286,'1',51,'2016-05-20 16:47:41',51,'2016-05-20 16:47:41','0000-00-00 00:00:00',NULL),(178,58,181,27,'2016-05-16',10,'Non AC',8,'DMO','2200.00',286,'1',51,'2016-05-20 16:47:41',51,'2016-05-20 16:47:41','0000-00-00 00:00:00',NULL),(179,58,181,27,'2016-05-17',10,'Non AC',3,'Room Rent','2820.00',286,'1',51,'2016-05-20 16:47:42',51,'2016-05-20 16:47:42','0000-00-00 00:00:00',NULL),(180,58,181,27,'2016-05-17',10,'Non AC',8,'DMO','2200.00',286,'1',51,'2016-05-20 16:47:42',51,'2016-05-20 16:47:42','0000-00-00 00:00:00',NULL),(181,58,181,27,'2016-05-18',10,'Non AC',3,'Room Rent','2820.00',286,'1',51,'2016-05-20 16:47:42',51,'2016-05-20 16:47:42','0000-00-00 00:00:00',NULL),(182,58,181,27,'2016-05-18',10,'Non AC',8,'DMO','2200.00',286,'1',51,'2016-05-20 16:47:42',51,'2016-05-20 16:47:42','0000-00-00 00:00:00',NULL),(183,58,181,27,'2016-05-19',10,'Non AC',3,'Room Rent','2820.00',286,'1',51,'2016-05-20 16:47:42',51,'2016-05-20 16:47:42','0000-00-00 00:00:00',NULL),(184,58,181,27,'2016-05-19',10,'Non AC',8,'DMO','2200.00',286,'1',51,'2016-05-20 16:47:42',51,'2016-05-20 16:47:42','0000-00-00 00:00:00',NULL),(185,58,181,27,'2016-05-20',10,'Non AC',3,'Room Rent','2820.00',286,'1',51,'2016-05-20 16:47:42',51,'2016-05-20 16:47:42','0000-00-00 00:00:00',NULL),(186,58,181,27,'2016-05-20',10,'Non AC',8,'DMO','2200.00',286,'1',51,'2016-05-20 16:47:42',51,'2016-05-20 16:47:42','0000-00-00 00:00:00',NULL),(187,58,183,39,'2016-05-24',9,'ac',1,'Test','300.00',288,'1',51,'2016-05-24 14:06:51',51,'2016-05-24 14:06:51','0000-00-00 00:00:00',NULL);

/*Table structure for table `pat_billing_room_charge_history` */

DROP TABLE IF EXISTS `pat_billing_room_charge_history`;

CREATE TABLE `pat_billing_room_charge_history` (
  `charge_hist_id` int(11) NOT NULL AUTO_INCREMENT,
  `tenant_id` int(11) NOT NULL,
  `encounter_id` int(11) NOT NULL,
  `patient_id` int(11) NOT NULL,
  `from_date` date NOT NULL,
  `to_date` date DEFAULT NULL,
  `charge_item_id` int(11) NOT NULL,
  `room_type_id` int(11) NOT NULL,
  `charge` decimal(10,2) NOT NULL,
  `status` enum('0','1') DEFAULT '1',
  `created_by` int(11) NOT NULL,
  `created_at` timestamp NOT NULL DEFAULT CURRENT_TIMESTAMP,
  `modified_by` int(11) DEFAULT NULL,
  `modified_at` timestamp NULL DEFAULT NULL,
  `deleted_at` timestamp NULL DEFAULT '0000-00-00 00:00:00',
  PRIMARY KEY (`charge_hist_id`),
  KEY `FK_pat_billing_room_charge_history_tenant` (`tenant_id`),
  KEY `FK_pat_billing_room_charge_history_encounter` (`encounter_id`),
  KEY `FK_pat_billing_room_charge_history_patient` (`patient_id`),
  KEY `FK_pat_billing_room_charge_history_room_type` (`room_type_id`),
  KEY `FK_pat_billing_room_charge_history_charge_item` (`charge_item_id`),
  CONSTRAINT `FK_pat_billing_room_charge_history_charge_item` FOREIGN KEY (`charge_item_id`) REFERENCES `co_room_charge_item` (`charge_item_id`) ON DELETE NO ACTION ON UPDATE CASCADE,
  CONSTRAINT `FK_pat_billing_room_charge_history_encounter` FOREIGN KEY (`encounter_id`) REFERENCES `pat_encounter` (`encounter_id`) ON DELETE CASCADE ON UPDATE CASCADE,
  CONSTRAINT `FK_pat_billing_room_charge_history_patient` FOREIGN KEY (`patient_id`) REFERENCES `pat_patient` (`patient_id`) ON DELETE CASCADE ON UPDATE CASCADE,
  CONSTRAINT `FK_pat_billing_room_charge_history_room_type` FOREIGN KEY (`room_type_id`) REFERENCES `co_room_type` (`room_type_id`) ON UPDATE CASCADE,
  CONSTRAINT `FK_pat_billing_room_charge_history_tenant` FOREIGN KEY (`tenant_id`) REFERENCES `co_tenant` (`tenant_id`) ON DELETE CASCADE ON UPDATE CASCADE
) ENGINE=InnoDB AUTO_INCREMENT=22 DEFAULT CHARSET=latin1;

/*Data for the table `pat_billing_room_charge_history` */

insert  into `pat_billing_room_charge_history`(`charge_hist_id`,`tenant_id`,`encounter_id`,`patient_id`,`from_date`,`to_date`,`charge_item_id`,`room_type_id`,`charge`,`status`,`created_by`,`created_at`,`modified_by`,`modified_at`,`deleted_at`) values (21,58,145,27,'2016-05-20',NULL,3,10,'2820.00','1',51,'2016-05-20 13:11:42',51,'2016-05-20 13:11:42','0000-00-00 00:00:00');

/*Table structure for table `pat_consultant` */

DROP TABLE IF EXISTS `pat_consultant`;

CREATE TABLE `pat_consultant` (
  `pat_consult_id` int(11) NOT NULL AUTO_INCREMENT,
  `tenant_id` int(11) NOT NULL,
  `encounter_id` int(11) NOT NULL,
  `patient_id` int(11) NOT NULL,
  `consultant_id` int(11) NOT NULL,
  `consult_date` timestamp NOT NULL DEFAULT '0000-00-00 00:00:00',
  `notes` text,
  `charge_amount` decimal(10,2) DEFAULT '0.00',
  `proc_id` int(11) DEFAULT '0',
  `status` enum('0','1') DEFAULT '1',
  `created_by` int(11) NOT NULL,
  `created_at` timestamp NOT NULL DEFAULT CURRENT_TIMESTAMP,
  `modified_by` int(11) DEFAULT NULL,
  `modified_at` timestamp NULL DEFAULT NULL,
  `deleted_at` timestamp NULL DEFAULT '0000-00-00 00:00:00',
  PRIMARY KEY (`pat_consult_id`),
  KEY `FK_pat_consultant_tenant` (`tenant_id`),
  KEY `FK_pat_consultant_encounter` (`encounter_id`),
  KEY `FK_pat_consultant_patient` (`patient_id`),
  KEY `FK_pat_consultant_user` (`consultant_id`),
  CONSTRAINT `FK_pat_consultant_encounter` FOREIGN KEY (`encounter_id`) REFERENCES `pat_encounter` (`encounter_id`) ON DELETE CASCADE ON UPDATE CASCADE,
  CONSTRAINT `FK_pat_consultant_patient` FOREIGN KEY (`patient_id`) REFERENCES `pat_patient` (`patient_id`) ON DELETE CASCADE ON UPDATE CASCADE,
  CONSTRAINT `FK_pat_consultant_user` FOREIGN KEY (`consultant_id`) REFERENCES `co_user` (`user_id`) ON UPDATE CASCADE
) ENGINE=InnoDB AUTO_INCREMENT=50 DEFAULT CHARSET=latin1;

/*Data for the table `pat_consultant` */

insert  into `pat_consultant`(`pat_consult_id`,`tenant_id`,`encounter_id`,`patient_id`,`consultant_id`,`consult_date`,`notes`,`charge_amount`,`proc_id`,`status`,`created_by`,`created_at`,`modified_by`,`modified_at`,`deleted_at`) values (1,58,100,26,54,'2016-03-18 17:19:53','Consulted for Procedure (stomach wash)','0.00',1,'1',51,'2016-03-18 17:20:22',51,'2016-03-18 17:20:22','0000-00-00 00:00:00'),(2,58,100,26,56,'2016-03-18 17:19:53','Consulted for Procedure (stomach wash)','0.00',1,'1',51,'2016-03-18 17:20:22',51,'2016-03-18 17:20:22','0000-00-00 00:00:00'),(4,58,100,26,58,'2016-03-18 17:19:53','Consulted for Procedure (stomach wash)','0.00',1,'1',51,'2016-03-18 17:24:21',51,'2016-03-18 17:24:21','0000-00-00 00:00:00'),(5,58,107,39,54,'2016-03-21 11:39:05','Consulted for Procedure (stomach wash)','100.00',2,'1',51,'2016-03-21 11:39:17',51,'2016-03-21 11:39:17','0000-00-00 00:00:00'),(6,58,100,26,54,'2016-03-21 11:43:03','Consulted for Procedure (stomach wash)','900.00',3,'1',51,'2016-03-21 11:43:18',51,'2016-03-21 11:43:18','0000-00-00 00:00:00'),(7,58,100,26,54,'2016-03-21 11:43:35','Consulted for Procedure (stomach wash)','900.00',4,'1',51,'2016-03-21 11:43:40',51,'2016-03-21 11:43:40','0000-00-00 00:00:00'),(8,58,100,26,54,'2016-03-21 11:47:37','Consulted for Procedure (stomach wash)','900.00',5,'1',51,'2016-03-21 11:47:47',51,'2016-03-21 11:47:47','0000-00-00 00:00:00'),(9,58,100,26,54,'2016-03-21 12:57:05','Consulted for Procedure (Pulse Check)','900.00',6,'1',51,'2016-03-21 12:57:12',51,'2016-03-21 12:57:12','0000-00-00 00:00:00'),(10,58,108,40,54,'2016-03-21 15:59:43','Consulted for Procedure (stomach wash)','100.00',7,'1',51,'2016-03-21 16:00:21',51,'2016-03-21 16:00:21','0000-00-00 00:00:00'),(11,58,108,40,54,'2016-03-21 01:05:00','John','100.00',0,'1',51,'2016-03-21 16:01:19',51,'2016-03-21 16:01:19','0000-00-00 00:00:00'),(12,58,108,40,56,'2016-03-22 15:22:18','Consulted for Procedure (stomach wash)','100.00',8,'1',51,'2016-03-22 15:22:26',51,'2016-03-22 15:22:26','0000-00-00 00:00:00'),(13,58,108,40,58,'2016-03-22 15:35:27','Consulted for Procedure (Aversion)','100.00',9,'1',51,'2016-03-22 15:35:40',51,'2016-03-22 15:35:40','0000-00-00 00:00:00'),(14,58,108,40,54,'2016-03-23 15:30:24','Consulted for Procedure (Aversion)','100.00',10,'1',51,'2016-03-23 15:30:32',51,'2016-03-23 15:30:32','0000-00-00 00:00:00'),(15,58,108,40,56,'2016-03-23 15:30:24','Consulted for Procedure (Aversion)','100.00',10,'1',51,'2016-03-23 15:30:32',51,'2016-03-23 15:30:32','0000-00-00 00:00:00'),(16,58,108,40,56,'2016-03-23 15:45:54','Consulted for Procedure (stomach wash)','100.00',11,'1',51,'2016-03-23 15:46:03',51,'2016-03-23 15:46:03','0000-00-00 00:00:00'),(17,58,108,40,58,'2016-03-23 15:45:54','Consulted for Procedure (stomach wash)','100.00',11,'1',51,'2016-03-23 15:46:03',51,'2016-03-23 15:46:03','0000-00-00 00:00:00'),(18,58,121,40,54,'2016-03-28 18:11:54','Consulted for Procedure (Aversion)','100.00',12,'1',51,'2016-03-28 18:12:04',51,'2016-03-28 18:12:04','0000-00-00 00:00:00'),(19,58,121,40,56,'2016-03-28 18:11:54','Consulted for Procedure (Aversion)','100.00',12,'1',51,'2016-03-28 18:12:04',51,'2016-03-28 18:12:04','0000-00-00 00:00:00'),(20,58,127,42,54,'2016-03-29 01:25:00','','100.00',0,'1',51,'2016-03-29 15:55:30',51,'2016-03-29 15:55:30','0000-00-00 00:00:00'),(21,58,127,42,54,'2016-03-29 01:25:00','','100.00',0,'1',51,'2016-03-29 15:55:52',51,'2016-03-29 15:55:52','0000-00-00 00:00:00'),(22,58,127,42,54,'2016-03-29 15:57:00','Consulted for Procedure (Aversion)','100.00',13,'1',51,'2016-03-29 15:57:15',51,'2016-03-29 15:57:15','0000-00-00 00:00:00'),(23,58,127,42,56,'2016-03-29 15:57:00','Consulted for Procedure (Aversion)','352.00',13,'1',51,'2016-03-29 15:57:15',51,'2016-03-29 15:57:15','0000-00-00 00:00:00'),(24,58,127,42,58,'2016-03-29 15:57:00','Consulted for Procedure (Aversion)','100.00',13,'1',51,'2016-03-29 15:57:15',51,'2016-03-29 15:57:15','0000-00-00 00:00:00'),(25,58,127,42,54,'2016-03-29 16:01:13','Consulted for Procedure (Aversion)','100.00',15,'1',51,'2016-03-29 16:01:49',51,'2016-03-29 16:01:49','0000-00-00 00:00:00'),(26,58,130,42,54,'2016-03-30 06:30:00','aadddaaa','100.00',0,'1',51,'2016-03-29 19:10:40',51,'2016-03-29 19:10:40','0000-00-00 00:00:00'),(27,58,130,42,54,'2016-03-29 19:11:28','Consulted for Procedure (Aversion)','100.00',16,'1',51,'2016-03-29 19:11:34',51,'2016-03-29 19:11:34','0000-00-00 00:00:00'),(28,58,133,40,54,'2016-03-29 19:37:01','Consulted for Procedure (Aversion)','100.00',17,'1',51,'2016-03-29 19:37:08',51,'2016-03-29 19:37:08','0000-00-00 00:00:00'),(29,58,133,40,58,'2016-03-29 19:37:01','Consulted for Procedure (Aversion)','100.00',17,'1',51,'2016-03-29 19:37:08',51,'2016-03-29 19:37:08','0000-00-00 00:00:00'),(30,58,138,40,54,'2016-04-01 15:29:23','Consulted for Procedure (Aversion)','100.00',18,'1',51,'2016-04-01 15:29:30',51,'2016-04-01 15:29:30','0000-00-00 00:00:00'),(31,58,139,40,54,'2016-04-01 16:14:55','Consulted for Procedure (Aversion)','100.00',19,'1',51,'2016-04-01 16:15:04',51,'2016-04-01 16:15:04','0000-00-00 00:00:00'),(32,58,140,19,54,'2016-04-05 06:50:00','Test','100.00',0,'1',51,'2016-04-04 10:58:19',51,'2016-04-04 10:58:19','0000-00-00 00:00:00'),(33,58,146,39,54,'2016-04-21 11:22:33','Consulted for Procedure (Aversion)','100.00',20,'1',51,'2016-04-21 11:22:40',51,'2016-04-21 11:22:40','0000-00-00 00:00:00'),(34,58,148,39,56,'2016-04-28 10:50:00','Test','100.00',0,'1',51,'2016-04-28 15:19:00',51,'2016-04-28 15:19:00','0000-00-00 00:00:00'),(35,58,148,39,56,'2016-04-28 10:50:00','Testsfddsfsdf','100.00',0,'1',51,'2016-04-28 15:30:23',51,'2016-04-28 15:30:23','0000-00-00 00:00:00'),(36,58,148,39,54,'2016-04-28 15:42:40','Consulted for Procedure (Aversion)','100.00',21,'1',51,'2016-04-28 15:42:47',51,'2016-04-28 15:42:47','0000-00-00 00:00:00'),(38,58,148,39,54,'2016-04-29 11:01:25','Consulted for Procedure (Aversion)','100.00',22,'1',51,'2016-04-29 11:01:37',51,'2016-04-29 11:01:37','0000-00-00 00:00:00'),(39,58,151,39,54,'2016-05-20 11:35:00',NULL,'100.00',0,'1',51,'2016-05-09 11:08:58',51,'2016-05-09 11:08:58','0000-00-00 00:00:00'),(40,58,145,27,54,'2016-05-09 12:29:49','Consulted for Procedure (Aversion)','100.00',23,'1',51,'2016-05-09 12:29:57',51,'2016-05-09 12:29:57','0000-00-00 00:00:00'),(41,58,172,39,56,'2016-05-13 11:08:07','Consulted for Procedure (Aversion)','100.00',24,'1',51,'2016-05-13 11:08:14',51,'2016-05-13 11:08:14','0000-00-00 00:00:00'),(42,58,172,39,58,'2016-05-13 11:08:21','Consulted for Procedure (stomach wash)','100.00',25,'1',51,'2016-05-13 11:08:28',51,'2016-05-13 11:08:28','0000-00-00 00:00:00'),(43,58,172,39,58,'2016-05-17 12:44:51','Consulted for Procedure (Aversion)','100.00',26,'1',51,'2016-05-17 12:45:09',51,'2016-05-17 12:45:09','0000-00-00 00:00:00'),(44,58,172,39,56,'2016-05-17 12:44:51','Consulted for Procedure (Aversion)','100.00',26,'1',51,'2016-05-17 12:45:10',51,'2016-05-17 12:45:10','0000-00-00 00:00:00'),(47,58,183,39,54,'2016-05-24 14:25:00','eerrr','100.00',0,'1',51,'2016-05-24 15:23:43',51,'2016-05-24 15:23:43','0000-00-00 00:00:00'),(48,58,183,39,58,'2016-05-24 15:24:16','Consulted for Procedure (Aversion)','100.00',28,'1',51,'2016-05-24 15:24:26',51,'2016-05-24 15:24:26','0000-00-00 00:00:00'),(49,58,184,23,54,'2016-05-25 12:19:14','Consulted for Procedure (Aversion)','100.00',29,'1',51,'2016-05-25 12:19:27',51,'2016-05-25 12:19:27','0000-00-00 00:00:00');

/*Table structure for table `pat_document_types` */

DROP TABLE IF EXISTS `pat_document_types`;

CREATE TABLE `pat_document_types` (
  `doc_type_id` int(11) NOT NULL AUTO_INCREMENT,
  `tenant_id` int(11) NOT NULL,
  `doc_type` enum('CH') NOT NULL DEFAULT 'CH',
  `doc_type_name` varchar(50) NOT NULL,
  `document_xml` longtext NOT NULL,
  `document_xslt` longtext NOT NULL,
  `status` enum('0','1') DEFAULT '1',
  `created_by` int(11) NOT NULL,
  `created_at` timestamp NOT NULL DEFAULT CURRENT_TIMESTAMP,
  `modified_by` int(11) DEFAULT NULL,
  `modified_at` timestamp NULL DEFAULT NULL,
  `deleted_at` timestamp NULL DEFAULT '0000-00-00 00:00:00',
  PRIMARY KEY (`doc_type_id`),
  KEY `FK_pat_document_types_tenant` (`tenant_id`),
  CONSTRAINT `FK_pat_document_types_tenant` FOREIGN KEY (`tenant_id`) REFERENCES `co_tenant` (`tenant_id`) ON DELETE CASCADE ON UPDATE CASCADE
) ENGINE=InnoDB AUTO_INCREMENT=2 DEFAULT CHARSET=latin1;

/*Data for the table `pat_document_types` */

insert  into `pat_document_types`(`doc_type_id`,`tenant_id`,`doc_type`,`doc_type_name`,`document_xml`,`document_xslt`,`status`,`created_by`,`created_at`,`modified_by`,`modified_at`,`deleted_at`) values (1,58,'CH','Case History','<?xml version=\"1.0\" encoding=\"utf-8\"?>\n<FIELDS>\n    <GROUP>\n        <PANELHEADER>Demographic Details</PANELHEADER>\n        <PANELBODY>\n            <FIELD id=\"name\" type=\"TextBox\" label=\"Name\" required=\"true\" ValidationGroup=\"Main\">\n                <PROPERTIES>\n                    <PROPERTY name=\"ID\">txtName</PROPERTY>\n                    <PROPERTY name=\"Width\">150px</PROPERTY>\n                    <PROPERTY name=\"class\">form-control</PROPERTY>\n                    <PROPERTY name=\"AutoCompleteType\">None</PROPERTY>\n                    <PROPERTY name=\"ValidationGroup\">Main</PROPERTY>\n                    <PROPERTY name=\"name\">name</PROPERTY>\n                </PROPERTIES>\n                <value></value>\n            </FIELD>\n\n            <FIELD id=\"age\" type=\"TextBox\" label=\"Age\" required=\"true\" ValidationGroup=\"Main\" Backtext=\" Years\">\n                <PROPERTIES>\n                    <PROPERTY name=\"ID\">txtage</PROPERTY>\n                    <PROPERTY name=\"Width\">25px</PROPERTY>\n                    <PROPERTY name=\"class\">form-control</PROPERTY>\n                    <PROPERTY name=\"ValidationGroup\">Main</PROPERTY>\n                    <PROPERTY name=\"ToolTip\">Type only numbers</PROPERTY>\n                    <PROPERTY name=\"onkeydown\">return isNumericKeyStroke()</PROPERTY>\n                    <PROPERTY name=\"MaxLength\">3</PROPERTY>\n                    <PROPERTY name=\"name\">age</PROPERTY>\n                </PROPERTIES>\n                <value></value>\n            </FIELD>\n            \n            <FIELD id=\"gender\" type=\"RadioButtonList\" label=\"Gender\" required=\"true\">\n                <PROPERTIES>\n                    <PROPERTY name=\"ID\">RBGender</PROPERTY>\n                    <PROPERTY name=\"RepeatDirection\">Horizontal</PROPERTY>\n                    <PROPERTY name=\"RepeatLayout\">Table</PROPERTY>\n                    <PROPERTY name=\"TextAlign\">Right</PROPERTY>\n                    <PROPERTY name=\"RepeatColumns\">6</PROPERTY>\n                    <PROPERTY name=\"name\">gender</PROPERTY>\n                    <PROPERTY name=\"ValidationGroup\">Main</PROPERTY>\n                </PROPERTIES>\n                <LISTITEMS>\n                    <LISTITEM value=\"Male\" onclick=\"showmenstrual(\'RPMens\',\'none\');\">Male</LISTITEM>\n                    <LISTITEM value=\"Female\" onclick=\"showmenstrual(\'RPMens\',\'block\');\">Female</LISTITEM>\n                </LISTITEMS>\n                <value></value>\n            </FIELD>\n            \n            <FIELD id=\"address\" type=\"TextBox\" label=\"Address\" required=\"true\">\n                <PROPERTIES>\n                    <PROPERTY name=\"ID\">txtAddress</PROPERTY>\n                    <PROPERTY name=\"Width\">100%</PROPERTY>\n                    <PROPERTY name=\"Height\">100px</PROPERTY>\n                    <PROPERTY name=\"class\">form-control</PROPERTY>\n                    <PROPERTY name=\"TextMode\">Multiline</PROPERTY>\n                    <PROPERTY name=\"ValidationGroup\">Main</PROPERTY>\n                    <PROPERTY name=\"name\">address</PROPERTY>\n                </PROPERTIES>\n                <value></value>\n            </FIELD>\n            \n            <FIELD id=\"referral_details\" type=\"CheckBoxList\" label=\"Referral Details\" validation=\"CheckBoxCustom\" ValidationFn=\"ValidateModuleList\" Others=\"TextBox\" Othersid=\"Txtotherrefer\">\n                <PROPERTIES>\n                    <PROPERTY name=\"ID\">RBRefferals</PROPERTY>\n                    <PROPERTY name=\"RepeatDirection\">Horizontal</PROPERTY>\n                    <PROPERTY name=\"RepeatLayout\">Table</PROPERTY>\n                    <PROPERTY name=\"TextAlign\">Right</PROPERTY>\n                    <PROPERTY name=\"RepeatColumns\">6</PROPERTY>\n                    <PROPERTY name=\"ValidationGroup\">Main</PROPERTY>\n                    <PROPERTY name=\"name\">referral_details[]</PROPERTY>\n                </PROPERTIES>\n                <LISTITEMS>\n                    <LISTITEM value=\"Self\" Selected=\"False\">Self</LISTITEM>\n                    <LISTITEM value=\"General Practitioner\" Selected=\"False\">General Practitioner</LISTITEM>\n                    <LISTITEM value=\"Neighbours\" Selected=\"False\">Neighbours</LISTITEM>\n                    <LISTITEM value=\"Traditional healer\" Selected=\"False\">Traditional healer</LISTITEM>\n                    <LISTITEM value=\"Other patient\" Selected=\"False\">Other patient</LISTITEM>\n                    <LISTITEM value=\"Other psychiatrist\" Selected=\"False\">Other psychiatrist</LISTITEM>\n                    <LISTITEM value=\"Media\" Selected=\"False\">Media</LISTITEM>\n                    <LISTITEM value=\"Others\" Selected=\"False\" onclick=\"OThersvisible(\'labelwithtext\',this.id,\'Txtotherrefer\',\'block\',\'\');\">Others</LISTITEM>\n                </LISTITEMS>\n            </FIELD>\n                      \n            <FIELD id=\"education\" type=\"RadioButtonList\" required=\"true\" label=\"Education\" ValidationGroup=\"Main\" Backcontrols=\"true\" Backdivid=\"divedunote\">\n                <PROPERTIES>\n                    <PROPERTY name=\"ID\">RBEducation</PROPERTY>\n                    <PROPERTY name=\"RepeatDirection\">Horizontal</PROPERTY>\n                    <PROPERTY name=\"RepeatLayout\">Table</PROPERTY>\n                    <PROPERTY name=\"TextAlign\">Right</PROPERTY>\n                    <PROPERTY name=\"RepeatColumns\">6</PROPERTY>\n                    <PROPERTY name=\"name\">education</PROPERTY>\n                    <PROPERTY name=\"ValidationGroup\">Main</PROPERTY>\n                </PROPERTIES>\n                <LISTITEMS>\n                    <LISTITEM value=\"Not Educated\" Selected=\"False\" onclick=\"OThersvisible(\'labelwithtext\',this.id,\'divedunote\',\'block\',\'\');\">Not Educated</LISTITEM>\n                    <LISTITEM value=\"Primary\" Selected=\"False\" onclick=\"OThersvisible(\'labelwithtext\',this.id,\'divedunote\',\'block\',\'\');\">Primary</LISTITEM>\n                    <LISTITEM value=\"High School\" Selected=\"False\" onclick=\"  OThersvisible(\'labelwithtext\',this.id,\'divedunote\',\'block\',\'\');\">High School</LISTITEM>\n                    <LISTITEM value=\"Graduate\" Selected=\"False\" onclick=\" OThersvisible(\'labelwithtext\',this.id,\'divedunote\',\'block\',\'\');\">Graduate</LISTITEM>\n                    <LISTITEM value=\"Post Graduate\" Selected=\"False\" onclick=\" OThersvisible(\'labelwithtext\',this.id,\'divedunote\',\'block\',\'\');\">Post Graduate</LISTITEM>\n                    <LISTITEM value=\"Other\" Selected=\"False\" onclick=\"OThersvisible(\'labelwithtext\',this.id,\'divedunote\',\'block\',\'\');\">Others</LISTITEM>\n                </LISTITEMS>\n                <value></value>\n                <FIELD type=\"TextBox\" label=\"Notes\">\n                    <PROPERTIES>\n                        <PROPERTY name=\"ID\">txtedunote</PROPERTY>\n                        <PROPERTY name=\"Width\">150px</PROPERTY>\n                        <PROPERTY name=\"class\">form-control</PROPERTY>\n                        <PROPERTY name=\"ValidationGroup\">divedunote</PROPERTY>\n                        <PROPERTY name=\"Text\">\n                        </PROPERTY>\n                    </PROPERTIES>\n                </FIELD>\n            </FIELD>\n                      \n            <FIELD type=\"RadioButtonList\" label=\"Occupation\" required=\"true\" ValidationGroup=\"Main\" Backcontrols=\"true\" Backdivid=\"divoccunote\">\n                <PROPERTIES>\n                    <PROPERTY name=\"ID\">RBoccupation</PROPERTY>\n                    <PROPERTY name=\"RepeatDirection\">Horizontal</PROPERTY>\n                    <PROPERTY name=\"RepeatLayout\">Table</PROPERTY>\n                    <PROPERTY name=\"TextAlign\">Right</PROPERTY>\n                    <PROPERTY name=\"RepeatColumns\">6</PROPERTY>\n                    <PROPERTY name=\"name\">occupation</PROPERTY>\n                    <PROPERTY name=\"ValidationGroup\">Main</PROPERTY>\n                </PROPERTIES>\n                <LISTITEMS>\n                    <LISTITEM value=\"Employed\" Selected=\"False\" onclick=\"OThersvisible(\'labelwithtext\',this.id,\'divoccunote\',\'block\',\'\');\">Employed</LISTITEM>\n                    <LISTITEM value=\"UnEmployed\" Selected=\"False\" onclick=\"OThersvisible(\'labelwithtext\',this.id,\'divoccunote\',\'block\',\'\');\">UnEmployed</LISTITEM>\n                    <LISTITEM value=\"Homemaker\" Selected=\"False\" onclick=\"OThersvisible(\'labelwithtext\',this.id,\'divoccunote\',\'block\',\'\');\">Homemaker</LISTITEM>\n                    <LISTITEM value=\"Student\" Selected=\"False\" onclick=\"OThersvisible(\'labelwithtext\',this.id,\'divoccunote\',\'block\',\'\');\">Student</LISTITEM>\n                </LISTITEMS>\n                <FIELD type=\"TextBox\" label=\"Notes\">\n                    <PROPERTIES>\n                        <PROPERTY name=\"ID\">txtoccunote</PROPERTY>\n                        <PROPERTY name=\"Width\">150px</PROPERTY>\n                        <PROPERTY name=\"class\">form-control</PROPERTY>\n                        <PROPERTY name=\"ValidationGroup\">divoccunote</PROPERTY>\n                        <PROPERTY name=\"Text\">\n                        </PROPERTY>\n                    </PROPERTIES>\n                </FIELD>\n            </FIELD>\n            \n            <FIELD type=\"RadioButtonList\" label=\"Martial Status\" required=\"true\" ValidationGroup=\"Main\">\n                <PROPERTIES>\n                    <PROPERTY name=\"ID\">RBMartial</PROPERTY>\n                    <PROPERTY name=\"RepeatDirection\">Horizontal</PROPERTY>\n                    <PROPERTY name=\"RepeatLayout\">Table</PROPERTY>\n                    <PROPERTY name=\"TextAlign\">Right</PROPERTY>\n                    <PROPERTY name=\"RepeatColumns\">6</PROPERTY>\n                    <PROPERTY name=\"name\">martial_status</PROPERTY>\n                    <PROPERTY name=\"ValidationGroup\">Main</PROPERTY>\n                </PROPERTIES>\n                <LISTITEMS>\n                    <LISTITEM value=\"Never married\" Selected=\"False\">Never married</LISTITEM>\n                    <LISTITEM value=\"Married\" Selected=\"False\">Married</LISTITEM>\n                    <LISTITEM value=\"Separated\" Selected=\"False\">Separated</LISTITEM>\n                    <LISTITEM value=\"Divorced\" Selected=\"False\">Divorced</LISTITEM>\n                </LISTITEMS>\n            </FIELD>\n            \n            <FIELD type=\"RadioButtonList\" label=\"Religion\" Others=\"TextBox\" Othersid=\"Txtreligionother\">\n                <PROPERTIES>\n                    <PROPERTY name=\"ID\">RBReligion</PROPERTY>\n                    <PROPERTY name=\"RepeatDirection\">Horizontal</PROPERTY>\n                    <PROPERTY name=\"RepeatLayout\">Table</PROPERTY>\n                    <PROPERTY name=\"TextAlign\">Right</PROPERTY>\n                    <PROPERTY name=\"RepeatColumns\">6</PROPERTY>\n                    <PROPERTY name=\"name\">religion</PROPERTY>\n                </PROPERTIES>\n                <LISTITEMS>\n                    <LISTITEM value=\"Hindu\" Selected=\"False\" onclick=\"OThersvisible(\'labelwithtext\',this.id,\'Txtreligionother\',\'none\',\'\');\">Hindu</LISTITEM>\n                    <LISTITEM value=\"Muslim\" Selected=\"False\" onclick=\"OThersvisible(\'labelwithtext\',this.id,\'Txtreligionother\',\'none\',\'\');\">Muslim</LISTITEM>\n                    <LISTITEM value=\"Christian\" Selected=\"False\" onclick=\"OThersvisible(\'labelwithtext\',this.id,\'Txtreligionother\',\'none\',\'\');\">Christian</LISTITEM>\n                    <LISTITEM value=\"Others\" Selected=\"False\" onclick=\"OThersvisible(\'labelwithtext\',this.id,\'Txtreligionother\',\'block\',\'\');\">Others</LISTITEM>\n                </LISTITEMS>\n            </FIELD>\n            \n            <FIELD type=\"RadioButtonList\" label=\"Status\">\n                <PROPERTIES>\n                    <PROPERTY name=\"ID\">RBstatus</PROPERTY>\n                    <PROPERTY name=\"RepeatDirection\">Horizontal</PROPERTY>\n                    <PROPERTY name=\"RepeatLayout\">Table</PROPERTY>\n                    <PROPERTY name=\"TextAlign\">Right</PROPERTY>\n                    <PROPERTY name=\"RepeatColumns\">6</PROPERTY>\n                    <PROPERTY name=\"name\">status</PROPERTY>\n                </PROPERTIES>\n                <LISTITEMS>\n                    <LISTITEM value=\"Lower\" Selected=\"False\">Lower</LISTITEM>\n                    <LISTITEM value=\"Middle\" Selected=\"False\">Middle</LISTITEM>\n                    <LISTITEM value=\"Upper\" Selected=\"False\">Upper</LISTITEM>\n                </LISTITEMS>\n            </FIELD>\n            \n            <FIELD type=\"RadioButtonList\" label=\"Place of living\">\n                <PROPERTIES>\n                    <PROPERTY name=\"ID\">RBliving</PROPERTY>\n                    <PROPERTY name=\"RepeatDirection\">Horizontal</PROPERTY>\n                    <PROPERTY name=\"RepeatLayout\">Table</PROPERTY>\n                    <PROPERTY name=\"TextAlign\">Right</PROPERTY>\n                    <PROPERTY name=\"RepeatColumns\">6</PROPERTY>\n                    <PROPERTY name=\"name\">place_of_living</PROPERTY>\n                </PROPERTIES>\n                <LISTITEMS>\n                    <LISTITEM value=\"Rural\" Selected=\"False\">Rural</LISTITEM>\n                    <LISTITEM value=\"Urban\" Selected=\"False\">Urban</LISTITEM>\n                </LISTITEMS>\n            </FIELD>\n            \n            <FIELD type=\"Header2\" label=\"Informant\"></FIELD>\n            <FIELD type=\"RadioButtonList\" label=\"Relationship\" required=\"true\" Others=\"TextBox\" Othersid=\"txtrelationother\">\n                <PROPERTIES>\n                    <PROPERTY name=\"ID\">RBRelation</PROPERTY>\n                    <PROPERTY name=\"RepeatDirection\">Horizontal</PROPERTY>\n                    <PROPERTY name=\"RepeatLayout\">Table</PROPERTY>\n                    <PROPERTY name=\"TextAlign\">Right</PROPERTY>\n                    <PROPERTY name=\"RepeatColumns\">10</PROPERTY>\n                    <PROPERTY name=\"name\">relationship</PROPERTY>\n                    <PROPERTY name=\"ValidationGroup\">Main</PROPERTY>\n                </PROPERTIES>\n                <LISTITEMS>\n                    <LISTITEM value=\"Self\" Selected=\"False\" onclick=\"OThersvisible(\'labelwithtext\',this.id,\'txtrelationother\',\'none\',\'RBRelation\');\">Self</LISTITEM>\n                    <LISTITEM value=\"Father\" Selected=\"False\" onclick=\"OThersvisible(\'labelwithtext\',this.id,\'txtrelationother\',\'none\',\'RBRelation\');\">Father</LISTITEM>\n                    <LISTITEM value=\"Mother\" Selected=\"False\" onclick=\"OThersvisible(\'labelwithtext\',this.id,\'txtrelationother\',\'none\',\'RBRelation\');\">Mother</LISTITEM>\n                    <LISTITEM value=\"Sibling\" Selected=\"False\" onclick=\"OThersvisible(\'labelwithtext\',this.id,\'txtrelationother\',\'none\',\'RBRelation\');\">Sibling</LISTITEM>\n                    <LISTITEM value=\"Spouse\" Selected=\"False\" onclick=\"OThersvisible(\'labelwithtext\',this.id,\'txtrelationother\',\'none\',\'RBRelation\');\">Spouse</LISTITEM>\n                    <LISTITEM value=\"Children\" Selected=\"False\" onclick=\"OThersvisible(\'labelwithtext\',this.id,\'txtrelationother\',\'none\',\'RBRelation\');\">Children</LISTITEM>\n                    <LISTITEM value=\"Friend\" Selected=\"False\" onclick=\"OThersvisible(\'labelwithtext\',this.id,\'txtrelationother\',\'none\',\'RBRelation\');\">Friend</LISTITEM>\n                    <LISTITEM value=\"Others\" Selected=\"False\" onclick=\"OThersvisible(\'labelwithtext\',this.id,\'txtrelationother\',\'block\',\'RBRelation\');\">Others</LISTITEM>\n                </LISTITEMS>\n            </FIELD>\n            \n            <FIELD type=\"RadioButtonList\" label=\"Primary Care giver\" required=\"true\">\n                <PROPERTIES>\n                    <PROPERTY name=\"ID\">RBPrimarycare</PROPERTY>\n                    <PROPERTY name=\"RepeatDirection\">Horizontal</PROPERTY>\n                    <PROPERTY name=\"RepeatLayout\">Table</PROPERTY>\n                    <PROPERTY name=\"TextAlign\">Right</PROPERTY>\n                    <PROPERTY name=\"RepeatColumns\">10</PROPERTY>\n                    <PROPERTY name=\"name\">primary_care_giver</PROPERTY>\n                    <PROPERTY name=\"ValidationGroup\">Main</PROPERTY>\n                </PROPERTIES>\n                <LISTITEMS>\n                    <LISTITEM value=\"Yes\" Selected=\"False\">Yes</LISTITEM>\n                    <LISTITEM value=\"No\" Selected=\"False\">No</LISTITEM>\n                </LISTITEMS>\n            </FIELD>\n            \n            <FIELD type=\"TextBox\" label=\"Duration of Relationship\" Backcontrol=\"true\">\n                <PROPERTIES>\n                    <PROPERTY name=\"ID\">txtrelduration</PROPERTY>\n                    <PROPERTY name=\"Width\">45px</PROPERTY>\n                    <PROPERTY name=\"class\">form-control</PROPERTY>\n                    <PROPERTY name=\"ValidationGroup\">Main</PROPERTY>\n                    <PROPERTY name=\"MaxLength\">7</PROPERTY>\n                    <PROPERTY name=\"onkeydown\">return isNumericKeyStroke()</PROPERTY>\n                    <PROPERTY name=\"Text\">\n                    </PROPERTY>\n                </PROPERTIES>\n                <FIELD type=\"DropDownList\">\n                    <PROPERTIES>\n                        <PROPERTY name=\"ID\">ddlrelation</PROPERTY>\n                        <PROPERTY name=\"RepeatDirection\">Horizontal</PROPERTY>\n                        <PROPERTY name=\"RepeatLayout\">Table</PROPERTY>\n                        <PROPERTY name=\"TextAlign\">Right</PROPERTY>\n                        <PROPERTY name=\"RepeatColumns\">6</PROPERTY>\n                        <PROPERTY name=\"class\">form-control</PROPERTY>\n                        <PROPERTY name=\"ValidationGroup\">Main</PROPERTY>\n                    </PROPERTIES>\n                    <LISTITEMS>\n                        <LISTITEM value=\"Yrs\" Selected=\"True\">Yrs</LISTITEM>\n                        <LISTITEM value=\"Months\" Selected=\"False\">Months</LISTITEM>\n                        <LISTITEM value=\"Weeks\" Selected=\"False\">Weeks</LISTITEM>\n                        <LISTITEM value=\"Days\" Selected=\"False\">Days</LISTITEM>\n                    </LISTITEMS>\n                </FIELD>\n            </FIELD>\n            \n            <FIELD type=\"RadioButtonList\" label=\"Information\" required=\"true\">\n                <PROPERTIES>\n                    <PROPERTY name=\"ID\">RBInfo1</PROPERTY>\n                    <PROPERTY name=\"RepeatDirection\">Horizontal</PROPERTY>\n                    <PROPERTY name=\"RepeatLayout\">Table</PROPERTY>\n                    <PROPERTY name=\"TextAlign\">Right</PROPERTY>\n                    <PROPERTY name=\"RepeatColumns\">10</PROPERTY>\n                    <PROPERTY name=\"ValidationGroup\">Main</PROPERTY>\n                    <PROPERTY name=\"name\">information</PROPERTY>\n                </PROPERTIES>\n                <LISTITEMS>\n                    <LISTITEM value=\"Reliable\" Selected=\"False\">Reliable</LISTITEM>\n                    <LISTITEM value=\"Unreliable\" Selected=\"False\">Unreliable</LISTITEM>\n                    <LISTITEM value=\"Adequate\" Selected=\"False\">Adequate</LISTITEM>\n                    <LISTITEM value=\"Inadequate\" Selected=\"False\">Inadequate</LISTITEM>\n                </LISTITEMS>\n            </FIELD>\n        </PANELBODY>\n    </GROUP>\n</FIELDS>','<?xml version=\"1.0\" encoding=\"UTF-8\"?>\n<xsl:stylesheet xmlns:xsl=\"http://www.w3.org/1999/XSL/Transform\" version=\"1.0\">\n    <xsl:output method=\"html\"/>\n    <xsl:template match=\"/\">\n        <form method=\"post\" id=\"xmlform\">\n            <input type=\"hidden\" id=\"encounter_id\" name=\"encounter_id\"/>\n            <input type=\"hidden\" id=\"patient_id\" name=\"patient_id\"/>\n            <xsl:for-each select=\"FIELDS/GROUP\">\n                <div class=\"panel panel-default\">\n                    <div class=\"panel-heading\">\n                        <b> \n                            <xsl:value-of select=\"PANELHEADER\" /> \n                        </b>\n                    </div>\n                \n                    <xsl:for-each select=\"PANELBODY\">\n                        <div class=\"panel-body\">\n                            <xsl:for-each select=\"FIELD\">\n                                <xsl:choose>\n                                    <xsl:when test=\"@type=\'TextBox\'\">\n                                        <div class=\"form-group\">\n                                            <label class=\"col-sm-3 control-label\">\n                                                <xsl:value-of select=\"@label\" />\n                                                <xsl:if test=\"@required=\'true\'\">\n                                                    <span class=\"required\"> *</span>\n                                                </xsl:if>\n                                            </label>\n                                            <div class=\"col-sm-9\">\n                                                <input type=\"text\">\n                                                    <xsl:attribute name=\"value\">\n                                                        <xsl:value-of select=\"value\"></xsl:value-of>\n                                                    </xsl:attribute>\n                                                    <xsl:for-each select=\"PROPERTIES/PROPERTY\">\n                                                        <xsl:attribute name=\"{@name}\">\n                                                            <xsl:value-of select=\"current()\"></xsl:value-of>\n                                                        </xsl:attribute>\n                                                    </xsl:for-each>\n                                                </input>\n                                                <xsl:if test=\"FIELD\">\n                                                    <xsl:for-each select=\"FIELD\">\n                                                        <xsl:choose>\n                                                            <xsl:when test=\"@type=\'DropDownList\'\">\n                                                                <select>\n                                                                    <xsl:for-each select=\"PROPERTIES/PROPERTY\">\n                                                                        <xsl:attribute name=\"{@name}\">\n                                                                            <xsl:value-of select=\"current()\"></xsl:value-of>\n                                                                        </xsl:attribute>\n                                                                    </xsl:for-each>\n                                                                    <xsl:for-each select=\"LISTITEMS/LISTITEM\">\n                                                                        <option>\n                                                                            <xsl:attribute name=\"value\">\n                                                                                <xsl:value-of select=\"@value\"></xsl:value-of>\n                                                                            </xsl:attribute>\n                                                                            <xsl:attribute name=\"selected\">\n                                                                                <xsl:value-of select=\"@selected\"></xsl:value-of>\n                                                                            </xsl:attribute>\n                                                                            <xsl:value-of select=\"@value\"></xsl:value-of>\n                                                                        </option>\n                                                                    </xsl:for-each>\n                                                                </select>\n                                                            </xsl:when>\n                                                        </xsl:choose>\n                                                    </xsl:for-each>\n                                                </xsl:if>\n                                            </div>\n                                        </div>\n                                        <div class=\"line line-dashed b-b line-lg \"></div>\n                                    </xsl:when> \n                                                              \n                                    <xsl:when test=\"@type=\'RadioButtonList\'\">\n                                        <div class=\"form-group\">\n                                            <label class=\"col-sm-3 control-label\">\n                                                <xsl:value-of select=\"@label\" />\n                                                <xsl:if test=\"@required=\'true\'\">\n                                                    <span class=\"required\"> *</span>\n                                                </xsl:if>\n                                            </label>\n                                            <div class=\"col-sm-9\">\n                                                <xsl:variable name=\"selectedvalue\" select=\"value\"/>\n                                                <xsl:for-each select=\"LISTITEMS/LISTITEM\">\n                                                    <input type=\"radio\">\n                                                        <xsl:attribute name=\"value\">\n                                                            <xsl:value-of select=\"@value\"></xsl:value-of>\n                                                        </xsl:attribute>\n                                                        <xsl:if test=\"@value = $selectedvalue\">\n                                                            <xsl:attribute name=\"checked\">\n                                                                <xsl:text>checked</xsl:text>\n                                                            </xsl:attribute>\n                                                        </xsl:if>\n                                                        <xsl:attribute name=\"onclick\">\n                                                            <xsl:value-of select=\"@onclick\"></xsl:value-of>\n                                                        </xsl:attribute>\n                                                        <xsl:for-each select=\"../../PROPERTIES/PROPERTY\">\n                                                            <xsl:attribute name=\"{@name}\">\n                                                                <xsl:value-of select=\"current()\"></xsl:value-of>\n                                                            </xsl:attribute>\n                                                        </xsl:for-each>\n                                                    </input>\n                                                    <xsl:value-of select=\"current()\"></xsl:value-of>&#160;\n                                                </xsl:for-each>\n                                                <xsl:if test=\"@Others=\'TextBox\'\">\n                                                    <input type=\"text\" style=\"display:none;\"  id=\"{@Othersid}\" ValidationGroup=\"{@Othersid}\">\n                                                        <xsl:if test=\"@Othersval!=\'\'\">\n                                                            <xsl:attribute name=\"style\">display:block;</xsl:attribute>\n                                                            <xsl:attribute name=\"Text\">\n                                                                <xsl:value-of select=\"@Othersval\"/>\n                                                            </xsl:attribute>\n                                                        </xsl:if>\n                                                    </input>\n                                                    <!--<asp:RequiredFieldValidator  display=\"Dynamic\" CssClass=\"required\" ErrorMessage=\"Required\"  SetFocusOnError=\"true\" runat=\"server\" ControlToValidate=\"{@Othersid}\"  ValidationGroup=\"{@Othersid}\" />-->\n                                                </xsl:if>\n                                                <br></br>\n                                                <xsl:if test=\"FIELD\">\n                                                    <xsl:for-each select=\"FIELD\">\n                                                        <xsl:choose>\n                                                            <xsl:when test=\"@type=\'TextBox\'\">\n                                                                <xsl:value-of select=\"@label\" />\n                                                                <input type=\"text\">\n                                                                    <xsl:for-each select=\"PROPERTIES/PROPERTY\">\n                                                                        <xsl:attribute name=\"{@name}\">\n                                                                            <xsl:value-of select=\"current()\"></xsl:value-of>\n                                                                        </xsl:attribute>\n                                                                    </xsl:for-each>\n                                                                </input>\n                                                            </xsl:when>\n                                                        </xsl:choose>\n                                                    </xsl:for-each>\n                                                </xsl:if>\n                                            </div>\n                                        </div>\n                                        <div class=\"line line-dashed b-b line-lg \"></div>\n                                    </xsl:when>\n                                \n                                    <xsl:when test=\"@type=\'CheckBoxList\'\">\n                                        <div class=\"form-group\">\n                                            <label class=\"col-sm-3 control-label\">\n                                                <xsl:value-of select=\"@label\" />\n                                                <xsl:if test=\"@required=\'true\'\">\n                                                    <span class=\"required\"> *</span>\n                                                </xsl:if>\n                                            </label>\n                                            <div class=\"col-sm-9\">\n                                                <xsl:for-each select=\"LISTITEMS/LISTITEM\">\n                                                    <input type=\"checkbox\">\n                                                        <xsl:attribute name=\"value\">\n                                                            <xsl:value-of select=\"@value\"></xsl:value-of>\n                                                        </xsl:attribute>\n                                                        <xsl:if test=\"@Selected = \'true\'\">\n                                                            <xsl:attribute name=\"checked\">\n                                                                <xsl:text>checked</xsl:text>\n                                                            </xsl:attribute>\n                                                        </xsl:if>\n                                                        <xsl:attribute name=\"onclick\">\n                                                            <xsl:value-of select=\"@onclick\"></xsl:value-of>\n                                                        </xsl:attribute>\n                                                        <xsl:for-each select=\"../../PROPERTIES/PROPERTY\">\n                                                            <xsl:attribute name=\"{@name}\">\n                                                                <xsl:value-of select=\"current()\"></xsl:value-of>\n                                                            </xsl:attribute>\n                                                        </xsl:for-each>\n                                                    </input>\n                                                    <xsl:value-of select=\"current()\"></xsl:value-of>&#160;\n                                                </xsl:for-each>\n                                                <xsl:if test=\"@Others=\'TextBox\'\">\n                                                    <input type=\"text\" style=\"display:none;\"  id=\"{@Othersid}\" ValidationGroup=\"{@Othersid}\">\n                                                        <xsl:if test=\"@Othersval!=\'\'\">\n                                                            <xsl:attribute name=\"style\">display:block;</xsl:attribute>\n                                                            <xsl:attribute name=\"Text\">\n                                                                <xsl:value-of select=\"@Othersval\"/>\n                                                            </xsl:attribute>\n                                                        </xsl:if>\n                                                    </input>\n                                                    <!--<asp:RequiredFieldValidator  display=\"Dynamic\" CssClass=\"required\" ErrorMessage=\"Required\"  SetFocusOnError=\"true\" runat=\"server\" ControlToValidate=\"{@Othersid}\"  ValidationGroup=\"{@Othersid}\" />-->\n                                                </xsl:if>\n                                            </div>\n                                        </div>\n                                        <div class=\"line line-dashed b-b line-lg \"></div>\n                                    </xsl:when>\n                                \n                                    <xsl:when test=\"@type=\'Header2\'\">\n                                        <div class=\"panel-heading\">\n                                            <b> \n                                                <xsl:value-of select=\"@label\" /> \n                                            </b>\n                                        </div>\n                                    </xsl:when>\n                                </xsl:choose>\n                            </xsl:for-each>\n                        </div>\n                    </xsl:for-each>\n                </div>\n            </xsl:for-each>\n        </form>\n    </xsl:template>\n</xsl:stylesheet>','1',-1,'2016-05-31 11:56:21',51,'2016-06-04 11:27:37','0000-00-00 00:00:00');

/*Table structure for table `pat_documents` */

DROP TABLE IF EXISTS `pat_documents`;

CREATE TABLE `pat_documents` (
  `doc_id` int(11) NOT NULL AUTO_INCREMENT,
  `tenant_id` int(11) NOT NULL,
  `patient_id` int(11) NOT NULL,
  `doc_type_id` int(11) NOT NULL,
  `encounter_id` int(11) NOT NULL,
  `document_xml` longtext,
  `status` enum('0','1') DEFAULT '1',
  `created_by` int(11) NOT NULL,
  `created_at` timestamp NOT NULL DEFAULT CURRENT_TIMESTAMP,
  `modified_by` int(11) DEFAULT NULL,
  `modified_at` timestamp NULL DEFAULT NULL,
  `deleted_at` timestamp NULL DEFAULT '0000-00-00 00:00:00',
  PRIMARY KEY (`doc_id`),
  KEY `FK_pat_documents_tenant` (`tenant_id`),
  KEY `FK_pat_documents_encounter` (`encounter_id`),
  KEY `FK_pat_documents_patient` (`patient_id`),
  KEY `FK_pat_documents_doc_type` (`doc_type_id`),
  CONSTRAINT `FK_pat_documents_doc_type` FOREIGN KEY (`doc_type_id`) REFERENCES `pat_document_types` (`doc_type_id`) ON UPDATE CASCADE,
  CONSTRAINT `FK_pat_documents_encounter` FOREIGN KEY (`encounter_id`) REFERENCES `pat_encounter` (`encounter_id`) ON DELETE CASCADE ON UPDATE CASCADE,
  CONSTRAINT `FK_pat_documents_patient` FOREIGN KEY (`patient_id`) REFERENCES `pat_patient` (`patient_id`) ON DELETE CASCADE ON UPDATE CASCADE,
  CONSTRAINT `FK_pat_documents_tenant` FOREIGN KEY (`tenant_id`) REFERENCES `co_tenant` (`tenant_id`) ON DELETE CASCADE ON UPDATE CASCADE
) ENGINE=InnoDB AUTO_INCREMENT=4 DEFAULT CHARSET=latin1;

/*Data for the table `pat_documents` */

insert  into `pat_documents`(`doc_id`,`tenant_id`,`patient_id`,`doc_type_id`,`encounter_id`,`document_xml`,`status`,`created_by`,`created_at`,`modified_by`,`modified_at`,`deleted_at`) values (1,58,39,1,183,'<?xml version=\"1.0\" encoding=\"utf-8\"?>\n<FIELDS>\n    <GROUP>\n        <PANELHEADER>Demographic Details</PANELHEADER>\n        <PANELBODY>\n            <FIELD id=\"name\" type=\"TextBox\" label=\"Name\" required=\"true\" ValidationGroup=\"Main\">\n                <PROPERTIES>\n                    <PROPERTY name=\"ID\">txtName</PROPERTY>\n                    <PROPERTY name=\"Width\">150px</PROPERTY>\n                    <PROPERTY name=\"class\">form-control</PROPERTY>\n                    <PROPERTY name=\"AutoCompleteType\">None</PROPERTY>\n                    <PROPERTY name=\"ValidationGroup\">Main</PROPERTY>\n                    <PROPERTY name=\"name\">name</PROPERTY>\n                </PROPERTIES>\n                <value>Nadesh</value>\n            </FIELD>\n\n            <FIELD id=\"age\" type=\"TextBox\" label=\"Age\" required=\"true\" ValidationGroup=\"Main\" Backtext=\" Years\">\n                <PROPERTIES>\n                    <PROPERTY name=\"ID\">txtage</PROPERTY>\n                    <PROPERTY name=\"Width\">25px</PROPERTY>\n                    <PROPERTY name=\"class\">form-control</PROPERTY>\n                    <PROPERTY name=\"ValidationGroup\">Main</PROPERTY>\n                    <PROPERTY name=\"ToolTip\">Type only numbers</PROPERTY>\n                    <PROPERTY name=\"onkeydown\">return isNumericKeyStroke()</PROPERTY>\n                    <PROPERTY name=\"MaxLength\">3</PROPERTY>\n                    <PROPERTY name=\"name\">age</PROPERTY>\n                </PROPERTIES>\n                <value>12</value>\n            </FIELD>\n            \n            <FIELD id=\"gender\" type=\"RadioButtonList\" label=\"Gender\" required=\"true\">\n                <PROPERTIES>\n                    <PROPERTY name=\"ID\">RBGender</PROPERTY>\n                    <PROPERTY name=\"RepeatDirection\">Horizontal</PROPERTY>\n                    <PROPERTY name=\"RepeatLayout\">Table</PROPERTY>\n                    <PROPERTY name=\"TextAlign\">Right</PROPERTY>\n                    <PROPERTY name=\"RepeatColumns\">6</PROPERTY>\n                    <PROPERTY name=\"name\">gender</PROPERTY>\n                    <PROPERTY name=\"ValidationGroup\">Main</PROPERTY>\n                </PROPERTIES>\n                <LISTITEMS>\n                    <LISTITEM value=\"Male\" onclick=\"showmenstrual(\'RPMens\',\'none\');\">Male</LISTITEM>\n                    <LISTITEM value=\"Female\" onclick=\"showmenstrual(\'RPMens\',\'block\');\">Female</LISTITEM>\n                </LISTITEMS>\n                <value>Female</value>\n            </FIELD>\n            \n            <FIELD id=\"address\" type=\"TextBox\" label=\"Address\" required=\"true\">\n                <PROPERTIES>\n                    <PROPERTY name=\"ID\">txtAddress</PROPERTY>\n                    <PROPERTY name=\"Width\">100%</PROPERTY>\n                    <PROPERTY name=\"Height\">100px</PROPERTY>\n                    <PROPERTY name=\"class\">form-control</PROPERTY>\n                    <PROPERTY name=\"TextMode\">Multiline</PROPERTY>\n                    <PROPERTY name=\"ValidationGroup\">Main</PROPERTY>\n                    <PROPERTY name=\"name\">address</PROPERTY>\n                </PROPERTIES>\n                <value>Test</value>\n            </FIELD>\n            \n            <FIELD id=\"referral_details\" type=\"CheckBoxList\" label=\"Referral Details\" validation=\"CheckBoxCustom\" ValidationFn=\"ValidateModuleList\" Others=\"TextBox\" Othersid=\"Txtotherrefer\">\n                <PROPERTIES>\n                    <PROPERTY name=\"ID\">RBRefferals</PROPERTY>\n                    <PROPERTY name=\"RepeatDirection\">Horizontal</PROPERTY>\n                    <PROPERTY name=\"RepeatLayout\">Table</PROPERTY>\n                    <PROPERTY name=\"TextAlign\">Right</PROPERTY>\n                    <PROPERTY name=\"RepeatColumns\">6</PROPERTY>\n                    <PROPERTY name=\"ValidationGroup\">Main</PROPERTY>\n                    <PROPERTY name=\"name\">referral_details[]</PROPERTY>\n                </PROPERTIES>\n                <LISTITEMS>\n                    <LISTITEM value=\"Self\" Selected=\"False\">Self</LISTITEM>\n                    <LISTITEM value=\"General Practitioner\" Selected=\"true\">General Practitioner</LISTITEM>\n                    <LISTITEM value=\"Neighbours\" Selected=\"true\">Neighbours</LISTITEM>\n                    <LISTITEM value=\"Traditional healer\" Selected=\"true\">Traditional healer</LISTITEM>\n                    <LISTITEM value=\"Other patient\" Selected=\"False\">Other patient</LISTITEM>\n                    <LISTITEM value=\"Other psychiatrist\" Selected=\"False\">Other psychiatrist</LISTITEM>\n                    <LISTITEM value=\"Media\" Selected=\"False\">Media</LISTITEM>\n                    <LISTITEM value=\"Others\" Selected=\"False\" onclick=\"OThersvisible(\'labelwithtext\',this.id,\'Txtotherrefer\',\'block\',\'\');\">Others</LISTITEM>\n                </LISTITEMS>\n            </FIELD>\n                      \n            <FIELD id=\"education\" type=\"RadioButtonList\" required=\"true\" label=\"Education\" ValidationGroup=\"Main\" Backcontrols=\"true\" Backdivid=\"divedunote\">\n                <PROPERTIES>\n                    <PROPERTY name=\"ID\">RBEducation</PROPERTY>\n                    <PROPERTY name=\"RepeatDirection\">Horizontal</PROPERTY>\n                    <PROPERTY name=\"RepeatLayout\">Table</PROPERTY>\n                    <PROPERTY name=\"TextAlign\">Right</PROPERTY>\n                    <PROPERTY name=\"RepeatColumns\">6</PROPERTY>\n                    <PROPERTY name=\"name\">education</PROPERTY>\n                    <PROPERTY name=\"ValidationGroup\">Main</PROPERTY>\n                </PROPERTIES>\n                <LISTITEMS>\n                    <LISTITEM value=\"Not Educated\" Selected=\"False\" onclick=\"OThersvisible(\'labelwithtext\',this.id,\'divedunote\',\'block\',\'\');\">Not Educated</LISTITEM>\n                    <LISTITEM value=\"Primary\" Selected=\"False\" onclick=\"OThersvisible(\'labelwithtext\',this.id,\'divedunote\',\'block\',\'\');\">Primary</LISTITEM>\n                    <LISTITEM value=\"High School\" Selected=\"False\" onclick=\"  OThersvisible(\'labelwithtext\',this.id,\'divedunote\',\'block\',\'\');\">High School</LISTITEM>\n                    <LISTITEM value=\"Graduate\" Selected=\"False\" onclick=\" OThersvisible(\'labelwithtext\',this.id,\'divedunote\',\'block\',\'\');\">Graduate</LISTITEM>\n                    <LISTITEM value=\"Post Graduate\" Selected=\"False\" onclick=\" OThersvisible(\'labelwithtext\',this.id,\'divedunote\',\'block\',\'\');\">Post Graduate</LISTITEM>\n                    <LISTITEM value=\"Other\" Selected=\"False\" onclick=\"OThersvisible(\'labelwithtext\',this.id,\'divedunote\',\'block\',\'\');\">Others</LISTITEM>\n                </LISTITEMS>\n                <value>Not Educated</value>\n                <FIELD type=\"TextBox\" label=\"Notes\">\n                    <PROPERTIES>\n                        <PROPERTY name=\"ID\">txtedunote</PROPERTY>\n                        <PROPERTY name=\"Width\">150px</PROPERTY>\n                        <PROPERTY name=\"class\">form-control</PROPERTY>\n                        <PROPERTY name=\"ValidationGroup\">divedunote</PROPERTY>\n                        <PROPERTY name=\"Text\">\n                        </PROPERTY>\n                    </PROPERTIES>\n                </FIELD>\n            </FIELD>\n                      \n            <FIELD type=\"RadioButtonList\" label=\"Occupation\" required=\"true\" ValidationGroup=\"Main\" Backcontrols=\"true\" Backdivid=\"divoccunote\">\n                <PROPERTIES>\n                    <PROPERTY name=\"ID\">RBoccupation</PROPERTY>\n                    <PROPERTY name=\"RepeatDirection\">Horizontal</PROPERTY>\n                    <PROPERTY name=\"RepeatLayout\">Table</PROPERTY>\n                    <PROPERTY name=\"TextAlign\">Right</PROPERTY>\n                    <PROPERTY name=\"RepeatColumns\">6</PROPERTY>\n                    <PROPERTY name=\"name\">occupation</PROPERTY>\n                    <PROPERTY name=\"ValidationGroup\">Main</PROPERTY>\n                </PROPERTIES>\n                <LISTITEMS>\n                    <LISTITEM value=\"Employed\" Selected=\"False\" onclick=\"OThersvisible(\'labelwithtext\',this.id,\'divoccunote\',\'block\',\'\');\">Employed</LISTITEM>\n                    <LISTITEM value=\"UnEmployed\" Selected=\"False\" onclick=\"OThersvisible(\'labelwithtext\',this.id,\'divoccunote\',\'block\',\'\');\">UnEmployed</LISTITEM>\n                    <LISTITEM value=\"Homemaker\" Selected=\"False\" onclick=\"OThersvisible(\'labelwithtext\',this.id,\'divoccunote\',\'block\',\'\');\">Homemaker</LISTITEM>\n                    <LISTITEM value=\"Student\" Selected=\"False\" onclick=\"OThersvisible(\'labelwithtext\',this.id,\'divoccunote\',\'block\',\'\');\">Student</LISTITEM>\n                </LISTITEMS>\n                <FIELD type=\"TextBox\" label=\"Notes\">\n                    <PROPERTIES>\n                        <PROPERTY name=\"ID\">txtoccunote</PROPERTY>\n                        <PROPERTY name=\"Width\">150px</PROPERTY>\n                        <PROPERTY name=\"class\">form-control</PROPERTY>\n                        <PROPERTY name=\"ValidationGroup\">divoccunote</PROPERTY>\n                        <PROPERTY name=\"Text\">\n                        </PROPERTY>\n                    </PROPERTIES>\n                </FIELD>\n            </FIELD>\n            \n            <FIELD type=\"RadioButtonList\" label=\"Martial Status\" required=\"true\" ValidationGroup=\"Main\">\n                <PROPERTIES>\n                    <PROPERTY name=\"ID\">RBMartial</PROPERTY>\n                    <PROPERTY name=\"RepeatDirection\">Horizontal</PROPERTY>\n                    <PROPERTY name=\"RepeatLayout\">Table</PROPERTY>\n                    <PROPERTY name=\"TextAlign\">Right</PROPERTY>\n                    <PROPERTY name=\"RepeatColumns\">6</PROPERTY>\n                    <PROPERTY name=\"name\">martial_status</PROPERTY>\n                    <PROPERTY name=\"ValidationGroup\">Main</PROPERTY>\n                </PROPERTIES>\n                <LISTITEMS>\n                    <LISTITEM value=\"Never married\" Selected=\"False\">Never married</LISTITEM>\n                    <LISTITEM value=\"Married\" Selected=\"False\">Married</LISTITEM>\n                    <LISTITEM value=\"Separated\" Selected=\"False\">Separated</LISTITEM>\n                    <LISTITEM value=\"Divorced\" Selected=\"False\">Divorced</LISTITEM>\n                </LISTITEMS>\n            </FIELD>\n            \n            <FIELD type=\"RadioButtonList\" label=\"Religion\" Others=\"TextBox\" Othersid=\"Txtreligionother\">\n                <PROPERTIES>\n                    <PROPERTY name=\"ID\">RBReligion</PROPERTY>\n                    <PROPERTY name=\"RepeatDirection\">Horizontal</PROPERTY>\n                    <PROPERTY name=\"RepeatLayout\">Table</PROPERTY>\n                    <PROPERTY name=\"TextAlign\">Right</PROPERTY>\n                    <PROPERTY name=\"RepeatColumns\">6</PROPERTY>\n                    <PROPERTY name=\"name\">religion</PROPERTY>\n                </PROPERTIES>\n                <LISTITEMS>\n                    <LISTITEM value=\"Hindu\" Selected=\"False\" onclick=\"OThersvisible(\'labelwithtext\',this.id,\'Txtreligionother\',\'none\',\'\');\">Hindu</LISTITEM>\n                    <LISTITEM value=\"Muslim\" Selected=\"False\" onclick=\"OThersvisible(\'labelwithtext\',this.id,\'Txtreligionother\',\'none\',\'\');\">Muslim</LISTITEM>\n                    <LISTITEM value=\"Christian\" Selected=\"False\" onclick=\"OThersvisible(\'labelwithtext\',this.id,\'Txtreligionother\',\'none\',\'\');\">Christian</LISTITEM>\n                    <LISTITEM value=\"Others\" Selected=\"False\" onclick=\"OThersvisible(\'labelwithtext\',this.id,\'Txtreligionother\',\'block\',\'\');\">Others</LISTITEM>\n                </LISTITEMS>\n            </FIELD>\n            \n            <FIELD type=\"RadioButtonList\" label=\"Status\">\n                <PROPERTIES>\n                    <PROPERTY name=\"ID\">RBstatus</PROPERTY>\n                    <PROPERTY name=\"RepeatDirection\">Horizontal</PROPERTY>\n                    <PROPERTY name=\"RepeatLayout\">Table</PROPERTY>\n                    <PROPERTY name=\"TextAlign\">Right</PROPERTY>\n                    <PROPERTY name=\"RepeatColumns\">6</PROPERTY>\n                    <PROPERTY name=\"name\">status</PROPERTY>\n                </PROPERTIES>\n                <LISTITEMS>\n                    <LISTITEM value=\"Lower\" Selected=\"False\">Lower</LISTITEM>\n                    <LISTITEM value=\"Middle\" Selected=\"False\">Middle</LISTITEM>\n                    <LISTITEM value=\"Upper\" Selected=\"False\">Upper</LISTITEM>\n                </LISTITEMS>\n            </FIELD>\n            \n            <FIELD type=\"RadioButtonList\" label=\"Place of living\">\n                <PROPERTIES>\n                    <PROPERTY name=\"ID\">RBliving</PROPERTY>\n                    <PROPERTY name=\"RepeatDirection\">Horizontal</PROPERTY>\n                    <PROPERTY name=\"RepeatLayout\">Table</PROPERTY>\n                    <PROPERTY name=\"TextAlign\">Right</PROPERTY>\n                    <PROPERTY name=\"RepeatColumns\">6</PROPERTY>\n                    <PROPERTY name=\"name\">place_of_living</PROPERTY>\n                </PROPERTIES>\n                <LISTITEMS>\n                    <LISTITEM value=\"Rural\" Selected=\"False\">Rural</LISTITEM>\n                    <LISTITEM value=\"Urban\" Selected=\"False\">Urban</LISTITEM>\n                </LISTITEMS>\n            </FIELD>\n            \n            <FIELD type=\"Header2\" label=\"Informant\"/>\n            <FIELD type=\"RadioButtonList\" label=\"Relationship\" required=\"true\" Others=\"TextBox\" Othersid=\"txtrelationother\">\n                <PROPERTIES>\n                    <PROPERTY name=\"ID\">RBRelation</PROPERTY>\n                    <PROPERTY name=\"RepeatDirection\">Horizontal</PROPERTY>\n                    <PROPERTY name=\"RepeatLayout\">Table</PROPERTY>\n                    <PROPERTY name=\"TextAlign\">Right</PROPERTY>\n                    <PROPERTY name=\"RepeatColumns\">10</PROPERTY>\n                    <PROPERTY name=\"name\">relationship</PROPERTY>\n                    <PROPERTY name=\"ValidationGroup\">Main</PROPERTY>\n                </PROPERTIES>\n                <LISTITEMS>\n                    <LISTITEM value=\"Self\" Selected=\"False\" onclick=\"OThersvisible(\'labelwithtext\',this.id,\'txtrelationother\',\'none\',\'RBRelation\');\">Self</LISTITEM>\n                    <LISTITEM value=\"Father\" Selected=\"False\" onclick=\"OThersvisible(\'labelwithtext\',this.id,\'txtrelationother\',\'none\',\'RBRelation\');\">Father</LISTITEM>\n                    <LISTITEM value=\"Mother\" Selected=\"False\" onclick=\"OThersvisible(\'labelwithtext\',this.id,\'txtrelationother\',\'none\',\'RBRelation\');\">Mother</LISTITEM>\n                    <LISTITEM value=\"Sibling\" Selected=\"False\" onclick=\"OThersvisible(\'labelwithtext\',this.id,\'txtrelationother\',\'none\',\'RBRelation\');\">Sibling</LISTITEM>\n                    <LISTITEM value=\"Spouse\" Selected=\"False\" onclick=\"OThersvisible(\'labelwithtext\',this.id,\'txtrelationother\',\'none\',\'RBRelation\');\">Spouse</LISTITEM>\n                    <LISTITEM value=\"Children\" Selected=\"False\" onclick=\"OThersvisible(\'labelwithtext\',this.id,\'txtrelationother\',\'none\',\'RBRelation\');\">Children</LISTITEM>\n                    <LISTITEM value=\"Friend\" Selected=\"False\" onclick=\"OThersvisible(\'labelwithtext\',this.id,\'txtrelationother\',\'none\',\'RBRelation\');\">Friend</LISTITEM>\n                    <LISTITEM value=\"Others\" Selected=\"False\" onclick=\"OThersvisible(\'labelwithtext\',this.id,\'txtrelationother\',\'block\',\'RBRelation\');\">Others</LISTITEM>\n                </LISTITEMS>\n            </FIELD>\n            \n            <FIELD type=\"RadioButtonList\" label=\"Primary Care giver\" required=\"true\">\n                <PROPERTIES>\n                    <PROPERTY name=\"ID\">RBPrimarycare</PROPERTY>\n                    <PROPERTY name=\"RepeatDirection\">Horizontal</PROPERTY>\n                    <PROPERTY name=\"RepeatLayout\">Table</PROPERTY>\n                    <PROPERTY name=\"TextAlign\">Right</PROPERTY>\n                    <PROPERTY name=\"RepeatColumns\">10</PROPERTY>\n                    <PROPERTY name=\"name\">primary_care_giver</PROPERTY>\n                    <PROPERTY name=\"ValidationGroup\">Main</PROPERTY>\n                </PROPERTIES>\n                <LISTITEMS>\n                    <LISTITEM value=\"Yes\" Selected=\"False\">Yes</LISTITEM>\n                    <LISTITEM value=\"No\" Selected=\"False\">No</LISTITEM>\n                </LISTITEMS>\n            </FIELD>\n            \n            <FIELD type=\"TextBox\" label=\"Duration of Relationship\" Backcontrol=\"true\">\n                <PROPERTIES>\n                    <PROPERTY name=\"ID\">txtrelduration</PROPERTY>\n                    <PROPERTY name=\"Width\">45px</PROPERTY>\n                    <PROPERTY name=\"class\">form-control</PROPERTY>\n                    <PROPERTY name=\"ValidationGroup\">Main</PROPERTY>\n                    <PROPERTY name=\"MaxLength\">7</PROPERTY>\n                    <PROPERTY name=\"onkeydown\">return isNumericKeyStroke()</PROPERTY>\n                    <PROPERTY name=\"Text\">\n                    </PROPERTY>\n                </PROPERTIES>\n                <FIELD type=\"DropDownList\">\n                    <PROPERTIES>\n                        <PROPERTY name=\"ID\">ddlrelation</PROPERTY>\n                        <PROPERTY name=\"RepeatDirection\">Horizontal</PROPERTY>\n                        <PROPERTY name=\"RepeatLayout\">Table</PROPERTY>\n                        <PROPERTY name=\"TextAlign\">Right</PROPERTY>\n                        <PROPERTY name=\"RepeatColumns\">6</PROPERTY>\n                        <PROPERTY name=\"class\">form-control</PROPERTY>\n                        <PROPERTY name=\"ValidationGroup\">Main</PROPERTY>\n                    </PROPERTIES>\n                    <LISTITEMS>\n                        <LISTITEM value=\"Yrs\" Selected=\"True\">Yrs</LISTITEM>\n                        <LISTITEM value=\"Months\" Selected=\"False\">Months</LISTITEM>\n                        <LISTITEM value=\"Weeks\" Selected=\"False\">Weeks</LISTITEM>\n                        <LISTITEM value=\"Days\" Selected=\"False\">Days</LISTITEM>\n                    </LISTITEMS>\n                </FIELD>\n            </FIELD>\n            \n            <FIELD type=\"RadioButtonList\" label=\"Information\" required=\"true\">\n                <PROPERTIES>\n                    <PROPERTY name=\"ID\">RBInfo1</PROPERTY>\n                    <PROPERTY name=\"RepeatDirection\">Horizontal</PROPERTY>\n                    <PROPERTY name=\"RepeatLayout\">Table</PROPERTY>\n                    <PROPERTY name=\"TextAlign\">Right</PROPERTY>\n                    <PROPERTY name=\"RepeatColumns\">10</PROPERTY>\n                    <PROPERTY name=\"ValidationGroup\">Main</PROPERTY>\n                    <PROPERTY name=\"name\">information</PROPERTY>\n                </PROPERTIES>\n                <LISTITEMS>\n                    <LISTITEM value=\"Reliable\" Selected=\"False\">Reliable</LISTITEM>\n                    <LISTITEM value=\"Unreliable\" Selected=\"False\">Unreliable</LISTITEM>\n                    <LISTITEM value=\"Adequate\" Selected=\"False\">Adequate</LISTITEM>\n                    <LISTITEM value=\"Inadequate\" Selected=\"False\">Inadequate</LISTITEM>\n                </LISTITEMS>\n            </FIELD>\n        </PANELBODY>\n    </GROUP>\n</FIELDS>\n','1',51,'2016-06-04 10:58:18',51,'2016-06-04 10:58:18','0000-00-00 00:00:00'),(2,58,39,1,183,'<?xml version=\"1.0\" encoding=\"utf-8\"?>\n<FIELDS>\n    <GROUP>\n        <PANELHEADER>Demographic Details</PANELHEADER>\n        <PANELBODY>\n            <FIELD id=\"name\" type=\"TextBox\" label=\"Name\" required=\"true\" ValidationGroup=\"Main\">\n                <PROPERTIES>\n                    <PROPERTY name=\"ID\">txtName</PROPERTY>\n                    <PROPERTY name=\"Width\">150px</PROPERTY>\n                    <PROPERTY name=\"class\">form-control</PROPERTY>\n                    <PROPERTY name=\"AutoCompleteType\">None</PROPERTY>\n                    <PROPERTY name=\"ValidationGroup\">Main</PROPERTY>\n                    <PROPERTY name=\"name\">name</PROPERTY>\n                </PROPERTIES>\n                <value>TEst</value>\n            </FIELD>\n\n            <FIELD id=\"age\" type=\"TextBox\" label=\"Age\" required=\"true\" ValidationGroup=\"Main\" Backtext=\" Years\">\n                <PROPERTIES>\n                    <PROPERTY name=\"ID\">txtage</PROPERTY>\n                    <PROPERTY name=\"Width\">25px</PROPERTY>\n                    <PROPERTY name=\"class\">form-control</PROPERTY>\n                    <PROPERTY name=\"ValidationGroup\">Main</PROPERTY>\n                    <PROPERTY name=\"ToolTip\">Type only numbers</PROPERTY>\n                    <PROPERTY name=\"onkeydown\">return isNumericKeyStroke()</PROPERTY>\n                    <PROPERTY name=\"MaxLength\">3</PROPERTY>\n                    <PROPERTY name=\"name\">age</PROPERTY>\n                </PROPERTIES>\n                <value>121</value>\n            </FIELD>\n            \n            <FIELD id=\"gender\" type=\"RadioButtonList\" label=\"Gender\" required=\"true\">\n                <PROPERTIES>\n                    <PROPERTY name=\"ID\">RBGender</PROPERTY>\n                    <PROPERTY name=\"RepeatDirection\">Horizontal</PROPERTY>\n                    <PROPERTY name=\"RepeatLayout\">Table</PROPERTY>\n                    <PROPERTY name=\"TextAlign\">Right</PROPERTY>\n                    <PROPERTY name=\"RepeatColumns\">6</PROPERTY>\n                    <PROPERTY name=\"name\">gender</PROPERTY>\n                    <PROPERTY name=\"ValidationGroup\">Main</PROPERTY>\n                </PROPERTIES>\n                <LISTITEMS>\n                    <LISTITEM value=\"Male\" onclick=\"showmenstrual(\'RPMens\',\'none\');\">Male</LISTITEM>\n                    <LISTITEM value=\"Female\" onclick=\"showmenstrual(\'RPMens\',\'block\');\">Female</LISTITEM>\n                </LISTITEMS>\n                <value>Female</value>\n            </FIELD>\n            \n            <FIELD id=\"address\" type=\"TextBox\" label=\"Address\" required=\"true\">\n                <PROPERTIES>\n                    <PROPERTY name=\"ID\">txtAddress</PROPERTY>\n                    <PROPERTY name=\"Width\">100%</PROPERTY>\n                    <PROPERTY name=\"Height\">100px</PROPERTY>\n                    <PROPERTY name=\"class\">form-control</PROPERTY>\n                    <PROPERTY name=\"TextMode\">Multiline</PROPERTY>\n                    <PROPERTY name=\"ValidationGroup\">Main</PROPERTY>\n                    <PROPERTY name=\"name\">address</PROPERTY>\n                </PROPERTIES>\n                <value>dfsf</value>\n            </FIELD>\n            \n            <FIELD id=\"referral_details\" type=\"CheckBoxList\" label=\"Referral Details\" validation=\"CheckBoxCustom\" ValidationFn=\"ValidateModuleList\" Others=\"TextBox\" Othersid=\"Txtotherrefer\">\n                <PROPERTIES>\n                    <PROPERTY name=\"ID\">RBRefferals</PROPERTY>\n                    <PROPERTY name=\"RepeatDirection\">Horizontal</PROPERTY>\n                    <PROPERTY name=\"RepeatLayout\">Table</PROPERTY>\n                    <PROPERTY name=\"TextAlign\">Right</PROPERTY>\n                    <PROPERTY name=\"RepeatColumns\">6</PROPERTY>\n                    <PROPERTY name=\"ValidationGroup\">Main</PROPERTY>\n                    <PROPERTY name=\"name\">referral_details[]</PROPERTY>\n                </PROPERTIES>\n                <LISTITEMS>\n                    <LISTITEM value=\"Self\" Selected=\"true\">Self</LISTITEM>\n                    <LISTITEM value=\"General Practitioner\" Selected=\"true\">General Practitioner</LISTITEM>\n                    <LISTITEM value=\"Neighbours\" Selected=\"False\">Neighbours</LISTITEM>\n                    <LISTITEM value=\"Traditional healer\" Selected=\"False\">Traditional healer</LISTITEM>\n                    <LISTITEM value=\"Other patient\" Selected=\"False\">Other patient</LISTITEM>\n                    <LISTITEM value=\"Other psychiatrist\" Selected=\"False\">Other psychiatrist</LISTITEM>\n                    <LISTITEM value=\"Media\" Selected=\"False\">Media</LISTITEM>\n                    <LISTITEM value=\"Others\" Selected=\"False\" onclick=\"OThersvisible(\'labelwithtext\',this.id,\'Txtotherrefer\',\'block\',\'\');\">Others</LISTITEM>\n                </LISTITEMS>\n            </FIELD>\n                      \n            <FIELD id=\"education\" type=\"RadioButtonList\" required=\"true\" label=\"Education\" ValidationGroup=\"Main\" Backcontrols=\"true\" Backdivid=\"divedunote\">\n                <PROPERTIES>\n                    <PROPERTY name=\"ID\">RBEducation</PROPERTY>\n                    <PROPERTY name=\"RepeatDirection\">Horizontal</PROPERTY>\n                    <PROPERTY name=\"RepeatLayout\">Table</PROPERTY>\n                    <PROPERTY name=\"TextAlign\">Right</PROPERTY>\n                    <PROPERTY name=\"RepeatColumns\">6</PROPERTY>\n                    <PROPERTY name=\"name\">education</PROPERTY>\n                    <PROPERTY name=\"ValidationGroup\">Main</PROPERTY>\n                </PROPERTIES>\n                <LISTITEMS>\n                    <LISTITEM value=\"Not Educated\" Selected=\"False\" onclick=\"OThersvisible(\'labelwithtext\',this.id,\'divedunote\',\'block\',\'\');\">Not Educated</LISTITEM>\n                    <LISTITEM value=\"Primary\" Selected=\"False\" onclick=\"OThersvisible(\'labelwithtext\',this.id,\'divedunote\',\'block\',\'\');\">Primary</LISTITEM>\n                    <LISTITEM value=\"High School\" Selected=\"False\" onclick=\"  OThersvisible(\'labelwithtext\',this.id,\'divedunote\',\'block\',\'\');\">High School</LISTITEM>\n                    <LISTITEM value=\"Graduate\" Selected=\"False\" onclick=\" OThersvisible(\'labelwithtext\',this.id,\'divedunote\',\'block\',\'\');\">Graduate</LISTITEM>\n                    <LISTITEM value=\"Post Graduate\" Selected=\"False\" onclick=\" OThersvisible(\'labelwithtext\',this.id,\'divedunote\',\'block\',\'\');\">Post Graduate</LISTITEM>\n                    <LISTITEM value=\"Other\" Selected=\"False\" onclick=\"OThersvisible(\'labelwithtext\',this.id,\'divedunote\',\'block\',\'\');\">Others</LISTITEM>\n                </LISTITEMS>\n                <value>Primary</value>\n                <FIELD id=\"educationnote\" type=\"TextBox\" label=\"Notes\">\n                    <PROPERTIES>\n                        <PROPERTY name=\"ID\">txtedunote</PROPERTY>\n                        <PROPERTY name=\"Width\">150px</PROPERTY>\n                        <PROPERTY name=\"class\">form-control</PROPERTY>\n                        <PROPERTY name=\"ValidationGroup\">divedunote</PROPERTY>\n                        <PROPERTY name=\"name\">educationnote</PROPERTY>\n                    </PROPERTIES>\n                </FIELD>\n                <subvalue>sfsdf</subvalue>\n            </FIELD>\n                      \n            <FIELD type=\"RadioButtonList\" label=\"Occupation\" required=\"true\" ValidationGroup=\"Main\" Backcontrols=\"true\" Backdivid=\"divoccunote\">\n                <PROPERTIES>\n                    <PROPERTY name=\"ID\">RBoccupation</PROPERTY>\n                    <PROPERTY name=\"RepeatDirection\">Horizontal</PROPERTY>\n                    <PROPERTY name=\"RepeatLayout\">Table</PROPERTY>\n                    <PROPERTY name=\"TextAlign\">Right</PROPERTY>\n                    <PROPERTY name=\"RepeatColumns\">6</PROPERTY>\n                    <PROPERTY name=\"name\">occupation</PROPERTY>\n                    <PROPERTY name=\"ValidationGroup\">Main</PROPERTY>\n                </PROPERTIES>\n                <LISTITEMS>\n                    <LISTITEM value=\"Employed\" Selected=\"False\" onclick=\"OThersvisible(\'labelwithtext\',this.id,\'divoccunote\',\'block\',\'\');\">Employed</LISTITEM>\n                    <LISTITEM value=\"UnEmployed\" Selected=\"False\" onclick=\"OThersvisible(\'labelwithtext\',this.id,\'divoccunote\',\'block\',\'\');\">UnEmployed</LISTITEM>\n                    <LISTITEM value=\"Homemaker\" Selected=\"False\" onclick=\"OThersvisible(\'labelwithtext\',this.id,\'divoccunote\',\'block\',\'\');\">Homemaker</LISTITEM>\n                    <LISTITEM value=\"Student\" Selected=\"False\" onclick=\"OThersvisible(\'labelwithtext\',this.id,\'divoccunote\',\'block\',\'\');\">Student</LISTITEM>\n                </LISTITEMS>\n                <FIELD type=\"TextBox\" label=\"Notes\">\n                    <PROPERTIES>\n                        <PROPERTY name=\"ID\">txtoccunote</PROPERTY>\n                        <PROPERTY name=\"Width\">150px</PROPERTY>\n                        <PROPERTY name=\"class\">form-control</PROPERTY>\n                        <PROPERTY name=\"ValidationGroup\">divoccunote</PROPERTY>\n                        <PROPERTY name=\"Text\">\n                        </PROPERTY>\n                    </PROPERTIES>\n                </FIELD>\n            </FIELD>\n            \n            <FIELD type=\"RadioButtonList\" label=\"Martial Status\" required=\"true\" ValidationGroup=\"Main\">\n                <PROPERTIES>\n                    <PROPERTY name=\"ID\">RBMartial</PROPERTY>\n                    <PROPERTY name=\"RepeatDirection\">Horizontal</PROPERTY>\n                    <PROPERTY name=\"RepeatLayout\">Table</PROPERTY>\n                    <PROPERTY name=\"TextAlign\">Right</PROPERTY>\n                    <PROPERTY name=\"RepeatColumns\">6</PROPERTY>\n                    <PROPERTY name=\"name\">martial_status</PROPERTY>\n                    <PROPERTY name=\"ValidationGroup\">Main</PROPERTY>\n                </PROPERTIES>\n                <LISTITEMS>\n                    <LISTITEM value=\"Never married\" Selected=\"False\">Never married</LISTITEM>\n                    <LISTITEM value=\"Married\" Selected=\"False\">Married</LISTITEM>\n                    <LISTITEM value=\"Separated\" Selected=\"False\">Separated</LISTITEM>\n                    <LISTITEM value=\"Divorced\" Selected=\"False\">Divorced</LISTITEM>\n                </LISTITEMS>\n            </FIELD>\n            \n            <FIELD type=\"RadioButtonList\" label=\"Religion\" Others=\"TextBox\" Othersid=\"Txtreligionother\">\n                <PROPERTIES>\n                    <PROPERTY name=\"ID\">RBReligion</PROPERTY>\n                    <PROPERTY name=\"RepeatDirection\">Horizontal</PROPERTY>\n                    <PROPERTY name=\"RepeatLayout\">Table</PROPERTY>\n                    <PROPERTY name=\"TextAlign\">Right</PROPERTY>\n                    <PROPERTY name=\"RepeatColumns\">6</PROPERTY>\n                    <PROPERTY name=\"name\">religion</PROPERTY>\n                </PROPERTIES>\n                <LISTITEMS>\n                    <LISTITEM value=\"Hindu\" Selected=\"False\" onclick=\"OThersvisible(\'labelwithtext\',this.id,\'Txtreligionother\',\'none\',\'\');\">Hindu</LISTITEM>\n                    <LISTITEM value=\"Muslim\" Selected=\"False\" onclick=\"OThersvisible(\'labelwithtext\',this.id,\'Txtreligionother\',\'none\',\'\');\">Muslim</LISTITEM>\n                    <LISTITEM value=\"Christian\" Selected=\"False\" onclick=\"OThersvisible(\'labelwithtext\',this.id,\'Txtreligionother\',\'none\',\'\');\">Christian</LISTITEM>\n                    <LISTITEM value=\"Others\" Selected=\"False\" onclick=\"OThersvisible(\'labelwithtext\',this.id,\'Txtreligionother\',\'block\',\'\');\">Others</LISTITEM>\n                </LISTITEMS>\n            </FIELD>\n            \n            <FIELD type=\"RadioButtonList\" label=\"Status\">\n                <PROPERTIES>\n                    <PROPERTY name=\"ID\">RBstatus</PROPERTY>\n                    <PROPERTY name=\"RepeatDirection\">Horizontal</PROPERTY>\n                    <PROPERTY name=\"RepeatLayout\">Table</PROPERTY>\n                    <PROPERTY name=\"TextAlign\">Right</PROPERTY>\n                    <PROPERTY name=\"RepeatColumns\">6</PROPERTY>\n                    <PROPERTY name=\"name\">status</PROPERTY>\n                </PROPERTIES>\n                <LISTITEMS>\n                    <LISTITEM value=\"Lower\" Selected=\"False\">Lower</LISTITEM>\n                    <LISTITEM value=\"Middle\" Selected=\"False\">Middle</LISTITEM>\n                    <LISTITEM value=\"Upper\" Selected=\"False\">Upper</LISTITEM>\n                </LISTITEMS>\n            </FIELD>\n            \n            <FIELD type=\"RadioButtonList\" label=\"Place of living\">\n                <PROPERTIES>\n                    <PROPERTY name=\"ID\">RBliving</PROPERTY>\n                    <PROPERTY name=\"RepeatDirection\">Horizontal</PROPERTY>\n                    <PROPERTY name=\"RepeatLayout\">Table</PROPERTY>\n                    <PROPERTY name=\"TextAlign\">Right</PROPERTY>\n                    <PROPERTY name=\"RepeatColumns\">6</PROPERTY>\n                    <PROPERTY name=\"name\">place_of_living</PROPERTY>\n                </PROPERTIES>\n                <LISTITEMS>\n                    <LISTITEM value=\"Rural\" Selected=\"False\">Rural</LISTITEM>\n                    <LISTITEM value=\"Urban\" Selected=\"False\">Urban</LISTITEM>\n                </LISTITEMS>\n            </FIELD>\n            \n            <FIELD type=\"Header2\" label=\"Informant\"/>\n            <FIELD type=\"RadioButtonList\" label=\"Relationship\" required=\"true\" Others=\"TextBox\" Othersid=\"txtrelationother\">\n                <PROPERTIES>\n                    <PROPERTY name=\"ID\">RBRelation</PROPERTY>\n                    <PROPERTY name=\"RepeatDirection\">Horizontal</PROPERTY>\n                    <PROPERTY name=\"RepeatLayout\">Table</PROPERTY>\n                    <PROPERTY name=\"TextAlign\">Right</PROPERTY>\n                    <PROPERTY name=\"RepeatColumns\">10</PROPERTY>\n                    <PROPERTY name=\"name\">relationship</PROPERTY>\n                    <PROPERTY name=\"ValidationGroup\">Main</PROPERTY>\n                </PROPERTIES>\n                <LISTITEMS>\n                    <LISTITEM value=\"Self\" Selected=\"False\" onclick=\"OThersvisible(\'labelwithtext\',this.id,\'txtrelationother\',\'none\',\'RBRelation\');\">Self</LISTITEM>\n                    <LISTITEM value=\"Father\" Selected=\"False\" onclick=\"OThersvisible(\'labelwithtext\',this.id,\'txtrelationother\',\'none\',\'RBRelation\');\">Father</LISTITEM>\n                    <LISTITEM value=\"Mother\" Selected=\"False\" onclick=\"OThersvisible(\'labelwithtext\',this.id,\'txtrelationother\',\'none\',\'RBRelation\');\">Mother</LISTITEM>\n                    <LISTITEM value=\"Sibling\" Selected=\"False\" onclick=\"OThersvisible(\'labelwithtext\',this.id,\'txtrelationother\',\'none\',\'RBRelation\');\">Sibling</LISTITEM>\n                    <LISTITEM value=\"Spouse\" Selected=\"False\" onclick=\"OThersvisible(\'labelwithtext\',this.id,\'txtrelationother\',\'none\',\'RBRelation\');\">Spouse</LISTITEM>\n                    <LISTITEM value=\"Children\" Selected=\"False\" onclick=\"OThersvisible(\'labelwithtext\',this.id,\'txtrelationother\',\'none\',\'RBRelation\');\">Children</LISTITEM>\n                    <LISTITEM value=\"Friend\" Selected=\"False\" onclick=\"OThersvisible(\'labelwithtext\',this.id,\'txtrelationother\',\'none\',\'RBRelation\');\">Friend</LISTITEM>\n                    <LISTITEM value=\"Others\" Selected=\"False\" onclick=\"OThersvisible(\'labelwithtext\',this.id,\'txtrelationother\',\'block\',\'RBRelation\');\">Others</LISTITEM>\n                </LISTITEMS>\n            </FIELD>\n            \n            <FIELD type=\"RadioButtonList\" label=\"Primary Care giver\" required=\"true\">\n                <PROPERTIES>\n                    <PROPERTY name=\"ID\">RBPrimarycare</PROPERTY>\n                    <PROPERTY name=\"RepeatDirection\">Horizontal</PROPERTY>\n                    <PROPERTY name=\"RepeatLayout\">Table</PROPERTY>\n                    <PROPERTY name=\"TextAlign\">Right</PROPERTY>\n                    <PROPERTY name=\"RepeatColumns\">10</PROPERTY>\n                    <PROPERTY name=\"name\">primary_care_giver</PROPERTY>\n                    <PROPERTY name=\"ValidationGroup\">Main</PROPERTY>\n                </PROPERTIES>\n                <LISTITEMS>\n                    <LISTITEM value=\"Yes\" Selected=\"False\">Yes</LISTITEM>\n                    <LISTITEM value=\"No\" Selected=\"False\">No</LISTITEM>\n                </LISTITEMS>\n            </FIELD>\n            \n            <FIELD type=\"TextBox\" label=\"Duration of Relationship\" Backcontrol=\"true\">\n                <PROPERTIES>\n                    <PROPERTY name=\"ID\">txtrelduration</PROPERTY>\n                    <PROPERTY name=\"Width\">45px</PROPERTY>\n                    <PROPERTY name=\"class\">form-control</PROPERTY>\n                    <PROPERTY name=\"ValidationGroup\">Main</PROPERTY>\n                    <PROPERTY name=\"MaxLength\">7</PROPERTY>\n                    <PROPERTY name=\"onkeydown\">return isNumericKeyStroke()</PROPERTY>\n                    <PROPERTY name=\"Text\">\n                    </PROPERTY>\n                </PROPERTIES>\n                <FIELD type=\"DropDownList\">\n                    <PROPERTIES>\n                        <PROPERTY name=\"ID\">ddlrelation</PROPERTY>\n                        <PROPERTY name=\"RepeatDirection\">Horizontal</PROPERTY>\n                        <PROPERTY name=\"RepeatLayout\">Table</PROPERTY>\n                        <PROPERTY name=\"TextAlign\">Right</PROPERTY>\n                        <PROPERTY name=\"RepeatColumns\">6</PROPERTY>\n                        <PROPERTY name=\"class\">form-control</PROPERTY>\n                        <PROPERTY name=\"ValidationGroup\">Main</PROPERTY>\n                    </PROPERTIES>\n                    <LISTITEMS>\n                        <LISTITEM value=\"Yrs\" Selected=\"True\">Yrs</LISTITEM>\n                        <LISTITEM value=\"Months\" Selected=\"False\">Months</LISTITEM>\n                        <LISTITEM value=\"Weeks\" Selected=\"False\">Weeks</LISTITEM>\n                        <LISTITEM value=\"Days\" Selected=\"False\">Days</LISTITEM>\n                    </LISTITEMS>\n                </FIELD>\n            </FIELD>\n            \n            <FIELD type=\"RadioButtonList\" label=\"Information\" required=\"true\">\n                <PROPERTIES>\n                    <PROPERTY name=\"ID\">RBInfo1</PROPERTY>\n                    <PROPERTY name=\"RepeatDirection\">Horizontal</PROPERTY>\n                    <PROPERTY name=\"RepeatLayout\">Table</PROPERTY>\n                    <PROPERTY name=\"TextAlign\">Right</PROPERTY>\n                    <PROPERTY name=\"RepeatColumns\">10</PROPERTY>\n                    <PROPERTY name=\"ValidationGroup\">Main</PROPERTY>\n                    <PROPERTY name=\"name\">information</PROPERTY>\n                </PROPERTIES>\n                <LISTITEMS>\n                    <LISTITEM value=\"Reliable\" Selected=\"False\">Reliable</LISTITEM>\n                    <LISTITEM value=\"Unreliable\" Selected=\"False\">Unreliable</LISTITEM>\n                    <LISTITEM value=\"Adequate\" Selected=\"False\">Adequate</LISTITEM>\n                    <LISTITEM value=\"Inadequate\" Selected=\"False\">Inadequate</LISTITEM>\n                </LISTITEMS>\n            </FIELD>\n        </PANELBODY>\n    </GROUP>\n</FIELDS>\n','1',51,'2016-06-04 11:18:32',51,'2016-06-04 11:18:32','0000-00-00 00:00:00'),(3,58,39,1,183,'<?xml version=\"1.0\" encoding=\"utf-8\"?>\n<FIELDS>\n    <GROUP>\n        <PANELHEADER>Demographic Details</PANELHEADER>\n        <PANELBODY>\n            <FIELD id=\"name\" type=\"TextBox\" label=\"Name\" required=\"true\" ValidationGroup=\"Main\">\n                <PROPERTIES>\n                    <PROPERTY name=\"ID\">txtName</PROPERTY>\n                    <PROPERTY name=\"Width\">150px</PROPERTY>\n                    <PROPERTY name=\"class\">form-control</PROPERTY>\n                    <PROPERTY name=\"AutoCompleteType\">None</PROPERTY>\n                    <PROPERTY name=\"ValidationGroup\">Main</PROPERTY>\n                    <PROPERTY name=\"name\">name</PROPERTY>\n                </PROPERTIES>\n                <value>Test</value>\n            </FIELD>\n\n            <FIELD id=\"age\" type=\"TextBox\" label=\"Age\" required=\"true\" ValidationGroup=\"Main\" Backtext=\" Years\">\n                <PROPERTIES>\n                    <PROPERTY name=\"ID\">txtage</PROPERTY>\n                    <PROPERTY name=\"Width\">25px</PROPERTY>\n                    <PROPERTY name=\"class\">form-control</PROPERTY>\n                    <PROPERTY name=\"ValidationGroup\">Main</PROPERTY>\n                    <PROPERTY name=\"ToolTip\">Type only numbers</PROPERTY>\n                    <PROPERTY name=\"onkeydown\">return isNumericKeyStroke()</PROPERTY>\n                    <PROPERTY name=\"MaxLength\">3</PROPERTY>\n                    <PROPERTY name=\"name\">age</PROPERTY>\n                </PROPERTIES>\n                <value>12</value>\n            </FIELD>\n            \n            <FIELD id=\"gender\" type=\"RadioButtonList\" label=\"Gender\" required=\"true\">\n                <PROPERTIES>\n                    <PROPERTY name=\"ID\">RBGender</PROPERTY>\n                    <PROPERTY name=\"RepeatDirection\">Horizontal</PROPERTY>\n                    <PROPERTY name=\"RepeatLayout\">Table</PROPERTY>\n                    <PROPERTY name=\"TextAlign\">Right</PROPERTY>\n                    <PROPERTY name=\"RepeatColumns\">6</PROPERTY>\n                    <PROPERTY name=\"name\">gender</PROPERTY>\n                    <PROPERTY name=\"ValidationGroup\">Main</PROPERTY>\n                </PROPERTIES>\n                <LISTITEMS>\n                    <LISTITEM value=\"Male\" onclick=\"showmenstrual(\'RPMens\',\'none\');\">Male</LISTITEM>\n                    <LISTITEM value=\"Female\" onclick=\"showmenstrual(\'RPMens\',\'block\');\">Female</LISTITEM>\n                </LISTITEMS>\n                <value>Female</value>\n            </FIELD>\n            \n            <FIELD id=\"address\" type=\"TextBox\" label=\"Address\" required=\"true\">\n                <PROPERTIES>\n                    <PROPERTY name=\"ID\">txtAddress</PROPERTY>\n                    <PROPERTY name=\"Width\">100%</PROPERTY>\n                    <PROPERTY name=\"Height\">100px</PROPERTY>\n                    <PROPERTY name=\"class\">form-control</PROPERTY>\n                    <PROPERTY name=\"TextMode\">Multiline</PROPERTY>\n                    <PROPERTY name=\"ValidationGroup\">Main</PROPERTY>\n                    <PROPERTY name=\"name\">address</PROPERTY>\n                </PROPERTIES>\n                <value>Test address</value>\n            </FIELD>\n            \n            <FIELD id=\"referral_details\" type=\"CheckBoxList\" label=\"Referral Details\" validation=\"CheckBoxCustom\" ValidationFn=\"ValidateModuleList\" Others=\"TextBox\" Othersid=\"Txtotherrefer\">\n                <PROPERTIES>\n                    <PROPERTY name=\"ID\">RBRefferals</PROPERTY>\n                    <PROPERTY name=\"RepeatDirection\">Horizontal</PROPERTY>\n                    <PROPERTY name=\"RepeatLayout\">Table</PROPERTY>\n                    <PROPERTY name=\"TextAlign\">Right</PROPERTY>\n                    <PROPERTY name=\"RepeatColumns\">6</PROPERTY>\n                    <PROPERTY name=\"ValidationGroup\">Main</PROPERTY>\n                    <PROPERTY name=\"name\">referral_details[]</PROPERTY>\n                </PROPERTIES>\n                <LISTITEMS>\n                    <LISTITEM value=\"Self\" Selected=\"False\">Self</LISTITEM>\n                    <LISTITEM value=\"General Practitioner\" Selected=\"False\">General Practitioner</LISTITEM>\n                    <LISTITEM value=\"Neighbours\" Selected=\"False\">Neighbours</LISTITEM>\n                    <LISTITEM value=\"Traditional healer\" Selected=\"False\">Traditional healer</LISTITEM>\n                    <LISTITEM value=\"Other patient\" Selected=\"true\">Other patient</LISTITEM>\n                    <LISTITEM value=\"Other psychiatrist\" Selected=\"true\">Other psychiatrist</LISTITEM>\n                    <LISTITEM value=\"Media\" Selected=\"False\">Media</LISTITEM>\n                    <LISTITEM value=\"Others\" Selected=\"False\" onclick=\"OThersvisible(\'labelwithtext\',this.id,\'Txtotherrefer\',\'block\',\'\');\">Others</LISTITEM>\n                </LISTITEMS>\n            </FIELD>\n                      \n            <FIELD id=\"education\" type=\"RadioButtonList\" required=\"true\" label=\"Education\" ValidationGroup=\"Main\" Backcontrols=\"true\" Backdivid=\"divedunote\">\n                <PROPERTIES>\n                    <PROPERTY name=\"ID\">RBEducation</PROPERTY>\n                    <PROPERTY name=\"RepeatDirection\">Horizontal</PROPERTY>\n                    <PROPERTY name=\"RepeatLayout\">Table</PROPERTY>\n                    <PROPERTY name=\"TextAlign\">Right</PROPERTY>\n                    <PROPERTY name=\"RepeatColumns\">6</PROPERTY>\n                    <PROPERTY name=\"name\">education</PROPERTY>\n                    <PROPERTY name=\"ValidationGroup\">Main</PROPERTY>\n                </PROPERTIES>\n                <LISTITEMS>\n                    <LISTITEM value=\"Not Educated\" Selected=\"False\" onclick=\"OThersvisible(\'labelwithtext\',this.id,\'divedunote\',\'block\',\'\');\">Not Educated</LISTITEM>\n                    <LISTITEM value=\"Primary\" Selected=\"False\" onclick=\"OThersvisible(\'labelwithtext\',this.id,\'divedunote\',\'block\',\'\');\">Primary</LISTITEM>\n                    <LISTITEM value=\"High School\" Selected=\"False\" onclick=\"  OThersvisible(\'labelwithtext\',this.id,\'divedunote\',\'block\',\'\');\">High School</LISTITEM>\n                    <LISTITEM value=\"Graduate\" Selected=\"False\" onclick=\" OThersvisible(\'labelwithtext\',this.id,\'divedunote\',\'block\',\'\');\">Graduate</LISTITEM>\n                    <LISTITEM value=\"Post Graduate\" Selected=\"False\" onclick=\" OThersvisible(\'labelwithtext\',this.id,\'divedunote\',\'block\',\'\');\">Post Graduate</LISTITEM>\n                    <LISTITEM value=\"Other\" Selected=\"False\" onclick=\"OThersvisible(\'labelwithtext\',this.id,\'divedunote\',\'block\',\'\');\">Others</LISTITEM>\n                </LISTITEMS>\n                <value>Graduate</value>\n                <FIELD type=\"TextBox\" label=\"Notes\">\n                    <PROPERTIES>\n                        <PROPERTY name=\"ID\">txtedunote</PROPERTY>\n                        <PROPERTY name=\"Width\">150px</PROPERTY>\n                        <PROPERTY name=\"class\">form-control</PROPERTY>\n                        <PROPERTY name=\"ValidationGroup\">divedunote</PROPERTY>\n                        <PROPERTY name=\"Text\">\n                        </PROPERTY>\n                    </PROPERTIES>\n                </FIELD>\n            </FIELD>\n                      \n            <FIELD type=\"RadioButtonList\" label=\"Occupation\" required=\"true\" ValidationGroup=\"Main\" Backcontrols=\"true\" Backdivid=\"divoccunote\">\n                <PROPERTIES>\n                    <PROPERTY name=\"ID\">RBoccupation</PROPERTY>\n                    <PROPERTY name=\"RepeatDirection\">Horizontal</PROPERTY>\n                    <PROPERTY name=\"RepeatLayout\">Table</PROPERTY>\n                    <PROPERTY name=\"TextAlign\">Right</PROPERTY>\n                    <PROPERTY name=\"RepeatColumns\">6</PROPERTY>\n                    <PROPERTY name=\"name\">occupation</PROPERTY>\n                    <PROPERTY name=\"ValidationGroup\">Main</PROPERTY>\n                </PROPERTIES>\n                <LISTITEMS>\n                    <LISTITEM value=\"Employed\" Selected=\"False\" onclick=\"OThersvisible(\'labelwithtext\',this.id,\'divoccunote\',\'block\',\'\');\">Employed</LISTITEM>\n                    <LISTITEM value=\"UnEmployed\" Selected=\"False\" onclick=\"OThersvisible(\'labelwithtext\',this.id,\'divoccunote\',\'block\',\'\');\">UnEmployed</LISTITEM>\n                    <LISTITEM value=\"Homemaker\" Selected=\"False\" onclick=\"OThersvisible(\'labelwithtext\',this.id,\'divoccunote\',\'block\',\'\');\">Homemaker</LISTITEM>\n                    <LISTITEM value=\"Student\" Selected=\"False\" onclick=\"OThersvisible(\'labelwithtext\',this.id,\'divoccunote\',\'block\',\'\');\">Student</LISTITEM>\n                </LISTITEMS>\n                <FIELD type=\"TextBox\" label=\"Notes\">\n                    <PROPERTIES>\n                        <PROPERTY name=\"ID\">txtoccunote</PROPERTY>\n                        <PROPERTY name=\"Width\">150px</PROPERTY>\n                        <PROPERTY name=\"class\">form-control</PROPERTY>\n                        <PROPERTY name=\"ValidationGroup\">divoccunote</PROPERTY>\n                        <PROPERTY name=\"Text\">\n                        </PROPERTY>\n                    </PROPERTIES>\n                </FIELD>\n            </FIELD>\n            \n            <FIELD type=\"RadioButtonList\" label=\"Martial Status\" required=\"true\" ValidationGroup=\"Main\">\n                <PROPERTIES>\n                    <PROPERTY name=\"ID\">RBMartial</PROPERTY>\n                    <PROPERTY name=\"RepeatDirection\">Horizontal</PROPERTY>\n                    <PROPERTY name=\"RepeatLayout\">Table</PROPERTY>\n                    <PROPERTY name=\"TextAlign\">Right</PROPERTY>\n                    <PROPERTY name=\"RepeatColumns\">6</PROPERTY>\n                    <PROPERTY name=\"name\">martial_status</PROPERTY>\n                    <PROPERTY name=\"ValidationGroup\">Main</PROPERTY>\n                </PROPERTIES>\n                <LISTITEMS>\n                    <LISTITEM value=\"Never married\" Selected=\"False\">Never married</LISTITEM>\n                    <LISTITEM value=\"Married\" Selected=\"False\">Married</LISTITEM>\n                    <LISTITEM value=\"Separated\" Selected=\"False\">Separated</LISTITEM>\n                    <LISTITEM value=\"Divorced\" Selected=\"False\">Divorced</LISTITEM>\n                </LISTITEMS>\n            </FIELD>\n            \n            <FIELD type=\"RadioButtonList\" label=\"Religion\" Others=\"TextBox\" Othersid=\"Txtreligionother\">\n                <PROPERTIES>\n                    <PROPERTY name=\"ID\">RBReligion</PROPERTY>\n                    <PROPERTY name=\"RepeatDirection\">Horizontal</PROPERTY>\n                    <PROPERTY name=\"RepeatLayout\">Table</PROPERTY>\n                    <PROPERTY name=\"TextAlign\">Right</PROPERTY>\n                    <PROPERTY name=\"RepeatColumns\">6</PROPERTY>\n                    <PROPERTY name=\"name\">religion</PROPERTY>\n                </PROPERTIES>\n                <LISTITEMS>\n                    <LISTITEM value=\"Hindu\" Selected=\"False\" onclick=\"OThersvisible(\'labelwithtext\',this.id,\'Txtreligionother\',\'none\',\'\');\">Hindu</LISTITEM>\n                    <LISTITEM value=\"Muslim\" Selected=\"False\" onclick=\"OThersvisible(\'labelwithtext\',this.id,\'Txtreligionother\',\'none\',\'\');\">Muslim</LISTITEM>\n                    <LISTITEM value=\"Christian\" Selected=\"False\" onclick=\"OThersvisible(\'labelwithtext\',this.id,\'Txtreligionother\',\'none\',\'\');\">Christian</LISTITEM>\n                    <LISTITEM value=\"Others\" Selected=\"False\" onclick=\"OThersvisible(\'labelwithtext\',this.id,\'Txtreligionother\',\'block\',\'\');\">Others</LISTITEM>\n                </LISTITEMS>\n            </FIELD>\n            \n            <FIELD type=\"RadioButtonList\" label=\"Status\">\n                <PROPERTIES>\n                    <PROPERTY name=\"ID\">RBstatus</PROPERTY>\n                    <PROPERTY name=\"RepeatDirection\">Horizontal</PROPERTY>\n                    <PROPERTY name=\"RepeatLayout\">Table</PROPERTY>\n                    <PROPERTY name=\"TextAlign\">Right</PROPERTY>\n                    <PROPERTY name=\"RepeatColumns\">6</PROPERTY>\n                    <PROPERTY name=\"name\">status</PROPERTY>\n                </PROPERTIES>\n                <LISTITEMS>\n                    <LISTITEM value=\"Lower\" Selected=\"False\">Lower</LISTITEM>\n                    <LISTITEM value=\"Middle\" Selected=\"False\">Middle</LISTITEM>\n                    <LISTITEM value=\"Upper\" Selected=\"False\">Upper</LISTITEM>\n                </LISTITEMS>\n            </FIELD>\n            \n            <FIELD type=\"RadioButtonList\" label=\"Place of living\">\n                <PROPERTIES>\n                    <PROPERTY name=\"ID\">RBliving</PROPERTY>\n                    <PROPERTY name=\"RepeatDirection\">Horizontal</PROPERTY>\n                    <PROPERTY name=\"RepeatLayout\">Table</PROPERTY>\n                    <PROPERTY name=\"TextAlign\">Right</PROPERTY>\n                    <PROPERTY name=\"RepeatColumns\">6</PROPERTY>\n                    <PROPERTY name=\"name\">place_of_living</PROPERTY>\n                </PROPERTIES>\n                <LISTITEMS>\n                    <LISTITEM value=\"Rural\" Selected=\"False\">Rural</LISTITEM>\n                    <LISTITEM value=\"Urban\" Selected=\"False\">Urban</LISTITEM>\n                </LISTITEMS>\n            </FIELD>\n            \n            <FIELD type=\"Header2\" label=\"Informant\"/>\n            <FIELD type=\"RadioButtonList\" label=\"Relationship\" required=\"true\" Others=\"TextBox\" Othersid=\"txtrelationother\">\n                <PROPERTIES>\n                    <PROPERTY name=\"ID\">RBRelation</PROPERTY>\n                    <PROPERTY name=\"RepeatDirection\">Horizontal</PROPERTY>\n                    <PROPERTY name=\"RepeatLayout\">Table</PROPERTY>\n                    <PROPERTY name=\"TextAlign\">Right</PROPERTY>\n                    <PROPERTY name=\"RepeatColumns\">10</PROPERTY>\n                    <PROPERTY name=\"name\">relationship</PROPERTY>\n                    <PROPERTY name=\"ValidationGroup\">Main</PROPERTY>\n                </PROPERTIES>\n                <LISTITEMS>\n                    <LISTITEM value=\"Self\" Selected=\"False\" onclick=\"OThersvisible(\'labelwithtext\',this.id,\'txtrelationother\',\'none\',\'RBRelation\');\">Self</LISTITEM>\n                    <LISTITEM value=\"Father\" Selected=\"False\" onclick=\"OThersvisible(\'labelwithtext\',this.id,\'txtrelationother\',\'none\',\'RBRelation\');\">Father</LISTITEM>\n                    <LISTITEM value=\"Mother\" Selected=\"False\" onclick=\"OThersvisible(\'labelwithtext\',this.id,\'txtrelationother\',\'none\',\'RBRelation\');\">Mother</LISTITEM>\n                    <LISTITEM value=\"Sibling\" Selected=\"False\" onclick=\"OThersvisible(\'labelwithtext\',this.id,\'txtrelationother\',\'none\',\'RBRelation\');\">Sibling</LISTITEM>\n                    <LISTITEM value=\"Spouse\" Selected=\"False\" onclick=\"OThersvisible(\'labelwithtext\',this.id,\'txtrelationother\',\'none\',\'RBRelation\');\">Spouse</LISTITEM>\n                    <LISTITEM value=\"Children\" Selected=\"False\" onclick=\"OThersvisible(\'labelwithtext\',this.id,\'txtrelationother\',\'none\',\'RBRelation\');\">Children</LISTITEM>\n                    <LISTITEM value=\"Friend\" Selected=\"False\" onclick=\"OThersvisible(\'labelwithtext\',this.id,\'txtrelationother\',\'none\',\'RBRelation\');\">Friend</LISTITEM>\n                    <LISTITEM value=\"Others\" Selected=\"False\" onclick=\"OThersvisible(\'labelwithtext\',this.id,\'txtrelationother\',\'block\',\'RBRelation\');\">Others</LISTITEM>\n                </LISTITEMS>\n            </FIELD>\n            \n            <FIELD type=\"RadioButtonList\" label=\"Primary Care giver\" required=\"true\">\n                <PROPERTIES>\n                    <PROPERTY name=\"ID\">RBPrimarycare</PROPERTY>\n                    <PROPERTY name=\"RepeatDirection\">Horizontal</PROPERTY>\n                    <PROPERTY name=\"RepeatLayout\">Table</PROPERTY>\n                    <PROPERTY name=\"TextAlign\">Right</PROPERTY>\n                    <PROPERTY name=\"RepeatColumns\">10</PROPERTY>\n                    <PROPERTY name=\"name\">primary_care_giver</PROPERTY>\n                    <PROPERTY name=\"ValidationGroup\">Main</PROPERTY>\n                </PROPERTIES>\n                <LISTITEMS>\n                    <LISTITEM value=\"Yes\" Selected=\"False\">Yes</LISTITEM>\n                    <LISTITEM value=\"No\" Selected=\"False\">No</LISTITEM>\n                </LISTITEMS>\n            </FIELD>\n            \n            <FIELD type=\"TextBox\" label=\"Duration of Relationship\" Backcontrol=\"true\">\n                <PROPERTIES>\n                    <PROPERTY name=\"ID\">txtrelduration</PROPERTY>\n                    <PROPERTY name=\"Width\">45px</PROPERTY>\n                    <PROPERTY name=\"class\">form-control</PROPERTY>\n                    <PROPERTY name=\"ValidationGroup\">Main</PROPERTY>\n                    <PROPERTY name=\"MaxLength\">7</PROPERTY>\n                    <PROPERTY name=\"onkeydown\">return isNumericKeyStroke()</PROPERTY>\n                    <PROPERTY name=\"Text\">\n                    </PROPERTY>\n                </PROPERTIES>\n                <FIELD type=\"DropDownList\">\n                    <PROPERTIES>\n                        <PROPERTY name=\"ID\">ddlrelation</PROPERTY>\n                        <PROPERTY name=\"RepeatDirection\">Horizontal</PROPERTY>\n                        <PROPERTY name=\"RepeatLayout\">Table</PROPERTY>\n                        <PROPERTY name=\"TextAlign\">Right</PROPERTY>\n                        <PROPERTY name=\"RepeatColumns\">6</PROPERTY>\n                        <PROPERTY name=\"class\">form-control</PROPERTY>\n                        <PROPERTY name=\"ValidationGroup\">Main</PROPERTY>\n                    </PROPERTIES>\n                    <LISTITEMS>\n                        <LISTITEM value=\"Yrs\" Selected=\"True\">Yrs</LISTITEM>\n                        <LISTITEM value=\"Months\" Selected=\"False\">Months</LISTITEM>\n                        <LISTITEM value=\"Weeks\" Selected=\"False\">Weeks</LISTITEM>\n                        <LISTITEM value=\"Days\" Selected=\"False\">Days</LISTITEM>\n                    </LISTITEMS>\n                </FIELD>\n            </FIELD>\n            \n            <FIELD type=\"RadioButtonList\" label=\"Information\" required=\"true\">\n                <PROPERTIES>\n                    <PROPERTY name=\"ID\">RBInfo1</PROPERTY>\n                    <PROPERTY name=\"RepeatDirection\">Horizontal</PROPERTY>\n                    <PROPERTY name=\"RepeatLayout\">Table</PROPERTY>\n                    <PROPERTY name=\"TextAlign\">Right</PROPERTY>\n                    <PROPERTY name=\"RepeatColumns\">10</PROPERTY>\n                    <PROPERTY name=\"ValidationGroup\">Main</PROPERTY>\n                    <PROPERTY name=\"name\">information</PROPERTY>\n                </PROPERTIES>\n                <LISTITEMS>\n                    <LISTITEM value=\"Reliable\" Selected=\"False\">Reliable</LISTITEM>\n                    <LISTITEM value=\"Unreliable\" Selected=\"False\">Unreliable</LISTITEM>\n                    <LISTITEM value=\"Adequate\" Selected=\"False\">Adequate</LISTITEM>\n                    <LISTITEM value=\"Inadequate\" Selected=\"False\">Inadequate</LISTITEM>\n                </LISTITEMS>\n            </FIELD>\n        </PANELBODY>\n    </GROUP>\n</FIELDS>\n','1',51,'2016-06-04 11:28:05',51,'2016-06-04 11:28:05','0000-00-00 00:00:00');

/*Table structure for table `pat_encounter` */

DROP TABLE IF EXISTS `pat_encounter`;

CREATE TABLE `pat_encounter` (
  `encounter_id` int(11) NOT NULL AUTO_INCREMENT,
  `tenant_id` int(11) NOT NULL,
  `patient_id` int(11) NOT NULL,
  `encounter_type` varchar(5) NOT NULL,
  `encounter_date` timestamp NOT NULL DEFAULT '0000-00-00 00:00:00',
  `inactive_date` timestamp NULL DEFAULT NULL,
  `bill_no` varchar(30) DEFAULT NULL,
  `finalize` tinyint(1) NOT NULL DEFAULT '0',
  `authorize` tinyint(1) NOT NULL DEFAULT '0',
  `discharge` tinyint(1) NOT NULL DEFAULT '0',
  `casesheet_no` varchar(50) NOT NULL,
  `concession_amount` decimal(10,2) DEFAULT '0.00',
  `status` enum('0','1') DEFAULT '1' COMMENT 'Status common for OP Seen & IP Discharge',
  `created_by` int(11) NOT NULL,
  `created_at` timestamp NOT NULL DEFAULT CURRENT_TIMESTAMP,
  `modified_by` int(11) DEFAULT NULL,
  `modified_at` timestamp NULL DEFAULT NULL,
  `deleted_at` timestamp NULL DEFAULT '0000-00-00 00:00:00',
  PRIMARY KEY (`encounter_id`),
  KEY `FK_pat_encounter_tenant` (`tenant_id`),
  KEY `FK_pat_encounter_patient` (`patient_id`),
  CONSTRAINT `FK_pat_encounter_patient` FOREIGN KEY (`patient_id`) REFERENCES `pat_patient` (`patient_id`) ON DELETE CASCADE ON UPDATE CASCADE,
  CONSTRAINT `FK_pat_encounter_tenant` FOREIGN KEY (`tenant_id`) REFERENCES `co_tenant` (`tenant_id`) ON DELETE CASCADE ON UPDATE CASCADE
) ENGINE=InnoDB AUTO_INCREMENT=185 DEFAULT CHARSET=latin1;

/*Data for the table `pat_encounter` */

insert  into `pat_encounter`(`encounter_id`,`tenant_id`,`patient_id`,`encounter_type`,`encounter_date`,`inactive_date`,`bill_no`,`finalize`,`authorize`,`discharge`,`casesheet_no`,`concession_amount`,`status`,`created_by`,`created_at`,`modified_by`,`modified_at`,`deleted_at`) values (100,58,26,'IP','2016-03-15 19:57:56',NULL,NULL,51,51,51,'15411','100.00','0',51,'2016-03-15 19:58:07',51,'2016-04-16 17:58:40','0000-00-00 00:00:00'),(101,58,39,'IP','2016-03-15 19:58:11',NULL,NULL,0,0,0,'785451','0.00','0',51,'2016-03-15 19:58:21',51,'2016-03-17 10:51:42','0000-00-00 00:00:00'),(102,58,37,'OP','2016-03-16 00:00:00',NULL,NULL,0,0,0,'A','0.00','0',51,'2016-03-16 17:17:36',51,'2016-03-16 19:24:44','0000-00-00 00:00:00'),(103,58,37,'OP','2016-03-16 00:00:00',NULL,NULL,0,0,0,'A','0.00','1',51,'2016-03-16 19:25:00',51,'2016-03-16 19:25:00','0000-00-00 00:00:00'),(104,58,39,'OP','2016-03-17 00:00:00',NULL,NULL,0,0,0,'785451','0.00','0',51,'2016-03-17 10:55:17',51,'2016-03-17 11:25:24','0000-00-00 00:00:00'),(105,58,39,'IP','2016-03-17 11:25:30',NULL,NULL,0,0,0,'785451','0.00','0',51,'2016-03-17 11:26:25',51,'2016-03-17 11:44:45','0000-00-00 00:00:00'),(106,58,39,'OP','2016-03-17 00:00:00',NULL,NULL,0,0,0,'785451','0.00','0',51,'2016-03-17 11:44:54',51,'2016-03-17 11:45:42','0000-00-00 00:00:00'),(107,58,39,'OP','2016-03-17 00:00:00',NULL,NULL,0,0,0,'785451','0.00','0',51,'2016-03-17 11:45:52',51,'2016-03-21 11:42:08','0000-00-00 00:00:00'),(108,58,40,'IP','2016-03-21 15:57:23',NULL,NULL,0,0,0,'000141','0.00','0',51,'2016-03-21 15:57:41',51,'2016-03-25 16:23:04','0000-00-00 00:00:00'),(114,58,40,'IP','2016-03-25 16:29:39',NULL,NULL,0,0,0,'25100','0.00','0',51,'2016-03-25 16:31:10',51,'2016-03-26 15:39:12','0000-00-00 00:00:00'),(115,58,40,'IP','2016-03-26 15:39:15',NULL,NULL,0,0,0,'25100','0.00','0',51,'2016-03-26 15:39:46',51,'2016-03-26 15:40:57','0000-00-00 00:00:00'),(116,58,40,'IP','2016-03-26 15:41:01',NULL,NULL,0,0,0,'25100','0.00','0',51,'2016-03-26 15:41:11',51,'2016-03-26 15:41:33','0000-00-00 00:00:00'),(117,58,40,'IP','2016-03-26 15:41:42',NULL,NULL,0,0,0,'25100','0.00','0',51,'2016-03-26 15:42:24',51,'2016-03-26 15:43:48','0000-00-00 00:00:00'),(118,58,40,'IP','2016-03-26 15:43:54',NULL,NULL,0,0,0,'25100','0.00','0',51,'2016-03-26 15:44:29',51,'2016-03-26 16:03:50','0000-00-00 00:00:00'),(119,58,40,'IP','2016-03-25 00:25:00',NULL,NULL,0,0,0,'25100','0.00','0',51,'2016-03-26 16:04:16',51,'2016-03-26 17:17:45','0000-00-00 00:00:00'),(120,58,40,'IP','2016-03-24 09:25:00',NULL,NULL,0,0,0,'25100','0.00','0',51,'2016-03-26 17:18:31',51,'2016-03-26 17:42:13','0000-00-00 00:00:00'),(121,58,40,'IP','2016-03-24 01:25:00',NULL,NULL,0,0,0,'25100','100.00','0',51,'2016-03-26 17:42:46',51,'2016-03-29 13:35:47','0000-00-00 00:00:00'),(122,58,40,'OP','2016-03-29 00:00:00',NULL,NULL,0,0,0,'25100','0.00','0',51,'2016-03-29 13:35:57',51,'2016-03-29 15:39:24','0000-00-00 00:00:00'),(123,58,40,'OP','2016-03-29 00:00:00',NULL,NULL,0,0,0,'25100','0.00','0',51,'2016-03-29 13:36:06',51,'2016-03-29 15:40:19','0000-00-00 00:00:00'),(124,58,41,'OP','2016-03-29 00:00:00',NULL,NULL,0,0,0,'A','0.00','0',51,'2016-03-29 15:43:49',51,'2016-03-29 15:44:21','0000-00-00 00:00:00'),(125,58,42,'OP','2016-03-29 00:00:00',NULL,NULL,0,0,0,'A','0.00','0',51,'2016-03-29 15:47:26',51,'2016-03-29 15:50:18','0000-00-00 00:00:00'),(126,58,42,'IP','2016-03-29 15:52:13',NULL,NULL,0,0,0,'854841','0.00','0',51,'2016-03-29 15:52:25',51,'2016-03-29 15:53:58','0000-00-00 00:00:00'),(127,58,42,'IP','2016-03-29 15:54:37',NULL,NULL,0,0,0,'854841','150.00','0',51,'2016-03-29 15:55:05',51,'2016-03-29 18:40:35','0000-00-00 00:00:00'),(128,58,42,'OP','2016-03-28 00:00:00',NULL,NULL,0,0,0,'8548721','0.00','0',51,'2016-03-29 18:50:03',51,'2016-03-29 18:52:13','0000-00-00 00:00:00'),(129,58,42,'IP','2016-03-29 19:04:50',NULL,NULL,0,0,0,'8548721','0.00','0',51,'2016-03-29 19:05:00',51,'2016-03-29 19:05:32','0000-00-00 00:00:00'),(130,58,42,'OP','2016-03-29 00:00:00',NULL,NULL,0,0,0,'8548721','0.00','0',51,'2016-03-29 19:05:53',51,'2016-03-29 19:29:36','0000-00-00 00:00:00'),(131,58,42,'IP','2016-03-29 19:30:28',NULL,NULL,0,0,0,'8548721','0.00','0',51,'2016-03-29 19:30:40',51,'2016-03-29 19:32:05','0000-00-00 00:00:00'),(132,58,42,'OP','2016-03-29 00:00:00',NULL,NULL,0,0,0,'8548721','0.00','0',51,'2016-03-29 19:32:15',51,'2016-03-29 19:34:26','0000-00-00 00:00:00'),(133,58,40,'IP','2016-03-29 19:36:45',NULL,NULL,0,0,0,'25100','0.00','0',51,'2016-03-29 19:36:52',51,'2016-03-31 16:48:22','0000-00-00 00:00:00'),(134,58,18,'OP','2016-03-30 00:00:00',NULL,NULL,0,0,0,'','0.00','0',51,'2016-03-30 15:26:06',51,'2016-03-30 15:27:17','0000-00-00 00:00:00'),(135,58,18,'OP','2016-03-30 00:00:00',NULL,NULL,0,0,0,'','0.00','1',51,'2016-03-30 15:27:29',51,'2016-03-30 15:27:29','0000-00-00 00:00:00'),(136,58,40,'IP','2016-03-31 15:17:15',NULL,NULL,0,0,0,'25100','0.00','0',51,'2016-04-01 15:17:29',51,'2016-04-01 15:22:12','0000-00-00 00:00:00'),(137,58,40,'IP','2016-03-31 13:05:00',NULL,NULL,0,0,0,'25100','0.00','0',51,'2016-04-01 15:22:35',51,'2016-04-01 15:25:05','0000-00-00 00:00:00'),(138,58,40,'IP','2016-03-31 02:05:00',NULL,NULL,0,0,0,'25100','0.00','0',51,'2016-04-01 15:25:21',51,'2016-04-01 16:08:04','0000-00-00 00:00:00'),(139,58,40,'IP','2016-03-31 06:30:00',NULL,NULL,51,0,0,'25100','0.00','1',51,'2016-04-01 16:08:31',51,'2016-04-01 19:25:21','0000-00-00 00:00:00'),(140,58,19,'OP','2016-04-04 00:00:00',NULL,NULL,0,0,0,'','0.00','1',51,'2016-04-04 10:50:16',51,'2016-04-04 10:50:16','0000-00-00 00:00:00'),(141,58,20,'OP','2016-04-16 00:00:00',NULL,NULL,0,0,0,'','0.00','1',51,'2016-04-16 15:24:41',51,'2016-04-16 15:24:41','0000-00-00 00:00:00'),(142,58,21,'IP','2016-04-16 18:00:13',NULL,NULL,51,51,51,'85151','0.00','0',51,'2016-04-16 18:00:27',51,'2016-04-16 18:10:45','0000-00-00 00:00:00'),(143,58,25,'IP','2016-04-18 10:24:30',NULL,NULL,51,51,51,'81541','0.00','0',51,'2016-04-18 10:24:46',51,'2016-04-18 10:26:13','0000-00-00 00:00:00'),(144,58,21,'IP','2016-04-18 13:53:00',NULL,NULL,51,51,51,'85151','0.00','0',51,'2016-04-18 13:53:14',51,'2016-04-27 12:52:44','0000-00-00 00:00:00'),(145,58,27,'IP','2016-04-17 09:45:00',NULL,NULL,51,51,51,'855','0.00','0',51,'2016-04-18 16:14:56',51,'2016-05-20 13:14:47','0000-00-00 00:00:00'),(146,58,39,'IP','2016-04-20 19:07:57',NULL,NULL,51,51,51,'785451','0.00','0',51,'2016-04-20 19:08:08',51,'2016-04-21 12:14:13','0000-00-00 00:00:00'),(147,58,39,'IP','2016-04-21 12:14:25',NULL,NULL,51,51,51,'785451','0.00','0',51,'2016-04-21 12:15:07',51,'2016-04-21 12:16:54','0000-00-00 00:00:00'),(148,58,39,'IP','2016-04-20 00:50:00',NULL,NULL,51,51,51,'785451','14200.00','0',51,'2016-04-21 12:17:23',51,'2016-05-02 16:28:02','0000-00-00 00:00:00'),(149,58,34,'OP','2016-04-26 00:00:00',NULL,NULL,0,0,0,'5154151','0.00','0',51,'2016-04-26 11:16:56',51,'2016-05-02 13:02:07','0000-00-00 00:00:00'),(150,58,21,'OP','2016-04-27 00:00:00',NULL,NULL,0,0,0,'85151','0.00','0',51,'2016-04-27 13:13:55',51,'2016-04-27 13:25:51','0000-00-00 00:00:00'),(151,58,39,'IP','2016-05-02 16:28:09',NULL,NULL,0,0,0,'785451','100.00','0',51,'2016-05-02 16:28:24',51,'2016-05-09 12:15:15','0000-00-00 00:00:00'),(152,58,26,'OP','2016-05-03 00:00:00',NULL,NULL,0,0,0,'15411','0.00','0',51,'2016-05-03 11:09:23',51,'2016-05-03 11:14:30','0000-00-00 00:00:00'),(153,58,26,'OP','2016-05-03 00:00:00',NULL,NULL,0,0,0,'15411','0.00','0',51,'2016-05-03 11:14:54',51,'2016-05-03 15:20:49','0000-00-00 00:00:00'),(154,58,26,'OP','2016-05-03 00:00:00',NULL,NULL,0,0,0,'15411','0.00','0',51,'2016-05-03 17:10:24',51,'2016-05-04 10:29:33','0000-00-00 00:00:00'),(155,58,34,'OP','2016-05-03 00:00:00',NULL,NULL,0,0,0,'5154151','0.00','0',51,'2016-05-03 17:10:58',51,'2016-05-03 17:16:30','0000-00-00 00:00:00'),(156,58,34,'OP','2016-05-05 00:00:00',NULL,NULL,0,0,0,'5154151','0.00','0',51,'2016-05-04 12:45:14',51,'2016-05-07 15:33:35','0000-00-00 00:00:00'),(157,58,24,'OP','2016-05-05 00:00:00',NULL,NULL,0,0,0,'','0.00','1',51,'2016-05-04 12:45:46',51,'2016-05-04 12:45:46','0000-00-00 00:00:00'),(158,58,38,'OP','2016-05-07 00:00:00',NULL,NULL,0,0,0,'','0.00','1',51,'2016-05-04 18:33:30',51,'2016-05-04 18:33:30','0000-00-00 00:00:00'),(159,58,21,'OP','2016-05-19 00:00:00',NULL,NULL,0,0,0,'85151','0.00','0',51,'2016-05-05 17:42:33',51,'2016-05-07 13:11:16','0000-00-00 00:00:00'),(160,58,22,'OP','2016-05-20 00:00:00',NULL,NULL,0,0,0,'','0.00','0',51,'2016-05-05 17:52:11',51,'2016-05-06 19:56:40','0000-00-00 00:00:00'),(161,58,23,'OP','2016-05-21 00:00:00',NULL,NULL,0,0,0,'7848511','0.00','0',51,'2016-05-05 17:58:13',51,'2016-05-09 11:03:56','0000-00-00 00:00:00'),(162,58,18,'OP','2016-05-20 00:00:00',NULL,NULL,0,0,0,'','0.00','0',51,'2016-05-05 18:07:16',51,'2016-05-06 20:08:00','0000-00-00 00:00:00'),(163,58,19,'OP','2016-05-20 00:00:00',NULL,NULL,0,0,0,'','0.00','0',51,'2016-05-05 18:10:21',51,'2016-05-06 20:08:00','0000-00-00 00:00:00'),(164,58,42,'OP','2016-05-26 00:00:00',NULL,NULL,0,0,0,'8548721','0.00','1',51,'2016-05-05 18:38:58',51,'2016-05-05 18:38:58','0000-00-00 00:00:00'),(165,58,20,'OP','2016-05-26 00:00:00',NULL,NULL,0,0,0,'','0.00','1',51,'2016-05-05 18:39:23',51,'2016-05-05 18:39:23','0000-00-00 00:00:00'),(166,58,21,'OP','2016-05-11 00:00:00',NULL,NULL,0,0,0,'85151','0.00','1',51,'2016-05-05 19:05:07',51,'2016-05-05 19:05:07','0000-00-00 00:00:00'),(167,58,37,'OP','2016-05-12 00:00:00',NULL,NULL,0,0,0,'','0.00','1',51,'2016-05-05 19:07:20',51,'2016-05-05 19:07:20','0000-00-00 00:00:00'),(168,58,25,'OP','2016-05-19 00:00:00',NULL,NULL,0,0,0,'81541','0.00','0',51,'2016-05-05 19:42:37',51,'2016-05-07 13:11:17','0000-00-00 00:00:00'),(169,58,34,'IP','2016-05-07 15:33:39',NULL,NULL,0,0,0,'5154151','0.00','0',51,'2016-05-07 15:34:15',51,'2016-05-07 19:18:01','0000-00-00 00:00:00'),(170,58,34,'OP','2016-05-09 00:00:00',NULL,NULL,0,0,0,'5154151','0.00','0',51,'2016-05-09 12:28:14',51,'2016-05-09 13:45:40','0000-00-00 00:00:00'),(171,58,34,'OP','2016-05-09 00:00:00',NULL,NULL,0,0,0,'5154151','0.00','1',51,'2016-05-09 13:47:57',51,'2016-05-09 13:47:57','0000-00-00 00:00:00'),(172,58,39,'IP','2016-05-09 18:58:54',NULL,NULL,0,0,0,'7854511','0.00','0',51,'2016-05-09 18:59:08',51,'2016-05-13 11:46:30','0000-00-00 00:00:00'),(173,58,22,'OP','2016-05-18 00:00:00',NULL,NULL,0,0,0,'','0.00','1',51,'2016-05-18 14:04:39',51,'2016-05-18 14:04:39','0000-00-00 00:00:00'),(174,58,23,'OP','2016-05-20 00:00:00',NULL,NULL,0,0,0,'8515111','0.00','0',51,'2016-05-20 10:35:56',51,'2016-05-20 10:36:22','0000-00-00 00:00:00'),(175,58,23,'OP','2016-05-20 00:00:00',NULL,NULL,0,0,0,'8515111','0.00','0',51,'2016-05-20 10:36:51',51,'2016-05-20 10:37:32','0000-00-00 00:00:00'),(176,58,23,'OP','2016-05-20 00:00:00',NULL,NULL,0,0,0,'85511','0.00','0',51,'2016-05-20 10:58:23',51,'2016-05-20 10:58:34','0000-00-00 00:00:00'),(177,58,23,'OP','2016-05-20 00:00:00',NULL,NULL,0,0,0,'85511','0.00','0',51,'2016-05-20 10:58:57',51,'2016-05-20 11:01:12','0000-00-00 00:00:00'),(178,58,23,'IP','2016-05-20 11:06:14',NULL,'AH0000021',51,51,51,'588','0.00','0',51,'2016-05-20 11:07:19',51,'2016-05-20 11:08:31','0000-00-00 00:00:00'),(179,58,23,'IP','2016-05-20 11:12:39',NULL,'AH0000022',51,51,51,'588','0.00','0',51,'2016-05-20 11:12:48',51,'2016-05-20 11:13:29','0000-00-00 00:00:00'),(180,58,27,'IP','2016-05-18 01:05:00',NULL,'AH0000023',0,0,0,'855','0.00','0',51,'2016-05-20 13:37:03',51,'2016-05-20 16:40:51','0000-00-00 00:00:00'),(181,58,27,'IP','2016-05-10 01:45:00',NULL,'AH0000024',0,0,0,'855','0.00','1',51,'2016-05-20 16:41:03',51,'2016-05-20 16:44:34','0000-00-00 00:00:00'),(182,58,25,'OP','2016-05-21 00:00:00',NULL,NULL,0,0,0,'81541','0.00','1',51,'2016-05-21 16:19:47',51,'2016-05-21 16:19:47','0000-00-00 00:00:00'),(183,58,39,'IP','2016-05-24 14:06:38',NULL,'AH0000049',0,0,0,'154441','0.00','1',51,'2016-05-24 14:06:51',51,'2016-05-24 14:06:51','0000-00-00 00:00:00'),(184,58,23,'OP','2016-05-25 00:00:00',NULL,NULL,0,0,0,'588','0.00','1',51,'2016-05-25 11:47:19',51,'2016-05-25 11:47:19','0000-00-00 00:00:00');

/*Table structure for table `pat_notes` */

DROP TABLE IF EXISTS `pat_notes`;

CREATE TABLE `pat_notes` (
  `pat_note_id` int(11) NOT NULL AUTO_INCREMENT,
  `tenant_id` int(11) NOT NULL,
  `encounter_id` int(11) NOT NULL,
  `patient_id` int(11) NOT NULL,
  `notes` text NOT NULL,
  `status` enum('0','1') DEFAULT '1',
  `created_by` int(11) NOT NULL,
  `created_at` timestamp NOT NULL DEFAULT CURRENT_TIMESTAMP,
  `modified_by` int(11) DEFAULT NULL,
  `modified_at` timestamp NULL DEFAULT NULL,
  `deleted_at` timestamp NULL DEFAULT '0000-00-00 00:00:00',
  PRIMARY KEY (`pat_note_id`),
  KEY `FK_pat_notes_tenant` (`tenant_id`),
  KEY `FK_pat_notes_patient` (`patient_id`),
  KEY `FK_pat_notes_encounter` (`encounter_id`),
  CONSTRAINT `FK_pat_notes_encounter` FOREIGN KEY (`encounter_id`) REFERENCES `pat_encounter` (`encounter_id`) ON DELETE CASCADE ON UPDATE CASCADE,
  CONSTRAINT `FK_pat_notes_patient` FOREIGN KEY (`patient_id`) REFERENCES `pat_patient` (`patient_id`) ON DELETE CASCADE ON UPDATE CASCADE,
  CONSTRAINT `FK_pat_notes_tenant` FOREIGN KEY (`tenant_id`) REFERENCES `co_tenant` (`tenant_id`) ON DELETE CASCADE ON UPDATE CASCADE
) ENGINE=InnoDB AUTO_INCREMENT=40 DEFAULT CHARSET=latin1;

/*Data for the table `pat_notes` */

insert  into `pat_notes`(`pat_note_id`,`tenant_id`,`encounter_id`,`patient_id`,`notes`,`status`,`created_by`,`created_at`,`modified_by`,`modified_at`,`deleted_at`) values (1,58,130,42,'aaa','1',51,'2016-03-29 19:08:10',51,'2016-03-29 19:08:10','0000-00-00 00:00:00'),(2,58,100,26,'8484','1',51,'2016-04-04 15:20:16',51,'2016-04-04 15:20:16','0000-00-00 00:00:00'),(3,58,144,21,'aads dasdasd','1',51,'2016-04-19 13:20:45',51,'2016-04-19 13:20:45','0000-00-00 00:00:00'),(4,58,144,21,'asdsad','1',51,'2016-04-19 15:49:27',51,'2016-04-19 15:49:27','0000-00-00 00:00:00'),(5,58,144,21,'asdasdsd','1',51,'2016-04-19 15:52:03',51,'2016-04-19 15:52:03','0000-00-00 00:00:00'),(6,58,144,21,'Test','1',51,'2016-04-19 15:52:08',51,'2016-04-19 15:52:08','0000-00-00 00:00:00'),(7,58,144,21,'aaa','1',51,'2016-04-19 15:53:50',51,'2016-04-19 15:53:50','0000-00-00 00:00:00'),(8,58,144,21,'aaa','1',51,'2016-04-19 16:07:19',51,'2016-04-19 16:07:19','0000-00-00 00:00:00'),(9,58,144,21,'Test teee','1',51,'2016-04-19 16:07:44',51,'2016-04-19 16:07:44','0000-00-00 00:00:00'),(10,58,144,21,'wwww','1',51,'2016-04-19 16:25:22',51,'2016-04-19 16:25:22','0000-00-00 00:00:00'),(11,58,144,21,'asds','1',51,'2016-04-20 10:57:40',51,'2016-04-20 10:57:40','0000-00-00 00:00:00'),(12,58,144,21,'asda','1',51,'2016-04-20 10:59:12',51,'2016-04-20 10:59:12','0000-00-00 00:00:00'),(13,58,144,21,'adsd','1',51,'2016-04-20 11:02:53',51,'2016-04-20 11:02:53','0000-00-00 00:00:00'),(14,58,146,39,'Lorem ipsum dolor sit amet, consectetur adipiscing elit','1',51,'2016-04-21 10:42:14',51,'2016-04-28 11:58:44','0000-00-00 00:00:00'),(15,58,148,39,'Suspendisse vehicula arcu nulla. Nunc lacinia, velit a consectetur suscipit','1',51,'2016-04-28 10:44:22',51,'2016-04-28 12:00:01','0000-00-00 00:00:00'),(16,58,148,39,'This is for testing notes','1',51,'2016-04-28 13:52:57',51,'2016-04-28 13:52:57','0000-00-00 00:00:00'),(17,58,172,39,'asasdsad','1',51,'2016-05-18 16:21:58',51,'2016-05-18 16:21:58','0000-00-00 00:00:00'),(18,58,172,39,'aaa dddd','1',54,'2016-05-18 16:26:23',54,'2016-05-18 16:26:23','0000-00-00 00:00:00'),(19,58,172,39,'aaa dddd','1',54,'2016-05-18 16:26:53',54,'2016-05-18 16:26:53','0000-00-00 00:00:00'),(20,58,172,39,'aaadddd','1',54,'2016-05-19 15:48:34',54,'2016-05-19 15:48:34','0000-00-00 00:00:00'),(21,58,172,39,'asd sasdsdasd','1',54,'2016-05-19 15:48:47',54,'2016-05-19 15:48:47','0000-00-00 00:00:00'),(22,58,172,39,'teess fffs ertr','1',54,'2016-05-19 15:48:58',54,'2016-05-19 15:48:58','0000-00-00 00:00:00'),(23,58,172,39,'iiiiiiiooo dsf sdf dffsdf','1',54,'2016-05-19 15:49:07',54,'2016-05-19 15:49:07','0000-00-00 00:00:00'),(24,58,172,39,'aaaa ddd','1',54,'2016-05-19 17:56:36',54,'2016-05-19 17:56:36','0000-00-00 00:00:00'),(25,58,172,39,'this is new note','1',51,'2016-05-19 18:05:29',51,'2016-05-19 18:05:29','0000-00-00 00:00:00'),(26,58,172,39,'ddddbbbb','1',51,'2016-05-19 18:07:59',51,'2016-05-19 18:07:59','0000-00-00 00:00:00'),(27,58,172,39,'last','1',51,'2016-05-19 18:08:54',51,'2016-05-19 18:08:54','0000-00-00 00:00:00'),(28,58,172,39,'lastaa','1',51,'2016-05-19 18:10:34',51,'2016-05-19 18:10:34','0000-00-00 00:00:00'),(29,58,172,39,'aaa','1',51,'2016-05-19 18:13:10',51,'2016-05-19 18:13:10','0000-00-00 00:00:00'),(30,58,172,39,'aadd','1',51,'2016-05-19 18:13:40',51,'2016-05-19 18:13:40','0000-00-00 00:00:00'),(31,58,172,39,'this is a new','1',51,'2016-05-19 18:13:47',51,'2016-05-19 18:13:47','0000-00-00 00:00:00'),(32,58,172,39,'11111','1',54,'2016-05-20 10:07:07',54,'2016-05-20 10:07:07','0000-00-00 00:00:00'),(33,58,172,39,'213232123','1',51,'2016-05-20 10:08:30',51,'2016-05-20 10:08:30','0000-00-00 00:00:00'),(34,58,172,39,'aaadddd','1',54,'2016-05-20 10:09:59',54,'2016-05-20 10:09:59','0000-00-00 00:00:00'),(35,58,179,23,'111221112211122 111221112211122111221112211122111221112211122111221112211122111221112211122111221112211122','1',51,'2016-05-20 11:14:57',51,'2016-05-25 12:16:32','0000-00-00 00:00:00'),(36,58,179,23,'1122','1',51,'2016-05-20 11:36:17',51,'2016-05-20 11:36:17','0000-00-00 00:00:00'),(37,58,183,39,'newe newewewerne','1',51,'2016-05-25 11:17:34',51,'2016-05-25 11:17:34','0000-00-00 00:00:00'),(38,58,183,39,'22333232','1',51,'2016-05-25 11:17:44',51,'2016-05-25 11:17:44','0000-00-00 00:00:00'),(39,58,183,39,'aadsa asds','1',51,'2016-05-25 11:24:25',51,'2016-05-25 11:24:25','0000-00-00 00:00:00');

/*Table structure for table `pat_notes_users` */

DROP TABLE IF EXISTS `pat_notes_users`;

CREATE TABLE `pat_notes_users` (
  `vital_note_id` int(11) NOT NULL AUTO_INCREMENT,
  `tenant_id` int(11) NOT NULL,
  `note_id` int(11) NOT NULL,
  `user_id` int(11) NOT NULL,
  `patient_id` int(11) NOT NULL,
  `seen` enum('0','1') NOT NULL DEFAULT '0',
  `created_by` int(11) NOT NULL,
  `created_at` timestamp NOT NULL DEFAULT CURRENT_TIMESTAMP,
  `modified_by` int(11) DEFAULT NULL,
  `modified_at` timestamp NULL DEFAULT NULL,
  `deleted_at` timestamp NULL DEFAULT '0000-00-00 00:00:00',
  PRIMARY KEY (`vital_note_id`),
  KEY `FK_pat_vitals_users_user` (`user_id`),
  KEY `FK_pat_vitals_users_vitals` (`note_id`),
  KEY `FK_pat_vitals_users_tenant` (`tenant_id`),
  CONSTRAINT `FK_pat_notes_users_note` FOREIGN KEY (`note_id`) REFERENCES `pat_notes` (`pat_note_id`) ON DELETE CASCADE ON UPDATE CASCADE,
  CONSTRAINT `FK_pat_notes_users_tenant` FOREIGN KEY (`tenant_id`) REFERENCES `co_tenant` (`tenant_id`) ON DELETE CASCADE ON UPDATE CASCADE,
  CONSTRAINT `FK_pat_notes_users_user` FOREIGN KEY (`user_id`) REFERENCES `co_user` (`user_id`) ON DELETE CASCADE ON UPDATE CASCADE
) ENGINE=InnoDB AUTO_INCREMENT=30 DEFAULT CHARSET=latin1;

/*Data for the table `pat_notes_users` */

insert  into `pat_notes_users`(`vital_note_id`,`tenant_id`,`note_id`,`user_id`,`patient_id`,`seen`,`created_by`,`created_at`,`modified_by`,`modified_at`,`deleted_at`) values (7,58,14,54,39,'1',54,'2016-05-19 17:56:13',54,'2016-05-19 17:56:13','0000-00-00 00:00:00'),(8,58,15,54,39,'1',54,'2016-05-19 17:56:13',54,'2016-05-19 17:56:13','0000-00-00 00:00:00'),(9,58,16,54,39,'1',54,'2016-05-19 17:56:14',54,'2016-05-19 17:56:14','0000-00-00 00:00:00'),(10,58,17,54,39,'1',54,'2016-05-19 17:56:14',54,'2016-05-19 17:56:14','0000-00-00 00:00:00'),(12,58,25,54,39,'1',54,'2016-05-19 18:06:21',54,'2016-05-19 18:06:21','0000-00-00 00:00:00'),(13,58,26,54,39,'1',54,'2016-05-20 10:06:40',54,'2016-05-20 10:06:40','0000-00-00 00:00:00'),(14,58,27,54,39,'1',54,'2016-05-20 10:06:40',54,'2016-05-20 10:06:40','0000-00-00 00:00:00'),(15,58,28,54,39,'1',54,'2016-05-20 10:06:40',54,'2016-05-20 10:06:40','0000-00-00 00:00:00'),(16,58,29,54,39,'1',54,'2016-05-20 10:06:40',54,'2016-05-20 10:06:40','0000-00-00 00:00:00'),(17,58,30,54,39,'1',54,'2016-05-20 10:06:40',54,'2016-05-20 10:06:40','0000-00-00 00:00:00'),(18,58,31,54,39,'1',54,'2016-05-20 10:06:41',54,'2016-05-20 10:06:41','0000-00-00 00:00:00'),(20,58,33,54,39,'1',54,'2016-05-20 10:08:38',54,'2016-05-20 10:08:38','0000-00-00 00:00:00'),(21,58,18,51,39,'1',51,'2016-05-28 10:07:39',51,'2016-05-28 10:07:39','0000-00-00 00:00:00'),(22,58,19,51,39,'1',51,'2016-05-28 10:07:39',51,'2016-05-28 10:07:39','0000-00-00 00:00:00'),(23,58,20,51,39,'1',51,'2016-05-28 10:07:40',51,'2016-05-28 10:07:40','0000-00-00 00:00:00'),(24,58,21,51,39,'1',51,'2016-05-28 10:07:40',51,'2016-05-28 10:07:40','0000-00-00 00:00:00'),(25,58,22,51,39,'1',51,'2016-05-28 10:07:40',51,'2016-05-28 10:07:40','0000-00-00 00:00:00'),(26,58,23,51,39,'1',51,'2016-05-28 10:07:40',51,'2016-05-28 10:07:40','0000-00-00 00:00:00'),(27,58,24,51,39,'1',51,'2016-05-28 10:07:40',51,'2016-05-28 10:07:40','0000-00-00 00:00:00'),(28,58,32,51,39,'1',51,'2016-05-28 10:07:41',51,'2016-05-28 10:07:41','0000-00-00 00:00:00'),(29,58,34,51,39,'1',51,'2016-05-28 10:07:41',51,'2016-05-28 10:07:41','0000-00-00 00:00:00');

/*Table structure for table `pat_patient` */

DROP TABLE IF EXISTS `pat_patient`;

CREATE TABLE `pat_patient` (
  `patient_id` int(11) NOT NULL AUTO_INCREMENT,
  `patient_guid` varchar(50) CHARACTER SET latin1 NOT NULL,
  `casesheetno` int(11) DEFAULT NULL,
  `patient_int_code` varchar(30) CHARACTER SET latin1 NOT NULL,
  `tenant_id` int(11) NOT NULL,
  `patient_reg_date` timestamp NOT NULL DEFAULT '0000-00-00 00:00:00',
  `patient_title_code` varchar(10) CHARACTER SET latin1 NOT NULL,
  `patient_firstname` varchar(50) CHARACTER SET latin1 NOT NULL,
  `patient_lastname` varchar(50) CHARACTER SET latin1 DEFAULT NULL,
  `patient_relation_code` varchar(2) CHARACTER SET latin1 DEFAULT NULL,
  `patient_relation_name` varchar(50) CHARACTER SET latin1 DEFAULT NULL,
  `patient_care_taker` int(11) DEFAULT NULL,
  `patient_care_taker_name` varchar(50) CHARACTER SET latin1 DEFAULT NULL,
  `patient_dob` date DEFAULT NULL,
  `patient_gender` varchar(2) CHARACTER SET latin1 NOT NULL,
  `patient_marital_status` varchar(2) CHARACTER SET latin1 DEFAULT NULL,
  `patient_occupation` varchar(50) CHARACTER SET latin1 DEFAULT NULL,
  `patient_blood_group` varchar(5) CHARACTER SET latin1 DEFAULT NULL,
  `patient_category_id` int(11) DEFAULT NULL,
  `patient_email` varchar(50) CHARACTER SET latin1 DEFAULT NULL,
  `patient_reg_mode` varchar(2) CHARACTER SET latin1 NOT NULL,
  `patient_type` varchar(2) CHARACTER SET latin1 DEFAULT NULL,
  `patient_ref_hospital` varchar(255) CHARACTER SET latin1 DEFAULT NULL,
  `patient_ref_id` varchar(50) CHARACTER SET latin1 DEFAULT NULL,
  `patient_mobile` varchar(50) CHARACTER SET latin1 DEFAULT NULL,
  `patient_bill_type` varchar(2) CHARACTER SET latin1 DEFAULT NULL,
  `patient_image` longblob,
  `status` enum('0','1') CHARACTER SET latin1 DEFAULT '1',
  `created_by` int(11) NOT NULL,
  `created_at` timestamp NOT NULL DEFAULT CURRENT_TIMESTAMP,
  `modified_by` int(11) DEFAULT NULL,
  `modified_at` timestamp NULL DEFAULT NULL,
  `deleted_at` timestamp NULL DEFAULT '0000-00-00 00:00:00',
  PRIMARY KEY (`patient_id`),
  UNIQUE KEY `PatientCasesheetUnique` (`casesheetno`,`tenant_id`),
  KEY `FK_pat_patient_tenant` (`tenant_id`),
  CONSTRAINT `FK_pat_patient_tenant` FOREIGN KEY (`tenant_id`) REFERENCES `co_tenant` (`tenant_id`) ON DELETE CASCADE ON UPDATE CASCADE
) ENGINE=InnoDB AUTO_INCREMENT=44 DEFAULT CHARSET=utf8;

/*Data for the table `pat_patient` */

insert  into `pat_patient`(`patient_id`,`patient_guid`,`casesheetno`,`patient_int_code`,`tenant_id`,`patient_reg_date`,`patient_title_code`,`patient_firstname`,`patient_lastname`,`patient_relation_code`,`patient_relation_name`,`patient_care_taker`,`patient_care_taker_name`,`patient_dob`,`patient_gender`,`patient_marital_status`,`patient_occupation`,`patient_blood_group`,`patient_category_id`,`patient_email`,`patient_reg_mode`,`patient_type`,`patient_ref_hospital`,`patient_ref_id`,`patient_mobile`,`patient_bill_type`,`patient_image`,`status`,`created_by`,`created_at`,`modified_by`,`modified_at`,`deleted_at`) values (18,'a7a0e519-73e7-5494-a4db-e53b12fa291d',NULL,'AH0000018',58,'2016-02-16 06:30:51','Mr.','George','Mike',NULL,NULL,NULL,NULL,'1977-08-09','M',NULL,NULL,NULL,4,NULL,'OP',NULL,NULL,NULL,'9856145115','N',NULL,'1',51,'2016-02-16 06:30:51',51,'2016-02-16 06:30:51','0000-00-00 00:00:00'),(19,'7fc6a659-f2b4-5ca3-bdfc-73ec118ac5d1',NULL,'AH0000019',58,'2016-02-16 22:07:14','Miss.','Gayatri','S',NULL,NULL,NULL,NULL,'2001-01-01','F','M',NULL,NULL,6,NULL,'OP',NULL,NULL,NULL,'9898989898','N',NULL,'1',51,'2016-02-16 22:07:14',51,'2016-02-17 02:41:37','0000-00-00 00:00:00'),(20,'67d1e40d-dd8b-595f-8e72-8d2d5d642cce',NULL,'AH0000020',58,'2016-02-16 22:10:56','Mr.','Rahul','S',NULL,NULL,NULL,NULL,'1993-06-03','M',NULL,NULL,NULL,4,NULL,'IP',NULL,NULL,NULL,'676767676','N',NULL,'1',51,'2016-02-16 22:10:56',51,'2016-02-16 22:10:56','0000-00-00 00:00:00'),(21,'733b973b-dbde-588b-beab-bbb7eb827fe5',NULL,'AH0000021',58,'2016-02-16 22:15:06','Mr.','Brendan','Fraiser',NULL,NULL,NULL,NULL,'1981-08-25','M',NULL,NULL,NULL,5,NULL,'NO',NULL,NULL,NULL,'823423451243','N',NULL,'1',51,'2016-02-16 22:15:06',51,'2016-02-16 22:15:06','0000-00-00 00:00:00'),(22,'47197d1b-6f58-53a7-a33d-982b4e28c3c9',NULL,'AH0000022',58,'2016-02-17 00:14:58','Mr.','sdf','asdf',NULL,NULL,NULL,NULL,'2016-02-01','M',NULL,NULL,NULL,4,NULL,'OP',NULL,NULL,NULL,'234234234','N',NULL,'1',51,'2016-02-17 00:14:58',51,'2016-02-17 00:14:58','0000-00-00 00:00:00'),(23,'561369b0-198f-552b-a7fb-fbb253abd8b3',NULL,'AH0000023',58,'2016-02-17 00:15:03','Mr.','sdf','asdf',NULL,NULL,NULL,NULL,'2016-02-01','M',NULL,NULL,NULL,4,NULL,'OP',NULL,NULL,NULL,'9566699580','N','data:image/jpeg;base64,/9j/4AAQSkZJRgABAQAAAQABAAD/2wCEAAkGBxQTEhUTExMVFhUXFxgbGBcYGBcaGhoYHxgYHh0YGxoZHSggGh0lHRcXITEhJSkrLi4uFx8zODMsNygtLisBCgoKDg0OGxAQGy0lICYwLS0tLS8tLS0tLS0tLS0tLS0tLS0tLS0tLS0tLS0tLS0tLS0tLS0tLS0tLS0tLS0tLf/AABEIALcBEwMBEQACEQEDEQH/xAAcAAACAwEBAQEAAAAAAAAAAAAFBgMEBwIBAAj/xAA+EAABAwMCBAQEAwgBAwQDAAABAgMRAAQhBRIGMUFREyJhcTKBkaEHscEUI0JS0eHw8XJio8IkM1OCFRYX/8QAGwEAAgMBAQEAAAAAAAAAAAAAAwQBAgUGAAf/xAA1EQACAgEDAwMCAwcFAQEBAAABAgADEQQSIQUxQRMiUWFxgZHwFDKhscHR4QYVI0JS8UM0/9oADAMBAAIRAxEAPwBfDNZxsEoYa03h551O5KcdCcTU+m7DIkZkz/Ddx/8AH9xQ/QeezAWpaW6hULSU1P7nBkg5ldBQk7Sc0VUZhmbNHRrrUDgjmTjYr4VCoNbCUt6RqE8ZnwZPQT7VXBiLaa0HBUyPaeVe3QJBHeePNqQQsCY+9FS0rOn6X1gVp6bwg/xN4jOzwlb+kDkfepF1m76TUpuqDbwwxJ9DecM+IPaedSzKe0y+sHSsuUxmGiKrmcvK7yagmRI21RQDPZkyV1XM9mcrq4M9mVnWQakmWS1k7QFf6SCrAqu8iOJ1C1fMltdLCBMZqfWbtGG6vYy7TOLtO0ExV1szKaNqnszYIMY1YTChVyPiaup6dVYM1S6H0rGDQzkTBu0llZ5EG3zVQOYpBqrFRooSewTK7topPOpKz2CJ409FDZcyJKm+IqhqBkZk7d7NUNWJOZIl6qFZ6TNvVQrPSJ1VXUT0qpfgkUUpmekjdzVTXPS/b3fSl3rkgy0LmhenJnSdcHVP3rU9JczqH6LR4Me+HuP2PK2pJRyEnlTKuIlb0h1Hs5jwjVG9oV0PI1fcJkOuw4MVuMbttaQBEzSeqZSsEx5mZ8R2ZA3p+dBpc9jNbR9SsrG3xAunoddVtbSpR7CmgT4mtX1RPJxGHR3lNLKXgoR/CQZmj1lT3mvp3qsXII5hhlYWSSgjsSKX1KKvImR1jRUKm9SMyZ1HlNJb5yYPM+sbOE8hVw8Izn5hBlmKMO0pkybdV8SdrYzPTYuqIAbVn0qfTb4lCZaRwq+c+X71BoM9hviVrnRXm+aZHoaE1LCew3xKOexrwUydp+J8KhlkbG+JH4MmaCTJxPXU1EpKlwgFJFWBllYg8RP1KxO7Aoq2eJrafXMneeWtk4DNE3jzNVNdTYuHhZu0Uv0Hc1CDJmR+xPqLcVSwdJWkTEjuKZAxPWdNvqOCIPurbp1q2AYBtNYB2gW909STIqTpjjMRZsHBlTw+9LMCpkjmeAxVe89LDTlDZZ6XUxFBOZOJE43VgZ6DrhsjNMowMgiSW1us5ivORiTsMskxQMZnpIHjVdkiMfFvBSrZCFtr37iElPqeRFPlJr19TsHDRl0L8O2vDSX3VFZEkJIAHp3qQohf93uHbEdL+0Sm28NIKoEDvyqbACpEyb7C5LHvFC50FbbZedUAOxkmkTp2xzK0aa29wiDkxQ1m7C/Kk4HP1o9enwOe863R9H9Ks78bpc/DrVW2H1JXtAUME+nSiIMDmYeq0jVHmappzbDii7tSSRzxyogxmI7iPMrcSlrwzAE9KX1WNhlHc4xmJixNZO4wa95ZbIAFERpJ7yVAKsJBJ7Cnq8mGSo9zD3ClvtWpTqYPSe1N1CM3OCoCxyJSRiKu+ce3vFlxnme2yjGYpXS/tPPr4+mISzZ/1gria4Q20pSjyFM2EBcmX0q7rAJnA4gGZTnpSaWc8zozp6YLTfuuvgJTg9qKxVhxKumlVTk8xmctFhPwK+hpM1PntOa1ZTd7ZRfZUDBSQe0GvbGHcRODX5qcSyjJg/YVHAmrqsOK3bhRO3rNwCduKJtl/wBjv74kCrohsoODOKuntM3OlaxdL7bhj6xh0niFDbDYWncZ2kdecT9DVbb2AO3v3mpcUuYujd5Y1j9kWkuSJnvS+l6iLG2upBghWze1hE7VS0T+7USPUVvLeuMGZOv6DYcvX+UAXbB7UteFMwhp7V7iUVA0nPFSPE5STNeOJUQrbvgDIoewGa+nFRXBkqVpNDNZ8Tz6JT+7LKLHdVQpEUfTFO8I2tgAKuZAWDNWtIMioHEFYsqJAqhgY2ucTLu0IQoQoEHHpT5fib2u6cK19Ve0LaRqJDkLUYkRJoZfmZiaexhkCaFa6k3sGRREM81Tr3ERPxA1ncpLYVCIMx1PaihhOl/0/XWAWP738oiOOp6JFRvE6IlAZE7ZIUpOYzzFSRkcRTWaKu5fb3mj8GWG9EeIdvSDSQDZ5M4TU6Z67CGjRc8MtlOVqPua89W4cmL+kImam2GnCgGR3pB68GD7HEsaBpxuFxMJHM/oKZ02n3nJ7SQCzR1s9HSx8Ik+tOWqak/4xkxxPdwTCCWwckCo0zWnlxiWcKO09Rb7iQkxTpgScSDDSglTsk9JFL2MUGRzC1UPYCQOBO37Zl4QtMzPOqpYLOGE81DpyIpa9wU0ZU0vbGYPL+1VfSr3XiVD3dhmG+C9CbaaBISVnmf0o1KBVgW3Z9/eG9QfSiBtBpDqnUTo0BC5J/KHoo9U8meWobcBJQJqOmdTXWqfbgjv8fgZF+n9Mxc4o0BJSS2ADWi6AiLqADMv1hh+1UIggmhYCibei1FScNIbjVXynIia8qZm/QFsGQJDa27q5URj1rxEBq6UZcBeZOLcpGeVL6hfInOtTZTz2E4VpwUJM/KntNoCwyxkr1q3TnBGRIPDQj4pOKfPTSBkGNV/6upb2uhEpPEHlypLU1ssCnUK7MmVA2DzrOZ+J622pl4E9XaiMUIWHMyHxnifN2aonpV92ZKlpPa2x7UQZjVVrCTuXCmyIGBzq42ngzZ091TjFks22uJODiqmv4grNCp5Qzi9eBobAiZl1Dp+8IMoeItthuysi0QRlRrxuJ4m1Z1X1h6e3iCtTedCipQI9qZXJHE1U1arXwMCQ2d48owhS59Ca9kiLvrdOR7sTQtE4DuX0BdyQmR5QZKgCOZ7GjGpj5xMp+oem+dP2hq2/DO1lIU8skRIkAHnPIY6fShm/TK+wuM/GYc9V1ZBIH8JY1X8NbZSSGSpC+8kjl1BNMlPiDq6xqFb3HIlDgHhl5DjyXFkJQraADzPPd7ZFUFYblofqWsrsRdo5PM0MWaQmMmrlQB2mH3lU6SyowpofMUoLlNmwqfylzSNuZ8jQ2m58IbPanFUDtBqNvaB3NVWFqQSJSYml7rwg5mxVoQ1Yf5gi8110Hbu58qFRqGtBIha9CrZhPQdZUWij+PucCmK7SRzM56lSzDdooXF49aXBU8kqSVSFEk46wfnyo24EYE7GkafVafFJxgdu0bWtcaUInEEyD0nv061zer6lqkszWg25A57mY50jA5ipxNxCpSAELhKsgddo5T2ntXQaezePcOZraHSVqSzLzLnC/FqkoCVgwMbuf1qbGCczN6v01A3qKcE+I1N8W26/KpUn2NAstpdcPyJz/ounIkiOK7ROPFSPTrVqvRrXCYAnmptbkiD9b4zY2Q2dxPaiGwEcRinp1r8kRX1Cwfu4hEJ55pd3OO0u2lrQ8nmDntAfSYCN0dqpVYx8RqnqJo9viU7q7W2NhBB9RUOxzzGR1GtjmV2UKKCTnM0Nn3MB8RfU6hLnUeJDb6wU+Vaa1F1OOAY9+zaSzyJDe3gcMBEU2usbES1XRNO6krie2ejLUORHvSer1IxkznU0ToxWVL7SHGzJGO4rIFyueIV6nQczizSDlRgTV1TceIxo9EdTnBjNaMtr8qYom3ELdobKe4hdzRhs5CvcwYWL+p6bE4rwOZBBHaKz1icmiKJKXuh4M9sE+aCaIRxHzrUsqKsOYeb0xJAxQSJl7RKY1gmSMRyqfTVCJuCmmp0x+MoXF2t096YyAI9damwgDAjNwQylpaXFJkBUnFJhz6gOOJyNisz4UE/aa9aa+0tE7hB9cxT+9WHM8UZP3hj7yK61a3ZEyPTqT7Ugmi0dJ3BRkee8K11jDk8SqnikFMpR9TTH7UPAlTWAuSYiXPF91aOrlsKC1FXM1f1uOY89tV1Sq3BAxNJ4Z1ddy0HFILYIwFcz60UNmZzAA8SZjViS6CAPDMT3wDP3qA2cyIqalxuslSG0hIEjdzpV9Sc4Eml03+7tJOBLfxluOOq3ebE+1GRVsGSJs6/Xqa0rp4+YyXmhtJUVpSDPSldabNPUXoUEzOptZjhmOJSOjbvMhMH6Vj9O1XULrR6i+37Yh7hWo78znVNDU4j94mY5CujavzE673rOVOJny9Ec8XwkgCSepGPUVl6jU+ipZ/E0a+paliFBzGfT+D2Qgb4Us8z0FZLdcZ2Cp5IEa/atTj3P+Ug13h4NI8p+VdDsOzMx777GOXbMBWmmLQsyCCRgUjYrbsQQbjMia0wpJJSZnqKI2RxJS4jzL+laD45kggTgRzg1ZdQa2C4JJnQaHXKlZYx0ZZeawUSOkf0rRAJGcTP1D0vyp5nTb5idtVRkzjIzM5g2c4gDiLS/HyAAe9etrJEoDADjBaTBTg9aX01ZLZMsz4HEFmzStdPCoBz9JAtbjBli+04ISFJjymaGdSudpnS9K1KoNr+Yy6Dq7DiEhQCTyiqW2V9mjep0/OV5Ek4oZbS3JiDQq6KbOVgtPpF1HtYTPUWqN0/wE59BNW2bTiZWo0z6K72niNt9pjTCUOMqEGJHv1FMEAia+m1B1A2WD8YJ1TiiBsTg1UKkYr0+mDe6XNHf8dB3c+vtU7KzJv0mnYcCUdW0jaJTlNR6eJhajpjLykB2doA5nvUHtMnBBwY2M7dopcwwhLiTQkIQXAlJExjmJgTUaXqel1b7UPP1nTUulrAMOYG0ttKELShpJUsgpMAlKf1PMx9O1anog8mGs6dU7i09h3B8y2dFuHUkpBicCcQO31A+RqtttNYw7Afcxg3aaohOB+v8QFqls/bKCFgpJEiO0zz949qFuRxlMEQymi9SUAI8/eQs8RLBElPYqKRBBwQQPrIqPYRjEVs02mKbGXj6cRpa4pY3JRtRsWsKzzSgpSogeu8OJ+QpG25wGFaDj5+cn/BmXZoq8Y+P4nJgS84mTsAShK1892YSoyMTzAhJH/L0ppDxyPMLV0+pWDY7HIhDh3jJxMIWRA5VFz7FyIv1XSUqnqL+8T2nt7rjhU4EE+foPpikBZYxOPM59jtXmU29LfQjxFoKU+vOiGsgZMUwe8+s9fetyQ0qEkyUkSD+tStxrHEICY5abxwY/eI+mav+2j/ALCXDRhtdc3IlOZyI/KnldSuRJwZXteLCHfDdbISeRrNbqfp2bbVwPnvCikn92dvrbcvAYHlaP1JH9KZZUss5+INSVaWLUJCpMc6Vr6bpw+/aMxk2uRiEnQ2oSQK0wBFzAOxtVwOWBQCFNglTGZi2bHJI+1MgCVxKo3g+RCUhJMDr/hrFvv6lktXWoAzwTkn8vmNolAGCeZdU7uA8sHqK09Na9tQd12k9wfEXdQrYBzBt0G0qEkAnp3+VI29LpOoF4OD8DsYdNQ2zaeZYNhIwBWrFoB1/hpTiITFeUAHMq2fEz/ULBbJKViDV1BLmUZsAQLf3xAiaztRpjvzGUu4laSkgihhMjBjlHULE85E0/hrhbxmUruypUwUokgAdJjnPajabSLXyIxb1e3/APLj6w89wbZqTAZSOXw4/L2psoDM63VXW/vsTAmu/hw04B4Li2iDPMqEdoJx/eo9MYwJavWXV9jMc4t4eftH9jsmfgUOSx3HY+lCYbPtGF17Ofd3nFk+81KUyFEZHOlbOSMx2vqWOGEvDVXglKSCkDHvTFd34zd02sqtH1l3SmFL3KI+dTa47zM6xpawBYveWFJWDFByJz+DOF6y74AZK8TO45MRgUjTpKRqPWQc/E3q9XVZZ/xqSZ5outBlaVODckEyJAURAyJPLPXBg1uesQCJul99JrJwR8//AH+Udbfje2Wkkr2ntB5wcTEdOZ7iuE1PS9W9pZjuz5/X8ph2aNgcAxb4p4xS+34LaAZ5qmYM/wAMex58wa1el9Ps0rFi3B8f3+sc0+n9Jt279fWUNG0AOpIckTEemDkjr7elP3akq4A7eZm9T6gGYVUt27kfMB3mmusr2KbSqCYPQ/r8qOz48zJGsvHmT3dmu32+I3BUJHWAe/aprYtyTNfp1llr5tbgePn/ABIgUKyTBHKOtMB/mdLZ6dgGRGHTL8pKAw0pwp54J+4opFZ7RTU6bSlNr4E0kPC5YAU2pM4IUII9K5zrHULKRsUfj4nMNo0DkZyPpEjVOHFJdwDt5iaJo2svpFjTPup2NgSB5nwk5orEDvPIVAnKNV8JI2k4MxODRKrMCHXbshZXEshta2gSR06VLaqtmG9c4i5OO0+veIy2C6hHxgJz0qyaoNYSPiSgHmR6ZrKg1uUrJk0RH4zmNVqu3Jk1vxA4oczHQUtZrznaJRmQiWEvuhSVhCs9SCB351VGt3bsGKllzxDFtxK4IECe5P6Cna9S54IkkCHGr1wuoTjzJKjE4A/vFM723hZGOIUWVEYImiyIm3ds8Xg+s7w2cCAMfKkbEYuHPiGRwFI+Y4WV/wCI1KCJjl2NMO7vUTVjPjPzBqBu93afW9ws4WPnWbodXrWtNeor4/8AQ7Q9tdYXKGK/4gNoLM43SIroNOffM3UD2zPkcLOOJ8RUpQMzHSovcZk0VO+AIbtGrLxAVFG0JgA/maVar4E3/wDZNSFBC5jpYasjCEKSUgCM/KrA44MRu0dtPLqRCSX0rESRHbH+6BqKFvXaSR9jiBrcocgSdkQIBn3r2l0/oJsDEj68z1lm85xiCeJNOS6w5vCSQkkEgYIzg9OVM4yMSqDLCZVoLKStbpGScT2pAjJzGiu1iIQuLdKlboFVCY7S9auDlYRsrMERiq4MK7vjDSu9ZjccVOIAyrqv4cOqa3suSdshChzPv7TTa07c4l9Nq/2csMd5mNy26hZSoEKSSCImCMEEcqrvELZ1JicrDmjWu9lc/GASnpn5ek4qrkbCR3EXGuuBJ3Q3pdsgJZhCQpQ8ygMxJmoC52mCfUWMuxm4MftNsUFJPpV301bKcwIwIl37B/aoORvBHttP9KyVsJXB8cSR3l28bU8lQWJJAgEU4tbEcd5o6fT2GvK94mN6SpNylpYUAVgKA5xImiox3BWEueoain2sOZ+iNJ09lttKW0JAAwAIp/tM2y13bLGDXLklZBG3OBXA9YbUX6gqQcDsP6zToCKneTPab4qYVjOO9a/QtNqUUi4YXwD3i+psU9u8Ea3w0gtyeldBZRWw5ESIBiBdackrKRyBrFOA5UdpCnnEMP6ePAHoKVs+ZD94JvwS22mOU15TjmQ/YSkRCKsHOcZkbjiaF+GFqjwi6oArJIScGEjt2Mz9BWvoKVAL+ZA5mgbUkeaI+1aDuqKWY4A8mXAJ4ECuaEy6fLsMEe4pWm/TanPpMDj4lmrZP3hJ2NIS2rclR+HbB7TNMCsBt34SuZK8R/erycQPc3yEoUD0ml7HVRiSBM+Y1Z4PKLaylEkxWeLdg9plhzLquN7gY8p5d60dM+8cwRPxJXrh28SFOKASDgAUU3+k5lTUbBzDyLiWSgjG2KWfVqY3XWayCJkmqtLYcUCDsnBq1eo3eZ1mk6ypGH4nFlqhCgptRCukd6ZFm7iav7RTeuDyDHDRuKH1DaSFLC0gk9p5UhdvptyvO7HGZy3U9LWrgVgc/EZXuKVNrSnYSM7iDy9Y/SavXdZgb1mZbo3XsDiB9c4xceaW0loBK5SF7jMe0Vd7sDtBonptk9xF5q1W2KGnaSD78t2gS+1NzcUrJBHTkKY3ADidjpNRpygCCSo1dbe3Y5PUjmB6VXcrdxDWLTaPcssq4vc/lBqvpiZL9Np3HBm2+IhpAk4ECTk0cYUTlScnMyrim1beuHVoREnOIkxk0B0SzkSu3EocKaAVuKJkJBx6mq1abdktJRMnMa+CrZLaTKNykqUk+mZ/Ws9uqVaZAhGWzjEZop3jMH63+IyUOvMpZ2bYSCYncFQo+0flWyrb03YjdWlUYYnMG6Pr4uLndsSNokD2BEGsDWUlGLZxkiDvADggeZ9qXErbqlFlJ3pKAmOSzPQdOQ+tPaJb6lAvbP8ASbVbLWfeePMPabwfcqIedU2HE+aDJJUc5PSOUU1bYGPt7zP6nq6bgBWvbz/QS3bcQ3oe/ZxbE+ZKSfNtG6QlW6MJwTPoaqt7k4CzHdhD+ovPssF1/wANJ3JCQgKXAJjmQDPyo21yPGYXT02Xv6adzIjrRVsU0k57mZGATjsSKs3tM0R0vaSHbt+v5Qbc6otxtwrwlKArn3Khn2214nIk2dMX2qrHJOD+X9zAekaUXQohQCk5UFAiBnmrlOOVZJ0D5LKYlqun2UNwcjwR5/CU7+/cblC0KSJgSCB9aQel8YYYmeW5ltlSQEyMkVLLgAQlnAEL2/BK3RkhCT8zTdPTXJ3McQeDiE9K4fcsJId3NASQenciB+UVpU6dqjwcj4hKq2dgg7meXnGe0lLQCuUHmPtinQme86PT9BJANpx9IvOcb3JO5ISnBnyj/Of5UJNDQr+qFG7tmbS9D023DZP4wxpf4hDAfTBJAlM9skj+lFK4mXqv9Nke6g/PB/lmNyLpLolJkdffsapOcatqzhhE7jASrYnEjNY/UWw4xBkxcRZhMgnmKRJzJYjbJ9ItGS6kORtzM0xptRsbaTALycR7stNYCZbAz06VqKUc5zD7SsWtcC0vhtv4Vc/Ss/WoV5SERjnEp37CFNFlYEqWBPXJA/Kq6RiV2nvmRZ5gX8ROG2La3QthJSoEAkSZ9TWnWpQ949or2U7cxU0fVC0yp1UklwD1MCg3FmtGPEYFp9dT8Qg5riHEKKVLSQfLJncDzntH60eqyzgOB9cToNPcX7gQjpl+goblEEKQmJ5yecf5zoltaspJimt0gtYk/GY73elADApCqwMMicyy44MzXi3TlA+3XtTWeMy66gou0cQNpmjvOmRtA9TSV2trr7zQ02usPLQwOGX/APo+v9qF/u9X1miOoJjtNT0bUwt18KKSElOw/wDSRP5k1qK+5iJyIHJg/ipxlAKiQCelX4EkyDgPUmiFzGD1qyuO0IEIGYV0hTYfukmAkrCwZ6Kmf0rJGkotuf1FyQcg/fmQjsmQJW4rttOuW9rqkbk8lpICx6T1HpWiXRR3xPC1k5BmacL2gaujtVuRBExB5iPtWTr7A1X45lfWZzyZW0dpxsoXtO0KjdtO0EHn6kUWxwxxmUayxgM5M3w3YCd5UCjaDuHIiOdY+obWjWf8eSOMY/d+ufjzH6kFigDvI7TW2txKYKSJKuoI5TXWVjaJ5+nXDORzKN1r7N1buNmQHEqSk9QQn4vcGCPaoYuvaNroLtNcrfGP59ogNXr9shSCCVEqAUBI/wDbUOvIlRSr5GpvR2A2nHb79x/TInRPWlpBP65H9OJ9ZcU7EpbuG5QlopVMlbigrBSrGOXPsazdRpb8s9VhDMwwPAGOcj+3mL2UZO5Tg5/KQPXrjoUltB8ErKwFQCoJGASJkxJj59q06AwUbu/n7xmusBgT+8BjP9o7aLqqV25RdJSspSSkBPm2wJBBAG4TAHYVdkVu4mHrul77QahgHv8AGT/T5+sH6np6ULZuESlvyyk/wntWbboT6qlO0zv9ste301PaNWn8VsrR5XAD2OOVaJOO8pqenajTn3rBHGGr+IwoBYg/Q+hIpcgmxXDdvEc6KVGoBK5/nEbQ9WbSQlwHaTg48oPemWs2gkTs9TUzjdWef5x1tdEtlAqQdwVmZBHOuQv/ANR6qu0qUAx4PeYVmu1KkBhjEVuJuHyxLoVKSfmDW707qtetTtgjxNfQ69bhsIwZV4Y1t1ClN7zC5I/5e/rTV+81nbwYn1jRC6ksg5X+UZW7Fx3lz6k8hXP3XLWu5+/8ZxNdZcwZxBpzzICviT1I6e9J0a2u84HBltRQyDPiA/2kqBHemkrG6KLPNL164YwFlSegOYrRHt5Bhw5EvWnEKi5vcMqmveoCeZG6QanqRWsEGIIP0odBzZPFpVv+KHV+Q5ScZp5rcCV3HMrajbkMo2AAwSQRjzUpTcVbJjPqsuD5gzTOH3XIPwJMwT1/tTQuB8xunqFqkDEdeHeGrdLgLyyvbB28kk9z1NWS/ecCMW9YuI2gARqvtVJKkpiIxQXBQxKshom6+gEbVK861Aew6miK24Yk2VKcY7mA29MfZXKCFIPIzVL9KrjiGOmtTtyIet3F7RJE+9ZjdMsJ4EIKbMdosO3TiAsJUpJB6HpzFO1sdwIPeYZyJUBdegqUVHrNMBWcmFppe5sLGyy0v90NisEZ9R70wtGBN5Ol7B7j94cHC5KAfEUExzBJJ54Ppn7UJtMm8uTgEYidmlT1SoMHL09BTCkwAoweXuaI1KMm0fnNF9BU1YUDmCkXjTSleXM/4apZ05HWFbolZXcpxGIsw0hAMBZJSIwZzntWRd024XezkEfMzhonTKDnECXuorYb8JKincVSmSBAMVs6CvFY3dxNTpFFeCzAZEJ8N6uldu54kAjBjnHePrRrLkQjJ7xzUKfUUiMVk1b7EJ5E8s5rl7etalLWG3KgxKx7ixMA8TuG1QpMkpc+E9lHmT8q39D1KrVr7e47iOaaxLCCe4/lElol0hA3KA6Dt/Snmw0ZvAt7HEcdAhxQAzsIKQRAECCPmPyonYSdR/xV/fvHA6ShSt58s52jGeVYXUes16Q7F5b+X3mINS6LsHP1lbiXSS7b7GzBB3RznHKk9J/qNLHC2Lj6wmj1Pp3bn88TMHHFNqzgp6fPka6XcGH0nROy2rjxHnQLVq6Z3KbKComYURJ7gD/MUD0kzxOC1lP7HqfYfrFLWuGnGXSlKpBEpnE+nvS12o9FgH8+Zp6brpziwSFjUbhlO1ClJjsARk9fvQm0+nvbeyg/eaiayjUe4id3WvPPISzJgDlBJUe9eo0dNFjWL3P5fhHKRQjFwRDPC3DbqnEOKQQgGSZ+2DIp/ORwIv1LqlVVLIh9x4/XiOKr9KXCkQkT7Zrj+tVn1zj4nMabAWXtnjJLeDuBFZGl072Xqid4a0rsOYt3fAymUypwH5RXbnQFeczJo04c4zzKH7DaeGA4r95uzHaf6UuttO3k85jK6Uf9pFqnDrGzxW3IHQd6aGnWxdy9pd9EGyV4irfL2iBSVQZWmXZleDIbZndHvV3fxITkwlqzgnb0AAqigs+BGn7zhGs7ilCRhIgV6yshe8hLADDlnaLX5gYq+kbaMzzsIKuNRcQ5AmAcnvFPkq3eSr7e0DaxqXiOTPKhIPdPWOScwfca24gbUrMU8O006NRaKhBytWcOd5omZP7RZHDXLdJWpKMhQISe5HL3rn6gyY3frMxHxnAnmmEJbSg/Fma2tNjmdH0YKM/MaeGb5sq8JXIiU+3Wq6u8UVmwzV1YbG4RtbvE/ADy6Vw+t1uo1HuOQPAmUV/7Gc3dkhxJSQKnTdW1FWATxJWwqciZfxBZpbuQ3k7sY9cV21eqD0eoO01RfurzHjVkAMJIICkQoA+gj8qxtP1qy23aU4+YiHYEn5mR6vfuLUStRJEiD0E8q6LjHEs7YUFZVYu1pylRH+daUsAPDCKHqW07Wh2w4jcTJV5lpjZ2nPOkrdKj4HYeftGE1tTDky5rWuKvQmRt29O/c1XR6WrRKxByTKnW00KcHMK8EMQHFR5TAnt1/UVFuttWwBe0x7eo2vYGHb4hG0tvDU4WFhxRyII3A+qa2FtDKDOiq6kltaraMAflOrLi9SVKRcDaoJ+prmeo9IBPqV8knmeurq276zkSonjsqbhCTug5PKelWr6NUr72PEofQA3s3EHaJbNEqeuUrcEkkAgZPfIJz+dah11atsAMT1PXP+lHH1misatbMoEMuI3JEJ8v0+IxVa9Vp6iSucn9eZg22tYcscmALa4XqFxsSNiEgkCZjueQk8qXudtVYFHAglOZ1pnDu68fbB3Ib2zP8RIBj86t6JzsrbsIdCyDgz53S1tuqUpIHYQMD0pSw3U8NI/argCobgxs4d1xJTsWQFD0+81qaPqNToFY4MoDmEb23tXeYSSOo6U5ZXTbw2DJVmHae27LDMEKAkwDPM9qinSU0nNa4hM2Px3gnjnVG2rRwuKBwduYJJ5RFMMoZSDJpDB+OJkmn6LeXLYebb/dwSFKMTHYVnpolEc3JnbnJky9Gu/DSErRBnylREHqBiO/0pyqsVDHiaFVViryOJEvh11IG9aFYmUkmPTln3pfVVlvcgiGu0Vj+5FljT7FSXEhXSSflWS2d20jBmVXWyWYYYxOm9NVcbyMAH71ettvMl2kTGjloyYA7kjlnpz6Gj/s19wyBgfJjml6Zqr8FV4Pk/rMYbDU0JSUhQMcz84/v7UxXoHUAEiPHoWpQ5bGP8ZitrTytxKFBST2o1lIVciB1XTrKl3beIsXKo96DXzEWqIgtROetOZjS28YnweT2qMNJ3Cfp2/0Bt1MHGISABCRFSxRuDM0rM1e4WWxcKDplEnaropPQ+/cV5a9gjel1r09oA1Xew/KDhOR7Gg37XUo82P90V1w0+0XiBwXO4q8p5iszVaSttPtA5HaUOqRhiNHEnGobSEtGVEfSsrQdI9Rt1vAk1lM5JiA9qq1ueMpUqmZNdStNa1+mB7e0eDrt47QnrfEq7goKdwCRkDqfl7UhotCNOrD5g0ZVUwNcMLUQCkyo1pZ2qBF77sDaozL1vphIKdvKlSrlszFai12JInKdNhUZoTOwEEa2HeTstKCg2gEuE+UJ50ZWRK97eP4Tpuk0UrQLWGWOe/gQzpfEjlrLTrZysFW4HyiMiMZ/pS9lSXHcD+X95fV9Nrvbf248eT9TzD+l3TZvkupACS12jOKSJanh/mctfTbTZss/wAH7SvxxYslIcR5VlWYPMGr13knAlBYw4zBNnp7aGlLyVHlPSottbIAkWMcd5RtLkpSvslM/OcUVqgSp8kyKxLX/wCXUtAUZxihWUf8mBJKeBH/APC5JWlbiolKAlOAMST8+QzRaMmxj/5EmofMJcKJKnbl3op0ifQCBSejtusuXA4IyT4B+I0du0yHja5Epgp7YOT8u1N9WBJUDH9Ym0Cae6UhRIj1OAPc1lJpndwqjmEpraxgijJMuWV0AssOApmClShCHO6Qeh7TXRaXpopA3HJ8/E26+lBUDk7jzkfHwfrK+qaLcJSkMkrCXN43KEwCSB6z5THoaizq2jpb02fnt84+5junuqGAw8bfwi1quskvrS4DDQV5CPiUYAnqRmfZI71pi5GAK8iPIlZUIuPqfpCCOKV+EhooAQkbVBOABEQR3Az3kcqnaMcQNHTaUYlO/j8P6QnYXzLu9smNq1hJn4sk4+RrO6nqjQoZVJ+foPn856+t0Ab5HP0lh3St7X7uEHMpOSoA4z/DMJx8qzdN1dC2G/P9flFA+1wTyIm3l+WyU88FJ9O/05R6GtqzTrauT3+YzqNEmoTJ4bwf7yza6ollsI3JBUCqSFZHWCOsTz9Kz9FpybmL9l8fWZHS9Fuvb1B+74+sF3V1vMkgkYkHmJJ68zn3MVtMwM7RCq9oc03RA7auPJcQkKiNxiAFGdx5Csu/q1VV/o7GJPwM898fxiWo1gFoTB/+iB+INLct3AVADf8AAQZBAAGPt9aY0uup1QLUntwc8GTVclgLLOeIuFVG0FzsDahgiYMYgqBzJJ9wIwcyzsBmBelV9pVO/jHY/T/PzEFpZ+Huc1VwMZmU48HvD9rbthIlIP8AurqvE6HT9Pq9MZm0DjGwQFRcJjsNxzyxAz8qzKdLVQ5ZGIH/AJ8Cco1uRgxK4245Q6pKWBubTMrgg7j0yJ6c+s+lOGwEcQQ5ihc6kp9CQceY/Tl+c/SgscnEtnxKv7OQeUc+s1RxgSRmSOW4gbuvWghz4hFJ+ZJY6OVnyglIIn0mjVsznEbqe1yFzxGK1sENEI28+tNsoxN5NMhXiF7PhRTrm4khI5fTNY2t6oumXb3MruVUAxyIVRwgEErCifSk9N15WbFgxBiwAk47xQ1FpaHtpEEn7Vv6cJau/wAGMVaOt03PAurlbLgdTnaUn/7D/Qr1lQIKHsYoWbTj0vHiH+IeJ7W9td58lwnb5TzM4IB/iHX0rF0Oi1GltNfdD2Pwf6SdDqPTyrH2n+cG2dwppED4gIgwKc1lasyqYj12xGZApBIHPPP0+0gcvlrUkKkiaEKlQHEwAeYZ1N0tMtpAkqE/KgJXvfMJbA6lKSyTtytXL0FOJzb9h/OShwJPpdwhKJWkEz1rxQvYcHEuDkxx0jUdjZU2rw1kFSY5QOkdayGssptO35xmROXNTdZG0LKQRJjqo5NFW6wcKfM8zHMH2ri3I2AqVPuaqK2L8d4FcmXtRvHWUDck7iseTbJODjkfrWtoUZLSWmx0n/8Ao7eJDecSENhIQlQ3J3IgqUkA9ueO/TtWnqdxqbZ3xOn1FARDYCc/3jHoOuIfwkwQkzJhIAPP9K4hei6i19qDg+ZjkHbuwcf1iNxTcB26WAFBQ2gjEK2zmfbl15966fpmjfTVem55z4mn0/O3J4yc/wBI48KcHNltK7hAcWrISSdqR0EYkmZz3rV8czL6h1JyxSvgD47n8Y4nQmNseEgCUmAkCFA4PLnzqCARgjiZP7XdnO4+fPgypfaTAVtVsUVE7gBI9px2x70vdpNPby6DPH0P5iGq1bAjPIA7TI+KNKW0VvmS2pxW1RiczCiOUKgkenQUdK/TUD4nQ0atCApPIH6H4Tp+whlG+RMREg9I+/8AqsZ9STqcU9/Mx7NS7a3Om7nvzwf4DGIJ1TTnWliUqVPUgz84/OtHcTyZveq4wWx+ef44ElsOJCyytpKfiJKjnuIEEzVSibw5HIyPzgnsVn9/j9feXrjitxSklU+RKQiZJjEqJHMqgEn5UHRaVNKDgck5P9h9BLrXWQVI7/r+EpXmpOPKlxZMxjMemPymtAPkxmmitMBRBVqhDdySUBQHQiBJHOKC7bWwZy2qVa9cUPbPxjvD7JZUAT5Sf4Y5UXPxN5BlQRF11aS1g5SYj9azVU7+ZwpHmCxc+UjvTW3Bl0aTKkJbA54P5n9aqvuYywPMNKtFwMyIBqHUkS88umVeGlQHWP8APpSSEbyJAODGjRrTwrNxzf5lBJKeo2mR+tX02qHremB+M2+noAwYyDTL0uLBcmemKe1eVrJWbttaomUj3baihKRKhXBW1W2uTgkzM5Mle1xpAlSgB3oaaG522qvM8KyTE/ifVmluBSPMoDp/Wuv6Np7q68WR7To2Oe0WkI3KO8YV0PvWnrLFVPrFeqXVCvGeYGSEIcKwgYJjnAzilCXZduZyh1NnPMkVclSSr1qgrAOIt4ndg6VKAnlVbVAGZZTmMPFBMMbejY+pNB05AENZINZtFw2kYCUCSf5jV9LW77nx3Meq6XqbwCi8SkrR3VohACiBJAImPnTK1OGJxCWdI1dS5KxsstGUoMlJwlPmxH/xY/7o+hpS7RlFZ89+YG7RtWFJ+Ofp+uZ7qqP/AFBDoUGyYHqBjH0pP0mQbiMRV1YckcQi1rzNqQlhEz1NP1XV1n2D8ZUMF7QZqd7+0+IXFwIxtnB+RBP1ou7Nm9j2hqrij7x4iYCtJKkZjl5iCf8AqMn7Z7UyupQnniblPWhnnj8T/mcoLy1KUVDkqeRISYPbpip/aFDEiQ3WVDkj69h+v4xh4a0pCXmgpYG+JUoAyeYEHBnAgmlq9U1lm1ePqYjb1S1zsXgfPnt95tmltJCQmBgdMR8ulahiljEnJle+1KFbUnPX36HP1rmes9SupcJU2Pnjn+2I3pqEYZYSZLm9Mn2pzpPUW1Snf3Hn/EHfUKzxFfjS3cW0W22A4FDM7QABnAJ8xn8vlWvbvKEJ3MEHYA7e8zW/vXVKaaS0SptwQhPUpPw45CRE9KxNPpStjc+45Erp7jXZkx2evFXNqhTjPhv84HKQYz1HtWhTRYilHOR8+Zr0a2utiDkqe4irrOmFbkoZTkcoGTJ/WaCKbVwMzNN9in2ngdouPt7FbVNbCYkHcPnEwe9W3uveFTqt6DbgflLlw62AAgAYzVFvfPeVfq2qIwHx9sCU7JkLUpZPWotZjEHtZ2LseTO3L1QMBWKlEbHePV6h1UDMCrIC1T1Jp9kyox3hLdKGTIHMp25HiQciag9szL27WwYbubPdgHIz8ug+1ApOVJll+Z2ddhGwpAKRE96IckcSHbEO2WWBuxBBz2NZYYLbLA9jGiztzcW6vBE7ZwR1jlPWoqdq3IVfxmj+1YXKiLfC6VOLW2SEq2qKf+ST8J7YmnWtZzieHUbT7TBOo3DhXlR2zy9apUyIDgcxqnXqBPru8W4AknAq9LVoxbHMPTra1JJk9rCBHOvWav8A8wGp6kW4SR2ZJImSZH5f3pW5i2SZhW2M7ZYymWUAK3kgxgUVWLdoICClO/u8d6ZC++U8TvSnJWD6iovX24l0HmaTboAAdVCglASBzgxhVY1T5cLHtKga5cwIlSnnPLKio4FdMhAGOwn0+opXX8ACXlaI8iCW1CaPVsPYyq6yhuAwhDRbp1Dm0ypCTKusYHU+wx6UHV6f1UwIh1LSU6injAJ7Q+zftXqFoWgABQAVuhWBO4fU/X1rnNalmlUBiWz/AAnOazQbPY8H3llZMo2q87ik/HuBjGIEwCTHeBPpOpVpUCZI8RGrpwwfP3/pFBpOwFJVkj5TNZ9yEECZNtbVsUbvBTpiRNFHPMDILlRREKEnoKKnOZJOIct1eJtBMKRGCBGD96SZvTOQJfPE0XQOKm1JhxSUqTCVSpKZJ5bQSScVs6fUCysE8RlXDCMFwkLBMJUc7QVHH2PPP0oep0Vd6kOM/r5hlcqeJNbvwgFQSkxkDoffqKJptNXSuFUD5x+uZVyWPeBuLOIG2GFOdY2pgg+YjH5T8qYezapIlf3FzB34dW7DrJd5urKt8wYIUfhgCAecUHSqAu7ye8APmM+o6ckJKgOZ+Qn/AHV7rUqQu5wJdAWOBAtnpBUocsmI6gSST86Rq6lp7mC1tye0M1bqMmXdT4Ut3hDqAogQlQkKSMnB/rT5RWGDFzzMY4p0s2jy2isLjKSCMpMxIHIx0pF6tj4g2GILYdUBCRzr2QDzIAk6dMcVmU59ao2qVTjEeGmYjvIFaaFrACgmTzPIVpuRtyJ0mt0oRCyxnufw8ZS0bhL6iUp3x5SkwCYEZEkd6zX1b424nI2sWbJl5ng4utNOtq2qUP3m44jO0pHflS9WpZAQRkeJCnAgpOlotgC8kKeyT2A9J/Oqeu2os2pwv85U+5sSu9raXzuB8xG1aQIAIwI7yKLbp9nIliOIf4b1x2xc2EhTZPnR0mBkHoYqKtSUPHaVU4gbiO4FtePLQfLvCgR/K4Ar/wAvtTKj/kwJduDmCHL3cB1BPP3oWzBMoh5nbiSo7RziqZC8mecnxPrFhSVHcRmOXSK9Y6kDEhDzL1pcpQ6ARICVFQmJkKgT05CqIm4c/aSmDZg/WAbt9ClqWNxTJgKj7xiacVCo2iByM5Er+EtaCUoUQTiAT+VFAw0sFb4hJOjqbXhaXEojcpG6BPKZA69RNL2XAryME/MuyFRmM1heq8fwv4SkYPsOVZNlY9P1PMmuwraMSbg+5S3eDcPiKgk9if8ACPnT2uss/Yy1Z5E7tLfX0WFP3mqJeB7GuQr1+pqbcGP4zHKERc4l03a0rwzsQokrgZJ/pX0Do/UBrKgW79prdP1O6wb+SO0XuGbNu4DtstJ3KT5FJO0g8gDGSCVAkddvpT9iLnnxDdeDVotynscH9fhGe/8Aw5bba/8ATEFaUnLyQ5JAxE4SSZ6daDYpZcA4M5J+o3MMRQ//AE+5cSorcaCwcpyIPaawAVQkYxj5mYUJiTqdi4hZQrBBzmR9abqsUjIlMTmztEEjzEmRiKs7tjtJCAw1q6PDWhSOUbVHuf8APyoJRSuIRlxKlgkvPpbGdyhPt1+01Ww+nVu+IPucQ/Ya44i6cUDKErchJ5DybZ98CpTUPWikc/5hVsIzCGrcSOKZWogpKsJxEDpnvHWvPqbLLMdhPNaSIn37iltgKWopBmCSRPeKKrEeZQMYR/DjiRDFytK1bUuBKRCHFlSp8oGw+p5g09SNo5lkOeJuzNylxJBkg9wRPyMGaJbWlqFHGQYRWKnIkdtYhJ7kZn06Vi6foVNTBiSSDkc4+0as1bNwBLJT/hrdAikzf8XNFW94LiEAlO4KIOdvlgQRnJOZ70rq7UTG48nOJdaHtB2+JmL1sMJG4LkYjnSysRy3aVCleD3npxgqIIqnfnELvInC3INaGeZ21jDsYyaHdqKH0FRhTRgTjHp7Vm6j2mcRrkCWkCG9SecRYpKVkAJRMc9pgRPuaUQ5OMxMniCbfUG3WvCdQlwDkFEhUdgoUJq3rfcpx9p4NA114RlTbaWtgAiSVHP+ZpxN+MM2cywcmVry4VG4eYzJ5/DET+VXrRScGUJwZzqZUtJV8UoTHsBAH2ir1NhgDLk8SVrQ3U2/irQUlKkgpIjBMA/WiM2WOO0kKQcmXdNUyhSlPSZGIpbluJ5u8pW7iS4QidhViamwELk94NP3pE9hx+eiP/D+9WX9xMeT/WQ3DGAPixMDvT/bmUHEbtIbBt0+aEhUSVQCYEcsziPlQxnkzRrbKCSaastB1AJAWmIznIIJn3I+YpHWe5gAOxgrbBnb5j3o2nqcY3EJCAYSpRjPYdazRSzKzDj6meVSYlcRai2HSy2IcQcqgiCMiO/oac01FqrusPB8d8xrT62ylsCXbTia5YSklIWCOpM+9As6fpriecTar19Np2vxLN5xut9rw/Dgk5M1p9L0S6Ikqc5mzo9NUr+qvMv8EWD6H0vFJSkcwf4gQf8AdW6j1NdMm4jJPaV6rfVdQa85J/hNbS/uACcA96Z0mrXU1ixOxnEWV7DgxC/E20WhsOtEwTDkARHQ95mqa3TK49THIgG7TJLx0xnnSlY+ILxKti5tWFdjRm7SVODH9ixau7R0pwsAlP8AyGf896WazDS5O7tFThq9DDvilM4I9jXtSm9dsovDZk+lvHeVpjEqM5EkzQrQFAEt44kir64vHQykbiThIH39BTCVE9u8oCScR7sfwvQQPHdUT1SjAjGJ58pp+vSBeSYUKIUR+GunpCIZIKCCFBawomRBJBmcTTW0S2BLFtoD1qpSmLhxbaimWnDvMCZ2LUZEyaqVI7S2fmAUfic226pq4acaUnnMHzboKRtnEZB9x2qu75kqoZto/jHO11cXDAdZylYO1XZWRBHoRBFX5I4ljWUfa0C32mPlRdWtMxBCRjn688TWZqOmHUtuub8hGl1IrXaogRfBYuXS9KUAgDCfNI/lzAnvFMUaMVVistu+8BZeHJbbyZGr8PWZMhRzz3GjegkWOSZmJSVrJAwST8ppZW2rkztLLlQZaE31eApoIUD4wIVuGQMf1pNgLwzHxOR1VgscmS6jxK+Um3hCWkjacZUIESTy+XaprqXaD5ipI2wE5qXhjEKn7UYUbz8Q2n04cZMoN6gSolXWjmkAcQt2nGMrDFjqCm1BaFRgpPIykjIIOCIpVq8+0xRlIMPWGnN4AUdi0EqEfDnmkxBHXHKaUayzJJHb+MsoGJypBS+ttS5bUkgJUvcOUp83XpmrFiyAjvKDO7kyvdtJS2kqbBBBz7evMVCFi3Bkv3xF3TLgF8bAQmeRM0/chFXu7yoGDL2rGDcH/o/8RQaORX9548vFlpUitNhgzzDBh3S7lRb2T5Unl9/zJpO/gwqOduIwbIlRJVvbSQT0IWgKHyP5ikPULcHwf6HEExy+T8Rg07Vk7AyVFJCifNyIOcUMV71A+sZrfiLrtkm4unFpUklTm1MHG1KB5pPc4+VN2OUUKPiUPJJnWtsFSmdkDZAUmc4pTTMFD7vPaBL5xiW9AvkoukJJCWytW87QcdOfLPWntM5GNx4mmvUrtu3M2TT75paQptQUnInvEj9DWgURxzyIvvbOcy4t5IHMAVaqlKl2IMD4lWYscmZ9+JfE7YY8FtQUpfMiCAAc+xqtzgLt8mDc4EyJTxUTNJbcCAzIkKzVyOJGY36dqBaYhPM1k21myzntLhsCCdM+NSVpMAKIAHembv3QVPxPCfaU+RuSACDEkmIGf60c0CwgnxCKuRiah+HmmNst+LzW4BJmR1gDtz/3WhRUEWXCBeI/oGJoxOJIErP3qOU1jW9d0iNtyT9hxG10dhGZOFhQkcq06NRXcges5Bi7oUODEz8RuEkXlupQAS8gShUZMc0nrB/OjHmUxF38Gy54DqlueQqG1BJ8qgVSVCMbsfQVWvzD+oXAJ7zSb5QDSgeRBipY4GYLuYK0S9lIHIpGR+X1pWjVLd2/L9fMu9RWGwoUzmCn520y/DKoUAQJBB5ZkfrzrLvUtys1NfqVYcQfrixvbWCYChgnlERn2H2q+mztZT8TEVu841NtRuJ6FKT9o/SrUEejjzL1KX9onlnYhxwiOeQB616201pmawBWsDzJtc0UN4HOJoel1W/kxfdzBlk7gpjlmmrF5zA6hARujJpF8tagFGQEkJnp7fakNSoCxVWzJGLrekbhBgj6H/PtVCgRuJXPMnStO0hSoG0iedVQe7ML7f8AtAaNPW2tt2BsUqJB6xyI5inDYr1keYuveSaw8A4qQSIyAYJEDEkGPpVdKuVEI3D8z7S3fAV+0NNhIjapJ86YPQyOtWuO87CfqJ4tg5Es3CW8LbbSgK5hBVE/8Ty+VC3s3tbxL7g3YYnX7UQW0xhSFTzwQsZ/7Y+tUCDDH9dv8wZBz2hjVWSGQqDjMj+U9T2FL6dgH2nz+uIVcQNJ24AJ5Acv996bGC3PaXAyZOyh5afGVJAPmVGCcYB5YgY9apZ6S4RZW4LgYnFm1uUSTAjJ+/zqtjbVGIKTJ1B1ktltwiM7ZO3nMETyP60Wm0g/aQXI7QmeOXg0tCnCNxMBKQYB/h3KmB8qOb7jwuPvLeocRLvb4E9vb8zVq6j5gzzPGwSAagnBxK4l7StOW8vahJJ7ASaFZZtEkDPaG3NCumhuWw4EDJUQAPpM0J0wuSMSxVu+JRTf+G7vPJaVJP6VUV7k2jxPAzuy0xxTJeSoEEqGyM45mZ/yKudWldnpN+cMjbeCJqPAGqBdq2kCCjynE4HyrUqcFeIQ88x0C96CBzINeuT1KynyMSUbawMXltrQraoe1fP9XorNO+xhzNyq1XGRC+mztPatv/TotAfI9vGPv5ieuwSPmWCmetdUJmzMuDbotXd40AogLJAA8o8xmf5Zx9KBpxgsJevkkR+FwhxraoSkijMoZcGW2kHIgvVGFBxPhK5ogiCSdsFKSfXOfesnVqyuPT8j4z2xgH7w1ZBX3fr5hJtp0gSUzHahn/c/Gz+M9/wfWfmu+dhQV6x8qerGQRM1iWOTI75O6EjrMe+P8+dTUduTKqccxr0bRhcKDiiQlACSOUkd+wzSDWmsFR55zPISGBBxOr9wW1xv2ApKYAHQgmoZRfXtDczapvqC7CefmBbzUNwKpMnpR66CuBJNBzkSDRrAk7j8JwfnRNTbgYHeL6obV2mNLrqENoaSANqgfUnqTWWN7sWPmZgOOJV1LTQ2634SztcTuKVGds8yO2aYW0NWdw7ef6SOxlO9+Ae8ferV/vQlg9sN6rYOt2raxtKFFJX3H8sUGsj1CD9cQeCIt6s1uWD0gTTVDYXEvb3EkYTCYOQYx360VK95mnoOnte3MtpgCAnFG9Bc5M6mrolSgZnRckgkDHIVPooRjEK/SKGGMQ3pes+G6kkSjCSO6euOppe3p6FOP8zH1nQjWpdDAupkKdVAIQVEwIEJn05Y7Usg2jmc44KEiV/2txKPDS4rZ/J/CBVtisdxHMByxxJbe6SApkplZMk/ygRj/O9Uepsh88T3nbBL19uUftTS1bRKE8yncknyz60ZBjmSIMGJmme8ueYftmFtJbLySErAI77TypB3Wwt6Z5Eqe8Y9A4lNm4fBQ2d3NTk7gPlVaiVG494RHC+IW1XjxxxJStyUnmhIiR2nnVLHvtBUcSWsJ4ES+IbxtxSFIb2YzmZq2kqetSGbMEcZjToWqNIsCkjzw4BPUqUfyn7UpdVnUZIz+u8IDmd6M8q0WwtxYDTwJI6dhP2pypmDcQu1gw+DNU0rVEKAUkhSSMEcq0gwMkiFEvgnMYFeKgnmeyRPvGSeWKkKB2niSZV1XVEMNKccIShIkk1aeVdxxPztcXJuH1vpnzKUT0iScY9IpC1tmQT3g7wUfgxs4a4vebPhkeIkY3ctvcwOeOQ9KgahlXmXrtJ4M1Cx1VpaAUEQo9ec7cfOBTSbSMiGxmWv2oen1ouJG2fme5tlKLhkQ3Ix19ppVGAAHzEu8sW9ohaJLgG2D8KpzEgEdfehtYVbAHeSq54jpwzqFuhK0FStylbsgnMQTMdazrQ+MkfSTsg3iK43OKSQCkQR6Y6V7TLgbpQrK9jZNuLG4YKZ+9GfUvXXgfM2Kup7aduOROtVuEMwykSCZB5Ryj86rWGuy5mfqNS1rZMq3Tp8QesVatRsMX8zy4u0tvLW5uIATy5kQMZwKlK2esKmJPB4nNy8C3jkVYkd+UipRSH5hGHsk2tcTLuClA8jQAAQOUgZmOeeVFWkDnzAEyvenzIMnlEVWhcgiOVViwjMsNHdEU4qhRid70/TrUgEf9E4LStsLcUcjkKU1HUEqErqeq7G2oJY1DgNO2W1kH15UHT9WrsMDV1dt2HESNQtlNLKVcx2rXDAjcJtCxbE3DtI7iVNqWBHkj3hWTWbeoFgnC9aoCMcQdbrkgHkM+8cvvVCMczBRsSSys0bS54h3q3bk7cJT0M9amx+As8B5gTwdoMc6a3bjzKFZ7Z2K1JLspCZiSTz9gCalnUNsHeMUUPc21O8rXtkoScY50atgY7b026qveSCB3hZzUA422lwnclIT9OWaRFPpuxQcEzOMH3FyDITJ7k0dKyOTKNI0vxzzVimZ4SV+7LkT05RUBNs93MMacwNiZJknl0ikrnO4y9YyZzqmoeIgAj4ZAHYelWpqKt3kFyTJOGOIn2yG0LIQJP9s9PSmbiVXK94Wok8Rm0/8QbjckbUwmZOZUAIE+vWoNzIBLC3J7Tn/wDpbxQVeGJzEE84wTPTvRRad2DJS0FgCIpcXcYP320L8iEj4EkwT3PemMxzZjgQhodqV26Gm4BVvKlH0KcfRQrOeo2Xbj28RG3lsCW29KWw3uMFakkwOQHv869bVyJCjaJ3omr7X2pTIChuyfhyPnEmgpmvnPHxJqZs4EdL3idCHFJSxvAJhW+J+RTimFuyO8aA+s//2Q==','1',51,'2016-02-17 00:15:03',51,'2016-05-25 18:03:58','0000-00-00 00:00:00'),(24,'648af167-5aaa-5b7a-b86b-43681c64bc2f',NULL,'AH0000024',58,'2016-02-17 00:17:40','Mr.','Test','test',NULL,NULL,NULL,NULL,'2016-02-17','M',NULL,NULL,NULL,NULL,NULL,'OP',NULL,NULL,NULL,'23213123123',NULL,NULL,'1',51,'2016-02-17 00:17:40',51,'2016-02-17 00:17:40','0000-00-00 00:00:00'),(25,'75e7dc21-f072-535d-8b92-c2f0cf925e09',NULL,'AH0000025',58,'2016-02-17 00:20:10','Miss.','Radha','Ram',NULL,NULL,NULL,NULL,'2016-02-17','F',NULL,NULL,NULL,NULL,NULL,'OP',NULL,NULL,NULL,'342324234',NULL,NULL,'1',51,'2016-02-17 00:20:10',51,'2016-02-17 00:20:10','0000-00-00 00:00:00'),(26,'10d8bbb6-ceb9-5fa1-8081-4c267a88d3e1',NULL,'AH0000026',58,'2016-02-17 00:21:54','Mr.','rajesh','s',NULL,NULL,NULL,NULL,'1988-03-17','M',NULL,NULL,NULL,13,NULL,'OP',NULL,NULL,NULL,'9569854511',NULL,NULL,'1',51,'2016-02-17 00:21:54',51,'2016-03-18 18:53:37','0000-00-00 00:00:00'),(27,'ac0bb59b-7035-5e0a-a2c0-94b0526f0b0a',NULL,'AH0000027',58,'2016-02-17 00:24:22','Mr.','meena','k',NULL,NULL,NULL,NULL,'2016-02-17','F',NULL,NULL,NULL,6,NULL,'OP',NULL,NULL,NULL,'234234234',NULL,NULL,'1',51,'2016-02-17 00:24:22',51,'2016-02-17 00:24:22','0000-00-00 00:00:00'),(28,'55afd83b-e251-5849-a3dc-eff6022b8d4b',NULL,'AH0000028',58,'2016-02-17 01:13:02','Mr.','Anshul','Sharma',NULL,NULL,NULL,NULL,'2016-02-17','M',NULL,NULL,NULL,NULL,NULL,'OP',NULL,NULL,NULL,'21341234',NULL,NULL,'1',51,'2016-02-17 01:13:02',51,'2016-02-17 01:13:02','0000-00-00 00:00:00'),(29,'28dccf7d-dcc4-5d12-aa56-66854cab3dd3',NULL,'RA0000001',60,'2016-02-17 06:30:17','Miss.','Tanvi','S',NULL,NULL,NULL,NULL,'1985-01-01','F','M',NULL,NULL,9,NULL,'OP',NULL,NULL,NULL,'9898989898','N',NULL,'1',59,'2016-02-17 06:30:17',59,'2016-02-20 06:10:28','0000-00-00 00:00:00'),(30,'a119e459-436d-54be-8c2b-aeb1394c2478',NULL,'AH0000029',61,'2016-02-17 06:42:16','Mr.','Rajendran','Subramanian',NULL,NULL,NULL,NULL,'1986-02-17','M',NULL,NULL,NULL,4,NULL,'OP',NULL,NULL,NULL,'9894837443','N',NULL,'1',51,'2016-02-17 06:42:16',67,'2016-02-25 05:12:49','0000-00-00 00:00:00'),(31,'ef1d7840-2282-5792-b4f4-17f044405315',NULL,'RA0000002',60,'2016-02-18 03:33:58','Mr.','zakir','h',NULL,NULL,NULL,NULL,'2016-02-18','M',NULL,NULL,NULL,8,NULL,'OP',NULL,NULL,NULL,'1231231231','F',NULL,'1',59,'2016-02-18 03:33:58',59,'2016-02-18 03:33:58','0000-00-00 00:00:00'),(32,'04022771-5394-5872-95f8-5dd1eb7c6008',NULL,'AH0000030',58,'2016-02-19 00:46:42','Miss.','Yami','Gautam',NULL,NULL,NULL,NULL,'2016-02-19','F',NULL,NULL,NULL,5,NULL,'IP',NULL,NULL,NULL,'5647364756','F',NULL,'1',51,'2016-02-19 00:46:42',51,'2016-02-19 00:46:42','0000-00-00 00:00:00'),(33,'df0b579b-ad18-58c8-b9cf-49765a1f22a8',NULL,'RA0000003',60,'2016-02-19 00:51:10','Mrs.','Anamika',NULL,NULL,NULL,NULL,NULL,'2016-02-19','F',NULL,NULL,NULL,11,NULL,'OP',NULL,NULL,NULL,'3434343434','N',NULL,'1',59,'2016-02-19 00:51:10',59,'2016-02-19 00:51:10','0000-00-00 00:00:00'),(34,'821f513c-c6be-518f-af3d-f8450327bcae',NULL,'AH0000031',58,'2016-02-19 07:18:51','Mr.','Prakash','Arul Mani',NULL,NULL,NULL,NULL,'1990-01-31','M',NULL,NULL,NULL,6,NULL,'OP',NULL,NULL,NULL,'9865565668','N','data:image/jpeg;base64,/9j/4AAQSkZJRgABAQAAAQABAAD/2wBDAAYEBQYFBAYGBQYHBwYIChAKCgkJChQODwwQFxQYGBcUFhYaHSUfGhsjHBYWICwgIyYnKSopGR8tMC0oMCUoKSj/2wBDAQcHBwoIChMKChMoGhYaKCgoKCgoKCgoKCgoKCgoKCgoKCgoKCgoKCgoKCgoKCgoKCgoKCgoKCgoKCgoKCgoKCj/wAARCAGkAyADASIAAhEBAxEB/8QAHQAAAAcBAQEAAAAAAAAAAAAAAAECAwQFBgcICf/EAFUQAAIBAwIDBgIECAYOCgMBAQECAwAEEQUhBhIxEyJBUWFxBzIUgZGxFSNCUnKhwdEIMzRic7IWFyQ1N0NUdIKSk7Ph8CU2U1V1lKLC0tNEY/GDo//EABsBAAIDAQEBAAAAAAAAAAAAAAACAQMEBQYH/8QAOBEAAgEDAwIEAgkEAgIDAAAAAAECAwQREiExBUETIjJRYXEGFDNCgZGhsdEjUsHhFfE18BY0Q//aAAwDAQACEQMRAD8ApIdasZJYY55FiuBIEZlBBHr6UninieSx1RtJWBppyqR9pK5PZqTnCAftrEcQpP26O4Ys/R9wSM0NL0zV9f1EmLnmnhQGRy4LKo8eua4/1OOvWy2KS4L/AFbWmhnaztJzKsRw00a43xuAf1U5/ZQkgt4Po00SR5BdnDb5z0FRNO1TQNH7WwurWWSckl7k8p5T5KPGumfDPVNN4sGqaZaz2Nrf/RzHAk0O8i4/jBtkn0FXKG2MCxjCWU0YlLu8ktpLgrMqZ2MSFtvq6Y9aj2muy3coUrvkBz0x610Pjprng7hKw4ZRbdDHbqDcKwBmYnfu9cncnPQYrjeoSpbRyMpBuHADEd3BPpVKgpNrBlnSSNZJrESzmHmVj0wDRNqPIWghRpZTuoHQeefSsFaRhpczXHJsW5hvuPDNXMV1mZZpZgwC4XlIHMPEEfrpp26jwUOJpLOZppe2TlCL3XVtu9t09OtFdaykcchMTS4PKQngazupXsqcj26OI8Aq2fmHniq9tYP0gTJGpUDDhtw3qfWoVByeSdL5Lu81JVEN1bPmKRe8MbgjwNMWOszyyhSJSW2AG+1R7efTbqJCsQW5ByY8kcxHgPepMcgtpBPbwSR2xwWDJns/PB9askoqOMbk5xsalbto9M5zCpk3YBtmIrLXd5Jdx86hlCd7vHO9O3IM1p9JsyzQE5bc8wHtVzJ+C0sgIY1ZwAMAnfbypKeI7tCrbkx00rSuXxhz1NaDQ9SkW2WcR88yyEPzHAGOlQ9ctLe2tRPa4DHHMhOe8euPKq2yEsltOzylYkBk5CcBj5D1rQ4qcR2k0aC6uzKsCyuYpi2+dw4/5NNW9mttjtnRufdcHJH7qYtoRc2SNcOESMcyP1YfzR6UU14RKjMOYBSeVTUReNkMiu7SSPUFZWB5WYqDVvdETarpdxcNF2PYHmMQwobP6qhme3IkuJokV2YhMJuF9agvfry4B7oOwFRKbzhEOXsPX1/dvqivFzBVYgJ4D1FVl3ddmyyIx7Use0Pn5UuW/wBzyHLCjeZLqIJKi+YYDBqU8coFIgm7kklcv80hyxP5WdqeR3KqisMg4GaKaHAJhJ3xke1RIwEIMoPXO9XrDWxdHDQ1K7SF4FyRz8zeWelMyNhgrsQo8vSpEgCXDupwrHNNXwX8WUBw6hwfSrCTXWWq29rpcEjcktzCCOUvsv1eNUsV21xczTXB5nc53qqt8ysiHop5sGpE06xynkAx61WoJEYLVL1I5TJCih1XA2yB6gVO+GrlviVwvzdfwra/75appH+hLHyzRScwDN2e49s1d/D26+k/E7heQIsYOq2ihR5dqlCSTAtgQbC6yNwq/fVLOnaTAAbEAVd6hiyt5opWXtZOXCjcgetQoYGnuUESljtsK1pZZSsoiX0Aa6kULuDjFS9GtHMohlYBjvjyrS2GkrPfTNHvIclnI2T09TVhb6Fb2iySqHaTGcsc5NRglsobuwSGblVjgKM1aWUCFNORpOUKWOxwa2vCPDNrrr3L3ZYFOUDl9q0/9rqxJTEr4ToCKbSksEJ75OL2NqzNdsro2N8lvDNTQAdPRx4vj9VdTX4YWaBljuHCsckYoH4ZRNEIheMFByBy1KSBJ9jlcMhUjlOK0elTrc8vafxi+PnWqf4X4bKXQx7UuD4cTwMDHdIce9ThE4KFmCqfSq2GF3tnblyxfODW5PBN5nd4yPekScGXyn8XykeHeoTwGMmWnUvHgqQCuKdtSI4Y0yNhWgHC2qIcdlzL4DmzRjhzUQe9bEetSM0UN3iaWPB2HWrGG6aGHkQjbxNR73hzVjcEpaScmdiKjtomsJ/+HP8ArqWhVHHA5aXdw91MXblGcDFOyvl+uaifg3VgCPosw/0TVdNY62JDiKYD1WjHsGH3LG4JJbGScGsxZiSDUQ7xnc+VaCIajHCFktHY+J5CDRpJdc3espM+ZWoWcjNFtDZzC1R0TnB39amQQziLlMTAH0qVp92Vs41kjIOPLpU0XygfKfsoSSIlNtYKiWylxzLzH3FZnUreSHVI+bOC3lW8N+nL8prOcTXEf4pyCTzZxinyVaclDr7hNOmP82sbolvDLLnlI5WHjWl127WbT5URGd9tqquH4H2IgAJkGKqaeMl8diDxHqJOtz28ceGjwT6ACqhuJbUNysrbVbPay3Ov6vPKv405QbbVzy/iMeoSI3UNSuJOMs2q67bOuQjb0Y1m2OB3gazcKfix5U/axh5tx0PWo7k7Nbl+0nbPzKuxo3wilmq0tLOP6Om25FR9StkVoQue84GKCCLAjvFIXHIUGcE16svFAvJ9v8Y3315d1KHNxcKjEBMAgeNeo73+Vz/pt99c/qXpibrHljOaUMUnG1AVyToi80AaLahQKH1NR7u5W3haRz3VGacnYpExHUVl9TvC0pt3nWNpUJUdST4CjklIdXUO2XsZXjUSgnvHfrt9VUvFF5EqRzWNxGLuMkBOfq/l+6stxJBqFhrkEkFs7RuhCqHbvtnr/wA+VYrjbUbg3sSXa/RpUBJDwmIqfQ75rXRt9TW5RXuNCbwS+JuJo7i7kkctb6hGoLxYKrIynbu+1Rr/AItVpTLb3y2zyACWGNjyMuxLLnox8q5pqN69xcdo0zyspyrsTzD0zUJpHdi7kk+ZNdqNnFJZOBLqE8vB3P8Asg0vWtP+itrO3ZElwSpbbcEHxGOmd/CuPXE5hd0hm5omGdx848yPOqr6RJy8vMeUeHlSOc9TV1C2VLOGV3FzKulnbBIlldsZYnlGBnwHlTYbBJpBbu0nNaMexkxkkc/dNI5wSKQW7u1I6UJEKI8XpPNvSF3pfhU4JwAvmiPQUjxo2NBOBwMcU52mwApgGgWIxUMhxySOp3p1CQo8qiiTOM07z7CoYjiS0nblABzjzrq3wl+Jd1ouqWun6nMx0yZxG3NuIs7AjyFchQ4OT1qQlwVYfsqmrSjUjhltCvKlLKZ76RldAykEEZBHiKPrXIfgbxu2saaNLv5i9zbYVGbqVxtv4114VwZxcJOLPRwkpx1LuFRg5oUeMUowVHRUKAATQoUKkAUPGhQoA8i6tw5NZQxtd3E0qNGs0LMAecMoOBvtjOKz0l1Pp17Be6avZagiOjSJ1II6kdOmafTVLiZ2a7ueaCFQBHGPyQPX2qvGoTzzsywwRxOhTEh5dj5keNaYZxhmbOX5S+0KxSXQIYb63W5jSIzuxIBCt8u/juark02z0jVrg2d2J2s0VTcBiFSVjsEI3OARk+dVlvrFxbae1nFJyqEMZOc90MCPsIqLJLI8OFclHfmZfBm8z60lOMlJ54HXOTpF1wJd6nwdYcRWmq3V1ezQtJNbznn6E5COfboayNhJp+sWstvqMRi1KFCY7hNmkCg4Rh0PTFafhriOSTguTh+5aSK5tLjtY1I2mjY7IT4YJP21CtuE/pGtXF0q/RrDtOfnTPKmdyFx1x6UlCpNTlGZGltNszcmjQxrE8lx3dmdAfDHX336VFms7WOPNtI3MRy4PXPn7U5xJeW8usSiJXFun4uM8pBcDqxB3yc1ClWKRFa0lxyjLBhg58hV8cvuY5ReRc93KY0jEp2HLyk+H7KgSCVIiOUAZ6eRp3sm5MNHgAczOx3PkKZlmPIqKu1XRWCUtics1mbFAedJ0PNknf6iKdW8mubbswXEf5bFqrlt3YKOzOW3ydsVPisIigxdStLjZAmBn0Pl61Ko+JuRpFRdty9nFcM22FCnBHoRVjpsV3EWS4d1Y82dtwB4/XQto/wdJyW7M7uAWyQRn0qLbTz3N5K7XHZMwweYnfFR9WlvlkODkW99m4SCYKY0B2BHXA8agJDGJALlyqnveVHJNIIzGk2JSe9npUC/u5nlEjH5QFAO/Sq3QnDYFTaRc3tww7NEiIixgZGAR51RT3b55SWPJsB5CnIZbi9KWzPID1QGpX4JljQM0HaMTlsnrVepQeJCp6VhguZZPoEEkjq7kb8vQelU0zsJjtgnpWgngmaGONowY4hhY1wvL5/XVLcQXEj5MbKM4GeuKiMlkFhkaOIAF3cAnwpUkhCkAbgU21lcK/NyEjzoIJic8pAq17k4HIXZoWQtg+BqJNKcb7nxqXHbyNliMZ8KTLp8r7pg+mcU0WkOsJCLOeJph26c0Y6jzpqaVp3yo2GwHpTctvLCuJUKk9KXbMIpMnwpk87jofgK9VTvDfOKig9pNIcbttipkt0HZkgAC5O4HhUBYpAxx9tSgTJDIEhbtGYOPkUDrv8Auq/+GG3xK4V5tv8ApW0/3y1nLmZm5RzbAdK0Hwx73xK4TOd/wtaf75KlEORsNP0Ke7maWY4Tq8jHpWjt9Kjj7kfchI7zn5n/AHCr2O17UjmjEcA+WID9ZqwntgpAcA7A1oIbXBW2EMMaFIwFUA7ClNbNdRPHD4jFWtnZNK+I0AHTOK0dtp0VnGAAO08dulTgVsL4f20enwXCTyKkjsCAx3xitkssXhIv21mNFtIptbYyIrYi8R61qRp9s3+JX7KkgWChGzj7aMMB1ah+DbfwjH20X4Ktj4N/rGoJQ6rL50UjhFBCFsnG1JGlwg91pB/pUr8GjG08wx/OqSReBkedLwKY/BzA926mH2Uf0CcfLdv9aiglIcz6Ujny2OXp45pDWN23S7+1BSTY3q9LiM+6VG4xJHLSFZHJ5TnFRms9QIwJIT9RFHHbX0SjAgY+PWgNiUoX0oGJc7gVHK3wI/ExH2aj/u0dbcfU9BA4Y0H5I+yiMMTf4tfspsPdg72x/wBYUDcTjGbV/qIoQCms4D1iT7BSWsbf/sY8fo0iS5dhg20wxvtQF6cHmt5v9WpAB060P+Ij+ymptIsZPnto2x5rTv05B1hlH+jSTqEf5sg/0TRkhEQ6HpvNk2kJ/wBGknRNOX5bSEY32WpJv4B+cP8ARNNnULfxY/ZRklmV420yxstDuJ4rWNZPMDevMfEtk8Wql+XZjn2r0x8Qr+KXSFgjcFpJFAGPDNcR42tkt9VI5AwZRvUZwskLdmZjXEQPkMU/p0f4wFvE02VPIVQYGcml25dJFYrlQemaVPcfS1wbqFcRpjfAqLqGDcWiL83aZJ8hVfHrxVQDAdvJqbXVRPqED9kwXODk9KlPJDiy1+jyTw3jAZaSTA9q9LXn8rn/AKRvvrgMKrCq5BIJ8K7/AHn8sn/pG++uf1L0xNdgvNIaFChQrjnTD6UKAo8VJDGbz+TSY68prLapYGXsJoXICpnI69fH7a0uoTLDDg5LH5QPE1nLy/khk5m7Eea5O/ufCpjnOxKMjxvcfRtPttQtbgmW2kEiq2WB9M42rk3E3EOq3t609wZCzAlVkAwV67Z61s+NddtxfSfTkma2eAtGYxy8pzjPXcZrkOq6tPcRxQc/4uEkIwGDjGMV2rGltuji9RrrOlMqJ2JkYkYOTTLHbrSpCBTLNk12FwcVLIY9aWBtSAaMHwqQYqiOc0YpW1BAWKI0ZHlTkcJbeobwA2KVgnYVMjsXYDAqwstHklJBHhSSqxRbGjOfCKLlGelApnYVrV0FCoJGT0xUOXh+WJyRvH4GkVeLLpWNZLODOkcvWmy2at9R08wrzAqR6VVlMGrIyUllGdxcHiSEClq5FJxR9KcV4JCFm6mpcM/YMpiUM/m4yKgIwzuKlQ9m3UlaVlb2N98J7w23F2nNH/GySqvXAx4/qr2L5V4x+HyRrxVozCQScs68wXrjNey15iBy4x6+VcW9S8TJ3bD7LAvFA0PejxtmshsCosjOBR43pQHpQAkUKXjFD6qkBBFAClYo8UAeLeItB/AtneGOR5baWNHDYAZCHxy59jn6qx8V00YlGS5YDJbriu3XNvHeIVuEWVG6qR9orN3HAOluJPo7XEPMNu9zBd/I1lodQilipycmlWS5Ob28f0iS3+jAtOwKSRqmwGcA59a2EXDEGkaaup6mssQSRAyyjY5P5Pnipk/BM9rHnS7/AA3KMkjlPMDnIxVHqvDHEM6Dtu3veVuXLTFz74J6VsVzTnwzT4sPcGoa+NQvDNbx2tpHErchAIdh6t4mtPwlrk2pLeLq13b21vbwiNFLcnKANyoG5NYGfSruwuYor20lDc2WHL+rNWGqi01LW7b6DluZRHIZF7Mcw9auxGazktjLWuRWqTIlrez6f+OaZuR7hl3RD0Azv9dUSQ88Y7NXaTGABv8AZV7rcc6WVlA1nFbRRFm5kYjtSceB3OMdag2c9vaSrLKe0TIzEuxO4PXw96I4S2F2SyyBHMhIFxzuM9AcYH/9pCJzSARAlfAmp629pIFMcTKqgllZu8cnrmiu5I7Wz5bbBJJ3O5xWimlJ7lSWRi2aSe6WBhJIgPyKetHLxFdhDDGkS8ndBK5YAbYzVfbX0kGeQ8r+DjrRJKhifKDtc55vStMXhYQyWWXUF5LPAZhgFRljnBpm+v7cyL2CYfG8mep9RUC1ge6wkaMzE7Ba1K/D3XfwaL6bTrlbYjKvyE5ocixQKW2u45cpOSQ2y4658zU1VDMEtjEUKFHWTcN+6qm50i9spuW5gkh8jIpGajXLuoC9FPXHjUOS7iuDyaDTbdrW4eW0QtMR2fZOclX9D4g1bpp+siNnJIfBwp6c3vWZsJ5W7Mxl+dcYx12ro8V5dxxh+wuJZCoITGzYHUDwNce/l4bTijJWWGZaW21JFV5IG73Ut3QD7eNV84uXyVikA67g1qbvWrozuJrcBnI5EdSBjxyazuoa5NNJzHmjAbZeUFRv028KopTk92itc4K9Z5895HAz0K4o7uQphguPMEVZNdykZWKJ1K5YlsYpi7k5eXnAx5Vep5e42Soa5JBIG1IS7fm2zUtgjNnl2NJKxjPdxVqa7k8jF2zy255ULevlUCONs8xRio61cpIEGETNJkl5gVHdJ8qeM8bDqWFgqkBjhnkQAA90ZO4zSLd2KkU7dQPzHAYr54orJBzHncBfHzq3UWJ53IzDmLYGcda1/wAKLcrx9wxcSAFPwtaIATvkyrv9VUskMMUdyeRirgKrHbBG+1XPwtDf2xOFg5yPwrakf7ZaaDy8FbO+iLxzvVrp2lzarcL2ank2BNDhXQb7WZhI5aO1B3Yjr7Vs7mWDRbdrSzbnm/KfHyjyFbUsEt5IbwW+lQ9hDytNjvHry1Xk701NOSSSdzVbqGppZwNLMwCgfbUSBI0HDxzrUn9F+2tbHXCdI46msNSnuXg7VXHIq5xyitXa/E+OQDms9/06h7AdRXrSwvlXPYviPanHPaSD2IqXF8RNPPzQTD7KMjJG6C0sCsbF8QdIY97tl/0alR8d6Keszj3Q0ZBRaNVyiiA3rPLxnorYxeAe6mpCcU6M42v4R7mjI2GXWBR8oqrTiHSm+W/gP+mKeXV7B/lu4T/pijJOCby0nkqBcaxaQjPbI58lYU1aa1aXJbkmQY6jmFAYLQrRFdt6jrfW7uqrMhPlmnpLiJB33Vfc4oIwHy70nl86iXGs6fboWlvIFHq4qB/ZXohJ/wCkbbI6/jBUhguOUU1LEG8SvtTFnq9jfDNrdQy/otmpeQd85qdiBrlpBQeVPmk0ARWjByCopl4UOxVfsqawpmQAVIGO4xskuRCOUARnm2Fco490w32rwiNQuRjPgK7dqUAunkQHBUZrF6xpXb3A5F2C5L49elRwCW+Ti11pZtrhoweYDbJ8aYewYY22rYa7Zn6WR8pG1V30X3NUy5L4rKKNbMgetAWhVgcEGr5LTbOTSJLRz8uB60Jg49zW6TbC+0aCYDvgYbHmK7Zefyuf+kb76418PFLi4sGIJYcyj1rst5/K5/6RvvrF1P0xNFisSkN+FHmiFADNcg6Aqku3IhY+FKPSksRy97pUkGT1C8mNwzzyLHEDhWBz4fZXP+N9RWR1+jhri6fuBwhCeoOK6BxEzWVpKYY1kUtkKB0Pt5Vzq/1dRaGe5mkhkViwWIgEnoR0OKvt15siVX5Ws4OTcQTXrJI107FojyHm338MeWxrKEd6rjie5SfVJHhl7RSBlxnc+W/XFVIyTkV6aksRPI1pZm9wmjBUNnIHWmmVc7UtiRt4Ug+lWorWQmXeiwKPm3oYJqRgqUqsenSlxQtIwCjJNaDTdGJdWkGw8KSdRQW5ZSozqvESq0+ye5lCgHHtV7Y6IFJ7V+byGNqvba1SPHKoHsKsLe3GNht16Vgq3TfB27bpsY7z3ZXWmlKka5GPbxq0hsgv5IA9qlwxbDIqWIwN28axSqN8nWhQjDgrxbKFI5djTcluAMDcY6VPlbL90ACiWMEHal1NEuKZm72wR0YBR9QrI6rZCMllXAHUYrpM1u+CQOnjVBrNr2kRKjJ8RWu3rYeGcq+tVKLaW5z4ofrpPjU65gMUhDDFRiuK6kXlZPON4eGEq58KlW8IZgXOAPADOaYTbrTgLuOVWIBqWJnLNNwRdCDinT5e8iCdMnGcDIBr21EdgFOQNvqrwZorPbX0blsGM82/pvXuPhe+GpaNaXmRieFJPtFce/jiUWdnp0vJKPsW+KFHRViOiDFCjztRUEAoUKFNgAUKFCjAHlTTtaE7uGjZGU4J/JPqPOro3kYjLNKnIF5iSegrmdtfKqlYecRwqE/FN8rHbrTUt1cukUZdgoBUyEdTjda5bs8yyji6DqUckVxGGiYMvnnrT0bAbdDXMbHVr+OTmsOVrcyfL+WenWruz4rJm7O5jSMk4Byd6qqWs4+ncjR7G0eNJR3lDe9RorK2huxcpbRLOmeV+QbEjGf11VaXriXJzjlOSMc3y486sLfU7ad+z7Qc+cf/ANqpeJB4Bao8FdNwxp90XM6c8kjA9pIWblGdwN/HpVNqvBkZs4RZoolWUl1RixKHyz5VsFlVjlCCPMU6rIzYJwcVdTu6tIuhXnBM5rqHDM6wPLHDKohQ83P1A+qsZJdYGPHpXfO1jU4Zgebu4IyD6VxnjbQ/wVq8ghYNayktGR4ehrr2V86r0y5LqFXW8MoI4xJJt0rT6Hw1+EhnLKPOqnSLYGReYgAnqa6nomqafpSRBGjcADmxW+U2uDfThHuaHgThKy0kRysgkm6lnGa6zZy3UsRROQJjrXNbbi3SngLwvhh4VWXnxZgtGMMCuxG2VFLGfuWyjsX/AMTNHe708xxwxzNJs3MuSMdCK87cS6XPpN/2M64JHMuOhFdbvPilNfLyRW8cjfzv+FZbipTr+jPctGqXEJ5gF6Y8RU6mmQ4xmviY/h6SUXiPAFaSPLhT0OBXRbXiF5By3AWGYKryKw7u48PtrD8EWc1xLcSQw9typ8naiMn2z1PoKn3mpXlyigyCJe0INs7YA9D9mc1z72n4k8M5VeDcjUya5psy88rQsueU56j6qVLDYXVuRcxwttjkhTfGM+W4rCTyR3PMREYZUXOxLBt/HORv50tb6SB0iR2W3UlkjeXlKHHgevpWRWzXpZQoexrodMsppH+jouVGWG2SMdKaurWyWTlbAZRk8w7oqkttZNysHZAx3EGwUN/Gqevua0No7zAKIfPvlehIyMiq5wnF5bIaa5KG5hhbmxyZHiOlVk6oG3UeZrXXWjlu/GAsp8MAKD51BPDlx2MjSMZs7H99WU66XLIUjKO+HJCgCgZ1xumfqq3l0O5jYqltI+V+Y9BUK40a9U99GTyAFa1Vg+46wV7XZj+UYFMXTrKgcKFYflDarA2DB8OMkbUibTyYzgZ9KsjOOeRlJIq7mV5I0VmLKnQeVaz4dwQQcdcEywSM7y6laGTJ2BMy7AeGKzL2jqhXkORuPWtdwRbvacdcDQvy5OqwNkHP+PTr9tbKMosack0sHr7VtSh023+haaFUqOUsv5PoKyMshLEk5JpcshJyetVt/dx20DTTOEjQZLHwrfjCDORGoXcdtC8szBUUZJNc51vVn1KcnPLEvyrUbiLiU6lclY9rZflXPX1NVH0iN/Hl9qplLBbGBN5fHO9OrGdsGq6NiPlfNO87+PMvqKTWPozyXEDSLgc2RU5ScVnUuLiPdTzrUiPUidi2D67VGtE6Wi+WljNVMd6fMU+l4224oU0NpJyo2c8ze1OYIFQ1vG9MUaXjMxHdNGtBglkkCqrVNbg01WM8nKB4eJpzUtUWytWlfw6VybijVHvLt5WYY8ADsKaOGRLZG4k4wguIWeGWVQOoNUU/GNyHZ7aZowPAMd6wK3LLzcpIz1xRGfzNWJYK3LY3a8c6qh5ku5Q3gxY7VHv+MtbvAVuNTupFPgZDisYJiD1ojceAoTBvbLL99XuWPeuJW92JpA1B+bJdvtqlEpA86cEm2fCm1iYbNVpPE+oaXKJLG7lib+a1dR4U+LuqSslrdTLz9AxXrXBFl5T5in4pzG4ZWIPXrUvdEo9Urx9qoG5jP+jTg+IGpD5kiP1VyjgzVxqWnhJWzLHsc+NaIlcdaoy+C3Zm2/th3o6wRGgfiJcnrbR/bWFblI61HmXIIDYz61KkRpR2DgvXDrbXc0kfIOU4GfKoGsagbOZYuTm5kyTnpRfBiBA8sTDmUodjSOPohHq0xUYQAqKte6wI8ZMLrE5upTKIwMnOM1WFCx2Qj66tGXniYDfAqIG7MjMRNUT5Lab2I3ynHIT9dILKw+VwfepTyKCW7M+1M8wO5Bx7VCx3LGWPC94dO1m1nJbAcBs+RrvN5/K5/wBNvvrzvHIiuN/rxXom8/lc/wCm331i6i8wiaLVYm2MCljYUkbmlYrkm1g60eNt6ABowDmmEM1rdrK8EsNwM2rBuYg9fIGuMfEBPwTCsE9tiXk5gUblB2wNuhxXo1kyCPCsH8ReFU1eCS4WPJWMgqPHxFX20tM1ngpuIucGkeSrlT2h3DZ8aaUYznNbG/0GTtHMcDs4B7rePn9dVc+nAqFLKGUdOf8A5xXpY1ItbHlJ0Zxe5nXGfHaklDWj0zh+4vY7iRFykXjnAO9WNvw1IszK0bEDxIolXhHuW07apPGEZS2sZJmAUdfGraDQnO5zWrttEMRwdj4kCrFLARhQT9tZZ3f9p1aHTc+szVjowiKnAzV3FAFTAycVPWIDPlSMEdKySqylydOlbwprEUFHCoHeqbEqgDAwKir69aeEvKB51U3k1RaiS48KTnIFB5F3GahtPlAPGk5Y7jAHrS4G1Dx3O4GKkRIDgjY+VMJytt+ungWBHLihohD6r3sMuQaau9PSVTyLv16VIib881IABGRilUmmS4KS3Oa8R6TIis4QdfCslIjK3KwwRXc7iwju15ZFFc+4p4UntS9zbjnjHUDqBXStbpPySZ57qXTXHNWmjFZpcZPTH10TJhiMEEdc0FydhXROC9iXHJygBO6SDzZ8a9D/AAr40VOF7SyilhSe3hYLG7ZLkMSBjwyK85J3375JrW8FGa51GzsbeMBXnHeTHNv61ju6SqQ37GuxrOnUx7ns7TLoXun29ygws0ayAeWRnFSKjaXb/RdOt7f/ALONU+wVJrjnfBQoUKkAUKFCpAFChQqAPByQo90BdzoYBIUkkTbDEEjcdR61cRadaPbwmC+PanpE8w3O46exHrVICXuZLSOKfvSgtGi4JwcDp060q4W3sryaCYI3ZsMquGwfRx477+1K4uSTTOVh4HZmudNaSMXTiHmBZU8NvzsdaMNzqWu1lSJtwvzYz458zUaW+Z4mK84IXCjoufbx2pVrqLQWwEkYkj5eXs33B8c/VRpeCUskw3F5GFL255yOVDluYDPvv71Ns9SljuzcMY0j5e9zjvDDbj1Plmqia7kjMdy7uski5WMYYKh6DHh7Ug3pv2xNHbxgKAVUY2zv9dK4Z5QafYuJNSuheZsbsdlK7ZLoSox0H15qb/ZNOCkUxEF1HkO7qWBx6VnbXV57VZUVlCykjLrnkzsSMHyxQjuZYu1trIJP2r4MnKCzLjqM9KV0E9mg0ZNDPqjNHC87skStuQdgR1Ow3z5VQa1cxX4l7GYyIO8pJ6HOKYmSRYTNI7SBnIAORg+ORRGczIVYIcANzInKGz5j6utWUaShIsowSlgRFArW6s5IAHQUxyS57hdUq0sAJIhkeNaTSNAk1ONjEoCr1LbVuUsHUjDVsU/B9kL7V7a1kkeOGRwHcDOBmrjj7gm74a1l7cAz2jgPDOq/Mp8/I1P0qD8G3vIkJeFJVSaZegY9AK7Pqt1Zaja2/bRwy9lGAVl3DYFL4m5cqfY88cOcOS6leJHEH2I5nzgKPOumajoNrY6eIbdSwxhmbq1anTdb0PsT9CtoLfGzKFAINU/EOoW8ikI4ydwBSznngeNJJM5ToOji4v5LFhLBcIrXFrIo2Yq2+fTAxVdrE6G6mt54lCxv3H5s8uD0I6keldP4bazt+Hb29umSOSFpAJTueUHPJ9ZxXG5bqRy8s0ayFieYuMgk1TPMnkw3UVhJE6a8itJiGTtY2ADiIleceYz+6qx1g+kkQzHs3OHbkDBR1GB1pueTthHzKx7McvNkn2FIjwjsshCMcLk7Y38aIpLkwqGOSzs75IGdrG3hSRASJXY4UeeKl2eqSRWaKZ+1mlfeVmzgDoKo7ux7Obl5l6A55tm9jRxKqbBsqrd7HiR5VEoRkhJRTOlaXfrcw88Z5wSQRzjPN5AeXrVtbvK682AN+gPl51gLPVY7GcQCBIZCO8VUMObGxz4H2q5i1MZhkSaUzkYfMfdxj09fGuXVt3nYzyiatznlyBljj3p9o2lh5cKw8iKpNJ1YXUSyTG2Vd+hIbb36+NWcUqMVaCXtO06AZGD5VinTlAraGLjSreY5eMK/kB1qvl4diOcFlHoKuuZlcFmIPjTpZhJgElTR4s13AzK8Nxsw7Qkj0q44T4agj414dnQtmHUbd8HfpKpqehZS2wKn9VW/CTBuKNG5sZ+mQ9P0xV1G6qa47kxzlGtvbmO3heWVwiKMkk9BXDuO+LZtaumgtCyWMR2Hi58zXXuMNOtdS02OO31mxLzIvLbdoC0hY7YwaxPGnwzvND0251ELFLZwJztLFINx47GvXq7p5w2bVTZymOeVWxz7+pqXDczg74YVEjltZ3HKjMc7bU9KUQYV2UjfFaE6bI86LCK6kX8g71b2k8roCcVj7S6umu0jkQhSa2enp3ADjNUVIxz5S6nqx5iYoY4yPrFJmwF74BXPjUpEyBVZxHzR6fkZBz1qjGXhFmrCyxDOo3idkPl1FKiubpR0VvY1lkvpB0l6VKi1GTYCYU2hrkjVng063lyP8SfqNOC+lHWJwfas+mpTjpKpp4apOvghPvUNYGTG+MbiWXT9+0VQd9sVza4kYEjJ3recR3k93prR8igdSRXPZyzNhutWU+BJhc2R1oZptAfAb1Jgt3c7DamckuSFDUNFs0tQSAMVbW+nqcE1KWxXYkYpHVXYtVv7lTHCSPEGlNGUB2qzaBUOxptkGd8UniMs8HBWuhwceNIDDPrU6dRjpVZLlW9jVkJZM9SGDQ8L6udMv1Y5MbbOK6l9MSRUKOvfGQD41xC1JMgA3Oa6ZY3MKW0ILtzBQPl6VFTdkwNR2gx1oBsnciqJbyM79s31inI7tS2032ilWR2dx+DDYumB8VYVecYaDd6raGezi5zzuTv4ZrF/Cm7dInkhfL5K58s12O2cpoEjk7rGxzWrhZM8lk8/W8RjkljkyDg5qrmdC5CzEYPjWo1+0aw1kR4yHUPn3rOXF2kdzIht84brVdSJZSZEkkXxmBHrRFkI7sqZ+qpLXVufmtub66aaS0bJ+jutU4LkhEf854yPqr0Xd/yqf+kb7686s9qCMxt9lejLsf3VN+m331ivt4out9mxjGxpQXejAox1rnGrIYo6Ao6kgFNzpzxOvmMb9Kco+tTgU5lrXC+mWs1495EDZyEyOqjZcjrny61wzW4oIby7+hxctrE7gD84Dxz416t1fSUv7WWMlcuhQ8wyCCP/AOVw/wCIHCV5Y6HeX0zwNEzgFY4QrK3TrnYHyrfZ1tMsSZhvKOuPlQr4c6WZOHLV5hzNKS5yOgzsK0eo6XEA7KgyMDcU9wTEsfDNhy9ezGPSrPUWVkKtiqKtRubN1CCjCKMLfWgiJK1WSLzSDI3xWhvUUgkg49KpZBlsjAx1p4vKNCRFMXd8PrpmVMDOMCppQnrRGEEcuM02R9JXHY9M0DGTjbarH6OoxkUtIQTsKHIlQyQobfzFPNBjAGTU5UCjpsKgT6hBCrFmAI8M1CblwTLTFZkGqAEAjHrTowOhBFY7WuK4grx24YsNsmsy2u3ZbmSV1PvWqFpOayzl1uq0acsLc6ujpkg49d6mQhFQBNlFcqs9SvZQD2rH1NazQdXuA6QzDtsnqB0pKls4Ie26jCs8JG3hwaFxAs0RUrkEYNItxzlWGfqqY+y+9YctM6jSaOO8W6YlnfsY0ARyTiswwAPl5V1Xj6yEmntcJjmj338q5vpulX+ruxsbdmiG7Stsi/XXeta2qnmTPG9QtXGu4wXJCjZmwAO6K7T8DrKOXV7R47dbh1Yvlhsh8/qFZDTtK4a0TKa5fNcXUsTFTAxCxtjbb99dE+EmvQ6HoaQyWExmlYs7KVHj3f1VTd1sweCyxtWqh6GUYGN6FVeia5Z6tH/c7FZQMtG4wwq0rmLDWx1XFxeGChQoVJAKFChQAKFChQB5L1XSbhuJINW0sxoHKRXEKP3yp2Y+gwK5neSBryc8uMyMeXy3O1dO42c6dAkrBudnHcQ4A26+uD51zOeaOWYu+WbGOYjr7is9pNyhlnMQlonRmMnMIlPKWxtnGcVMe3ddNZrZYppGyWdTkhfIU9YSS3EBzapOhGOuWbB3yBv6Z9Ki3tyXuXMdsLbx7KEnGB7natGpslIVyI5WSZ3DhV5c4A5R1/4VHvojbz4VkKsOZWXpipWnXAmvoo5eUW8xwSwxy7Yzk+Rqx7FbGZe2mhkbkZELKCoHUBs+HrS6tL3DVjZGYYsSWkYsakQSALyDCF+6XYfKPGn7twkouF7F1LnCq3QjqcDwphpYy4NzCwTGVKH5t/E1c3ksxtklW9+tthvxkkinAR8hV9dtz7VKs/ociOgP45pDu2yjyx+41XXFzzPzHmZGGxbc1BeFpjmIksSBy+dLFdwit8o1NigifBHdzj66v7fVZbWIRxNyoaxOm3RiyWt05RgNLjcVeS5kh7h8KfOdmdGhUyI1fVJ4rx+wmZhnLDwJp7StYnu9VtDfzyRwK4Ld4hdj5VWw2oVu90zWq0V+Hre1f6bZG8uZNh2jn8WP5o2GT5mrUlgvSb7kvX760k1qVtNbkSU55AdgadhMog5rg+2ai30WnOFuNOsltWU5wpyKgyXc98628TgSE4BJwB71XJrsWwjKT0rkoNXvO2uLiGEMys+/fIGR6VVNG/IWPN6g1on4U1Qc7i2hn8QUnHXz61TajZ3FvcdndJJHL1Ksd6RSRjuLSvTzKcWiGiAgFg2Mg904zT7RcqssccjK25HUgeGTTaHMjBY3KIMsQRtR9oADgEg4O/X9VK2YpRLrTrWGTT5vpkcjMozGVGc+lZvlVJmU5Kg4ONjWj01p+0eDsuQ4yrjvFDj16g+NUU/atIWn5eck7qMCkp53yUxT3yNphWLDPpVhDqF92AhSd1jTJyjcpA9fOoLQtycy/Zml26vL3SrAKfmVc4+urGkwcS0juYWtuz7aRnckkuD+L9Rvg5qbHquopyL9IR4y2eVY+UZA86poJTCk0TFXSUDJ64NDtliVhDcllBA5WyCduoHlVLpp8iaMmwtddlWVkhxKin8YWbHMMdBnyqyl194osy2rBW+Tl3OPMjyrnMVxKjFg5AZslsZx609aXkkM/MjnCscTRDz8gaodnBvIrgkdFtdft2Tsp8QuPyjnDDzBq64R1e2/s34fQ3CMJb6BV5DncyLgGuYz61cMSrOZEbZzgF2Hl7frq1+HtzPJ8R+Ghnt4Bqttyg+H4xd/qFLCzWtMrVPfJfX/AMONWnvu1tLqzcHfmS4XOftqTNwbxl+DWsA09xasMFFmDDHl1rG/2XXp6PGPdBU2w4xu5GwBEzY3xlc16aUotbxNii87Mk2nw74mt5QH0q7UA7EJmn5+C9ZgcO9ldbnvZjOMClR8c6lb4AEgfOypMwP31LPxZ1O0QHtr4HOCO3P7aRqEnwWwqTgir1HRbtriBhayDlO/4sjFW1nYzIoBiYe4qysPi/fylA09z3vFwjD9YrQQfEq4lUBntZP6S1jNWKMIrcVzct0jPJbtjHKao+MIH/BEgAOcV0uLjiOYfjNP0mT3tsfcaa1DizQ+x/6T0PSTGdurrSxjDUnkV5a4POOlgRNJ9IDHPTNTmFv16fbXbY9W+H1ye/oVkPWO8K/eKVJbfDm8xzadcxn/APVeKaueh7ZFSa7HDuSA9HI+uh2Y/Jnb/Wrtx4S+HdyfxUmrxHyUo9Nt8O+B5fk1nUovR7bOPsqPCi+GWJs4lKshiYCdj6ZqgjhL3fLJ0zvXoSb4V8LS7W/E/J6SWzCua8c8KWnDOs28NlqcOoJKhYtEpAXfoc1W6eE90MlloygtolbIWpESgL3V3pTgAjPWlJyqSc1jmzZTgSIhgZp8ZYYFMq6gVGudSjtzgbmq1l8Fz0pZZImhJzUKZhHsxxUK51eWVsIuB6Uwkc1wcvnHqasUfcolV1bRRYB1c7EGo2oQ4UOvTxpcdiyYKuM+VSZo+0hKsN8UyeHsJKLa3RW6W6peI0nyg5NbBdShPQkfVWNtRyT5IyFOcCrtL4Egdg+fQVfp1PYzLgu11GA5yx+yn4tQtzjvfqqlS4Vvmhcf6NPJMhOTGR7rTqjL2IbO+fBuVJbCYxnID12+zga50aWFW5S+VyfWuCfA+4jGnXOSFAkHXavQWinNqcedPPyoRPL3OV/FOEW+v2oT/slBx6Vz7WRcJeuYQOUgEd2ut8YraNxBc3N+qtBAiJv4EiuY8W2qG4hlDrGrptlsUs1sh6XJnnlvAQBGp8+5T9s9xIPxiIB+hSBB+bcJ/tKNIZkbPb5HkJKocdi8TcyOjYWJCB4nIr0rdD+6ps/nt99ebJkuDuHY+nMDXpO6/lU36Z++sN76UX0OWNgUfTpRUK5xoFDpQoqOgAUYoqNaZEB1jfihZC84M1JUX8YoEmcb7GtnUPU7Rb7T57VjgTIUJ9xTR2aYsllNHNeB8Nw1a4bIC7Y96kXyBsk5BBO1McIWU2k6dPp10MPazsgP5yndT9lWdyF3JI33oqS87aHpelZMhqaHHQ433qjmDKMjetdqix9nzAgCsvM6AkZAqyDNKiiOCSRUhVx1qM7qDTNxfRxRszOqgDqTVmG3sO2orLJUjqjHmNRZdVtrdHZ3Cqo7x8qxOucWYlZLUh8ePhWRvNSuLl3LyHDdRnY1tpWUp+o5Nx1aFPyw3ZuNU4yEhMWnxmQ74JrOXkl/dRxXF7Ktvby/IST3vYCs+jEtmuk8CTWXEOhTaBqqgtD34WJwwX+afMVrlThbxzFHJ+sVLubjORjbiy7FFYW95JkZDmPlQ+3XNMEv3Yuxig5jjnkUj7Sa6NHoPE3DMmdAulvLUHP0eT9x2+sGhr+t2uu6bJp+u2LaXqIGY2mXucw8m9f20fWMvbdCO2ST1bM5vHM9tcMoZGKnGVOQfY1rtA4kQSJBPGkYJ/jAPvrIx2M00yxW0bSOc4Cb5A602h5WUMDyGrp041FhmalXnReqJ2iPUzBH3pVZfLFEdZlnwthC0zE4yThQfesnorQ6hpF1EGY3lueZNixMeMr9hGPrrQ6XKn0xuzACPyzqB0AYb/rBrlSoKLeT0MOoSqJJdzR8O8HT8TIbvVLlWsUkKGKPoSp3GPH69qk6zb2Wipdxz8kVlb5BJAA5fDb1qy4f1mTR7C8gt4O2MsvaxnmwoJXBz9YztXP/AIi2d5qqNe3lw0jKctGvdRdvAVRTbnUUW8IsqwlGm6iWWY/h+xTWtdmnaP8AFNISqDbG+w+yusR2j2unrJbgqQN2IyRWF+FaxDUJVOM8wY58q6hb3sNwJI1dSikjANPfVH4mnsizo9OKo6+7GOGuJHttSgWQcsqnIYflDxru0MiywpIhyrKCDXmnXo/os6XMH8WrhtvDeu/cFXIvOGbKXOTycp+qqY4WMF17FJqRdUKOipjAChQoVAAoUKFAHkv4hSKdAjbuZ5+WPmyzHI8PAdK5vGFZsSkIpOSwGenlWm4tu4GjsIJXuC0YxIPyVHp4E71reFeFrfT7JLzUYkmvJcNGrgYRPDI/O9658Kqt6KbOWmY/SeG9V1Hknt4EjgCkLK78md+uOp+qr2LgCeG1ZGvrV5ZGDHETbDyzn9lbftyAHdV6gd0dPqpM0skVwqnlBYHYnr7Vllf1G9tgzk5/qvCmrQWiiwt4pxE/OrJKpbqduUgVkLuS87Zo9RDnPdMcnzDHhXbjdBxlVy+emcVG1jRLTXbVo7wFpB8k4+ZT4e9W0b7tNDRwcYBhMrpbDslIwGfGcA97/wDlR79RC3zBuh2/561f6/w3qGnSLA8CPFuUmXcNjwz5+lUMiOz4KMvmpB+2unCpGW6ZaiK0nOcnPsaL8rIyB4U/c2zRqGVWKH5WIxmm+QhA0mAAfl8auWGixLO4kkZwUJPmKtLG4aECIkn3NRrZVZXkIw3h5YqMJCt9GT06U8Y5N9GjphrL03KN4709bTRLKC+4qAIefcU4LcgVPwLoRZb6hrYe3EFrHyeB3otIt5ZxdOAWkjhaUY9Kr4YMMCRW54GtkLXDMPnATfy8aNki+LcGpGYs9WM7iEsQW2xWk4r0r6XokcojD3NsmQCcFl8RmtfxHomiw2NhOLONL5SBG6jBIA3z5/XVW0uBk7+lUSilweqtou9tmqiOOmQ4BQb4P2Gkg9qpHKAQBnA6+tdEPAaXvPLFqEMIdyezKnKj0ptvhpPGwMepxGPxZoTke2KqdaEfUeLu7KdCT1RMB9HkmRuxLIFUliW61BjUrtvmunRcDSQiUC7EkxyFwOVceufGsrqnDepaa7PdWzmAH+OQcy/bSwuKcnhM5vL3KNpZHVEYnAGADTiuChiVIySvXJHTx69aVc8oyiZ5QcKxTBIo4IHuWxaQyOR4RoWP6quysZEkRSOUePMKMRPKhYITy7k+VX9rwzq91H+K0+YZOMyLyb+W9WVpwDqzlhJLaW7Ebh35vqOKqlXhHllbaMbk8uOo8qJGIPdOK3K/DjUFG97ac3l3sfbioV3wHq8TZgNrNjqFkwf10RuaT4kRqRlYG5XbORnxrT/DeQj4h8KqVOPwpbDmz/8AuXrUI8L6upcS2jR8uO8xHKSSBsfrrf8Aw04Nlt+K9Bub6RVmh1CCQRpuNpFPWh14RaeRcrJyHs5FO460qJ3hkU42yKtlgsHwEuJV9xQktrdwAt9jB25hXewizO5X3txIL4hDucYqzs9JbUpYYZpCsrdBjrQn03nuFaO6gZsDY1eaTbzwSpNmNpB4g1rtIU3UWvgzXdScaT8PnA9fcIXeg2kctw0TRk55Qe8DVeL+KGYRtDksNttzWg1OW7uIQrLzj3rN6jbzC7jYWxPK2xU1d1SNGM14Zj6PVuZ0W7h+bJcw3EasoMPIR13FRuK7iCSyRIwQS2+aZMZF0S1u2AdjmmdV7OZY0KyLynPSuO1lnaUngx8spinaMncGnEuM9T+upV3AjyyEOQSfFKjtasMcskf2UNZDLXBoOBr9YOI4A52k7nXzpfF7TaZxDOkU86K/fXEh6GqHTra5/CELW4jaRWDDB8qtONBdahcLdyRFgq8vN0o3TwWLOMkdNcv0Xu310AP55qJqWsXV32ZubmWcpnl598VWiJ+UBlcb+BqSluGnj5A2Mb0uHkhS7FZLJcOS2W3NN81yN+Yj66sJ427YrhhGPGmbaD8Y3bE8g6Y8anOVuW6d8h2MsvPysSQfOpU+niRudqZt4WEmRVx2J7BWyKplLD2NVKnqWGUrQkSiOJQD4k+FG9tMlyI3YlM/MtWkdqJ/Hv1It9OdG3BxQqiS3Idu2QLW3kErbnlB8alOuDjFWRhCDZaizJg0qlllzppIqLeMLeOOg8K6L8MuJ7Dh+e5j1bT7C7jdRh7qPm5Pauc3R5brKnHjT5ldoS5xnFaYTcXlGNwTi0z0NHx9wdNvJomht7KV/ZT68VcCTDv6DpW/5s2P2V5tt5nkcKApJ26VZXcnZssSQICFGTjc1qVWfuzJKC7HpHTdf4NWVPoejxI3MCFiuup9q6NYcTScvLb6HdlcZwrA1464Udl1qzLKMCVTv717a4ZbMK+qA00pZjmW5WlhmQ1bVtPvob5bzSdQCyuDKwI7pHSsxrjcOajb26zW+pRrCOVW5VOa6VxxHDZcKaiYlCdpuxHiSa5HcrHecBmYFsxT8pI670KeVlIlLchS6Tww3y3F8nvCD+2q660PSS39yXznPTniIqt1eSK1jihlnaNsZyATmm5mSKxWR5gqMBhznJqqU88FqTXchTWixuVE8ex681epbv8AlM36Z++vK5e1dSPpsG/TOa9U3X8pm/TP31zL70o2UFuM4oCjojXNNAdHSaVQAKFCgNzTIgUKBx40KGaCDAceXdvpFyJmcIZwC2fTxrnWpccW7ORHKe70bwNSf4QmqWjatYWctyGjiRmlhhOX5s7A+VcKvrppXyq8qj5eY5Irp21mpxUpHNueoulLTE6VqHHEK8waXJXfpWavOMlbPZB2P2VipGLOWJ3NIO4roRsqcTHLqdeW2cGobiy7mcLzLEnmBzEVYILe6j55HkuGIyTI2f1dKwyDJAJwPOrawnktu6vMzHooGc+1TUoRSzEKV7NyxVeRm+tgtxcbgKillHnv0/XVWB51eyQXUrl5oXijfu8zbYqodOUkHqNqvpvbdmOosPgbG1WWj6hJpl/Bdw/PE2ceY8RVeaLJxTtJrDK03nKNjp/G2qnXoTJfOli845o3AIVC3TPoK6vxPpcGq6JcwyIHcxs0RAyQ2MjFed1I8Rmus/CjWjPaz6dczs0kJMqc5z3PHr5Vz7q30pTp9jp2lxrbp1O5neD7O8uL2WwV2jaSNwUX505SMt/NOM4+yrXiLR00+1On3FuJ4yhNleZ5eQDqD7eI86hR8Q2el8RajrWnxK9y8rJb5chcMcM5UegrZ6rqseoWFzJp6Ry2ssJDyDdY2YAkb9CcdKWpOamn2Y1ChTlBxzujBcIs8GsxRqAyyo0JIPU9Rn2xXTdG0OO3SF3y7opQHwxnOPqrlot3s+aWNZByEOrnrsa7baHuRY/KUMB7is19UezT5Oh0u3SWJLgdjiATGMD0qu1a3WS2kR1yhBBFXfLtUW6jDxsD5VzIyw8nblHKaORaEr6VxTiFyAScZ8vKtXcifTmJQ8yP3uZT1zWZ4kRrXWkMeMFsjzBFafVruL6BFzFedl5yK6VbzaZe5zOn4pudP2Y7p1x+FNLvIX+ZBkV2n4RTGXg+EH8liK4hwlC8dpeXco5Y2Bx67V274RxGHhUKevOfurM1iWEaLl6qabNtQoUKY5wKFChUAChQoUAeQ7K0TWOJBJO6zabpiJzlhjtJm3A9emfYVu5nNwytzA53O29VfD1pYx2H0i25UW4IkYI2zEDFTzJgnlAFefuKniSwuEclsZvYnVnZGj6ADIzt503EytHzOkhXk7qtvg05zZOWO+ehpMgLRsrE4b804NVOOCSskvHjPL3pORRzYGBzeQ9asLS/kwFOBGfv8qr9RWO0aKeTtW5SEiAchFP5z0i2kFyGIkdyndk5GHdGPCrHBYyhtOxoInMiYjOWPTfYGj+jLMv42GPmx3zgHJqu0y7WQf3OTIqbMP8AnrVRxRqc1hqkqWsxRgASVbPKfT1qKdKdR6Ymu2tKly/IWmq2GkW4MuoRWsWTnvgcx9h1rCcRTaHNzLp+mYcn+OdioHqFB++oN3O0speR2dz1Zjkn6zUQ7+1dq2tXT3kzv2/SIU957kV0CqQBgVXXUeHDjwq1PezTMkQdSMVvUsG6rbJw0xQdncd0CrOJlbcms8FeJsb4FWNs7YHWpku6OXFYellrzDO1azhmfs0QA+OTWRsrea6uIoIFLyyMFRR1JNbaz0ptMJinZWmXZwDkA+VVTeDfa2vjzUUWt/dPdz9o/RRyqPIVCmbKnl2wKXnOQOtF2TlCBtkgfrpD2VKmqMFFdi2t48RRnOCFFTILiWLIDZXyNQlfAAHQUpZfM0k4qXKKZ01NeZZLRZYpBlohzelKa2V4yUIK5zy/8Kr0lA8afSbBBVt6x1bSD3jsziXfRqNdNxWGRrnQNKu7nt7qxgmlUYBI+8VJhigs0CW0McCjbljUKKlxSCYkfKxGMjxqFc91znfHWuVWVWm9EmeKvrGpZz0zDnkJQnxpEfKq5Ydd6ZJBHd5ulA5VRg5z4VW9lucxrIpnVflU5JzvRhA6s7HagUzFmQhd9vOo9xKxQRoPbFQtwxgMtEJFUAMRuA24q24WZn4l0h+XlH0uEEDp/GCqxoWATtABgCrjhTDcTaV6XUW3+mKspP8AqR+aBcnm5Zoo5MM2T6Cks6TzqgOF8agRoT1/VU22gRioUPz9Ca958jUkTrfla5yu46da1+mqiOvPjA61mI7eKFwQ55vVav8ASbOWWTmkPcG5q+hWdOWoouKHix0ZxkuLuT6QvLbAgDqazevvPbXURLuEIyeU1rE7i4VRVPrNlJdyrvgcvWourqVeWpoWys4W1Pw4t/iVsV9MzB1uEAPQHc4qa9yxjIM6M/hhdqRpmhF7qJObmGdxjwraR6RZRqQtuN/E1jNqisGVi06WbBYxnO/yCkyabEc8wtmI65XBrVTQRRqRGoT2rB30hFxNhzs1I5NFkYpssX0YJHFcWfYRS83UZ6UibTLq8eK3kEbWxbv4OCableRdMswGbLOaftZpRqsKhzy+NDnuOqb4QxLw1Z85XsLkcu3dYGo0/D9rBE8sf0lSo2DLkVb6XcTzatIkjEoCaVxNdTQDs4/lZTmh1AVPDwYmWBXYjoPSkG0CjIFORsSST57087DlwPGqZNnQgotFeyKjLsAas0T+5sHeqydhGedxkCnE1VOzwpGcUrWRoyUXuPQnsbjLDu1bidXQEDJrNJeO8hEnIVPkelWMUxA7pBHvQ44GjJMsZN1yKr5yck04ZSd84BpqQhgahbDS4KW5Be8UYyKsTAewbAbB2GBmrHRdMS/umV25Qq5yK0drapagpDOuD+cua0J7rJzpvSmYvTbLM6fP1z8tW19Ej6iGYnmXAOR4YrUhmjGS8Ljy5MUf0wfSBzQwEMM5xWmMlkyyTM/osP8A0pE6tsHU9PWvYvCFwskMIzu0Y+6vMelX8cshJs7cYbG1egeEO0LWTLJy8wG31VdnVHBSy2+JeZdAW2U4eeUKK4/Z6pZadwdq9lcyqLkyDsU8WIO9dd40z9N0yNzz95nA8sDrXnPjLsbO7v5Z3ZCrkquPmoW0UiM5kPPpr6tIjolw8hXIVI+baoV5HCLYQXExiAbbmUms9pfxX1zRLgyaeLVSEMYZogSAayN9xTqN3O8s02WZi3TxNJKHkz3LfE3x2N7LZ2ZXAvYMHzBFetLv+Uzfpn768KWXEjySot2q8pOOYbYr3Vdfyqb9M/fXMvk0lk127TeUN0dEKGa5prwHQFEKOggOhRUdSiAHpWb+IWsTaLwvcT2bYvZWW3gPk7HGfqGTWkNc++MDrHYaO8kipEt3lgT1PIQP11bSWZJMrqvEcnEOJNNBtjy5eVTzM7HLOfEk+Jrnl5gSnHTyrZ8a6nO8jxR5jj9PGsJMcmvRW8Wo7nm7yUZVMRGm60jNOsB2e+c0xvmtJnQ4tavgCZP7IooHA5J1K58cgeFZNdutX3CMbNqgkjYh48EEeHrVVdeRl9t9rHBvdU0xmMiAbE7beFc21uxksrtkZSB+SfMV3oWP9ywytuXHMfrqr4g4at9WsmRlCyAZVvEVx6F4qcsPg9Td9NVzS1R2kcHoEVb61oV1pUzJMhKg/OBsar1t2PQGu1GpGSyjys6E6ctEluMAVIt5pIH5oXZG5SpKnBwdiKH0V84qTb2bM4VieXxxRKSwEaU87DEMZdsAGug22jXVtwfFdBTArHLksQXUnujFUmjQCwvoZZrZZ1Q5aKToQa6JxHqg1DRoxGT9HGGYuQDkfkkennWC4rNtJcHasrNRTlLky8DCXSrlT3pHXs0B8zsMfWa65Zw9nBCjdURVz7DFYrgzSO3uEv7hOW3jOYEI+dvzvbyrfRkHbxArk3dRSlhHctqbSywihB9KjXOADtt0qSTvmo93tGT19KzRWWaJM5TxvFm6DjuspyD5+lO8MPJqWoiSVF5MKACPIb05xjbyS9py7sNwRV9wXpTxaVG9zGO2fLHfp5V1JzSoL3OLShJ3ba4LK+SQmK0RMRsRkqNsV2bgODsOH4hjHMxNc2063eSZEZS3lXYdKtxa6fBEBgqu/vWGDyzZeyxFIlUKFCrjnAoUKFAAoUKFAHneyt47OzS1QDliUJnPUjr+vNBYQrs8pyOoXpTbR8iq8a/jCMhm8zvv9tUmp60wkWG3YzOh77Y3Ht515yMZyZynuXivG5Pd38MUfKB3zvis/FLdxTwyTW8wgmY8zIfkOMjPkM06mubyiaBlKHvYzhN9venlTaDBcSBXR0O6sMbisnJdW9pfz2slvyy8vzBiedT5CtRp99b6jCzROMePhVFxjbRxG0uWnNud4eZULcx6gbftp6KerTItpxzsPafK2l6PcahLyNM3dhK/kjFYu6naWRnYkljkknJJqfd6oz6eLJnZuzbAZupFUznBxXYow0I93aUo0qMYwEucmiI7lKQZNLK1emaEivklWMnNRZbh3GY1qzkgVj0psQBT0pkVunJ7Z2GLUq+BIN6ubazGwUZz0xVW8GN0q50q7Om2YeVRLcP/ABaeCjzNDlgrdkqkkmaTQ4hovNqE8iQtGhIY9V9vWq8cXwFmJsZmBOQecb1Bs7afiDUEF1NJ2KjmYeA9BWkOiacQESAKo8cnNVNnYt6HhrFHYgxcWWQOWs7lT6EGpVtrUepTJFZwz8zHfmXAA96fj0TT4jlYSx/nHIq2tkWJOWJFQeSjFGTZFVPvMcJ5VANNF+po5A1RnOARSlmBNzfBHCgmn7W6OMk1RX4Pag08tx2UBY9F60vLFk0uS4uL95HSCFiNwzsDuFHh9dXLOJwsqD8UVJ/0h1BrG6Q5ZHlbPNKcnPl4Vf6XcHtGtmIxKO7noDWS8p6459jgdXsFdW7njzIl9oGG3nvil8nJgP060cFoWc8qKUAz3T1+qikcPIFAwPCuG3nY+dTWNhm6k7RVUefUeFHbxmNg2ecdSpp3s1RSPym/KxTaSxwZU+PVj1NOtkVsdDGRjgew8qseGSycUaRy4DG8iB9ucVQTajAkHaK5YkkBBsWwM0jhvUp/7NuHwyhYp7+AKVcH/Grsce9X0KbdSILk5Y2iWM0vLFzRATGMnmzsB99X2jaTBpl1DMUjljYjMU+5IzvSbfU9BsZe0tYZ7uUNzAHIXPmc09PqS314kt0RGwAKLEMhfSvdz4wXpYJOo2VpqWrNdWNultas20Q/JwP31Z29usMXKBv40xpsaBMoxIBJ3Hiascdc0vwGTYyYAQ2M5BqNexchAHUjep4bDEjG9Rr3crnriq5FiFaAuL8HGe6au5SV6iqrQcLfMSQO6as7yZEIB3z0xS4yicpbsiMFkc5FRJtItJSS1uOY+IFRtXkeKeJ1LIrHz61IGu3EYXvK0meXvDYio0keJvsIu9FgkgiVQU5DkU1aaLEbhZ+ZuYbYq1/CEjRRvLGjc2W7uABRWt0uSvINhnFRsNGoyssdEW0vHmWQtzZ2pGraHJfTh1cKAMYNbbg6G01LiC1t7qMNC7HmGfQ1q9U4CkEqvaXUKpJuqkHYVXJxWzNVFOe+cfM8363odxpzFmAMbHZhVLI3Id/Dzr1ZqPwoW+0WZLi8UTcpZCB3QceNeWNat/o13cRMcsjFTg53FRKDxk0wmsNJ5wU+pXilSg61S8skj4jznzqQ8TvKx67+NWNhapy5lZRmmTUFsUaZVpYZWRLPFnIpxbyWFhgk1cyQ2/KFzlqT9Dh5SSoNQ5p7sfwJLZMlafOLmENt7VIbABzUGzXscgYC1MgSW9uEgtkZ5XIVVUZJNIll7F2rTHc0HCUZEN3N6coqICS7d45zXQdI4YuNP05YJIJO0AzL3flJ86izaJaI5DQr9VWtGTXvllfaaR9L0hbuBy0i7FSfKo19bfR4oeYEEpkg+dbHSreK20+VI8KPAVRcTW+THuflNXQRnm85MpZFxc5VyBzV6g4MkP0bTn691K8sWV12F0VZA3e8a9N8FSc2jadKOhRa0pMoeEbbiPTmuLmC7DbQqVC+/jXlj48wvbcQSINkznHrXrvUe9bKPNhXlj47W8l7rN9LGMiF8HHkBUweY7ivaRwaZiSajk7b1LnQhunSmFhZz06+dVtjRXsFCjSuFG29fQ+6/lU36bffXgO2iEcIG3N4178u/wCUzfpn765l88pYN9tFxe41R+FFQrmmsFHmioGgjAqhSaFAYFZrjf8ACK0Ka70m31GAuVj7rDOynwNdkBqLqmn2uqWMlpfRCa3k2ZD41bRqeHNSKq1PxIOJ5I02wn4liSWZTEigKzeZHXFSdf4UgWzhFogRkyCfFveuqcQ8OQcN8QfR7SLs9Mvcva46Ryflx/tH11BvtP7S2fu7qc103dPUnHgyUrGnKGHuzg+oaVPaqOdOtVTIQdxiu1apoyXMHKy7jeue6po/ZzuANs1upXSnyc6v0+VN5hwZcLnpW7+HenvNa3EqKOYy8mSPJf3ms6lkIY5JZBhUGd66bwJFHbcPRQuqi4Udq2PHJzSXVb+nsW2FtJVcy7HQr1OTSbMMACqAH3qrIEqYDY9RVvrbKdOt2Ud1kBB86poCQO6MmvPfE9lRflKvV9IW7iIYAkDGTWDuuGVMr/RH7GQH5Dup/dXV7mHMPjnFZe/sJUYSx5yDv61qt68o7ZKbi2p1l5kc7uNNvbViJrUkfnRnmFC3UxsOeKQHy5DW1lfmcc3Q75qZYRIZNx9ta3dbbowLp2/lZlLdnvB2VpayzTIQNl6e9arQOFp5HW41cryg5ECHbP8AONaLTrWKFuaNVUueYnzNW6FCu2xrHVum9omunZqO83kVCiqoVQFxtjFPR4Jz9VEvy+tBQdsbVhbya8DhXOcVB1HLQMB4DO3jU8sAM/rquugHOcnNNDnJVIoorNJbrtHTm5ugI6VsNA0K/vYGmto4mgLYyWwfsqijUIxz0rpnw7J/AzjOR2hxV8nq5MlRuksx5HNA4da1kWa85OYbhF3+01qAd6TRinjFR4ME5uo8yHKKjFFTFYdFQoVIAoUKFAHkzTNSQ6Yi6evJMxCczNk82NyQelaXT7KO2RZipnnJOWwMKT4e1Yzgm3X8KMpBIIG3gQRn9groLkpbry5Azgr5GvP3KcJaYnKw0IaQc3KcBj+T51FniilI7SMHPXbr70bSMX28adgEhLqzBlHeKkdPOqVsTEzlxZiyvC8skcVtEAyGMY59/lx571Y6zLG/Ds8s0YZCMxk794fuouIYY/wZal8tJ26opzhQxOxPtvVZxRJIuldnNgOkY5wvTJ9PatlGLqNNnX6Ta+PcL2W5j9dkV7i2eJcFYVVvU461E64z1pU7czDPtTsEXMckV2Vwew0+Z4CQcq5NGdxuaVIDzYPSkkLjcinQ+MCCN6Pl2oB4x1YUuGeB5VRnCqerYzipeQUo5H7CwlvJBHFyg+bbAVorbh6eIc7W9tcSnqWm2+zFFYa7pFnGII1eRf6JiT61Zx8UaWrBezmXP/6WH7KrabNkHTSGbaCW3zm2SHPUJ0qWpJ69adTWtMuDhZ0DH8lu6f10p2hY5Rh9tK4NGyFWGMBIM1MhTaoowOlSoXXHWhIdyXYVMuF6VVTnvGrhmXHvVVeKivsdzUMaBT3hwd6rb+cmNIgfnYAj0qffzrHlGHWs1ezt24kXouwqYLuZLuf3UaOC7VJEQbDpVyp5gCpwykEGsRa3JkmTJ3zWttZMMPIiq5LsWUWqkWmaNbtX/GAsqsgJONuboRUU6nCsrRp39+5nbJ8qqdSMqWUjwjLRHtOU9CvjtWVi1IQ6nHcpEYnAPOjHIzjqPtrmu0WWz5z1mwdtcNLhm1bVeVybtlBwMKD0zUa7nkg5pHkhMb7oOYnI22J8Kxl1qJeWI3KTvp0b8gR3G3j16Ve6enbSXkN/IscVzkpJkYKDHQj6vsodsorJxZRwK1SaH6FFerFLE6Pyo4IbBG/T6vHzqz4CuHfjTh+WHsyLm/gBQODyASAk48DUGxsNMWCW2W5SWMpyuuSeYZ6jPj7VO+H/AA+8XGehtGFb6PqkTSORgAB1xt51bSlCMkviL8jmVuC0ir136CtTpNjzymQjbOB+yqDR4e1u44xgZaul6fppgVduletL5BwWyxQhR9dKMe1TTEcU26EKeUb+FQyUiA8ZJ26UTW0pweQgetSrXtLe+SNzz53J8BUqV2ZjkZ8jVMxoy7EOytTHLzk5J8KLUwTeW6h+UkbAnbrVhDGfEVWcRoVvbPAy3UfbVeB3wR9eSK0ERMgeVshsLnAqFOYm7HsAe0DZyBmrAwRz3ZklXmc7kZ2FHIhiciNAo9BWWpdRTwtx4UG95DbrO5gz2ZVV7wPnTtrH2Mru3IeYY9qKOJ5fygD5EU8tgW+aVselZZXcuDT4MUNwXc2n3QntHMcozhlO9Tvw9qFwfx15cOQMDMhppNOhB3DN7mlzxIihVQD2FUuu+R0klgF9q+pT6fLbrfXCxEd4docYrjepz/3ZMo8GPWuv3MHPasniRXH+M7Y2Oq46cwyfWr7apKcmpMnOlbFaAAxIHWiZGbocU0JRnNBrjwNbiFInWcG+WO9S3AC7kVSrdldgTSjdyN0oayxlVSWxYSTKNqt+D9ZOha9Z6kkayGCQOFboazEQZz3qemkAdUFTnSxG9Syz2BqPFVtqnB6alYCMvfAiflOTH3tga5PqV7M13MFk5VXbB2rH8Aa1cW3a2nO3ZP3uX1FaG4V7h3kDlpGycYplVTekpqU8LYt7XVLSDTklnZe0c4VfE4qp13UZbiHtooOWNV+Y+P76pOIz9HSydOUGNxnbpUq9n7a377NNIVxhflWuhRgsKXuZZt4wZyNna5Dgbk5I8q9OcAHn4X05vHsxXmG3fln6nIPQ+NelvhvPz8KWJ/m08+RI/E6zN3oID7H9Vcdv9K069s9b1LUIJZsSPjlcKBvgV1wS505JPKEt+quJ61LIvCkmHIWW47w8+pql507Dw9Rwfi/h5fwgz6XBJ9GbfkJyQaqLThzUrl27O2fu+J2FdSKKzkybmpaNGsYVcCqHJvkvSSOKahBc2EpjuI2jYeBFe+Lv+VTfpn768kcWXeixzRLqcbXEin5EOCB6162uz/dc36bffWG89KNFF5kxrO9Hmk5oDc1zjSKoxRGgKADoUVGakAUeaIdaFAFfxBpFtrmlS2V3zBWwySJ80Tj5XU+YNc5ZZtNnOna+qw3Pyx3GMQ3I8GVugPmprqw2pu6toLy3aC8hjnhbZo5FDKfqNWwqYWGJpaeqJx2e2EbNGy5YHp51lNf0xRcZZcKcnI6DFdV1rgmytnWbSbq801W2ZIn50/1Wzispq/CiSqVvb+6vVJzyHEaH3C9avp1YxfJZiVRYSOTSWgvrtVChraNuZmB2Yjoo8/Wriya4bUYbe2BMkzCMD3NX+paWtuyooVVHRVGABUbSWj0/WbK7kGVhlBP3Ve62pFkLXRHPc3WtL9H0bTo2ySEKknxwTUK1TAUjxpziLUIru3TsWB7PIKg7jJzmqi01FVTkZgKwaZNcG+lhRL1sFd2psxxSRFcisvql8b2KW3gvmtm+XnQb1WWUV5pbAJqMl2rdGkOSDTxovGW8Mh1Vqwh3VbfkuZVXopzQsZBkBsjG+1PzuuMyMC7bk03EimQFCM+VXZeNwWM7F7azkiPfw2z1q0jfPXbeqWJcgbYNWMPMigHc1mksssLiNgE2p5MFc5qvV25RinVZi3lVWkhi5jgdSRmoM5ZnzGenUVLmfCnAyOnrUIvmMg7A9fOmiimQnnPNhsZrpfw8/vO+CMdoenhXLXbvBVGMgDJrqnw8jCcPIw/Ldiftq7BjuHtg1VDrRZoCnOeLB3pWKRRg4oAVRUZoqZAChQoUEHkbhBf+lHSzkWaGVyJPDlwucj6q2t2wMYRD3Bt9lZPReHotK1CeWR3MQjUl3PQsdwMeOMfbWp+nWqKcxhsd1VLAZI8K4Nw1Ka0nLe/AwkIdQSzhgduWj7cq5Qg85GMUm11e3vI5Oyg5CrBCD5+9PWn0W6c9mgZyOXmO+c9MVn0teonGCFradpo1ynJzEFXz15SD/wAiszxROxsl5yS8jjOa1l3zW2mvGEJR3aMlvEZzt41juKciC38ixrpWMfLk9r0C2dOhKs+5lpWwQT4VodItp7+EtaQKQNud25Rn0rO3K9048aueDtZaCYWj5MZ/Ua6beFsdOk14mJFdf211DcOkuFYHwooLKSbxY+eK2mpW0V8Nh3/OpWn6dHZwDKjPiaFUNbslq3MTFpuZFQRlnboDWvsLCGxhVI0XtMd4+tOXjxRsZQg58YzVZb3byXfXY0mtyLaVKFLlFhHbpHeB0UBz1NS32mBwM+eKZRc3cbVKu1GxFLk1pRXYFxaQXABnijk/SXNOWnD2n3SzclukXJGXJXIO3t706imWDbrii0vVW0+5dXjV1ZeUq3j4/sq2nJZ83BRcKWh+GtxEvBd2iqYlvF5hnCzEY98+9UU1ld29zyG/uFUHGHw2K1EmrXM1320jsRyFcCVxnPj1qlvQWXmYlmzkmmqygvQZ7ZVpt+MikuNYurSUqJVnA/OHKalWV/JeASSQSKB1I7w/VVTxDAolSZBjmG4HnULTdUlsZe62E8Rmkk8odScJ4yaC/ubCZXS4kRWAOGGcj6qytztZpjfL5zVjq2rR3URLIpbHzEb1T3NyJLGFRsykZ9qmPGCm4q5lySrRlEyVrLKQF1Gaxdq451NaCzuD9KjXOxpJrcttamDWRkBgSMhlKn2Oxrn+oRJbatLaXU0jKrcgJ/JXwrfIA9uKptf0C71S8gvbOMSrgJKCwGCPHf0qmSUVls5v0itlUo+L7GZvMz28kMZH0ZBsFGCSMd77aiabNdwXsUeC6sQOzB2YHoPSt/p3DLrAO3jhBDcyKow24IIJ8fD7KnaTpVtpglDqWLPzczDvZ8Afas07uEU0fPZSSWCDoOimFob24hRJMAKo8MZ3PrW84TjQcR6Wy4z9Lh7uOnfFUlxdwQQHtHEn5yp1Aqw4OYHXtHmUNiS9gABOMDtB4edc1SlUqRl8UUrk5ZwhoX0i9hn1A9lbIQ2PE12KL8AyAKs7pt4mqT4ecKfhXSHvbyeQSM3KvlgVo24A72Yrogfzlr3M1Js3x043Eiw0qT+LvwPcUcmg28q/ir2Bh61Hk4AvFJMdyjfaKZPBOsR/xUin2ek84+mDBfaA1pbvciSB0QZPKd6j6Tps2qQtJbR5CHBycUqTh3iSFTyCQ48A2aj9hxPZ55YZx7LUPWuxKpw7MtRoN9Gw5rdseY3rLcRdn9KB6vGOX2NTV13WFEkNxK8Z+UqRg1ntQkJkAySTWGvX20otjSSY9p6nBc7kmrIAcxBABqCuYooz0xU5WDRqxIO3WscEmtxxElsr7r196hXWorYkCY8w9PCrJWxC24zVJfWbtbSSNh+ppXFDx53LOzvobtMwSK3pnenmQmQZrmsMstvcF4iUYHwNbfhq8ub2NzOFKptzYwSaSUMbjOOCznUCNj6VzD4k2Rd4rgA93Y11OVdiM9ayHF1mZ9IusLkoMipt24zyGMrByModqbKN+VU/l8G602VH5VdVSF0ZIioScVJigJ6+FSYYVJ61KjRQOmTUORZGj3YwiciHaq+4c/TYwvXpVndOEQnNQNHt3vtXRUGT1oT2bYlVJYijZ8HWpS5ExB5V2981ure1MUjP+SdxVXo9isESxjwrT2qCS35W9q50qmqTaJltsjP8QaYdRsmWIhZMhhnxxVPJFLBCsdwnLgYwnU1r5ozE5U/VTU8McyFZFz6+IrfbX8qS0y4M1Skpbo5icresFVuvQ16I+F9wP7FLYOQGBYYJ9a41c8Oyw6lHLbOzxlsHzFdI4Y4WjvrASXV5eRyK2AEkKjHtXXjVhUWUzG4OJ2S61iG04XuZ5n2SIxjHmdq5jrsnb8ExSwwSiEXBPakbHbFWel8BW+oLJaza3qKLnKoZMg1luLLBtA01LKDWrm5i5iWt2xyrvt9dM9CjnIsdWrGDItJ136VXaxqjW1mRa73DbLnw9akKGbJ61BvbYO/M2Kw5WTZkwF5Z3k8zPIeeRjuSa97Xg/uqb9NvvrxdqFvlDydfOvaN2cXc2enO331jvXmKLqC3YzR0RoVzzSGDmgBvRbijzQAdChQoAHjQ60KFGQDoUVChBgau4RPbvGfEbe9YrVFBUqAeZTuK3Y3FZXie37KXtAMJJ99T3LKUsPBzzVoC4eQjYbb+NZ1rczTcirnNbG/jBiC+OSKptQePTbKSVgAwwB71opy7I1ynpWWRJEt7WxlnmIMka4Qg7g+Vcy1LiS6idxHKQSTjYdKm8T8RG6Se3j7oL7kHf3rHXjdo5IGK7FtbYWZnl7/qDlPTSY++r3MmQZCAfDNWVjr88bjtZCVAx1rPQwvJIFRSxPkKmLYXZfl7FhgZydq1ShDhmGFa4i9UWzT2evmSeYStzRouc+JpQ4kEMpIbKncVlvolzg/iyAdsnao55gSCMEVWramy59SuIrc67onECXyJkjB+0VsYTzIHO+1efNMvpLS5R42K4OT5V23hXUkvLKNufJI881zLy28LdcHoel9QdzHTLkvVk8RgeFL7QruRkelEAMtkAeVIijKczOQSfKubydVjmVfO+2dvWok7pzNgrv1pNxOqxsFO+c48aqJ7kOmQMcp23q2EGzPUlgswwIBxkeldq4ZgFvoVmgGPxYJ9zXD9HDXmpWtoiZeZwCPLevQEaBEVRjYYp5LBgqyyOijHSiA2o6DOGOtHSaMVJAuhRA0dSQwUKFCpRB5o1C3vrm6ihhgVYhku5O3p7mibh2aSRpbll5jns0DbDPifXp9lX8F5E07RgHY+K4NIvb2MP3nHN+bXmvFksYOWkUttoDW8pZmhZl+Q8my7b7DrmrWO2VDGFUEjG+MdKZbVY1CKFy8pCKP53lRJrcLRgW7KZOjI2xBpm6k+TRQpOrNRXch6/I30rsnIPJ4eRrGcRzdpIkY3CZP1mtHcsXkZicsTnNZDVgRdP412LaGmKR9LhQVvaxpoqpxUSyYxanFjbmbFS7jp61AkYrIjjYqQa2dsHNqbNP2OrWEAiiV5jg48aK8uvAEctYz8MXDxKGkOw86k2uovLGVkPQdaz6cHZjcRkS7+6LNyg7UjTU/uoZ6VXKxaY+NXOlAGUA45hTCJ6pFzCMTqvpUu7Q/RyQNxS4oh3T44p2QZiIpMmpvcZ0eQEFWO9N6tCEkDYpmBuxn286vZreO9tsD5sVOckN43ZmXlPL3TUaW7I7rU9fWs1uxBBpmOOOdcNsaMDOT7DOo2yXenuyNh0HMB51jrhME1uxa8ikc2xrH36DtpFG+CRmmgzHdRyslJcscAeFIYkovgKmSw79K2egcGWl/o0dxfyzxvOmYxGR3dzhv+FNVqwpLzHAurj6u8zMZb4GCOtWVhKTeIfWkaxo11oV+ba7wwI5o5V+WRfMfupi1k5bhcedRqUllHQtaymlJPY6HZvzRjerbSnRTLDJ0cZX3qi0xsxLVnGWSRXX5lOaorQ1wcTrXdFXNCVP3Raq+WGPCikAZm5hkEZx03p2TlVRKMFX723h5imTOOcABSxGQD1riNNbM+T3FGVGbhLlFddW/KC3IGD/Nnyqy4Olifi7TbcTu5jvLaTs23CfjFGx/5603NICpDgFvKkcMzKvG+gW64EpvImyPylEi5Ht4/VVtutU0jOuTpHBkH0Hh6zjChSU5j7mtAs3mKp7eRY4kjX5VGAKeFzXuHvubS1Ew/NFOJImOlVS3PrTgu1HWoGRaF48VQcU8QQ6VZssRDXTjCDy9TR6pq0VhZvNMR/NXxY+Vcs1K8lvbl55jlmOfastxWUEPGOWRrmVpZHklYs7HJY+NU7d+5B8SdqsZSDkCq2E812B5GuPKTk8s0RLKYc0LD0oafITZ4YbqSBTNzdxwjveHWnNFmR7Nn6DmPXyqKecjtbEl35YCfupUUYe1KnO4qJeXKO6JG3jvVlCMRjNM0RuZS+0PndmTuk1f8OxJb2KwnZwTn1qZKgZN6rb1ntYWki+YdKrknwPqb2LOcHw61DngD20sZGecEUWjX638BL/xq7MKl4w2DSJuLGaOJ6nZG3vJo8YKsRUEwEmt1xvp4ivhOowrjr61ll5VfDEV0YT1RTLlFMr0jYHIFOZI6mpskaHdOtQLwOBgLVi3e5MsR4K+9lLEqu5rYcA6W0UTXUq4aTpkeFU3D2hS6pegMMRKcux8vKunW1skGI0ACqMAVTc1VGGlGfmWWSrVAMe9WtrgbZHtVJczCC0lKnDkYB9aprW2u0mS4E8hyRnJrDTi3uS1lZNxcQiVfUeNQHjK7HcUQu2gQdo320ozpJllIwOtWSTK2hrBGMbVc6Trs2nxFAiyDwBquXlcU0Yyr4P1VbSqypsSUU9mWl98TDpobt9NmjP5MiHIzWNPEkevXZbmbmzkq3Wru8ije3McqK6MMEEVg7HTWseMI4owRG2WHtiuxRrwuINYw0ZpRdOSa4NUEXm2GKj3UQyWQb+NWLJjc4zTbjJOara9ixMzcqKztzAnyB8K9XcR2MF+l1DdNIkXOx5kcqRv5ivLOqx9jJnGFO4r1heQBr2dpXZ1ErMFPQb1lutooto8tFLw/pdxp4Je+uJoGXaGY83L5HPXpV5RA0M71gbyagGgKBPlQBqMkh0KTmhmgBVCizRZoAUdqLNFmhmpAVUPVbNb6zaI7MN1I8DUvNAdKMhwcrv4ijMMHzAPmKw3xLma30gMBs4PTw9a65xhZGKbt0Hcl22HRgK55xXpw1DQ5IXXmZe8F8WHiK1W8lGabJr5q0ZKPJwF5XMmWOTin7OeGEkyrzEn3oXkGL6SKJWxzEAHritvwBw9p5vUn1Je3UDJjNd+rVUI5Z5W0t5zqYSKexu1VfxVsxU9OVOlTEe/udktSvkzVt9QgsoLkxWkCIgx0FQZ5jzg7KOg8q53j6nsj1sLVKOHIylxoVxIhM0xB8hsBTFlwXPMxeRyI/wBdbAXVv2yqGWRuuxyBVkJ0bGPm8qj6zUjsit9NoVXlnOb/AIRnhH9zsM+TeNWnCVzc6Y5t5EfnBxvWwndGXvH2zVFLcFZ5Bjmx0PiKnx5VY6ZFasqdvU8Snsa+21Euq85AY0tr8J8+V9z1rGxXsiZGFHr5U7Jesw7wLnGxB61m8Dc2SuljBaXV/gkqDn9VNWsvOWyS8YHMA3nVN9In7rAEEbd6pq3HJZM5xznPLjzq7w8IxyrZZv8A4UWsd7xdJO+cW8Zcb7cx8Pvrttcc+Fq/QLq17UYlnzzZ8z0FdjHSsk3mQsotYyKB2pQpulKahFTQqhRc1HU5IFL1pdNiljOKlMgFCjFCmRBwm8t4J41ZhKsw37RG5dhsM1j9dgnMks5jeKdWMUbg8yyDGengcZ3rdxSsIwnyNy4LeIzVfdNFLci1lEjIibmQBVGBjmB8TvXmaM9LMGDB6Tq4SNsC4/Gycqty5YALuB69asdOcXEVxd4Qdu/dC74VdhVtLw7a32Fgk+iBDzAxrk5x70V3pMtlbosUY7FFABQ5GPXyroU5wm8rY7fQYUncaqj4Kp1yazus25Dlz0rRoHySRkVUaz+MYRg4Nb4c7Hvq2JwyjKz9arZdn+urW9QxylT4VU3OebbrWhI4ldYRMVsqtS4SVUVAgPNH13Fa7hHR49TXtp5FESHHIOrH91LLCL6HnZGsrdj3ipovpDW12T4g1u59OiWLuKAB5VmNZ0d5CZ7fc47y/tqttnQlT8uYllol8btsYORV48ZFYnhuZre85TsehBrdo6umaUaDbW5TXkZR+bFT9PnOBR3EfODtUW0PZy8p6VHBbyi6PZTpiQDNVtxZW0ZLggVG1G++jA8oNZy81Ke6YRx8xydgKkrzpZMuZ2urkW1r4/M3kKauuF2CNIblB44IO9XmiaYtlbh5/wCPbdj5elKvpO1PINlo4G06+Tms0ZVn23XNdh0e3WHSrGNQe5Co39qy9joluLjLKZS56HwrXs+LlgnyL3V9q5/UJ5wjx30jpeGoozvGumNqGnPyKDLbhpl9sbj665fBkSAgV3BgDKScMPzWGQa5VxHo8mlXpOM20jExuP6p9RTWVbZwZl6PeKP9ObLzRXDRLvV4DnpWI07WIbOEKUaRx4Dahea5c3o5RiGL81PH3Nb1BtnranVaNGns8s6FY3GbdkO6lsK3UA+NOOqGZV5QmF+bxamdBgCaBYjHf5MkeZNNzvzyAxc/KCSCFyVwfE1yLunpqPJ8/wCq1XXrupjGQ5kCFg3zeFK4dOeO+G1iCl1voiSWOylxnagAHAbn5ub9VMaOI7XjzhqSENzNqFvCWXowMqnei0WaiwctcnR1uB50v6Rgdao1uef5evnTqyY3JyfOvYZNxbdsx3DYFE14IY2Z2AA3JNVv0j1qg13UDM3YxnuDqfM1VUqaFkeKzsI1rVJNRuMknsl2UVVyNtjxoncKnrTW+CTXJqVHOWcl8VgS5wD7VBsBzXDt4Cpc5xG3tTOmLyxMx6mqGPEpuJrr6OmfNgDVrokiy6cm5AxzD1rO8XNnlz0yavdLxDokPmEq2LUY5He+w+rF7lWIBJPlV5HL3dwfKqDS1LyMcEjyNXkQ5RVijlCMfyrLmiEQdSGAKmkcjP0O1OwPjunrVenDwwKG6tW0q/FxD/Ese+vpV8jLJysu6sOtKuYVuImRgMYqFpuYua3fqu6+oqiqsbotTyVvFtkbrTX5fmTvCuWzAB/LFdruUDwurbgjFcU1kC2vrmHB7jEVotJNpxHU8IjvIQ55TT1nDLe3CRIMux+yoNqGml5UBJPQV0bhXRRYxfSLkfjnGw8hWirNU18Q1Nlro2mrZWaxxL+kx8TUmVorYgyNueg8TTnbsQQi4ArPXBeTUXYktg49qwaZTeWQoky6VrmZR4eA8qs7e3CIFxsKRaQggE53qxWMsmU2xV6iQ2UOqykuy5o9LfnVo/bepF9ZSNIWC5z50m3sypjKuAR1ApopIiTWCzWPAyOnlSo258jGcGmmcgBACSPGnk7kXkTS1ZJrBUluR7pwSEHvUUWkct/FOR+NjBAPvTueZyx+qgXKMDjpvTUJOM1giSyHMNyPKmXHdzSJLxO0Ods01NdKB1FdPJURdWh7a3IHzCvVF5/KZv02++vK01zHjdgK9U3h/uqb9M/fWW79KLqHqYzvQo80Vc80hUKMUVBIZoCk0OlAB5os0VCgBWaPakUM0AK9qGcUVCgCPqVol/Yy27nHOpAYfknwNcf1OWbT7uWyvlKXEbYViMCQeYrtFZXj/hccQ6aDb4W+hyY2/OH5tW0pLOJCtuO6PPGuadENWa5Copc5JFWdkkf0ZZIye7t3euaq9UMtrLLZ3gxNGeQhj0PlUXRXk7fkZnwDjA8a7Lg5xz7HPhXjCo8Lkc4g1K+hOIJGJz471k7zVNQu3AnmfbwG1be/04TSDnlC7E4I3ql1fRo4AOzmLMRkqRjFWUZU1s+Sm7jXlupPHzG9DklhKAnm5ulaiG5lyObr51mdLQQyqJX29a08FxGcYxy461TXWZZSOjYyxDDYck7OmBnJ23pi4GMAECTGSD0anDcoJOYhWXpjHjUO81Fo4GDImPDfH/8ADVcYvOEW1qqS1NiLiZFgftGOMbYBFVFlddlIRzk/m75qBd3xkLIHITPQnamraRVfLNnbqa2wpYW5wa17qmtPY0aX7GORZmJU7AmrDQAdVvIQVxbxNnHmfOsraiXULgRQ55VO7V03huwjs4AgG53PvWe4cacduTZZqdxPf0o12nTmC4jkXqhBFdltJlmt45F6OAa4fA/4zrXROFNcU28VpMDlBhWHl7VyW8PJ2a9NtZRsqOmY3DqCpyD40sZNCkYhYpWabFKFMRgcHSjBpIpVMnkQWDQpINKp0QcHS7hMbFAXZf4wpknOeh8qev1URNNyq/Z5KBhviodpLG6Rizk5Q5JbDbsx65qRY3kD38towMU0RaNstsSPEenrXllBrzI5vyIVpcRBm+hswVCS/wBIHyHl7xHp5UYSRrkSxSGVGGQebC49Kdk0sduQJTEokLk55iTjf2FSzySR8kXiNuUYGKuU8bosUnHdFXPGg5pJly77nEmcDPnWFa6judQnxG7RI5UMu5IHjXQtUjjt7GeeRPkQ9mB1LYwAfrNZLSrf8HWyK3z4BY+tdGwTnmTO302+rw75RjtXwbiRkVuXO3MMGqYJ2k2K1Osyh7iVtjk03wnpUWpfhJ5QcRxhUI/ONdRLSjt0a0rmppwUFpCXuORBzFjgAeJq50G9l0zUwj8yqW5WU7EGrHh/RFeftp5AjQv8g+YmlcZWLw30d4B+Ll6sPzhSOWTq07eVNZN6HEluGHQiq0sMkUXD9wLnTIj4hcUxcsY5iKRnQgs7lBqSfQ9YRxsj71rrOQPCChyMVntYtzdW4ZR+MTcVJ4eu27Ls5RgjaoF04lgve0HQ1Gmi5SWFKlPeyKjXU55MCo4RYkMTxrcLyt1qVpmmxWv4wIOfzNN2EJY87VLubkRLsRQtwcU2C7uO7yjrUGMEvmkhy5LnxpyDY5pWsvAyjgsdP5UuEYjODUxrmMSFARzHp603pDKJXPLk8pxUqSCKZuflx4HAxXLvn/UweG+k1TNaMfZDIlQhlJXnXqTVRxLYjUtHntQMSgcyH+cKs3iVeUgEox7mR1pu4QPJ2c2BIduVfEeR8qzUp6ZpnmItxkmjiwYq+DnPSpcALDA8ak8XWP0LiK4jjVVR8SqEOQARWk4K4aN3Et7ehhADmNPz8eJ9K9PTkpRTOtGWtG30yECziizgCML+qq+9doomilReyCE8ydcg/LgedXEY7Jh5VU6kIBqbxvKOWZS0SscDI+YZ+usF7TzHUZr2GY6hu/LRJlFUCVhjH6ulVlncSJx9wmkiFoX1e1CMrd0HtV6+ZqYqr9DjEqciLGQA57y43JJ9qiaBEbnifhGe47SJY9WtezQruczLy58hgVks44qJs5cV5jTWk4lhjdWyGUGpSTMPEGs3w3fdtZCKQcs8H4t19RVhdXnIhCkc33V6iclFZZtxkk6lqHZRlI/nb9VUvNtknJ603LlzzZyaYeTJwOlcqtV8Rl8Y4HWbmPMfqpXNtTHNgYzR7nxrPkdB3G8TD0pUA5LcUhh3CPOhI/JFgnwpfmMsmT4qlUOgbwyal6bqBuLVYV8AMe1VHGcgEYIO5yM1I4GtGjtVuLhwWcdwHwFXaFoyyXLc2dgnYxjzNWADsCCMDzqFbkbnOamJKQNv11NPKRDRJi7uB4DpSuTMgIpuMkkedPDA5cmiWXyAvPL4dKganG7IJ7faVN/ceVTubJ2oOvdNLJZGi8FfZX0d9akrs42ZfEGuT8bRhNblJXHab1tr6VtN1b6RFns2OJFHiKrdY0pdZ1izMe8fPzMf5vWloNQn8x3uhjgXh7lAvrlBuPxan761tyMMMVZW9oFUBdlAwB5UZs1MgLHOPCmm9bywTUStVMRknwGar7CyaaYyvspOa0MyRqhXl36YpqNeQbAe1Q/ZEOZIES9lygAe1HGAicpzijjfINBS2dv11bGLwVthMpxykdfOoVpH3mU9QdqsbhwY85piJMEMThvGiSxsQmNKnNK+3Q03dOFQ+u1Pk4BPix3NU9xMbu67KP5FOCazPd7Dr4jsXfbmGyijmUiN2HzYp9YwgAHhSWwW88VZTFbMFd6y7NIHtZQAeuMVCk1kEBWEo9T4V3Ww+jzWURaGJjjG6Ck3VjpvK0ktnblQMtmMdK78XSa9JkxPOzOCy6zFyMMMSDtmvbt3/K5/02++vNS2mkfR5rybTYH+kuSvd2RBsP316Vuv5XP+m331j6hGKjHSaLXVqeoZ8aPaios1yDaHmios0KkA80VCiJoAOiNFmhmgA80M0WaLPWoJwKBoc1U+tcSaPoik6pqNvbkDPIXBc+yjeuacQ/G6xty0eiafJct0Etx3F+pRuavp29Sp6UUVLinSXmZ2QEnpWb4h444c0CTk1TVLeOX/ALJDzt9g6V5x4l+J3EWsK6TXzQQn/FW34tfrxuayOjWUuva1FbGRvxhy79SB41vp9NwtVRnPl1PVLTRWWd+4q0vQviHbTanwnfW817bAdsgBUt5ZB3864jetLZ3jKyyJKhwyHY58q7zwRpVhocCQWEKxj8pzuzHzJrK/EHh231bXb1k/EXPZRzK46N1BzU21zGM3TfpGurOcoKa9RhV4gVrZIhy7DBLDcVXavqPb8rIe7ioWpaVdWDnnRsg4yB+uqh5HOQScV040oN5icyd1XS0TJRuzzDOSPep8OqFBlm67Yz4VQFjnaiyTVrpJlMLipHhl2+rOHOGLL4Z2qLdahJcFsnANQPEZNSYLWWdhyrgHxaoUIxWQdWrV2yNg5HrVjp2nTXLrzoQnX3qx07SYlYMxLNnxrVabaiP5gp8qoq3KitjdadLc3mfAjRtLECoqZXfLYrW2uEjCgYxVfbBUwfGpitvXJqVHN5Z6ijRjSjiJYwvVnpfPc6nZpGSDE4kZh+SB5+9UlsJbiYQ2680p+wDzNbLSrZNMg5VPPI27uepP7qzT2HnLbY2cF/8AR+8o5geozilaXxNZ3uovp8ge2vVHMIpcd8eanoayz3wVfmrnfH2qGXWtPjsWkF2ik80fUHO2/wBtRQi5PSYa0Uo57noG/wBSstOjV9Qu4LVGOAZnCgn66etrq3ugTbTxTAeMbhvuryvxVw9xHqkE+r397NeNEmeVm5+VR7dPsrGaRrd1YyrLa3M1vIu4eJyproU7NTj5ZZZyq146M9M44TPcg6ClZrzlwp8aNWshHFq0UepQDq+eSUD36H6665w18RuHNeCpBei2uD/ibn8Wc+h6H7aplQnDlFsK8KnDNkOlLFNKwIBBBB6EUtTScclp5sisOwu+0ik5Fcs7nO48hnx8sUm3WS31aSYq0KyGPmiclsk58aqtH1GKcrBcW9wyQDt4d+uGHM5GfL7Ks9S1DTo7xPwhPNJOcyRlQSgGdiceNcd05QeGc9Ra5Li91AxuOykjEbKzu3MGIGP+dqrbBu0uZYo3Ek3MT2fMRgbZ+/NVV7rtvJDmC1WaCQ5Z+hY7jGPrBq60a3a1zqF7c/SLpk5WDEcqjAwB67VSoaFuOiVdN9OuYbaMgpEeaQAHAI6Comt6a6x88fSrvhc/SZbi5cZaRz9Q8BVvfWSXGVHdzXbtqSp01g6tulCJwbVQUlkU9c71peA41j0pyhHPI5Zvupv4i6V+DbtJB8k6kj3Gxovh+T9FkjbqG5vtq6pwd/pH2wetu1lrwkGySIG28fCrq5hj1fSWi2LFcqfJhTXEtktzBE/R4mz7g+FRtEuOwfsXPtVC2PS88jHBszIksLjBRsYq51CAs3MKqpkNpxCzx4EVwOfbwPjV+WEsYpuR47FMXCbNUbKRz88e2etWV3aFySuar2tWB6UrGzksFn5kzTQUyv6UxHG8Y36Ume/jtkPM2DQS2kslhNOtvHjOKqHna4m7vy5qGkk+pS5XIjB61cW9ssUY86BYvIpBgYqXGmwqGrfjAKnxg4GKhLfI7JMM8tpazyWwDShccuMlh4gUuy1mO7AQLySAbjyGOtQ72G5mtStsGUkMCy+eNh9tUFvoesMU7eJiiH5Q4XI8d/Laubc04zk22fPfpDJSun8Da5FwcjBC/YKO8i7GeOeKMu4weoAORvk+dQdNj1WON1uRHIp7yEOMBRsFHj9dQuLL76BpUsiuVZ07FUAzlid96yU6LdRRR5+KblgyTW54i4tlbdrZWAZv5o2/Wc11GFEit1SMBVUYAGwArI8Iab9AsIy4xLJ339PIVpLiYLH1wa9HGOlJHZpwUI4Gp71ULA9BVHtNKLuYyCJZsIUQEEkY3J6AVG1a8dnMUI5pGOFA86trbTYY4Iklgjd0AyzDOW8/esd7VUY6fcxXtVKOkjTW5hvQ3KfowPaOm2Wb7wKqtEuLh+OOExeSku+r2x5AuBntlx71o7iOJny45nPn1FSOHbC1vOLOH2mTmktr+B4zndSJFP7BWK1qpTjk5iayjJ3bfg3U471M9jNhJvL0NWs5HNzA9xt81Fu4kubSSGQ91hjNUY1tbPh8c7B5RlE/nY8a9JWjrjpN8DQlx0BpmRd8r0qo0PVkv7cHIEi7MvlV0jAjHnXGn5Hg0IZznNAGlyx43FNmoyiR3wz5VD1CcBcKadeXlU5JFUOpXqIWYkU0VkZGc4um7SWKIHPtVppk81tBFbuCTyjBrOyTG91RHYbc4A9s1skjAlXPXwrQ3hKIi5LrTGMeAzd1vvq2jOV8GPvVHaPlDH4jcVZ2kmUBPd9fOoRJYRzcp3607LLzHNQpT+b1FGj7b0kgJAkIzvS1uTykGo4YYpvm64pM4JRR6kwe5cEbdKt+GbMojud16L6VS3H8qYDxNa/SE5LKPPU70uMvA0WTEXzpqQjJxtTx86ZmIx61aDGGiBwSTzHeozbHGc5qaD3ceVQpOcvhACtWRwkIPQgALTrHvb9ah9v2QI2qO15lxk4qdawRgsMrkjPsaavrhIIWLEd0bmodxdrFC0jfxajJPlVPqNzHfrHbQyHE25Yfmiq5S1PI6Q7PqL3RFvaZJI7zeCip1nCltGFHzHqTTVrFDZQciAAedHG/aPn8mqGhnuSpJMDbqelF8uwplDzyk52XYU4xq1PAjLvSLqKKyYzMFCnxNUev8T86SW9mp5WBBc+VVOrTciRkseXmPSszLdq8rF2JHnW6nWclpRfQt014kuC5tNWl0+1xMgmtHOAhO49q9YXhxeT7/wCMb768OajeuV5efC+Wa9rX85F/dDHSVvvNVXU5aFqHdOKnmPcf5qGaiCfbJzSu3ztvmsOpDaGSCaGaYMoHzHBPnUGXWdOiieWS9twiHDHtBsfKpj5nsQ8Is2bAP21ldR+IPC2nvItxrVrzxtyssZLnP1CuZfF34nrNbNovDs0i9pkXFyO73fzF9/E1w95CTjoBXUtuneJHVUeDkXfU1Slop7npu7+NHCsJIja9uMfmRYB+01mNU+Ox5mGl6QgX8lriXJ+wfvrhHN60ksfOt0enUY9jny6pXlsjq138buJnJ7BbCIHwEOcfaazx+JnGDStK+uXGD+Sqqo+zFYgEk9aNm3xk1fG1pR4iZ5XdaXMiXc3s9zO800rPK55mdjlmPqaZaVj1JNME7UXNWhJLgzvU3uCV/Ctj8LkQ6jPIT3wuPqrEvknbxrq/AmiLa2i3dsjs0qgPznB+oVmvJKNPD7nR6dTcqqa7HQ9PuShGCdqLiYNJDFfQDmeIESKOpQ9fs61XRSdmetWkE4aPB3FcDGl5PTvdGF1dY5lDKQysNqx19plu7khApHlXSNX4feQtLp7gZyTE2w+ryrD6rHNZyst3DJCw/PGx9j0rpUKn9rMNzTjL1ozNxpYDZXf0FQpLJ1Iwhq5nuAW7rCmxcoSOYgVuU5JHKnRot4yQ7S0Ut3lwaubS3CuAQWHQUzFcRbHmXapsd7CMd4fVvVNSUmbLenSjwy3tYVVAuBgCrGFsDwqtsUu7sgWlpPLnx5MD7TWisuHrx8fSpI4F8Qp5m/dWGbS5Z16c1jZDMco2yQKu9M024vRzMDBB+e43PsKm2GmWVkVdY+0lH5cm5qz7ckisk554LtbH7SOCwh7O3XGfmY7lvejkuO7nNRmfaq6/vVhTcMWzgKoySaqUWyuTH9QujyYXr6VTpbWk+qR9oywqB+MbmwTnpv4U+1wIYuZ/4xuinY1EtY0N3yzgSc5y3MOtXwWCuW+xM4S1+xvuI5bHRLS5mtIwRLdYPZ48Rv1zXJOP9Nj0XjLU7K3UiFJOaMeSsOYD9dehdIhjhVUtwqJnJVRgVxj45xdlx2z42lto2z54yK1WM14umOyOV1Wm3QUpbvJiIpsHqRUqO7YYBOfWq0MKVnyrsuKZ5xTkjovBvxH1vhudBb3RntB81rMeZGHp4j6q6fcfH/T4iqjQ7kkqDnt1Az9lebg52INKuZS6q3iKzytacnujVC9qRWEdbjEQIkQctyAY15FwWLDG7DwxUq+jcadJKsYa9WBedEzkEDb7R4U3Yym1vkmDEL0byIrcafHo8Immu45ZpXUckUZKqwPUswH6q8/dUFCotPDN1GopI5ZwxBd3PYy3Mb20UM/PGGX52xhsjwGK0Gr38bI0NoQ4QZdm25MDYAePvW91LTbaTS1v7O2lhhLgNDMOYYIPeVvEVkOLPo40bm7MLOZI1U4367/qrNOD8VKRohvJJltwsRHZIBnpmtCH8TWc4ekUQKB0xVtc3ARCQa6OcbHZhDKwZ/jO1h1JrdZAG7FiyqfEkViOESYNQuInznOPrFaTULx5rw4PdFZ6dha67NJnZwrCq9WWersrdUqcZLk1GoYNucisnrDiGSKdNmU4PtWqjYXdsN+oqm1TSmkiYDO9Q0dTthECa/WaONw261YWepZArIzW09s5jdWwKlWjyDAANGyFjUecNGyS/XO5pclzFy5C1Q29tI55mOPSivrwQxlF+ajJdldwanqiqSqdarLSzm1GXmckRZ3PnUrTtL+kv212Tg7ha0kKxxJhAAB5UJCJOTy+Bi0txBGFUYUdKXMTy4Ub0U8/L0ppJiT0qcpFyQ7bR97LVPUDAqPbqCcmpaL3qOws3gnLJGtkqvKIl5+ZmPiPKl/TI1QFl5eY4VW2J9qptS1GJRHbfiF73I8jAkxvjIz9VNPYapPHJlLPss/i5gAJG26g/ZtXFqx1Sbex8x6tJTuZMsp7iRDzLEHhwflOCD5etZyZTrWrW5ZXFtajmZGHzSnr9gqReXOo2ywO8f41jysdlHN5YHtnarXR7VuUyS7u7FmJ8Sa1WVHfWZrWkpSyS4ouVcn9dVWqXRQEZ2q6vD2cJx5Vj9RL3VylvH8znf0Hia6kmorUzoVZKMW2PaFCZbp710DkZWME9D4mtL2zyW7syAMm/uKpo5bHSgRusgZY/UsdhgVMVpzJKkagdoBh+YYB9R1rz9xN1Z57HBqy8SWokxsJowpyBny6VZ8LLjinSuTkHLeQg+fziqh5TGG7TKuvQdM4qdwg4k4o0x4g4iN9ATzDq3OM7/8APWq6T86x7orXKOPi+1hLTk1CQJFjd1HePpWbvrszOFU4jXZRnoKsOKdVE0phhbMa9cHxrPLJk17CUjowWC30u7ks51kjbB8QfEVv9M1SO6gVkIDeIzuK5Z24UjFO2+oy28geFypH66xVqPifM0ZR1v6auNzUa5uwO8n2VjrTiGO4QK55JPWnReTTuI7ZWkY9AKyKhLIJlnqGs8sZGy4G5NZW6vXvJDjPJSeIEmguBDORz4BIHhTWkLz3CBhtmr1BJDFlpOnFpVllyADkDzrWyoeVWAqEVVcYHhtirGIh4BnyqhybeWKFG5XBBwatrdw2P2+NUhJTY1MtZAirzHJ8qtTWCMlo0mMkmgJfLpUcMHA3oxsfCqiSUJM+NKDVHSjQ4brUEkOeIC996v7W8VVVc4xtVXEokv1LdFXNTZLcOvPGwBHgaTGWNHCLTt1ZNiKjCXLbnbNVL3LxMEZcGnEucIT1qY+4S5LCaUrH3T1pIbCjPXrTAmQqOYjPlmkidWkPeBHpvWhbrIncTcYySepqDLGSuRUmeQGQ49qYeVQMHpSskrrqQy209s5xzoVBqDwvZNaW/aTPzS4wWPgB4VX8Tat9DuI44hzSyHu1OS6b6NFCD3yO+RRJNR+YZLNpzPKQPkH66nZKRhR1NV9hHgAmrBmAGT18Ko75G7Cl7oxmlOxVWamFfJpUp7gAPWmXIpW66hbR5CBzOu4rn9/MzQYRseddPlQSQNGfEYrn/EWlm0kGcKWGQM9a2W61LBfRraPK+DPQwT3TgHIUn5j0r3VqC/8ASF0f/wBr/ea8NS6lcRRdg45VGwJG4r3Frk62st/O/wAsbOxHsTU3kfLHHuNTl537CCyLtIwX6+tQpZrySflgj7CEdZHGSfYVyOz4wmn4006bUHCi5R4ABsqBj3B9oFdYSftYvqrHUoujjPcanWVVvHYa1VnLg8x6ZFecPita/QONbh4SUjuVWchTgEkYP6xXoLUZxzFnO9cF+M80EmtWDQsTL2LK+/hzbVt6b9rjBh6ov6GUzn8krM7EkknzpstRtSSK9GeWxkHMaIscUKSTUkpClO1FmjHSk0bAGaI0KS/SowMiXpBjGowvPIY4YzzswGTt4D1rR6lxtqUpKae30OEDlHLu5Hq37qykGyE0GOTk0kqcZvMi2NecFpi8F5o3Et9Y36zS3E08ZP4xHYnmHpnxrrmj6nDf2kdxaSB42GSB1X0NcFzirDR9Vu9Kulns5Cp/KXPdYeRFZ7i0jUWY7M12l9Ki8S3TPQUU23ezS5uznjKyorofyWGRWC0fj6wuVVL9WtZvE/Mh+vwrW2l7BdRrJbTJIh6FWBrjyozpvdYO7TuKdZbPI3LoOiyMWk062Y/oY+6oLcLaEZOYaXB7ZOPvq55s7NTnLkDypfFlHuP4UHzEp4OHNFRsrpdt9a5q2tLG0th/c9pBEB+ZGBTqKB4U8Om1JKcnyx4wjHhBElhtSlTJzRggUVxcw20ZeaRI08S7ACkSb4LNSS3FqBRMypkk4A8ax2s8f6XZl47Znu5RtiMd0H1Nc+17jLU9VBjMgt7c/kREjPueta6VlUqcrCMFfqNGlsnlnReJeNbHTFeKBxcXQ25EOw9zXK9U4j1LULntprl1P5KxkqF9sVUl85pB3rr0LSFFHDuL6pWfOEajTeNdUtOVZnS7Rdh2wyw+urNPiFcK6t9AgwDvhzk1gCQp3IFAzqOmTTStqUuUJG7rxWIyPQHBXxF0m+uI7W857Kdzhe0PcJ8uasz/AAgoinFGnzE9yS0AU+zH99clW7I2Cj66tde1281XS9NgvZ2l+hho42J3CHBwaywtFSq64cGqd5OvRdOpyQucL1IFJNyg6ZNQgaOtuo5vhIlfSm/JAHvSGldurH2pkU9FBK5GI2I88UJSk8IlQXZHcbq2a0doWg7PA2XnOc+dajhTjSFoEtbrhy0nbdRIHK85U43AGCaxfaZBBYk+ZOTW00uKC10uBIkSMEc+w/KPUn1rz1/VdrTUVuyy1q5beB+4muJpL4x3NzBa3ZBa0hkPZR4/M8qyXEonxbRXHaK6zcqITkcoHze+4rRTyKkTMu2Dg46Cs1r84ub+wjGQ0YYtvnriudaXE5z8507eTlNGh0VuSJR6VK1CcKhqDp5KximdUnzG2OuK6cj0ltBzmolXMfxm1ZXW5Wj1SQE57oxWmjPOUPn1ql4usyksd0vRlCN7+FVJbnrpx00sLsTtB1A8qqTWmWZJUGcVzOyuDGRyk5rS2GptgB6nuPRqKSwy9vLSKRckCoDWMMe4UCnnv0aPrUC61IAYzvRsXvC5DuZeVCI+tQLPT+eXtZsnfODQhuVkfJNS2vkRcCkZKcZblgiqi52FNPKzbIKqX1HmkwDgVa2c8bYyRTDxmmBLd3bDGpK2/JjankdT8tKZydqlRQ2QRACpUK8oJ++m449qa1SUW+nS/jDHI+ERgM4JNLUeImS7qqnSlJ9iLeS20jyXckaYYKCp7veXod+vXr9VV73EpVRJI0l6y4SDkIGCegOds9aZs2tQs8NjcC7uJE3W5UuyEHcL6HrTgs5YppSJopZHCgRrlmjPqScge1cxU8v3PltWTqTb9yfZKmpXMRhkJSLuSKQThgfAn661cMQhi3GABUfQtPSztV5kCs3eOPM0NZu1itm5SM11aNNQjg6NCn4ccFNrV+FD74AFRNAnt7BWvL0/jpe6EPUKfvzUSysrjXbuVowfo0A7zfnN4CtLarJKrQTrG0kSfMRkc2Rj9VYr64WNCMN7Wz5EQtQls/pMclynySqmUBJ5h8uV8QKf7CJHllSQLLKuPl5QD7VJuLSRSzLJyq/Xb5T70yLMSyM3PzHG+2BkVylJNJI5rl2INzHcEdoUxdZDIruSoztltunpV1weJF4o0Zborz/SbcmSMgKx7QbBfLoM1BMLwxyS9q7lpM4yPHqcVL4eEj8V8OSJiIrexIwYAlh2i1bS3mvmMsZPNMj8zZammfl2o2O3nTLg75r1Z0eAmk3pPOSP20y4PN5CpWl2Mt/cpDCDljU6SNWOC34W0l9Uv1DgiBCC7D7q7DaQWVtGqwx9ngY2ArP6XZw6PpnKNlUZZvM1ldX44uBMY9PVQgOAxGSahrPAN92McYydprtwwOQGwKVoUIcNJ4qcAVU3dw9zOZZTl33J9a0PD8eLN28S1YqssIuXBcq3NEpA3qZbSY7uar4N1ZM79RS+cxlX+o1lfOCSzkUOvmaZVHG2aOK4BFKa6ij6mpy0QKjklTrvUqOcnBNV0uoRDxFQ5NUjDAA1OGyctmjEwK9d6NZwNqzA1dfOg2rqATmp0sntg19iwkkc56ACp++AM7VlNC1NXWR+bqaukvlI61mnqTY6WwWpkoc5zUGO62GDTl9OJcAEZxVNO7xS7fKatpPbBDZbOVk5io3HrTcdw6A8zYI226VVi5cjO4GdxTUk5Jcg9ytXKELRbzLkk1Hnvtj3qp5bsKuFOTUCWVipPNSYDIrUJI7zVrXIyyEmrq3Xvg53rIWMhbWAwydiK1tscEE9aiqnsiE0+xfW8gSPB60GlyBg71B7QhAciiaYKMk4FU/IdsnxyY6Gjkl5mXfxqmOpwJnL59BvTB1bL/i4jjzbanUGLk0Zk7hz0rOanosFzKJg7o6bglthSZNQuJPywo8lFRZGeReZmZseZzWq1TixJ4aIWsWstxyrJOk+Dt3Rn7RXoT4ncXL+HLnSbViE+kPFMwPU5IIrgSEc658DWh+JmqFeP9e3IaHVLgD2ErVu8BVWs9iidx4MX8Sl4guXin027TIdFVl9Crf8K9DaJqH0rTYZ1O0kYYH3FeddbKy2ki5BaGUkDx5G7wP6zXYfh1fi54UsCWyVi5T6EbVVfw/pxYdOqZqyj7l9rs4js5nY/KpNeatevm1HVZ7h2LDm5Vz5Cuv/ABD1dodMv40cA8vKMetcPY4GKu6ZS0x1Mq6vWy1BAzQzSM0ddY4grNJHeah4UaDbNQ0SLwKScUM0kmhCoBxTUh2xSiaQi88gFSWRH1OIUHjjekMTSn60g0ChCjFAUdBIYY07BczW780E0kTeaMRTFCoaT5JTa4NHZcZa3aKFW9MijwlUN+urFPiHq6jdLYkfzD++sZjejqp21N9i5XVZLCkzbJ8RdYUjuWpHlyH99Kf4kawR3YrRfYE/trDFgo3IFNtOo6ZNJ9Vpew6u6/aRr7rjnXbgY+mCIf8A6kArP3d/c3ZJu7iac5z+McmqxrhvyQBTZkZurGnjTpw9KElOrP1SJxkAAywFNtMnhk1GVWY4UFj5AZqTHp91J8sLD9Lb76tjGc35VkRUsjbXB8ABTRlc9WOKsk0WdvndE/WakpokQx2krt7bVojZV59sF0aL9ij60ACTgDJrTR6daxjaIE/zjmn1REGEVVHoMVfHpk/vSHVF92ZqK0uH+WF/rGPvqWdNnkjVWKLg53OaujQNXx6bTXLbHVFFXHpKD+MlY+wxT6WFun5HMfU1MpNXxtaMeIjqnFdhKRog7iKvsKOjoquSS2QxvGcLsetb+0glkjgUuOUovp4VzqQZmUDzrotq+FWSOQNHsQT5V8z63so4OVYrKYzJC0b55QcHJHUGs9qwR+IYQihR2PNnHzEt1NaaSeRpQP8AF5YNzjAxt0P11nVX6XxLckYKRBYwR44H/GufYRbqZO3ZxzULRG7OIH0qDcsZM+tT7sBF5ScCq+RQR3TkV1JM9r0igpz1sqLJyrmJjurVI1eD6Tp0kZ6jvD3FRZj9H1NW6JJ196uFYPHsBSo9HFak0c5iJSTfqKse17nNTev2htb9iowj94UmwIl7jdDTMwRjplpAb+QZAbam2vC3WnL3TJoyXRedPMVXEEHBqUkTOU09yWLsg7UtbjtDjJqJFA8rYUGraz0uRsFhvUSwiynqkCOMYzmptszhgFqTFprBdhSux7E4I3qs1xg0S4HZFyxqXZiSWUMfkqFZRS3E2OQ8g8TV3JJFaQZdgoAqUWt4HGfkXJqNcCSSGG4huord43PIZW5VZtsqT5YztWfveIJbotHpttJcEbFkHdH11YcG2Nzq0V6NTVJLEAL2RHV8/sFVXG0Ms4XW6sfq7jnDFLqOlaldw2H4oauw5o+Q57N8E8pYdfPx61b6HpVtJercCOLnRBzSqPmbxwfKoSaJY2F4UtYkEqgIrIvyLnIwfDrWghdLW3CKAoA8Ki2pLOtcHirelqeskX8qQIRzVh9YvJbu5W1gyS53x4Dzq01q+/FOQ2aY0SxltSbq5jbtGwxztyr4Vbc1lSj8S25rKnHHcvNLsvoVilqqhOXc/ktvuc073UC9lnlzuaiW+oJeSyr2jMzE8zeIPjUpGKxiNccuck58q87ObcsyOHJ75Yy1w30mSLP4uNhzjz/53pZuiJOTsGCZ+YDrmq24u7e0d3knjILbhTkn3xUW64it/wCLVJWfI5CTyjHpQoSk8pC87lpdZFyqbKvhjrmrXhQAcSaTlCxF3EMnw74rE3usTvhk7ONH2O2T+ul8KXN5Lxzw4JLiXk/CNvlM5B/GCr6NCTnHLwskxjvk4Uy7bU2fLxp7BwTST6V6nJ1PkRXTvVp+GLiKytmkQAzE4OfAVn3AzgeNSdPYpJjOx8KiTekhLzGwvtVk1SKK0GIgxCkjxqfaaFY2UJIt43YAnmbc1SaJbGfUFP5Ee5PrWsvH5LOUjcBSaVTbRLik0c1m3uHxsMnb660/Dn8hYH86sy2DISfE1puHD/czjI61krNtFyJpYxTBh9ftT0qg7jdTSLpOZdqbs7gEdlJkVTysivASSmNyrHA8KeMay7703dwkqCvUbg1GhuJIzhutTnUiCQ2nq25zTLabEDvn7amx3KsPWlFgSN6NTROSvbToT05h9dRptNwDyyMKuQARSHG9TraDJVwrJaRhMnHnTgvZVGzbVf8AYoyAOoPvTUthblD+LX6qo8RPkuWyKMarIHJY5xUmPWYX7sy7edNT6XbnPzA+9QJtPMYyr7etXeVoTVnkv45badPxci7+GaRPaNIMK4VTWUlKQkkSb/zaR+E5V2R3PuasUJPgXKNINLAJ/GUf4OhQEyybe+KzsV3fTt3WYDzqXHA3z3MjMffNDg1yw1dh68ktLJ1aMrnOO7vUmO+VsFFJ9ziqibT7i6nBSGTsx0yMVZ2+l3AA5uVB6nJ/VV6tZyWUmNGlUl6YklryVhjm5R6CmXbnOWJY+pzUpdPwO/IT7CnVtIl8Cfc1dDp9V87GiNlVfOxWEgdBS0V2+VWI9qs1RF+VVHsKOtEOnf3SLo2H90iEIZD1AHuaeij5FYMQQadNFWmnZ06byi5WVJcrIyLePmzgk+9PfFODtOOuJpYtwup3XNjwPatRVG+IV09v8SOKx1RtVu8qf6Zqv0JPynE67CFOMFFY5/wVKT80EEzHIIMEo/qmtb8Mdeaw1JtKuG/FTEmM56N4j66wk7DkcRHEbb4pK3MiSRTxMVljIIbyIpKtJVIOLOFQrunUU0dC+KiTdghjlIh7c9tHn5iQOUnzAwa5sa2HGurJq+m6ddRnHaLyyDP5Q8/rrG5KnBotIOFNRZZeyU6uUGaM+FF1oEgVpMYTHoKMnGKR45oyc0DCs0k9aFJPWgAm2FLtvympqQ09D3YfWgl8AbrRUTOoPeIpDToOmTUNkJNjmcCkk5NIQXE/8TC7foqTUmPR9Qm6x8g/nMB+qrIU5z9EWyyNOTI/MAdyKJp1HTJq1i4ck27adF/RBP7qmRaBaJu5kkPqcD9VaYdPuJdsfMsVBsznbt4ACgommOEDufJRmtfFp9pF8lvH7kZ++pAAAwAAPStMeky+/L8ixUEjIR6VeSdISo82IFSotAmO8sqL+iCa0ppJrRHpdGPOWWKlEqI9Ct1/jHkc/YKkxabaR/LAhP8AO7331Noq0RtqMPTFDKKXYQFVBhVCjyAxQNGaI1aMJNEaM0RqGSEaSaUaSaVgJNA0DQNKwCpNKpNQAKKjoqUDdY5XV2+QOoJ8smugrZGBZGtnZi3SI9Bjy8vOuX3kuL2yiPytMhb2DCupW93G7l1JWNzgYPn5V8z603qicyyWmGRDROlrHBI5ed1yHz0bw61S8KxFlnnlJaR3Ylj471Z6pcLFHcTYPLGhxk0nQ4hBpUYOx5dxWawjs5HdsMuTkys4j1e204q9yGKM3KAu5JNMQT212nPZzBh5dCPqqtvtObiDikxvIEsrCLtZD/PbZVHqcGhdaNZGX+5I54GXo5k3+0bV2YWrqR1I7lt1v6nLQ1lDmpNzcoddx0NO2khZAAc1Tas1/pEqx3oMsRGVLdftFHYa3YuQrs0LZ/KG321mqUakOUeltOr29d7PBZa3p/0y0I6SLup/ZWOUmCXDZBBrexyLPEGt5UlX+ac1T6vYQyt2jRlJPNfGkz7o21YKp54Mc0+dZohnrjpUj8HWc3eeJc+lUtjywSFeY49avLeRCNm60nctpvVHEhyDToU+RVAqYscaLuKbB8AaAj5j3jtU4Lkkh1ZMnCgYp4WsZ70gprt4bdcAb1T6trpiRuXbbahJsWc1BZfBY6nq9ppcBZ2UY2CjqTWLl1q3vbgXGt3LRWKnu20Zy8p9fIVI4R0q34t4gm/DF48FpCvNyx/PJv0B8K61Z2nCfDkI+i6fp8RA/jpwJJD7s2auVPHJ5256u3LFMzfB+OK4Ow0m1uNP02M4muCoXu/mr5k10aTSrG102O0tYRHBGuAoO/vnxPrVCOMEuECWMluYs45U6D/V8adueKYYYgBC7sPFjyj9tSqabw0ca6upXD/qMjvYQ2pZkXBPnvVNqNyoJ3xio2scQ3NwjGJo41/mj99YfWJppyC0zMScbtVjioox61FbGhjuLWW7ea6nQQw/kDcu3lireXWomixCjSKcA85wKwd00UWnRxW5BmDZyMbYxv79aYs766hcGRsgDGAetcura1LiWpJmZ9Pu7qWY02/wwv1NMdRmtEuBE6xR3Hewq5wd8nf1qPPfvJHCJpXfIxuciqU6jKI+RAAuMHO+RUdrmXYK3KBnAXbGash0yo+cI2UvozeT9eI/N/xkvSCV5ZQMBh16Go11cxRAsJAZEPMoU7k1TO7vu7Mx9TmmzWqHTEvVI6VH6KwX2tTPyX85LAahzRxtKWaVfyQO7v1q64H1KVuPOHezVVT8IW68pGcgyKKylXnAX/Xnh3/xK2/3q1phZUYPODd/wFlRpylpbaT5f/RzAqfEURXwwa3B0+2PzQp9lIbTbQneBaz+KjyWnsYflx4b05CCJV962R0iyO5iH1Gkpo9nzgiNv9ajxYkqMuxbaJa/RbNenM25p/VW5NPmPgVIpEUxjVUUbAUi5YXUDxPsD1xS+ImsIjQ8mNs7btpe90rQ6dEtvkL49ach0+KIHlY/XTyRBDnmOaxz1N/Au2xgcPTp1qvvI+R+dfH9VWYAIx40iWIOCDnFC2E0vsRLO9HyS9akyWok78eDnwqI1gpOA5H1U9brJB80w5R+dtTOK5QYY2YzETkYoJICRvUt7y25SJGD+gGagPKkjYtonJ+39QqYqT2wRpeSUG8jRmRQwJwB71CWy1SU9yMqvr3fvp+PQbpyDPNGv2savjZ1Z8IujbVp8RZPN/bqx5mDHGwG9RrrVRjEUZx5k1Jj0aFQO0kdvbapCafap/iVP6W/31dDpNRrzYRqj0+s+cIyst7cyvhM+yigllfT4JgkPq+331sFRUGEVVHkBiga2w6bFcsuj0xfekZhNBmc5kMaD3yakxaBbocuxY+gAq7NJNaY2dKPbJfGxox7ZIaWFtGO7GD7mnVRE+RVX2GKdNINXRpwh6VgvjThD0rARpBpZpBpxhJpJpRpJqBRNFR0VBAk0VGaKgVhVXfFEBviLxVj/vW6/wB81WNVXxNyPiTxX/4td/756hcnnPpBxT/H/BnUfClTSOYjI8DRHrmifcU55vA+JibQQ+AfmFEO8MN9RqOGp5TkYqMBLITgpSCc1NjtbmUAJBIw8+Xan00S7c5IRP0m/dmr4W9WfpiyYwk+xWg4FCr2Lh//ALW4+pF/aalxaHZJ8yvIf57H9mK1Q6ZXlysfj/BaqEnyZVnVepFLihnm/iYJZPUKcfbWzhtLeH+KgiQ+YUZp+tUOkf3y/JFit13Zjk0XUZiMxpEPN2/dU6Lh1yB291j0Ra0dFWqHS6Eecv8AH+CxUooqIeH7KP5xJIf5zY+6pkVjaw/xdvED58uT9tS6Sa0wt6VP0xSHUUgvCio6KriQjRUZoqgAqKjoqVkhGkmlGkmlYBUVHRUrASaI0ZojSsBJojRmiNQyQjSTSjSTSsBJoGgaBpWAVJpVJqABRUdFSgbIW30jVtP3wv0hA3sTW3INvLHazMpYEsp9h0rL2cZTUIARkiVTj2NaW5aS5urgIg543Hh0OM4zXzPq+8449jmWj8mBGvZlEDBzyzHs8DpjOTVpP+I08HOAF3qng5rvVooeUiO15h16sT1+zFWfFeYtEl5c5KEDHtTWlPRTXxPR2cNFPLKvQbCS0s5L2Vsyak4n5CNljGQg98ZP11NfTe0lV7WVoJM8xiPeQn2qbpqF7CyLHnjW3RRgeSgfsp+GMSTxmEjPQDqMV6KnFJJHOnLMmyBd2kN/FNa8QRtDHIMC4UZVW8CK5rxNw5c6TO3aBJbfP4u4iPMjD9h9DXoBZRBZEXEKOmMspXnB+0Vi9atNKuld9OuY7SVs88R3RvdfCmlFPkKdRxZxRHkicFGZCPFTip34Y1JFwLlpEHUOA1TNbs44L+WMcu2/d6VTXC9n3iHKDxQ4I9fX2rJKhF8nRpX1aHpkyW2uSFC7QRsR1wSKm2XE0Kx88tq5H81xWf7aIiSUSxuFw3dXBPuPA0qWe5u2UKjSqvyqkYAH2Cszt02dSl1e5TSi8mxh4qsyO9bzqfUil/2ZWCDBtbg+uRisathqE2cRCMfziBS14fmkx29wo/RBb91T9Widald9Vq+im/xWP3waG642sCpCWU2fWQVmNX143x/Fw9mvlmrCLQLVN3aSQ+pwKlx6faRY5LeP6xn76mNvGLyapWPU7lYqzUV/77fyZzRZtSmuhBp0ixOdzITgL6kmtna6LpSMJtf1O41S4G/ZRsRHn9tRgAowoAHkKKrHTTYUvo5TX2tRv5bfyXp16K1UR6dZpFEvyg7AfUKiXOu3UxJIjB9AaqzSTQqcTdT6PaU/uZ+Y9Ndzy/PIceQ2FRiSepzSjSafGDbCjTp+iKXyQk0RozRGgZiTRGjNEaBWEaSaUaSaBQqvOAv+vPDv/iVt/vVqjq84C/688O/+JW3+9Wgpr/ZS+TIQoAeNAHc48KPw3FcU+dbII9QKMfYOlJzliadjikkUcqM2/gM1CTeyLIxcnhCQN85o02qUljO35HLnzOKfj0x8YeRB7DNXwtK0+I/4L42leXESAcdKSzBN3IAHnVsmmQj53kb0zgfq3p6OxtYzlYEJ82GT9prTHplR+ppGqHTar9TSKFZ1ZiIleU+UalqcEF7Ljs7UqPORgP1VowABgbCiNaY9Lpr1PJpj0yH3pMoF0i8kP425SP0jXNOR6BbA5mkllb1OKujSa0wsqMOImiNjQj93PzIcWm2cPyW6f6Xe++pAUKuFAA8hSzSTWiMIx9KwXxhGPpWAjSDSzSDUksI0g0s0g0EMSaSaUaSagQQaSaUaSaCBJpBpZpBqBQjSDSzSDQQJNJNKNJNQKJoqOioIEmiq8TR4gAXkdvbanPoNvGNowffeujDpdaXOEcufVKMeMszwGelR/iHp9ze/EDieW1haSKTVLpkkHysDKxBB6EetadlVRhVAHoKjyVrh0eK3nL8jjdQuFeaVjGDDRcOXjbyNFGPU5P6qlxcORj+OuHb0UY/fWlemGrZDp1CPbJgVGKKuLRbGPH4nnPmzE1Mjgii/iokT9FQKeNJNa4UacPTFIsUUuAUmlUmrESChQoVIAoUKFQAKKjoqABSTSqSagAqKjoqgAjRUZoqgAqKjoqVkhGkmlGkmlYBUVHRUrASaI0ZojSsBJojRmiNQyQjSTSjSTSsBJoGgaBpWAVJpVJqABRUdFSgdFsmM2oRNjB5s4zsK0tzJkTSQvyyFA3N05uTw+ys7pQQ30edkz18vKtBqbxYjAlQLIcOoO4FfM76nrrRhFbGPptGpX8sE3v23FcN27yGScjvSMWBx4GpnECSXK21msZLyyKv1dSfsFKsuINMsIgpEkpAxiNP34qBqvFS3FxBJaWYjaEsQztnORjcD99dClSaxlbHtqfRr2cNMKb/Hb9y9hRbaJliVlUbAeVQhJGlwZmYoybhgSKzFxrt/KxIlEYIxhF/fVXLLJK3NK7OfNjmul4iSGo/Q66nvVnGP5v8Aj9ze3HFIteZo7tXkH+LZcqw91/bUG+400/UYTDqGgQzr+cSAfqI3rFmkmo8V9jrUPobaw+1m5fLC/n9yLrdlBe3xmsjJaxMN4iefB9Cd6hDRbbrK0sv6T/uq0NEarcmzr0eg2FD00k/nv+5DisLWI/i7eIHz5cmnzsKUaSag6UKUKaxBJL4CaSaVSTQSJNJNKNJNArEmk0o0moFEmkmlGkmgRhGk0o0mgViTRGjNEaBWJNEaM0RoFYRpJpRrrmhWdtFpNlJFbwpI0KMzKgBJKjcmnhDWzPWreEs4OWW+mX1xgw2k7jzCHH21oeFNGvtN4j0rUbuIJDaXcVw68wLFUcMQMeOBW7m8ahTVeqEe5incymnHGzMknD/KPx0+fRV/bTn4Ltk6hn/Sb91XU1Q5aWNnRjxE50LOhDiJCW3hjPciQeuKco260VaFFR2SNKio7JAoUKFSMChUyw0vUNQ/kFjdXPh+JiZ/uFTZeFdfhTnk0XUQo6n6M+36qjKEdSCeG0U1EaW6MjlXUqwOCCMEUg1I4RpNKNO2lnc3knZ2dvNO/wCbEhY/YKBW8bsjmkmra44f1m3j7S40jUYoxuWe2dR9pFVJqE8iqSlwwjSDSzSDQDCNINLNPx6feyoHjtLh0bcMsTEH9VAraXJDNJNSp7G7gjMk1rPGg6s8ZA+01FNQLlPgQaSaUamWekalfrzWOnXlyp8YYGf7hQK2luyvNINXNxw1rsCF59F1OJR1L2kij9YqndSrFWBDDYg+FRkVSUuGJNINLNINACTSTSjSTUCiaKjoqCDWnoKYkp89BTEle0R4giyVGkqTJUaSmAjPTDU+9MNUgJNJNKNJNAApNKrS/De90Ww4uspuJbYXFhnHe3WNvB2X8oDxH174xSTk4Rcks47AX3Anwo1rieKO8uSNN0191llUl5B5oniPUkDyzXXNJ+C3ClnGovI7u/k8TNMUBPoExXSYnSSNHiZWjYAqynII8CKbu7q3soGmvJ4reFeskrhFH1mvIV+qXNaXleley/8AclyikY5/hTwW8fIdEQDzWeUH7easdxT8C7CaF5eG72W2uAMiC5PPG3oGxlfrzXW9N1fTdUDnTNQs7wJ830eZZOX35Sam1TC+uaUvW/x3/cNKZ4h1rSr3RdSmsNTt3t7qE4dG+8HxB8xUCvSX8Inh2G94Yj1uNALuwdUdwN2iY4wfZiCPLJ8686WFpNf31vaWy889xIsUa+bMcAfaa9ZZXauaPiPb3KpLDwaLgPgfVeM71otPVYrWIjtrqT5I/T1b0H6q7jo3wQ4YtIl/CL3moS/lF5OzXPoFwR9prd8I6Ba8M8P2ml2SjkhTvvjBkc/Mx9Sf3VbSyJFG8krqkaAszMcAAdSTXnLvqtarNqk8R+HJYopcnPrr4OcFzRlY9Omt2P5cd1ISP9YkfqrmHxA+C95otrLf8OzyahaRgs8DqO2RfMY2f6gD6GvQOj67pWtCU6RqNre9kcP2Eofl98VY1TS6hc0JeaTfwZLimeDTRV1D498Jx8PcUJfWMYjsdSDSBVGAko+cDyByD9Z8q5fXrKFaNemqkeGVYwwq3vwy+Guo8Z3C3EvPaaMjYkuSN3x1WMHqfXoP1VqPhT8IZtW7HVuKI3g084eK0OVecebeKr+s+g6+i7aCG1t44LaJIYI1CpGihVUDoAB0Fcm/6oqeadHd+/sPGOeTmH9ozhL87Uv/ADA/+NZv4j/CXhvh7grVNV08330q2RWTtJgy5LqNxjyNd3rE/Gr/AAX69/RJ/vFrk295XlVinN4yv3GaWDx5VzwVpMWu8WaTplwXWC6uEjkMZAYKTvgnO+Kpq23wTh7f4o6CnlI7/wCrG7fsr09eThSlJdk/2K1ydp/tCcKf5VrH+3j/APhRf2g+E/8AKtY/28f/AMK63QryX164/vZbpRyT+0Fwn/lWsf7eP/4UiX4CcKLE7C61jIBP8fH/APCuvUi4/k8v6J+6p+u3H97DSjwCaSaUaSa9YyoSaBoGgaVgFSaVSagAUVHRUoHXJI0jHcRV9hioM/jVhPVfP415A+10Kcaa0wWF8CI1INLakGoNAk0g0s05ZWlxfXcVtZwyT3Ep5UjQZLGpIbSWWRjSTXZeG/gvJLCkvEN80LMMm3tcFl93ORn2B961A+D/AAv2fKRfE/ndvv8AdioycCt9JbClLSpOXyWx5vNEa7Hxd8GpbW2kueHLqS65Bk2s4HOR/NYYBPpgVx11KMysCrA4IIwQaDo2d/Qvoa6Es4590NmkmtJwVwlqPF2pm208KkUYDTXD/JGD95PgP/7XZ9O+CvD0EIF7c311L+U3OI1+oAZH2mjJlvus2tjLRVl5vZbnnKkmvQWvfBHS5rd20S+uba5A7q3BEkZPlsAR77+1cL1zSbzRNUn0/UoTDdQnDKeh8iD4g+dA1l1S2vsqjLddnyV5pJpRq44U4Z1PinU1stJgLt1klbZIl82Ph958KDXVqRpRc5vCRRmk16MtfgVoC20Yu9R1SS4CjnaJ40UnxwChIH1mue/GLgPS+C4tKbS572U3bSh/pLq2OXlxjlUfnGoOTb9btbmqqNNvL+BzM0k0o0ccbzSJHEjPI5CqqjJYnoAKDqMbNJruXBPwQF5pv0riu4urWaQAx21syhkH88kEZ9B08/AWfEXwU4c03h/U76C91dprW1lmQPLGVLKhIziPptQcWfXbONTw1LL42Wx54NEaM0RoOsxJojRmiNArCNdj0f8AvLYf5vH/AFRXHDXY9H/vLYf5vH/VFX0OWYL3hCpvGoU1TZvGoU1ajAiBNUOWpk1Q5aBkR260VG3WioJDUZIA6nbeu5cC/DCzsoI7ziBI7y7YBlgzzRR+/wCcf1e/WuGV1z4UcfR20A0fXrhY4Y1Jt7iQ4CgD5GP3fZ5VVV1afKc7qSrOlmi/n7nY4o0ijWOJFRFGAqjAA9qVXGOLfi3cNO9vw1GkcKnH0qZMs/qqnYD3z9VTfhZx3q+ta8dM1d0uVkjZ0lEaoykb78oAxj0rO6UktTOFLpteNJ1ZbfubrizhLTOJrR0vIVS5x+LuUXDofDfxHoa8163ptxo+q3On3gAnt3KNjofIj0Iwfrr1pXn744oi8bAoBzNaxl/fLD7gKehJ50mvo9xPW6Te2CF8MuDf7KdTkku+ZdMtsGUrsZGPRAfvPl716F07T7TTbVLbT7aK3gXokagD/ifWs38KtNXTeB9OAXElwpuXPmX3H/p5R9VXHFWrDQ+Hb/UuUM1vEWVT0LHZQfTJFJUk5ywZb64nc13BcZwkWtYj4g8A2PEdnLPaQx2+rqCySqOUSn81/PPn1H6qyHww4/1fU+KV07WbkXEN2G7M8ir2bgFtsAbEAjHtXZqhqVNlVSnVsaq33+B45nikgmkimRkljYqysMFSDgg01gk4AyTW++Nelrp3G0ssS8sd7Etxt05t1b9a5+utv8HeDNKTTbbXpZY7+8k3QY7tuR4YP5Y8z08PM6XUSjqPQ1L2EKCrNc/uVHw4+FrT9lqfE8RWLZorJti3kZPIfzft8j2uNFjjVI1VEUAKqjAAHgBRTSxwQvLM6xxIpZnY4CgdSTRxuskayIcowDA+YNZJScnlnmri4qXEtUzDfG7/AAd339JF/XFeZjXpn43f4O77+ki/rivMxrRR9J2+k/YP5/weiPhRwlww/D1lq1tAt/dSr35LkBjG4+ZQvRcHx6+tdMAAAAGAK8w/DTjyTg6S8jmhe6sp15hCrcuJR0OT0BGx+ryqRrPxd4ovZmNpPDp8XgkMSscepYE/ZiklSk5GSvYV6tV75Xuz0tWa4w4L0fiq0dL+2RLrH4u6jUCRD4b+I9DtWE+C/HWt8Q6xc6ZrMi3SJAZln7MKyEMoweUAEHm99q7BVTTgzn1KdS1qYzuvY8X8QaXPoms3mm3eO3tpDGxHRvIj0IwfrqtNbb4yXMV18R9ZeAgqrpGSPzljVW/WCPqrEmtieUmempSc4Rk+WhJpJpRpJoGE0VHRUEGtPQUxJT56CmJK9ojxBFkqNJUmSo0lMBGemGp96YapASaSaUaSaABSaVSaEB1P4ffFu54Y4euNMvrd74RL/cJLY5D+Yx/N8Rjfw6YxheKOJtV4nv2u9Yu3mbPcjG0cY8lXoPv86pqMAkgAEk7ACqIWtKnUdWMd2Tl8Gx+D8l3H8RtEFizh3m5ZAvjHglwfTAJ+qvXVcq+CXw/bhyzOsavHy6rdJhImG9vGd8H+cfHy6eddVryvVriFev5OFtktgsIwvxvuEg+GWrhyMydlGo8yZF/YCfqrhXwN09b/AOJOmlxzJbCS4I9VU8v/AKita/8AhGcUx3V3a8O2cgZbZu3uip25yMKv1Akn3HlVX/BrjDccXzn8jT3x7mSOujbQlQ6dOT5eX+ewr3kelK5j/CH1SXT+Afo8DlWvrlIHx15MFj/VA+uunVxb+E65Gh6Ingblz9i/8a4/ToqVzBP3Glwcz+CWqS6Z8RtLCORFdlraVfBgw2/9QU/VXrWvF3w/cpx3w6w/7xtx9siivaNbuuRSrRl7oiHBzH+ERpy3nw8kuuXv2NxHMD44Y8hH/rH2Vw/4RX+hWHGdrJxJbJLbt3YpZD3IJM912HQjw36Zz4V6P+LsQl+G2vqegt+b7GB/ZXjutXSV41rKm33f7ES2Z7zByMjpVDrnFOn6Rq+l6VLIJNR1CURxQKd1XxdvIDB9z9eOA8MfGXUtE4MfSng+lahDiO0uZDlUjx+UOpK7Y9OvTeh+Gd/d6t8WdGvdRuJLi6muS7ySHJJ5T/zisUekzhrlV4jnHxJ1HrqsT8av8F+vf0Sf7xa21Yn41f4L9e/ok/3i1zrX7aHzX7jPg8eV0j+D1D2vxOsXx/FQzP8A+gr/AO6ub11r+DND2nH93IRtFp8jfWXjH7TXrL54t5/IqXJ6frg/8Jix1LVr7h600uwvLxokmkZbeFpCOYoBnlB/NNd4oV5O2r+BUVRLOC1rJ4ZvOFuIbOMyXmharBGNy8tnIoH1kVSmvoBXO/iX8LdJ4us5p7SGKy1oAtHcxryiRvKQDqD59R+o9ij1dSlipHHxFcDyEaSalajZ3GnX1xZ3sTRXMEhjkjbqrA4IqKa6+c7oQSaBoGgahgFSaVSagAUVHRUoHXp6r5/GrCeq+fxryB9tpkRqQaW1INQXCTWj+H/FDcKcQJemJZbd17KdcDm5CeqnwI6+vSs4aQaCqvRhXpulUWU+T1TrXG+haTosGpz3iyQ3Cc8CRd55fYffnGPGsjoHxhstU1y2sJtLmtoriQRRzdsH7zHA5lwMDJ8zXA2JIAJJA2HpXR/gzwfNrGtw6xdIU06ykDqSP42UbgD0BwT9ntGDydboFhY206ldtvfDzj5JJd/meiK8wfGaxhsfiBqAt1CrMEnKjwZl732nJ+uvTssiRRPJKypGgLMzHAAHUk15L4/1teIeLtR1GLPYSPyxZ/MUBVP1gZ+uhHN+icJu5nNelR3/ADWP8noT4SaLHovA2ngIBPdoLqVvElxkfYvKKHxL43j4L0+1kW2F1d3TlY4y/KAFxzMT9Y+2tXYQi3sLaFRhY41QfUAK4Z/CQkJ1nR4vBbd2H1t/woMHT6cepdS/rbqTbf6s69wVxFDxTw7bapBGYu0yskROeRwcEZ8fP2Irnf8ACK0KOfRbPW4kAntpBBKwHWNs4z7N/WNTf4Oshbgy9QnZL98exjStH8XoRP8ADjW1YZ5Ylce6up/ZQNTX1DqyhT4Usfg/9M8/fDjge54z1KREmS3sbcg3EuQWAPQKviTg79B+o+neHNB07h3TI7DSbdYYF3J6s7fnMfE15N4P4kveFdch1KwbJXuyxE92VD1U/wDOxwa6P8RfjA2pWIsOFxLbxzRjt7lxyyDI3RfLHQt9nmQ7vW7C+vbiNOD/AKb/ACXvn3+H/Z38EEAggg7giuIfwnP5Pw7+lP8AdHXXeGhy8OaUo8LSIf8AoFci/hOfyfh39Kf7o6g890SOnqMI+2f2Zw3TrKfUb+3srRQ1xcSLFGpYKCxOAMnYV6e+GfwzseEokvL3kvNaI3mx3Ic9QgP9bqfTpXlrJU5UkEHIIrt/D3xsFnwaYtTgkutdgxFEfyJhjZ3PgR4+J28ziT1PXaN3WpxhbcPZpc/9e53nIyRkZG+KpuNv+pmvf+H3H+7asB8Bdav+If7I9S1WczXMs8Qz0CqFbCqPADPSt/xt/wBTNe/8PuP921QeLqWztbpUZPLTX+GeKDRGjNEak+msSaI0ZojQKwjXY9H/ALy2H+bx/wBUVxw12PR/7y2H+bx/1RV9DlmC94QqbxqFNU2bxqFNWowIgTVDlqZNUOWgZEdutFRt1oqCQUKFCgAV3j4P8HyaNaPq2ooUvrpOWONhvFH139TgewHvVR8Kfh+cw63rkXk9tbOPsdh9w+vyrsBIAJJAA3JNZq1XPlR57ql+pZoU/wAX/gTNIkMTyyuqRopZmY4CgdSa8ucb6yNf4nvtQTPYu/LED+Yowv2gZ+utr8VePl1PtNH0WXNkDiedT/HEfkr/ADfXx9uvLTTUaendmnpVm6KdWfL/AGPWegRiHQtNiXYJbRqPqUVmPjK5X4f34H5bxKf9op/ZWo0KQTaHp0i7h7eNh9aist8ZkLfD++I/JeIn/XA/bWeHrRxLf/7Mc/3L9ziXw8cx8caIw8blV+3b9tepK8t/D5C/G+iAf5Uh+w5r1JVlflG7rX2sfkcV/hDxAXWhzeLJMh+oof8A3Vj/AIa8ZS8Katics+l3BAnjG/L5Oo8x+sfVWy/hESAz6FH4qszfaU/dXGzVtNKUEmb7KnGrZxhPh5/dm9+I/wARLriZ3srHnttIB+To82PF/T+b9/h6IsRixtx5RqP1V45Nex7P+Rwf0a/dVVaKikkYOqUoUYU4QWFv/gxXxu/wd339JF/XFeZjXpn43f4O77+ki/rivMxp6PpNXSfsH8/4EGvRKfBXhpWBa41Rx5NMmP1IK87GvRCfGvhsthrTVlHmYY/2PU1dW2knqHj+Xwc984/A2vDfDWj8L2skek2qW6tvLIzFmbH5zHfH6qw3xB+LOn6VbzWXD7i81Igr2oH4qE+eT8x8gNvXwrZ8K8YaLxQsn4Iu+0ljHM8LqUdR54PUeoyKlcQcO6TxBatBq9jDcAjAcrh09VbqKzrZ+Y4kJKFXNwmzxxPI80ryyuzyOxZmY5LE9SaaNaj4icLvwlxLNp5dpLdlEtvI3VoznGfUEEfVWXNa087o9NCSnFSjwxJpJpRpJoJE0VHRUEGtPQUxJT56CmJK9ojxBFkqNJUmSo0lMBGemGp96YapASaSaUaSaABSaVSaEAK9AfBb4ZG07DiDiKD+6dntLVx/F+UjD87yHh169GPgx8MOz7DiDiSDv7PaWkg+XykcefkPrrudec6p1POaFF/N/wCEWRj3YK5x8WviNBwnZvYac6S65MvdXqLcH8tvXyH1nbrG+LPxPh4Zjk0vRmSbWmGGbqtsD4nzbyH1nyPmm7uZry5luLqV5p5WLvI5yzE9STVPTelurirWXl7L3/0TKWNkJuJpLieSaeRpJpGLu7nJZickk+ddU/g1yBeOL5D+Xp749xJHXJ63XwQ1FdO+JGl9o3LHc89uT6sp5f8A1Ba719DVbTivYrjyesq4t/CdQnQ9EfwFy4+1f+FdprmH8IjS5b/gEXEKFjY3KTvjwQhlP62B+qvJdOko3MG/ctlweffh+hfjvh1R/wB425//AOi17RryT8FNLk1P4jaVyITHasbmRvBQo2P+tyj669bVu65JOrGPsiIcGR+Lcgi+G+vsfG2K/aQP2146r1T/AAhNQWz+HFxATh72eKBR47Nzn+pXlat3RI4oN+7/AIFnyFWx+D3+EvQP6c/1WrHVsfg9/hL0D+nP9Vq6Nz9jP5P9iFyew6xPxq/wX69/RJ/vFrbVifjV/gv17+iT/eLXjLX7aHzX7lr4PHlX3BfFmqcH6sb/AEd4hIydnIkqcyyJkHlPiNwOhBqhq00vh7V9WsLq80zT7i7t7YhZmhXnKZyRlRvjY74r2VVQccT4+JSdhuv4Q1wbOMWugRLdY77SXBKA+gCg4+uq+1/hB64swN1o+myxZ3WMujY9yT91cYkVkYq6lWBwQRgg0k1jXTrZLGn9xtTPbHAPGGn8a6GNQ04PGyN2c0EnzRPjOPUb5B8ftFaWuKfwX9Ju7TQNX1G4jeO3vZY1g5hjmCBssPTLYz6Gu115q7pxpVpQhwixbo8t/wAJjSI7Hji3v4VCjULZXfHjIh5Sf9XkrkBrun8KqdG1zQoAR2iW0jkejMAP6prhZr0li27eLZW+RJoGgaBrSyAqTSqTUACio6KlA69PVfP41YT1Xz+NeQPttMiNSDS2pBqC4SaQaWa1Hw44VHFnEH0WWbsrWFO2mI+YqCBhfU56+FBTXrwt6cqtR4SJPw24FueLL3tp+eHSYW/GzdC5/MX18z4fZXpKytbXTbCK2tY47e1gTlVRsqqP+etDTrK206yhs7GFIbaFeVI0GwFUvGvDtzxLp4sY9VlsLVv41Yowxl9Cc9PTxqD5n1Dqb6pcJVZaKa474+O3LOTfFv4jjVRLougyn6BnFxcKf47+av8AN9fH268kNd1/tHWn/fdx/sB++udfEvhCLg7U7S1hu3uhPD2pZ0C47xGOvpUnsOkXnTopWlpLL+T3929j0/p8wuLC2mU5WSJXHsQDXDP4SEZGs6PJ4Nbuo+pv+NdF+EGuR61wRYrzg3FkotZVzuOUYU/WuP10r4mcEJxpp9qiXItbu1ctHIy8wIbHMpH1A59Kg8hYVI9N6l/W2UW0/wBTP/wdYyvBl856Pfvj6o460nxdmEHw41tmOAYlT/WdR+2rLgnh2Hhbh220uGQzGPLSSkY53JyTjw8vYCsD/CI1uO24dtNHRx9IvJRK656Rp5+7Yx7GjuTCSvurKdPhyz+C/wBI88mkmlGkmpPo7PafDv8A1f0z/NYv6grkH8Jz+T8O/pT/AHR11/h3/q/pn+axf1BXIP4Tn8n4d/Sn+6OlPm3Rv/Jw+cv2ZwU0k0o0k1J9EZ6C/gyf3n1z/OI/6prqHG3/AFM17/w+4/3bVy/+DJ/efXP84j/qmuocbf8AUzXv/D7j/dtUHzrqn/k5fNfsjxQaI0ZojUn0FiTRGjNEaBWEa7Ho/wDeWw/zeP8AqiuOGux6P/eWw/zeP+qKvocswXvCFTeNQpqmzeNQpq1GBECaoctTJqhy0DIjt1oqNutFQSCuufCv4fdr2Ota7D+L2e2tnHzeTsPLyHj19+R17AT5F9qprzcVhdzkdWuZ0YKEPvZDrnPxJh4v1kSabommtHpp2kl+kRK0/p82Qvp1Pj5V0ahWWMtLyeeoVvBnrSTfxPN/9rTiz/uof+Zi/wDlVLxFw3qvDzQLrFr9HM4Jj/GI+cYz8pPmK9VVxn+EF/KdE/Qm+9K0U60pSwzt2XU6tesqcksP5+3zN18LNSXUuB9NYNmS3T6M48imw/8ATyn66s+MdJbXOGNR06MgSTxdzPTnBDLn6wK4b8LuMRwxqckN6WOmXRHaYGTGw6OB+o/8K9C2d1Be20dxaTRzwSDKyRsGUj3FVVIuEsnPvqE7avrXGco4n8K+CtXtuLor7VbKW1gsgxzKMc7kFQB59c5G21dyoVmeN+MdP4W093mkSW+ZfxNsD3mPgT5L6/ZSyk6jKa1ape1U8b8bHIPjpqK3nGQto2ytnAsbfpHLH9RX7K5walX93Nf3s93dOXnncyOx8STk1FNbYrSsHqaFLwqcYewRr2PZ/wAjg/o1+6vHBr2PZ/yOD+jX7qouOxyOtcQ/H/Bivjd/g7vv6SL+uK8zGvTPxu/wd339JF/XFeZjU0fSXdJ+wfz/AIOhar8I+IbeCOfTex1GB0DgIwRxkZ3Vjj7CazE3BfE0b8jaBqZPTu2zsPtAxXqnQLu2vNItJLO4hnj7JRzROGGcDbIqwqvxpLkwrqtWO0kmcT+CfBGtaVr0mr6tbPZQLA0SRyHDyFiPyfADHj44rtlCs1xhxro3Ctq739yr3WO5axkGRz4beA9TtSNubMdWpUuqmcb/AAORfwkZY24i0qJSO1S1LN7Fzj7jXHzVxxVrt1xJrt1ql9gSzNsg6Io2Cj0AqnNaorCSPRW9N0qUYPsJNJNKNJNSWiaKjoqCDWnoKYkp89BTEle0R4giyVGkqTJUaSmAjPTDU+9MNUgJNJNKNJNAArffAzTLPVPiBbR6hAs8cMTzqj7jnXGCR44zWBrXfCviaz4S4qGp6lFcSwCB4+WBVZsnGOpA8POs93GUqE1DnBK5PXlCuT/29+GP8h1n/Yxf/ZQ/t78Mf5DrP+xi/wDsrx//AB11/Yy3UjrFCuT/ANvfhj/IdZ/2MX/2UP7e/DH+Q6z/ALGL/wCyj/jrr+xhqR0bib/q3q3+aS/1DXim0uJbS6hubdyk0LrIjDqrA5B+0V6E1j428N3uk3trFZauJJ4HiUtFHgFlIGfxnTevO1d7o9vUoxmqscZwJN54PaHBPEdtxVw5aapalcyLyzRg7xyD5lP19PQg1dyxpNE8cqK8bgqysMhgeoI8RXjngfjPVeDtRNxpkgaGTAmtpN0lHr5HyI+7au56L8cOGryFfwnHd6dN+UGj7VM+hXc/YK5d50qrSm3SWY/DkZST5Oh6NoOk6IJfwRp1rZdqcuYYwpb3xVlXPbn4xcFwxlo9SlnP5sdrID/6lArm/HfxuutStpbLhi3lsYZAVa6lI7Yj+aBsvvknyxWen0+5ry3i18WTqSK/+ELxVHrPEcOk2Uge100MJGU7NMccw/0QAPfmrk1KYknJOSfE0mvWUKMaFNU49irOXkKtj8Hv8Jegf05/qtWOq+4C1m34f4v0zVb1JXt7WTndYgC5HKRsCQPHzouIuVKSXOGSuT2tWJ+NX+C/Xv6JP94tZn+35wv/AJBrX+xi/wDsrOfEP4w8P8R8G6npNjZ6rHc3SKqNNFGEGHU7kOT4eVeVt7G4jVjJweE1+5Y5LBwWvQv8Fj+93EP9LD9z156re/Cz4jT8CSXcYsI7y0u2VpBzlHUrkDlO48TsR9Yr0F/SlWoShDnYri8M9Uavw9o2sb6rpVjeN05p4Fdh7EjIqot/hzwfbziWPh7T+cHI54+cfYcisppvx14TuUX6WuoWT+Ikh5wPrUn7qtR8ZOBuXP4aYHy+iTZ/qV5rwLuHlSl+pblHQI0WNFSNVVFGFVRgAeQpNxNFbQST3EiRQxqXd3OAqgZJJ8BXKdW+PHClpG30GO/v5PyQkXZr9ZYgj7DXGviL8Vda4yjazwun6UTk2sLEmTy52/K9sAelWUenVqj8ywviQ5IqvitxQvF3Gt7qMJP0NcQW2f8As16H6yS311jzSjSTXpIQVOKhHhFYk0DQNA1LAKk0qk1AAoqOipQOvT1Xz+NWE9V8/jXkD7bTIjUg0tqQaguEmtl8LeKrHhPWLu71GK5ljmg7JRAqsQeYHfJG21Y00g0FFzbwuaUqNThnoD+3Tw7/AJFq3+yj/wDsof26eHf8i1f/AGUf/wBlefTSTRg4f/xew9n+Z6D/ALdfDn+Rav8A7KP/AOyuX/Ffi2w4u1azutNiuoo4YOyYXCqpJ5idsMdt6xJojRg02nQ7WzqqtSTyviXnBvFWocJ6p9M05gyuAs0D/JKvkfXyPh9tdp0341cPzwqb+2vrSbHeUIJF+og5P2CvO5pJowTfdHtb6WurHze62Z6A1z43aTBAw0axurq4x3TMBHGPU7kn2wPeuGcQ61fcQatNqOpzdrcS/UFHgqjwAqBSTQTZdKtrHLox3fd7sSaSaUaSaDez0HpXxr4cs9Ls7aWy1cvDCkbFYo8EhQDj8Z6VgvjFx5pfGkWlLpcF7EbRpS/0lFXPNy4xysfzTXNzSag49v0W1t6yr009S+PuJNJNKNJNB02dR+D3xC0rguw1GDVLe+le5lV0NsiMAACN+ZhWx4i+NfDmpcP6nYwWWrrNdWssKF4owoZkIGcSdN68+Gk0HIr9Gtq1Z15p6n8fYSaI0ZojQdNiTRGjNEaBWEa7Ho/95bD/ADeP+qK44a7Ho/8AeWw/zeP+qKvocswXvCFTeNQpqmzeNQpq1GBECaoctTJqhy0DIjt1oqNutFQSCrj+yjX/APvzVf8Azcn76p6FDSYsoRl6lkuP7KOIP+/NV/8ANyfvof2UcQf9+ar/AObk/fVPQqNKF8Kn/avyLj+yjiD/AL81X/zcn76hajqd/qRjOo3t1dmPIQzytJy564ydulRKI0YRKpwi8pBGpmm6vqOluW02+ubUnr2MhUH3A61DNJqSZJSWGaCfjTiSaPkfWr7lP5spU/aKz00jyyNJK7PIxyzMckn1NA0k1CSXAkacYelYCNINLNINBLCNW44q4hUALr2rADYAXkm366qDSDUNZElGMuUWN9r+s39u1vfatqFzAxBMc1y7qcdNicVVGlGkmgVRUVhIds7y6sZe1srma3l/PicoftFXUXHXFEKgJruoED8+Usf15rOmkmoaT5ElTjL1LJe3vGXEl4hS41zUWQ9VE7KD7gEVnnYsxZiSxOSSdzSjSDRhIhQjH0rARpBpZpBoJEmkmlGkmoFE0VHRUEGtPQUxJT56CmJK9ojxBFkqNJUmSo0lMBGemGp96YapASaSaUaSaABSaVSaEAKFChUgChQoVAAoqOioAFJNKpJqACoqOiqACNFRmiqACoqOipWSEaSaUaSaVgFRUdFSsBJojRmiNKwEmiNGaI1DJCNJNKNJNKwEmgaBoGlYBUmlUmoAFFR0VKB16eq+fxrzZHczx/xc0qfouRUhNX1JPk1C8X2mYftrx2T3tP6XQXqpP8/9HoBqQa4SnEWsp01S8P6UzH7zUhOLNdTpqMx/SAP3ijJpj9L7b71OX6fydsNINcdTjbXl63ob3hT91Ppx5rS/M9u/vF+6pyXR+llk+VJfgv5OsmkmuXp8QtVHzQWTf6DD/wB1PJ8RLz8uxtz7MRRktj9J7B8ya/BnRzRGufp8RG/L0wH2nx/7afT4hQH59PlHtID+yjJavpD06X/6fo/4NsaSayCcf6efntbsewU/tp5eOdJbqt0vvGP2GjJaus2MuKqNPSTWfTjLRm63Ei+8TfsFOrxToz9L5frRh94oLF1KzlxVj+aLk0k1Wrr+kv0v7f62x99OrqunP8l/aH2mX99BYrqhL0zT/FEs0mmlu7dx3LiJvZwacBB3BBHpUDqSlwwjSTSjSTQQwjSaUaTQKxJojRmiNArEmiNGaI0CsI1vbHjTS7WwtbedblXjiVCezBBIAG29YI0hgGGCMinhPQzNcUfFjhPDOinjPRZP/wAl194m/YKQ3E2jyfLer9aMPvFcymtiN49x5VHrTGpng4lV1aLxNHRZOKtBLsn4WswwJBDSBcH66R+HNJl/i9UsW9rhD+2vPupf3xuv6V/vNRqq+sP2OM+s1ItpxR6MW9tZD+LuYG/RkBp4EMMqQR6V5tpSsynKsQfQ1P1j4DLrj7w/X/R6RoV51jv7yP8Ai7q4X9GQj9tSI9c1aP5NTvl9p2/fU/WF7Fi63DvD9T0FQrg0fFOuJ8uqXR/SfP31Ij404gTpqLH9KND94qfrEfYddao94v8AT+TuNEa4xHx9r6/NcxP+lCv7BUhPiLrS/Mlm/wClGf2Gp8eJYusW79/yOvGk1ypPiVqY/jLOzb9EMP2mpCfEy4H8ZpsTfoykfsNT40Bl1W2ff9GdMNJNc8T4mIf4zSmH6M+f/bT6fEmyPz2Nyvsyn91T4sPcddRtn9/9zdmkGscnxF0lvmgvV/0FP/up9OPdEbq9wnvF+6jxI+43123f30ak0g1n0400F/8A80qfWJ/3U8nFWiP01GH6wR94qdcfcb6zRfE1+aLg0k1XJr2kv8upWf1yqPvNPLqdhJ8l7at7Sqf20ZRPiQfDRINJNJWaJx3JUb2YGlGpJzkSaQaWaQaggI0g0s0g0ECTSTSjSTUCiaKjoqCCVc8Sm3OJbJ+XwZXyPupj+yu1b5oJx7YP7aZdQykMAQeoNVV5pfV7b/UP7K6lPqVTiTPP3XTHDzUt17dy6PElk35M491H76hXfFmk28ojmmkRiM/xZP3VnGUqxVgQR1BrMcS/y9f6Mfeasr9SrUoalg5ajvhnQ/7K9Ffpege8bj9lGOINKfpfQfWcffXJaFZF12v3iv1/kbQjr66tpz/Lf2p//wBV/fTi3ls/yXELezg1xyhVi69PvBfmR4Z2hWVvlYH2NCuMA46U4txMnyTSL7MRVi6+u9P9f9B4Z2OhXIk1K+T5L25X2lYftp5Nb1Nel9cfW5P31YuvU+8GRoOr0K5cnEerL0vX+tVP3ink4q1detwre8a/sFWLrtu+U/0/kNDOl0Vc7TjDU169g3un7jTqcaX4+aC1PsGH7asXWrZ+/wCQaGb+kmsQnG04+eziPs5FOrxt+fYfZL/wp11a0f3v0f8ABGhmxoqyi8aW5+a0lHswNOrxlYH5oLkeyqf2066lav76DSzSmiqgXi3TW69uvun/ABp1eJ9KbrcMvvG37qdXtu/vr8w0suaKqxeINLbpeJ9akfspxdY05ul7B9bgUyuKT4mvzQYZONJNRxqFm/y3du3tIp/bTgnib5ZUPswplOL4ZAuio/CioYCTRGjNEaVgJNEaM0RqGSEaSaUaSaVgJNA0DQNKwCpNKpNQAKKjoqUDmlChQrxpcChQoUAChQoUAChQoUAChQoUAChQoUAChQoUAChQoUACjBIOQSD6UKFADqXVwnyTyr7ORTyapfp8t9dD2lb99ChQWRrVI8Sf5jy65qa9L6f62z99OrxJqy9LxvrRT+yhQoLVe3EeKkvzY8vFOqjrOje8a/up1eLtSHUW7e6H99ChQda1vLiXNSX5sm2nFF7MRzRWw9lb99XdpqU02OZYx7A/voUKk9Fa1Zy5bLNTzICaBoUKDqhUzNErDJG/mKFCmjyUXKTpSycy1L++N1/Sv95qNQoUr5PmU/UwUKFCoFBQoUKABQoUKABQoUKABQoUKABQoUKABQoUKABQoUKABQoUKABTiSyJ8kjr7MRQoUAPJqN6nyXlyvtKw/bT6a3qidNRu/rlY/toUKnLHVSa4Y8nEmrr0v5T74P3ink4s1lf/wAzm940/dQoVOp+48a9Vfef5seXjHVh1eFveMfsp+LjTUiwDRWp/wBBv/lQoVZGTN9KrUfMn+Zc2XEN3PjnjgHsp/fV7Z3LzfOFHtQoVbE6VKTfJJNFQoU5cyLe20c0bF17wGQw61zfiX++C/0Y+80KFTUf9F/M4XUopVU17FTQoUKwHPBQoUKABQoUKABQoUKABQoUKABQoUKABQoUKABQoUKABQoUKABQoUKABQoUKAFKzL8rEexp1bq4X5Z5R7OaFCpUmuGA4upXy9Ly4/2hp1dZ1Fel3L9ZzQoU6rVFxJ/mGB1df1Nf/wAkn3RT+ynF4k1EdZEb3QUKFaKVzWb9b/NkYQ6vFF8OqQN7qf31PttduZsc0cI9gf30KFdSjUm+WxcFtbXTy45go9qmGhQrpQeUKFSaFCmIBRUKFKB//9k=','1',62,'2016-02-19 07:18:51',51,'2016-05-25 19:02:15','0000-00-00 00:00:00'),(35,'e073430e-d892-56b5-a23b-274f4b004f49',NULL,'RA0000004',60,'2016-02-20 03:31:26','Mr.','Dinesh','G',NULL,NULL,NULL,NULL,'2016-02-20','M',NULL,NULL,NULL,11,NULL,'OP',NULL,NULL,NULL,'4515245245','N',NULL,'1',59,'2016-02-20 03:31:26',59,'2016-02-20 03:31:26','0000-00-00 00:00:00'),(36,'5db1d5bb-fcca-5eba-bc7a-ff584882146d',NULL,'TE0000001',61,'2016-02-21 23:20:05','Mr.','manoj','vinoth',NULL,NULL,NULL,NULL,'1981-04-13','M',NULL,NULL,NULL,NULL,NULL,'OP',NULL,NULL,NULL,'9879606806','N',NULL,'1',67,'2016-02-21 23:20:05',67,'2016-02-21 23:46:02','0000-00-00 00:00:00'),(37,'b29bfeb7-a538-5952-9f20-48c7bea9dd91',NULL,'AH0000032',58,'2016-02-22 02:32:19','Mr.','raje','sub',NULL,NULL,NULL,NULL,'1996-02-22','M',NULL,NULL,NULL,4,NULL,'OP',NULL,NULL,NULL,'1231231231','N',NULL,'1',51,'2016-02-22 02:32:19',51,'2016-02-22 02:55:50','0000-00-00 00:00:00'),(38,'de5ffdee-4098-5cf5-acae-9c9610e7aac3',NULL,'AH0000033',58,'2016-02-25 07:05:33','Mr.','Testing',NULL,NULL,NULL,NULL,NULL,'2014-10-13','M',NULL,NULL,NULL,NULL,NULL,'OP',NULL,NULL,NULL,'1234567890',NULL,NULL,'1',63,'2016-02-25 07:05:33',63,'2016-02-25 07:05:33','0000-00-00 00:00:00'),(39,'6ff83cfb-ae86-588e-bbfd-bd45fa0ce95a',NULL,'AH0000034',58,'2016-03-02 11:06:36','Mr.','Prakash Arul Mani',NULL,NULL,NULL,NULL,NULL,'1990-01-31','M',NULL,NULL,'O?',4,NULL,'NO',NULL,NULL,NULL,'9566695006',NULL,'data:image/png;base64,iVBORw0KGgoAAAANSUhEUgAAAMgAAADICAYAAACtWK6eAAAgAElEQVR4nOy9d3hb532/fTyyGv/SNnGTNImbxs1oY1uDoriwQXATBEESIPbg3qSovfem9pYokuJe2svykGxLsi3J2nvZjp3EsTUsJ82wJfJ+/zjnACBFeaRJ2/R6//hcBzwYAsXvfb7zeY7w8RvruXdyI3dP1HL3RC33Tm6EUwOpjp6TDfSe2sTd43XcPV7HvRP19JxphHPNcKElqIut9Eq6d76Zngst9F5shSud9+tq18Aa6LXXOuFyB1xsg7NN3D28mrunaum53Mwb7eO5tmMBlzvm8PrqMeycW8SNl1fxm0NrKM2MYsmU0TiMCjoXj2JFWSqb5xbycvdS2ldPomtJORe6ZnG8aSoHO1dQWurnq/E6vh42jARnDnlTZiL8+3/wFZWOxxONCGodglKDoFQhRCsQhqsQlLEImjgEpR5BpUdQaxDUWgSVRnxtRAxClAohRo2g0ASPSi1ClF5UpBZhuAYhQosQrZKkRYjUIUTGIgzXIgxTI4RrxMdDleLPilhR0XqEKB1CTCyCQoegNohHVWxQMVpRqliEKLX4neNiEeIMCPEJCAlJfCPFxOMpRv7VmMrwjBRGTyziozdfhPdehPcPwvuH+d2dY9z56Bi9N47Se+MIPTdF3bvx+qdKfl2o7t0SJb+/5wNJN4/Re+sNem4eC9H97++5eTTw/L0bRwPq/53En499ft14FeGT4xvoOVXHvZMbuXdyIz2n6h4ASD13T22i50wTveea4UKraKjnW4KPL7Q+WJfaBzb6Sx1BfRYgVyU4LrbBqSbuvLCEuyfree/FxVzcPIVPjtbxwb6lHKsdxZHmqWwYY+XK3nV0rZzI+FIrmZZkJo3M5/z+LZQ7k6ko9WK3JTOlPJtrz9XSPbeIUc4ESn1WvqOK5mfpaXxNrUaIUfPQcAUPqQwIEUpR0WqEKKVo+MNVCFFa0RiVelFqHYJKJ4IQrRGNMkojGnyMTnwcqZYkQTBcgxCuFo+RKuk5DUKEToJCOg5T9wUk8B6tCFeUXoRDbRBBUOiCCgVEhkinRdDrEVQqBJ0BQReHYIhHUGv4bmI8P1VHkGxUceHoNu7+6kV4/xXu3n6V3905Su+NY/+3Abl7opbe0/X0nKqj51Qdvafr+4hzjZKagjDIQFxq/2wwZIN+ACC9F9sD+kxALrVx70wTfzpex7XNM7ixbynH68bzzq4F3Ny3iD8eWkXviQbe2VdD17IypuUZmeAzs71xCRPGODE70nC6zaTFxTC6ooDJMyai0ETQ3bCEpWPdbKup5Lk1k3ipbTlRpjS+olMhxGoRdPEI4ToEdQJCeAzCcAXCsGiECIVoyOEq0ZDDY0QYotQiHEqt+JpojXiljlQHAYlUIwxXIoQrRGMfrpWMXyUZvCwtQpgSYXC0+NxAHiRcLYGhC4ISoxO/R5QEqKxQQGSYNRrR4xniELR6hPhEhMQkBLUaQR/Pw+FR/FCtxujO4jdXd8P7r9B7+zB/uPOqZJz/hwH5+I313D1RG4CDMw3cO72J3rMSEOdbgkY+EADn2uFcx4N1sVvUpe6ApwgAcakj6EUG8ixXOuFadxCYS6384cgG/vPVdfxm31Kudc/h+q7l/P71Jj4+vJZbzy/m98caOdYxl6O71jJvbC5FvkyMmfEY/RZKplSQ7k7D6bcSb0ygYFQF9iI/aZYU6tfOodRh4OXNK1kxq4rHh4bzldhYBK0WQRuPEGUQvUS0Rrz6D5fA6COleF72DNE66XVKhGEKhGFKhHAtQoReNGxZQ5UIYSrxKCtMLUl+fwzC0BjxuXCNeD4g6Vy47E20IoihXipGFwQkNPxSGxC0OgSNVjyq1Qj6WBEaQxxCXDJCjJavxCXyWHQkMxaO5D9/cQhuv8Yntw/Sc+uzAbj7wWuB50Ify++5e1OUfL73xhHJK91vtKHvHwiQUA38nYLP99564z7dB8i9kxtFMM5uEj3F+SYpl5AACAGkNyS3kPVAMM5KutAdUKi3+NyAXO2CSx3cO98K5xr55I2NnGudxOu1Y3ijYRKvNs1g6/wCzrVM5mr3HJpnFrCnfgGzq/NoWDOd6fPH8PN4PY9E6PiWNpqnLGl8X6vhS08P5qGwKB5VaHkkPIZvRMfwT+FhRGeYGJKaxNeGRvMVdZwEhR4hUi96iSidGMKEhxj4MGUQgnAlQoTkBSK14lV/qBJhiAJhqCpo+OGaoGRAQjVULUmCIzxG9Fphkhd5ECCyB5JhjVCLv0OMXoREDrPk3EQbj6CLlXImDYJCKR41GhEUXZzoQfV6vpKg5191kbzx2m7uffAan9x8md4bh7h347X/u4BwpqEfHM1Bz3GuJfg4NLwK1fkWONfaTw/wKpcH0ECh1JVOuCp5jkudcHUzvz24hpv7F8Oldt7dt5gD60ZTP8FDuUXB0pFO2qb4eaNhPEc65rB0ShFubwb5VTkMTY3l8cQkhKgEMWdQ6Xk4Ricab7RejP2j9Agxsfxjsplv6BL5Uoxeygc0fWP+4Zrg+VAPEB4TVIRSDGsilAgRGtGzDJElgTJEIUETAk64FmGY/NmShqrE5wfHIITFIIQpJOPXiOfDVOJz8uuHqaXXRYthoKwIKdmPiRVhiZBAV8SKYaNaylmUGgSlTsyfYlQIah0PJSTzUFIKQlISX0tK4gmdjjETKvnTe8fhxhF6PzxKz41XAxKT9mP03gg11qMPePxZ+vRw6vNKDLdEIEIffxYgvTeOPACQcy0D60GA9AfofNsAgLR/QUCksOpcGz0nG/nowEo+enUNp9rGcaJ1Aue3LeBY6wLGllhYv2Q6z21czKLRNsaVZZKVnULu2DJS8j18NSwMQSEZR6RWDHsiNeKVdbiUO8g5RbgCYWiUePXtE+6ExP6yQq/gw6Kl90uGGSWFWcMUCEOjQwBR9JX8+cPUIiChkkMvGZChSslTSGFUmAphUExfrxSmkgCJ6gvtsGgpd1KKFwQ5kY/SI6jiEBRSLiLnJ0odgjZWzEf0cQhxCQiGBARDPP8Un8gwg4olc0bw++sH6L11hN4bh+m5cfhTAPlzNRAgX/xz/nxAjv2FAQnkKm1wbgBdar9fDwCkV8pV/vRGPbdfWsFv9izkV88t5cr2OfzuyEZe3TiWDSOtlHiSmTq2nLmjSmhcNZ31DSuIzbahsJrRFxYw1JfHwxqDmExHSKFHhFqEIUIdPDc0RkyEh8jHfoYcpuoLSB9jjxYVFiNCMVwlGuTgSPHcQIAMiu6bZMufKyfsnwbIUGXw/UNVfT9/mAT7MEVQQ6ODkkGP1ge9aIxO/P+RAVEbELRSbqKPFY9aCZrYOL4XryM2Xc8ru9bBL/fTe+PQ/2FAAlWqxiAkZ5rgfKuoUEACoVdz0GP09yD9E/rzLQNDJAMSmouEqOeiCM/Hxxu4tnUmvccaONE0lddrx3CxewYfvLiKs22zWD7BRblVT02pjRnFaRiTIxgUMxyDO5swm52HolSiAUQoxCvocFXQc0RKIdMwtWiEg2IQnolBeCbEKGXJIY3sPUKNfbAkGaZhqr5GOhAgfTyTnOCHVK9CAenzPllSiDaoH4DhSoShkX2/ZwCwkEJAuDrYe4kMKUWr5BKxPpi466THajWCWssjSUn8QBvNiJE+zuxdy733XubeB4fovfnaZwIiG6FsqF8UkNAqVbBaNTAMD/r3B8w3Qt4f+NwPjv61AGkNaRq2BXW+RfQuF9tEMC62w4VPB6T3XBu/f2097++t4bUNk9k6K4dX1lTy3p5F/PFQHae2LWKcU8+ploW8/eI6ju2rpbDARpY/ix/ppQbdcCVCpJQ8y15DBiRcgzBEjTBIifBMiAYCRIakv+EOUokarBI/K0z9xQCRk/DhymDeEJq4D+kHX+A79ANkqEKELSxKSv7Vwe80WPp+MsiDosVwK1wtVrsiVMHeiQyISo2gUIkNUbUWQaHiqyoNgi6er+j0xFqT6aqdycfvvQK3Xqf39pG/OiBfxFv8Vz3YX9GDhAASGk6dkwC58AUAOdPCnVdWcefACk60zOV08yxeWlbGsXUjONcwnpcaZ1BlM9C1YCybl1RT4UvE789gzIwqkgr9YqNObRDzg2Ex92uoUoSjDyCqgQGRz/W/qgeMLxQQCY4w1WcAohTznmExwb5IuEIM+cIkIIbEiArNQfoAIj0eGiN5nxjJA0lgyMdB0usHxQRhD1OJr4/W9q1wRakQoqWGqEqHoI7lW8lp6PMK+JI6jn80ZqC2ZTG60sWV15q4+5tX6Ln1+l8dkN5bshcIHsXXHpU+V0zkxfNH79ODPM9AHoabbyBwdhMByYCEQnFWyknODxAu9VcgN2kRc5lAubgNzrff31m/1C5WqQZsCoqv7znTyNmOCdzcv5TTndO50DWPY3VT+PWuFXzw7BI+eHElY9wJVOV7mDSmgjS7iWfSkvgXk4kn7Q5xXCNKrvCEXIHDVEEDezoa4ZnovgAMVoqGFSZfiZV9nw9N0vsn3X3KtGqxwhQmGXUgRApRqOHLpdqwGKl0HAJNuIo+Sbr8/cMig0WGcOl3HKxAGCTpmZigBoVosEICS86xpPwkQhP0KlEahNhkvpySwcPaOIToGASVnm8kGPmJMpoxI3N583AzvR8coufW69y9eYTeG8fgZt9QpvfWG3D7+IAG2scobx8PaODnj8Hto3D7KD03X5d0JPBYLDn3Vc/N18Viwq0jfb5Pn8+9deJ+fXjivxmQ0HDrcwJy72wzJ1vG8NvDa/jkdCNv717AlS1zudQ+nZvPL+eDFxayc8MEbDYjJq+T/0g38ZjZwj+oNAgRUQjDY6SwQza8EIP4vIAMkyH5DEACYZBcVZI0VC15EPUAkvIPudk4TCHB0a+cHCblJpFSUUF+z3CVGEaGSx5xSMz9UDwdFVQoHINixN87NHyTIYzSiLmbNkGUQi96E2UMgiaWryenEZZpIsGs4+Te1fDBYfjwaB9AQg1dNv6BcoDPAiQUqt5bQYV2ykXvcvSBEsE6FvgOof8Ot0/A7ZOi7gMktIoVACQEirPNIZB8GhStnw1IaLgVgORTALnYxh+Pb+Tajpn89tBqek5t4qNDq7i+bSZ7a3I50TieXYtKmD0qh/QsM/nlRegzUnlSr+Fnpgwej08S+xHh0hVdvjrLCfBgyZBkQPoYukqCQxv0AINj+ia6YSGfdV9JOKRkK3ug/pAEPEx00MDDFeJ3jtFJg4rqIAwRKtFII5RiCBSlQojRiAOTEQrx/YOjEZ6OQXgqqi8Ysp6RflcZjmeixXxkcIzozYapxDKwSp7j0gfHY2I0CBq1WP5Va3kiTofWksRr25fRe+NV7t0+wt0bR+j54Oh9gHxW4tz/3B9+dYhP3n/9/srSAypPn1aRuh+I/goBpI+OPwCQswMAcrb5vw5IqAf5PIBcaud3r6/jk5MN3Ny/lI+P1PLLXXN5/4XFvLN3Eec757FhjIfFU8dQVFxMUpwKe1Y8jhw7309M5hux8aLhhEvGHi6FWfJVXzaSAQGRcwlNiBcI8RyhMPTvgoepRMACkjzFYCm3GCo1/YbJniM62GSMVIkVJbVaHB5UKMVcIDJGgiDktdFqaRhSGezlyB7k6eiBFRpiBbyJnJMog83QSE1wVEUGRKkLjKA8Zkzje3otQ1MMvNg+n57fHOTezdfouS3mH9y63xM8MBkOyUtEL/EGdz84MqDRDxgKhaj35vH71N8rDCgZig9PBfXfDkj/ZP5zAHLn8Go+OLAUzjTx7tb5/PaVtfRc7ub9/es40TSPrdN9zB2RTbY7HV2qhjRPBnqvk69qtKJxRcRIox8SIEMkgxgcAsdAgAxRBSGRDVwGK3R+KrSBOOCoiDrks6IRwqOkkChKaizGiD9HKsROv0KDoDHwj2o131Nr+ZFGx7+ptDylMfAvyli+FKkW3xOlQlDpeUil5RGVXuyQD1dKfQ9lSMm6n+SSdKgCv4sqBBB1cPpYPiq00pyWjseNafzMaOSpBAPHn13Hvfdeoef2Ee7dPBrwIJ+7WhQCSJ8r+4cn4M7JvudunQzq9qn71HvzREB9Xivro1P3684puHNa1GcCcq7x/gbh2Wap+SfnIqH6HKMoknoutMCltqAuf0qj8GI3XN5Mz9l23nt+OefbpnJtx1zONY3nXP0Yrm9fxPP1M6gwa2ldOp1JU8pQmOP5VmQ0jykM4lU1SgpLhquDBjAkJljmlEOOgUIRubIlV6YG9atehU7VBkZQQhLtcDkskzxHuHSVj1aJhhYhlZ6jVQgKNQ+ptPy9QsUPYpQ8HRtHRLyWCJ2S+OQEUuLjyEhIxJSYgiI2nh9FRPKkTsf3FUp+oo3laZWCJzWxPBweeiFQBnOcoapgh31ohJjUD4lEGBIlXSxCqnBhmqC3jZKmfnUJCAlGBEMCjybH8nWlkh8lJzPIZCQ2zcg7J7fAjVf5/bv7ufv+a9y69jx3PzgyYFOu5+axgLH3Py8DIr+m9/YJem+fkAz486nn1vGAvsj7HqQ/HxD5udCQ6dPG3S+2SYC0S4C0f/qoyeVOei+28e6zNdzYv4y3t8/hV/tXcuvFVfxy+wKeXVLB+ql+Cr1pJJp0JOdZ+F6CWpwjUhgQohRiuDJcAkROsAdFi1fSp6IQfh4peZBPAWSQMiRvGCAZl9diyAudZA3XiYAMUYjhVKQSQamWBgLVfFWp4581Br6vMfAdbSxPqLU8pY0lUh9LfEoq9pQknIkJFJpMVGRkUpqSRnGqiSKzBXuaiQRDHInxiRiTUklMSyEiKZkn9AmSJ5HCSrkoESYXHqIlQKJEYIZKuVb/MvUQKRQNV4qeRB5sNCTwUGI8/2oyE+b1Eum0okyMZV/rbO7+5iA97x8Wr/ofnXpgzhDwDB+eCJ778ESf5Pm/AggfngzqfwwQ+dzZ5k9fC9KnnNv++QG53EHPuUZuHlzKzf2Lee+5eXzw/EJeb5rEkYbJnOtaSOOMAg5tW0lSmp68yWP5fzHD+Vp8vLRoKV6K2UM6589EiVfyp6NEKH4eifDvEQ9OZkMBCUDyoE64XHFSBRUYHVGJOYNCJY6Pq5Q8ro/lX1Uawg3xROrjUMYloI+LJynOgCUpkbyMdCZYMhmXbmJcRjoTLRmMNBmZaM1ggsXMRJuFMfZsCtJScCfGkWrQEZ+cxNP6WP5eoUKIUUrFCbkXI1XlBkWLXfawqGAuFtbv9wp4yNAqmSo4q6USF4V91RDLN/XRJDvTOdC9kI8/OAy3jtDzwRHR+CUA+nuKQNh052TfcxIk/2VA/sISy7xnGugDypmQPORM0/16UOm3/8pC+XFgcVUnXO6CK93i8WLIeo9QWK518dvX1vDOnjncfHEJf3x1NXcOLKNxkp0NY52sn1bCzLH5TJpUQrLTypNaPU8mmfqWRiOkhU3hir4eZIhU++8Tl8dIAIXkJ4HmoULUICUPLO3KUIQm72EKsZ8QoUQYHo0QreIxpYrvK1U8GRnJsOhoUuLiSI814EhMxJUQR0laCtXmVCZaTEyypDLRksoEayrTPRamebIYa01mnDWZyfZ0JtpNjHOYKctMxpuaiDMtmeTURIbFGXhCo+MfYqRcJTxa9ARhajF5lz3HMLVUodP2nduSJY+/DFMEhzsjVAhKHV9JMCLEGfiHlFh02Wkc3L6U3puv0/PBq/Teko37+H2AhMLBnZP3gcHt4/2e/8t5gj8bkN5T9XCmvi8koRCEJumh+rMA6YLL3XBls3i82AWX5XXm0hqRy5389ugG3t21gCubZ3CxZTJnGsbyxtoR7FtUyqGmhdTMGENSRhrq7CyeNqfzA6NJWk2nlUqi0UFAhitFQx2iEMMhebwidNZJNvpQQAb3Cz0+DZA+DUK56aaURlsUCOHRfCtcyb9HaVDHJWHQx5GZEE9uajLFacmUJCcwMdvMFGsas21pzLOlstBjZqE7nQVOE/PtRpb5LSz0ZTLPl8Ecu4kZWUZmuy2Mt5kYYTVTZUmjNNtMamIC6mQTQxJSeVyhFkvA0aq+F4+hyiAcYfq+k7+RKik0VQdXJ0bpxNAtSo2g0fNoQgpCrJ5H47REmU10rZvAH3/xAj03XgOpsx1IruVjfzhC9SBA/gfBCADSc2pjYCVh7+lNcEYGRO6HyGq5X58FyH15SBdckiC51AUXu7h7vjWw3Lb3Qhv3zrXw5q65bJ1p50zzRD48sIaLrdO41Dyds+017G5eQbbHSrLHzg81Wr4dq+b7qUlSyTNWumJHBWevFNJId6RUjYnRizlCuLzeIiRU6l/FkhPc0CpWaJl3iNRdHyRP80qd7+FqhAg1X1fp+XmikSHaOCK18ZhT0sjJzCQnNYXC1CRGZ6UxKTudGTYz85yZzLUZWeZKZ5nTxDJPOiu8GazxZrLBZ2G9O5OV3gyW+LNY4bOw2GFmgd3EQq+FSfYMqjOSqLSYcBmTMaWkojem86RWz0NSzhPozQyX8xK5AamRQjEpJBuuki4qKqmSFVyd+GhsIk9YrXw9MQUhPh5BryEs1cjeziXc+/UBet5/mbs3j3D3xhshV/+Q451TfY1friI9CJCPTovqY7Sn4c7ZfscvYvSn4c6Zz5D82acQOFOHqIa+YZRc8u2jT5nP6l/FGujcxc77daWT3svSMtxzrfzpjXpuvbyKk83juL51Jr/Zt4xDq6o53TCVxmlFJOrC8ebaSLel8hOtkmEWEz9MNAR3/xiuET1I6BpstUFaNiv98eXOeqBRJxvLZ3iI0NJtoLchfVaYfAVWICjUfC1GzdP6OFJSUnGYTDhNaRSaUhmRYWRMVhoTsozMcVmYY89koS2dRY50VngyWek2s9pjZnWuhRW+TNbnZrPOm8Vap5l1edmsys9mZZ6VZf5MapxpzLOlMMuZyUyPlZFWEwVZRhzGRBISk1CZ0vmmViPmP9E6qQkph55SEh6YPpa66MOlxVTy6kN5WW58KkJ8Cg/p9XxFFycOMMbp+VlcPAtnj6Dn/Vfo+fU+7t55g09kQD6v0X6RxPrDc/frzpkv8G8N8P4H6c4pBM41IKrxswEZ0Iv8FwEJ2aCh52wLHx5czdu75vHOrrn8cvdCjtWP5/klFTRPcHC4bTbl2XE0zZ/MxBG5hKUnEp3n4UlTmlhliY6VRtiVwS60LE282AkeJs04han6rsT7NEACUvbVUMnzRIhb7jwSreaxaAXfUsQwRKnEbDJSYE6jMDGOqvQ0RqenMj49mRlWM/NsGSx3W1nmzGKpO5PVOVY25NmozcumocDGhnw76/NsbCxwUF/kYmOejbU5VlbkZLHMl8ESdzrL/Zks82WywGlmpj2d6W4Lk712yq1mfGYzulgDQ40pfEmlFDeQiFaLxYsodXBNfWCJriR58wd5eFFtEDecMCQj6OJ4PC0dQSGuNBTi4nnGnEFxiZ27v3mZu7/awx/eP8S9W3/FEGlAQz77ObyCpC8EyBnJg5ytfzAgodWt09JrPg8gA6pDhOJSVx8PEuh9nG+j91IXN19azkcHV/L27gX8Ys8y3n52LS+tncS5HYtpm1HG7ppJFGbFYhtTjhAVgRAVJY1cSOvGw1ViKCVvmqCOFx8rtMFwInReKnQh1H0zUCGwhMUEFx4NiRIT2AgtQmQsj0So+JFSgyoliZT0VNxpRkoyjIzPTmOsMYEp6UZmZqUz35ZBjc3MMls6a5yZbPBaWeW3iHDkZ1OXa2FTvpX6Agebit1sKnaxIc9GXaGTdXk2VuZksSIni9V5VtbkZ7PMl8FSTwbznWZmOMxMc2Ux0ZHFGJsFZ0oSyoQ4fhgXh6DSSr0hhQiLnHgHNnsIKVVHyxUraS8ttYGHEtOkNTXSissYHYJKxTfjDNhysvj41lHuvbcP7hyjRw5T/hoJ9hcx8L+Avhggocn7XwEQrm+Bix28++x83t01hzuH1/Pciiqap+XRMbeCHbMK2Dp/BA3TS5la6UKdncUjSo2YhA5XSMtptdLIt5Scy1fK4XJVJ0aq1Mhd8hAAhg0QbvVZCxIjdsOHydO1Sh6K1vL3MQr+Q6slPikRT7qRskwT5WmpjDSnMDnbyJTMFGZlmVlgy2B+dhpLHWZWONJZ786kzm9lrd/Kxnw7dXkWGguzaSnKpr3US0d5Di1lPtbmWFmbl91HGwodbCx2sSYvmxqfiYX+DObnZDHFkc5kRwYTXZkUZ6WSlprEkMRE/k4TK/ZhFLI3kSAJ3XLoQYAo9dL4i14MIYdJIZtWx6N6HanuLG6/8wof/2IHn7z/Cr2/PUvv7b9SBWpAQz7/BfRFADn/eQFpktTy+XOQP8eDnGul91wbH5/axM0XF3OxeyaHaifSOL2A2kn5dI2080r9PCaWZGA2xqDMyORLCmmHQHmhUaRWDLXClWLSHph8VYqARGqCK/YC67hDqlCBECsm2HUP5CLRwXUbwxU8GqPlX+ISiUjUEZdowGtKpspkZHxaCqPNJsZmpTHZbmKGzcwcm4UFjgyWeLJY4clgldtMrS+L+jwrdQUOGorsNBfZaS2x017qoLXEQ0uJh03FLlZ6M1juz2RVjoWNBQ7qCp2B0GtdrpVFeWYW5pqZ4zcz1ZnGZGc6k9xmqh3pWIzxxCQl8oQhni/p4sRGpUoKn6K1UvFCLlyoBwYkIJ14MRqmEsMwtZavJyWitqZz6Y3NfHJ9C/duHOKunAj/RQGRR0EeBMiFz6kvAsiFfoCca74fgP6l3fvU3BeO/l310Aneq+3i9qHXpF7Ile77ALl3qom7x+v43aEV3D60ln2rRrJ37WRWTshn+4LRNM6pwp6lJcVl5psKafI1Uh1cuxCpFsOtKIU4XBclAXHfXlKq4BqIYSppwE+aVRqqQAiPDPYQ5MVHQ6TXRyv5RnQUYRoNiXEG7Mlx5KWnUGlJpzojjYlZ6YzLSmWyNY1JmcnMyjYy32ZkhdPMOndWQHU5durzHNTlZdJUnE1rqYOOCjfNJTYaSl1sLHaxvsAe8Bq1BXY25s7Xba4AACAASURBVGdTm2elrsBGY4mLhiIHtcVWNhTZWVNkZ2leNnM9GUxypjPGkU6hxUhKSiLhiSn8szYOQaOXvEKs6ElilNKWQCGKDslBYrQhu0VKmzjo48RdTzSx/F2ykR+aMthaPwd+sZOPP3yNP/72jDghe+fUAFWoL6ozfQz2fz7E6g/CfyMgXGiHc218dHAVvzu4gvdfWsn5rQtYPtpGTVU2i8blsnH1THKq8/m2RoMQY5C2sgkZrgsAEiPNPKmkUEs7MCBhSrFEOzgaYVAUwc0XooINM7lnEK7i4WgVj6s1PKXVYkpJxWNMpTArjbLMNMZkZzDWksZki4kp2SZmOjKYYzezyGlmhcfCWq+FjX4bG/026nMd1Oc5aCpy0VJip7XUQXu5i5ZSO41FVhpKRThkQFb5s1ibk8X63CwaihzUF9qpzbOyqdhJfZmT2lInG0qdrC6yU+PLYKrDxES7kZHOdHx2M7FGI4MTk/l/ej2COjZkWa0quFmDrNCVhQppwzn59fIuJ2otQlwif5+RxVeTk6ge6YUbr/Cfv3yBezeOwRetZP1NADJQEi5D80UAecCoCVdkQDqlhmG31CiUdLGD3nNtvPvsfO6drONPxxt4o3kKrTNyOd65hDUz88hIj8JS7uZrapUUChiCaycC49kacdPoaAkaeRHQQIAMUYhgDJYUJq3JiJLmp6LUPByp5kvRWp5Q6/hprJ7h8QZSEuPxJSVTlprKqGwzoyxGxlnTmGQ1Mt1mZka2ifnOLBa7MlnuzmSDP5uNuTbq8+w05Nup9Vupy7XRUuKmvdxFe7mL5hIbbWVOmktsbCxysDYvm40lLtbmZbM6x8L6vGzqCmxszM8OeJK2Sj8N5W6aqvy0VOewqdJL4wg/a0s9rCh1Md1tYpw/m0K3g9RME4OMyTyq1YqeRGMQDT1GI0ohbfmjCNlYTs5BNHEI2jjx9YYEBL2Br6WZeSTZyMMpyaT4Mvjg8rPcON9Fz9sH6PnNG+KYyH8Zkv9NgISOksgaCJDPM80r72AS0knvvdwGVzvovdpB76Wu+z3IlS640MGlzVN4//ka3tm7kOs7F9IxI4cDa8fTPLeQ2VPyGLVgAt/WKcVNBeSVb/J+t1Ea8Y+rjRX/0JHqYDkzdH4qNK+Q95GSRlO+FKHmSyoVX1Yo+JZazRNqDT81xKJINKAzaLEYk8lJTaQyJZkplgwmZqczw5HJlGwj07ONzLabWOKxssSVwUqPhY15DjblOWjIt1GXa6Uh30ZjoYPGQgetpW7aypx0VXlpLXXQUmqnpdRObaGddfk21uXbWJMrJukb8m00FDnYVOykqdQdOG4sc1NX6qBlhJeOai8dI700VfpoqvKxptDKHF8G1dkm/JlGlHFafpwYJ+5UIhu/Qi0qsGu9Rjofsl1plFoERNqW9O/tjuCOJwY9g8ypvH39MDvXVfF622wuv9zGH3796l9glup/EyDnHjBe0j85Py+t8bjQ9mBA5PGSzwIkZMPq3vNtcLGT3x/dwHvPLeS1jZXc2L+G55aWc7p1DtOKLPh8Fn5i0PIdo4mHYhPFWFreLT2w+k0r/rGjpR5IaA7Sf+1GuELsDcSoEKKUPBah4SfqJMJ1eqL0BhJTUkhNTMQUn4A1OZ68TCMl6SmMTE9mijWd2S4LM20ZzLSlM9NmZI4jjYUeM0s8FlZ6rWzMc1Drs1Lvt9BcaKepyE5LiZNNBdlsKsimpcRJa5mDriovLSVieNVYZKWuRAyxlnvMrPJnsTrHwrpcK7V5VhqKHLRV+Gkp89JS7qO+0ktdmYPGcgfNZTa2jvKydVwBW0bn0lHloaHcw1yPhbF2M25LGoMTDTyslRZARUnVLXnnEqVKkvT/GLrhdbRKDMk0WgSDQRy+jE9A0Ov4UVIqy9bO5fmGUXx0tpNZVTZ675yCP1z4Gwekz1r0z1iT/qBRkgep/yxWwFN0w9XNkrYEdWWzJHF48XdH1vOrFxbz6xcW88vnl1AzNZ8seypDMzN5SG1A0CeIyz+jFeKVLSoaITpKPCqkRD1Sqm4NV0kzWtLCpEhVcIwiWsWjah3/otYSpo8jMc1EljEZuzGFAks65ZnpVGWYGJOZzISsFCZbjUyzpTPLkcFUayozslOZ70xnri2Vxe4MlnqyWObJYIU3k1XeLDH3yLXRWOCgPjeLTflWmovsNBXaaC11sanYSW2+lfW5WWzIs1BXaGNtfjbrCu2sK7SzJj+btQXSuXwb9WUemst9NJf56KjKo73STVuFi9ZyJ1tG+tkyykf3KH9Am0fn0jrCx7pCO7Ny3NitRn6eoOHv9dJ9RVRaMSSNNQR3oYzRB2/nENjLVydCodFKt0tQI8TFIySk8LBWh2/qSBYuHsnetvlsr53GR2+9RK+09Lb3w2Pc+/B40Oj7N+3unO13/IJNvb8pQPrPZQUA6Q5KBuTK/eq9LO0E/+YWuNzJvUvtvPPCYuoXlrFk4XjCEmL5qSmD/5dsFK9g8qbLhjgeTUlBSJDOqdTSzWp0Yr4SrRHhUIrzSQ8rNHxZqeP7cYn8xBBPRFwCyampWE1peNKTKbCmU2nLoDozjYm2DGbYzMxyZDDHlcUcVyZzXVnMcpiY50qnxpNJjcvMUk8Wy31WFjtNLHWbWeY2s8ZnoTbXTl1eNvX5VpqKHTQW2mgudtBU6hLDqLzsQDi1yp/FqlxLoBm4KtfCqlwLawtsbChxsbHUzaYSN81lXjpH5NE9wsvmal8fbRudy9ZROSIwI/1srvbRWuFhcU42YxzpmE2JDE5O5ssaafpAKVWwovTiZEBkSMIuNQsFTazoXZLELrqgj0VQKsXEXaXiu/oYkl1G3M4kNi0dx733j/YZZ+/5aCBA/vu9wv8cIKHDjZ8bkAHOXd1M76Uuei918cm5Nj4+38YfTzfzxuaFLBjrY/SYcobGG3jKmMbXdTq+lWrkCYuFx5KNPJacJuYfOpUYHyv1CEqDtFFznLhbuVrD47E6fpYQz5A4AzFJScQmJZFlTMWdmkx+upF8UwJjHJmMtZmYaEtnhiOD2Y505rkyWODJosZnZb47k3kuM/PdZmo8mSz2ZLLIkc5SdyaLPWaWeDNY5s2UOuV21udms7HQxoZ8K+vzLNQV2dlQkM2qHCvLvZks92ayzJvJCl8WS71mVuVaRC9S5BDhKHZSW+qmtsRNY6mHhmI3jSVuWkvttJc76axy017uZPuYPLZW+9k+KpddYwvYMTqPbSNz2DY6l45qH5tKnMz2ZmNMTuKnhnjRGysNCKp4EZDh/XZblD2JSqp6aXUiGPKO8FrxHiNRFSXYJowkJdvI2Conf/zlKyIgH0nl3t+e/hsEpP/evOelSd6Bqlafd016n219QqtYQRiCSXooIN1wbYuoq5vh2hbuXeyEa1voudhF78XNbFk2kppJJdjdVswFfhJKClDk+ngiIY4fp5v4idXCN+Pj+UFmqhgyKLUIMWq+E5/Iv6Wm8sOEeJ4xJTMkXkucMYkMUzLZxkScqfFUZJkYmZXGJJuZyU4zM71WZnszmeMys9ArQrDIm8Vin4UlfisL3RksdGewwJPBApeZGmc6NXYTS1wZLPZnssyfxfIcCyt8WazNk7xDroWV/ixW5mSxJi+b1XlWFjlNLPdlscRtZpHDxCKniYX2VBGQIkcQkkI7G0pc1Ba7qM23syHPRn2hg5YSGy2lNrpHeNk+Jk/UqNwgGCNzRFjG5bGt2snuSifbRxWyuDKftBQ9TybG8oheqmrp4sUysCIUDOnWbUqtCIgstRhifTUtDSElla+kpPAflgyGJWioXSvvuCiNvt85TW9gqPBvHpABEvNz/aD4rGW2AwAie4Vggr4ZroXorW3w9nZR17fDmzvgrZ1wbRt3L3Txx1MNXN2zmNe2LKeiKJuqySPRWY3Euc0MTo5lcFoykQ4bMV4PT1lN/MRi5R8NCXw3OoIEu4lMVwZWrwW7Nwtjsh5/VhqV9nSmFTmZ5M1issPELFcGNTk2Fudls7rExfL8bFblW1ldaGWJN4OlPtHwVxfYWeLNoMZrZqE3U4TFYWKpO5MlrgxqfCIkS3KyWOm3sDo3m2W+LBb5xPfIzy3yZVDjMrNY8kDL/FaW+iys8GexrtDOMq+Z1XlW1hc7xfCqzM2GYhcbCxzU5ttpKHLSWmqnpdRGZ6Wbzko3m6t97B5bwJ5xhewak8/usQXsHJ3HntG5vDgxh+en5PHs9Hzax+fQOCqXkYV2IuK0PKrUiHCotNIxNljJUuhEgDTavooT7x0ixMUjJKfwZHoq8bZkDr/YyMfvHaDn5uvw4Sm4c5beO+f/RgGRR0vONQf3xZL30Q2sBQnZ1SQUgAcC0tFPnX1CKNlDcH0LvSHiza3wlgTG27vg7V30Xt/O3atb4a3N8O5efnOklY0rJjJiQgVVk8oZOX0EYxbNIiHfR1iWiR/Ha4ly2/huUiI/Skgg1WZiythCRhVZmTLCx9hiO5OLndRU5LGw2M2Scic1RVYWF2WzpDCblcVONpS6WVPoYHW+ldV5WazKzWCpLyPgFZb7swLALPJm9Q2xPFnUeM0s8onPL5VCrRqPmQXudOa70qnxiB5pvjOdRe4MFrrNLM/JZqnfKh4D4yVSBSsvm/UFdmpLXKwrtLOpJJiHtJU5aS6101rhoqXcSUe1jy0jfOwak8+ecYXsHpUjwjGhkOfH5bBvai67pnp5dnIOL07MYevkImaX56JITOCbWulGpFqpMSjfM0QhjZ5oJWl0YnilN4ieWqXlocQUBmWkkulI4NZbB+j98Aj87iR8KI6I9N65QHA9xtm/EUBON8GZZjjbEtT5FsRte5oHWBMi6UIzXGyhz91tz0vHi+0BL9FzsTPEY2yFa9uCur69r+Tnr2+XIOmre9d3wvWt3L3Qxf62eRTlZ7JkXhUTRroZrhxGZEoSQ82pRNjNhNmsfM+SjdJvZ/qUUprmjWbxWB9N80bQNrea1hkVNE0oYsMID40Tcllb6WJ1uZP1I/ysKfewqcLPuiIHy3wZrJEqSitzsliTL4ZFK6Wx8+V+MWdY5s0Uk3KPCIN8XOHLYokrnaVuMwtc6cxzpTPPYRK9hiuDpe5MlnvMrPRlsibXyppcK+vybSzzZbDCn8kaXxYbc23U5dpoKLBTV5RNfbGNxlInLRUeUSVOGkscNFa4aR7hY7HXSPsIL9tGi2HVjjE+9oz38/wEPy9M8PPSlDxenprPS1PyeGlKHjsn+2gZn0+1P5sheh2PJiSKhQ75lmxqnZigq3QiNNo4hIQUhPhkhFjxviGPJqQS5nBhybUzaZSN373zAndvHEVcSRgKxN+WBgZEupVzn02o++tiq7j5Qv9dTS6103upg56LoscYEJDrISFUf0jksGoAQO6+tQve3EHvhU7ef62B2ZUZ7Fg1ltbZBbz7Sjs10yqJs2fyr4ZYotx2huTm80/DnmZVzVi2LplI17xy9q0az6Ha6exeUMULi0bRMTGX9skFtEzIo67aQ/3IHNZXuGko99FQ7mN9kZN1RQ42SFduOWGWS7AbSlysyrGKZV1fVgCWUEDknxe7M6jxZLLEK64BWem1siYnO5C01xaIjzfkW9lQkE19kYPGUjebCsUm46aibBpLbTSV2mkstdFc5qClzEFriZ3WUjsdlR7aKt20VLjoHuVnx9h8do7NZedYP3sn5PDipFwOTM7l4PTCPto3JZftEwrYMLaMvFwvTxoMPGSIE2/kmZgkFja00t1v9fFiqKXUivlKrAjSdxMTSCsrYsLUSm6/vZ+e91/h3s1j9N4+/rcNSO/ZJnrPNtFzJngX256zTdyT9rEKlbwTSe8l8X6FXOp3z0HpzlC9l7v6AMKVbri+9X5ABoIjoO3wdl9QPnlzJ7y7l7unm/jjsQbOdM3gWMd0ru1dxInOGSyenofCksQzbidh1ky+l5hERJKObbWz2bN0LK/VTuBC5zyub67h2IYJvLpqNDtnF7KvppqtM0toHZ9L0xg/DSM91Eod6vXFTtYV2sXqUZGT5jIfDcVuNuTZWO3NFLvdBQ5W+i2syrGy0m8JehJJS91mlrjSA1rhzWS1N4v1/mzq8oLNw9ZSF62lLupys2jIt9JYaAsc63KzaK/w0FLupKnUTkOxlSYprGoqtVNfZKGt0k1npYeuKrEPsm10LttG+dg+2suzE3N5bryfl6fmc3hmMS9PzeflqfkcnF7IgSn5vDytlM2j8pmc78LstPFEfAIPx4kjJYImVgREI5V7VfrgaIpKrGD9k17D6PlTGT3Sxc6NE/nDL54nuHz2bxyQPvNUF9u4d76Fexdb6bnU1ke9l9vhagc9l4M/91zsDEhOvHuvdNN7uUvMMeRk/C8ACG+LHoSrW+m9uo3/PFLHO/uXcahlAvu75rN2w0yGmnX8MDWWYdkZ/JNKQ2JmCi83L+TwuolcbJ/L+dZZXGyfw8mGKZxpms6LSyvZt7CSPfPL2TarmLYJOWysdFBX5mVjmYd1RQ42VfjYWOahrtDJphI39UUuGks9gdHzdQUOMQmXyrSrcqx9gJDPrc6xsMaXxbocK7V+K/W5dhrzHbQU2uks9dBZ5qG9xEVzgS2gpgIRjk3FdloqfdSXuakvc7OpzEt9mZuNJS7WlzpZX+JiQ7GDumIXrZV+2qs8bB2Vw44xOWwf7WXnGA8vTMxh/6RcXplWENChGUXsn1HCq9OKeX6sn3VVfnI9WfxIH8s/J5ukm3hKc1ga6aafkdI2QNJS5q+nGnnKkoHRk8GsqYW8tHkhd98/+H8DkJ6zTcGhQtmDXGij56IYKvUXVzrpudQeeH4gQAL9jetbg7q25S8AyHYpcd/LvUs7uHe+m3d2z+fO0VZmjsph+pwpmPw2zIVO4kry+IFai9Nn5VDjHK50zOX65kVc37aEy901nG6dzYnmmbyyegz7F1fyQk0FO2cWsnlyLq1jvTRW+qkr87CuyE5dmTeYGEu9h435duoKHGwscLC+0MnafHvAe4TCssybydp8O+sKHGzIs7Eh10J9XjYtRS46Sj10l/vpLnUF1FnioLvMxZZSN10lTrrK3LQUi2HV+oJsVhQ4WVnkYk2Jh9UlblYXuVmUb2Oh38qyfDvL/DbWF7lpHyE2CLeO9LJtlIfd43zsG+cLAHJweiGHZhRxeGYx++eW8/rMEg5PyaN5tJ/RpW7CjEa+m5jKI/p4hNj4YJgVmN/SIegTERLTEBKS+LoqhgRbKjMnF0obTx/+vwHI3QvNQS8RYuxy3tCnJHtV9AI9l7rpudhN7+XN9/cyrnTTe0l67tq2B0MhgxAAYCe8uRve3CseQ8+9tQfe3iceJfVc28m9Kzv4+NJmbp/pYvlUPy/tqcPrNtLcUUvR5HE8oYulsMjKyaZpXOlcwuXN83hzRw1v7ljEpe4FnGmZzeE1Y3lp6QienVfCtmkFdE/Ko2mkl+bqXJqq/KwvtlNX6qKh3ENzqTMwK9VUnM2mQgvrc800lDipK7Kz2mdmjT+D2oJs1uZkinlFnpVNBXYa8+0051toL7DSWWSjs8jGljIXOyp97CzLYUuZl+4yJ11lTrornLRVemgttdFRbqc238Iin5Ux9ky85lRsaYmkJyVgNhmxWLPIyEoj22bGYTGRb81kjMPOTHcq9SPcbBubx55xuTw3OZ+9E3PYPc7Lc+P9HJxeyKszizgyq4ijM/I4MquAF6cX0DmxmOUjiknOSOaHSYl8PSGVL6tUCEoFglrH1zUKaXI6jkeVBr6niWS4x8S3k1KpmjWeD0428PH5zXz8qzfo/e1Zej48zf+WsZE/z4Ncag2GTp8TkN4rW+CK5BEG7IRvCVaq/kqAfHJ5G7z7HJ9c2cLxbfM4sXclkyqzSDEMwZSqwFbk4edJiYwc6eNM2wze2r6Ki11zuLZtAde31/DWjqWcbp7FqcbpHFhSxfMLK9gxo4jdsyvonlREy8hcmkfkUF/uprbUSV2pi6ZSB03F2bSU2tlUaKG5xEZTcbZYQSpxUFdgpalUrCg1lNjZVCzmF60lTtqKnXQU2+kucbCl1MW2ck9Az1bl8Gx1LnuqcthT5ae7xEFHmYeGYhsri6zMyHdQ6LZiSEshLC2Zn8breUKv5tsaNd9QKfgntZondLH8e3wiihQTan0CceooKh3p1I4sZOvYIvaMy+fAlGKenZjDntFuXptdypG5pbw+s5DX5hTx2swCXp6ez96pJTSPLaTAYeLfdBqxUhUXL26dFJ2MEGVAGBrFPw95hgnTKjl6uIOps0YzNCaGunXzuHZgMR//YivvXdxDYGO4O6fovXOG3jv/8wb/hQGRJ2y51vm5AQnAcW1bX0DkLvj1ECD+SoD0Xt8Fb+6m580d/OnKVq69vIFd9VPY372YXW2LqRxbzJD4OKZNLOFS9zyu7VjG1W3zubp1Ppe653KmZRYnNk3njbrJvLR0BPsXj2DXzBJ2zSpny+RimqtzaB6RQ6MU9zeUe2gqdQTWbHRUuOmocNNaKsLRXOqiudRFQ5GNplInTaVO2su9dFX6xfyi1MPmUidby51sr3SzrcLFzhFedo/082y1l61lTlrzLXSUumkqcrHYkc6CHDtljiyMFjNPJSXyNY1WnDxWqMX+hFqaWk5I5PHMTB6LN/CjOAND4hNQGY2kphkpSk9lRZ6DHaPzeXFSIfsmidUsMVkv5MisIg7NKeXQjAJenZHLwZlF7JyUx+rRhYTpNWJoFRsvjp88reWRp4fgLvCzdM5oZo3z0dmygNlrF/Hjn/8HHWtrWDs+m+4FRZzZtpzed/aLnfQPT9D70Wnu/vZvz5MEPEjv5fYHhEshIyEyIH20uW/ecXUzXNv62R5EPvfm9mACfn2XCMhbe/pBEwrOHnh7b0A9b+2g9+0d8MtnubJ/Fb8+0sg7x1oZPzaX6KR4po8t4FLXXK5sr+HK1nlc27aAS91zOd0yk1NNM3mjbjKvLB/JnrnFPDuvgu0zSugcn09zdQ71ZW6aq3NprPTRUO6hrcITAKOtzElnpfhze6mD9lIH3ZWegDoqXHSUOemucNNZ6mBzmYsdVR52VLnYXulkR5WL3dUe9oz0sqvaT3OJg5V5VhYXuZlX6GVMrgeLOY2nlRoei1KJ6zEi1OKm2JFacRI5RtrKR6vgsZQ4fpBqIMqaRqItHVVqCglJSfhTE5jrzmDzqFz2js9j11gPB6aI1avX55RwbG4xL88p5dDMQl6alsfzU/PYObmANWPySLWaeChawUOR4fzDj3+M3eVl9tQypo0tZOmS6aR5LDweNYx/SDKgT09hUr6b9SNz2D6xmP3TinluTj7nO+fD+0fovXVcXKv+v8Dov7AH6bnUxr2LrQMCIkPSe6nrzwPkQT2PvxAgvW/v4N6bW+Ctbdy90s27B1byh3MdLJpVRpIlnTHFDi5vnsfV3TVc276A69sXcrFrDsc3TeXVdeN5ff14Xlk+kr1zSziweBRbpxbSNbGQ9tH5bChxsKnCG1BHlT8Ah7wKsKvKS1eFm64KN1ur/WyWfu4sDwKyuczF1jI3W8oc7K52s2ekmx1VTvaMdLO9yklHmYcVeVYm+7MpcGRiTE1keHIy31aoeThShxBtQIjQiUuHI6V7mkcoEIZHiGvKlWoEtZpvJhiIyDRhyDCRbk4l12piqs/K+nIvm8rt7J5cwMHZpRyeVcrB6YW8Mi2fV2cUsH96MS9Oy2ff5Fy2Tyqkc0o5NWPzSbUY+dbTg8mwpVO7cBy1c0Ywd3IhKRkp/HOkgoeHi8sLfqIcztRCJ5tK7HSNzeHArCLOLyjj4pIqji0dwcENE+HDU/Db/3mD/+Ie5GKbVKHqDPEUIWs0rm6V1mps6RtiXZHzjK0D6AGVqgAUOz5FO+FNCZa39khgSHprL7z1rKi394n6xV5639kNb+/i7tWt3LuylT+c6WRdTTUpRgPjy1yc7ZzPte2LuLpjPhe6Z3GuYwanW6ZxcGU1B1eN4sCyERxYMoLnF4ygc1wurdVeGqpcNFZ5aarys6nMS0d1Po0l9kCjrqXMQVul6E26Kz1srfazZYSPzVVeEYxSD5vLvGyr8LKr3M2z5S52l3t4bqSP3eXZbCvNorvKwcZiKwvdmYyzmzBbTPwsXs93NeEI0fEIUXHiFHJMHMKwWGnjiHB+kppCyuhq/i0rW5zAjTHwiDaBn1rs/ItGS7TZjDfXwYKJlSws9rCm0M3qnGw6RhWyc2IJ+yYW8dKEAl4Y5+WFCW6eHedj33gX3RN8rB1XxDS/lbiopzCbdCxbNIHaBSNonV9J+4JKGmoqmLx4Hg9H6nhIoed7yuG4k9Ss8mfyfLWfw1OKOTy9iINT8zhbU8Gba8dwqWES77ywHm4cQxw7OQMfSlWt2//LR03uXejoO0D4wFBq6wMAeYD+bEAkSK7vEUHoA8iz9wPyzrP0vrMX3t4D7+yj9+oO+MU+djTNxeE0Up2fxcn2Bby7cznXd9dwfXcN5zpncKFzNkc3jOe19WM5sLyaFxdVsWtmCdsnF9M9RqxkNVV5aazwsKnETUuZj6YiO80ltsCyWDnc2lzlZWu1PwBJZ7mLVkkdZU62VrjYXuFie4mL7aUuusud1Je7mFfkZFSeA01yHP8RHcljYZE8GqXlK8Mi+LtBQ/hORDiPD32aCIsJnc/HD+JT+UqUhkeeHorwTJh0KwOFdNvnaB6JVPDosAieMCTwlEGNMSuVET47S0r8rMixsciexnK3icaCbLZVetg9LpctYzw0ji5lY6WbabkZWFIM+NMTWDdnDPPHevjFq810LCika1ElXQuqqZtdgjHfjRCt4zsaA9kOC2ur8tgxrojDk0s4OrmInaU2Gv1p7KpwcHx2KWdXVPN67QS4IQ0ufnhG0v8PyH8rIHevbBfDsOu7uXSwkZzcLEaVuzjZtYh3dy3jzT2LuLhlNqfbpnKxaw6nNk3lyPqxHFk/jgOLKtkzZG/rrwAAIABJREFUs5gdkwrZOi6flpEe2kb6aC53sSHXwqZCB81FdlqKbbSW2Gkuzqaz3E13pTfgOeTR8q4KNy3VLlqrXLSXOdlUYKW51El9rpW6IhcLClz4LGZUSUl8a1ikuANLpAYhXMmXn4ngSZ0RVUU16vxSfqg08LVBEeL2Q9FacT19ZDzCEBUPhSv5ZowSYWg4QkS0uIJSJTXwFGr+Ljqa4YZYRhV6WVzqYEO5g7piB2tyLKzKtbKy2MXC3GxKnQ6s2gjsKToWzp3KhBIH7xxs5ubRTdx4ZRW7avLoml9C68JqWtfO4dt6JYJGz891BibZstlYZGfPuDxOzqvk1Qk5PD/Cyc4yF925Dtq8mWwf4eaVpaO4c7Lrbw+Q0FwjUL3qD4OcaMvnPguMgWasviggoWB8GiC/2CsC8gsxJ/nTuW4+Pt/F+yc7yMnJYESZm5Nbl/LOriVc37WQa7sWcrZjOqeap3KifjKvrxvN4ZUjOLRsBC/9f+ydZ1ic95mvR3ZiZ3edE2dzNtm0TXOcxLYavQxD752h9zYzTC90RO+9g0DVVrE66kKSLclqqAs1JNFBxY6LnDibTTaxxH0+zICQjFs2m9jnyofneofhZeDDe/PU//Or1dJblMbO3FQ2ZMSxOSORDTrjMOB6RQyvKqLZqIxhgzKaDcpotukS2ZmRSo8+kZ0ZKezMSJnJQdalhbNOEsYrKVG0xYZTHiVmSVQI6mgxDiIR3zWz4QnTVsNfhkQgsHHFN01KSHIo37FYhMDCmp/5hfJTBy++bWaP4KUFPGNpwbPmljxpbsuTVo48ZWHHd5zdeNrWFoGltXExtY1pcZ6jJwKRG08KHRGFBpGjSaRBE09VopjC+BAyY4ORhXgT6+2KNjWWuvRUlpYZCHO34PdXtvPe0Tb+fH4Fvz/eyvHlBra057BuRQ2+EUEInEQInFwIiIqkMUrMG0Vy3liSzFCTnvGWTM4USdiniGa3NJE10eF0RwbyWpmK0e0N8IEJjt8NfPkAeWSo8MsIyHRCP7GXPwz2oNLEkpgQyPntTUzsqmNsbz3j+xq4vrWcK6+WMPBqOZdfyef8sizOdmRwqjmDI5VqduelsC07kS0ZCWw1xLNFE88WdTybFDFsVsayQR7FRkU0W9XxbNcnsVUbT48+ke2GJGN4pYhkeVoknYnhNMRFYogMJcDHA6GHK1a+/vyTma1pYZ0jAjNbnl5ggcDKGUO+nuX1erxC3PnB/Bf4xnM/xs7XnbZlDaxZVsnGV+pYv6aBFUtLSUyL4smf/cy0nd3GuJnFxrR21crZtKXEOBoyz1aItacbKQnhpIh9CfJ1xsfXiZjYEDTKFJbokqnWJ9BZokUT68ndY1388UI3fzzbxfuHW7jUU8/q7koWOVvzrEiEwMGFJ+1FhEWKWalJoL9KxbVaJXe6s3izO4fxpgzOF0jZnhLGDkkKbUGBbFLF0L80iwf3LhoB+e2XJAf56Km+bV8QQPaZ7NMBmbGJXrh1AEZ38YebW2luzsXf34FT21oZ31XL+L4GJvc3MbSjmhtbKrm5qYrr60u5+koBl5bncbY9mzeq1bxeqmRXXirbMhLYnp7IVk08W5WxbFFEs0UZw8a0SDYrouhRxtKjMQGkiWejKobV0nCWJ4kpjA/CEOFPUmgANu7O/NDNkScsrZhnIXwo8LnIBsFCC+NmFpE/PzN7ic2N2ayqK0EojuVpSxFP2DrxzzY2+Ij96W4qYHt3DjubFaxt1BApT0Jg42naO+z0UJPQwsHYL3FwQuDkjUDkgVlUDC7BgWRl68jM1+Ek9qC2rY6IWDGZ6amUpqewtDaPzsYl7F2Vz3tnlvHmkRb+89RqOvOT8fRx5FfuLsZz6C5efM/FA0VaEl2GWEZa0xlu1jHUpGKkRcNYo46hGjUnshLZmhLH8sgIuqP8OFmt5vcTR3lw76LxdOGXAZBHTvmN9BjnpmZDMdumDzk9Yp8AyyfNXc0Fy+xx90njQSkmemeVf+cAZLaN9Zoair08mNjDkV0NRIlFHFjXzOCuWoZ3VTO8o5qhnmqGNlcxtKmKa+tKuba2hGtrSji/NJfj9ToOVSrZkyWhR59Ijz6e7bo4erQxbFXHskkRzUZFFJsVUWxRRLJFGcXGtFjWySJZnRZNY1IUhZGhhAT4s8jRgW8IpzerOBrXmk5rs0/bAhuTBxAimL8QaVYaG6vUrG3JYkmRnp84OzLPwpqvWVryfxb8As9wX5Z3VbGiRkd1VRb/18rKKPFm52H0HOa2ppKwg1Ewx8oVgbM7i2UyvmGxkFfXdaNKDeVHTmbU1dRg72VLdmYy5elJdNfoeLktl4b0RB4MHeFwRyb1CZ6szJbQtESHp5cLP/f34VlPT37o7ERqTDAbdTEMd2q53pjBhQo1wy0qRpqVjLUY6K9UsVsVy5qkSBoDPdi/RM3vrmzjw99d4M+/v/6Fh4PfXEMwPZb+sAu+/WEn/H8CyLS3+bsAsp8Px3bx+1u9dFVreKXKwMi+JkZ2VzK6u4qx3TWMbKtkYnsN19cXc2NNIddX53N9RSHHqhUcq1KyIzeVLenxbDbEsckQy0Z9LBuU8ayRRbNObux2vyyL5mVJBOslobySFk6bPAp9TAgBXq48ZyXkXy1sEZhZGh/axXafAIgtgsUOzLOx57vmL7Cpq4JNTTmsb8phTXshNdUZhMX78T3L+QgWWfDkIgvsfNxIr8jFT6dC4GZayWNnzzw7K+OOLzvhw31g9i78i3cA33VyJr+8EJ02mYU+IpLUSux87EnRpZCnS6K7XM2r9RlsXCJlrT6SHfmJ7M5LoLdYztYiDUVJ4YgCAvi6pxf/5OlORIQv27WxDHekc6pEyZliNTcbNQw3axhs0HK1WsmxXBmvJkdR5enEjnQlk68v48PfnuOPv7nyJQJkekxkZvJ21n//2Q/9TCNwFiCPP/Sf1YPMOcE7y6YbheP7ZjUKZ9nEAZg8+Cggs8B5cGs/f5rcyZvnN7GpWstIbzM3t5dws6eUsd3VDG0p59q6QgbWFXGxO4vLy/I425ROX52OfXmJ7DEksEURxXppOC+nhhorUbIw1qdFsEYaysqUULoSxXRLoqiOD6cgJpSEID/mC4V8ZbHlLPkE0zLsl0yS04/AYWfcCWxmZxTkMbflaxZmhEQEsrY2l96OfPY261lXncbK5gxWLS+lvrMKz/gYfmS5mG9ZLOKbLq4IHIR8wz+IeWYLMTRW8U1bewR29jxhbWfUQ7e0QSB05tuOXvzQypKG9hqU2VrcIoORZ6YRIY+nKCON5XlSNhVLOFySxqkKFScr5JwoSeV4YTKH8lPZpE8kPiSEb7m6IvByxy3Ym60ZKZwul7EyypeNyeEcyYmnv1LBuTIFJwqSOF+qYr82hdZgX1alxnP+lRIefHCR+7M8yBd5RutRQGa64tvnBuSvGWJ9GiBjptH2Rzrpj+Ujc3mRiQMwcZAPJ/bxYGQTf76+lY1lEq7vbuDC+nxubqtgqKeaa+tK6evI5PTSHI61ZnC0KZ0jtQZ250vZX6xkszKWtdIoVqRE0pEUSXN8BO2pobRIxDQkiymJCaQqJQp9aACBzs44zF+Ana0DP3V0N254tHAwieyIjCC8aDc3IIvsTfILIuMIiZUt31pkTl1FFq1VWaxoK2ZFaxGr2kvY0mJgb4uaNY1ZLGsrxjHMH4HQjSdELvyHXwiy4gIiEqP43gIL/Aw6ApVp/Ie9LQIrCwR2Qp5x80cwfz4ZFZmULNFh6SOkvakEPz8RjdoEtuel8lq5jPNVCvqrVJyvlHO2XMLpMgnHi6Xsy0qhMC6ExV7GEfhfuTjRlC7lTG0GDb5urIkNZ48mmv26WHp1iezTxnC2QM7ZQg0rYoNpjg7iRHsW/Odlpj4YgPevM/XbLxEgD8919MwNyCNeZno9z/ZPTt7/twD5REgOcv/Wfri9FUa2cXVjJf09NZxcns3J7hzOrCigryOXveVydpUrWJ+fwrqcZNZnpbAuPZkVqlgqEoMoSQyiID4UXWQQyrBAJBEhJIYFExEYgKuTCy+8uBAHByeSQoNQR4SSGBSI0Mudb1iaI7CwNC6/XmiD4CV7BC9NS0rPAYi5CIGZk1Gbw86ZJy1FuAV7kFacy1d++SLfnL+IHz3/U0oNSWyoUnOgLZst1Wk0NuQZQzhHdwQuXvzA3hpJhoqfCZ0RK2QkpCVR0V7Htz2ECBwdmOfsxTd8PdCVaylXJ2LrYc7qiixKVJH0lmi4WKXhTHUa/bUKBmpVXKpVcrZGzslqJYdLVexfIufljDh8A/34dxc/fu7qRWRUEAeLNayKiWR5RChr4wPZJg3n5dhg1ieEcEgTx6ViNT3qWGojPDhYpYB3z315AGF4+iDU1k/3BnNVqz7PvY/nG7MhGd89R4j1mM0FyeRemNwDk9MzWvtN1aw9TN3eDyPb+MPFlzm6rohD7Tkc7Spga4WW9UVqXl6iokkTT4M6nvK0WJYkx5CdnIAiKpKESH8io4LxDPHHyteHHzk683UHJwTmNjxl68zzTu4EBQcgjQxGKQ5EG+SHNMAH78Ag/o+1cTv8z4MjjMuxX7Q2QrJA+JjUtMmmhUKnBWysnZhnI+Sl6AQE8y0QLLDi6wutychSs7U1i556BYc6tKxqyuM/7IUI7Bz5ygIhz7k4stBtAbvWd2DrLSQoJZY0fRY/srDlGWdHBE72CIRCXgoOoDwmlOb0UHrzpRwtk9JXJqO/WsXFagWXa1RcqVFypV7J5XoV56vknC6T8UZBMltyksiRhbPA3YVfunkSHRXMKzoZ29KiWBsdQHtECO2RoXSE+tEY7MuqxDDOlSo5kptCub8r+4uk8P457v/OVO79uIdzRsF29j1/j928X1hAdn/UHvcejwCydxYg+2BiFw9uHYCx7fzx4itsaNbRWqaiOk+KQRZJYqQ/8ZFBRMeGEBwbhIfYG1sfd0TBwfzCwZHv2zrwrLWQr01Ltlk6mXb7GpVg/8VSxAIHR/wD/Ijz80UZ4Euqjwf+Pj48L3Ji3mJz3NPzECywNnmMxwCZUc4VPgRkWlDT0tG4bX6xNYKF1sxbYM1TC2wQJ0SztiOf/SsL6W2Rs3NpPlZCK54xs8Y7u5BvvPQLVrfmU6UK4/CrS3FyMMM+zA+/TAMLg4J5ydOHZ319+KGdHcvTFWwtTuREsYzTVWmcq5JzqUbFpRoVV+s0XK1Tc7VBxZV6NRerFZyrSONksYTtOUmUyMNwEwfyorsn/oHetMpiuVyTzWvqWFbFhtEWFkBzoCdlXm7Ui73pK5TTVySnTuzD/kIpvN3Hnz44/ymAXPmCLK/+sgIy0wfZNwcgvTC+k/sTvTCynXf6VtJYIidMEoFDsAc2Qd4s8vNmYUgQ33Zx4rvebnzLzc04rmFh0gcxN+moWziapBJsESy0NkknG/XFn7Fw4FdOnri6eRLj5YU0wIdAL1fMXRz5FycXbNM0Rg+w0P6jgMzWKFk4S2p6GhJzuxmx0HkLrHligQ3P/OpXrFi3lFVtBfS2qNnbqGZlfR4v2Qr5ursrvxBacHVdG8eWFfBKoYTDG9sIDHbFKSyAn4kc+b6lDRYhgTxvbU1HjpIDpamcq5RzoU5Ff62KS7Uqrtapud6g5Vq9mmuNaq42aLhYreBClYIzZWnsy0+hViYmODwIc29fXH09aVUns0cbw4W8VHbL41kZGUhbiA+FXh6U+rtxKDuJM0UKGsN86S2QcP/OUf77t18iQBje8tkS7k/LMT4PLHPlII/AsncOmyv/2Gs8u246q24EZD9M7ubB5D4Y28n7lzeTkZnK923N+ZW/Fz/w9eI7/oEI7EQIhE78MCjcpGNoAsLcyfS1vbFDvcgKwQILBPOtjA+zmamnYebAExYOPOfgiKuHG2IfT9w8Pfilg4inHV34cUiEcav8YqFRT32h8GFIZTFLSXeh/UNIpmXhplWvFtoatRLNhPyTpT3PvPQCMl0Ka6vk9Daq2dFWgEyewjMOtnz7hefoe7mJ02srKNWLObS6ir7uZooVcv7DxoavOdhj4SDC1S8QabQ/h/JSOFOWxrlaOf11Cq7Uq7jZrGOwWcfNZi0DTRquNWq4Uq/hSp2W02UyDuYl05kWQkJUEHb+gTgF+6EKD+BgoZyT6TEcUMezNi6U1hA/Cnz9KPJzZ7c2mkuVetojA9mXn8Ifx1/nz18mD/JXB+SToPlMgOyZO9+YC5Bb++DWXuP1EUD2MDWxF8Z2MnpqPU4+TngkxuKanMjPfLz5lqePcW2NpUk4Z1oZd0bp1iS6Y2Z6sOebEu2F00I8dqamnD1POoh40c0Fa1dXXvLw4p8d3BDY2vEt7wCetHGcpagrehhSzVbSXWBvtEWzIJmG5pF77XnCSsiP7KzpqNDQU6Omp60QqS6OYEkqWS311DTlsbRYQd+mdqpkYXTnKEkI8sElOJhfuLji4xWAb0gM1iJzzlZkcKJMwdkaKZfqFVxtUHGzRcdQq57BFh03mrUMNOm41qjlar2WizVqTpamsTUrHmWMGBtvH8x9PIgI8GZjtpSTOUkc0CazOi6cptAgsjx9KPT3Zo8+liu1GXREB7EnL5kHd4/x599d+JIBMru8+2njJJ8FkOmH/pH7TU3IsZ2m6465ARnbw8NRk7nMdDZkYj/c6jXZgYdwjPcyNbkPJnfByCYuHurGNtCXqOxcfhkQwFPmlkbNcFuT9Ji5jbHEOq1ENQOKo7G6tNgJwSInBPNFJkDsecLCnqdsTNLIri486+TEv9rY85S1o9HDmJkjsLblByFhRgCtTNBZTENggsVMaPIsQhMQplBrGpqF9gjm2xm/v0iEYJGIp+ab09FaxvoqNTua8rEOcuIX1rZEZufwr4t+QX66nA6DjDp5JPIwN5SKJMKio3Dz8cHH3QM/3yB+9MLzHK3Uc75Gw7kqKf21SgYaNAw16RltTWe4Vc/NFi03mrXcaNJx1eRFTlYq2Z2XTF5iGHburvzCwx2/QF+6DYn0FcrYLotnRXQ0Zf7BKJ09qRT7cHhJCpdrM+iKDeK1Ejm81cf9/7wC75ukmacT8t/MvprmtR7ZhvJ5ZZz/WoBMi9rMLGLoefjAz9UT+TgP8XEd85nvm3bvjm2f9frjyrymsGp0z6P2kVOFj5V4x/cbIbrVy4Nbe/jTeA+v9XayOCSYJ6yFJm0+J9PeWRejapK1KQk3M81Imdl/jJ6hyJhHLBIiWGjLMyIPY+Lu6sRTtjY8+cKLfHORJS84+WDp4cNPhSIWh4Uxb5GZMdSyEhpzHDPHh7/L3P6hd1nk8NDmCz9i8+aLECxyQ2AmZIHQnJ0v19NRpOfphS9gH5PES2HxfGWhOc8vWEhtSTb5klDK5bEsMegIDvDH08ORACc7EgL8+fFzz3O0xcDFKgV9JUlcrJYz3JrOcLOe0WYDIy06hlq1DLZoudms5Vqdmiv1Gk7XatiTL6EsSUxAiD/P+fnjEexHiz6O3swEVkaLaQwMIdvNmyxvH3r0iVysUXOiTMmqZDHHajRMvXmKB7NHTX57eW51qb8xDJ8dkOmHfXZ/4y8F5BEPsd3kNXbMev0/BGRsH4yabBqQ0T0wuoM/vn2W6go1dk6LWOjtxdPuXsZFy+4eRlDsXRDY/AWALBYay7Hm9nzT1Zd5ZubYBfuTJk9GHhtGWkQoOv9QIv0DeMnJge84uiIwdzap5s4BiPn08OIsQBYIP2oLhcbPsXDknxfOp6CuDEc/f+ZZ2/FVcxECaxcEtiK+bWOPtasTEUHu7F2zDC+REynhkWSmxJMp9iIvKhSrheYcb0znXKmK85VSrtSrGGnLYLTVwEiTntFWPcNtOoZadTOAXK1T01+tpjcnhVpJJAFiP37k44V7SCDlyjhqwjwoC/CkzM+LplA/NipiOVuu4nq9gc1pIWzRxnOhNRvePcv9/xwweZCrHy+/9kUA5P6NV41L4Aa3fNSDPB5qPQ7MJyXmczYGd81hH9c0nCtJn2UzG05M5d7R2ZO/e7k/uof66ixCIoLQZmrwi4nm274BPBUQaFSlcjBJHNuJjIBYOD4KyKI5zMyUS1iYlHPNbXnWM4B/thYSlRxDrS6F+pRQSoK9KPMPQB8aiIefB89aWfKknSsCS6Ex6TdVwR7xINOAzIRbDh+1RaYxeVs3BBa2PG1uZSwJW5sKC+YiBEIXvmoj4pd2dsTFhJIU5IOvyJVE32C0wQGUBbjQJU/B0cyCm6tKGW5ewkCThpstOobb9Iy06Blp0jHcrGakXc9wm4HhNj03m3RcrVNzpVbNwZwkOlVxRIQH8RMPN6z9/CjN1aHydWGJOICX5Qkczk3lTLGMK1VqzpUoWBnlweF8BZc6c+Gd0/xpGoCP8x5fFECMK0Q3zR1iPT5s+HkqV3MCsnsO+wsBmQGl9yOATI33cmdgH57udhTnGchQpRCXlMgLvsH80DeIr3j6GEMse2fjYN9nBWQ6gbcwnv4TWAmNB5PM7RC5iVhZqKNLGkVNqC9VESHkB/iS5OaKyNWNr9raGwsCZjZGEOYCZHaYNRuMxdMJvo0xVLN2e1iOtvZEYOuMwNyReZaOPGHnwnesXTC3taZ3/TKinewJFLkT4xOMKjCAxghfuqSJLPrJj7nSmcVQnYGhdj0jnQbGl2Yw2qpjtEXLaKuGkXY9ox3pM4BcqVPTX6fitbxkOuXRpMaEscDdg5+6exASG46fyIYMcTArkkI4nhvHicIU+ooU7JRHs1kSwrkKDSNrSuG9U/z5A5MswicJeH4RAHmkivVpHuTTcozPDMjssOljKlqfBsb0z88ByIfjB2luzCdTJ6U6S06RIg6NIg3n0Hh+4uTF1928H6oo2ToYR0I+LyBmdiYFXeOpwJ+bLeDlsizWpMtoiImiOS6a7tAwOvzDUPkE8ry1DfMsbRGY2Ro9xAwgwoeAzFS6Hgu3zB1NZmf0QpYuCMztmGduj8DKA4GtE18xE/Etayf+zcaZ521c8XW0oytbTlemmmgPHyK8g0j186chwo+lihTsX/ol17qyGKtXM9yuZXSpnomudMY7dIy1ahjv0DHcpmOsM4PhVsMMIGfrlRwsSGGZIobUkEC8wyP4ka8f1gE+uDk5kBkRzhZ5FFcr0ugrl7NLl8DLcUHs08RypUrH3a31cO80939/2QTIJ+iofxEAMe7DMo28f9w5kE+wqdHZIdgsmwuQ8R1GG5sOrx4D5CPeZFY/ZLT3Y2D5aAn4w7HXCfN3o7Yii5J8BXmGVHIUySSkpGATEMLTjm7Gc9s2zsZcwsJxlpmqTdNl1tm2yBQaLTJVuCyMcAhsXfjaQmu66nPYnBvDBkUi6xJj2BgTyvrIIOpDg0lw8+InZo48uViEYIElgoWWpoqVk6nEKzQ2JqfzHfNZZiZ8WAGztDUWBsxsmGcp4mlzEQJLe75i5cy/W7nzvKUIO3s7utKjON6ez/6mciTuHiR4+CD18KU0OIDSlDgywrw515DOW9WpjLfqmGg3MNFu4FZnBreXZjLWkc5IRzojHRncaDFwsyWD/lo1Z6vkHMuXsFISgSFKjIe/H+Z+wTzv4op/oC/l0SHs0SVxvkLNpToNRwuS2KUW80ZuEtcbsrj9ehe8d5Y/fdDPgw8G4P1rGBWo/gHIrArWzv81QKZG9/FfwwcI8HOmvTyH9oJ08nVpyLUy3BJjeVbkYFJrdTXBMV1+fQyQBXZzmHBWuCN6+DML7XhykRV6eSzby5Ss1ySxXZXKHlksr8lj2CqLoUsSjzjQh39btMj4+YucEMx3NPZWzExd89lmbv/QzEzjLtPNTCsH4ypQMyFPm4l4xsqBH9q7Mt/WmQA3V5oyJPSvLOTSihJ2V2SjcndF7uOHLiScsuQUIq1e4GRrNtdb9LzZZmCsVcdkRzp3urK41ZnBRLuB0VmA3GxN53pzOpfrtPTVqDhUJGWVOg5dXChu/j78wtcPm6hQ4uLEtKdEsk8bz7H8FC5Wqblar+dseRqXatWMdRfwu0tb4J1T3P/gCg8+uGb0Iv8AZNqMkmuM/DUBmZV7jOxlanw/967tJCY+kFWVBazKzyVDJUcUE8bTHk4InE1ilLYuxnh+5pjqLEDMHB6dup0x+8cSbJMtsOGfLKxwsFzImkwZG3OTOZgt43VNHKd0sRxVR3HIkMBGTSxSf3d+NN8KgZmrKWyyNYZOi2xMQAhNq3yEJjjsjYetzOweehIrEQILB75iLuTblo78xFrIQqErzkJHdjZVslYbyel6Nf3teSxNjSAnwJuskGCyoqKRBQXSlODN2FI9k+1aJruWMNmRzmRHOreXZnKrM4PxNj0j7YYZQAbbMrjeZOByvZ6+eh27liTTpojAkByBd5Av33dxxiLEB2WimH1LlJwqlHO8IJW+IgmXK5UM1Gq40ZbO5PpS/jhxkPvvnObBb6+YRD2/TCGWCY6Zzez/E0DmzEs+BZCP5DC7HpZ2x/Z/TC7ysMz7YHgPU6P7eLt/C7K0SFqKM6lI1+IbLuaHfr4I3B0RODqavIez6T+yCQ4rJ57xEptGQD7Gg8y3f5g0m5uAMndknoU9L/q4EOXnzTJVMgdr0jhZnMaxjFjOGGK4kpXA5dxErmUm0CuNQe3lwy8X2/KkpR0Cc9OJQzNbnrBy5AkzIV8zE/L0YiFPLbLnq4vseGqxPU8ttudJMyFPmov4qoWQ/2sl5Ke2IqxdfbC2d8DN2ZMAB1cSHGw41VzCsSo1J2ozqQr1pSg8hJzQEDSBfqg8hdzoLmSyRcVki5rRtkxuL31o4216owdpNzDcbmC4PZ2h9kxutmRwpV7PiSot23OS6FTHoIzyRyz255euriwQmtOeLeX4kjQuV2o4U6nkbGkaA+UKblQrGV+Ry+0dldx/7zRTv7nI1PuXjBWsDy58PCRfVEAe3NzGZ1rQ8NcG5CPDjJ8PkA+Hd3N/ZC9/GO4lJSmIonwNyfIkLEIC+bp/AAIC5LX5AAAgAElEQVQ3k3KrrbuxZzA9bzUd60+f/jMTzp2DPF5ZsnBEYO7MV19ajDDUA0lwIKuUKZzrUnGlTsXZ/EQuZCdyJSeZ6/kSBgpSuVogZ7cqgdwgf0S2Dnx3gRVPWouYZ2bHsxYi/s3Mge+Zi/iemYjvmzvyQwsnvm9ufP1jG1d+bOPCT2wceMHOAXtHF+wtbfGws8bP0Y1w1wCiHd1RuLpypCqbarEbr2ZqyAoMICNUTKTVAi635nKjJZOJ5gwmm9KZaDQCcacri4l2wwwgY50ZjHSkM9hqYLQzm8G2LK41GDhRomJ/oYJlugQyYoJJjQ7FysWdyFB/dpfquVas4HKFgjO1GvorNVwvVzBYo2JsVTa/O9rO/Q8uMPXBJYybTS7BB+e/2IBML457ZDv7p3mOWb2QqdEdD8vBnwbIXDa2kwfjO5madTWOopiAGdlhBGVsN4zsngWM0R5M9Bqndsf2cn9kL1OTh/n1wGtYeDshyVQjN0hwCg3gWZ8wBB5eRl09oYcREksH0xyW0LgE2to0RbvQxgjBAuHDKdwFpt7EdGXJ7KEX+VcbO0LE3tRqpKwxpDC0PIvrzVouFEu4nCvlxhIZg0VSrhenMlAs5WKuhMOGNOpCA9EHBPDzRVZ8y8qeZx3c+Q8bd8wtPXnJ1pX5dq68ZO3Ei2b2mNu4YGbpyiJLD8xsPbC0ccZV5I6/sydZiYlEOrkS6+SOzM2PrMBwKsKD2VlRTHF0BIYAHyRCcy4uLWegWs5gvZqxRh0TzXrGGzWMNal4qyuTW206brXpmGzVMtquZbhDz1CbnqH2dG606Llar6WvSsPeYhXdhmTKZDHkJIQiCfWie4mS10rV3Kw3MNyo5Uazzrgnq1HLnaWZjK8vhMm9fHjvHA/unWfqfZM0wgcXPqHUOz2Pdfnh9e8ByEfPmv/tAZltHwVk+vVHAZka32s6TLWbqbFeho6+QlFGPD9zceI7Npak5mpxjwnh331DELh5IXB04mu2Nvzc399Y3hU6GTcSCh2NZiUyepBFooeQfKQfIXoEkO/a2KFKjaE9S83GPDnvbq7k1so8+ktlXMuXM1gg52ZBKlcKErmYG89pXSwnNCnsVSTTER5MdnAYgc6e/Hi+OT8XuvJLBzeEdq44Ct0QCp2xFTkhdHPFQeSMi70r7o5ueDu6EOnhSYqXN3o/TwrCg9F6eaL28CQnWEx6qJjc6GgSHYQone04XpnNtYZMhuoUjDSoGG/WMtmqZ7xZy0iDgjsdBu52pnOrTcftdj3jncbeyHC7gbGlmYx0ZHKlXktvYQrb89Po1MZTkRRKgzyGV0s17CzVcLxCzVBTOhMtOibb9Ey2pXOnM51fry/m3cNdxvLue9OAXDAC8kk5yBfAqwiMmxRNGoJ/D0BGTUA8bp8REOP3jJokH47s5jdDB9HIxPzUzR2BhS0BmQbso4NYEC7me26+CP19ycyQIdWm8gN3D1PDUGjU/Ba5IrBzNY2dODx6mGnx7ElfUyJvLkJgIeTn9jZII/zp1MvZWqjk3c2V3F61hKuVSq7kybiZn8ZQkZRrRamcz47jjDaWs5okTmtS2ZsYwXKxL7X+/uSHxuBsI+TnFuY85+TMAjdP7F088BC5EyJyx0fojLODE+7Ozvg7ORPn4YXcy5fsQB/ywoIoio1BGeCPPCCASE8vYj090fl6cKJ2Cder9AyWpTHaqGasScNEi45bbQYmW/UzUNxu1/Pm0gxutekY79QzujSdkU5jNWu4PYPzNUr2FqWwq0RJhzySLmUs+0oM7CqQcLJGx7ESCTeb9Ix3GLjdncndFbncXVPA8NYqeLuPP/6m/0sMyOdZxPA4IHPlIJ+1GvZ40/HxcfhHKltzNAqHd8wAPjWyi/u3j7CiOQthuBiBlQPPODmzyMcFB383ZImpNOhVdKsTaEmXERoeznwfP77v6sJ3XVz5msjNON1rIzKNkphKrNNl1sdLr9ZOCOZb4BnoR4KHkOIIX7YtkfFfu5sY7criWpWKgQIF1/Ok3CxI5WaxlKsFqVzJl3A5O5V+QyLntPFsV4SyLjKQpcFiGsKjKImOxsfejRd++hK2Vo5Y2jhj7eyFs1cgIlcfRK7e+PgEEewZRIJ/JAm+gSjCo1BERBHh5o7TgkX4Wy4iPzKQvqZCrtQYGK9Wc7fOCMZkq56JFh0TLTput6dzp8PAm0sz+HV3Fm8uzeB2u56JpQbGuzMZ7cxguD2dwbZ0LtYoea1Ewr4SBesNCezMS2P/Ejl9FUr6alTsWhLNoWoJZ5o19Hemc7bDwN39LXDnMFMfXOKPvx3gwb3zMzYDyAeXH9ocUEy9f3HG/uaAPKLt8fcAZE6P8nkA2QvDe2B0Bwz18OHoLt66vJWY1HD+xc0TgbU91u6OlGZpWJqlYGWGhPXZaazMUbFElogkIYYQcRDeQcHY+AfxTXuRcfzE0jRYaGFnbMzNvJ42ewQ2jsxbaEmaNJk6eSyb8jWcbC3gnc1lvLehnCvlCq7lyxnIlTCQl8RgoYTBEjnXytK4UiLlWrGUGwUSzmQns08ew6qwQFaFh7I6MpRXI6NZERNLVUIiPiIRzy2Yj7mtPZ7Obvj7BeLs7IansweBbr5EBIUQFxSE2MEOn1/9jKWqJI5VpXOhSsNQvYaRGgXDtSpuVCsZbVRzq83A7fb0WZ5Ex93OdN5cmjEDyK3uDCaWZTHamc7NFh3Xm3VcbdBwskRGjyGG3Utk7C1IY29OIqer1Ryr1XD39WUwfhAmXoe7x+Cd03CvjwfvnuT+O+eZevfKI4DMeJHf9D+0L5oHmZZqntms+DkBefT9vwCQx7eifCIg032R6XGVXTwY2Qsj+4yJ/Mg2pka2w+2DNFUbsI6J4hmhM1l5ObSnq9hYqmbVEindeXK681VUquPITYogOzEeQ2Ii0dExvOjmxnfc3HjK0eRNrITGGSorExQW9kZgLO14WuTB0y8upr4sn1V5aWzLk3N1RSW/3ljCndX5XC6XczlXynldHJezE7mxRMJgSRoDZTKulkm5UpLMtfwkbmZIOKZJZk2cmBVRwbwcLWa1JIBX0oJZkSimOyaS+oBg6iJjKE6IIz8xluz4KJYkxVKUFI8hOhypu4j1WTKOlqi4WKFktEbFSIWEt+oVjNfKGWtJZ7BBO+M1Jlp0DNUpuN1mzDumc5A3l2Yw2aHnzvIsJpdnM9qZwWCbgasNGi7XqrlWa+C13CReK1awLz+FE9VqztYbOFyvYeLwcni3D947y4N75/nve+e4/8F57r93mgdvn4G3Lz4CyDQkj3iIuaCY7WH+LiHWIwKcn7EHMrwDhj6fd3jE2wxtN9rsfOWTwHv8d805v/XQbh1fjUYbS3BSFO31VazKULK1UM/GQi2vFinZXK5nRWYatYokKuRJVKQlkC1JJCw6nMWeHjzn4s6/OboxT+hs3HFrb4fAxp55Vvb8k60DTzo681MPf37+ohnNOSpW5yWxThdLf3sub++sZLArk4vlaZzJTOZiejL92clcK0hluEzOzRIZN4ql3CyRcTU/mXOZCRyQhbMtXszK0CBWhIXySkwwmyXRvJoUwSvx4SyPCqYrMoTu6HCWRYawNiGcXWlx7FXE0yOLZ7cqjuMZKVwpkTJSqWCoWsForZqxOg2jtWrG67W82ZbO7TYtt1t13GkzMFKn5nZrOrdatNxq0RrzkKXp3OpKZ7I7i8llOYx2ZnGjxcClGjVnymScLpNxOD+Jo8VSTpQpOFml4WS1jjdq1bz5ehfceR3eOcXUvfM8eO/cJxomD2IMnT5jLvI39yCPhFaf0YP8vQCZ7W0+EZCdMLiFqTdf43cTh/GyeY41tQXsLc9kX5me3eU6ekr0bCnNpkUjpUkvo10vo14jJSM5gcSYGDyCQ1jk6sHzLl78UOTM9+2FPOXgwPftRfxK6MZL3oF8y8wSn6AQVuZJ2V2jZF16NP3LS3lrby0Tq5cwUKOhz5BAf0YKl3NTGSiUcK0gZQaOobI0bhRL6c9N5rAqij0p4exLS6DV252uCD/WJ0ewIiqQ1VEhrIoIZnWUmLVxYbwaG0JPcjiH1HEc1ybSl5XMyYwEBoqM8N2qUnG7XsutJj0TDVrG67WM1Wm406LnTruOO216brcamGjScbs1nYkmNRNNaqMn6crg7vIsJrqyGO/KYqQjkxstBq7UaYyL5CrlnCyTcbxURl+FilM1Ok7VpnOkRsng9joeTByA905/OiDTOYjJg3yxAfm8Sfrsh/ZzjKd8alPxcaGeTwLk8ZBs9laU8d18OLkPxnfwYHIv65eXUFpVyK76fA7VZfN6dQav1eSxr7aY5RlKVuepWJUlY0WGjHZdGtUKGWlx0fj7+OLg4oW1kwfWTu78xNGe+UIRrq6BWLr68sQPfkhCbBQbctPYUS5lY24SZ7oK+fW+BgY6DAzUaDifI6E/I4VLOSlczkviYnYcl/MSGa1UMlalYrhcztUiKafSEzikjKFXFk1PXBjd4T68HBfC2vhQusS+rIoIZl20mI0xwWyJCWJnQghH5FGc1cVxPjuWK0uSuFkkYbxMzp0qLeM1aiYatNxuNjDZqGO0Vs3tZiMgt1t1jDdqmGzWc6vFwK0WLXfaTNWspenc7s5gsjuL8aVZ3GzVc6Vew7UGndGLVMg5W63idJWKN4qknKhU01ej52SjnpFdjfDrN+Dd09x/9+ynepBpL/IPQP43AZkNyWxAJg7A2F7+e3QPv3/nAiIvW/avbaa3tZCjjXkcq8/leGsJW4t0bMhXsnaJjLV5MtbkKGhXp5KTGIkkJJBQnwCCfILwcfNE5CTE3ckNL+8QnAPE/Pi5n5OTlEhdtJi9tQY2F6Sxv0LDf73Wzu1XCjhfKuOkPp4LhiQu5aRwrSCVgcJUBktljFermazWMFql5GqxlPO5yZzOSOJUeiqHlXFsT4lidbg/G5Oj6Ar3pyPMjxWRwWyKC2NzTBD7UiI4qYnntCaWS7lJDBRKuVaQylC5nOEKBTcr0mbCrPF6Iyi3mnTcbjPB0DINh4HbrTruthuMyXmngcmlBoZadYx2ZhgbhA0aLtdp6K9WcaFGxdlqFSfK5JwoU5oAMfBGrZrB7fX/AOQLB8jjnmQ6xBoxjbSM7+cP4wcYvriVED87elfVcbyzhHPt+ZzrKuZIQx49xWp6yjVsKlWwoUTFmjwlDaokchKiSBGHEuUXRLinL4m+vsT4+uPhJ+ZnVtbEhYdTHpNAUZCYTnU8q3RJbM9O5cGBTkaW53C+TMbpjCTO6RLoNwEyWJrGaKWS27U6btfqGK9Wc6NczqWCVK4WpnGjRM2VvDROaKRsiQ1ldWQgXVFBNIb70hrqy/rocDbFhLIjIZT9qRGc1CRyPlPC1SIVZ7ISuVoi5UalnOtlUm5WpDFcrWSkRjXjQW61arjbbuBue7op/zBwp03PW50Z3OkwMNGuY7xDx2iHgYEmDVfqVVxr1HKxWsnFaiUXqlVcqNVyqlJFX4WKE5VqjpQpOVSlYGxPy/9/gDySpM/etztnLvB4Q7Hn0Z+d/Xp20j97KfYn2efIZz7xM2aP1s+Sk+5c2UCGNoG+DY30ryxmoLuIC12FbC9XsLNUx/6yLPYXZ9BboGNNjoo2RSpF0dGo/ANRBQVSEBqCJCwEhwBfnl80n7yoSBoDgygX+9GkjKEuIo4NaTL+8EYro9059JcqOZuexIXMFPrzEhkokjBYKmO0Usl4tZrRCiW3ajSMlUm5UZXK1eoUhiulTBancj1fwhF1LMtDfVgWFUJbWABLQ/1ZFRnEqzGh7EyJpic2lAOSGI5qYri4JJVzOUlcKkjhRpmcoTKl0SoU3KyUM1qvYaJJy+02LW92GozJepvWGHJ16LjVaYRjxLT250azniv1xkUN/Q1a+irk9FXKOV4u53StlpM1Ot6oUHG0WsfRCh1HalRM7G6GiYPw1jF49xQP7vXx4L1TPHjvzAwQU/fOz9iD987Bby4+8t4jNldl6x+A/JUBmTU2/4d3LqKRBLKsPo8zW7u49Eotl9eUsb9Zx+46HfsbczhQl8neGi27SnWsNsipkyRRmpRAfnwUkvBgxH5+2FrbkxIaTqE4mNoAfwpD/DGIvcn19mNvtoE/9a1gYnke54vSOJuexKUcKZfzk7lRImWwVMZwmZyJajUT1RomajTcqFYyWKlkqFrNSJ2WwXotg2VSzuelsjY2iBWRoXSKg+kI8mN5mD9rIgPZnhTJAVk8hxWJHNPGclIfxzFdNGey4rlcKGGwVMFQuZKRKhVD1UpG6zXcaTOYKlh6Jps1M6HVnU49d7oyuNVpYLTVwGCLjsFWAwNNWq416bjWmsHxUimvLUng9cJUjpTKOFqp4lCZgmM1Bo5W6DjVnMmFlwvh7mH49QkevH3yUwGZunfe6EFmf/2biw/tHx7kfxGQ6S30o7swHvPdy/2R7fzXnRNoVbE0lWdzZnMbg5vrOduVx6F6A280ZnGoTseOkmQO16azLV9NpyaVipRYilJiEIeHkBAbR5yzN0VBYTSFh1Lh50W6lw9SbzfShLb0d1Ty++MrGenK5mROEic1sfRnSxgolnG92AjIWKWKiSo1t2t1TNSoGapKY7Jcwd0KDRPVagabVIzXyrlUJGGnLIp18ZGsjoxkaZAf3WJfVob6si7cn15pLAckMRyUhXEmM5mT+jjOZCXSn5/CtQIJN0rSGCyTM1ytYqROzZsdWdxu1XGrRct4o4pbLVre7Ejn7lIDd7szub00nfH2dIZa9Qw0ablcp+JSnZoLdWrO12k4WiLhjRIpR8vSeKNcyeFyJYcrNRyrMfBGvZa3DnXD3SM8eOsoD97t+1RAHodj6t70ZG//ox32v3sO8kkahY/YXA/9LHv8sz7y2X9FQD4VoB6T7YDhnRi77Zv548gu/vhuP2u6yoj3saBvTTWTu5ZzoDKD7XlpvF6h43CFkmONGWwtUlEriaFBpyBPkkB8ZDChIiEN0Ql0isNoDw6gMcSXgsBAdP4B7CpJ51p3Lv91eBkj3TmczEnmuCqa/uxUBsvk3CyVMVKhYLxazUiFwljJqlQyWi1ltFzBcImK8XIFt2rSGK1ScK1UQU9qOOtjw9kYE87LEUF0i31ZHebPunB/diZGsCcxnNfSIjmhT+ANVTSnMxK5XCjjRnEaA4VSrpfIuF6WxmC1gvFGHRNNOiab9aaQy1jmvbvUwO1OA5MdesbaDKatijou1Sq5VKvidKWc46VSLjboOVun40ytjmOVag4USXm9XMXhSi2HatVc21IFbx2Bt48bwbjXx9S9048AMp2bfKwHmT2jNVde8v8bII9oIP49ABnabiom7IbJHTDew9TYLj68c4Q/vHmK5lIlwa5mlKgT6Gku48zLLZxbXcMbrTn0VKSztmwJS6RJWPzqOWolidRHhdIdFUZXsB9dwf50iH2pCROT5efP5JYWftNTygd7mxjsyOBEThIn1DGc0cczUCxlsCyN4TI5Q6XG62CpjGvFUo4UKnk1XcpqXRo7NBIupku5XiTn4hI5W+JD2JYczo7EUDbGBPNKtJg1EYGsjwhgW4yY/akxvC6P5rAymiOqGN5QR3MmM4n+7GRuFKfNAHKjMo2ROjVjDdoZOMYbTdaiYrxVw3ibltFWA8NtBm626rnWqKW/VsW5GhUXG3Scr9NytCyNw8USjlaoOFgs4/UyFQfKVOyvVnB1WzXceZ2pd07w4Tsn/yJAHoHkiwDI1M3NMwempk8STg31MDUtojO8fVZTb5vpPhMAgx+F4fGu/Iz2+uPd+iGTPQJZzyybA5qPg3Z0O4w8FvoNz/rbTV5kanjWPaO7uD+2lw/vvsHv757kwpF1JISI8LN/kVgvWxThnsR62BFivZBaWSIrcrSsV8SxMiaI1dHBrIoI4pUIMavDg2kTB1Ds48q7u7p5f0cN7++oYqBdz7HsRI6pEuhTJnIxPZWBgmQGSyQMFEm4lJ/KhVwJB+RRSCwXsujfv4f9C4uRiJzYnBLLDkU0PakR7EiOYI80lh2pkWxOCKUnPpItMWI2RPqzJSqQQ4oEjqti6NMmcFQdzXFtLMd1kZzJTOBKkYzLhTKulci4XqZgsErNYLWKoWrjdaROy2idjrFGLSNNWgYb1MbFcW3GY7ZXG/WcrVTQV5pGf62eC7V6jpek8XqBxNgcrFBzqFLLziI528tl3D68DO4eZurdPu6/c5qpd89w/51TTL17ZsaMsEzbWabunWPq3lmTGRP3qfcuwL2Lj4ZbM3YJ4zmRyw+v/6uAPH4m/XMAYlw29zGAmN57cGPzw/vm8jYf65E+IyBDc+RFI7P+9o/zMDOd+J1Mje/iv4d6uHXqFcYPr2L89Ze5trubod3LGNnSxhsVGk5V6DiQncI2RQybUyNZHxfOqzGRrIsMZXVUCF3RQVxsLWZ8bTm/3ljCWHM6p/TxHJbFcEgazVFdHOdy4+nPT+BsTjzHMuI5qImnRxrJK5I4KqPDKYqMpCw4gOYgLzrDvNgQJ2a/LJ5eaRw7UqLZmhjOjoQIdiaEsSNezK4EMbsSQjiqjOaULp4z6Qn0pcdxXBdpqmhJuVxohOR6mYqhKh3XK5TcqFRxo1LFULWWoRot1ysVDNZpGGrQMtaWwc0mHecq0hhsz+VCtYYz5UpOlyk5U67hbJWGk+VqTlYbOFimpLdESU+BlN3VKt4/twHefAN+fYKpd88ZgTCBMjcgZ0xgnJ4BZOreeSMc7/fzMFl/HJDHvcrVvxEgpofufwrI1ODWGTm3Lz4gO2BoC4xu4/7NTby5p5rf9Tbywe5K3txQwPiKLK42qLlcqeBybQbHC5TslMewPTWGnqRYNsVFsj4+ghVxobRGejGwtJArzRkMNWZzTJvAwdQw9qeEsk8q5pAqjBPpcZzISqVXHc+riWFsksWxS5vCwfREjmQkskMWzeqoUFZG+LFdEs1eSSy7k6PYFhvKlrhQNsQZx0x2JofRK43kkDyWA/JIDimjOWGI51R6AmeyErlUIOXiktQZGyhVMlSlY7Baw80qNUM1WkZq9QzVaBmq1TDabGC02cBgo5abTToGGvWcKpNxND+Zk8UyzlVqOFuh5WSZgtfyJRwqVbJrSQo7C6T0VmrpKZfx+ys9RkDe7uPBOx+F47MAYoTiEvzm0tyJ+98akEcEdD4uL5hu6D2WV3xcMj41uGXusOpj8pa57/2M+cpwz6wwa3Z17bM2MHfx4dgePhzbzdTwTt471MGvd9Xy7o4y3t1ewdDKXAaXFXC1OZuBxmyO50vZo4xiT1oMO1Oi2RwbyqtxoayKEdMs9uFAnpItinA25KdyoFTNdnk0PfFitkWFsCMxnM3xYWyRxNEaEkRdcBCN0dE0JUWyLMGf9cl+bEgNpysmijVJUWyQxLEpLYG1CZGsjghieWQQKxPDWRkbwvqEMLYkhPGaOpnXdQkc0SdyPD2J49pYLuSkcrlQxqUCKVeK0mZsGpChGi2D1RpG6wyM1OkZrtMw0qhjtNnAjXoNNxqNgJyvVnG2QsWJYhnnq7S8kS/lcJGUQ8VpHCxTsD0/hR2FMvZVatlQkMQfr+6At47Cr0/y4J0z8N5ZY5j19qkZbzINxf13T89Acv/dPtP7pvzj3kW4d3HuxP0fgHw+QGbyocenAT4zIDuNB61Gd/FgdBd/uriBO7sbeGtPNW/tqOb2xnJuduVxoz2Pi9Ua+gol9Coj2CePYk9qFNvixbwaG8LK6BCWRoawMiaUvZpUujSxVER6sDVHwXJ5Mo2JiTRIUujQKtGLg4n38ibU3ZsgT18c7YV4imyRiv3ICAuiIExMhTiQtpQ4SsMDaYiLoCE8hOrQICqjQqkKDaQ1SkxXVCibJPHs1yVyJFPCsYwU3lDH0p9jDK368yX050sYKFUyUKriZoWGgTIFN6vUDFZrZuxGtZIbtWoG6zVcqkzjap3aqChVLudynYETRVKOFUg4WaritaJUDhZJOVCmoLdCya4SBTuK5RxqzYTbhx8BZBqKzwPI1L3zTL13wWhfCECGNn+5AZn9t/wlgAxvhcFNMLwZRoy/993eRu4dqOP9PTW8vbGEiWVZvLUil7PFEs4UyzielcRrmjgOKmLZnRLBloQw1sSFsy4xlrWJ0exSJHEgS8mxylxWpMuI8HPDzdcbkZszto722Hi48aKTM9+3E/I9oRP/ZuvEMxb2/NTeCaGTC+GuLmSFBJPi7kaKrzdxTqL/R957hkd5nnn7g9O8zmb3n+zGm7JJnOLEjgvYgOr03jSaJo167xUJJEAIUEFI9GZMr0JCEqIXY0wvQjQJ1IVrXACDje0kTkBlzv+HZ9RsETv1zZv3w++Y0aOZ0eg47vO5yn3d18U0ayDFoSFMczrINuiYZgmg2G5jQbCTzTF2tic4OT4lgSOpoZzOCOfK9HiuFMbTVpxC55xMuudm01WWSUdZOm0lqXSWZdBRli7EIBXpdM3PomthNtfKUz1d3NO5Up7OlXmZNM/P4fTsZM6VZnKyLJ3DsxI5OCuJl8rSOTQnk31zMrhcORfePjYEyPsCGAMaAqRxFEDODwLS/8El+u9cpv/OA1K/o5agtAyDpPVvCszIOemDGaAvSOMOuzYijftFgIwad3wBCH+pRvtfvszm4xv7+PjCJm6/vJT39lRwq76C66un8caLBVyryOJMQTwNhSm8khPLgbRI6uNCqI50URPuZHd8KPuyI6nPDuHk/EzOV0xnQXYKhigXz9vNPGsO5DveUr7u5Tmx6C0VOrN7SxCJpYj8/PlPLz+81AFYtXpMxkDG+sh5fqI3CU4L2TYLEWodJrUKmVyGUa3DpTeTHxTI3Egnq2Id7MuI4HxeIpcL47lWkkRbqSeLVZRCa1ES10oSaS5KoLU0hbY5abSUpHFpTgrX5mXSMj+LtoWTuFKWSvv8DDoWpNNUkcr5OSlcXJDD4RnxHJmdxqHCJA4XpXFgVs7m6hkAACAASURBVAoHi9M4tCiH9gMr4f0GeP8c3DoHtxoGwRgCZHj5yfkHpn5H0xAkwy3Hg4D526WE/2pA/hwLMghT9/Dr/2SAeJ6/d2AB7+2dxxvbinhtXQHXV06jaW4GF0tS6Vw0lWNT4jiUEU19govtMS7q4128lBXL/rwEXpqdzstzU3ll4QxinQE8Y9LzPZ2Wh7z8EXl5jvI+5zPUg2uiGJGfGJGvP6KJPnxfpuFHXt48plDzjfE+PPq8F87wMHx8ffHW6nlaq+UH/v78XKbkSbEKL7mY5JAg5oY62Rbr4qWMcC7MTODanFRaS1NpnpVIc2ECrcXJXCtJpLU0hfaydNrL0umYm0XrgmxOz4imuTyd5op0Lpel0D4/k2vzMmhbnEvDnHSOzkri1NxsXinJZH9hModLMjhUmsHOGQlsnhbBWyc247517l8PkNFLTb7MrviDARoByGfB6f4HAfKnMmOjBfufAeX3Det5a/dc3qqdwzvbSnl1VQEdS3JpW5RLc8Ukjk+N46XsaPZmRFKfGsbujDBOzM5kV34SVfmp1M5OZmZaGNFpCfzcYOYrUq0wrGeiZ7bhWF+hafUzniO8Xn7CWXixTHju74HGX47IW8wThgAe9ZfykL+EMTKlcMrR02DiK/7+PC1TkRDooMRqYk9ONI2zU2gqSaelNIPW0nSaZ8bRNDOOayWJXJkVNwhI8+xkmuamcbUig0tzUrhQkkRzeTpN5WlcnJPC+ZJUDk+P46UZKdTlRLEjP47qyVHUFySyuyiNXUVpVM+K47ct++h77zTuW2fh5llPHNI4CEj/7Ub6b5+HO+eEY7l3zsPtS3B7JCDDK32/vIv1jwLkT1iFERuD3Q8A5QsA+YvKT/7egDwAkp6mSt49sIC36sp4c2sxnS9Oo3l+Bl0rpnChLI1j02I4NCmSI/mJHJ6ayOmSNA7OTGBvaS7lsaEsy08lcVIi3xf78QOVGZFUi8hPLrhW4/0946A9A3MmeDq2e0uFuYm+CkT+nj5dYjkiXxljxJ4BPH5yoXWqnxKRr0qQv5yH/JX8zFtKnN3KwlgnB7IiOT8rnZbySbSVZ9FRnkZHWSrtZalCUF6RyZWZCTROj6WxKIGW+Vk0lafRWJxIU3karQtyOTo1muOFSbxcmMqhGalUZUVSmRNJ/cwUNuVGUl+czu652dQWJ8NvTtH/GUAGwBh4dN9phNtn4XYD3B4CpP/2lwDk7pV/AkC+aDEP7H907Rjc4/iLABm2T/LPCgidO/i0YT1v1c/lja1FdK+dQfOiLK6/OJWL5emcnp3EsekJnCvN4khhMhcW5lCTF0JlQRqlcVGkRoQxPsjCGLE/PzU5eUihF+74E8VD4xWek3pmsXsAmSDxzBtRCFN3vcSIfMSCW+btAcdbLvQVnqhANFElyEuOyF+NSKHlCV9f8oNt1CaHcqYglctFmbTMzaSzIoPW0mQ6y9O5Pj+LplmJNEyNomlWEpdKk2muSOfavEwul6VwuSyFi3PSOT0ziZenJXB4Rip78pOpyYln46RItkyJYeu0eCoLEqksTGLfgknw5gl4v2EQEPfNs/R63KwBS8IHFwRA3m+A9788IAPPBUj+CQAZUR4yTJ/d/HN37aDn1Sr6X6ujv3sXdO+F60Lz61EB6faocwd01EF7HXR7Sl0Gfnd9YMHu9GSVdjJYljKqdjC00bkDXq0XNNpru3ePrtFAub6T+63VdNeXcX3LLN7eUETbkkm8uaaAy+XpnCtO4sysRM7PzeBMRQbHSzNZFB3EzPQknn5uHM+ZrXxfqeMhpVYYVeCvRuQvQeTrh2iCj9DNfawE0TjPnBFv5bC+W76MmahA5KMUenRNFCPyljFmYAqvt0qYMuWjFKyOl6cJt48/35ZIMBhMlEZbeXlqEu2FqbSXptBZnklLURJtc5K4Pj+Drop0moviuDIrhmtzU2grT+NaeQaXilK5UpzJ+aIkjkyLYefkWLZmRlGZGcXW9ChWp8eyPM3J1hmprJgUx4opkTTsKIcbJ3C/d0I4CzLgYt1poP9OA+4Pzg/pzmibh6Mfpho1FhmIOx7QQ+ufAhB398BEqnp6WjdB53bcHTXQUQOd1dC1fXRABu7k3fXQVQ+d9dD1NwLktXoPIB79lYC4r9fDG3t4/8SLdG4q5I11s2hflkvnC3lcqkjjwtw0LpRlcH5uOg0Ls6mfnkxBhBOrPZCf+fvyqELLQ34yRP5SRDI1IpkWkZ8CkY8M0UQZD01U8NBYKd96Vsxjz/kwTq5lvFzNkxN98FKoUBtNPCeW8LjYn1/IpDypUvGMOYBHfD2j33zkQj9hH39hTuF4oUP9N/wUTBCrybAa2JERR+OkOFpmJ9Fdnk5naQptc1LoKE+jpTSZjnKhsXTX/EyuladzpSyDs4XJvDIllpOFiRzIj2FTWgirk0PZlptA1aR4VqbFsCYngtWTE3hxcgoLsoL5sHWncJLw5skvAciFf31AhluQd06v4frLy/n9tR30de7E3VWD+0GADCYBdnkW7M5/WkDorofXd3Pv6naaN0zj+oaZNC/O5uribOGE3ZxUmhbk0liRyf6ZcSzNjCTCZeNXaiUPyaXCcFC1HpFCiUipEUZOe0n4lljDo94yfjx2Ij4SFWq5mli9nknBQaRbA0m3BpISYCLFbCBMp8Zu0KPSG/DW6viVQsnXfP2EATo+CsHl8pELP09QIPLTIPKW80MfFQaZgnmhLo6kxXFhWoJgRYqTaS1NpaVESPE2z06ipSSF5rI0rlZk01CUxuEpsRyYEs+enEh258WzMTOaTZOTWJcVw+rUMBbEBrMhP54l6VEsyopjfXEyPW8fof/mCaHM5F8NkOEZrMHmcQ8I2Afg6GnbTm97DX2ddZyun8/8/FBWFSexKC+E105voO+1PZ8P4Ed8pseKfNaCXN8pAPLq7i8PyHAo/lpAhstTaezu3sWbu+fRsnY6zUsncXXpJFqWTeZ8eTpNiyZzcV42L5WkMSs1ApklgG8q1IgknvalYjkiqVxwrbz8eVymRKzVYdAbCDEYSDYZybMGMiMggEKLhRnWQKZbrOSbA8gIdBKjC8Tor8J3opQnnvflh+N9GfOcr9An+Hk5Xxsv45EJUr7p78e/jfcTutWL5Ygm+DFOLCXDamdrYjSHsqO4NDOJpunxXClM5mpRKs2z07gyM4nLhUlcmJnMxdJMTs5MY9+UeOpz49iWEcn2yYksTQpnTpSD5ekRvJgVxcqsaDZMT2JGuJW5KZHsXJmP+71jcMOzi37jFNw4g/vmGXrfP0vf7SFQ+u80eLJZjSPqtPruXBzUF4HS/+EV/pFdGEc2bRhtUT/AgvR31dHXUUvP63v4sLmWc1VltO1dTuvuRbiv/+sAwqu76b1Wx+s1ZXSvn8GVJdlcWTKJhooMzpVncH5eFofKs0kIs/OESjt0Z/eSCxknz6DQhyf6MU6uQanWE6Ax4lToiJBpSNWayDcHkqU1Ei9TEa/UEyFWoR/vg26cN05fBU6ZFqtKh0ymZKyvhKcm+DF2gi8BOgMukwGLTotGquaXXmLGjJ/II14+/K+/Fw6TgfJQJxsTgqmMsXJmcgKN05JonJbE+amJXCxI4UphGg0FyZyclsjxWRlUZ0ayNSuadclhLE8IZUFiBIuzEpgWYuCFnGjWTI5jdV4cCzMTKEmK4Fbrnn9xQLqHATIAxKs74bXdjDyfsWsoe9W1g972GuGxq5q+rlreObIUd+sO3B07hYU/KiCe8o/uXUO6PgDIgEs28PdGA2K0NPGfAUjXLujcBV07PX9/ALLPwrHb89nC93F37uT20VW0ry+g+YU8Li3N4cLiHI7PSeHqsqm8PC8Hm9XAfyl0wgxziUoYruMtE9K2Xn78h5+En4tVPOWtYIKXEpVEj8ZfjXqihAAfGfrn/NA+7YXxGV+CvFUkKhTkWyzMstuZ5bAxzWZhSpCdBLORTGsAhcE2lse4eDHKTnmQlRK7ncmuUAIMBvzEYp6UiFGrVSRoVZQ6jFTGBrE/OZQj6WGcmBxLw9QkDqWFcCglmD3p4RzOT2J7RiRrk0J4ITGU+bFBFIfbKYsLpSwpnJL4IFZOjmdZVgRl6WGUJkVSkRLGvTeP0H/zOO6bJ+DWKdw3T8HNM7hvCXA8CJARLtadRo8u0P9BI/0fXBwh4cyIR3cH3KwHADKiz+/wEpQ2+Kj9r4xBBu/wuz5/Hv21PYMBdl9H7aBL5n5tF6+9tIDerrrRA/IRn7v78+quH4Jk+AIfiEkG9OquB8MwCIXnM157QBarcxd07hSyaAOxy/Udo3yvXfBq3RBo3bvo695F65ZZdFeWcn7pZBqXTuFURQYtK6ZzZlEe4aFWvu4vQyRRIxJ7RiN4SYcF0kIq9ytPTeCxXz2Pz1PeBE6QEOYnJ0qqJFGpJUuto8BoZk6gjaVBVtZGuFjusrEmKoQlLhtzbCbKXVY2pERTmxHLvux49qRHsiMtis2xLpaHOZkb5qIgzIVTayBAKiNZr6UsOJC1ETb2pkWwMzmYugQHJ6encDgnhkNZ0dRlRrI5ycW65HCWxrkoj3ZSFOGgMNRKQUggxdFO5iSEsCw7jqWZURRnxZAXYWVnWQ73OvfC+ydwv38S9/uncN8S9kLc7w8BMkLD0r6DGh6jDNPIkniPProIH1/+DCDXHgDI1c9A0vFXAjK80G/UGehD8Ul/Vx28uZfrB+fxh2vb/rRLNRy8z6nuHwdI94D1qv8MIKN8r+GAXN8Nr+3jw2NruLZpFk1rCrm8choNC3M4U5HJ5RcKKM5N5IcTJzBGLEMkVXgCaakgb2GUwpjnJvAziRSLVkeOxsBSg4VKu4t1QQHURIewIy6cHXEh1EQ6qYp2URUbSmVMCJuig3nRFcCWmBB2p8ezOz2auuRQdqWFsTcjjIPZ0exPi6Q+IZx1EcGsjglnZUoiZaHBVIQ6WBLm4IVwJ8tDAtiSEExlciiVyaHUZ8dSlxHNqlgHy6JszA21sCQlitmRTmaFB7E4LYGKhAjmxIawJD2a+UmhLJqUQF5cELNjHBxfOoMPzm0RMli3TsKtU3BrIEg/K5SdfEZ/CSB9dxoH1X/3Au6PhHZBowLyJwsZ/xJABss/dgx1AvksGNd3CcdxB+C4Xk/73jK6D1SM4vIMA+1zAf/wxVo/0noMZKIG5Pm9u6NOuON/9rWjQTX8+mcB667/E4B85jt174Auz0Gy6wPu2C76u/dxft10Lq2dQePyPM7Oz+ZocSKtqwvZODsdR7CFX+p0jBnvJZSV+MsQ+QqgfHWsN3KdmqJJsTRuXkTDvCm8PCmSA0lB1IY6eSk5lr3xUWwLdbLJZWN7uJ26mGCqImxURtqpTQhhX0okr2TE8nJGDC+lR7E/PYyDmZHsSw1hX2Iwh5LC2ZsYzuZwB4vsZpYGW1kW6WJhqIOKEDuLokNYFhPM6uRwFkU6WB4bzMqEMOZH2lmeEsmcmBDyQmwUJcWQ7bRSEB5KcWwEhWE2XsxJZHFaBFOinOTFB7EoNZTGFTO5dWQ1vDssBhnIYt08i/vGmcHn3DoH7zeM2DwcqPQd4YIN1wefP2DVf/cC/XcvDhvj1oz77jCL8bks118JyKhp2NFO8V0fttjf2ENfZx3uzwTxo7prI6zAAxbzn7AgXwhI9zD9JYB0147+/lEAcXfv5dX9S2ivqeDii9M5Oy+LxvmTaFiQwdHFeUxLDMYcFcY3pHJhz8Pbn4cm+vJTPzF6m5N0u5m9pZO4uXMZV5fksjMziLpkF/WxYeyMi2BbWDAbgx1sDA5iY5CFylAbNTEh1MSFsj0ulNoYFy+lRnE4LZqDqZHsSwpnb2IYBzMieSktkkOpkexOjmBzjJMlkcHkahXMCbFT6nKQH6An32Igx6Ql32ZgutPCTJeVkoggyqJdlEaHUBARTIbTSmqIkySHndgAE6n2ACYFm1iUHcv8jCgyo1wkB+k5MG8qTcsKeGvXQnjnqNAP6+YpuHEabpz16E8DMmBB+LBxUP98gIx2tx++YdbtCWIHYpBXd9LbUUv/QJbnM1kud9dI92h45ktwW+qGLczaBy/2LwmIu6sGd6egvwiQrhrcndW4O6uHvlN3LXTVfh6QV/fi7t7P2VX5NK0t5MLCXC4tzOXqismcW5zL3GQnzoggvu4rFmqlfKT8WCJFrtWQ6ApiUXYK9SVTeGVODhfmTKE2Opya0HC2RwVSG2mjymWh0mFhizWAzSEOamIjqU2MYYXdzAq7mY1hduriQtiVEM7ehAj2x0exP16AYk9SBDsSwqhJi2RNQjAFITayAk3kO61MDjQzwx5IrlnPtBAneUE2imMimBUZSq7dQrZFR2aAgTi9mnCtmmRXEPFBTqIcVpJDHWSHB7IgJ465WVFkxIQxOdrB4Yo8rizOp2VD4Z8NSP9A8aLHgvTeOitkvG6dFfZN/taAfDwAyF8bpD/IgnzmTPoIizNKZsn9av2wFO2wBTq40HeODsAwjbroBxbtcAs0KghfXu6uOvo7a+jvrBFcq+4d0LVj5HcddMFq4dWdvHX0Bc6ty+faqum0LMvnytI8TsxP5aW52YQG6HhMqUMkVvNNfyn+ei1Og54Uh52iMCdbpiRzoHgS+/KS2BRqoSrUzraoYGqiHGwLs7I5ysWSICeLQ0OYEWglQ28gU61int3KmhAHm8OCqAoPZmuQlT1RoRyMC6cm1kVNQjhb40JZFWbnhTA7xcFWpph1zA5xMN1uZarNylSHjSl2BzlOB+kOK2khDjIjXKSG25kSbGN6mIP86CBmhFiZareTFhlCVFgg2TYTy7KSSQy3YbXp2V0ymcaKTBoXpXFpRQ69bxyg/91X4N3jnt30U3BrGBwP0KALduv8kN5vFHS7AT48Dx8OWJpLgkbrwjhwXv2jq3D3mmAxPm79m6R+/26A9F/fQf9A6vYvAGRUd+rvDUhnraCO2tEBeVWI1Xq6d9O8o4Kjy6dxdH4ujfOzOVmRzInybFZNm8RElZJv+UoYq9ViMmhJtgUwzeWkONjO3BAbS+NcvJAYwor4MFZER7LcGsISVyjz42NJdNnx9vXmV14T+OVEL/yUalxGI7kWE/ODbayJCGZdeDAbwp1URYWwLTyILeFO1oU7WBXpZEGojbLQQGa7rEy3mSgMtjE9yEaOJYCCMBeTQ+1EW3SYNXL8ZH74a1U4LVrSHDZyIoLJiAomN8xBSVIs8c4A4uxm8sJCyEuKQW1WEG7XcXBOHpcX5HB+UToXl0ziVsMG3G+/jPudo0OA3Dz9AP0NARmo8h1sNPfPBsgDKoD7r++gr1vYTPxCQDo9d+zPZa1GiVWGAzLoiu0Q6rq6PvP+ri/QcEC6anB3eWrJBmvKdnz+M6/vwN0tuJefXN3JwqwQdpTlcG5hDscr0jg0PY5t+WkkRwShd9jRG3REWU3ku2yUhztYHB3OoqgwyiOCyXeaiQ8w4NTp8PMV88tnn+f7Y5/na+OeRzTRSzjv4SXmMbESjVJHqtHIzEAzpfYAKoICWRQUyIoQGytcFlaH2lkeYmVBqJ0il4XJVj3zY8KZExFMklJCqkHD9DAXaWYthSE2Mlx2woIcjJfLeUqhRq5XExoYSJDJiNGoxqFTkhJuJzHESowlgLTwKCyOQNROHQvyEjg+N48L5dmcnZ/O5cWT6Kovx/3mYQGOWyeHXK2/EhD3Bw1/EpARlmSgE+PfGpDBE4XDNwlH3TgbBsgXnB1xvzqkEYD8OfoCCzLggrk76gZF545BDb8+mkZkrAY/36POB7znej28WgvdNdzrrKdp33KKEyzUlWVSW5rKvhkpbM6IIT/KRrTLQaBWQbLLxtRQO0sSw1meEMGKpBjmRYUyLSKUKFcwXio1IrlYqPL1lgjlIhMkiLwkfM1bxjMSPVqxihiFgmytmjyTjsJAIyWBRiocFpa67Cxy2VgSHsTcYBszbWaKQ5yUuOxURIeSbw8g3awj02mlINJFrknHjLgYwoNceKu0PK3Q4W+1YAy0ozMHYHQ50Rt0uFwWgpwmXK4QJGYzYoOKtIRQ1ubFcKoom8aSTM6UZ3B5wSQurJwMb74MN0/Sf8tTk3Xj1LD07zCN5m4NQDFctxvou31GSPfebsR95xJ8cHnU04eDluTDpr+jBRmxwfd/JyB/jv4SQPqv7/IAshW6q+np2sPmslTy4i0sn5nMlrxEtuQmUZwYQnpkEDHBDiJsVtKcAZTEBrEyM5r50U5KQ+3khwUTbHcyUanhpzIF/+YjFUrcx0sZM1HKv/v585hYhp/GhEamxKmWk2ExMMMWyIwAEzONOuZaA1jscjI70Ei5y06Zw0qJxcIiVyhzgh1MDTRQGhVKQaSLhEADkUY1iTYLTpMRf42acQYDjxtM/Fqvx08fgCzQztMKOSpLIEqzFp3NzDidnu+ppQQEBzI/PpIdhQmcmZlOY3Emp+dmcKkim4tLJvHp5Rr63j1Gz63j8N4JQV8WkJsNQ/rnA2Rg0Xk28j5b1fpFB5NGLOrhJSGeLFNnDYPZqlFcrP7OGga/Q9eQBgEYpr6O7UOf6XGF3B3b6fdo+GtHu/ZlRcfo1/s7PX+7sxo6qnF31tDTsYvtS6aTEGqiOC+T0vQYylNCyI4MIsxpR28IIMBiJirYQklqDAtSYpgb6WKay0mczYYtwIpcreM5uYaf+Cv5jq+Mb/rJ+O4Eb56QKZHojOilaqLkOiYbzRQHmlnotLHUaWOp08ISp4Uyh4lyp4VyZwBlzgDKXVbmu0wsighkqkXL1DAn0YEGYh1WUhwuAq12xmq1/ESu5OcaI/+jUvKMTo/EYEJiMiEONCGxWHhKpeExnYYnNDKSQ2xsz05i/9RYThalcro4jVOlqZyvyOTyC7ncOLIS3j5C33vH6H/nOO53hfIT9+diklNDujEsoL91Rsh03TgDNxrg5nmPdfFsMt5uwD2sE8rwHfaB59wVWgZx1+NqPagU5eNr8NFV3HeFDJh7oCzl45ZhcHTAx1dHaT36fxqQzj8DkPYaaP/bA/LnqL9zB3cu1DE9LZTEmBDC7GayIoPIDAskIsSJyR6Ev1aP1qDFaVKTHGQmPyqIrFA7McE29HotSm0APmozv1Ya+F+ZlkdlOv5dIuG//fz5lUSCQiYnWmdiSoCZCqeFFSF2VgVbWRNiZV10MMvCg1gcamdJhJMlUcEsjAxiSZyDZQkuFiVGkm0PxKaSE6DXordYeFav5dtyCY8o5XxfZ+R7CgljjQa8NDq8dAaeMxn4pV7Pj5QqxgaY0BjVLMiIZfukOA5Ni+dEcSrHi1M4WZzE2bnpXFqcRdO6afD2EXp/c5j+d47hvnGcfo+EAsaBFPCJIb13XHgchOb05wG5NQyQYbvrIwFpHALkw8tfApDPlKSMKEv5fwyQvvbqQf09ABGsWD2HN5WSmxaBxRqAPTSclAgrcbGRiPUGxsrU+OhNKDQKYsPsZEc6yY5wEGHVY1TLsBgMmI1GFFodPlodj0sVPCpV8V0/MeO0GqRSMXFmE9OdVhaG2XkhzMnyYDOrwqysirSzNMxFaaCZYouRZTERLIwMYaYrgKLIIArCgskIDcEZaOM5sYQfaxR8R6sS4h6JmG8qNTymkfGsQcd4g5ln9SZ+ptXzVZWS/5SK0QaYKIgOYW1mJLumx3OkIJHTxWmcmJXEidkJnJ2TyuXyNJqX5/LphSp48xB9b79E/zsvwztHcL/zyqDL1X/jpADFgN495oHk5FDc8o8EZPj89S8FyJ86o/0gWAayPZ8t1Rh11/vzscYIQNq3e1KstQ+4Wwtydwpg0LZ9BCB/qf46QKqhvYr7XXvZtiSfkBAL9sgYDCYlRmsASoeDCYYAxqqNaM0W4kNclCTHUxYXQWl8BNMjXcyKC2FqaAClqWFMSQjDHmDAS6XHR6NHplRj02iJ1eiYHmRntstGWZCVefYAXogMZnGEg/JQF3NcTmZYzMx0BFIU4iRBryBELibRacfH25fxSg3jLDb+Q6XmPzQa/kOj4VGFhv9VaPlflYLHDXqeNJj5sVrP/8i0fNVrIl6BBjIiglgW66ImI4ID0xI5OTOVkzOTOTEzkVOzE2mYk8al8jSuLsyibU0+N15aivutA/Dey/Cbw/D2EXj3GO73TtA3AophluTGZ/ZObjR4dGbIzfIA0nv7/IimcwIojR5YLg3rzNg8bCOxiS9VHv+3AsTtqc1yd+/8fx6Q/s4aoXasq47+rn1sW1pAdFQQ2vBQ/K0WZE4HXkYzz+vNGEMjcIW6mBIbyYxwJzMjnRREOpiTHM2kADmLU8NJs+kINhkxGAyodVo0ej06lRqrSkd6cDCJeg0zQ4KZYQtkptPKrBA70x12pgc5ybEEMMVpI8WoIyvYTkqoC7PRyASDkR8YDYjE/kIhpUzJGImCbyg0PKzQ8G8yDd/VGfie1sA3fcX8u5cvXmoFsSGBlCW42JYeya6MGA5PSeJ0YSqnZyZzoiCe0zMTOF+cSkNZCpfnpdO6dBK3d1Zw6+BCPjm/Ht48CG+/DO++gvvGcXpvHPurAem70zgi9vj7AzI8SP9CQITM1YiuJv8nAfkbwPHnAELHUHA+ELC7O2s8O++18MYBft9ygBWzsxlrNjIhMIDn9Xommsw8ZzAx1mjCGB1OdFwohanRzIi2kxNmYVJkOAWRLjIsBpKCnehNVpQGDb4qGX5aFRPlMvwUapRSORFGE1EaHWlmM/nBTpL1OtKsASSaDaQ6AglRyYkPMJHgcKBXqRivUPDfEgkiuRSRQu45H69CJFMikkoRadWeaxpEvhL+08ePpzVa4kODmR3tYlliMOvjHRzMjueV3BSOTU3g2LR4jk2L41RhAueKkjk9J5kLc1O5tiCL07NjuLoqh/sXNnHn9ItCM493jsB7x+h779jQ4arhcAwCMnKvxD1w7f0zcPss7g+EpnPcvQR3L41SDj8ckCujlKJ80THdUQH5X+PDzAAAIABJREFU/Jn0B57rGKx/qh1a1MProgYW0yi/GwFI19A+RV/HduEu3FU7FFcMyyL9pYt+eOwxmr4ooO9rq6G/vXZkari1Clpr6e3YRU+30BeYru3cf62Gnldr+GNHHb3X9/L+pSqmz5mCt1aGKSGBp80WHjcZecJo4ocSfxRBNjIiQnlxciblGXHkJ0SSH+KgICKcEEsgE5VqnpWreFqm5Gmpgif8JTwplvKMtwSNxoRGqSVQpSMqIIBgtRKjRoVUIkZvNKA3GDGodMjUWp6USvmeToNIJhGa0PlIEYnViPwVwklHiRSRRIJIqUDk7cejSiFIDwowkeUKJN9mYFVCGPXpMbwyOYFXpsRydEoCR/PiOD41njOFyZwpTORsURwXS9NorsilefFUVicZuH1sGfcvr+aT86vo66wXLMc7x3HfOknPO68IpfHvnYT3TuO+cY7+m8JhK/f7p+h9/xQ9t0/Re9sDznunhVjkdgP9d87h/mBgh92zefjBKBuHHzUNm1R1DT7yLP4vLI3/KwAZAGNkYF07qP+bABn+ut62KnrbqkZalbYaaK/1tCeqhfZaejp28MfOev7YtYe+rt3QXo+7o4bfX6/m0+tV8OZ23N0boWs1r5+vpKgwFR+jgbH2YCZERPK4xcb3DQZ+ptVgD3YRZrcSERaMzWYkJshGuNWCWqdnrNbAY3INP5ap+bFUzfd8JPyvWMkvFTp+LVHyjFiGj1KNVKVCZzTwtL+EX0lk/Fyp5BdqHT+Tq3lMquabvv5CVxU/qdBny1uBSKxAJFEKj/4KRH5SvuIn40cKHd56E0FmM/khDvIdJpYnR7A1PZq9WXEczo3nyJRYjuTGcTQvjmP5cZwqSORUQTynZ8XRUJTM+dJMTs3NoCrXwc3Di/m04QX+cGEtt0+vguv7BEtxu5Get4554DgBN47Tf0MI4PvfO4v7xjl47wy8d0qwJO81wLuNcPMy/e83/+MB6euofXC39gfUWo3Un7YgI9yUUTbfetur6fPcvYcDMnBH/3NA+Oz1LwNKb1sVPa3bPned1prPqa+9CrproG0rNG8WvuuVLdC4DVoP8PHl/dy+fICe107xadNWLh9cxZw5U/EyG/mJWs3/aE2MUWr4llaHly0YqcPFM0Y9vlYzKnsg2iA747R6fixV8m9yoU3QGO+BQ1dSvuYj5dtiOT9SqvmZUs1PZUp+JpHyQ4WWMf4SoTmEWCqcQ/GReloDKRF5yYReWr4qIQaRKoTmDs97Ixov5mmpBqlKR1RgIFOdVhaEOpgXYmF9SgRVyRHsyYhmf3YsL02J4/CkGMGS5MVyZHIUp2ckcHpGPCcLEzlZksmBWXGcXZ7FnVcW88npZfzu7Eo+OvUCt4+v5PSqXBanWmh/aT2/e+0Y/bdOw+1j9Ly+G24c87hX5+DN4/DqQbhzZigN/P4Zeu943Kw7DfS+f3YQkNHOsI+o07o7UKP1dwdktBOBO/7lAOn/DCDulu24W7bT07wJ2rdB2zZ6W2v5XddebrYfIjU7mB+Mf5wfKSR81ceLr457hqNbiuht30vnwRfISHHylF7DN+UqRBot37DZEPlK+XeZmjEGIz/Q6/iuxJ+fqJT8RG/ge2qjEBP4e3pfDUpoDieSCM0gxvjJGOMtEQ5n+UmE674eMLyE/luiiUK/LJGXXLAgfnJEPv58xcePx8Uy5DozgVodcZYAZgQFsjDEwcrQIDbGh1KVGsnO1Aj2p0exPzuGAzlCP+Ijk2N4ZUoMr0yJ5uT0OM7MSODU7FRempVM3fRw3t2/kDsvL+LDowv56PhSPjq2lNuHF3H36HLe3L2MuckW9q4rof9GA9w4Sf/br3Dv1nkO7l1Lfd2L3HzjLH+4fZnfvn+ee++fo+e9Y/DBKfo+PEr/nWHthL4sIB/+owAZrSPIvyogLTUebYer1XC1mj9eq+e3zTv4bddBXtm/BplJzPMWHQ9LxUJjOB8l357ox+N+PhTNTONKdTG/P1zBq6+sRhPm4DGzBZFagSjAJLg+/lJECgUijZav6tT8u1rJVxVKoemDRCbEDX7+wyQW3CU/uaejolxoRert7zn37iecg58oF5pGTBiq6xJ5ezRRxtclcn6hUqDX64g1GEkxG5gVYmdBiIVVkS5WRUSwOSGCnemRHEiPYn96FHsyo9idHc2hrChezo3myOQojubFcCw/mrPTkzgwJYaqSSF0bJ/LO/vmc+NABTcPlXPnpfncPjSP2wfmcXPvXN7dt4jNs+OZHGtkY8Ukel4/RsfVl3nWfxzP2QP5tdPBUxYDijAbOrOKZfMLudV1ir7bF+m/c46+22eGem39IwDp76jC3VktHBzqEA4IubtHG5Iz7Mz34CGiAVCEQ0juDk8sMewQ0xdpYCH/uTAMLvBR1DdigQ+pv30btG6Da9twX9vG/fZa+ltr4do27ndW8tvOrdxv2wHtB+i9ugV3Rw3u67v4XesO/ti9n2P7N+EKt+Br1fNznZ7vqs2M8VULd+sJMkRPPotS5cvB1bNp2jyDrh2lfHi4jFsvVbC4MJX8GXn8QuzNV/zFiBQaRAqdkEHyVSBSaD2WYQAEiacjykCvXuWwhS8TWpCOlyCaIEU0YQKiCV5CS9OJfgI8EyUjrc5EP77lLebXCik+EglhgYFEGY0k2iwUBRtYHGFlXUIIGyLtVMcGUxsfxL7MSPZlRLInPYI96RHsTo9g16Ro9uVEcyg7kmO50ZyaEsuh/CQ2JVm5umYGb9XN4Te7S/jN3iLe3l/Cuwfn8s7+uby5ew5v7Srj1eqZHFw7lUSHjKRQO67wUH4mlvMtiYoxGiMivZn/MJh5zBLAk84AnrMakFjUJCSHcaHhEO5PG+j/+JwwZvr2Rbh9jb5bA3siwvAd9+0m3LebHzA+YXhHlIG4pOWB0Ij62rcxAMlAReyIU4DDAemqYei03z85IKPEEPc76uhrq4PWOvqubae3rYb7bTvobd2Bu2UbtFVC8ya4WskfmzZy77UDnD9eidau4jmjhicNSn6kl/F1jYwxauWQrz/BD9GzE9E5bVS/UMypF/O5vH4qrTVF3DpQys2DFWyeP5lNS0rJSolE7AjgUY0GkVyFSK4RTh96edoETfQseh8JIm+x8PN4sdDo+nnpEBjDAfHyE7rGT5QIQPmohV6/EySInvfha89P5HG5Gj+dEaspgCijhTS9mRy9iWkmC3ODjSyPdrAq2sH6CBt1KeHsSgljT3o4u9PCBgHZkx7B/sxIDmRFC40iJsWyPzuW9XFarqyczG/q5vJaTRGv1c3met1MXq2fzeu7inm9vpSumiK6a4p5raqYw1WLiHQFkhkZQWqoFatFQ1hSFM+Y1HzV3w+RUssYtY7vWYz80mpmgs2M1GZAYVYjU/qxaeNSPrnTysfvnobfXqDnzhn6Pmyk924jPXcb6bl7gZ67F/42gPS2VdLXXiVA0lFHf3stfR1DGg6Iu3O7B4B/HkBGzVC1jQ6I2xM/0FIFV7dAywZo3QTXKqG5mp6mOj7pPMDVs5XEJ9l41u9pntRIeVSp5SuaQL5iCkSk0giBsFTuyQ75IXrel+8/+wwl0zPZWZHBxZXZXFw9havbZvLuvjLe3lVM7eI8KmdnU12UTdmUZIw2E89otfyXnz8iXzEPydWeJtQST08tj8s0wU8YsvO8xCOxoEFAPJB6yYcszPMSROP8eOR5f37ur8RfY8CgN2LV6Ig3B5IZaCM/IJC5DieLgoJZHGbhxWgnW5PD2RTtoDY5jPqkEHamhLA3I2IEIAfSw9mfGcXenHjqsmPZlBLKlVU5vF1fzBu1RbRvm0HbtkJaK2fQsb2Qrpoirm2ZwZUN02haP5XzK/KYmh5FgMVOXICFZekhbJoRw6K8EIoK4hmr8RNatcr1iLQ6Htbr+aZcxlNWC2MtJrwCbUjtViQGOTHxdjpaj3D/dhN9Ny7Sf+M87g8acX8gnCX5mwByv2ULPa2V9LRW0tu6nb62GqGtaEct/Z11w54LC5iugb2BeqHP1HBAOj0NEIalfP/aNO3wawOp2N62qqHft1aNqr6Wavpbt9PXUk1fS7WQqm3ZgLu1kt7mavqubafv2mb6mtbRe3UbXacryZgUxRMqf35i1PDtwCAeNlj4ulrHV5RaHlJohBkfUr3Qrd1bLizQ5/wRPTMeicKfDTNTOTw3hbNL0rnwQg5XtszijZ1zeHtXCcfXzmZhsoPdJZmsnhRNRUYs2YnROEKDedqk5RF/b0Q+PsKIBG8pIi9fRBN9EI33QTTBfwiKAUAmyofk5XGpxvshetab70yQ8gu5lrFKPRKFFotah0ujJVyrIdFoJMWkZ6rDQnmIg2WhTl4ItbI2KohNMS62xgZTneBie3wQO5KC2ZUayp70cM9jBHvSwtmdGUV9TiRrEixcWlNEd1UhXVUz6KiaSWtlIVe3zqB5cwFXNxfQtHE6F9dM5fyLeZxYnM2uoiSCjRIcAWZWT8/jQPkkji5Mo2t7MW8deZGkBAtf8/dDpAtEpNQi0ugZo9Hxn0YT3zOa+Zldx1NBZsbbrYjtDrRBYYS47Lw4fxY9d7pwf9CG+9YluNv8+RkjHzcPpYC/LCB/vLqJe9e2cL9lKz0t1fS2Cn13e9tr6GnbPtiHt7d9KPDtb6+lr62O/vb6Ec3Y+jsGdpb/sn2Mgf2I4QAMv9bTuo3etirut1TS07pNCK6vVdJ3daR6r1Vy/1oVPS3V9LRUCxt+XTvo7d7JH994hVevHKTt4ku0XtrDm+3HSEoJ4zGVHw9bDHzVYOCbGj0ilR6RUie4QP6etKhEJTSh9lcIi/h5MaJxfox56hmSo4PYNjWeg6VJHFyYzdnF6ZxbNZXWykJeq55J586lpFvF1JRNorYgmQ2Z0VQkRjApPIjYYCtyjYJntVq+7SvmK16elK2fJ0M1YEUmSIc06GYNDeB5ZIIPP/Ly50l/Bc9IJXjLpRhUGlwaHRYfPzJsdmY4bBQ4LBQEGlkcbGVtiIPV4XbWRTjZEBVEZZyLqgQX1XFOahOD2JkiWJI96RHsSo9gR0YUW5IdbMuy07W1iI5ts+jcUkTL5lk0b5pB06YCLm6cRuO6KTSumsL5F6dwZvlkXq5IY8/sOJakOpkUbaAsM5KFiUHMjTGwNsfJrunBvLptJq831vH/TXhKiMfkKiFWU2kQqbSI1Foe1un5L6ORHxpNPGG380yQk18HGPFyWpA49ESnhnHy5A7c998c0cp0qHXpZdx3rzDUefGLAGnawL3mTdy/uoWeq9vovbadntbt3G+vpqe9mj+0VHKvrYqejmoBko4aeodZmb72Ovraa+lrH7jmUbtHw9y10WAY3U2qordtG/fbt/OHlmqPW7SR/mub6b22BXebAMofW6twN62D1k24r26ht62a312r5ZOO3dxoOUB7ww6qN1cwfUYy4TEW7EmRPKNT8fDTT/PIc+P5rrcXP9ZoeUSpRSRVIpKrEUnkjJHIhSySzHNNqkYk1SDyVwoZJC9PrPCcGNFzfnx/gg85UUFsmRbLzpJE9s+fxLH56ZxYMomLa6fSurmAlsoiapfOYMXURKqnxbM1K5xlKZHMjgxlistOistGRLADgyUAsUbH0woNT8jU/Fyq4rveMv5HrOE//YR5IA/5KYQA3lvIan1LLONRXwmPi2WMkyjwlSrwl8qQy2QE6fQkmE2kmvRMtZuZ4whgTnAg81wWlrisrHTZWRnuYF2Uiw1RwWyMcrI1JojKWCdV8cHUpYRTkxzK7owYdmZEsyo2gMNzUuneVkJ7ZQGtW/No3jSDy+unc2n9NC6szefC2jzOr57MmZWTOP1CLscWT6JuZhx7i1M4sWQytYunMzvWxIlFWbStn0b3i3lcWJfHhS3TeGvPcqYWZiBSiBHJ5EJ3fI0GkVqDSKNFpNQxRq3naxodD6s1/I/ZyHcDTXzfZuKngXqeMGsYZ1bhSI7gzruX6bvVRP+dS/R+cB4+vETvh1e5f/sK7g+vCGPgPrkMH16GD1rgk3aP2nB/3AZ3mxD9/tJaPr20jj9c3si9pq3cb67k3rVK7rVUcr91G3+4uoV7LZX0tFVxv7V6hFXp66gdtDaD6hh5feD1PW0jY4jhlmE09bVU0tdayf3mTdC2nftXK+lp2crvm7fw29Ya7rbu4OPufXzQuZd3W3bTdnEHmzdXoDb6MlE5kV/5e/GEUsJjSjk/Mhh5WKlhzAAI/jJEEoVgHWRqRFKVsLssVY0uiVKQj6cp9cAgm3H+iMb58phYRn5COFsKE6gpTWBvSSqHK1I4uiCDsytyubxuGm3bZnFyQynJRh82Tk9kfW4cK9IiKQ5zMi3MSVawlRiLibAAM0EBZsx6Ixq1HrFCyzixiqfEah7zVfBDPwU/EKt4ZIIfX5vgwyM+Yn7oI+YXPmImyFQo5BoMKh1mtZ5AlZZInZ5Uo568AAOzbCZK7QYqggNY4ApkSYiNZaEOVoXaWR1mZ1WIlQ3hTjZFB7Mp1sXmhDC2JoWwOdHJ2ugAtmeGcGXtTFo2FdGyuZCrm6ZyZf1kLq3Lp3HNlEEwGlblcvqFbI4vy+Lo0mz2l6dRXRBD7YwEds+KY/XURDbPTOLCmulc2VJC/eISEhJsrClP4Vb9Iq6f3sVXfMYKI+jkCkQqJSKVCpFS7QFFx1e0esYotTys0fOQWsnDehWPGnX8UK/l8QAzYx0OnpZ6s61qPVNnZZFekExKThwxOQmkTU9lzZYlvP76OX73YRuf3m6i98Nm+j5qov/jy/R/chH37y7i/ugSot81rOT351fxaeMa/nhhPfcubuTelc3ca97M/atb+WOT8Ci4N9X0tW8ffOzvqKGvffugBvY0+jqGrg3/ebRYYcBVGqGWavquVkPTBmjdwh+79tJ8rp7TRzdQtbWMjJwQDE4lY+XP8wu5D//l58V/ScT8m1TBwzozX5NqEanMiOQGRAq9sOkm1XhKLDzBtUwtmG+JUnCbxJ7yi0F5rMVAh3Z/ubDpNsETd4wbmDPozaNiMTmJYayfEUdVUTy7ZqeyrziBlyvSOLYwcxCSC2unsn9hDlPDA1g0KYUVGbHMj7BREOpkcrCdVGsgMSYzkSYzwTodTr0eq96ATqNHLtfhK9Mxzl/N0z5ynvZV8quJYp7wlvGUl5hxE8XIJEr0UhUOhRanUkuwQk2EREayQk6B2cgcu4VyRwCLXHaWBNtZFmxnhcvBWpeF9aE21oTaWB3mZHWki9UxwaxLDGVVnJUl4SqOlCVzvaqUK+vyubqxgEtr8rm4Kp+GFbmcW5nL2ZW5nF89hbMrczm1PJujSzI4vDCDl+ZnsLM4iY25IewqSWN7SRpLM0OomZVI45YKCnOTefQZHx554pcsLU7kzY0F3D6/i2898wvBxZTJhSJLhQKRXOmZt6IWXC5Ptkuk0TBGp+Zreg3fMej5rlbLD00mvq814R0UyuMBZr6qVPJNfSDfDQjg2zoNv7ZaGB9oxMugIijOyabqBfzmnbP87qOL3P/4PP2fnKPvbgOi359Zxicnl3L32BI+Pr6M3516kU/Pr+UPFzdw/8pm7l3eRE/TFg80m7jXtImeq1voa9lKf2slvde20tdSSX/rF4vW6kG5W6pwt1TR2/IAQJqroaWK3u49LJifx498x/MjlYz/kIj5usyzgCVaz11eIVSoStWeQFrnea4U7kL+nhHL/nLP69WC9ZCqPIV7X6ABUAZ8/+c8WaVn/RCN9eGb455lakoE66ZGsbUwlp2FqewrTuRweSpH5qVzckm2AMmayTSsmc6i7CjyIpzMT41mfkwwBaFB5LscZFitJJgsROmNRBh0hBq0OLRazHIVJqUWncqAUqFHpdCjlOlQSjXIJRqkYhVqiQa9WI5dqiRCpSNWpydJbyBdp2Oy3sjsADOlFgtzbAHMc9pY4LSy0GljsdPOCqeJVaFWlodaWBYayNIIG3ODdFS4NOwqTODC6mlc3VzApXWTubwuh4trcml8cTLnX8jjzNLJnF6Ww6nlkwZ1dFEGh+ens7cshd2lSewqSWZXSSo7S1JZPS2W2ZEmNk+OZH6SDY1agtWuoXptCe8eXMStynxeP76NH457yjOdSy4UUyoUiGQKRAq1ILnnBqfUCjGKWoVIp0Wk1TJGo+UhjZb/1un5ldHMjywWwRIpTYjUGr5tNvKTQAu/CjAxLtCMrz0QX7sZVbAZR6SVxctm03huH/dvXkZ07/RSfn9iCZ8cXcSHhxfy8StLuHtsGR+dWMHHp1byh/Pr6Lm4kfuXNvLpxbX84dJ67l3ZyP2mjfQ0b+J+0yZ6mjfTe3XLoPpatuJurcTdWkl/y1aPKnFf9cizUee+tk0IqFtGqvdaJfebt/HelTpmz83lO77j+ZpMg0hlQCTXCZkkmR6RzOBxkWSCBqpTJRKhw7r/QBWrv7BX4CNH5K8SKlr9lMIGna/8i+UjEzRBKoDxnFiA41l/RM/78+Oxz7IgN5VNU2OonJlATWEae4qSOFSWyuFywYqcWJzNuZW5nFqZw5GleSzJjCDLpmdqRAh5oQ4ynVYy7DbijWaiDSZcRh1BBi2BGg1mlRaTUo9OqUOl1KBV6dDJNRjkWgwyDWaVAZvGiFOtI0ytIV6vJ8mgI81kINNoINegpyDAJDR7sJoodVopdVgpc9ood9ooD3FQ5gpkcbSdOcE65rjU7J2VxKWVBbSsn82VNVO5sDKHxpXZNL44ifMrc2h4IYeGF3I5uyyXk0tzBnVsURYvz0vjYHkaO2YnU1+UzP7yTPaWpVM3O4HSOAPLc+PZOi2Jg3MzqVs6jSMrMmlaP5U3txXydm0Brx9fh5/Ka3RAlBpBigH32AOL3GNVBqXhGzotPzUa+L7FhEghFd4vUzBGq+URvZ5vG438MMDMz6xWHg8M5EmLhWfNRnxtFmR2CxqTEtG900v49MRifnt0AR8fWcwHh+Zz68B8bh4UdOflxXx8fAWfnFzB78696HHF1vKHC2u5d2kd9y+vp+fKBnqbNg6qp0kA6H7TRvqubRlS02b6mjbT37wF99WtuK9Wcu/aVu5d20LP1S2CS3etkp6rW/n48la2VS7m4YnPIVLqEalMwt6DVOGZIe6PyM9XONMg9UxyEosF+fsL5tnPMxl2YCqsl1wYfOmnEuIJH+VIAB4kb6FYUDTeA8g4CaKnfRA99f+3d95xVlXn3t+ANUVNriZekxivGhWYdvrZZ7dTp9M7SIfplSIdBqZ3Zhi6YkXpvQwzA0MHUWOMUWONN7neVGMDBQb5vX+stfZe58w5M4DlmvveP57PgZk5be/nu56+lg3q+HRMSU9DY0E6npk1CU8vmIJn5mdiy7yJ2LU4A7uXpKGlMhet1Tk4uGwajqyYhpPLCrGvsgCr5xVibEoyskcORPbIwcgYOhjjU1IxLjkFg1IS0D8lHkkJAXg1LxTZDUl2Q9I8cHv98Lr9iPcEkOSJR7I7gAHeBAz2+DDS78f4hHhMSQogIzkBOUkJKExNxiP9+mFmv2TMHjIAcwcPwNwh/TF/aH8sGNYfMwYmY1qqH7VTh2Nf1TQcXz4bzy+fieP1eTjdWIBTVE4szcOxhnwcX1aI48sKcKKpACebCnC4nkh7fQGaq3OwuzwDW4sz8OTM8dhalImWqmnYU5qN1TmDsGLmCDTMTMfaR9KwvywNh5dl4cyaAry4Zi5+88QivLVlCd5troVXvp8scCxQ93iJglPXSvDGc5B4iV54/BA8PkN8Cbg5Phm9kpMgJASIN6H6ySLrSYQQSIKQkIKeyUm4IzUBvxiQiP8YkIT7+yeiz+B+iBk0AML59nqcba3GubY6nGtbir/tKMOfd5bhL3sq8Ld9Vfj7/mp8eKAWH7XW4WxrLb44tBQXDjfi4pFl6DjahM+PNeHc8eX4/MQKnD+1Ch3Pr8HFM2tw/swaXHhhLS68sAYXX1yNjpfW4NJLq3DpxdXAb9bh4guP4vJLj+Pj3z6Bz19oAl5chYsvPoUvXtmIfz7/FNo2r8JdFhOxEu5U8sVYsKzw8YJGrAUvkkJaLOwy6UOy00Ka5DFStU5auXYqwT1O7Oc2iRbtVKO9I0aGEKtCiHFD6OPAv9ucGDZxJBbljUR1xnCszByGLQvT8PSiidg8bzI2LZiKjQvTsL04A3src3CwNheHanPRXleAw3XT0FpVgAM1MzF76iiMSnJjwpD+GJacjAEJyRgQ70e/+HgEvD5obh+cig82VYNVU+HUNLg0DzR3PPy+JMT7POjn92GQz4tRXg/G+bwYEx/A2KQkTEhKxuSUfpiUnIq0/oOQOWgwJibFY6Rqx+QEEbPHJGH9nCk4UDUDh+um42h9Po7X5+DYUqr0dfn646HaPBxqyMfhxgIcbszHkaV5OFyfg9aqLLRWZWFPRSY2F6fj2SXZWDVzLJ5blIZ9VdOxpzQPawpH4rE5Y/Ho/KlYMW081hSMxZ7yHBxZXoiX1s7Fy+vn4/WN8/DB9nL85cjjGDXKA8FupYsfyyR6iFusURfZzVkSd8AAxxtPXG4vaQ4VEpIIPJJKdEOlwb/HC8HnJ0NjCQF8PzkZP05MxM+TU3Ff6gA82D8VwsUjDTjbWo1PD1TjbGs9/razHH/dVY6/7anEP/ZV48P9NfjoQB0+aa3H2dZafH6wHl8cWorz7Q24cLgRXxxdhi+OLsP5Y024cHw5LhxfjvPHG3H+eAMunKCPJxtx8WQjLpxZiYsvrEHHi2vRceYxXHpxHd5sqcTfXngMH770HP5w6HFsb3wEiwtHoa/bAcHuJICoiSTFGhREU5G08BIJENlLe5zoJm12GYLDRVKmDnrojY22j1hpZdtCrYeJtnzEqOjR14GfPtgbgwb5sa4yE1vKcrCnOBfPzZyIZ+dOxdNzJuGZORPx3OwJ2LYwDXtKsnGgIgetldloq8rFgYocHKqZhkM1BWgtm4J9dTMwd/Iw+BQZshYPvyfUQCOUAAAgAElEQVQFmpYMlzsVsUoyHlKS8YDmx/2qiHsVF+5TZdzr1nC/x4NoTYPV64XT64bm88Lv90HyBaAGEuHxByBLIkRLHLyiBcMCVizOGIYdFdPRXjMTx6tmoK2uAG01eWivLUR7TT4OVuWirSoHrVXZaKvOwcGaXByqzUN7XT7aa3NxpD4PR+qIHK7NRfPSdOyuTceWsgxsXJSN4pEpaJwyCOsfGYkNcyZh3awpKM8Zi4Z5eXh2+kQ8njMeT+ZNwL4lBThWNwunls/GS0/Nw5ubF+G/tpbgz4cfw/y5EyHYbUSpFT89mMhNrYXPyD6yTCQTTwCCL4GC4iMA+ONJTUVSyWKoUNdNc1NQ3BC8bhLHxAdwXUIibk1Kwr/3S4Zw4fBSnGurwbm2OnzSXIO/76rAP3ZX4p97q/Hx/hp8cqAOn7bU42zbUnx+sB7n2xt0OC4eWYYLxxpx4fgydJxoQseJJlw80YSO40tx6Xg9kWON6DjahMunieX48qXH8OHBevxpdwU+2FuFbU35iIr5OTyDktFvxABoCV5YUlPIh1c8NPvko9mkMIFzWKGAOBQOBPo7kVae7SpRfptEAGEw2UIBkckRyxaVnmFOXKwfRNuRlZuLVSWzsbZwBDYsyca2pQuxomI2Zs/KQO3cLDTOmIQnZ0/GxrmTsWNRFvaU5GBPeTb2VeRiX0UuWmsK0Vqdj/bqLLTUFmLv0jnY1rgYTQsLkDI4CWbNgV+5LLhHsuOnLjvukGT8yOnB9xxufM/ppVk1Dd+32nGLzYnbTVbcabbgbpsdVks0BidomDZxGJbOzsTmqrnYWzcXLbXT0VyVi30V6WiryURzxVQ0V0xBS1Ua2qpz0FaVh9bKArRV5eFgTa4ubdU5aK/JxdHqHByry8Ph2ny01xWirToPByvTsa00A6uKcjAjcxxyMyagYmEhtjQV4amiHBSPiccTM8dg/fwJWDt7NJbNGIWmOePxZEkGdtXl49jyOTjz1AK8sWkh/rK9HP/V3ITHVs4ngLgUEjdKPrLwyd5gT4LBwsTtp3AEaGqYittLwBAl4mWwuFVzQ3C7Ifg8JNZxuyF4ae0lwUssCAPko/3V+MfuSny8txqf7KvB2QN1ONdSj3Mt9fiCAnLhcGOQi3XhWAMuHm9Ax4lGXDq5DJdOLkPHyUZcPNWAS6dXoOPkalx+4Ql82r4S504SeWdLEX6/cSFefXoe3mxegV+JFghSIno6JdziiYcgJ0OQ+CyUmwTVPASiZkjY2EHilF4hrSEsnrBREKy0Sm2jzX7MYrCf6/+ngJhcJAaJdeEXVhEpSQE0LJyBdSVzkTNpNPra4vDDuCj0cFpwR9/eeHjccDTOz8Tjsybhublp2LQgA9sWZ2FnaQ52lmZhb0UO9lcXYHfNTOytnYHm2gI0V2WhpSodu8oLsL9mNrZXzMTG0kewsWIuNtcuwNNl09E0Nx010yeiYU4mHi2egXVL0rFuSRrWl2dhW10+dtTlY2dZNg5UT0dLeQ4OlWXhaFkGTpZm4nRZDg6XZaClMgN769OxvXYK2iqnoK0qDW3VWWitykFrdR4O1eYTi0Fdq7bqHByqzcXR2hwcrs1FS00e9tcUYkdFHjYtyUXNI1lQA1781OnEjxQZ37NZcJ9LxMTJY7BsUT6eLcvG+oXjsX5eBp4pysPqWVOxuSgHB0vycKRhNk49uQhvbF6Ej/dW44/76rH+sUUQLGZyAJHopaJxKXkqCs1KMkB0F8xP6iderxHDqFowIMzN8oaIzwfB7yejCZeOLcPnB2txrq0OH++vxj/3VOGTfTX4rLkW51rq8XnrUnzR1oDzB4nluHhkmQ7HpWPL0XGsHpeOL8WXJxqAU8uAU8vw5ZkVuPjiGlx6+Qn8cXcVji8vwCtPLsS5kyvx99Y6vL+jFG9tWoLXn12IP2xYjJTh/Un3qcuOGxMCEOREMtwjShCcDmINRF/4wJkNAwWJRqwC63BlgLCeJd11kiFYRNqq4aIWQqbtGxEAiXNB6GvHnXEWPLpmGdyaDb3iYvB90WVYG6sfgsOHm2KisXBeLlbOmYon507Fk49Mxvq5U7G5KBNblmRge2kGdldkoqUiCy3VOdhfk4s9NbnYXZ+PPTVZ2FOTjeaafDRXTUNr9UzsqyrA1vJ0bCtJx+ZFU7CjKAM7ijKwdVEGti/JwtaiNOwtzcauJelorszC7tIpaK7MRGtlFg5W5+JgTR6aq7KxvzwDB6ty0V6ZjfbyLLRXZqG9OhsHa7LQVpuNlvocHKrPN4JvCkl7XT4O1mXhQG0OdlfnYHtNIZ4uyca49NG4JTaKxm60Ld/phuDQ0NPkwK0xZsT546EOGgi5Xzyc/RMgDwhg3KRhWLq4AJtK8/DCcyX4/dYl+OfuCvx5/1Ls3FhF2vidMp15cROPgF8kwwLCrIqPuk5eYkHCAcJcLLeXBPVuKl4/bW/xEUCIFanDP/dV4eN9NTjbUo9zrUvxeVsDPm9rwBcHG3G+nbhTF49Tt4r++/zxZcStOrUMl04vx6Uza/DlK4/j0+dX4aUnp+N4UybeXD8PZ9uX45PjTfjHoaX4z52l+MPWEry1oQi/21CCipIC9HTYyEyE208CZnp0GVFqmoViE3K8WN0RhPUpqcZUHQu2Own7HXWprFyAbmYVcwlCrAwh2g4h2oL+02fheyYbboyz0UCe9UbReMUuQ7BJuNVkRVbWRKyam4Z188fjsQWT8MT8bDy7IAvbF0/BnpIJ2FWRiT2VWdhXmYPmylwcqMrHjopcbKeyu3oadlcVYldlAbaVZGPLkgxsLkrD5qIMbF2cgU1LpmBz0RRsK07DnuIM7C3JRHMFkQMVWdhXnoHmigwcqMxCS2U2misy0VqVjdbKbLTX5OFQdR7aa0kWqq0+HweW5uN4TQaer87E8fp8HKyehrbKGThcMwfNTdOwryYbG0uzUTIvF6aAl8Rvdi6ZYabXwqYZHcY2N8kmumiPmShDcIgQHCLusFkwatJgtGwpx2s7luDPbfV4/eBa9IqNhSAFaPJEJAE272aHWhPZywX0PiPOUFWaBWPHcqv0+Szo91JQQsUPoeNoIy4cXoqzrbX4pLkGn+wPBuSLQxSOwwYgTDpONKGDPp4/sQLnTq7Ex8dX4v295fj70UacPb0al848iovHV+GLI03426F6nDu1Gn/cVaYDcnrdHGxYV4Ef2MwQNFrgkxgg/MDQVQLCUrJXDIibg8NlNAUyQGIlCLEKhCg7DehFOsnHXiN0VkOk0Lhwe0w0pk2bioa54/DU/LHYtmAKts1Pw4Yl2XimLAebitOwtTgNO0szsac8C/vLc7CjPBfbqWwry8HW0mxsLc7E1sXp2Lo4HVuK0rB1cTq2LcnAluLJ2LpkMnaUpGFvcTr2lWZgb0ma3u5yoCJTl5bKrKDYor0uH+31eThcTx7b63LRXpeLloZCtDQUEitSnYXDNVnYWz4F6xdlYcXCXCQkyLglrg96qS7jPvGAmLnFwsLBw48Qu4j7fL3ThX+zxOF+2wNorCvEq/vr8dahtfhx397Ek3B6iUcgea8REM34t+Qhn/eKAAmQIP18ez0+a6nBpwdq8dmBOpxtrce5tqX4/GCDDsfFI006IB0nmnDp5HJ8eWoFLp9sQMfx5fjs+Fq8vr0KmSlReP9gEz5oq8OnJ1fi7LHlONveiI9aqvHRsWX4sL0B72wpwpsbivD6M/Nxau0MbHuiDD82x5AquMtH5i2+i4D0cZECoUOC4HKR+MjlCQ+I2WkMNDlkXG8ywe53YWlRPrYsSsPuhROxuSgNT5dkY8OSqdhcko6tJenYXpyBHSWZ2F6Wg21UtpZmY0tJFjYvJr/fWZqFrYtJhXp7cQa2Fk/BtuIp2FmShn2l6WguJ71gDIjWqmy0VGbhQEWmDsWh2jwcqs3DkaWFOLIsF0cacnC4LgtHa3NwrCYHrXW5aKnOwZHybLSUZmJbbS7qF0/AkEEB/CwuFt9T/CRoVpXIgJhk0o5jkolYVMM1ZuLUSBFXIq7SrbZYlBRl4LX2J3F33wfQ0+6GYPeSWFJKuDZAeEiuFpAvjzfhi0N1OiBnW+pxrq0OXxyqx4XDDbh4pBEdR5fh0jEDkEsnlxtyqhHnTq7FqafKsLwoC8NTHHjn+NN4e1c5/tHeiI8OLcUnB2vx4YEK/PVgLd7fVYK3Ni8kgKxfgDOPFqL5mQrcY7MQMyx6ja1qRHcwIA72/ysExMLB0SUgTLoAJMYFoa8MIVoi6UZZJiugMxIgLupaeOjchgbB5sNt0VZUVyzAowunYmvxZGxaPAHrF6dhQ3EmNi3JxOYlmdhclIHNxZm6bCnJwpaSLGwtTseOEiLbi9OwoyQdO0szsK1kKnaVp2NPRSZpb6nIxgHmRlE42qpzaKCdpwNyZCm1EPVZONqQi/b6fLRUZqO1Kg9HKjLQXpaGPaX5WLV4BoY/PAy3W2IgiDb6/RMhOAL4npll/nhLyqXF4yRu2Evh7ptmuF4ONwQlAYJnAHrIfvTR7Fj7aBV+ZYpFD7NC/0aFIMaHbwUKB4rioUVk1Yg1NDcE2Udei/XYyXSXFz7t6/bQuCVAXKzPD9bi0wPV+KyljrhWB4lVuXikAR1HG3Hp2DJ8ebypMxwnl+PciSa8f2A5MgZ5UVY0F3K8isO7V+PVjUX4a1s9/t5SjU8P1eDDA6X40/4KvL+rBO9tX4I3NxThd0/Nw4uPFaDlqRJEuZzk4ooemrX6DgLSR4EQp5LAUKLxjVnjZsP5eQ1uJTWrECxuCFYPBDEAoW8ctMGpKFtSgLVludhQloOnF07FxuIsbFyciU1Fmdi0JEOXDUVp2FKShe2lGdhVnoHdFRnYUZKGnWXp2FWegZ0VGdhTkYl9lVloqchGa2VOEBShgLC6BgPkSF0O2uvysK8mH3vqZ2JjRT7W18xG5eJ8iCkqbo6LwvVO+p0kutuKk4wD97B4Q5SeA4RZER6QoPtE75+DWmLFB0Hx4WeBBPzcbkVsQjyNXdzUaruvDRBmPTze7gHhg3dPAMKFww34rKUanx6owtnWGloEJHBcOrZMh+PyieUk5ji1AhdOrkTH6ZW4eLIJ504tx8bqXEwckoj0jKkQk1OQmz0Ov9lUhg/2VOLPeyrwz4O1+GtzMf6wtxRvbV2MtzYtxmtPzcevH52JU03ZeLruEfwkOpr47A4P1yflIf+3U3FowdvZdIKE3iReORkgtkhQcDeUZbAscvBNjpMgRIsQolzkZ6zYaJZJ24k+AhtGOWIlo8AYR6cDrSoEhxs9omMR5ZExI2M4GhZmYfXCdDxblE7cp0VTsaVoKjYtnooNxWnYWJqBzSXp2F6Sjp1lmdhZmomdZVnYVZGNreXp2FmZjd1V2dhXkYN9FVnYX52DAzV5OEAzVy01OWiuykLz0mw012TgcH0ejtbm43h1Po5U5+BAdT421c5AQ3khJk8dijtNMehhtkJQaGHNxa69ny4kDpIltHtCri2LOfjEBSfhAGG7rjhlCE4ZPX1JuHfwcNylug1AnLR9SGLKrdIua41aNPbIicKJ6iEZKsVH9wzTuEwYA4oXWoT8/GADPmmuIu0mB6tw4UgdLh4lcFw+sVyH4/LJFeg4uQIXT67EhVMrcfHkclw43oDPji/D8oWTkD5hKEaOHgpTQiLuieuLExtr8Z+bi/HBjjL8ra0efzlQgvf2lOKtTYvx1vpFeHntbBxryMfOkslYOCcbN8ZZ6LY1brLpgNPTWViBL0hCoAntuGUXuBMg/Gof5kbqfrRClDxKJBksO4s7JOJGhcLEhGW+Ql0MsxLyORT8m9WGf4/pi+QB8Vg4Iw1NRflYsyQdjxZNwYbSTGwtycDm+ROxc/EU7Cieil2lGdhTnoldZRnYVZaOXVVZ2FuVjT2VWThAs1QHqrPQUpuN5pos7KvKQHNNNvbXZKOlOgt7q7PRXD8D22tmYEvNDDxaMRMzc8ZCTdZwS1w0BIeD1prCXPNwi0y4YNyqwsgK8hLm+Tba7eDUyMKj+tEzeQDu8CVCMIsUIreR/WLCMmJSSKsRk9CCIotNnBReh2ZYIPaoxzBUzrUtxacHqvH5wVqcP1yLjmNLcYlWxS+dXK4/Xjq9AhdOrUTHqeX48sQyKsvx22cWoLRwDArzJiFlaCp+rsr4scWE3U/X4vfPFeG9TYvxwf4q/NeeYry9oxhvPDsfbzw5D8+vmoldlVmomzMWqaMHQLA6SabC6YYg+sPXN5xhxOEm8OjuF12ZzC5y4Wk+ngSF3GuFugWhwgeaMS4IfR0kgyVx9RhWdf9KgFBxenGDTcH1cXbcHGXGA14rAkP9WLIwD+ur5mJzUSE2FWXjieJ0PF2agadLM7G+PAvPVeZgQ1kmtlTlYFtVLnZW5WFHRQ72VWZif3UWdlXnYnt1IbbWzsCO+jnYVj4b68rnoGzxTKSMTMW9khnft9ogmG3oKfsguPwQHAFSl2JQsFqSLcJnD/vduOddDSCsthFIxo2an2YD6T0Tlc5ZMJdGrMm1AGKn1kj2RAbksxbShHi2tRoXj9bjyxON1JUiUDDpOL0C50+txOVTxKKcP74Kb22pQHX2IJTMTMfESSORMrI/bnOr6GF3YNbsTJx5aiHeenYB3t9ehve2FeGNTUV446lZePOJuTi9Zg42VRdg/Pj+uMNmIR/SJtLMho/bDZCTcBaEB8ThNiyCTSJmW6QBv0vlKrLekNfl4GLC4GCA9LFDiHGSISyXh3b3konCbqGIBIquVEzYCuwmsY1Jwk1xdvywdxTujO4Ls9uFxCHJGDZ+BEZPeRgjJ43GiIkjMWTUAIwYMxgjxw7B5MljMH16NmbmT8IjhVOQlTEWQ0YNhpoYQJTswO2WPrjZHIUbrGYINuomKR5ynYIUWDUU1yob/9b35uIWE/56sfSuVbtywPR7qRpujztAFN8i0tej9zTcOEJ3gLD9iNl0qKgZ30nUDEBYMyt7VLwQPtxbibOttbhweCk6ji3F5ZPL0HFqOTpOr8Cl51eig8Jx8fQKfHlmFXB6Oc4fW4nXt9WjvGAscib0R3HxbASS/Rg4fhhu8XrQUwvANygJravm4LVn5uOdLSV4e9NCvLGhCG8+OQu/X/cIjq6cjbXlefAPTYUQZyMNiXYXBJtM03phLEhYFytEyVkGyUYbEHkzLNKcujMEEAYFf9NYBiaWxh99HRBiRbKjiVMjfrNFMtpPrhkQmbgRFhcR5raZEyCYAxCstDItecj3sYjoYXNBMDvR0y6hh9WF60QF1zskXGd34UariF5mB3rGWdHTZEMPsxM32MnBoIJdIbMyGk2CsPSs0wXBLpK4wirSDBwPBX10aN0DwiCxhrtXEVy0UEAkGgPIKk2Xc4ue6DbiUyaSduWAqD7yGlblygA521qH8+0k5vjyRCNwqgmXTi9Hx/MrcOnMKlygcFw8vQJfPr8cl04sx99amlBTOBa5aROQOsCL6QtmwqY6MGzyaNzm9kKQArjHacGOxhn47eNz8OaGIvz+2fl4/dlFePvJWfjdmkIcXjkLFbMn4VcaNcFOHwQ77YeyhHGFbFr4C27jYhCrShTOJBLY9MCOitMdJq7hweBuOhupjRbJ7EeUk1gLl49AbGWfVf6KgCjEWpg1ku3SrYoEPaNmIXtvCSaRvLdFClZeibocTqpEbH8tp5e4gE4312bjIRtZW1k7jYuAYXEaqWmLO9iCMDic7u4BiaNJCUvIc5lcCSAiDbg9fgKsXtOSjQWOl6sCxE8KjnbqIoshmbFQQM4fqkXHkaW4fHwZcKIJOL0Cl59vAs40AWdWAs+vAp5fA5xeicvH6/DRqadRmzMBcydPxPBRQ2BNCCBvRj5Eeywm52XgDp8Hgqrhp1YLttbOwYtPzsSrG2fhnafn4bfPzMFL62bjheW5aK4vwIyCdHKDWJzAHiOtNJHE5qGulUSDOpEG075gt8oWwVrwQSYfT0RLEPqKEHrbiYulB/ssuA+JPbqKOyIJ6wezSHTWXaGZsTCA8SlT/bMqnKJzwjaVY48sWdFVvMXS1TYWXymdhU+Zh8ZdtJGTFAdF8r1sbOxAJhYwLCDMnVZJnCHJEGQFvZL6QTA5SP+bWSJ/y4qLvIvl0gxPgfcYQlPBCu3RUn2c58Agi5Ay7ji5El+eohA8vwY4sxZ4fjVwZhXw4mrghRW6nD+5GsvnjUP+mMGYOmoUPKkJ6JsQjxFTJ8Fij8PDWVPx4IB+EFQPbrPZ8Gj5dJxYOx2vPPMI3nxqDn73xGycWf0IDtZkYkNFLgIDE4IBYVtvRvJVuwPETFdam0RjkwiuVCRAmItgkiHEyRCiXRD6OiH0tpGb/50EhMUOIRIEiGpA8k0Dol9DmuWzKuS1mIW4CkAEb/zXDwibPnQx78TTNSCXXlqHyy+tw6VfPw78+nF8+evHgRfXAS8+Brz4KIHk16uBl9bg6LqFSB+fimHDhiBl0DCIQwbi3pQUmFKToaQEMDhtImIGDkRPzY8fKSrmzZyE9hXT8erj0/HaE7Pw2mOzcaimAOvnTkDFrIm4W3WQlSXIcnSR7egSEI367yJdrVgNJUIQHs568ArOUrt97BCiHOQi/k8BwoPbJSBKeEB4SL5pQPTPTOMzq3ztgGg+EkvGiV8fIIpKphQlzfg+TndkQPDOVmNz6rfJ+YKXX1tPdkF/9Rng1edw+TfP4oOWJizOHQN//wAcKf3Rx5+C/0hOgaB6cYfHA8/DIxET74U8Zixu9SahhyhidNowNC+dgd+unolfPzETL6yejk2LM7Fy2kTMK5yCWxzWYP80qB2dKaFi3OygGxvBglhd5KKFsxRBwil5qCLG0p6rKCcBxCR3BoSvlXQHRbg0MA+IyUFcErNE45AwLl84F5B/fZb9Cv2O4QCJVPO5EkD49HiXgFDQTSr0wqDdE/5eRAJEUtHDHU+SIybqNl4LICzwl73Gxh6yCn0GSNQiV+Tx1lbg7W3AO9uJvL0NeGcTkbd2AO/sx8VX92FDSS5yJo6ErX8K7kvoj9sUP3qysyxkBf0Kc/FTcyx84yfjVskPQXTBOVDFzurpeLmxEKceLcCx1dPx5IJ01OdNxsMj+kMwWaAPNPFBZ0RAIlgPm4cWB0Xyek41AiBhVs9IgLDMVR87CeZF5qb9HyBdAqJ/PpV2Dyjk31bt6gGRNfTwJn7NgCgcIGL3gHz5Bj3h9t3twHs7gPd24PIfm4H3dgFvbMHZ15pRNHUwVi7IRb8hqYjpn4j7U/rhR74UkqsWfRBEFe4pU/AL2YX7Awm4L2UABNmLH7tEPF03G0eW5uDoo3Oxty4HjdPHYHbmw8iaNgM9HrJB322Edeta3ehcwNOMIDM0u2X3cCZdIsocqa0krILRmxmnkk0ZmMTS2keUkxTNZD+XKQtVCokmCJTwCh4KUmzIo14/0DjhFDjoe7g7g9AVQLzS6xk7NXgx4FOzOiARRK/ZcPFO6HtZQ96LBe5BlfbQ78IWSYVmsTSScfIkEs/ARJXZRiERteDpUqdKhE2ZujQCQagwQCSNjioo0LsjWAaLz2jpJ0m9u92QP+3F+d9twicv7cC0McloXFKIBdMnQhk0APfEe/BAv364K5BMtmFxeiDYXLjT44Vl6BD8wGRG1JBB6CG70dPlw7BR/bC7Ng9HV0zHzsZ8LMjsh+rqufhh795EoW1ewwp06tO5AkCsmhEUWhTODfoKgERzgMRItD/MF37VtEhGDHElgMSGSJzEnf3xbQBCLQhfBL0qQMJY4+5gZClzU1ffJQQQtqJrAZIJYxaWAcJ6qXRAtGDL4tIipH4V4mbpgKgEENFDGhk7AfLuTuDdnUHnoV96Zz0+fns3Jo8egpH9+qG2ch6SB2m4Q/Wgl1vFQ4OHoM+AgbjZq9EKOMmlyxMn40azFQ/1T8bNHg8Epw/fjzGhfMYkHKzOxs7aHJQXDENm1ijcao6l+W9PZ6W/GgvCFM8kGc/5OgCJEmn2SjWyYd8YIFwFmk/ffhOAsCMUrhmQMO/fHSBmhQASJ3XxXcIAwqrqDo1aEZoVY20p3wYgl9/dSdyp93aB/bvjP7ehrLoQcYFUyIEElJbPg9TPgx6yF4Ks4HuaG5Zhw/Dz5ACud3vAjv7qPXIM7k5Kxs02G+4eMJBUne1uiF4Z28rJTHRj/gg8s6oad/aN5pRejdCSEAIIf6NY9ZwpnkUx/iZSA2IkH575y7EKASRKgtDHQbJXbKJNX31DFVDiYggOEBbThGbGwgFiCSOREhJXDD6vtLyCcxYk1kXS2TwgXcFxRYCEsTZmhbxPLAPEbWQedQkDCG1/FyQfASSOulkMEn7o6loBYbrhdEPfvZ/Pel14awcuvbsbl/+wF5f/sBcd7+zCf72yHQ8GVPTwpMCa4sOcebkQU1NJzKGoEOwO3JeQiPuHDsK9gwdAEMkGCTe4VPwyORVCrAM/Sx6EHrICQYlHj1gzFj4yFXvqcrFm4RTMyBkHZ1IqCeBsqlFIsknQN1roDhB2s5ny8X/zdQDyEE3virSQZHNHWKEjWJCrAkTsLN8mIHyg3y0gHiIWtyHs+0YChH2uONkI2DtJBBdL8pBJU5NIALFQQFjq2P41AWJX6fNCAMFfDuPSH/eh450duPj2TuBPBzF3xkT8QCN72N7vE5FXMAXeQUNxfXwS2fLTKeF6h4Sf9+uHviOGEXfK5oLglHH/sJHoJQVwk0PDrV4P2WnCoeAhlxVP1OTg8cp8DBkZj7vj/eSiBQFyFRaEBYxx1HQHZa2+AiDRFJAHbSRAd/m6BsSsIDhY7QKQSEE668Pi5dsExNLFNe5kPbxELF4IFg+R7gAJck25zxoJEH0kljYW+pIpIK7wgDjCACJqRhs83w6vKHR2hAPETHWPuW08IJc73gbOvoAv3t2Gjj8ewCfvn0T/MaNwk5vQ+0s1gEnZ2UgeMQg3+NxkZzq7Rj6oTcFPExJw3+Ah6ABcJ14AABa2SURBVOXxkDf1JZCeIJOd7KOqaBDsLvSy2JGTNhzPzcvF+PFDIEhOuorS6rdVpheWKToTBXonJ3+zWOU71mWsgJHSrOGEV1g22BTDioMOCA9YifLogGghiteF38/DwXxv9j6hBb9IEtZXd0MP4nUQI3wGvdeKpcxD3CH++we5PfR9InUddAWovphpdKGT0Gn7Vn7RCEpRh4hNMxoJtQCx0CzjZlGDY1Inl/LlAQmdG3EpJFvF5tFdHui73/DZMZbilTwQ/vnBC8Cnr6Djr+3Axdfw7u8PwTdmGK5zqxBUD24V3Ugc+TBSJzyMuwJ+AgEbUrLLEKwOXOfz446BQ+jMr0bMm9lpfEE7uVkx8SIaZmYjc+IYCCYb+aJxDvK3ut8dqhRhALFqnavWV6J03QESJdLWEjuEh2zkfUQu/viqgET6LGGt0v/ngFg1w5KofhJzxji/fUAuffgG8NEr+Md7Lbj46St49dVWDM0cj+v9GgRZhiB68GAgCdLokXhw4ED0UrxkJNahkeYzm4vknzW62ZaqkQ9ioVVKNqthk9HTZkJW+iRMGj8e18fQ5j87Vyjj3SBdMThAQv3Z2C6U7moAYTPnUU5iPVhzolkhgAS5CGEACfea/G4e4SwIL+Fgi6iQrJWEC+jDZcEiARIOVmsYCbLm3QASquidAOEgD108TF20FfEtIIofQpTN+OxWjQOEulYuz1UC4iaf0yJBsEpGN7F+cJIHAj76HfDRy7j00Uvo+OdvsKyiEJPSxuNOVSI9K6IXPewyrldV3DewP25PHUiCJqr0uqtjlensr5t8KKsM0j+j0r9VIETZ8R9WK1LHTyCrgdlJp8PcNMiVSSxg4pWEFaRcxirOVvzYq7QaVwNIFJ1DYENYkVb9KwGkO7fqigFR8J0FhLd6XQFi4e4hWzQiva6dKj7bPTHWER4QxzUCInlILNMlIOxo3M9exu+OPo1nqqZjycw8mALx6Kn4SJ3CJkGQJVznVdEzIYmcYe3wENMUo5DMj0mCYJcIJJJG3pjdDKcXgkXF9TF+XB9rQuyIkQQek4NYIJebWJpYl1GL0F0HlvYUjYsa4yKdtqFNfV8nILEuo97CLNa1AtKdVbgqQFg7O5fx+qqA6NlDXr4hQPjvy+5nxNdWiHVg468W6esFRGb1LTkyIBc/OoPLH76Cz//xOzySPxyPLc7E2tJ8DB0zED/S3BDkABlmctA3Vf3kQBuFbp/CXJ1YF7EATvoB7DLpoenjAEkHqhBiHBD6WnB3v2EQTE4ibHqNzWyYXGSliHXQ7laZFPHiVBpI0z6pGFqZ7SqDo1sbF2d1wqRZY13GUBQDhB27zLeIR3qvcJmqcFYitEWjq87lcNBcSSIi0vM6xSgq9IJeuJ4r1oXb6bOq6JQd7C41HCQchBaReBGhcRYDic8sqX6if3ES/R6y8Zp8FksXNTwgkkJaTiSNFAZFnwG5RTXqXk46YPXWK8/i/J+OoX37SszIGoaqwol4dFE2Fs3KgLVfEnrJtGBjU4lLZVfIC2vx5NGsEkVlq6VVI+DYJJKWixJpV6dCAIlxopfoo+lZtuGzRMyp00N9foXAE+ukCqxQCQNIdy5Md4DERgCEDzr/D5CvDxC+l8siQZ9i7A4Q1iel65naDSAajM0dVG6DBw4QF22VYtfFoiJoHwTJA+Ef/70Pn77djFVLsjF32kRMmzwaxWkjUZw/Hhm5U/BAAs1cOVXaeSvTF6ZvwAewetBFzbuZKl80U3LREAYI8wEtEs1tU7IdCvTUnt5AGAaQ7mYwrhUQq2YowDcOiNpZ/tcDwkESdvO/EEBYZZ13y64YEC08IKxDmweEz445NAj//d+HUT3jYdTOnIJRI1IwesxIjB2aisL00chOfxgDxg3Hv7ndZD436EIpRJmZIvHxgYn5yRJxk6IlI1aJkSks9JG9FgPFptKd9jRSBIp10b9XCRhMYpn7FUY5eQUNKtZxkDFhnaYx1No9aCWAhCs6hoOPz1DxfVXhlDYsHBHkamKoa4nBeAWLBEhXMF8zICEQdBLud0zx+eKdfo3lbmKQCCKpwYDYqP7qXc2ysSg6VQiPLMrEEzWLsGrJLAwZPhDOlGQ4EhMxYNgATJ0wHBlZE+EcPhi9HBKljZpFJlaFKJOJVz6aobLQ37P2jaB2coUIszh2urqwjALbQc/mhmDWCGDfNCB9HaT+ES2FByQ0K8Wey6dwGRBXBUiYmfL/AwRGZV012ttZosGqdg9IuA0e9OMXFA4QthDTDSLsGvlb2QNh/NjBqJ+Tjfk5ExE/OBXWASmI65cCe3ICBg0bgDHjRmDQpHH4VUIiTYvJRPFZ6T9UIdiwUSwdcDHLRoU6mrpbUSKxINE0sNf9SfqBrSqMgR160SwqhFg7sU5mClusHNy2EcspfJzcGaBQ14q5a2xbUVb/YL4oW110IEIkhiUnJCoK9OxbRBcojASlb6lEVG4VRtxHJez7SCGvRZ/Hak1BShnq2rHPpXa+H/por2I8hweAP8RIb0LlJGy8xV8Pzh1ks0F6fxZ19c20L4tlyIL2N9OM92YzIvrUqgdke1MKnk0F2fNZI9AobmNrIMVPgMyeNAo1szMwdfwQqMOH4MGBqfhFvBe/CnigDumPlIdHwjN6JH7h86FnIAn6plvmkJWTrZ5xkqF0JsVYtaOcBiRRTgoNq4yyix1y00Kn4RwKed9YR3Bcwiu8bhkixRvhAKHu1UM2CDEi9BQiA0QHTDGEH6yK1Kx4pbFCuFW5O0CCJBIg4drww11rTswKOjUwMmtjV9Hp5K0gSxQJEN4ydQcIv3BQa6L3Z2mk0dDkIJBYZAOQ0HEJmwqyz5pEFnXd+rnI/51uksFyxdPKuWw0MiqsD8wNYeaMLOROHoSBw5LxU6+fDEHFB3Cd34u7EuLxy4QE3OL14GeDBkOITyIVc/aGzGLwrgZLm7JAOhIg0dSliXOROMUsd1YaZoGYX2iTjJVIn93grMC1ABLjIrD2dRJAWCaOzTPw7sz/D4AwV5m1wfMNiN8UIJFgiQSI1XVlgPCHszro3+ndvl66sQfdSI4dHS5Sd02k7prstqF4fja8/f34SWIK2WrF5yXH53rpOdRu+n9/AgRvAt2Rj97UUDh4d4YHJFokgDDp66CWJIwl6mRV2I1lN0cm1fYY2cg+8fEJD0skC8MKgwyQPjT+MCnG+/GJhxhXMCAsMxcXQRGvChCmHF0kBK4UEHb9eUAsKvQerq4Ukz2fH+QKBSSov8ptuEHhpFtAVHSCtVtAmCfBuVih7h5L1Yoy9J3cnTQm0Q/v0Qz33c6sjYu6XtTdd2oQvIluPJI3HiPHDUH00KG4ISEAwaeR43A1P+mkVN0QNJV8OJU2cTn5KrPUGZJwLk9XgPDxQiRAzE4S+5hE2o7iDg68rxWQKLY5nNNY0fkAP9pFJDTJEEf/7v8A+fYAUTUSQ8Q5iAXRzw/hRPQSC+CUCEwMCIc7GBC2F4LDTfoK7YrxMxstZUxKG4e8qSMx5uEhsA3qj18mx+O6RB8Ej4cMSMleYn5cIjFvskaie9FjdLnqswVhAOFdrUiAMJPOZ5bCWhB2wzl3hwXE1wpIrMRlr1zG+zFAYjlAoiVD4lQKqUKSFt9JQFxfHRAzBwgrFn+rgGgw6iHUxRJVkrAxc4Dwo9g6MJLhYun7OKvBwNi9Bjh2DcZ5NF5ifSaOH4CJk0diyNjhcA6hgCQlQfAHiKhu6AeXsHMDnfSF7V7oe8VaJOKq8HPdnUQMLsb1thNYQhX5alKY/EppkknVPkbqHJOw9+ChZdLXQYRX2nCWSd9WMyRe6u4zdgUIfya75SoA607Y9w2aN78KQFgx10zvbWjcwUvYjcYjgNNdDMJDwjdmsrqb4iaF5DiR9gCqwTDyEro9UCRxqsTadBIFQubUoZiaNgru1ABMgwbgR0lJEPzx9EgqDymqsH4W/WBNjVs9vmFAuu2GdRHXy0wVlylYOIsRzqqx/a9iXN0Dwq+q/9sBiRFJPcvk+p8HRN9tXiULteKj+kYBsXKABJ0fc4WAiGrnfbVcCknzTp06HENH9kPiqKGIHTIUPQMJEOITyBltqptMEDKiRIX2WamGS2DlTHmc3BmQKMmQawEkEiw6NBwgcRL0vi+WYg4HBys0mhTuaAMpWNnDxTW6X652BuRKW9s7gSJzsQIH+JU8N9z76DMocki69grEohqARDsJIHEiubY6JGEU+qoKhVcAh565lDgLQmERZbK5gkMjtag4JRgQfqdOflMH3Vpo4RsbJQoJMwaSSrpH+o8YgJQRg+AZPhT3xsfjh4nJEDw+epihB4LImxzZKLDogLg4QBQjBfpNABJOeBeLAcJDoh+hFpLpYu+lH20gBys7g4M9jx/OigTItVS3eUDMVwlIuNYWfTFRjCJiWL//OwyILhwYTBwyyOGbXtoAq5DY6isBwlkN1gEsKaQ2YktKhG/ECDgHDMI9Xi/uiPeiR1ISOQZXdV8dILEyCV7Z5gffBUCYJWCpZh4Q3b2SjNZ5puzss/Z1GEVPdhPDuVjfNiB85vBKAAl3rsd3EZAgWMIAYucAMasQoug1+yqAOCgY7DwZ+u+bvAqEGz0eRA8dipjkJPROSsbPkpMheP30SFwPBNltdO/aJZqJ4LIiJsmoFYQrxvFK2cdBCnKsKNfHAaGvi8LDuWdXI3rrhwJ9GtGkcjUM1krChFbxWSU/WjTcJgYT+1v2efnZk06ujXwVWSy6qFgksrCwKq/JSa4jcxljHRSWLgDhe8DC/T5SL1W4Dl++vqMXQq8ihglXKIw0aBX6t0HFRfcVwCSSFV9iW86qxr1h79tpe1ruZywot8voaXOhl0PGXb4E9E5Owe2ShDsTE/Djfqm4ITEJgskOQRBF3BEfwP1JSfhlchJuCMRT66GRjIGLpcw0GHtWUUDMWnAwezWAMAvSRzQguSZAuJsaDhDWiMjaSRggrKLPdkVhga1+opQYDAezGqHxBjty4UoA4XuvbKpxAy0yjOEsNwSrp3sL8o0DIn33AbF7DG+BtapfKSA2GYJTwd39BsM6KQM/8SfDOC1ZxE1OB+5VTRAEUYIgSbg9MQE/TEqEkJBIAOE317K76Q39GgFhleveTgJJlOsaAeHei3crdECosIZJvQ9MDI49Qt0q1hYTbmoxqJPXeeWAmCXo7RH6zoIyBJMV11vMuMlmJ5bF4fuWAQlz3/4VLIgrQLyHawTkJs2PH3vicaOoQLCL6CV58W+qH2JqKnKn52HYhEkQyI5yMjkw3h+AEEikuWaFAsJePIIF6aoQFyq97QYkbGsd3oJE0WLcVQMiBkucyGVzQtwm5l4xCFimpxMgTiOzxbJAYTNrIiJuPdpJuMq2VcP1cTb8xGyGkurGc1vX4OCJXXhAsaGXzdX5uaExTiRAwrXW8xs8hMYqcSHXL4bGHqGJia4ACZvi5QGhz7Uxb8TNdd+6wwPGitCd3tdFg2o3ASRcMqKrGIjFHFYJgsWJ6+wyesTEYPS86UifNhVrly3BllWVWJQ9DmPGD4QgmBSi+JJK+q4UP+1mVI2Ng60ajL2pvgIgfRyGfG2AiKTtII7OsTNhNz8oG+UKth7RtBbCFI5ltBgcQavn1wAIK3hZNHzPIuGemL548qkVePHlIxicYMPLJ7dCS/GhB3+09LcBCLt+/DX8VwGEeTFXCohDJYDYZAhxNvQeNQ7X212Y8EguHq/Iwe7yKdheNxfDk+NxpmkxBOKDu0iGyuUmW/rIdJdEyc3VPSggbBaAAcLn3PnO3nCA9KVuVm8HhIccZP/b3k7y8yhX8MzIVQPiNFa/GCcXezCrEBKcs5mUWBnGjiZ2o/2FVzwWOwTNmLiImERSTDPR55j456iG+xYnoYfZAsHmRi+LioFjUvDamf3Y/MwzuOv+X6AwbywOH3gOtz9wPwSTNxgy3hrygOhxEOcu6bMaEsKexBvWgvD3TSQSK8Losu7OxXKHES08IOHaQtgMRycXLRwgEsmkim6y66VNMxaKToCoYSCRjVYTkwNSRi5usLiQtmgO1i2ZhNaKdFQtyMW//+w+iHEPQRAs1Ie2y7QSSY/VlRTaXqJR2mlKt6uKb2gvVqd4RKKnxjohPOSE8CCFhI9N2Ap+xQG6i658rLZBg0w+KO/rMPqpdOtBAWE/6+MwKuoRlUmhwlsOB8Kv6hL0boM4lVakPbjFLGFu4Xh8/H4zGleU4dYHzBiXNQmv/P4l3N37XtwWa4Jg8Ua+rqFjvmYF5NhmpogyvU9i17FR0FQkH5zTa2uWoPe+dVeFv5LYJGK/lpu48Q6FpmndMHZ4DPOafNuJw002XYiji4UOokbTvlSnbZpxL9j0qsMLwSKj74ix6BVrh2vMYDxek4e2ZfNwT59fwmmVMX/SaAjk4HgnvagS/cCKMXmlB+naVwckRiaWoo/41QFhWasrAYQF46GZLOZu9eX+hs9WfRVAYmUIJg8Ea4AosEXGjdEynnyiHmff3o+y6hrc+MADmFWVhROnW3DbA/eiV4yVKoL76gDpBAfLrH3HAWFNhdcKiE0lnbvXCohVwU8CKRBiHLjdJ2PxgnSsr5yHn9x3D2pKG/DUzAwIgoMEK2RjNpFLQyrcl6EfuLuCFg9HOBcrVoEQo5CYo7dIAHnQZgTvfRzG6n7F6V3RACSGy4SxjuE+duibzHVK84qGaxUtBt+IcPFG0M7tHCDMPQnKMikQ4jwEEruCG3v/Cof3rsJf/7gHi8py4XYqePloK9paV+Jnv/oFbrU4qeXwdn6trlpvWHzANr0wOdHDItKEQBeA8K8Tem1NrFbzFQAJcpf4GCDUvaIlBIdidNh2BQi/yQeLZdgO//yYsEMLD4iNwmWnp4aZnegRY8cNTgcm501CQWYarnugD3758z4oSIqHQErs1DqYWNGMBXgq9Ly81fOvCQhzr2Ll8GlevVIuR85Y8b6+/p1dxPKanRxAfFAtkRjN7MK9NhMO7l2HD17fihnT+uPRZdPx8W+2Y8zwVFzXV8QP4qzoYdcgxGkQTG5EPCc9HCCsqc+mQDA50csqQYi1QXed/zcDwtwsE3f9rwYQCwnU7/L0g+ByY8Ksmbj7IRMEk4if3huHrNT+EHoEEuhWoRJ5I3aWnD7c7wE5E+JfFJBwFoMF6gwgPfujGBInIWjsVJ/RoN/ZKtHr4YJgktDDxFZ95qaJEKwu3Gax4sC+Z3D+5Q1oX12Av7+4C+vWNUCQYiE4nbjVmgjBmWTEU7EMrKsAhGYXe1kcECdOxs1mtmP+/yQgEbJUEQFRrx4Qq2LsaxVH9VefKowAiJ0DxKZCiLXhTi0FglWBNmY8brrfBMHqxg8esiGvXzKEu+L9EDQNguxHj1gvrotSoY+SXklPEV+x1gGJoNR6W4pE/H4GBy8sHuGHq/QaBnstF5e94t43xhUcd7BUrv4z7rVYLSbGhaA+JP27OCGYE9HT5EZ0wAtzggs/sjpwnd2DH5qdGJ02HguqS3FzlA23RT2EtU+UwT1qAgSrBcJDInpGSfhJ9APYt6sRH7++FWdf3oYjzzVAsd2LX1geIMM8sRqui3ZCsDioi8uyZzJ69o0jrpLdD8HiJ66XWQuu6lupr63a8bPoZOROHY0//mkrTF5aHwgLiEp+F3axkYzrGpTBCrUKKoHSqYGcT8n+hio1O3kq3IZwbObbTl15tlE2i0fC9m+FydKx4wpcbjJfbuZ0VT8ISOksDhX6TisWEkv2UOIh2CTcN3QUhGgrhD4O9HhIQubA4fh/V9obYPDNtwcAAAAASUVORK5CYII=','1',51,'2016-03-02 15:36:36',51,'2016-05-28 10:23:35','0000-00-00 00:00:00'),(40,'d08783c1-071f-558c-adcb-ec479ad60ab5',NULL,'AH0000035',58,'2016-03-21 15:57:21','Mr.','Nadesh','Subramanian',NULL,NULL,NULL,NULL,'1991-03-21','M',NULL,NULL,'B+',4,NULL,'IP',NULL,NULL,NULL,'9789741406','N',NULL,'1',51,'2016-03-21 15:57:21',51,'2016-03-21 15:57:21','0000-00-00 00:00:00'),(41,'8af07571-c468-5a60-8474-f4c71229be98',NULL,'AH0000036',58,'2016-03-29 15:43:29','Mr.','Vinod','Kumar',NULL,NULL,NULL,NULL,'1991-03-29','M',NULL,NULL,'O+',6,NULL,'OP',NULL,NULL,NULL,'7898455154','N',NULL,'1',51,'2016-03-29 15:43:29',51,'2016-03-29 15:43:29','0000-00-00 00:00:00'),(42,'4e90c2b1-e49d-5ad0-bdac-fb66034fd3fc',NULL,'AH0000037',58,'2016-03-29 15:47:12','Mr.','Kamal','Hassan',NULL,NULL,NULL,NULL,'1966-03-29','M',NULL,NULL,NULL,NULL,NULL,'OP',NULL,NULL,NULL,'8945515412',NULL,NULL,'1',51,'2016-03-29 15:47:12',51,'2016-03-29 18:55:06','0000-00-00 00:00:00'),(43,'3f4ac9ee-2e86-5aea-bd75-a8c14ff8c667',NULL,'AH0000038',58,'2016-05-19 16:19:53','Mr.','New','new',NULL,NULL,NULL,NULL,'1986-05-19','M',NULL,NULL,NULL,NULL,NULL,'IP',NULL,NULL,NULL,'1234567891',NULL,NULL,'1',51,'2016-05-19 16:19:53',51,'2016-05-19 16:19:53','0000-00-00 00:00:00');

/*Table structure for table `pat_patient_address` */

DROP TABLE IF EXISTS `pat_patient_address`;

CREATE TABLE `pat_patient_address` (
  `addr_id` int(11) NOT NULL AUTO_INCREMENT,
  `patient_id` int(11) NOT NULL,
  `addr_current_address` text,
  `addr_country_id` int(11) DEFAULT NULL,
  `addr_state_id` int(11) DEFAULT NULL,
  `addr_city_id` int(11) DEFAULT NULL,
  `addr_zip` varchar(10) DEFAULT NULL,
  `addr_perm_address` text,
  `addr_perm_country_id` int(11) DEFAULT NULL,
  `addr_perm_state_id` int(11) DEFAULT NULL,
  `addr_perm_city_id` int(11) DEFAULT NULL,
  `addr_perm_zip` varchar(10) DEFAULT NULL,
  `created_by` int(11) NOT NULL,
  `created_at` timestamp NOT NULL DEFAULT CURRENT_TIMESTAMP,
  `modified_by` int(11) DEFAULT NULL,
  `modified_at` timestamp NULL DEFAULT NULL,
  `deleted_at` timestamp NULL DEFAULT '0000-00-00 00:00:00',
  PRIMARY KEY (`addr_id`),
  KEY `FK_pat_addr_address_patient` (`patient_id`),
  KEY `FK_pat_patient_address_country` (`addr_country_id`),
  KEY `FK_pat_patient_address_state` (`addr_state_id`),
  KEY `FK_pat_patient_address_city` (`addr_city_id`),
  KEY `FK_pat_patient_address_perm_country` (`addr_perm_country_id`),
  KEY `FK_pat_patient_address_perm_state` (`addr_perm_state_id`),
  KEY `FK_pat_patient_address_perm_city` (`addr_perm_city_id`),
  CONSTRAINT `FK_pat_addr_address_patient` FOREIGN KEY (`patient_id`) REFERENCES `pat_patient` (`patient_id`) ON DELETE CASCADE ON UPDATE CASCADE,
  CONSTRAINT `FK_pat_patient_address_city` FOREIGN KEY (`addr_city_id`) REFERENCES `co_master_city` (`city_id`) ON DELETE SET NULL ON UPDATE CASCADE,
  CONSTRAINT `FK_pat_patient_address_country` FOREIGN KEY (`addr_country_id`) REFERENCES `co_master_country` (`country_id`) ON DELETE SET NULL ON UPDATE CASCADE,
  CONSTRAINT `FK_pat_patient_address_perm_city` FOREIGN KEY (`addr_perm_city_id`) REFERENCES `co_master_city` (`city_id`) ON DELETE SET NULL ON UPDATE CASCADE,
  CONSTRAINT `FK_pat_patient_address_perm_country` FOREIGN KEY (`addr_perm_country_id`) REFERENCES `co_master_country` (`country_id`) ON DELETE SET NULL ON UPDATE CASCADE,
  CONSTRAINT `FK_pat_patient_address_perm_state` FOREIGN KEY (`addr_perm_state_id`) REFERENCES `co_master_state` (`state_id`) ON DELETE SET NULL ON UPDATE CASCADE,
  CONSTRAINT `FK_pat_patient_address_state` FOREIGN KEY (`addr_state_id`) REFERENCES `co_master_state` (`state_id`) ON DELETE SET NULL ON UPDATE CASCADE
) ENGINE=InnoDB AUTO_INCREMENT=44 DEFAULT CHARSET=latin1;

/*Data for the table `pat_patient_address` */

insert  into `pat_patient_address`(`addr_id`,`patient_id`,`addr_current_address`,`addr_country_id`,`addr_state_id`,`addr_city_id`,`addr_zip`,`addr_perm_address`,`addr_perm_country_id`,`addr_perm_state_id`,`addr_perm_city_id`,`addr_perm_zip`,`created_by`,`created_at`,`modified_by`,`modified_at`,`deleted_at`) values (18,18,'Test test test',11,10,4,NULL,NULL,NULL,NULL,NULL,NULL,51,'2016-02-16 06:30:51',51,'2016-02-16 06:30:51','0000-00-00 00:00:00'),(19,19,'anna nagar',11,10,4,NULL,NULL,NULL,NULL,NULL,NULL,51,'2016-02-16 22:07:14',51,'2016-02-17 02:41:37','0000-00-00 00:00:00'),(20,20,'abc avenue',7,8,1,NULL,NULL,NULL,NULL,NULL,NULL,51,'2016-02-16 22:10:56',51,'2016-02-16 22:10:56','0000-00-00 00:00:00'),(21,21,'top lane',11,10,4,NULL,NULL,NULL,NULL,NULL,NULL,51,'2016-02-16 22:15:06',51,'2016-02-16 22:15:06','0000-00-00 00:00:00'),(22,22,'sdfas',7,8,1,NULL,NULL,NULL,NULL,NULL,NULL,51,'2016-02-17 00:14:58',51,'2016-02-17 00:14:58','0000-00-00 00:00:00'),(23,23,'sdfas',7,8,1,NULL,NULL,NULL,NULL,NULL,NULL,51,'2016-02-17 00:15:03',51,'2016-02-17 00:15:03','0000-00-00 00:00:00'),(24,24,NULL,NULL,NULL,NULL,NULL,NULL,NULL,NULL,NULL,NULL,51,'2016-02-17 00:17:40',51,'2016-02-17 00:17:40','0000-00-00 00:00:00'),(25,25,NULL,NULL,NULL,NULL,NULL,NULL,NULL,NULL,NULL,NULL,51,'2016-02-17 00:20:10',51,'2016-02-17 00:20:10','0000-00-00 00:00:00'),(26,26,NULL,NULL,NULL,NULL,NULL,NULL,NULL,NULL,NULL,NULL,51,'2016-02-17 00:21:54',51,'2016-03-18 18:53:37','0000-00-00 00:00:00'),(27,27,NULL,NULL,NULL,NULL,NULL,NULL,NULL,NULL,NULL,NULL,51,'2016-02-17 00:24:22',51,'2016-02-17 00:24:22','0000-00-00 00:00:00'),(28,28,NULL,NULL,NULL,NULL,NULL,NULL,NULL,NULL,NULL,NULL,51,'2016-02-17 01:13:02',51,'2016-02-17 01:13:02','0000-00-00 00:00:00'),(29,29,NULL,NULL,NULL,NULL,NULL,NULL,NULL,NULL,NULL,NULL,59,'2016-02-17 06:30:17',59,'2016-02-20 06:10:28','0000-00-00 00:00:00'),(30,30,'Test',7,8,1,'625002','Test',7,8,1,'625002',51,'2016-02-17 06:42:16',51,'2016-02-19 06:17:53','0000-00-00 00:00:00'),(31,31,NULL,NULL,NULL,NULL,NULL,NULL,NULL,NULL,NULL,NULL,59,'2016-02-18 03:33:58',59,'2016-02-18 03:33:58','0000-00-00 00:00:00'),(32,32,NULL,NULL,NULL,NULL,NULL,NULL,NULL,NULL,NULL,NULL,51,'2016-02-19 00:46:42',51,'2016-02-19 00:46:42','0000-00-00 00:00:00'),(33,33,NULL,NULL,NULL,NULL,NULL,NULL,NULL,NULL,NULL,NULL,59,'2016-02-19 00:51:10',59,'2016-02-19 00:51:10','0000-00-00 00:00:00'),(34,34,'Test test',7,8,1,NULL,NULL,NULL,NULL,NULL,NULL,62,'2016-02-19 07:18:51',62,'2016-02-19 07:18:51','0000-00-00 00:00:00'),(35,35,NULL,NULL,NULL,NULL,NULL,NULL,NULL,NULL,NULL,NULL,59,'2016-02-20 03:31:26',59,'2016-02-20 03:31:26','0000-00-00 00:00:00'),(36,36,'test',7,8,1,'632222','test',7,8,1,'632222',67,'2016-02-21 23:20:06',67,'2016-02-21 23:46:02','0000-00-00 00:00:00'),(37,37,'test',NULL,NULL,NULL,NULL,NULL,NULL,NULL,NULL,NULL,51,'2016-02-22 02:32:19',51,'2016-02-22 02:55:50','0000-00-00 00:00:00'),(38,38,NULL,NULL,NULL,NULL,NULL,NULL,NULL,NULL,NULL,NULL,63,'2016-02-25 07:05:33',63,'2016-02-25 07:05:33','0000-00-00 00:00:00'),(39,39,NULL,11,10,4,NULL,NULL,NULL,NULL,NULL,NULL,51,'2016-03-02 15:36:36',51,'2016-03-14 18:56:59','0000-00-00 00:00:00'),(40,40,NULL,NULL,NULL,NULL,NULL,NULL,NULL,NULL,NULL,NULL,51,'2016-03-21 15:57:21',51,'2016-03-21 15:57:21','0000-00-00 00:00:00'),(41,41,NULL,NULL,NULL,NULL,NULL,NULL,NULL,NULL,NULL,NULL,51,'2016-03-29 15:43:29',51,'2016-03-29 15:43:29','0000-00-00 00:00:00'),(42,42,NULL,NULL,NULL,NULL,NULL,NULL,NULL,NULL,NULL,NULL,51,'2016-03-29 15:47:12',51,'2016-03-29 18:55:06','0000-00-00 00:00:00'),(43,43,NULL,NULL,NULL,NULL,NULL,NULL,NULL,NULL,NULL,NULL,51,'2016-05-19 16:19:54',51,'2016-05-19 16:19:54','0000-00-00 00:00:00');

/*Table structure for table `pat_patient_casesheet` */

DROP TABLE IF EXISTS `pat_patient_casesheet`;

CREATE TABLE `pat_patient_casesheet` (
  `casesheet_id` int(11) NOT NULL AUTO_INCREMENT,
  `tenant_id` int(11) NOT NULL,
  `patient_id` int(11) NOT NULL,
  `casesheet_no` varchar(50) NOT NULL,
  `start_date` date NOT NULL,
  `end_date` date DEFAULT NULL,
  `status` enum('0','1') DEFAULT '1',
  `created_by` int(11) NOT NULL,
  `created_at` timestamp NOT NULL DEFAULT CURRENT_TIMESTAMP,
  `modified_by` int(11) DEFAULT NULL,
  `modified_at` timestamp NULL DEFAULT NULL,
  `deleted_at` timestamp NULL DEFAULT '0000-00-00 00:00:00',
  PRIMARY KEY (`casesheet_id`),
  UNIQUE KEY `PatPatientCasesheetUnique` (`tenant_id`,`patient_id`,`casesheet_no`),
  KEY `FK_pat_patient_casesheet_patient` (`patient_id`),
  CONSTRAINT `FK_pat_patient_casesheet_patient` FOREIGN KEY (`patient_id`) REFERENCES `pat_patient` (`patient_id`) ON DELETE CASCADE ON UPDATE CASCADE,
  CONSTRAINT `FK_pat_patient_casesheet_tenant` FOREIGN KEY (`tenant_id`) REFERENCES `co_tenant` (`tenant_id`) ON DELETE CASCADE ON UPDATE CASCADE
) ENGINE=InnoDB AUTO_INCREMENT=26 DEFAULT CHARSET=latin1;

/*Data for the table `pat_patient_casesheet` */

insert  into `pat_patient_casesheet`(`casesheet_id`,`tenant_id`,`patient_id`,`casesheet_no`,`start_date`,`end_date`,`status`,`created_by`,`created_at`,`modified_by`,`modified_at`,`deleted_at`) values (4,58,34,'5154151','2016-03-14',NULL,'1',51,'2016-03-15 11:29:33',NULL,NULL,'0000-00-00 00:00:00'),(6,58,26,'15411','2016-03-15',NULL,'1',51,'2016-03-15 16:55:37',51,'2016-03-15 16:55:37','0000-00-00 00:00:00'),(8,58,40,'000141','2016-03-21','2016-03-23','0',51,'2016-03-21 15:57:41',51,'2016-03-23 15:41:03','0000-00-00 00:00:00'),(9,58,40,'000142','2016-03-23','2016-03-23','0',51,'2016-03-23 15:41:03',51,'2016-03-23 15:51:30','0000-00-00 00:00:00'),(10,58,40,'000143','2016-03-23','2016-03-23','0',51,'2016-03-23 15:51:30',51,'2016-03-23 15:52:29','0000-00-00 00:00:00'),(11,58,40,'000148','2016-03-23','2016-03-23','0',51,'2016-03-23 15:52:29',51,'2016-03-23 15:52:37','0000-00-00 00:00:00'),(12,58,40,'25100','2016-03-23',NULL,'1',51,'2016-03-23 15:52:37',51,'2016-03-23 15:52:37','0000-00-00 00:00:00'),(15,58,42,'854841','2016-03-29','2016-03-29','0',51,'2016-03-29 15:52:25',51,'2016-03-29 16:57:05','0000-00-00 00:00:00'),(16,58,42,'85487','2016-03-29','2016-03-29','0',51,'2016-03-29 16:57:05',51,'2016-03-29 16:57:45','0000-00-00 00:00:00'),(17,58,42,'8548721','2016-03-29',NULL,'1',51,'2016-03-29 16:57:45',51,'2016-03-29 16:57:45','0000-00-00 00:00:00'),(18,58,21,'85151','2016-04-16',NULL,'1',51,'2016-04-16 18:00:27',51,'2016-04-16 18:00:27','0000-00-00 00:00:00'),(19,58,25,'81541','2016-04-18',NULL,'1',51,'2016-04-18 10:24:46',51,'2016-04-18 10:24:46','0000-00-00 00:00:00'),(20,58,27,'855','2016-04-18',NULL,'1',51,'2016-04-18 16:14:56',51,'2016-04-18 16:14:56','0000-00-00 00:00:00'),(24,58,23,'588','2016-05-20',NULL,'1',51,'2016-05-20 11:07:19',51,'2016-05-20 11:07:19','0000-00-00 00:00:00'),(25,58,39,'154441','2016-05-24',NULL,'1',51,'2016-05-24 14:06:51',51,'2016-05-24 14:06:51','0000-00-00 00:00:00');

/*Table structure for table `pat_prescription` */

DROP TABLE IF EXISTS `pat_prescription`;

CREATE TABLE `pat_prescription` (
  `pres_id` int(11) NOT NULL AUTO_INCREMENT,
  `tenant_id` int(11) NOT NULL,
  `encounter_id` int(11) NOT NULL,
  `patient_id` int(11) NOT NULL,
  `pres_date` datetime NOT NULL,
  `consultant_id` int(11) NOT NULL,
  `number_of_days` smallint(6) DEFAULT NULL,
  `notes` text,
  `next_visit` date DEFAULT NULL,
  `status` enum('0','1') DEFAULT '1',
  `created_by` int(11) NOT NULL,
  `created_at` timestamp NOT NULL DEFAULT CURRENT_TIMESTAMP,
  `modified_by` int(11) DEFAULT NULL,
  `modified_at` timestamp NULL DEFAULT NULL,
  `deleted_at` timestamp NULL DEFAULT '0000-00-00 00:00:00',
  PRIMARY KEY (`pres_id`),
  KEY `FK_pat_prescription_tenant` (`tenant_id`),
  KEY `FK_pat_prescription_patient` (`patient_id`),
  KEY `FK_pat_prescription_encounter` (`encounter_id`),
  CONSTRAINT `FK_pat_prescription_encounter` FOREIGN KEY (`encounter_id`) REFERENCES `pat_encounter` (`encounter_id`) ON DELETE CASCADE ON UPDATE CASCADE,
  CONSTRAINT `FK_pat_prescription_patient` FOREIGN KEY (`patient_id`) REFERENCES `pat_patient` (`patient_id`) ON DELETE CASCADE ON UPDATE CASCADE,
  CONSTRAINT `FK_pat_prescription_tenant` FOREIGN KEY (`tenant_id`) REFERENCES `co_tenant` (`tenant_id`) ON DELETE CASCADE ON UPDATE CASCADE
) ENGINE=InnoDB AUTO_INCREMENT=29 DEFAULT CHARSET=latin1;

/*Data for the table `pat_prescription` */

insert  into `pat_prescription`(`pres_id`,`tenant_id`,`encounter_id`,`patient_id`,`pres_date`,`consultant_id`,`number_of_days`,`notes`,`next_visit`,`status`,`created_by`,`created_at`,`modified_by`,`modified_at`,`deleted_at`) values (10,58,100,26,'2016-04-02 16:34:53',54,NULL,NULL,'2016-04-02','1',51,'2016-04-02 16:34:53',51,'2016-04-02 16:34:53','0000-00-00 00:00:00'),(11,58,100,26,'2016-04-02 17:30:33',58,10,NULL,'2016-04-28','1',51,'2016-04-02 17:30:34',51,'2016-04-02 17:30:34','0000-00-00 00:00:00'),(12,58,100,26,'2016-04-02 17:31:38',58,10,NULL,'2016-04-28','1',51,'2016-04-02 17:31:38',51,'2016-04-02 17:31:38','0000-00-00 00:00:00'),(13,58,100,26,'2016-04-02 17:31:59',58,10,NULL,'2016-04-28','1',51,'2016-04-02 17:31:59',51,'2016-04-02 17:31:59','0000-00-00 00:00:00'),(14,58,100,26,'2016-04-02 17:34:10',54,10,NULL,'2016-04-23','1',51,'2016-04-02 17:34:10',51,'2016-04-02 17:34:10','0000-00-00 00:00:00'),(15,58,100,26,'2016-04-02 17:34:31',54,10,NULL,'2016-04-23','1',51,'2016-04-02 17:34:31',51,'2016-04-02 17:34:31','0000-00-00 00:00:00'),(16,58,100,26,'2016-04-02 17:35:57',54,10,NULL,'2016-04-23','1',51,'2016-04-02 17:35:58',51,'2016-04-02 17:35:58','0000-00-00 00:00:00'),(17,58,100,26,'2016-04-02 17:36:30',54,10,NULL,'2016-04-23','1',51,'2016-04-02 17:36:30',51,'2016-04-02 17:36:30','0000-00-00 00:00:00'),(18,58,100,26,'2016-04-02 17:37:02',54,10,NULL,'2016-04-23','1',51,'2016-04-02 17:37:02',51,'2016-04-02 17:37:02','0000-00-00 00:00:00'),(19,58,100,26,'2016-04-02 17:41:10',54,10,NULL,'2016-04-23','1',51,'2016-04-02 17:41:10',51,'2016-04-02 17:41:10','0000-00-00 00:00:00'),(20,58,100,26,'2016-04-02 17:47:47',54,10,NULL,'2016-04-23','1',51,'2016-04-02 17:47:47',51,'2016-04-02 17:47:47','0000-00-00 00:00:00'),(21,58,100,26,'2016-04-04 10:30:35',54,10,NULL,'2016-04-29','1',51,'2016-04-04 10:30:35',51,'2016-04-04 10:30:35','0000-00-00 00:00:00'),(22,58,144,21,'2016-04-19 16:08:42',56,NULL,NULL,'2016-04-19','1',51,'2016-04-19 16:08:42',51,'2016-04-19 16:08:42','0000-00-00 00:00:00'),(23,58,148,39,'2016-04-21 12:44:56',54,13,NULL,'2016-05-04','1',51,'2016-04-21 12:44:56',51,'2016-04-21 12:44:56','0000-00-00 00:00:00'),(24,58,148,39,'2016-04-23 15:52:09',54,5,NULL,'2016-04-28','1',51,'2016-04-23 15:52:10',51,'2016-04-23 15:52:10','0000-00-00 00:00:00'),(25,58,148,39,'2016-04-23 15:52:20',54,5,NULL,'2016-04-28','1',51,'2016-04-23 15:52:20',51,'2016-04-23 15:52:20','0000-00-00 00:00:00'),(26,58,148,39,'2016-04-23 15:57:45',56,0,NULL,'2016-04-23','1',51,'2016-04-23 15:57:45',51,'2016-04-23 15:57:45','0000-00-00 00:00:00'),(27,58,172,39,'2016-05-17 14:02:36',54,10,NULL,'2016-05-27','1',51,'2016-05-17 14:02:36',51,'2016-05-17 14:02:36','0000-00-00 00:00:00'),(28,58,172,39,'2016-05-19 17:34:49',54,NULL,NULL,'2016-05-19','1',51,'2016-05-19 17:34:49',51,'2016-05-19 17:34:49','0000-00-00 00:00:00');

/*Table structure for table `pat_prescription_favourite` */

DROP TABLE IF EXISTS `pat_prescription_favourite`;

CREATE TABLE `pat_prescription_favourite` (
  `pres_fav_id` int(11) NOT NULL AUTO_INCREMENT,
  `tenant_id` int(11) NOT NULL,
  `encounter_id` int(11) NOT NULL,
  `patient_id` int(11) NOT NULL,
  `product_id` int(11) NOT NULL,
  `product_name` varchar(255) NOT NULL,
  `generic_id` int(11) NOT NULL,
  `drug_class_id` int(11) NOT NULL,
  `consultant_id` int(11) NOT NULL,
  `pres_id` int(11) NOT NULL,
  `status` enum('0','1') DEFAULT '1',
  `created_by` int(11) NOT NULL,
  `created_at` timestamp NOT NULL DEFAULT CURRENT_TIMESTAMP,
  `modified_by` int(11) DEFAULT NULL,
  `modified_at` timestamp NULL DEFAULT NULL,
  `deleted_at` timestamp NULL DEFAULT '0000-00-00 00:00:00',
  PRIMARY KEY (`pres_fav_id`),
  KEY `FK_pat_prescription_favourite_tenant` (`tenant_id`),
  KEY `FK_pat_prescription_favourite_encounter` (`encounter_id`),
  KEY `FK_pat_prescription_favourite_product` (`product_id`),
  KEY `FK_pat_prescription_favourite_generic` (`generic_id`),
  KEY `FK_pat_prescription_favourite_drug_class` (`drug_class_id`),
  KEY `FK_pat_prescription_favourite_consultant` (`consultant_id`),
  KEY `FK_pat_prescription_favourite_prescription` (`pres_id`),
  CONSTRAINT `FK_pat_prescription_favourite_consultant` FOREIGN KEY (`consultant_id`) REFERENCES `co_user` (`user_id`) ON DELETE CASCADE ON UPDATE CASCADE,
  CONSTRAINT `FK_pat_prescription_favourite_drug_class` FOREIGN KEY (`drug_class_id`) REFERENCES `pha_drug_class` (`drug_class_id`) ON DELETE CASCADE ON UPDATE CASCADE,
  CONSTRAINT `FK_pat_prescription_favourite_encounter` FOREIGN KEY (`encounter_id`) REFERENCES `pat_encounter` (`encounter_id`) ON DELETE CASCADE ON UPDATE CASCADE,
  CONSTRAINT `FK_pat_prescription_favourite_generic` FOREIGN KEY (`generic_id`) REFERENCES `pha_generic` (`generic_id`) ON DELETE CASCADE ON UPDATE CASCADE,
  CONSTRAINT `FK_pat_prescription_favourite_prescription` FOREIGN KEY (`pres_id`) REFERENCES `pat_prescription` (`pres_id`) ON DELETE CASCADE ON UPDATE CASCADE,
  CONSTRAINT `FK_pat_prescription_favourite_product` FOREIGN KEY (`product_id`) REFERENCES `pha_product` (`product_id`) ON DELETE CASCADE ON UPDATE CASCADE,
  CONSTRAINT `FK_pat_prescription_favourite_tenant` FOREIGN KEY (`tenant_id`) REFERENCES `co_tenant` (`tenant_id`) ON DELETE CASCADE ON UPDATE CASCADE
) ENGINE=InnoDB AUTO_INCREMENT=6 DEFAULT CHARSET=latin1;

/*Data for the table `pat_prescription_favourite` */

insert  into `pat_prescription_favourite`(`pres_fav_id`,`tenant_id`,`encounter_id`,`patient_id`,`product_id`,`product_name`,`generic_id`,`drug_class_id`,`consultant_id`,`pres_id`,`status`,`created_by`,`created_at`,`modified_by`,`modified_at`,`deleted_at`) values (1,58,100,26,2,'Product 2 | 2 | MG',1,1,54,20,'1',51,'2016-04-02 17:41:11',51,'2016-04-02 17:47:47','0000-00-00 00:00:00'),(2,58,100,26,1,'Product 1 | 1 | MG',1,1,54,21,'1',51,'2016-04-04 10:30:36',51,'2016-04-04 10:30:36','0000-00-00 00:00:00'),(3,58,144,21,1,'Product 1 | 1 | MG',1,1,56,22,'1',51,'2016-04-19 16:08:42',51,'2016-04-19 16:08:42','0000-00-00 00:00:00'),(4,58,148,39,1,'Product 1 | 1 | MG',1,1,54,23,'1',51,'2016-04-21 12:44:56',51,'2016-04-21 12:44:56','0000-00-00 00:00:00'),(5,58,172,39,1,'ABDIFER | 1 | MG',1,1,54,28,'1',51,'2016-05-17 14:02:36',51,'2016-05-19 17:34:49','0000-00-00 00:00:00');

/*Table structure for table `pat_prescription_frequency` */

DROP TABLE IF EXISTS `pat_prescription_frequency`;

CREATE TABLE `pat_prescription_frequency` (
  `freq_id` int(11) NOT NULL AUTO_INCREMENT,
  `tenant_id` int(11) NOT NULL,
  `freq_name` varchar(20) NOT NULL,
  `status` enum('0','1') DEFAULT '1',
  `created_by` int(11) NOT NULL,
  `created_at` timestamp NOT NULL DEFAULT CURRENT_TIMESTAMP,
  `modified_by` int(11) DEFAULT NULL,
  `modified_at` timestamp NULL DEFAULT NULL,
  `deleted_at` timestamp NULL DEFAULT '0000-00-00 00:00:00',
  PRIMARY KEY (`freq_id`),
  KEY `FK_pat_prescription_frequency_tenant` (`tenant_id`),
  FULLTEXT KEY `FreqNameFulltext` (`freq_name`),
  CONSTRAINT `FK_pat_prescription_frequency_tenant` FOREIGN KEY (`tenant_id`) REFERENCES `co_tenant` (`tenant_id`) ON DELETE CASCADE ON UPDATE CASCADE
) ENGINE=InnoDB AUTO_INCREMENT=8 DEFAULT CHARSET=latin1;

/*Data for the table `pat_prescription_frequency` */

insert  into `pat_prescription_frequency`(`freq_id`,`tenant_id`,`freq_name`,`status`,`created_by`,`created_at`,`modified_by`,`modified_at`,`deleted_at`) values (1,58,'2-9-6','1',51,'2016-04-02 16:28:04',51,'2016-04-02 16:28:04','0000-00-00 00:00:00'),(2,58,'4-8-6','1',51,'2016-04-02 16:34:53',51,'2016-04-02 16:34:53','0000-00-00 00:00:00'),(3,58,'2-5-1','1',51,'2016-04-02 17:30:34',51,'2016-04-02 17:30:34','0000-00-00 00:00:00'),(4,58,'1-5-4','1',51,'2016-04-02 17:34:11',51,'2016-04-02 17:34:11','0000-00-00 00:00:00'),(5,58,'1-1-1','1',51,'2016-04-04 10:30:35',51,'2016-04-04 10:30:35','0000-00-00 00:00:00'),(6,58,'1-5-1','1',51,'2016-04-19 16:08:42',51,'2016-04-19 16:08:42','0000-00-00 00:00:00'),(7,58,'1-1-5','1',51,'2016-04-23 15:52:10',51,'2016-04-23 15:52:10','0000-00-00 00:00:00');

/*Table structure for table `pat_prescription_items` */

DROP TABLE IF EXISTS `pat_prescription_items`;

CREATE TABLE `pat_prescription_items` (
  `pres_item_id` int(11) NOT NULL AUTO_INCREMENT,
  `tenant_id` int(11) NOT NULL,
  `pres_id` int(11) NOT NULL,
  `product_id` int(11) NOT NULL,
  `product_name` varchar(255) NOT NULL,
  `generic_id` int(11) NOT NULL,
  `generic_name` varchar(255) NOT NULL,
  `drug_class_id` int(11) NOT NULL,
  `drug_name` varchar(255) NOT NULL,
  `route_id` int(11) NOT NULL,
  `freq_id` int(11) NOT NULL,
  `number_of_days` smallint(6) NOT NULL,
  `status` enum('0','1') DEFAULT '1',
  `created_by` int(11) NOT NULL,
  `created_at` timestamp NOT NULL DEFAULT CURRENT_TIMESTAMP,
  `modified_by` int(11) DEFAULT NULL,
  `modified_at` timestamp NULL DEFAULT NULL,
  `deleted_at` timestamp NULL DEFAULT '0000-00-00 00:00:00',
  PRIMARY KEY (`pres_item_id`),
  KEY `FK_pat_prescription_items_tenant` (`tenant_id`),
  KEY `FK_pat_prescription_items_pres` (`pres_id`),
  KEY `FK_pat_prescription_items_prodduct` (`product_id`),
  KEY `FK_pat_prescription_items_generic` (`generic_id`),
  KEY `FK_pat_prescription_items_drug_class` (`drug_class_id`),
  KEY `FK_pat_prescription_items_frequency` (`freq_id`),
  KEY `FK_pat_prescription_items_route` (`route_id`),
  CONSTRAINT `FK_pat_prescription_items_drug_class` FOREIGN KEY (`drug_class_id`) REFERENCES `pha_drug_class` (`drug_class_id`) ON UPDATE CASCADE,
  CONSTRAINT `FK_pat_prescription_items_frequency` FOREIGN KEY (`freq_id`) REFERENCES `pat_prescription_frequency` (`freq_id`) ON UPDATE CASCADE,
  CONSTRAINT `FK_pat_prescription_items_generic` FOREIGN KEY (`generic_id`) REFERENCES `pha_generic` (`generic_id`) ON UPDATE CASCADE,
  CONSTRAINT `FK_pat_prescription_items_pres` FOREIGN KEY (`pres_id`) REFERENCES `pat_prescription` (`pres_id`) ON DELETE CASCADE ON UPDATE CASCADE,
  CONSTRAINT `FK_pat_prescription_items_prodduct` FOREIGN KEY (`product_id`) REFERENCES `pha_product` (`product_id`) ON UPDATE CASCADE,
  CONSTRAINT `FK_pat_prescription_items_route` FOREIGN KEY (`route_id`) REFERENCES `pat_prescription_route` (`route_id`) ON UPDATE CASCADE,
  CONSTRAINT `FK_pat_prescription_items_tenant` FOREIGN KEY (`tenant_id`) REFERENCES `co_tenant` (`tenant_id`) ON DELETE CASCADE ON UPDATE CASCADE
) ENGINE=InnoDB AUTO_INCREMENT=21 DEFAULT CHARSET=latin1;

/*Data for the table `pat_prescription_items` */

insert  into `pat_prescription_items`(`pres_item_id`,`tenant_id`,`pres_id`,`product_id`,`product_name`,`generic_id`,`generic_name`,`drug_class_id`,`drug_name`,`route_id`,`freq_id`,`number_of_days`,`status`,`created_by`,`created_at`,`modified_by`,`modified_at`,`deleted_at`) values (2,58,10,1,'Product 1 | 1 | MG',1,'Generic - 1',1,'Drug Class - 1',2,2,1,'1',51,'2016-04-02 16:34:54',51,'2016-04-02 16:34:54','0000-00-00 00:00:00'),(3,58,11,1,'Product 1 | 1 | MG',1,'Generic - 1',1,'Drug Class - 1',3,3,10,'1',51,'2016-04-02 17:30:34',51,'2016-04-02 17:30:34','0000-00-00 00:00:00'),(4,58,12,1,'Product 1 | 1 | MG',1,'Generic - 1',1,'Drug Class - 1',3,3,10,'1',51,'2016-04-02 17:31:39',51,'2016-04-02 17:31:39','0000-00-00 00:00:00'),(5,58,13,1,'Product 1 | 1 | MG',1,'Generic - 1',1,'Drug Class - 1',3,3,10,'1',51,'2016-04-02 17:31:59',51,'2016-04-02 17:31:59','0000-00-00 00:00:00'),(6,58,14,2,'Product 2 | 2 | MG',1,'Generic - 1',1,'Drug Class - 1',4,4,5,'1',51,'2016-04-02 17:34:11',51,'2016-04-02 17:34:11','0000-00-00 00:00:00'),(7,58,15,2,'Product 2 | 2 | MG',1,'Generic - 1',1,'Drug Class - 1',4,4,5,'1',51,'2016-04-02 17:34:31',51,'2016-04-02 17:34:31','0000-00-00 00:00:00'),(8,58,16,2,'Product 2 | 2 | MG',1,'Generic - 1',1,'Drug Class - 1',4,4,5,'1',51,'2016-04-02 17:35:58',51,'2016-04-02 17:35:58','0000-00-00 00:00:00'),(9,58,17,2,'Product 2 | 2 | MG',1,'Generic - 1',1,'Drug Class - 1',4,4,5,'1',51,'2016-04-02 17:36:30',51,'2016-04-02 17:36:30','0000-00-00 00:00:00'),(10,58,18,2,'Product 2 | 2 | MG',1,'Generic - 1',1,'Drug Class - 1',4,4,5,'1',51,'2016-04-02 17:37:02',51,'2016-04-02 17:37:02','0000-00-00 00:00:00'),(11,58,19,2,'Product 2 | 2 | MG',1,'Generic - 1',1,'Drug Class - 1',4,4,5,'1',51,'2016-04-02 17:41:11',51,'2016-04-02 17:41:11','0000-00-00 00:00:00'),(12,58,20,2,'Product 2 | 2 | MG',1,'Generic - 1',1,'Drug Class - 1',4,4,5,'1',51,'2016-04-02 17:47:47',51,'2016-04-02 17:47:47','0000-00-00 00:00:00'),(13,58,21,1,'Product 1 | 1 | MG',1,'Generic - 1',1,'Drug Class - 1',5,5,1,'1',51,'2016-04-04 10:30:35',51,'2016-04-04 10:30:35','0000-00-00 00:00:00'),(14,58,22,1,'Product 1 | 1 | MG',1,'Generic - 1',1,'Drug Class - 1',5,6,2,'1',51,'2016-04-19 16:08:42',51,'2016-04-19 16:08:42','0000-00-00 00:00:00'),(15,58,23,1,'Product 1 | 1 | MG',1,'Generic - 1',1,'Drug Class - 1',3,6,10,'1',51,'2016-04-21 12:44:56',51,'2016-04-21 12:44:56','0000-00-00 00:00:00'),(16,58,24,3,'ALZIL',1,'IRON FOLIC ACID VITAMIN B & ZINC',1,'CALCIUM WITH VITAMINS',1,7,15,'1',51,'2016-04-23 15:52:10',51,'2016-04-23 15:52:10','0000-00-00 00:00:00'),(17,58,25,3,'ALZIL',1,'IRON FOLIC ACID VITAMIN B & ZINC',1,'CALCIUM WITH VITAMINS',1,7,15,'1',51,'2016-04-23 15:52:20',51,'2016-04-23 15:52:20','0000-00-00 00:00:00'),(18,58,26,3,'ALZIL',1,'IRON FOLIC ACID VITAMIN B & ZINC',1,'CALCIUM WITH VITAMINS',4,5,10,'1',51,'2016-04-23 15:57:45',51,'2016-04-23 15:57:45','0000-00-00 00:00:00'),(19,58,27,1,'ABDIFER | 1 | MG',1,'IRON FOLIC ACID VITAMIN B & ZINC',1,'CALCIUM WITH VITAMINS',1,5,10,'1',51,'2016-05-17 14:02:36',51,'2016-05-17 14:02:36','0000-00-00 00:00:00'),(20,58,28,1,'ABDIFER | 1 | MG',1,'IRON FOLIC ACID VITAMIN B & ZINC',1,'CALCIUM WITH VITAMINS',5,5,10,'1',51,'2016-05-19 17:34:49',51,'2016-05-19 17:34:49','0000-00-00 00:00:00');

/*Table structure for table `pat_prescription_route` */

DROP TABLE IF EXISTS `pat_prescription_route`;

CREATE TABLE `pat_prescription_route` (
  `route_id` int(11) NOT NULL AUTO_INCREMENT,
  `tenant_id` int(11) NOT NULL,
  `route_name` varchar(50) NOT NULL,
  `status` enum('0','1') DEFAULT '1',
  `created_by` int(11) NOT NULL,
  `created_at` timestamp NOT NULL DEFAULT CURRENT_TIMESTAMP,
  `modified_by` int(11) DEFAULT NULL,
  `modified_at` timestamp NULL DEFAULT NULL,
  `deleted_at` timestamp NULL DEFAULT '0000-00-00 00:00:00',
  PRIMARY KEY (`route_id`),
  KEY `FK_pat_prescription_route_tenant` (`tenant_id`),
  FULLTEXT KEY `RouteNameFulltext` (`route_name`),
  CONSTRAINT `FK_pat_prescription_route_tenant` FOREIGN KEY (`tenant_id`) REFERENCES `co_tenant` (`tenant_id`) ON DELETE CASCADE ON UPDATE CASCADE
) ENGINE=InnoDB AUTO_INCREMENT=6 DEFAULT CHARSET=latin1;

/*Data for the table `pat_prescription_route` */

insert  into `pat_prescription_route`(`route_id`,`tenant_id`,`route_name`,`status`,`created_by`,`created_at`,`modified_by`,`modified_at`,`deleted_at`) values (1,58,'oral','1',51,'2016-04-02 16:28:23',51,'2016-04-02 16:28:23','0000-00-00 00:00:00'),(2,58,'P/O','1',51,'2016-04-02 16:34:53',51,'2016-04-02 16:34:53','0000-00-00 00:00:00'),(3,58,'IV','1',51,'2016-04-02 17:30:34',51,'2016-04-02 17:30:34','0000-00-00 00:00:00'),(4,58,'Mouth','1',51,'2016-04-02 17:34:11',51,'2016-04-02 17:34:11','0000-00-00 00:00:00'),(5,58,'ARM','1',51,'2016-04-04 10:30:35',51,'2016-04-04 10:30:35','0000-00-00 00:00:00');

/*Table structure for table `pat_procedure` */

DROP TABLE IF EXISTS `pat_procedure`;

CREATE TABLE `pat_procedure` (
  `proc_id` int(11) NOT NULL AUTO_INCREMENT,
  `tenant_id` int(11) NOT NULL,
  `encounter_id` int(11) NOT NULL,
  `patient_id` int(11) NOT NULL,
  `charge_subcat_id` int(11) NOT NULL,
  `proc_date` timestamp NOT NULL DEFAULT '0000-00-00 00:00:00',
  `proc_consultant_ids` text,
  `proc_description` text,
  `charge_amount` decimal(10,2) DEFAULT '0.00',
  `status` enum('0','1') DEFAULT '1',
  `created_by` int(11) NOT NULL,
  `created_at` timestamp NOT NULL DEFAULT CURRENT_TIMESTAMP,
  `modified_by` int(11) DEFAULT NULL,
  `modified_at` timestamp NULL DEFAULT NULL,
  `deleted_at` timestamp NULL DEFAULT '0000-00-00 00:00:00',
  PRIMARY KEY (`proc_id`),
  KEY `FK_pat_procedure_tenant` (`tenant_id`),
  KEY `FK_pat_procedure_encounter` (`encounter_id`),
  KEY `FK_pat_procedure_room_charge_subcategory` (`charge_subcat_id`),
  KEY `FK_pat_procedure_patient` (`patient_id`),
  CONSTRAINT `FK_pat_procedure_encounter` FOREIGN KEY (`encounter_id`) REFERENCES `pat_encounter` (`encounter_id`) ON DELETE CASCADE ON UPDATE CASCADE,
  CONSTRAINT `FK_pat_procedure_patient` FOREIGN KEY (`patient_id`) REFERENCES `pat_patient` (`patient_id`) ON DELETE CASCADE ON UPDATE CASCADE,
  CONSTRAINT `FK_pat_procedure_room_charge_subcategory` FOREIGN KEY (`charge_subcat_id`) REFERENCES `co_room_charge_subcategory` (`charge_subcat_id`) ON UPDATE CASCADE,
  CONSTRAINT `FK_pat_procedure_tenant` FOREIGN KEY (`tenant_id`) REFERENCES `co_tenant` (`tenant_id`) ON DELETE CASCADE ON UPDATE CASCADE
) ENGINE=InnoDB AUTO_INCREMENT=30 DEFAULT CHARSET=latin1;

/*Data for the table `pat_procedure` */

insert  into `pat_procedure`(`proc_id`,`tenant_id`,`encounter_id`,`patient_id`,`charge_subcat_id`,`proc_date`,`proc_consultant_ids`,`proc_description`,`charge_amount`,`status`,`created_by`,`created_at`,`modified_by`,`modified_at`,`deleted_at`) values (1,58,100,26,22,'2016-03-18 17:19:53','[54,56,58]','Test test','250.00','1',51,'2016-03-18 17:20:22',51,'2016-03-18 18:55:34','0000-00-00 00:00:00'),(2,58,107,39,22,'2016-03-21 11:39:05','[54]','sdfdsfsdf','500.00','1',51,'2016-03-21 11:39:16',51,'2016-03-21 11:39:16','0000-00-00 00:00:00'),(3,58,100,26,22,'2016-03-21 11:43:03','[54]','aaaa','250.00','1',51,'2016-03-21 11:43:17',51,'2016-03-21 11:43:17','0000-00-00 00:00:00'),(4,58,100,26,22,'2016-03-21 11:43:35','[54]','aaaa','250.00','1',51,'2016-03-21 11:43:40',51,'2016-03-21 11:43:40','0000-00-00 00:00:00'),(5,58,100,26,22,'2016-03-21 11:47:37','[54]','5151','100.00','1',51,'2016-03-21 11:47:46',51,'2016-03-21 11:47:46','0000-00-00 00:00:00'),(6,58,100,26,30,'2016-03-21 12:57:05','[54]','aa','0.00','1',51,'2016-03-21 12:57:12',51,'2016-03-21 12:57:12','0000-00-00 00:00:00'),(7,58,108,40,22,'2016-03-21 15:59:43','[54]','Stomach wash','111.00','1',51,'2016-03-21 16:00:21',51,'2016-03-21 16:00:21','0000-00-00 00:00:00'),(8,58,108,40,22,'2016-03-22 15:22:18','[56]','aaaa','111.00','1',51,'2016-03-22 15:22:26',51,'2016-03-22 15:22:26','0000-00-00 00:00:00'),(9,58,108,40,39,'2016-03-22 15:35:27','[58]','150','200.00','1',51,'2016-03-22 15:35:40',51,'2016-03-22 15:35:40','0000-00-00 00:00:00'),(10,58,108,40,39,'2016-03-23 15:30:24','[54,56]',NULL,'200.00','1',51,'2016-03-23 15:30:31',51,'2016-03-23 15:30:31','0000-00-00 00:00:00'),(11,58,108,40,22,'2016-03-23 15:45:54','[56,58]','aadddd','111.00','1',51,'2016-03-23 15:46:02',51,'2016-03-23 15:46:02','0000-00-00 00:00:00'),(12,58,121,40,39,'2016-03-28 18:11:54','[54,56]','aa dddd sssss','200.00','1',51,'2016-03-28 18:12:04',51,'2016-03-28 18:12:04','0000-00-00 00:00:00'),(13,58,127,42,39,'2016-03-29 15:57:00','[54,56,58]',NULL,'200.00','1',51,'2016-03-29 15:57:15',51,'2016-03-29 15:57:15','0000-00-00 00:00:00'),(14,58,127,42,39,'2016-03-29 16:01:13','[54]','aaddsasd','200.00','1',51,'2016-03-29 16:01:21',51,'2016-03-29 16:01:21','0000-00-00 00:00:00'),(15,58,127,42,39,'2016-03-29 16:01:13','[54]','aaddsasd','200.00','1',51,'2016-03-29 16:01:48',51,'2016-03-29 16:01:48','0000-00-00 00:00:00'),(16,58,130,42,39,'2016-03-29 19:11:28','[54]',NULL,'200.00','1',51,'2016-03-29 19:11:34',51,'2016-03-29 19:11:34','0000-00-00 00:00:00'),(17,58,133,40,39,'2016-03-29 19:37:01','[54,58]','aadsa dasdsda','200.00','1',51,'2016-03-29 19:37:08',51,'2016-03-29 19:37:08','0000-00-00 00:00:00'),(18,58,138,40,39,'2016-04-01 15:29:23','[54]',NULL,'200.00','1',51,'2016-04-01 15:29:30',51,'2016-04-01 15:29:30','0000-00-00 00:00:00'),(19,58,139,40,39,'2016-04-01 16:14:55','[54]','Test test','200.00','1',51,'2016-04-01 16:15:04',51,'2016-04-01 16:15:04','0000-00-00 00:00:00'),(20,58,146,39,39,'2016-04-21 11:22:33','[54]',NULL,'200.00','1',51,'2016-04-21 11:22:39',51,'2016-04-21 11:22:39','0000-00-00 00:00:00'),(21,58,148,39,39,'2016-04-28 15:42:40','[54]','fsf','200.00','1',51,'2016-04-28 15:42:47',51,'2016-04-28 15:42:47','0000-00-00 00:00:00'),(22,58,148,39,39,'2016-04-29 11:01:25','[54]','TEsting','200.00','1',51,'2016-04-29 11:01:36',51,'2016-04-29 12:21:42','0000-00-00 00:00:00'),(23,58,145,27,39,'2016-05-09 12:29:49','[54]','Test','200.00','1',51,'2016-05-09 12:29:56',51,'2016-05-09 12:29:56','0000-00-00 00:00:00'),(24,58,172,39,39,'2016-05-13 11:08:07','[56]','aasdsda','200.00','1',51,'2016-05-13 11:08:14',51,'2016-05-13 11:08:14','0000-00-00 00:00:00'),(25,58,172,39,22,'2016-05-13 11:08:21','[58]','aaaa','111.00','1',51,'2016-05-13 11:08:28',51,'2016-05-13 11:08:28','0000-00-00 00:00:00'),(26,58,172,39,39,'2016-05-17 12:44:51','[58,56]',NULL,'200.00','1',51,'2016-05-17 12:45:09',51,'2016-05-17 12:45:09','0000-00-00 00:00:00'),(28,58,183,39,39,'2016-05-24 15:24:16','[58]','aaa','200.00','1',51,'2016-05-24 15:24:26',51,'2016-05-24 15:24:26','0000-00-00 00:00:00'),(29,58,184,23,39,'2016-05-25 12:19:14','[54]','asds asdasdasdasds asdasdasdasds asdasdasdasds asdasdasdasds asdasdasdasds asdasdasdasds asdasdasdasds asdasdasdasds asdasdasdasds asdasdasdasds asdasdasdasds asdasdasdasds asdasdasdasds asdasdasdasds asdasdasdasds asdasdasd','200.00','1',51,'2016-05-25 12:19:27',51,'2016-05-25 12:19:27','0000-00-00 00:00:00');

/*Table structure for table `pat_timeline` */

DROP TABLE IF EXISTS `pat_timeline`;

CREATE TABLE `pat_timeline` (
  `timeline_id` int(11) NOT NULL AUTO_INCREMENT,
  `tenant_id` int(11) NOT NULL,
  `patient_id` int(11) NOT NULL,
  `date_time` datetime NOT NULL,
  `header` varchar(100) NOT NULL,
  `header_sub` varchar(100) DEFAULT NULL,
  `message` varchar(255) NOT NULL,
  `ip_adderss` varchar(50) DEFAULT NULL,
  `status` enum('0','1') DEFAULT '1',
  `created_by` int(11) NOT NULL,
  `created_at` timestamp NOT NULL DEFAULT CURRENT_TIMESTAMP,
  `modified_by` int(11) DEFAULT NULL,
  `modified_at` timestamp NULL DEFAULT NULL,
  `deleted_at` timestamp NULL DEFAULT '0000-00-00 00:00:00',
  PRIMARY KEY (`timeline_id`),
  KEY `FK_pat_timeline_tenant` (`tenant_id`),
  KEY `FK_pat_timeline_patient` (`patient_id`),
  CONSTRAINT `FK_pat_timeline_patient` FOREIGN KEY (`patient_id`) REFERENCES `pat_patient` (`patient_id`) ON DELETE CASCADE ON UPDATE CASCADE,
  CONSTRAINT `FK_pat_timeline_tenant` FOREIGN KEY (`tenant_id`) REFERENCES `co_tenant` (`tenant_id`) ON DELETE CASCADE ON UPDATE CASCADE
) ENGINE=InnoDB AUTO_INCREMENT=349 DEFAULT CHARSET=latin1;

/*Data for the table `pat_timeline` */

insert  into `pat_timeline`(`timeline_id`,`tenant_id`,`patient_id`,`date_time`,`header`,`header_sub`,`message`,`ip_adderss`,`status`,`created_by`,`created_at`,`modified_by`,`modified_at`,`deleted_at`) values (1,58,40,'2016-03-29 13:21:01','Room Transfer','','Patient Room Transfered.','127.0.0.1','1',51,'2016-03-29 13:21:09',51,'2016-03-29 13:21:09','0000-00-00 00:00:00'),(2,58,40,'2016-03-29 13:24:17','Patient Alert','','Patient Alert (Patient Alert) added.','127.0.0.1','1',51,'2016-03-29 13:24:17',51,'2016-03-29 13:24:17','0000-00-00 00:00:00'),(3,58,40,'2016-03-29 13:35:37','Consultant Discharge','','Patient Discharged.','127.0.0.1','1',51,'2016-03-29 13:35:48',51,'2016-03-29 13:35:48','0000-00-00 00:00:00'),(4,58,40,'2016-03-29 06:20:00','Appoinment Booked','','Appoinment Booked.','127.0.0.1','1',51,'2016-03-29 13:36:06',51,'2016-03-29 13:36:06','0000-00-00 00:00:00'),(5,58,41,'2016-03-29 15:43:29','Patient Registration','','Mr. Vinod Registered Successfully.','127.0.0.1','1',51,'2016-03-29 15:43:29',51,'2016-03-29 15:43:29','0000-00-00 00:00:00'),(6,58,41,'2016-03-29 06:20:00','Appoinment Booked','Encounter # 124','Appoinment Booked. <br />Consultant : <b>Dr. John</b>','127.0.0.1','1',51,'2016-03-29 15:43:49',51,'2016-03-29 15:43:49','0000-00-00 00:00:00'),(7,58,41,'2016-03-29 06:20:00','Patient Arrived','Encounter # 124','Patient Arrived.','127.0.0.1','1',51,'2016-03-29 15:44:07',51,'2016-03-29 15:44:07','0000-00-00 00:00:00'),(8,58,41,'2016-03-29 15:44:17','Doctor Seen','Encounter # 124','Seen by Consultant. <br />Consultant : <b>Dr. John</b>','127.0.0.1','1',51,'2016-03-29 15:44:22',51,'2016-03-29 15:44:22','0000-00-00 00:00:00'),(9,58,42,'2016-03-29 15:47:12','Patient Registration','','Mr. Kamal Registered Successfully.','127.0.0.1','1',51,'2016-03-29 15:47:12',51,'2016-03-29 15:47:12','0000-00-00 00:00:00'),(10,58,42,'2016-03-29 06:20:00','Appoinment Booked','Encounter # 125','Appoinment Booked. <br />Consultant : <b>Dr. John</b>','127.0.0.1','1',51,'2016-03-29 15:47:27',51,'2016-03-29 15:47:27','0000-00-00 00:00:00'),(11,58,42,'2016-03-29 06:20:00','Patient Arrived','Encounter # 125','Patient Arrived.','127.0.0.1','1',51,'2016-03-29 15:50:07',51,'2016-03-29 15:50:07','0000-00-00 00:00:00'),(12,58,42,'2016-03-29 15:50:11','Doctor Seen','Encounter # 125','Seen by Consultant. <br />Consultant : <b>Dr. John</b>','127.0.0.1','1',51,'2016-03-29 15:50:18',51,'2016-03-29 15:50:18','0000-00-00 00:00:00'),(13,58,42,'2016-03-29 15:52:13','Patient Admission','Encounter # 126','Patient Admitted. <br /> Bed No: <b>112 (Suite)</b>','127.0.0.1','1',51,'2016-03-29 15:52:25',51,'2016-03-29 15:52:25','0000-00-00 00:00:00'),(14,58,42,'2016-03-29 15:53:20','Room Transfer','Encounter # 126','Patient Room Transfered. <br /> Bed No: <b>113 (ac)</b>','127.0.0.1','1',51,'2016-03-29 15:53:28',51,'2016-03-29 15:53:28','0000-00-00 00:00:00'),(15,58,42,'2016-03-29 15:53:46','Cancelled','Encounter # 126','Transfer (Room) Cancelled','127.0.0.1','1',51,'2016-03-29 15:53:47',51,'2016-03-29 15:53:47','0000-00-00 00:00:00'),(16,58,42,'2016-03-29 15:53:57','Consultant Discharge','Encounter # 126','Patient Discharged. <br /> Bed No: <b>112 (Suite)</b>','127.0.0.1','1',51,'2016-03-29 15:53:59',51,'2016-03-29 15:53:59','0000-00-00 00:00:00'),(17,58,42,'2016-03-29 15:54:37','Patient Admission','Encounter # 127','Patient Admitted. <br /> Bed No: <b>113 (Non AC)</b>','127.0.0.1','1',51,'2016-03-29 15:55:05',51,'2016-03-29 15:55:05','0000-00-00 00:00:00'),(18,58,42,'2016-03-29 01:25:00','Consultation','','Consultant : <b>Dr. John</b>','127.0.0.1','1',51,'2016-03-29 15:55:52',51,'2016-03-29 15:55:52','0000-00-00 00:00:00'),(19,58,42,'2016-03-29 15:57:00','Consultation','','Consulted for Procedure (Aversion) <br /> Consultant : <b>Dr. John</b>','127.0.0.1','1',51,'2016-03-29 15:57:15',51,'2016-03-29 15:57:15','0000-00-00 00:00:00'),(20,58,42,'2016-03-29 15:57:00','Consultation','','Consulted for Procedure (Aversion) <br /> Consultant : <b>Dr. Surya</b>','127.0.0.1','1',51,'2016-03-29 15:57:15',51,'2016-03-29 15:57:15','0000-00-00 00:00:00'),(21,58,42,'2016-03-29 15:57:00','Consultation','','Consulted for Procedure (Aversion) <br /> Consultant : <b>Mrs. Jo</b>','127.0.0.1','1',51,'2016-03-29 15:57:15',51,'2016-03-29 15:57:15','0000-00-00 00:00:00'),(22,58,42,'2016-03-29 16:01:13','Procedure','','aaddsasd <br /> Procedure : <b>Aversion</b>','127.0.0.1','1',51,'2016-03-29 16:01:49',51,'2016-03-29 16:01:49','0000-00-00 00:00:00'),(23,58,42,'2016-03-29 16:01:13','Consultation','','Consulted for Procedure (Aversion) <br /> Consultant : <b>Dr. John</b>','127.0.0.1','1',51,'2016-03-29 16:01:49',51,'2016-03-29 16:01:49','0000-00-00 00:00:00'),(24,58,42,'2016-03-29 16:57:45','Casesheet No.','','Casesheet No.: 8548721 Added.','127.0.0.1','1',51,'2016-03-29 16:57:45',51,'2016-03-29 16:57:45','0000-00-00 00:00:00'),(25,58,42,'2016-03-29 18:40:33','Discharge','Encounter # 127','Patient Discharged. <br /> Bed No: <b>113 (Non AC)</b>','127.0.0.1','1',51,'2016-03-29 18:40:35',51,'2016-03-29 18:40:35','0000-00-00 00:00:00'),(26,58,42,'2016-03-29 06:55:00','Appoinment Booked','Encounter # 128','Appoinment Booked. <br />Consultant : <b>Dr. John</b>','127.0.0.1','1',51,'2016-03-29 18:50:03',51,'2016-03-29 18:50:03','0000-00-00 00:00:00'),(27,58,42,'2016-03-29 18:52:13','Appointment Cancel','Encounter # 128','Appointment Canceled. <br />Consultant : <b>Dr. John</b>','127.0.0.1','1',51,'2016-03-29 18:52:13',51,'2016-03-29 18:52:13','0000-00-00 00:00:00'),(28,58,42,'2016-03-29 15:47:12','Patient Update','','Patient Details Updated Successfully.','127.0.0.1','1',51,'2016-03-29 18:55:06',51,'2016-03-29 18:55:06','0000-00-00 00:00:00'),(29,58,42,'2016-03-29 19:04:50','Patient Admission','Encounter # 129','Patient Admitted. <br /> Bed No: <b>112 (Non AC)</b>','127.0.0.1','1',51,'2016-03-29 19:05:01',51,'2016-03-29 19:05:01','0000-00-00 00:00:00'),(30,58,42,'2016-03-29 19:05:29','Discharge','Encounter # 129','Patient Discharged. <br /> Bed No: <b>112 (Non AC)</b>','127.0.0.1','1',51,'2016-03-29 19:05:32',51,'2016-03-29 19:05:32','0000-00-00 00:00:00'),(31,58,42,'2016-03-29 06:30:00','Appoinment Booked','Encounter # 130','Appoinment Booked. <br />Consultant : <b>Dr. John</b>','127.0.0.1','1',51,'2016-03-29 19:05:53',51,'2016-03-29 19:05:53','0000-00-00 00:00:00'),(32,58,42,'2016-03-30 06:30:00','Consultation','','aadddaaa <br /> Consultant : <b>Dr. John</b>','127.0.0.1','1',51,'2016-03-29 19:10:40',51,'2016-03-29 19:10:40','0000-00-00 00:00:00'),(33,58,42,'2016-03-29 19:11:28','Procedure','','Procedure : <b>Aversion</b>','127.0.0.1','1',51,'2016-03-29 19:11:34',51,'2016-03-29 19:11:34','0000-00-00 00:00:00'),(34,58,42,'2016-03-29 19:11:28','Consultation','','Consulted for Procedure (Aversion) <br /> Consultant : <b>Dr. John</b>','127.0.0.1','1',51,'2016-03-29 19:11:34',51,'2016-03-29 19:11:34','0000-00-00 00:00:00'),(35,58,42,'2016-03-29 19:29:35','Appointment Cancel','Encounter # 130','Appointment Cancelled. <br />Consultant : <b>Dr. John</b>','127.0.0.1','1',51,'2016-03-29 19:29:36',51,'2016-03-29 19:29:36','0000-00-00 00:00:00'),(36,58,42,'2016-03-29 19:30:28','Patient Admission','Encounter # 131','Patient Admitted. <br /> Bed No: <b>112 (Suite)</b>','127.0.0.1','1',51,'2016-03-29 19:30:41',51,'2016-03-29 19:30:41','0000-00-00 00:00:00'),(37,58,42,'2016-03-29 19:32:02','Discharge','Encounter # 131','Patient Discharged. <br /> Bed No: <b>112 (Suite)</b>','127.0.0.1','1',51,'2016-03-29 19:32:05',51,'2016-03-29 19:32:05','0000-00-00 00:00:00'),(38,58,42,'2016-03-29 11:00:00','Appoinment Booked','Encounter # 132','Appoinment Booked. <br />Consultant : <b>Dr. Surya</b>','127.0.0.1','1',51,'2016-03-29 19:32:15',51,'2016-03-29 19:32:15','0000-00-00 00:00:00'),(39,58,42,'2016-03-29 11:00:00','Patient Arrived','Encounter # 132','Patient Arrived. <br />Consultant : <b>Dr. Surya</b>','127.0.0.1','1',51,'2016-03-29 19:34:09',51,'2016-03-29 19:34:09','0000-00-00 00:00:00'),(40,58,42,'2016-03-29 19:34:22','Doctor Seen','Encounter # 132','Seen by Consultant. <br />Consultant : <b>Dr. Surya</b>','127.0.0.1','1',51,'2016-03-29 19:34:26',51,'2016-03-29 19:34:26','0000-00-00 00:00:00'),(41,58,40,'2016-03-29 19:36:45','Patient Admission','Encounter # 133','Patient Admitted. <br /> Bed No: <b>112 (Suite)</b>','127.0.0.1','1',51,'2016-03-29 19:36:53',51,'2016-03-29 19:36:53','0000-00-00 00:00:00'),(42,58,40,'2016-03-29 19:37:01','Procedure','','aadsa dasdsda <br /> Procedure : <b>Aversion</b>','127.0.0.1','1',51,'2016-03-29 19:37:08',51,'2016-03-29 19:37:08','0000-00-00 00:00:00'),(43,58,40,'2016-03-29 19:37:01','Consultation','','Consulted for Procedure (Aversion) <br /> Consultant : <b>Dr. John</b>','127.0.0.1','1',51,'2016-03-29 19:37:08',51,'2016-03-29 19:37:08','0000-00-00 00:00:00'),(44,58,40,'2016-03-29 19:37:01','Consultation','','Consulted for Procedure (Aversion) <br /> Consultant : <b>Mrs. Jo</b>','127.0.0.1','1',51,'2016-03-29 19:37:08',51,'2016-03-29 19:37:08','0000-00-00 00:00:00'),(45,58,18,'2016-03-30 06:25:00','Appoinment Booked','Encounter # 134','Appoinment Booked. <br />Consultant : <b>Dr. John</b>','127.0.0.1','1',51,'2016-03-30 15:26:07',51,'2016-03-30 15:26:07','0000-00-00 00:00:00'),(46,58,18,'2016-03-30 15:26:00','Patient Arrived','Encounter # 134','Patient Arrived. <br />Consultant : <b>Dr. John</b>','127.0.0.1','1',51,'2016-03-30 15:26:49',51,'2016-03-30 15:26:49','0000-00-00 00:00:00'),(47,58,18,'2016-03-30 15:27:12','Doctor Seen','Encounter # 134','Seen by Consultant. <br />Consultant : <b>Dr. John</b>','127.0.0.1','1',51,'2016-03-30 15:27:17',51,'2016-03-30 15:27:17','0000-00-00 00:00:00'),(48,58,18,'2016-03-30 11:05:00','Appoinment Booked','Encounter # 135','Appoinment Booked. <br />Consultant : <b>Dr. Surya</b>','127.0.0.1','1',51,'2016-03-30 15:27:29',51,'2016-03-30 15:27:29','0000-00-00 00:00:00'),(49,58,18,'2016-03-30 15:27:00','Patient Arrived','Encounter # 135','Patient Arrived. <br />Consultant : <b>Dr. Surya</b>','127.0.0.1','1',51,'2016-03-30 15:27:47',51,'2016-03-30 15:27:47','0000-00-00 00:00:00'),(50,58,18,'2016-03-30 15:30:00','Patient Arrived','Encounter # 135','Patient Arrived. <br />Consultant : <b>Dr. Surya</b>','127.0.0.1','1',51,'2016-03-30 15:30:19',51,'2016-03-30 15:30:19','0000-00-00 00:00:00'),(51,58,18,'2016-03-30 15:35:00','Patient Arrived','Encounter # 135','Patient Arrived. <br />Consultant : <b>Dr. Surya</b>','127.0.0.1','1',51,'2016-03-30 15:36:01',51,'2016-03-30 15:36:01','0000-00-00 00:00:00'),(52,58,40,'2016-03-31 16:48:15','Discharge','Encounter # 133','Patient Discharged. <br /> Bed No: <b>112 (Suite)</b>','127.0.0.1','1',51,'2016-03-31 16:48:22',51,'2016-03-31 16:48:22','0000-00-00 00:00:00'),(53,58,40,'2016-04-01 15:17:15','Patient Admission','Encounter # 136','Patient Admitted. <br /> Bed No: <b>112 (Suite)</b>','127.0.0.1','1',51,'2016-04-01 15:17:29',51,'2016-04-01 15:17:29','0000-00-00 00:00:00'),(54,58,40,'2016-04-01 15:21:11','Room Transfer','Encounter # 136','Patient Room Transfered. <br /> Bed No: <b>113 (Suite)</b>','127.0.0.1','1',51,'2016-04-01 15:21:21',51,'2016-04-01 15:21:21','0000-00-00 00:00:00'),(55,58,40,'2016-04-01 15:21:31','Room Transfer','Encounter # 136','Patient Room Transfered. <br /> Bed No: <b>2112 (ac)</b>','127.0.0.1','1',51,'2016-04-01 15:21:38',51,'2016-04-01 15:21:38','0000-00-00 00:00:00'),(56,58,40,'2016-04-01 15:22:10','Discharge','Encounter # 136','Patient Discharged. <br /> Bed No: <b>2112 (ac)</b>','127.0.0.1','1',51,'2016-04-01 15:22:12',51,'2016-04-01 15:22:12','0000-00-00 00:00:00'),(57,58,40,'2016-03-31 13:05:00','Patient Admission','Encounter # 137','Patient Admitted. <br /> Bed No: <b>112 (Suite)</b>','127.0.0.1','1',51,'2016-04-01 15:22:35',51,'2016-04-01 15:22:35','0000-00-00 00:00:00'),(58,58,40,'2016-04-01 15:25:03','Discharge','Encounter # 137','Patient Discharged. <br /> Bed No: <b>112 (Suite)</b>','127.0.0.1','1',51,'2016-04-01 15:25:05',51,'2016-04-01 15:25:05','0000-00-00 00:00:00'),(59,58,40,'2016-03-31 02:05:00','Patient Admission','Encounter # 138','Patient Admitted. <br /> Bed No: <b>112 (ac)</b>','127.0.0.1','1',51,'2016-04-01 15:25:22',51,'2016-04-01 15:25:22','0000-00-00 00:00:00'),(60,58,40,'2016-04-01 15:29:23','Procedure','','Procedure : <b>Aversion</b>','127.0.0.1','1',51,'2016-04-01 15:29:30',51,'2016-04-01 15:29:30','0000-00-00 00:00:00'),(61,58,40,'2016-04-01 15:29:23','Consultation','','Consulted for Procedure (Aversion) <br /> Consultant : <b>Dr. John</b>','127.0.0.1','1',51,'2016-04-01 15:29:30',51,'2016-04-01 15:29:30','0000-00-00 00:00:00'),(62,58,40,'2016-04-01 16:07:54','Discharge','Encounter # 138','Patient Discharged. <br /> Bed No: <b>112 (ac)</b>','127.0.0.1','1',51,'2016-04-01 16:08:04',51,'2016-04-01 16:08:04','0000-00-00 00:00:00'),(63,58,40,'2016-03-31 06:30:00','Patient Admission','Encounter # 139','Patient Admitted. <br /> Bed No: <b>112 (Non AC)</b>','127.0.0.1','1',51,'2016-04-01 16:08:31',51,'2016-04-01 16:08:31','0000-00-00 00:00:00'),(64,58,40,'2016-04-01 16:14:55','Procedure','','Test test <br /> Procedure : <b>Aversion</b>','127.0.0.1','1',51,'2016-04-01 16:15:04',51,'2016-04-01 16:15:04','0000-00-00 00:00:00'),(65,58,40,'2016-04-01 16:14:55','Consultation','','Consulted for Procedure (Aversion) <br /> Consultant : <b>Dr. John</b>','127.0.0.1','1',51,'2016-04-01 16:15:04',51,'2016-04-01 16:15:04','0000-00-00 00:00:00'),(66,58,40,'2016-04-01 17:05:44','Discharge','Encounter # 139','Patient Discharged. <br /> Bed No: <b>112 (Non AC)</b>','127.0.0.1','1',51,'2016-04-01 17:05:47',51,'2016-04-01 17:05:47','0000-00-00 00:00:00'),(67,58,40,'2016-04-01 17:13:42','Bill Finalize','Encounter # 139','Bill Finalized By Dr. Vikhram','127.0.0.1','1',51,'2016-04-01 17:13:42',51,'2016-04-01 17:13:42','0000-00-00 00:00:00'),(68,58,40,'2016-04-01 17:20:45','Bill Un Finalize','Encounter # 139','Bill Un Finalized By Dr. Vikhram','127.0.0.1','1',51,'2016-04-01 17:20:45',51,'2016-04-01 17:20:45','0000-00-00 00:00:00'),(69,58,40,'2016-04-01 17:22:54','Bill Finalize','Encounter # 139','Bill Finalized By Dr. Vikhram','127.0.0.1','1',51,'2016-04-01 17:22:54',51,'2016-04-01 17:22:54','0000-00-00 00:00:00'),(70,58,40,'2016-04-01 17:23:57','Bill Un Finalize','Encounter # 139','Bill Un Finalized By Dr. Vikhram','127.0.0.1','1',51,'2016-04-01 17:23:57',51,'2016-04-01 17:23:57','0000-00-00 00:00:00'),(71,58,40,'2016-04-01 17:25:55','Bill Finalize','Encounter # 139','Bill Finalized By Dr. Vikhram','127.0.0.1','1',51,'2016-04-01 17:25:55',51,'2016-04-01 17:25:55','0000-00-00 00:00:00'),(72,58,40,'2016-04-01 17:27:16','Bill Un Finalize','Encounter # 139','Bill Un Finalized By Dr. Vikhram','127.0.0.1','1',51,'2016-04-01 17:27:16',51,'2016-04-01 17:27:16','0000-00-00 00:00:00'),(73,58,40,'2016-04-01 17:27:31','Bill Finalize','Encounter # 139','Bill Finalized By Dr. Vikhram','127.0.0.1','1',51,'2016-04-01 17:27:31',51,'2016-04-01 17:27:31','0000-00-00 00:00:00'),(74,58,40,'2016-04-01 17:27:39','Bill Authorize','Encounter # 139','Bill Authorize By Dr. Vikhram','127.0.0.1','1',51,'2016-04-01 17:27:39',51,'2016-04-01 17:27:39','0000-00-00 00:00:00'),(75,58,40,'2016-04-01 17:28:02','Bill Un Authorize','Encounter # 139','Bill Un Authorize By Dr. Vikhram','127.0.0.1','1',51,'2016-04-01 17:28:02',51,'2016-04-01 17:28:02','0000-00-00 00:00:00'),(76,58,40,'2016-04-01 17:28:14','Bill Un Finalize','Encounter # 139','Bill Un Finalized By Dr. Vikhram','127.0.0.1','1',51,'2016-04-01 17:28:14',51,'2016-04-01 17:28:14','0000-00-00 00:00:00'),(77,58,40,'2016-04-01 17:31:05','Bill Finalize','Encounter # 139','Bill Finalized By Dr. Vikhram','127.0.0.1','1',51,'2016-04-01 17:31:05',51,'2016-04-01 17:31:05','0000-00-00 00:00:00'),(78,58,40,'2016-04-01 17:31:19','Bill Authorize','Encounter # 139','Bill Authorize By Dr. Vikhram','127.0.0.1','1',51,'2016-04-01 17:31:19',51,'2016-04-01 17:31:19','0000-00-00 00:00:00'),(79,58,40,'2016-04-01 17:31:55','Bill Un Authorize','Encounter # 139','Bill Un Authorize By Dr. Vikhram','127.0.0.1','1',51,'2016-04-01 17:31:55',51,'2016-04-01 17:31:55','0000-00-00 00:00:00'),(80,58,40,'2016-04-01 17:32:05','Bill Un Finalize','Encounter # 139','Bill Un Finalized By Dr. Vikhram','127.0.0.1','1',51,'2016-04-01 17:32:05',51,'2016-04-01 17:32:05','0000-00-00 00:00:00'),(81,58,40,'2016-04-01 17:50:47','Bill Finalize','Encounter # 139','Bill Finalized By Dr. Vikhram','127.0.0.1','1',51,'2016-04-01 17:50:47',51,'2016-04-01 17:50:47','0000-00-00 00:00:00'),(82,58,40,'2016-04-01 17:51:55','Bill Authorize','Encounter # 139','Bill Authorize By Dr. Vikhram','127.0.0.1','1',51,'2016-04-01 17:51:55',51,'2016-04-01 17:51:55','0000-00-00 00:00:00'),(83,58,40,'2016-04-01 17:52:09','Bill Un Authorize','Encounter # 139','Bill Un Authorize By Dr. Vikhram','127.0.0.1','1',51,'2016-04-01 17:52:09',51,'2016-04-01 17:52:09','0000-00-00 00:00:00'),(84,58,40,'2016-04-01 18:00:53','Bill Un Finalize','Encounter # 139','Bill Un Finalized By Dr. Vikhram','127.0.0.1','1',51,'2016-04-01 18:00:53',51,'2016-04-01 18:00:53','0000-00-00 00:00:00'),(85,58,40,'2016-04-01 18:01:10','Bill Finalize','Encounter # 139','Bill Finalized By Dr. Vikhram','127.0.0.1','1',51,'2016-04-01 18:01:10',51,'2016-04-01 18:01:10','0000-00-00 00:00:00'),(86,58,40,'2016-04-01 18:29:44','Bill Authorize','Encounter # 139','Bill Authorize By Dr. Vikhram','127.0.0.1','1',51,'2016-04-01 18:29:44',51,'2016-04-01 18:29:44','0000-00-00 00:00:00'),(87,58,40,'2016-04-01 18:29:51','Bill Un Authorize','Encounter # 139','Bill Un Authorize By Dr. Vikhram','127.0.0.1','1',51,'2016-04-01 18:29:51',51,'2016-04-01 18:29:51','0000-00-00 00:00:00'),(88,58,40,'2016-04-01 18:29:58','Bill Un Finalize','Encounter # 139','Bill Un Finalized By Dr. Vikhram','127.0.0.1','1',51,'2016-04-01 18:29:58',51,'2016-04-01 18:29:58','0000-00-00 00:00:00'),(89,58,40,'2016-04-01 18:33:49','Patient Alert','','Patient Alert (996969) added.','127.0.0.1','1',51,'2016-04-01 18:33:49',51,'2016-04-01 18:33:49','0000-00-00 00:00:00'),(90,58,40,'2016-04-01 19:24:29','Bill Finalize','Encounter # 139','Bill Finalized By Dr. Vikhram','127.0.0.1','1',51,'2016-04-01 19:24:29',51,'2016-04-01 19:24:29','0000-00-00 00:00:00'),(91,58,40,'2016-04-01 19:25:04','Bill Un Finalize','Encounter # 139','Bill Un Finalized By Dr. Vikhram','127.0.0.1','1',51,'2016-04-01 19:25:04',51,'2016-04-01 19:25:04','0000-00-00 00:00:00'),(92,58,40,'2016-04-01 19:25:21','Bill Finalize','Encounter # 139','Bill Finalized By Dr. Vikhram','127.0.0.1','1',51,'2016-04-01 19:25:21',51,'2016-04-01 19:25:21','0000-00-00 00:00:00'),(93,58,19,'2016-04-04 11:10:00','Appoinment Booked','Encounter # 140','Appoinment Booked. <br />Consultant : <b>Dr. Surya</b>','127.0.0.1','1',51,'2016-04-04 10:50:16',51,'2016-04-04 10:50:16','0000-00-00 00:00:00'),(94,58,19,'2016-04-04 10:51:00','Patient Arrived','Encounter # 140','Patient Arrived. <br />Consultant : <b>Dr. Surya</b>','127.0.0.1','1',51,'2016-04-04 10:51:18',51,'2016-04-04 10:51:18','0000-00-00 00:00:00'),(95,58,19,'2016-04-05 06:50:00','Consultation','','Test <br /> Consultant : <b>Dr. John</b>','127.0.0.1','1',51,'2016-04-04 10:58:19',51,'2016-04-04 10:58:19','0000-00-00 00:00:00'),(96,58,19,'2016-04-04 12:39:33','Patient Alert','','Patient Alert (New Alert) added.','127.0.0.1','1',51,'2016-04-04 12:39:33',51,'2016-04-04 12:39:33','0000-00-00 00:00:00'),(97,58,19,'2016-04-04 12:40:17','Patient Alert','','Patient Alert (New New) added.','127.0.0.1','1',51,'2016-04-04 12:40:17',51,'2016-04-04 12:40:17','0000-00-00 00:00:00'),(98,58,19,'2016-04-04 12:40:16','Patient Alert','','Patient Alert (New New 11) updated.','127.0.0.1','1',51,'2016-04-04 13:25:24',51,'2016-04-04 13:25:24','0000-00-00 00:00:00'),(99,58,19,'2016-04-04 12:39:33','Patient Alert','','Patient Alert (New Alert 11) updated.','127.0.0.1','1',51,'2016-04-04 13:26:08',51,'2016-04-04 13:26:08','0000-00-00 00:00:00'),(100,58,39,'2016-03-14 15:54:18','Patient Alert','','Patient Alert (Fake 88888) updated.','127.0.0.1','1',51,'2016-04-04 13:31:51',51,'2016-04-04 13:31:51','0000-00-00 00:00:00'),(101,58,19,'2016-04-04 12:40:16','Patient Alert','','Patient Alert (New New 1) updated.','127.0.0.1','1',51,'2016-04-04 13:32:24',51,'2016-04-04 13:32:24','0000-00-00 00:00:00'),(102,58,19,'2016-04-04 12:40:16','Patient Alert','','Patient Alert (New New 1) updated.','127.0.0.1','1',51,'2016-04-04 13:32:55',51,'2016-04-04 13:32:55','0000-00-00 00:00:00'),(103,58,39,'2016-03-14 15:54:18','Patient Alert','','Patient Alert (Fake 88888) updated.','127.0.0.1','1',51,'2016-04-04 13:34:17',51,'2016-04-04 13:34:17','0000-00-00 00:00:00'),(104,58,39,'2016-03-14 15:57:22','Patient Alert','','Patient Alert (999) updated.','127.0.0.1','1',51,'2016-04-04 13:35:04',51,'2016-04-04 13:35:04','0000-00-00 00:00:00'),(105,58,39,'2016-03-14 15:54:18','Patient Alert','','Patient Alert (Fake 88888) updated.','127.0.0.1','1',51,'2016-04-04 13:35:23',51,'2016-04-04 13:35:23','0000-00-00 00:00:00'),(106,58,39,'2016-03-14 15:54:18','Patient Alert','','Patient Alert (Fake 88888) updated.','127.0.0.1','1',51,'2016-04-04 13:36:01',51,'2016-04-04 13:36:01','0000-00-00 00:00:00'),(107,58,39,'2016-03-14 15:57:22','Patient Alert','','Patient Alert (999) updated.','127.0.0.1','1',51,'2016-04-04 13:36:13',51,'2016-04-04 13:36:13','0000-00-00 00:00:00'),(108,58,19,'2016-04-04 12:40:16','Patient Alert','','Patient Alert (New New 1) updated.','127.0.0.1','1',51,'2016-04-04 13:36:31',51,'2016-04-04 13:36:31','0000-00-00 00:00:00'),(109,58,26,'2016-04-04 15:52:49','Patient Alert','','Patient Alert (8184848) added.','127.0.0.1','1',51,'2016-04-04 15:52:49',51,'2016-04-04 15:52:49','0000-00-00 00:00:00'),(110,58,26,'2016-04-04 15:52:49','Patient Alert','','Patient Alert (8184848888) updated.','127.0.0.1','1',51,'2016-04-04 15:53:00',51,'2016-04-04 15:53:00','0000-00-00 00:00:00'),(111,58,20,'2016-04-16 06:25:00','Appoinment Booked','Encounter # 141','Appoinment Booked. <br />Consultant : <b>Dr. John</b>','127.0.0.1','1',51,'2016-04-16 15:24:41',51,'2016-04-16 15:24:41','0000-00-00 00:00:00'),(112,58,20,'2016-04-16 15:39:00','Patient Arrived','Encounter # 141','Patient Arrived. <br />Consultant : <b>Dr. John</b>','127.0.0.1','1',51,'2016-04-16 15:39:12',51,'2016-04-16 15:39:12','0000-00-00 00:00:00'),(113,58,26,'2016-04-16 16:51:50','Discharge','Encounter # 100','Patient Discharged. <br /> Bed No: <b>112 (Suite)</b>','127.0.0.1','1',51,'2016-04-16 16:51:56',51,'2016-04-16 16:51:56','0000-00-00 00:00:00'),(114,58,26,'2016-04-16 16:53:27','Clinical Discharge','Encounter # 100','Patient Clinical Discharged. <br /> Bed No: <b>112 (Suite)</b>','127.0.0.1','1',51,'2016-04-16 16:55:30',51,'2016-04-16 16:55:30','0000-00-00 00:00:00'),(115,58,26,'2016-04-16 17:26:02','Bill Finalize','Encounter # 100','Bill Finalized By Dr. Vikhram','127.0.0.1','1',51,'2016-04-16 17:26:02',51,'2016-04-16 17:26:02','0000-00-00 00:00:00'),(116,58,26,'2016-04-16 17:26:10','Bill Authorize','Encounter # 100','Bill Authorize By Dr. Vikhram','127.0.0.1','1',51,'2016-04-16 17:26:10',51,'2016-04-16 17:26:10','0000-00-00 00:00:00'),(117,58,26,'2016-04-16 17:52:33','Administrative Discharge Cancel','Encounter # 100','Administrative Discharge Cancel By Dr. Vikhram','127.0.0.1','1',51,'2016-04-16 17:52:33',51,'2016-04-16 17:52:33','0000-00-00 00:00:00'),(118,58,26,'2016-04-16 17:53:17','Administrative Discharge Cancel','Encounter # 100','Administrative Discharge Cancel By Dr. Vikhram','127.0.0.1','1',51,'2016-04-16 17:53:17',51,'2016-04-16 17:53:17','0000-00-00 00:00:00'),(119,58,26,'2016-04-16 17:53:51','Administrative Discharge Cancel','Encounter # 100','Administrative Discharge Cancel By Dr. Vikhram','127.0.0.1','1',51,'2016-04-16 17:53:51',51,'2016-04-16 17:53:51','0000-00-00 00:00:00'),(120,58,26,'2016-04-16 17:57:01','Administrative Discharge','Encounter # 100','Administrative Discharge By Dr. Vikhram','127.0.0.1','1',51,'2016-04-16 17:57:01',51,'2016-04-16 17:57:01','0000-00-00 00:00:00'),(121,58,21,'2016-04-16 18:00:27','Casesheet No.','','Casesheet No.: 85151 Added.','127.0.0.1','1',51,'2016-04-16 18:00:27',51,'2016-04-16 18:00:27','0000-00-00 00:00:00'),(122,58,21,'2016-04-16 18:00:13','Patient Admission','Encounter # 142','Patient Admitted. <br /> Bed No: <b>113 (ac)</b>','127.0.0.1','1',51,'2016-04-16 18:00:27',51,'2016-04-16 18:00:27','0000-00-00 00:00:00'),(123,58,21,'2016-04-16 18:07:34','Room Transfer','Encounter # 142','Patient Room Transfered. <br /> Bed No: <b>2112 (Non AC)</b>','127.0.0.1','1',51,'2016-04-16 18:07:43',51,'2016-04-16 18:07:43','0000-00-00 00:00:00'),(124,58,21,'2016-04-16 18:08:07','Clinical Discharge','Encounter # 142','Patient Clinical Discharged. <br /> Bed No: <b>2112 (Non AC)</b>','127.0.0.1','1',51,'2016-04-16 18:08:15',51,'2016-04-16 18:08:15','0000-00-00 00:00:00'),(125,58,21,'2016-04-16 18:08:31','Bill Finalize','Encounter # 142','Bill Finalized By Dr. Vikhram','127.0.0.1','1',51,'2016-04-16 18:08:31',51,'2016-04-16 18:08:31','0000-00-00 00:00:00'),(126,58,21,'2016-04-16 18:08:39','Bill Authorize','Encounter # 142','Bill Authorize By Dr. Vikhram','127.0.0.1','1',51,'2016-04-16 18:08:39',51,'2016-04-16 18:08:39','0000-00-00 00:00:00'),(127,58,21,'2016-04-16 18:10:46','Administrative Discharge','Encounter # 142','Patient Administrative Discharged. <br /> Bed No: <b>2112 (Non AC)</b>','127.0.0.1','1',51,'2016-04-16 18:10:46',51,'2016-04-16 18:10:46','0000-00-00 00:00:00'),(128,58,21,'2016-04-16 18:10:46','Administrative Discharge','Encounter # 142','Administrative Discharge By Dr. Vikhram','127.0.0.1','1',51,'2016-04-16 18:10:46',51,'2016-04-16 18:10:46','0000-00-00 00:00:00'),(129,58,25,'2016-04-18 10:24:46','Casesheet No.','','Casesheet No.: 81541 Added.','127.0.0.1','1',51,'2016-04-18 10:24:46',51,'2016-04-18 10:24:46','0000-00-00 00:00:00'),(130,58,25,'2016-04-18 10:24:30','Patient Admission','Encounter # 143','Patient Admitted. <br /> Bed No: <b>113 (ac)</b>','127.0.0.1','1',51,'2016-04-18 10:24:46',51,'2016-04-18 10:24:46','0000-00-00 00:00:00'),(131,58,25,'2016-04-18 10:24:58','Room Transfer','Encounter # 143','Patient Room Transfered. <br /> Bed No: <b>2112 (Single)</b>','127.0.0.1','1',51,'2016-04-18 10:25:05',51,'2016-04-18 10:25:05','0000-00-00 00:00:00'),(132,58,25,'2016-04-18 10:25:30','Clinical Discharge','Encounter # 143','Patient Clinical Discharged. <br /> Bed No: <b>2112 (Single)</b>','127.0.0.1','1',51,'2016-04-18 10:25:39',51,'2016-04-18 10:25:39','0000-00-00 00:00:00'),(133,58,25,'2016-04-18 10:25:57','Bill Finalize','Encounter # 143','Bill Finalized By Dr. Vikhram','127.0.0.1','1',51,'2016-04-18 10:25:57',51,'2016-04-18 10:25:57','0000-00-00 00:00:00'),(134,58,25,'2016-04-18 10:26:05','Bill Authorize','Encounter # 143','Bill Authorize By Dr. Vikhram','127.0.0.1','1',51,'2016-04-18 10:26:05',51,'2016-04-18 10:26:05','0000-00-00 00:00:00'),(135,58,25,'2016-04-18 10:26:14','Administrative Discharge','Encounter # 143','Patient Administrative Discharged. <br /> Bed No: <b>2112 (Single)</b>','127.0.0.1','1',51,'2016-04-18 10:26:14',51,'2016-04-18 10:26:14','0000-00-00 00:00:00'),(136,58,25,'2016-04-18 10:26:14','Administrative Discharge','Encounter # 143','Administrative Discharge By Dr. Vikhram','127.0.0.1','1',51,'2016-04-18 10:26:14',51,'2016-04-18 10:26:14','0000-00-00 00:00:00'),(137,58,21,'2016-04-18 13:53:00','Patient Admission','Encounter # 144','Patient Admitted. <br /> Bed No: <b>113 (ac)</b>','127.0.0.1','1',51,'2016-04-18 13:53:14',51,'2016-04-18 13:53:14','0000-00-00 00:00:00'),(138,58,27,'2016-04-18 16:14:56','Casesheet No.','','Casesheet No.: 855 Added.','127.0.0.1','1',51,'2016-04-18 16:14:56',51,'2016-04-18 16:14:56','0000-00-00 00:00:00'),(139,58,27,'2016-04-17 09:45:00','Patient Admission','Encounter # 145','Patient Admitted. <br /> Bed No: <b>2112 (Non AC)</b>','127.0.0.1','1',51,'2016-04-18 16:14:57',51,'2016-04-18 16:14:57','0000-00-00 00:00:00'),(140,58,27,'2016-04-18 17:27:01','Clinical Discharge','Encounter # 145','Patient Clinical Discharged. <br /> Bed No: <b>2112 (Non AC)</b>','127.0.0.1','1',51,'2016-04-18 17:27:03',51,'2016-04-18 17:27:03','0000-00-00 00:00:00'),(141,58,21,'2016-04-19 12:11:01','Clinical Discharge','Encounter # 144','Patient Clinical Discharged. <br /> Bed No: <b>113 (ac)</b>','127.0.0.1','1',51,'2016-04-19 12:11:17',51,'2016-04-19 12:11:17','0000-00-00 00:00:00'),(142,58,39,'2016-04-20 19:07:57','Patient Admission','Encounter # 146','Patient Admitted. <br /> Bed No: <b>909 (Deluxe)</b>','127.0.0.1','1',51,'2016-04-20 19:08:08',51,'2016-04-20 19:08:08','0000-00-00 00:00:00'),(143,58,39,'2016-04-21 10:58:11','Clinical Discharge','Encounter # 146','Patient Clinical Discharged. <br /> Bed No: <b>909 (Deluxe)</b>','127.0.0.1','1',51,'2016-04-21 10:58:16',51,'2016-04-21 10:58:16','0000-00-00 00:00:00'),(144,58,39,'2016-04-21 11:22:33','Procedure','','Procedure : <b>Aversion</b>','127.0.0.1','1',51,'2016-04-21 11:22:39',51,'2016-04-21 11:22:39','0000-00-00 00:00:00'),(145,58,39,'2016-04-21 11:22:33','Consultation','','Consulted for Procedure (Aversion) <br /> Consultant : <b>Dr. John</b>','127.0.0.1','1',51,'2016-04-21 11:22:40',51,'2016-04-21 11:22:40','0000-00-00 00:00:00'),(146,58,39,'2016-04-21 12:12:30','Bill Finalize','Encounter # 146','Bill Finalized By Dr. Vikhram','127.0.0.1','1',51,'2016-04-21 12:12:30',51,'2016-04-21 12:12:30','0000-00-00 00:00:00'),(147,58,39,'2016-04-21 12:12:38','Bill Authorize','Encounter # 146','Bill Authorize By Dr. Vikhram','127.0.0.1','1',51,'2016-04-21 12:12:38',51,'2016-04-21 12:12:38','0000-00-00 00:00:00'),(148,58,39,'2016-04-21 12:14:13','Administrative Discharge','Encounter # 146','Patient Administrative Discharged. <br /> Bed No: <b>909 (Deluxe)</b>','127.0.0.1','1',51,'2016-04-21 12:14:13',51,'2016-04-21 12:14:13','0000-00-00 00:00:00'),(149,58,39,'2016-04-21 12:14:13','Administrative Discharge','Encounter # 146','Administrative Discharge By Dr. Vikhram','127.0.0.1','1',51,'2016-04-21 12:14:13',51,'2016-04-21 12:14:13','0000-00-00 00:00:00'),(150,58,39,'2016-04-21 12:14:25','Patient Admission','Encounter # 147','Patient Admitted. <br /> Bed No: <b>909 (Non AC)</b>','127.0.0.1','1',51,'2016-04-21 12:15:07',51,'2016-04-21 12:15:07','0000-00-00 00:00:00'),(151,58,39,'2016-04-21 12:16:20','Clinical Discharge','Encounter # 147','Patient Clinical Discharged. <br /> Bed No: <b>909 (Non AC)</b>','127.0.0.1','1',51,'2016-04-21 12:16:25',51,'2016-04-21 12:16:25','0000-00-00 00:00:00'),(152,58,39,'2016-04-21 12:16:37','Bill Finalize','Encounter # 147','Bill Finalized By Dr. Vikhram','127.0.0.1','1',51,'2016-04-21 12:16:37',51,'2016-04-21 12:16:37','0000-00-00 00:00:00'),(153,58,39,'2016-04-21 12:16:46','Bill Authorize','Encounter # 147','Bill Authorize By Dr. Vikhram','127.0.0.1','1',51,'2016-04-21 12:16:46',51,'2016-04-21 12:16:46','0000-00-00 00:00:00'),(154,58,39,'2016-04-21 12:16:54','Administrative Discharge','Encounter # 147','Patient Administrative Discharged. <br /> Bed No: <b>909 (Non AC)</b>','127.0.0.1','1',51,'2016-04-21 12:16:55',51,'2016-04-21 12:16:55','0000-00-00 00:00:00'),(155,58,39,'2016-04-21 12:16:55','Administrative Discharge','Encounter # 147','Administrative Discharge By Dr. Vikhram','127.0.0.1','1',51,'2016-04-21 12:16:55',51,'2016-04-21 12:16:55','0000-00-00 00:00:00'),(156,58,39,'2016-04-20 00:50:00','Patient Admission','Encounter # 148','Patient Admitted. <br /> Bed No: <b>909 (Non AC)</b>','127.0.0.1','1',51,'2016-04-21 12:17:24',51,'2016-04-21 12:17:24','0000-00-00 00:00:00'),(157,58,39,'2016-04-21 12:18:17','Room Transfer','Encounter # 148','Patient Room Transfered. <br /> Bed No: <b>112 (Non AC)</b>','127.0.0.1','1',51,'2016-04-21 12:18:47',51,'2016-04-21 12:18:47','0000-00-00 00:00:00'),(158,58,34,'2016-04-26 06:05:00','Appoinment Booked','Encounter # 149','Appoinment Booked. <br />Consultant : <b>Dr. John</b>','127.0.0.1','1',51,'2016-04-26 11:16:56',51,'2016-04-26 11:16:56','0000-00-00 00:00:00'),(159,58,21,'2016-04-27 12:52:21','Bill Finalize','Encounter # 144','Bill Finalized By Dr. Vikhram','127.0.0.1','1',51,'2016-04-27 12:52:21',51,'2016-04-27 12:52:21','0000-00-00 00:00:00'),(160,58,21,'2016-04-27 12:52:31','Bill Authorize','Encounter # 144','Bill Authorize By Dr. Vikhram','127.0.0.1','1',51,'2016-04-27 12:52:31',51,'2016-04-27 12:52:31','0000-00-00 00:00:00'),(161,58,21,'2016-04-27 12:52:44','Administrative Discharge','Encounter # 144','Patient Administrative Discharged. <br /> Bed No: <b>113 (ac)</b>','127.0.0.1','1',51,'2016-04-27 12:52:44',51,'2016-04-27 12:52:44','0000-00-00 00:00:00'),(162,58,21,'2016-04-27 12:52:44','Administrative Discharge','Encounter # 144','Administrative Discharge By Dr. Vikhram','127.0.0.1','1',51,'2016-04-27 12:52:44',51,'2016-04-27 12:52:44','0000-00-00 00:00:00'),(163,58,21,'2016-04-27 11:00:00','Appoinment Booked','Encounter # 150','Appoinment Booked. <br />Consultant : <b>Dr. Surya</b>','127.0.0.1','1',51,'2016-04-27 13:13:55',51,'2016-04-27 13:13:55','0000-00-00 00:00:00'),(164,58,21,'2016-04-27 13:25:50','Appointment Cancel','Encounter # 150','Appointment Cancelled. <br />Consultant : <b>Dr. Surya</b>','127.0.0.1','1',51,'2016-04-27 13:25:51',51,'2016-04-27 13:25:51','0000-00-00 00:00:00'),(165,58,39,'2016-04-28 10:50:00','Consultation','','Test <br /> Consultant : <b>Dr. Surya</b>','127.0.0.1','1',51,'2016-04-28 15:19:00',51,'2016-04-28 15:19:00','0000-00-00 00:00:00'),(166,58,39,'2016-04-28 10:50:00','Consultation','','Testsfddsfsdf <br /> Consultant : <b>Dr. Surya</b>','127.0.0.1','1',51,'2016-04-28 15:30:23',51,'2016-04-28 15:30:23','0000-00-00 00:00:00'),(167,58,39,'2016-04-28 15:42:40','Procedure','','fsf <br /> Procedure : <b>Aversion</b>','127.0.0.1','1',51,'2016-04-28 15:42:47',51,'2016-04-28 15:42:47','0000-00-00 00:00:00'),(168,58,39,'2016-04-28 15:42:40','Consultation','','Consulted for Procedure (Aversion) <br /> Consultant : <b>Dr. John</b>','127.0.0.1','1',51,'2016-04-28 15:42:47',51,'2016-04-28 15:42:47','0000-00-00 00:00:00'),(169,58,39,'2016-04-29 11:01:25','Procedure','','TEst <br /> Procedure : <b>Aversion</b>','127.0.0.1','1',51,'2016-04-29 11:01:37',51,'2016-04-29 11:01:37','0000-00-00 00:00:00'),(170,58,39,'2016-04-29 11:01:25','Consultation','','Consulted for Procedure (Aversion) <br /> Consultant : <b>Dr. Surya</b>','127.0.0.1','1',51,'2016-04-29 11:01:37',51,'2016-04-29 11:01:37','0000-00-00 00:00:00'),(171,58,39,'2016-04-29 11:01:25','Consultation','','Consulted for Procedure (Aversion) <br /> Consultant : <b>Dr. John</b>','127.0.0.1','1',51,'2016-04-29 11:01:37',51,'2016-04-29 11:01:37','0000-00-00 00:00:00'),(172,58,39,'2016-04-29 11:19:23','Patient Alert','','Patient Alert (Test) added.','127.0.0.1','1',51,'2016-04-29 11:19:23',51,'2016-04-29 11:19:23','0000-00-00 00:00:00'),(173,58,34,'2016-05-02 13:02:06','Appointment Cancel','Encounter # 149','Appointment Cancelled. <br />Consultant : <b>Dr. John</b>','127.0.0.1','1',51,'2016-05-02 13:02:07',51,'2016-05-02 13:02:07','0000-00-00 00:00:00'),(174,58,39,'2016-05-02 16:27:24','Clinical Discharge','Encounter # 148','Patient Clinical Discharged. <br /> Bed No: <b>112 (Non AC)</b>','127.0.0.1','1',51,'2016-05-02 16:27:28',51,'2016-05-02 16:27:28','0000-00-00 00:00:00'),(175,58,39,'2016-05-02 16:27:47','Bill Finalize','Encounter # 148','Bill Finalized By Dr. Vikhram','127.0.0.1','1',51,'2016-05-02 16:27:47',51,'2016-05-02 16:27:47','0000-00-00 00:00:00'),(176,58,39,'2016-05-02 16:27:55','Bill Authorize','Encounter # 148','Bill Authorize By Dr. Vikhram','127.0.0.1','1',51,'2016-05-02 16:27:55',51,'2016-05-02 16:27:55','0000-00-00 00:00:00'),(177,58,39,'2016-05-02 16:28:02','Administrative Discharge','Encounter # 148','Patient Administrative Discharged. <br /> Bed No: <b>112 (Non AC)</b>','127.0.0.1','1',51,'2016-05-02 16:28:02',51,'2016-05-02 16:28:02','0000-00-00 00:00:00'),(178,58,39,'2016-05-02 16:28:02','Administrative Discharge','Encounter # 148','Administrative Discharge By Dr. Vikhram','127.0.0.1','1',51,'2016-05-02 16:28:02',51,'2016-05-02 16:28:02','0000-00-00 00:00:00'),(179,58,39,'2016-05-02 16:28:09','Patient Admission','Encounter # 151','Patient Admitted. <br /> Bed No: <b>113 (ac)</b>','127.0.0.1','1',51,'2016-05-02 16:28:27',51,'2016-05-02 16:28:27','0000-00-00 00:00:00'),(180,58,26,'2016-05-03 00:30:00','Appoinment Booked','Encounter # 152','Appoinment Booked. <br />Consultant : <b>Dr. John</b>','127.0.0.1','1',51,'2016-05-03 11:09:24',51,'2016-05-03 11:09:24','0000-00-00 00:00:00'),(181,58,26,'2016-05-03 11:14:29','Appointment Cancel','Encounter # 152','Appointment Cancelled. <br />Consultant : <b>Dr. John</b>','127.0.0.1','1',51,'2016-05-03 11:14:30',51,'2016-05-03 11:14:30','0000-00-00 00:00:00'),(182,58,26,'2016-05-03 00:30:00','Appoinment Booked','Encounter # 153','Appoinment Booked. <br />Consultant : <b>Dr. John</b>','127.0.0.1','1',51,'2016-05-03 11:14:54',51,'2016-05-03 11:14:54','0000-00-00 00:00:00'),(183,58,26,'2016-05-03 00:55:00','Patient Arrived','Encounter # 153','Patient Arrived. <br />Consultant : <b>Dr. John</b>','127.0.0.1','1',51,'2016-05-03 13:28:14',51,'2016-05-03 13:28:14','0000-00-00 00:00:00'),(184,58,26,'2016-05-03 15:20:49','Appointment Cancel','Encounter # 153','Appointment Cancelled. <br />Consultant : <b>Dr. John</b>','127.0.0.1','1',51,'2016-05-03 15:20:49',51,'2016-05-03 15:20:49','0000-00-00 00:00:00'),(185,58,26,'2016-05-03 10:00:00','Appoinment Booked','Encounter # 154','Appoinment Booked. <br />Consultant : <b>Dr. John</b>','127.0.0.1','1',51,'2016-05-03 17:10:26',51,'2016-05-03 17:10:26','0000-00-00 00:00:00'),(186,58,34,'2016-05-03 11:00:00','Appoinment Booked','Encounter # 155','Appoinment Booked. <br />Consultant : <b>Dr. John</b>','127.0.0.1','1',51,'2016-05-03 17:10:59',51,'2016-05-03 17:10:59','0000-00-00 00:00:00'),(187,58,34,'2016-05-03 17:16:30','Appointment Cancel','Encounter # 155','Appointment Cancelled. <br />Consultant : <b>Dr. John</b>','127.0.0.1','1',51,'2016-05-03 17:16:30',51,'2016-05-03 17:16:30','0000-00-00 00:00:00'),(188,58,26,'2016-05-04 10:29:33','Appointment Cancel','Encounter # 154','Appointment Cancelled. <br />Consultant : <b>Dr. John</b>','127.0.0.1','1',51,'2016-05-04 10:29:33',51,'2016-05-04 10:29:33','0000-00-00 00:00:00'),(189,58,34,'2016-05-05 10:00:00','Appoinment Booked','Encounter # 156','Appoinment Booked. <br />Consultant : <b>Dr. John</b>','127.0.0.1','1',51,'2016-05-04 12:45:14',51,'2016-05-04 12:45:14','0000-00-00 00:00:00'),(190,58,24,'2016-05-05 10:05:00','Appoinment Booked','Encounter # 157','Appoinment Booked. <br />Consultant : <b>Dr. John</b>','127.0.0.1','1',51,'2016-05-04 12:45:46',51,'2016-05-04 12:45:46','0000-00-00 00:00:00'),(191,58,38,'2016-05-07 10:00:00','Appoinment Booked','Encounter # 158','Appoinment Booked. <br />Consultant : <b>Dr. John</b>','127.0.0.1','1',51,'2016-05-04 18:33:31',51,'2016-05-04 18:33:31','0000-00-00 00:00:00'),(192,58,21,'2016-05-19 10:00:00','Appoinment Booked','Encounter # 159','Appoinment Booked. <br />Consultant : <b>Dr. John</b>','127.0.0.1','1',51,'2016-05-05 17:42:33',51,'2016-05-05 17:42:33','0000-00-00 00:00:00'),(193,58,22,'2016-05-20 10:00:00','Appoinment Booked','Encounter # 160','Appoinment Booked. <br />Consultant : <b>Dr. John</b>','127.0.0.1','1',51,'2016-05-05 17:52:11',51,'2016-05-05 17:52:11','0000-00-00 00:00:00'),(194,58,23,'2016-05-21 10:00:00','Appoinment Booked','Encounter # 161','Appoinment Booked. <br />Consultant : <b>Dr. John</b>','127.0.0.1','1',51,'2016-05-05 17:58:13',51,'2016-05-05 17:58:13','0000-00-00 00:00:00'),(195,58,18,'2016-05-20 10:05:00','Appoinment Booked','Encounter # 162','Appoinment Booked. <br />Consultant : <b>Dr. John</b>','127.0.0.1','1',51,'2016-05-05 18:07:16',51,'2016-05-05 18:07:16','0000-00-00 00:00:00'),(196,58,19,'2016-05-20 10:10:00','Appoinment Booked','Encounter # 163','Appoinment Booked. <br />Consultant : <b>Dr. John</b>','127.0.0.1','1',51,'2016-05-05 18:10:21',51,'2016-05-05 18:10:21','0000-00-00 00:00:00'),(197,58,42,'2016-05-26 10:00:00','Appoinment Booked','Encounter # 164','Appoinment Booked. <br />Consultant : <b>Dr. John</b>','127.0.0.1','1',51,'2016-05-05 18:38:58',51,'2016-05-05 18:38:58','0000-00-00 00:00:00'),(198,58,20,'2016-05-26 10:05:00','Appoinment Booked','Encounter # 165','Appoinment Booked. <br />Consultant : <b>Dr. John</b>','127.0.0.1','1',51,'2016-05-05 18:39:24',51,'2016-05-05 18:39:24','0000-00-00 00:00:00'),(199,58,21,'2016-05-11 10:05:00','Appoinment Booked','Encounter # 166','Appoinment Booked. <br />Consultant : <b>Dr. John</b>','127.0.0.1','1',51,'2016-05-05 19:05:09',51,'2016-05-05 19:05:09','0000-00-00 00:00:00'),(200,58,37,'2016-05-12 10:00:00','Appoinment Booked','Encounter # 167','Appoinment Booked. <br />Consultant : <b>Dr. John</b>','127.0.0.1','1',51,'2016-05-05 19:07:20',51,'2016-05-05 19:07:20','0000-00-00 00:00:00'),(201,58,25,'2016-05-19 10:00:00','Appoinment Booked','Encounter # 168','Appoinment Booked. <br />Consultant : <b>Dr. John</b>','127.0.0.1','1',51,'2016-05-05 19:42:37',51,'2016-05-05 19:42:37','0000-00-00 00:00:00'),(202,58,39,'2016-05-06 12:11:35','Casesheet No.','','Casesheet No.: 7854511 Added.','127.0.0.1','1',51,'2016-05-06 12:11:35',51,'2016-05-06 12:11:35','0000-00-00 00:00:00'),(203,58,22,'2016-05-06 19:56:40','Appointment Cancel','Encounter # 160','Appointment Cancelled. <br />Consultant : <b>Dr. John</b>','127.0.0.1','1',51,'2016-05-06 19:56:40',51,'2016-05-06 19:56:40','0000-00-00 00:00:00'),(204,58,18,'2016-05-06 20:08:00','Appointment Cancel','Encounter # 162','Appointment Cancelled. <br />Consultant : <b>Dr. John</b>','127.0.0.1','1',51,'2016-05-06 20:08:00',51,'2016-05-06 20:08:00','0000-00-00 00:00:00'),(205,58,19,'2016-05-06 20:08:00','Appointment Cancel','Encounter # 163','Appointment Cancelled. <br />Consultant : <b>Dr. John</b>','127.0.0.1','1',51,'2016-05-06 20:08:00',51,'2016-05-06 20:08:00','0000-00-00 00:00:00'),(206,58,21,'2016-05-07 13:11:16','Appointment Cancel','Encounter # 159','Appointment Cancelled. <br />Consultant : <b>Dr. John</b>','127.0.0.1','1',51,'2016-05-07 13:11:16',51,'2016-05-07 13:11:16','0000-00-00 00:00:00'),(207,58,25,'2016-05-07 13:11:16','Appointment Cancel','Encounter # 168','Appointment Cancelled. <br />Consultant : <b>Dr. John</b>','127.0.0.1','1',51,'2016-05-07 13:11:17',51,'2016-05-07 13:11:17','0000-00-00 00:00:00'),(208,58,34,'2016-05-07 15:33:34','Appointment Cancel','Encounter # 156','Appointment Cancelled. <br />Consultant : <b>Dr. John</b>','127.0.0.1','1',51,'2016-05-07 15:33:35',51,'2016-05-07 15:33:35','0000-00-00 00:00:00'),(209,58,34,'2016-05-07 15:33:39','Patient Admission','Encounter # 169','Patient Admitted. <br /> Bed No: <b>909 (ac)</b>','127.0.0.1','1',51,'2016-05-07 15:34:16',51,'2016-05-07 15:34:16','0000-00-00 00:00:00'),(210,58,34,'2016-05-07 18:00:12','Cancellation','Encounter # 169','Admission Cancelled','127.0.0.1','1',51,'2016-05-07 18:00:12',51,'2016-05-07 18:00:12','0000-00-00 00:00:00'),(211,58,34,'2016-05-07 18:49:02','Admission Cancel','Encounter # 169','Admission Cancelled','127.0.0.1','1',51,'2016-05-07 18:49:03',51,'2016-05-07 18:49:03','0000-00-00 00:00:00'),(212,58,34,'2016-05-07 19:09:55','Clinical Discharge','Encounter # 169','Patient Clinical Discharged. <br /> Bed No: <b>909 (ac)</b>','127.0.0.1','1',51,'2016-05-07 19:09:57',51,'2016-05-07 19:09:57','0000-00-00 00:00:00'),(213,58,34,'2016-05-07 19:10:18','Bill Finalize','Encounter # 169','Bill Finalized By Dr. Vikhram','127.0.0.1','1',51,'2016-05-07 19:10:18',51,'2016-05-07 19:10:18','0000-00-00 00:00:00'),(214,58,34,'2016-05-07 19:15:28','Bill Un Finalize','Encounter # 169','Bill Un Finalized By Dr. Vikhram','127.0.0.1','1',51,'2016-05-07 19:15:28',51,'2016-05-07 19:15:28','0000-00-00 00:00:00'),(215,58,34,'2016-05-07 19:18:01','Admission Cancel','Encounter # 169','Admission Cancelled','127.0.0.1','1',51,'2016-05-07 19:18:02',51,'2016-05-07 19:18:02','0000-00-00 00:00:00'),(216,58,23,'2016-05-09 11:03:56','Appointment Cancel','Encounter # 161','Appointment Cancelled. <br />Consultant : <b>Dr. John</b>','127.0.0.1','1',51,'2016-05-09 11:03:56',51,'2016-05-09 11:03:56','0000-00-00 00:00:00'),(217,58,39,'2016-05-20 11:35:00','Consultation','','Consultant : <b>Dr. John</b>','127.0.0.1','1',51,'2016-05-09 11:08:58',51,'2016-05-09 11:08:58','0000-00-00 00:00:00'),(218,58,39,'2016-05-09 12:15:14','Admission Cancel','Encounter # 151','Admission Cancelled','127.0.0.1','1',51,'2016-05-09 12:15:15',51,'2016-05-09 12:15:15','0000-00-00 00:00:00'),(219,58,34,'2016-05-09 12:30:00','Appoinment Booked','Encounter # 170','Appoinment Booked. <br />Consultant : <b>Dr. John</b>','127.0.0.1','1',51,'2016-05-09 12:28:14',51,'2016-05-09 12:28:14','0000-00-00 00:00:00'),(220,58,27,'2016-05-09 12:29:49','Procedure','','Test <br /> Procedure : <b>Aversion</b>','127.0.0.1','1',51,'2016-05-09 12:29:57',51,'2016-05-09 12:29:57','0000-00-00 00:00:00'),(221,58,27,'2016-05-09 12:29:49','Consultation','','Consulted for Procedure (Aversion) <br /> Consultant : <b>Dr. John</b>','127.0.0.1','1',51,'2016-05-09 12:29:57',51,'2016-05-09 12:29:57','0000-00-00 00:00:00'),(222,58,34,'2016-05-09 13:45:40','Appointment Cancel','Encounter # 170','Appointment Cancelled. <br />Consultant : <b>Dr. John</b>','127.0.0.1','1',51,'2016-05-09 13:45:41',51,'2016-05-09 13:45:41','0000-00-00 00:00:00'),(223,58,34,'2016-05-09 10:00:00','Appoinment Booked','Encounter # 171','Appoinment Booked. <br />Consultant : <b>Dr. John</b>','127.0.0.1','1',51,'2016-05-09 13:47:58',51,'2016-05-09 13:47:58','0000-00-00 00:00:00'),(224,58,39,'2016-05-09 18:58:54','Patient Admission','Encounter # 172','Patient Admitted. <br /> Bed No: <b>112 (Non AC)</b>','127.0.0.1','1',51,'2016-05-09 18:59:08',51,'2016-05-09 18:59:08','0000-00-00 00:00:00'),(225,58,39,'2016-05-13 11:08:07','Procedure','','aasdsda <br /> Procedure : <b>Aversion</b>','127.0.0.1','1',51,'2016-05-13 11:08:14',51,'2016-05-13 11:08:14','0000-00-00 00:00:00'),(226,58,39,'2016-05-13 11:08:07','Consultation','','Consulted for Procedure (Aversion) <br /> Consultant : <b>Dr. Surya</b>','127.0.0.1','1',51,'2016-05-13 11:08:14',51,'2016-05-13 11:08:14','0000-00-00 00:00:00'),(227,58,39,'2016-05-13 11:08:21','Procedure','','aaaa <br /> Procedure : <b>stomach wash</b>','127.0.0.1','1',51,'2016-05-13 11:08:28',51,'2016-05-13 11:08:28','0000-00-00 00:00:00'),(228,58,39,'2016-05-13 11:08:21','Consultation','','Consulted for Procedure (stomach wash) <br /> Consultant : <b>Mrs. Jo</b>','127.0.0.1','1',51,'2016-05-13 11:08:28',51,'2016-05-13 11:08:28','0000-00-00 00:00:00'),(229,58,39,'2016-05-13 11:18:21','Clinical Discharge','Encounter # 172','Patient Clinical Discharged. <br /> Bed No: <b>112 (Non AC)</b>','127.0.0.1','1',51,'2016-05-13 11:18:23',51,'2016-05-13 11:18:23','0000-00-00 00:00:00'),(230,58,39,'2016-05-13 11:42:48','Bill Finalize','Encounter # 172','Bill Finalized By Dr. Vikhram','127.0.0.1','1',51,'2016-05-13 11:42:48',51,'2016-05-13 11:42:48','0000-00-00 00:00:00'),(231,58,39,'2016-05-13 11:46:01','Bill Authorize','Encounter # 172','Bill Authorize By Dr. Vikhram','127.0.0.1','1',51,'2016-05-13 11:46:01',51,'2016-05-13 11:46:01','0000-00-00 00:00:00'),(232,58,39,'2016-05-13 11:46:15','Bill Un Authorize','Encounter # 172','Bill Un Authorize By Dr. Vikhram','127.0.0.1','1',51,'2016-05-13 11:46:15',51,'2016-05-13 11:46:15','0000-00-00 00:00:00'),(233,58,39,'2016-05-13 11:46:30','Bill Un Finalize','Encounter # 172','Bill Un Finalized By Dr. Vikhram','127.0.0.1','1',51,'2016-05-13 11:46:30',51,'2016-05-13 11:46:30','0000-00-00 00:00:00'),(234,58,39,'2016-05-17 12:44:51','Procedure','','Procedure : <b>Aversion</b>','127.0.0.1','1',51,'2016-05-17 12:45:09',51,'2016-05-17 12:45:09','0000-00-00 00:00:00'),(235,58,39,'2016-05-17 12:44:51','Consultation','','Consulted for Procedure (Aversion) <br /> Consultant : <b>Mrs. Jo</b>','127.0.0.1','1',51,'2016-05-17 12:45:10',51,'2016-05-17 12:45:10','0000-00-00 00:00:00'),(236,58,39,'2016-05-17 12:44:51','Consultation','','Consulted for Procedure (Aversion) <br /> Consultant : <b>Dr. Surya</b>','127.0.0.1','1',51,'2016-05-17 12:45:10',51,'2016-05-17 12:45:10','0000-00-00 00:00:00'),(237,58,22,'2016-05-18 11:20:00','Appoinment Booked','Encounter # 173','Appoinment Booked. <br />Consultant : <b>Dr. John</b>','127.0.0.1','1',51,'2016-05-18 14:04:40',51,'2016-05-18 14:04:40','0000-00-00 00:00:00'),(238,58,43,'2016-05-19 16:19:53','Patient Registration','','Mr. New Registered Successfully.','127.0.0.1','1',51,'2016-05-19 16:19:54',51,'2016-05-19 16:19:54','0000-00-00 00:00:00'),(239,58,23,'2016-05-20 10:35:56','Casesheet No.','','Casesheet No.: 8515111 Added.','127.0.0.1','1',51,'2016-05-20 10:35:56',51,'2016-05-20 10:35:56','0000-00-00 00:00:00'),(240,58,23,'2016-05-20 10:00:00','Appoinment Booked','Encounter # 174','Appoinment Booked. <br />Consultant : <b>Dr. John</b>','127.0.0.1','1',51,'2016-05-20 10:35:56',51,'2016-05-20 10:35:56','0000-00-00 00:00:00'),(241,58,23,'2016-05-20 10:36:06','Patient Arrived','Encounter # 174','Patient Arrived. <br />Consultant : <b>Dr. John</b>','127.0.0.1','1',51,'2016-05-20 10:36:08',51,'2016-05-20 10:36:08','0000-00-00 00:00:00'),(242,58,23,'2016-05-20 10:36:17','Doctor Seen','Encounter # 174','Seen by Consultant. <br />Consultant : <b>Dr. John</b>','127.0.0.1','1',51,'2016-05-20 10:36:22',51,'2016-05-20 10:36:22','0000-00-00 00:00:00'),(243,58,23,'2016-05-20 10:15:00','Appoinment Booked','Encounter # 175','Appoinment Booked. <br />Consultant : <b>Dr. John</b>','127.0.0.1','1',51,'2016-05-20 10:36:51',51,'2016-05-20 10:36:51','0000-00-00 00:00:00'),(244,58,23,'2016-05-20 10:15:00','Patient Arrived','Encounter # 175','Patient Arrived. <br />Consultant : <b>Dr. John</b>','127.0.0.1','1',51,'2016-05-20 10:37:25',51,'2016-05-20 10:37:25','0000-00-00 00:00:00'),(245,58,23,'2016-05-20 10:37:29','Doctor Seen','Encounter # 175','Seen by Consultant. <br />Consultant : <b>Dr. John</b>','127.0.0.1','1',51,'2016-05-20 10:37:32',51,'2016-05-20 10:37:32','0000-00-00 00:00:00'),(246,58,23,'2016-05-20 10:58:23','Casesheet No.','','Casesheet No.: 85511 Added.','127.0.0.1','1',51,'2016-05-20 10:58:23',51,'2016-05-20 10:58:23','0000-00-00 00:00:00'),(247,58,23,'2016-05-20 10:05:00','Appoinment Booked','Encounter # 176','Appoinment Booked. <br />Consultant : <b>Dr. John</b>','127.0.0.1','1',51,'2016-05-20 10:58:23',51,'2016-05-20 10:58:23','0000-00-00 00:00:00'),(248,58,23,'2016-05-20 10:58:34','Appointment Cancel','Encounter # 176','Appointment Cancelled. <br />Consultant : <b>Dr. John</b>','127.0.0.1','1',51,'2016-05-20 10:58:34',51,'2016-05-20 10:58:34','0000-00-00 00:00:00'),(249,58,23,'2016-05-20 11:25:00','Appoinment Booked','Encounter # 177','Appoinment Booked. <br />Consultant : <b>Dr. John</b>','127.0.0.1','1',51,'2016-05-20 10:58:57',51,'2016-05-20 10:58:57','0000-00-00 00:00:00'),(250,58,23,'2016-05-20 11:01:12','Appointment Cancel','Encounter # 177','Appointment Cancelled. <br />Consultant : <b>Dr. John</b>','127.0.0.1','1',51,'2016-05-20 11:01:13',51,'2016-05-20 11:01:13','0000-00-00 00:00:00'),(251,58,23,'2016-05-20 11:07:19','Casesheet No.','','Casesheet No.: 588 Added.','127.0.0.1','1',51,'2016-05-20 11:07:19',51,'2016-05-20 11:07:19','0000-00-00 00:00:00'),(252,58,23,'2016-05-20 11:06:14','Patient Admission','Encounter # 178','Patient Admitted. <br /> Bed No: <b>899 (Deluxe)</b>','127.0.0.1','1',51,'2016-05-20 11:07:20',51,'2016-05-20 11:07:20','0000-00-00 00:00:00'),(253,58,23,'2016-05-20 11:07:42','Clinical Discharge','Encounter # 178','Patient Clinical Discharged. <br /> Bed No: <b>899 (Deluxe)</b>','127.0.0.1','1',51,'2016-05-20 11:07:48',51,'2016-05-20 11:07:48','0000-00-00 00:00:00'),(254,58,23,'2016-05-20 11:08:13','Bill Finalize','Encounter # 178','Bill Finalized By Dr. Vikhram','127.0.0.1','1',51,'2016-05-20 11:08:13',51,'2016-05-20 11:08:13','0000-00-00 00:00:00'),(255,58,23,'2016-05-20 11:08:21','Bill Authorize','Encounter # 178','Bill Authorize By Dr. Vikhram','127.0.0.1','1',51,'2016-05-20 11:08:21',51,'2016-05-20 11:08:21','0000-00-00 00:00:00'),(256,58,23,'2016-05-20 11:08:31','Administrative Discharge','Encounter # 178','Patient Administrative Discharged. <br /> Bed No: <b>899 (Deluxe)</b>','127.0.0.1','1',51,'2016-05-20 11:08:31',51,'2016-05-20 11:08:31','0000-00-00 00:00:00'),(257,58,23,'2016-05-20 11:08:31','Administrative Discharge','Encounter # 178','Administrative Discharge By Dr. Vikhram','127.0.0.1','1',51,'2016-05-20 11:08:31',51,'2016-05-20 11:08:31','0000-00-00 00:00:00'),(258,58,23,'2016-05-20 11:12:39','Patient Admission','Encounter # 179','Patient Admitted. <br /> Bed No: <b>899 (Deluxe)</b>','127.0.0.1','1',51,'2016-05-20 11:12:48',51,'2016-05-20 11:12:48','0000-00-00 00:00:00'),(259,58,23,'2016-05-20 11:12:56','Clinical Discharge','Encounter # 179','Patient Clinical Discharged. <br /> Bed No: <b>899 (Deluxe)</b>','127.0.0.1','1',51,'2016-05-20 11:12:58',51,'2016-05-20 11:12:58','0000-00-00 00:00:00'),(260,58,23,'2016-05-20 11:13:13','Bill Finalize','Encounter # 179','Bill Finalized By Dr. Vikhram','127.0.0.1','1',51,'2016-05-20 11:13:13',51,'2016-05-20 11:13:13','0000-00-00 00:00:00'),(261,58,23,'2016-05-20 11:13:21','Bill Authorize','Encounter # 179','Bill Authorize By Dr. Vikhram','127.0.0.1','1',51,'2016-05-20 11:13:21',51,'2016-05-20 11:13:21','0000-00-00 00:00:00'),(262,58,23,'2016-05-20 11:13:29','Administrative Discharge','Encounter # 179','Patient Administrative Discharged. <br /> Bed No: <b>899 (Deluxe)</b>','127.0.0.1','1',51,'2016-05-20 11:13:29',51,'2016-05-20 11:13:29','0000-00-00 00:00:00'),(263,58,23,'2016-05-20 11:13:29','Administrative Discharge','Encounter # 179','Administrative Discharge By Dr. Vikhram','127.0.0.1','1',51,'2016-05-20 11:13:29',51,'2016-05-20 11:13:29','0000-00-00 00:00:00'),(264,58,27,'2016-05-20 13:10:19','Bill Finalize','Encounter # 145','Bill Finalized By Dr. Vikhram','127.0.0.1','1',51,'2016-05-20 13:10:19',51,'2016-05-20 13:10:19','0000-00-00 00:00:00'),(265,58,27,'2016-05-20 13:11:14','Bill Un Finalize','Encounter # 145','Bill Un Finalized By Dr. Vikhram','127.0.0.1','1',51,'2016-05-20 13:11:14',51,'2016-05-20 13:11:14','0000-00-00 00:00:00'),(266,58,27,'2016-05-20 13:12:00','Bill Finalize','Encounter # 145','Bill Finalized By Dr. Vikhram','127.0.0.1','1',51,'2016-05-20 13:12:00',51,'2016-05-20 13:12:00','0000-00-00 00:00:00'),(267,58,27,'2016-05-20 13:14:08','Bill Un Finalize','Encounter # 145','Bill Un Finalized By Dr. Vikhram','127.0.0.1','1',51,'2016-05-20 13:14:08',51,'2016-05-20 13:14:08','0000-00-00 00:00:00'),(268,58,27,'2016-05-20 13:14:22','Bill Finalize','Encounter # 145','Bill Finalized By Dr. Vikhram','127.0.0.1','1',51,'2016-05-20 13:14:22',51,'2016-05-20 13:14:22','0000-00-00 00:00:00'),(269,58,27,'2016-05-20 13:14:39','Bill Authorize','Encounter # 145','Bill Authorize By Dr. Vikhram','127.0.0.1','1',51,'2016-05-20 13:14:39',51,'2016-05-20 13:14:39','0000-00-00 00:00:00'),(270,58,27,'2016-05-20 13:14:47','Administrative Discharge','Encounter # 145','Patient Administrative Discharged. <br /> Bed No: <b>2112 (Non AC)</b>','127.0.0.1','1',51,'2016-05-20 13:14:47',51,'2016-05-20 13:14:47','0000-00-00 00:00:00'),(271,58,27,'2016-05-20 13:14:47','Administrative Discharge','Encounter # 145','Administrative Discharge By Dr. Vikhram','127.0.0.1','1',51,'2016-05-20 13:14:47',51,'2016-05-20 13:14:47','0000-00-00 00:00:00'),(272,58,27,'2016-05-20 13:36:12','Patient Admission','Encounter # 180','Patient Admitted. <br /> Bed No: <b>2112 (ac)</b>','127.0.0.1','1',51,'2016-05-20 13:37:03',51,'2016-05-20 13:37:03','0000-00-00 00:00:00'),(273,58,27,'2016-05-18 09:45:00','Patient Admission','Encounter # 180','Patient Admission Modified. <br /> Bed No: <b>2112 (ac)</b>','127.0.0.1','1',51,'2016-05-20 15:38:59',51,'2016-05-20 15:38:59','0000-00-00 00:00:00'),(274,58,27,'2016-05-18 00:25:00','Patient Admission','Encounter # 180','Patient Admission Modified. <br /> Bed No: <b>2112 (ac)</b>','127.0.0.1','1',51,'2016-05-20 15:39:40',51,'2016-05-20 15:39:40','0000-00-00 00:00:00'),(275,58,27,'2016-05-18 00:25:00','Patient Admission','Encounter # 180','Patient Admission Modified. <br /> Bed No: <b>2112 (ac)</b>','127.0.0.1','1',51,'2016-05-20 15:41:04',51,'2016-05-20 15:41:04','0000-00-00 00:00:00'),(276,58,27,'2016-05-18 00:25:00','Patient Admission','Encounter # 180','Patient Admission Modified. <br /> Bed No: <b>2112 (ac)</b>','127.0.0.1','1',51,'2016-05-20 15:41:17',51,'2016-05-20 15:41:17','0000-00-00 00:00:00'),(277,58,27,'2016-05-18 00:25:00','Patient Admission','Encounter # 180','Patient Admission Modified. <br /> Bed No: <b>2112 (ac)</b>','127.0.0.1','1',51,'2016-05-20 15:42:56',51,'2016-05-20 15:42:56','0000-00-00 00:00:00'),(278,58,27,'2016-05-20 15:46:09','Doctor Transfer','Encounter # 180','Patient\'s Doctor Transfered. <br />Consultant Incharge: Dr. Surya','127.0.0.1','1',51,'2016-05-20 15:46:19',51,'2016-05-20 15:46:19','0000-00-00 00:00:00'),(279,58,27,'2016-05-20 15:46:28','Cancellation','Encounter # 180','Transfer (Doctor) Cancelled','127.0.0.1','1',51,'2016-05-20 15:46:28',51,'2016-05-20 15:46:28','0000-00-00 00:00:00'),(280,58,27,'2016-05-20 15:48:09','Doctor Transfer','Encounter # 180','Patient\'s Doctor Transfered. <br />Consultant Incharge: Mrs. Jo','127.0.0.1','1',51,'2016-05-20 15:48:13',51,'2016-05-20 15:48:13','0000-00-00 00:00:00'),(281,58,27,'2016-05-20 15:48:20','Cancellation','Encounter # 180','Transfer (Doctor) Cancelled','127.0.0.1','1',51,'2016-05-20 15:48:21',51,'2016-05-20 15:48:21','0000-00-00 00:00:00'),(282,58,27,'2016-05-20 15:53:49','Doctor Transfer','Encounter # 180','Patient\'s Doctor Transfered. <br />Consultant Incharge: Mrs. Jo','127.0.0.1','1',51,'2016-05-20 15:53:56',51,'2016-05-20 15:53:56','0000-00-00 00:00:00'),(283,58,27,'2016-05-20 15:54:11','Cancellation','Encounter # 180','Transfer (Doctor) Cancelled','127.0.0.1','1',51,'2016-05-20 15:54:11',51,'2016-05-20 15:54:11','0000-00-00 00:00:00'),(284,58,27,'2016-05-20 13:36:12','Patient Admission','Encounter # 180','Patient Admission Modified. <br /> Bed No: <b>899 (Deluxe)</b>','127.0.0.1','1',51,'2016-05-20 16:01:28',51,'2016-05-20 16:01:28','0000-00-00 00:00:00'),(285,58,27,'2016-05-17 09:25:00','Patient Admission','Encounter # 180','Patient Admission Modified. <br /> Bed No: <b>899 (Deluxe)</b>','127.0.0.1','1',51,'2016-05-20 16:02:04',51,'2016-05-20 16:02:04','0000-00-00 00:00:00'),(286,58,27,'2016-05-20 13:36:12','Patient Admission','Encounter # 180','Patient Admission Modified. <br /> Bed No: <b>899 (Deluxe)</b>','127.0.0.1','1',51,'2016-05-20 16:03:34',51,'2016-05-20 16:03:34','0000-00-00 00:00:00'),(287,58,27,'2016-05-18 01:05:00','Patient Admission','Encounter # 180','Patient Admission Modified. <br /> Bed No: <b>899 (Deluxe)</b>','127.0.0.1','1',51,'2016-05-20 16:21:35',51,'2016-05-20 16:21:35','0000-00-00 00:00:00'),(288,58,27,'2016-05-18 01:05:00','Patient Admission','Encounter # 180','Patient Admission Modified. <br /> Bed No: <b>2112 (ac)</b>','127.0.0.1','1',51,'2016-05-20 16:22:30',51,'2016-05-20 16:22:30','0000-00-00 00:00:00'),(289,58,27,'2016-05-20 16:26:22','Doctor Transfer','Encounter # 180','Patient\'s Doctor Transfered. <br />Consultant Incharge: Mrs. Jo','127.0.0.1','1',51,'2016-05-20 16:26:27',51,'2016-05-20 16:26:27','0000-00-00 00:00:00'),(290,58,27,'2016-05-20 16:40:05','Cancellation','Encounter # 180','Transfer (Doctor) Cancelled','127.0.0.1','1',51,'2016-05-20 16:40:06',51,'2016-05-20 16:40:06','0000-00-00 00:00:00'),(291,58,27,'2016-05-20 16:40:51','Admission Cancel','Encounter # 180','Admission Cancelled','127.0.0.1','1',51,'2016-05-20 16:40:51',51,'2016-05-20 16:40:51','0000-00-00 00:00:00'),(292,58,27,'2016-05-20 16:40:53','Patient Admission','Encounter # 181','Patient Admitted. <br /> Bed No: <b>899 (ac)</b>','127.0.0.1','1',51,'2016-05-20 16:41:03',51,'2016-05-20 16:41:03','0000-00-00 00:00:00'),(293,58,27,'2016-05-10 01:45:00','Patient Admission','Encounter # 181','Patient Admission Modified. <br /> Bed No: <b>899 (ac)</b>','127.0.0.1','1',51,'2016-05-20 16:43:24',51,'2016-05-20 16:43:24','0000-00-00 00:00:00'),(294,58,27,'2016-05-10 01:45:00','Patient Admission','Encounter # 181','Patient Admission Modified. <br /> Bed No: <b>4444 (Non AC)</b>','127.0.0.1','1',51,'2016-05-20 16:44:34',51,'2016-05-20 16:44:34','0000-00-00 00:00:00'),(295,58,27,'2016-05-20 16:47:07','Doctor Transfer','Encounter # 181','Patient\'s Doctor Transfered. <br />Consultant Incharge: Dr. Surya','127.0.0.1','1',51,'2016-05-20 16:47:15',51,'2016-05-20 16:47:15','0000-00-00 00:00:00'),(296,58,27,'2016-05-20 16:47:40','Cancellation','Encounter # 181','Transfer (Doctor) Cancelled','127.0.0.1','1',51,'2016-05-20 16:47:41',51,'2016-05-20 16:47:41','0000-00-00 00:00:00'),(297,58,25,'2016-05-21 10:00:00','Appoinment Booked','Encounter # 182','Appoinment Booked. <br />Consultant : <b>Dr. John</b>','127.0.0.1','1',51,'2016-05-21 16:19:48',51,'2016-05-21 16:19:48','0000-00-00 00:00:00'),(298,58,39,'2016-05-24 14:06:51','Casesheet No.','','Casesheet No.: 154441 Added.','127.0.0.1','1',51,'2016-05-24 14:06:51',51,'2016-05-24 14:06:51','0000-00-00 00:00:00'),(299,58,39,'2016-05-24 14:06:38','Patient Admission','Encounter # 183','Patient Admitted. <br /> Bed No: <b>899 (ac)</b>','127.0.0.1','1',51,'2016-05-24 14:06:51',51,'2016-05-24 14:06:51','0000-00-00 00:00:00'),(300,58,39,'2016-05-24 10:50:00','Consultation','','Consultant : <b>Mrs. Jo</b>','127.0.0.1','1',51,'2016-05-24 14:08:03',51,'2016-05-24 14:08:03','0000-00-00 00:00:00'),(301,58,39,'2016-05-24 14:08:39','Procedure','','Procedure : <b>Aversion</b>','127.0.0.1','1',51,'2016-05-24 14:08:48',51,'2016-05-24 14:08:48','0000-00-00 00:00:00'),(302,58,39,'2016-05-24 14:08:39','Consultation','','Consulted for Procedure (Aversion) <br /> Consultant : <b>Mrs. Jo</b>','127.0.0.1','1',51,'2016-05-24 14:08:48',51,'2016-05-24 14:08:48','0000-00-00 00:00:00'),(303,58,39,'2016-05-24 14:25:00','Consultation','','eerrr <br /> Consultant : <b>Dr. John</b>','127.0.0.1','1',51,'2016-05-24 15:23:43',51,'2016-05-24 15:23:43','0000-00-00 00:00:00'),(304,58,39,'2016-05-24 15:24:16','Procedure','','aaa <br /> Procedure : <b>Aversion</b>','127.0.0.1','1',51,'2016-05-24 15:24:26',51,'2016-05-24 15:24:26','0000-00-00 00:00:00'),(305,58,39,'2016-05-24 15:24:16','Consultation','','Consulted for Procedure (Aversion) <br /> Consultant : <b>Mrs. Jo</b>','127.0.0.1','1',51,'2016-05-24 15:24:26',51,'2016-05-24 15:24:26','0000-00-00 00:00:00'),(306,58,23,'2016-05-25 10:55:00','Appoinment Booked','Encounter # 184','Appoinment Booked. <br />Consultant : <b>Dr. John</b>','127.0.0.1','1',51,'2016-05-25 11:47:19',51,'2016-05-25 11:47:19','0000-00-00 00:00:00'),(307,58,23,'2016-05-25 22:55:00','Patient Arrived','Encounter # 184','Patient Arrived. <br />Consultant : <b>Dr. John</b>','127.0.0.1','1',51,'2016-05-25 11:59:07',51,'2016-05-25 11:59:07','0000-00-00 00:00:00'),(308,58,23,'2016-05-25 12:19:14','Procedure','','asds asdasdasdasds asdasdasdasds asdasdasdasds asdasdasdasds asdasdasdasds asdasdasdasds asdasdasdasds asdasdasdasds asdasdasdasds asdasdasdasds asdasdasdasds asdasdasdasds asdasdasdasds asdasdasdasds asdasdasdasds asdasdasd <br /> Procedure : <b>Aversion','127.0.0.1','1',51,'2016-05-25 12:19:27',51,'2016-05-25 12:19:27','0000-00-00 00:00:00'),(309,58,23,'2016-05-25 12:19:14','Consultation','','Consulted for Procedure (Aversion) <br /> Consultant : <b>Dr. John</b>','127.0.0.1','1',51,'2016-05-25 12:19:27',51,'2016-05-25 12:19:27','0000-00-00 00:00:00'),(310,58,23,'2016-02-17 00:15:03','Patient Update','','Patient Details Updated Successfully.','127.0.0.1','1',51,'2016-05-25 15:35:42',51,'2016-05-25 15:35:42','0000-00-00 00:00:00'),(311,58,23,'2016-02-17 00:15:03','Patient Update','','Patient Details Updated Successfully.','127.0.0.1','1',51,'2016-05-25 15:44:09',51,'2016-05-25 15:44:09','0000-00-00 00:00:00'),(312,58,23,'2016-02-17 00:15:03','Patient Update','','Patient Details Updated Successfully.','127.0.0.1','1',51,'2016-05-25 15:44:57',51,'2016-05-25 15:44:57','0000-00-00 00:00:00'),(313,58,23,'2016-02-17 00:15:03','Patient Update','','Patient Details Updated Successfully.','127.0.0.1','1',51,'2016-05-25 15:46:32',51,'2016-05-25 15:46:32','0000-00-00 00:00:00'),(314,58,23,'2016-02-17 00:15:03','Patient Update','','Patient Details Updated Successfully.','127.0.0.1','1',51,'2016-05-25 15:59:59',51,'2016-05-25 15:59:59','0000-00-00 00:00:00'),(315,58,23,'2016-02-17 00:15:03','Patient Update','','Patient Details Updated Successfully.','127.0.0.1','1',51,'2016-05-25 16:01:47',51,'2016-05-25 16:01:47','0000-00-00 00:00:00'),(316,58,23,'2016-02-17 00:15:03','Patient Update','','Patient Details Updated Successfully.','127.0.0.1','1',51,'2016-05-25 16:08:12',51,'2016-05-25 16:08:12','0000-00-00 00:00:00'),(317,58,23,'2016-02-17 00:15:03','Patient Update','','Patient Details Updated Successfully.','127.0.0.1','1',51,'2016-05-25 16:08:37',51,'2016-05-25 16:08:37','0000-00-00 00:00:00'),(318,58,23,'2016-02-17 00:15:03','Patient Update','','Patient Details Updated Successfully.','127.0.0.1','1',51,'2016-05-25 16:13:15',51,'2016-05-25 16:13:15','0000-00-00 00:00:00'),(319,58,23,'2016-02-17 00:15:03','Patient Update','','Patient Details Updated Successfully.','127.0.0.1','1',51,'2016-05-25 16:20:20',51,'2016-05-25 16:20:20','0000-00-00 00:00:00'),(320,58,23,'2016-02-17 00:15:03','Patient Update','','Patient Details Updated Successfully.','127.0.0.1','1',51,'2016-05-25 16:24:23',51,'2016-05-25 16:24:23','0000-00-00 00:00:00'),(321,58,23,'2016-02-17 00:15:03','Patient Update','','Patient Details Updated Successfully.','127.0.0.1','1',51,'2016-05-25 16:26:21',51,'2016-05-25 16:26:21','0000-00-00 00:00:00'),(322,58,23,'2016-02-17 00:15:03','Patient Update','','Patient Details Updated Successfully.','127.0.0.1','1',51,'2016-05-25 16:29:34',51,'2016-05-25 16:29:34','0000-00-00 00:00:00'),(323,58,23,'2016-02-17 00:15:03','Patient Update','','Patient Details Updated Successfully.','127.0.0.1','1',51,'2016-05-25 16:42:37',51,'2016-05-25 16:42:37','0000-00-00 00:00:00'),(324,58,23,'2016-02-17 00:15:03','Patient Update','','Patient Details Updated Successfully.','127.0.0.1','1',51,'2016-05-25 16:48:41',51,'2016-05-25 16:48:41','0000-00-00 00:00:00'),(325,58,23,'2016-02-17 00:15:03','Patient Update','','Patient Details Updated Successfully.','127.0.0.1','1',51,'2016-05-25 17:02:48',51,'2016-05-25 17:02:48','0000-00-00 00:00:00'),(326,58,23,'2016-02-17 00:15:03','Patient Update','','Patient Details Updated Successfully.','127.0.0.1','1',51,'2016-05-25 17:07:46',51,'2016-05-25 17:07:46','0000-00-00 00:00:00'),(327,58,23,'2016-02-17 00:15:03','Patient Update','','Patient Details Updated Successfully.','127.0.0.1','1',51,'2016-05-25 17:08:19',51,'2016-05-25 17:08:19','0000-00-00 00:00:00'),(328,58,23,'2016-02-17 00:15:03','Patient Update','','Patient Details Updated Successfully.','127.0.0.1','1',51,'2016-05-25 17:11:35',51,'2016-05-25 17:11:35','0000-00-00 00:00:00'),(329,58,23,'2016-02-17 00:15:03','Patient Update','','Patient Details Updated Successfully.','127.0.0.1','1',51,'2016-05-25 17:15:14',51,'2016-05-25 17:15:14','0000-00-00 00:00:00'),(330,58,23,'2016-02-17 00:15:03','Patient Update','','Patient Details Updated Successfully.','127.0.0.1','1',51,'2016-05-25 17:16:56',51,'2016-05-25 17:16:56','0000-00-00 00:00:00'),(331,58,23,'2016-02-17 00:15:03','Patient Update','','Patient Details Updated Successfully.','127.0.0.1','1',51,'2016-05-25 17:17:29',51,'2016-05-25 17:17:29','0000-00-00 00:00:00'),(332,58,23,'2016-02-17 00:15:03','Patient Update','','Patient Details Updated Successfully.','127.0.0.1','1',51,'2016-05-25 17:37:39',51,'2016-05-25 17:37:39','0000-00-00 00:00:00'),(333,58,23,'2016-02-17 00:15:03','Patient Update','','Patient Details Updated Successfully.','127.0.0.1','1',51,'2016-05-25 17:40:36',51,'2016-05-25 17:40:36','0000-00-00 00:00:00'),(334,58,23,'2016-02-17 00:15:03','Patient Update','','Patient Details Updated Successfully.','127.0.0.1','1',51,'2016-05-25 17:41:06',51,'2016-05-25 17:41:06','0000-00-00 00:00:00'),(335,58,23,'2016-02-17 00:15:03','Patient Update','','Patient Details Updated Successfully.','127.0.0.1','1',51,'2016-05-25 17:45:34',51,'2016-05-25 17:45:34','0000-00-00 00:00:00'),(336,58,23,'2016-02-17 00:15:03','Patient Update','','Patient Details Updated Successfully.','127.0.0.1','1',51,'2016-05-25 17:46:18',51,'2016-05-25 17:46:18','0000-00-00 00:00:00'),(337,58,23,'2016-02-17 00:15:03','Patient Update','','Patient Details Updated Successfully.','127.0.0.1','1',51,'2016-05-25 17:53:03',51,'2016-05-25 17:53:03','0000-00-00 00:00:00'),(338,58,23,'2016-02-17 00:15:03','Patient Update','','Patient Details Updated Successfully.','127.0.0.1','1',51,'2016-05-25 17:54:59',51,'2016-05-25 17:54:59','0000-00-00 00:00:00'),(339,58,23,'2016-02-17 00:15:03','Patient Update','','Patient Details Updated Successfully.','127.0.0.1','1',51,'2016-05-25 17:57:19',51,'2016-05-25 17:57:19','0000-00-00 00:00:00'),(340,58,23,'2016-02-17 00:15:03','Patient Update','','Patient Details Updated Successfully.','127.0.0.1','1',51,'2016-05-25 18:01:09',51,'2016-05-25 18:01:09','0000-00-00 00:00:00'),(341,58,23,'2016-02-17 00:15:03','Patient Update','','Patient Details Updated Successfully.','127.0.0.1','1',51,'2016-05-25 18:02:14',51,'2016-05-25 18:02:14','0000-00-00 00:00:00'),(342,58,23,'2016-02-17 00:15:03','Patient Update','','Patient Details Updated Successfully.','127.0.0.1','1',51,'2016-05-25 18:03:58',51,'2016-05-25 18:03:58','0000-00-00 00:00:00'),(343,58,34,'2016-02-19 07:18:51','Patient Update','','Patient Details Updated Successfully.','127.0.0.1','1',51,'2016-05-25 18:17:16',51,'2016-05-25 18:17:16','0000-00-00 00:00:00'),(344,58,34,'2016-02-19 07:18:51','Patient Update','','Patient Details Updated Successfully.','127.0.0.1','1',51,'2016-05-25 18:19:30',51,'2016-05-25 18:19:30','0000-00-00 00:00:00'),(345,58,34,'2016-02-19 07:18:51','Patient Update','','Patient Details Updated Successfully.','127.0.0.1','1',51,'2016-05-25 18:26:40',51,'2016-05-25 18:26:40','0000-00-00 00:00:00'),(346,58,34,'2016-02-19 07:18:51','Patient Update','','Patient Details Updated Successfully.','127.0.0.1','1',51,'2016-05-25 19:02:15',51,'2016-05-25 19:02:15','0000-00-00 00:00:00'),(347,58,39,'2016-03-02 11:06:36','Patient Update','','Patient Details Updated Successfully.','127.0.0.1','1',51,'2016-05-28 10:10:56',51,'2016-05-28 10:10:56','0000-00-00 00:00:00'),(348,58,39,'2016-03-02 11:06:36','Patient Update','','Patient Details Updated Successfully.','127.0.0.1','1',51,'2016-05-28 10:23:35',51,'2016-05-28 10:23:35','0000-00-00 00:00:00');

/*Table structure for table `pat_vitals` */

DROP TABLE IF EXISTS `pat_vitals`;

CREATE TABLE `pat_vitals` (
  `vital_id` int(11) NOT NULL AUTO_INCREMENT,
  `tenant_id` int(11) NOT NULL,
  `encounter_id` int(11) NOT NULL,
  `patient_id` int(11) NOT NULL,
  `vital_time` datetime NOT NULL,
  `temperature` varchar(20) DEFAULT NULL,
  `blood_pressure` varchar(20) DEFAULT NULL,
  `pulse_rate` varchar(20) DEFAULT NULL,
  `weight` varchar(10) DEFAULT NULL,
  `status` enum('0','1') DEFAULT '1',
  `created_by` int(11) NOT NULL,
  `created_at` timestamp NOT NULL DEFAULT CURRENT_TIMESTAMP,
  `modified_by` int(11) DEFAULT NULL,
  `modified_at` timestamp NULL DEFAULT NULL,
  `deleted_at` timestamp NULL DEFAULT '0000-00-00 00:00:00',
  PRIMARY KEY (`vital_id`),
  KEY `FK_pat_vitals_tenant` (`tenant_id`),
  KEY `FK_pat_vitals_encounter` (`encounter_id`),
  KEY `FK_pat_vitals_patient` (`patient_id`),
  CONSTRAINT `FK_pat_vitals_encounter` FOREIGN KEY (`encounter_id`) REFERENCES `pat_encounter` (`encounter_id`) ON DELETE CASCADE ON UPDATE CASCADE,
  CONSTRAINT `FK_pat_vitals_patient` FOREIGN KEY (`patient_id`) REFERENCES `pat_patient` (`patient_id`) ON DELETE CASCADE ON UPDATE CASCADE,
  CONSTRAINT `FK_pat_vitals_tenant` FOREIGN KEY (`tenant_id`) REFERENCES `co_tenant` (`tenant_id`) ON DELETE CASCADE ON UPDATE CASCADE
) ENGINE=InnoDB AUTO_INCREMENT=8 DEFAULT CHARSET=latin1;

/*Data for the table `pat_vitals` */

insert  into `pat_vitals`(`vital_id`,`tenant_id`,`encounter_id`,`patient_id`,`vital_time`,`temperature`,`blood_pressure`,`pulse_rate`,`weight`,`status`,`created_by`,`created_at`,`modified_by`,`modified_at`,`deleted_at`) values (1,58,144,21,'2016-04-20 10:00:00','10','120','180','58','1',1,'2016-04-20 11:08:57',NULL,NULL,'0000-00-00 00:00:00'),(2,58,172,39,'2016-05-18 15:29:28','41',NULL,NULL,NULL,'1',51,'2016-05-18 15:29:33',51,'2016-05-18 15:29:33','0000-00-00 00:00:00'),(3,58,172,39,'2016-05-18 17:03:09','45',NULL,NULL,NULL,'1',51,'2016-05-18 17:03:22',51,'2016-05-18 17:03:22','0000-00-00 00:00:00'),(4,58,172,39,'2016-05-18 17:03:34','33',NULL,NULL,NULL,'1',54,'2016-05-18 17:03:38',54,'2016-05-18 17:03:38','0000-00-00 00:00:00'),(5,58,172,39,'2016-05-18 19:53:54','88',NULL,NULL,NULL,'1',54,'2016-05-18 19:55:48',54,'2016-05-18 19:55:48','0000-00-00 00:00:00'),(6,58,172,39,'2016-05-19 12:20:10','78',NULL,NULL,NULL,'1',51,'2016-05-19 12:20:15',51,'2016-05-19 12:20:15','0000-00-00 00:00:00'),(7,58,172,39,'2016-05-20 10:06:52','108',NULL,NULL,NULL,'1',54,'2016-05-20 10:06:56',54,'2016-05-20 10:06:56','0000-00-00 00:00:00');

/*Table structure for table `pat_vitals_users` */

DROP TABLE IF EXISTS `pat_vitals_users`;

CREATE TABLE `pat_vitals_users` (
  `vital_user_id` int(11) NOT NULL AUTO_INCREMENT,
  `tenant_id` int(11) NOT NULL,
  `vital_id` int(11) NOT NULL,
  `user_id` int(11) NOT NULL,
  `patient_id` int(11) NOT NULL,
  `seen` enum('0','1') NOT NULL DEFAULT '0',
  `created_by` int(11) NOT NULL,
  `created_at` timestamp NOT NULL DEFAULT CURRENT_TIMESTAMP,
  `modified_by` int(11) DEFAULT NULL,
  `modified_at` timestamp NULL DEFAULT NULL,
  `deleted_at` timestamp NULL DEFAULT '0000-00-00 00:00:00',
  PRIMARY KEY (`vital_user_id`),
  KEY `FK_pat_vitals_users_user` (`user_id`),
  KEY `FK_pat_vitals_users_vitals` (`vital_id`),
  KEY `FK_pat_vitals_users_tenant` (`tenant_id`),
  CONSTRAINT `FK_pat_vitals_users_tenant` FOREIGN KEY (`tenant_id`) REFERENCES `co_tenant` (`tenant_id`) ON DELETE CASCADE ON UPDATE CASCADE,
  CONSTRAINT `FK_pat_vitals_users_user` FOREIGN KEY (`user_id`) REFERENCES `co_user` (`user_id`) ON DELETE CASCADE ON UPDATE CASCADE,
  CONSTRAINT `FK_pat_vitals_users_vitals` FOREIGN KEY (`vital_id`) REFERENCES `pat_vitals` (`vital_id`) ON DELETE CASCADE ON UPDATE CASCADE
) ENGINE=InnoDB AUTO_INCREMENT=17 DEFAULT CHARSET=latin1;

/*Data for the table `pat_vitals_users` */

insert  into `pat_vitals_users`(`vital_user_id`,`tenant_id`,`vital_id`,`user_id`,`patient_id`,`seen`,`created_by`,`created_at`,`modified_by`,`modified_at`,`deleted_at`) values (11,58,2,54,39,'1',54,'2016-05-19 15:48:07',54,'2016-05-19 15:48:07','0000-00-00 00:00:00'),(12,58,3,54,39,'1',54,'2016-05-19 15:48:08',54,'2016-05-19 15:48:08','0000-00-00 00:00:00'),(13,58,6,54,39,'1',54,'2016-05-19 15:48:08',54,'2016-05-19 15:48:08','0000-00-00 00:00:00'),(14,58,4,51,39,'0',51,'2016-05-28 10:07:39',51,'2016-05-28 10:07:39','0000-00-00 00:00:00'),(15,58,5,51,39,'0',51,'2016-05-28 10:07:39',51,'2016-05-28 10:07:39','0000-00-00 00:00:00'),(16,58,7,51,39,'0',51,'2016-05-28 10:07:39',51,'2016-05-28 10:07:39','0000-00-00 00:00:00');

/*Table structure for table `pha_brand` */

DROP TABLE IF EXISTS `pha_brand`;

CREATE TABLE `pha_brand` (
  `brand_id` int(11) NOT NULL AUTO_INCREMENT,
  `tenant_id` int(11) NOT NULL,
  `brand_name` varchar(255) NOT NULL,
  `brand_code` varchar(50) NOT NULL,
  `status` enum('0','1') DEFAULT '1',
  `created_by` int(11) NOT NULL,
  `created_at` timestamp NOT NULL DEFAULT CURRENT_TIMESTAMP,
  `modified_by` int(11) DEFAULT NULL,
  `modified_at` timestamp NULL DEFAULT NULL,
  `deleted_at` timestamp NULL DEFAULT '0000-00-00 00:00:00',
  PRIMARY KEY (`brand_id`),
  UNIQUE KEY `PhaBrandUnique` (`tenant_id`,`brand_name`,`brand_code`,`deleted_at`),
  CONSTRAINT `FK_pha_brand_tenant` FOREIGN KEY (`tenant_id`) REFERENCES `co_tenant` (`tenant_id`) ON DELETE CASCADE ON UPDATE CASCADE
) ENGINE=InnoDB AUTO_INCREMENT=3 DEFAULT CHARSET=latin1;

/*Data for the table `pha_brand` */

insert  into `pha_brand`(`brand_id`,`tenant_id`,`brand_name`,`brand_code`,`status`,`created_by`,`created_at`,`modified_by`,`modified_at`,`deleted_at`) values (1,58,'Brand','0001','1',51,'2016-03-07 15:25:23',51,'2016-03-07 15:25:23','0000-00-00 00:00:00'),(2,58,'New Brand','01841','1',51,'2016-03-16 16:09:06',51,'2016-03-16 16:09:06','0000-00-00 00:00:00');

/*Table structure for table `pha_brand_division` */

DROP TABLE IF EXISTS `pha_brand_division`;

CREATE TABLE `pha_brand_division` (
  `division_id` int(11) NOT NULL AUTO_INCREMENT,
  `tenant_id` int(11) NOT NULL,
  `division_name` varchar(255) NOT NULL,
  `status` enum('0','1') DEFAULT '1',
  `created_by` int(11) NOT NULL,
  `created_at` timestamp NOT NULL DEFAULT CURRENT_TIMESTAMP,
  `modified_by` int(11) DEFAULT NULL,
  `modified_at` timestamp NULL DEFAULT NULL,
  `deleted_at` timestamp NULL DEFAULT '0000-00-00 00:00:00',
  PRIMARY KEY (`division_id`),
  UNIQUE KEY `PhaBrandDivisionUnique` (`tenant_id`,`division_name`,`deleted_at`),
  CONSTRAINT `FK_pha_brand_division_tenant` FOREIGN KEY (`tenant_id`) REFERENCES `co_tenant` (`tenant_id`) ON DELETE CASCADE ON UPDATE CASCADE
) ENGINE=InnoDB AUTO_INCREMENT=3 DEFAULT CHARSET=latin1;

/*Data for the table `pha_brand_division` */

insert  into `pha_brand_division`(`division_id`,`tenant_id`,`division_name`,`status`,`created_by`,`created_at`,`modified_by`,`modified_at`,`deleted_at`) values (1,58,'Division','1',51,'2016-03-07 15:25:35',51,'2016-03-07 15:25:35','0000-00-00 00:00:00'),(2,58,'New Division','1',51,'2016-03-16 16:13:15',51,'2016-03-16 16:13:15','0000-00-00 00:00:00');

/*Table structure for table `pha_brand_representative` */

DROP TABLE IF EXISTS `pha_brand_representative`;

CREATE TABLE `pha_brand_representative` (
  `rep_id` int(11) NOT NULL AUTO_INCREMENT,
  `tenant_id` int(11) NOT NULL,
  `brand_id` int(11) NOT NULL,
  `division_id` int(11) NOT NULL,
  `rep_1_name` varchar(50) NOT NULL,
  `rep_1_contact` varchar(100) NOT NULL,
  `rep_1_designation` varchar(100) NOT NULL,
  `rep_2_name` varchar(50) DEFAULT NULL,
  `rep_2_contact` varchar(100) DEFAULT NULL,
  `rep_2_designation` varchar(100) DEFAULT NULL,
  `status` enum('0','1') DEFAULT '1',
  `created_by` int(11) NOT NULL,
  `created_at` timestamp NOT NULL DEFAULT CURRENT_TIMESTAMP,
  `modified_by` int(11) DEFAULT NULL,
  `modified_at` timestamp NULL DEFAULT NULL,
  `deleted_at` timestamp NULL DEFAULT '0000-00-00 00:00:00',
  PRIMARY KEY (`rep_id`),
  KEY `FK_pha_brand_representative_tenant` (`tenant_id`),
  KEY `FK_pha_brand_representative_division` (`division_id`),
  KEY `FK_pha_brand_representative` (`brand_id`),
  CONSTRAINT `FK_pha_brand_representative` FOREIGN KEY (`brand_id`) REFERENCES `pha_brand` (`brand_id`) ON DELETE CASCADE ON UPDATE CASCADE,
  CONSTRAINT `FK_pha_brand_representative_division` FOREIGN KEY (`division_id`) REFERENCES `pha_brand_division` (`division_id`) ON DELETE CASCADE ON UPDATE CASCADE,
  CONSTRAINT `FK_pha_brand_representative_tenant` FOREIGN KEY (`tenant_id`) REFERENCES `co_tenant` (`tenant_id`) ON DELETE CASCADE ON UPDATE CASCADE
) ENGINE=InnoDB DEFAULT CHARSET=latin1;

/*Data for the table `pha_brand_representative` */

/*Table structure for table `pha_drug_class` */

DROP TABLE IF EXISTS `pha_drug_class`;

CREATE TABLE `pha_drug_class` (
  `drug_class_id` int(11) NOT NULL AUTO_INCREMENT,
  `tenant_id` int(11) NOT NULL,
  `drug_name` varchar(255) NOT NULL,
  `status` enum('0','1') DEFAULT '1',
  `created_by` int(11) NOT NULL,
  `created_at` timestamp NOT NULL DEFAULT CURRENT_TIMESTAMP,
  `modified_by` int(11) DEFAULT NULL,
  `modified_at` timestamp NULL DEFAULT NULL,
  `deleted_at` timestamp NULL DEFAULT '0000-00-00 00:00:00',
  PRIMARY KEY (`drug_class_id`),
  UNIQUE KEY `PhadrugUnique` (`tenant_id`,`drug_name`,`deleted_at`),
  FULLTEXT KEY `DrugNameFulltext` (`drug_name`),
  CONSTRAINT `FK_pha_drug_tenant` FOREIGN KEY (`tenant_id`) REFERENCES `co_tenant` (`tenant_id`) ON DELETE CASCADE ON UPDATE CASCADE
) ENGINE=InnoDB AUTO_INCREMENT=3 DEFAULT CHARSET=latin1;

/*Data for the table `pha_drug_class` */

insert  into `pha_drug_class`(`drug_class_id`,`tenant_id`,`drug_name`,`status`,`created_by`,`created_at`,`modified_by`,`modified_at`,`deleted_at`) values (1,58,'CALCIUM WITH VITAMINS','1',51,'2016-03-03 15:10:20',51,'2016-03-03 15:10:28','0000-00-00 00:00:00'),(2,58,'ANTIPSYCHOTICS','1',51,'2016-03-04 15:11:48',51,'2016-03-04 16:56:57','0000-00-00 00:00:00');

/*Table structure for table `pha_drug_generic` */

DROP TABLE IF EXISTS `pha_drug_generic`;

CREATE TABLE `pha_drug_generic` (
  `drug_generic_id` int(11) NOT NULL AUTO_INCREMENT,
  `tenant_id` int(11) NOT NULL,
  `drug_class_id` int(11) NOT NULL,
  `generic_id` int(11) NOT NULL,
  `status` enum('0','1') DEFAULT '1',
  `created_by` int(11) NOT NULL,
  `created_at` timestamp NOT NULL DEFAULT CURRENT_TIMESTAMP,
  `modified_by` int(11) DEFAULT NULL,
  `modified_at` timestamp NULL DEFAULT NULL,
  `deleted_at` timestamp NULL DEFAULT '0000-00-00 00:00:00',
  PRIMARY KEY (`drug_generic_id`),
  UNIQUE KEY `PhaDrugClassGenericUnique` (`tenant_id`,`generic_id`,`deleted_at`),
  KEY `FK_pha_drug_generic_drug` (`drug_class_id`),
  KEY `FK_pha_drug_generic_generic` (`generic_id`),
  CONSTRAINT `FK_pha_drug_generic_drug` FOREIGN KEY (`drug_class_id`) REFERENCES `pha_drug_class` (`drug_class_id`) ON DELETE CASCADE ON UPDATE CASCADE,
  CONSTRAINT `FK_pha_drug_generic_generic` FOREIGN KEY (`generic_id`) REFERENCES `pha_generic` (`generic_id`) ON DELETE CASCADE ON UPDATE CASCADE,
  CONSTRAINT `FK_pha_drug_generic_tenant` FOREIGN KEY (`tenant_id`) REFERENCES `co_tenant` (`tenant_id`) ON DELETE CASCADE ON UPDATE CASCADE
) ENGINE=InnoDB AUTO_INCREMENT=42 DEFAULT CHARSET=latin1;

/*Data for the table `pha_drug_generic` */

insert  into `pha_drug_generic`(`drug_generic_id`,`tenant_id`,`drug_class_id`,`generic_id`,`status`,`created_by`,`created_at`,`modified_by`,`modified_at`,`deleted_at`) values (40,58,1,2,'1',51,'2016-03-04 19:48:30',51,'2016-03-04 19:48:30','0000-00-00 00:00:00'),(41,58,1,1,'1',51,'2016-03-04 19:48:39',51,'2016-03-04 19:48:39','0000-00-00 00:00:00');

/*Table structure for table `pha_generic` */

DROP TABLE IF EXISTS `pha_generic`;

CREATE TABLE `pha_generic` (
  `generic_id` int(11) NOT NULL AUTO_INCREMENT,
  `tenant_id` int(11) NOT NULL,
  `generic_name` varchar(255) NOT NULL,
  `status` enum('0','1') DEFAULT '1',
  `created_by` int(11) NOT NULL,
  `created_at` timestamp NOT NULL DEFAULT CURRENT_TIMESTAMP,
  `modified_by` int(11) DEFAULT NULL,
  `modified_at` timestamp NULL DEFAULT NULL,
  `deleted_at` timestamp NULL DEFAULT '0000-00-00 00:00:00',
  PRIMARY KEY (`generic_id`),
  UNIQUE KEY `PhaBrandgenericUnique` (`tenant_id`,`generic_name`,`deleted_at`),
  FULLTEXT KEY `GenericNameFulltext` (`generic_name`),
  CONSTRAINT `FK_pha_brand_generic_tenant` FOREIGN KEY (`tenant_id`) REFERENCES `co_tenant` (`tenant_id`) ON DELETE CASCADE ON UPDATE CASCADE
) ENGINE=InnoDB AUTO_INCREMENT=5 DEFAULT CHARSET=latin1;

/*Data for the table `pha_generic` */

insert  into `pha_generic`(`generic_id`,`tenant_id`,`generic_name`,`status`,`created_by`,`created_at`,`modified_by`,`modified_at`,`deleted_at`) values (1,58,'IRON FOLIC ACID VITAMIN B & ZINC','1',51,'2016-03-03 18:20:16',51,'2016-03-03 18:20:16','0000-00-00 00:00:00'),(2,58,'ACAMPROSATECALCIUM','1',51,'2016-03-04 13:48:40',51,'2016-03-04 13:48:40','0000-00-00 00:00:00'),(3,58,'S-ADENOSYL METHIONINE','1',51,'2016-03-16 16:31:27',51,'2016-03-16 16:31:27','0000-00-00 00:00:00'),(4,58,'MEMANTINE HYDROCHLORIDE','1',51,'2016-03-16 16:33:34',51,'2016-03-16 16:33:34','0000-00-00 00:00:00');

/*Table structure for table `pha_package_unit` */

DROP TABLE IF EXISTS `pha_package_unit`;

CREATE TABLE `pha_package_unit` (
  `package_id` int(11) NOT NULL AUTO_INCREMENT,
  `tenant_id` int(11) NOT NULL,
  `package_name` varchar(255) NOT NULL,
  `package_unit` varchar(100) NOT NULL,
  `status` enum('0','1') DEFAULT '1',
  `created_by` int(11) NOT NULL,
  `created_at` timestamp NOT NULL DEFAULT CURRENT_TIMESTAMP,
  `modified_by` int(11) DEFAULT NULL,
  `modified_at` timestamp NULL DEFAULT NULL,
  `deleted_at` timestamp NULL DEFAULT '0000-00-00 00:00:00',
  PRIMARY KEY (`package_id`),
  UNIQUE KEY `PhapackageUnique` (`tenant_id`,`package_name`,`package_unit`,`deleted_at`),
  CONSTRAINT `FK_pha_package_tenant` FOREIGN KEY (`tenant_id`) REFERENCES `co_tenant` (`tenant_id`) ON DELETE CASCADE ON UPDATE CASCADE
) ENGINE=InnoDB AUTO_INCREMENT=6 DEFAULT CHARSET=latin1;

/*Data for the table `pha_package_unit` */

insert  into `pha_package_unit`(`package_id`,`tenant_id`,`package_name`,`package_unit`,`status`,`created_by`,`created_at`,`modified_by`,`modified_at`,`deleted_at`) values (1,58,'10s','10','1',51,'2016-03-07 15:26:15',51,'2016-03-07 15:26:15','0000-00-00 00:00:00'),(2,58,'Paking','10','1',51,'2016-03-16 16:56:01',51,'2016-03-16 16:56:01','0000-00-00 00:00:00'),(3,58,'Packing','1','1',51,'2016-03-16 16:56:56',51,'2016-03-16 16:56:56','0000-00-00 00:00:00'),(4,58,'Unit','5','1',51,'2016-03-16 16:57:33',51,'2016-03-16 16:57:33','0000-00-00 00:00:00'),(5,58,'Sale Unit','10','1',51,'2016-03-16 16:57:43',51,'2016-03-16 16:57:43','0000-00-00 00:00:00');

/*Table structure for table `pha_product` */

DROP TABLE IF EXISTS `pha_product`;

CREATE TABLE `pha_product` (
  `product_id` int(11) NOT NULL AUTO_INCREMENT,
  `tenant_id` int(11) NOT NULL,
  `product_code` varchar(50) NOT NULL,
  `product_name` varchar(255) NOT NULL,
  `product_unit` varchar(25) NOT NULL,
  `product_unit_count` varchar(25) NOT NULL,
  `product_description_id` int(11) NOT NULL,
  `product_reorder_min` smallint(6) NOT NULL,
  `product_reorder_max` smallint(6) NOT NULL,
  `product_price` decimal(10,2) NOT NULL,
  `product_location` varchar(255) DEFAULT NULL,
  `brand_id` int(11) NOT NULL,
  `division_id` int(11) NOT NULL,
  `generic_id` int(11) NOT NULL,
  `drug_class_id` int(11) DEFAULT NULL,
  `purchase_vat_id` int(11) NOT NULL,
  `purchase_package_id` int(11) NOT NULL,
  `sales_vat_id` int(11) NOT NULL,
  `sales_package_id` int(11) NOT NULL,
  `status` enum('0','1') DEFAULT '1',
  `supplier_id_1` int(11) DEFAULT NULL,
  `supplier_id_2` int(11) DEFAULT NULL,
  `supplier_id_3` int(11) DEFAULT NULL,
  `created_by` int(11) NOT NULL,
  `created_at` timestamp NOT NULL DEFAULT CURRENT_TIMESTAMP,
  `modified_by` int(11) DEFAULT NULL,
  `modified_at` timestamp NULL DEFAULT NULL,
  `deleted_at` timestamp NULL DEFAULT '0000-00-00 00:00:00',
  PRIMARY KEY (`product_id`),
  UNIQUE KEY `PhaProductUnique` (`tenant_id`,`product_name`),
  KEY `FK_pha_product_description` (`product_description_id`),
  KEY `FK_pha_product_brand` (`brand_id`),
  KEY `FK_pha_product_division` (`division_id`),
  KEY `FK_pha_product_generic` (`generic_id`),
  KEY `FK_pha_product_purchase_vat` (`purchase_vat_id`),
  KEY `FK_pha_product_sales_vat` (`sales_vat_id`),
  KEY `FK_pha_product_purchase_packing_unit` (`purchase_package_id`),
  KEY `FK_pha_product_sales_packing_unit` (`sales_package_id`),
  FULLTEXT KEY `ProductNameFulltext` (`product_name`),
  FULLTEXT KEY `ProductUnitFulltext` (`product_unit`),
  FULLTEXT KEY `ProductUnitCountFulltext` (`product_unit_count`),
  CONSTRAINT `FK_pha_product_brand` FOREIGN KEY (`brand_id`) REFERENCES `pha_brand` (`brand_id`) ON DELETE CASCADE ON UPDATE CASCADE,
  CONSTRAINT `FK_pha_product_description` FOREIGN KEY (`product_description_id`) REFERENCES `pha_product_description` (`description_id`) ON DELETE CASCADE ON UPDATE CASCADE,
  CONSTRAINT `FK_pha_product_division` FOREIGN KEY (`division_id`) REFERENCES `pha_brand_division` (`division_id`) ON DELETE CASCADE ON UPDATE CASCADE,
  CONSTRAINT `FK_pha_product_generic` FOREIGN KEY (`generic_id`) REFERENCES `pha_generic` (`generic_id`) ON DELETE CASCADE ON UPDATE CASCADE,
  CONSTRAINT `FK_pha_product_purchase_packing_unit` FOREIGN KEY (`purchase_package_id`) REFERENCES `pha_package_unit` (`package_id`) ON DELETE CASCADE ON UPDATE CASCADE,
  CONSTRAINT `FK_pha_product_purchase_vat` FOREIGN KEY (`purchase_vat_id`) REFERENCES `pha_vat` (`vat_id`) ON DELETE CASCADE ON UPDATE CASCADE,
  CONSTRAINT `FK_pha_product_sales_packing_unit` FOREIGN KEY (`sales_package_id`) REFERENCES `pha_package_unit` (`package_id`) ON DELETE CASCADE ON UPDATE CASCADE,
  CONSTRAINT `FK_pha_product_sales_vat` FOREIGN KEY (`sales_vat_id`) REFERENCES `pha_vat` (`vat_id`) ON DELETE CASCADE ON UPDATE CASCADE,
  CONSTRAINT `FK_pha_product_tenant` FOREIGN KEY (`tenant_id`) REFERENCES `co_tenant` (`tenant_id`) ON DELETE CASCADE ON UPDATE CASCADE
) ENGINE=InnoDB AUTO_INCREMENT=5 DEFAULT CHARSET=latin1;

/*Data for the table `pha_product` */

insert  into `pha_product`(`product_id`,`tenant_id`,`product_code`,`product_name`,`product_unit`,`product_unit_count`,`product_description_id`,`product_reorder_min`,`product_reorder_max`,`product_price`,`product_location`,`brand_id`,`division_id`,`generic_id`,`drug_class_id`,`purchase_vat_id`,`purchase_package_id`,`sales_vat_id`,`sales_package_id`,`status`,`supplier_id_1`,`supplier_id_2`,`supplier_id_3`,`created_by`,`created_at`,`modified_by`,`modified_at`,`deleted_at`) values (1,58,'A00001','ABDIFER','MG','1',1,50,0,'50.00',NULL,1,1,1,NULL,1,1,1,1,'1',NULL,NULL,NULL,1,'2016-03-07 15:26:33',51,'2016-03-31 16:57:15','0000-00-00 00:00:00'),(2,58,'VGGU2V','ADESAM','MG','2',1,50,0,'60.00',NULL,1,1,1,1,2,1,2,1,'1',NULL,NULL,NULL,51,'2016-03-09 17:49:04',51,'2016-03-09 17:49:04','0000-00-00 00:00:00'),(3,58,'NGVS0O','ALZIL','MG','10',1,50,0,'0.00',NULL,1,1,1,1,1,1,1,1,'1',NULL,NULL,NULL,51,'2016-03-30 16:20:00',51,'2016-03-30 16:20:00','0000-00-00 00:00:00'),(4,58,'LHCGO9','ATTENTROL','MG','1',1,50,0,'0.00',NULL,1,1,1,1,1,1,1,1,'1',NULL,NULL,NULL,51,'2016-04-21 18:25:00',51,'2016-04-21 18:25:00','0000-00-00 00:00:00');

/*Table structure for table `pha_product_batch` */

DROP TABLE IF EXISTS `pha_product_batch`;

CREATE TABLE `pha_product_batch` (
  `batch_id` int(11) NOT NULL AUTO_INCREMENT,
  `tenant_id` int(11) NOT NULL,
  `product_id` int(11) NOT NULL,
  `batch_no` varchar(255) NOT NULL,
  `expiry_date` date NOT NULL,
  `total_qty` int(11) NOT NULL,
  `available_qty` int(11) NOT NULL,
  `status` enum('0','1') DEFAULT '1',
  `created_by` int(11) NOT NULL,
  `created_at` timestamp NOT NULL DEFAULT CURRENT_TIMESTAMP,
  `modified_by` int(11) DEFAULT NULL,
  `modified_at` timestamp NULL DEFAULT NULL,
  `deleted_at` timestamp NULL DEFAULT '0000-00-00 00:00:00',
  PRIMARY KEY (`batch_id`),
  KEY `FK_pha_product_batch_tenant` (`tenant_id`),
  KEY `FK_pha_product_batch_product` (`product_id`),
  CONSTRAINT `FK_pha_product_batch_product` FOREIGN KEY (`product_id`) REFERENCES `pha_product` (`product_id`) ON DELETE CASCADE ON UPDATE CASCADE,
  CONSTRAINT `FK_pha_product_batch_tenant` FOREIGN KEY (`tenant_id`) REFERENCES `co_tenant` (`tenant_id`) ON DELETE CASCADE ON UPDATE CASCADE
) ENGINE=InnoDB AUTO_INCREMENT=36 DEFAULT CHARSET=latin1;

/*Data for the table `pha_product_batch` */

insert  into `pha_product_batch`(`batch_id`,`tenant_id`,`product_id`,`batch_no`,`expiry_date`,`total_qty`,`available_qty`,`status`,`created_by`,`created_at`,`modified_by`,`modified_at`,`deleted_at`) values (31,58,1,'20015','2016-05-01',264,17,'1',51,'2016-03-10 14:01:01',51,'2016-05-30 11:05:29','0000-00-00 00:00:00'),(32,58,2,'2000','2016-03-01',50,-3,'1',51,'2016-03-10 14:01:02',51,'2016-05-30 10:59:59','0000-00-00 00:00:00'),(33,58,1,'2000','2016-09-01',18,-55,'1',51,'2016-03-10 14:01:26',51,'2016-05-24 14:02:38','0000-00-00 00:00:00'),(34,58,2,'1510','2016-11-01',10,-15,'1',51,'2016-03-11 13:08:10',51,'2016-05-24 13:00:36','0000-00-00 00:00:00'),(35,58,3,'1000','2016-08-01',40,-358,'1',51,'2016-03-31 16:00:45',51,'2016-05-30 11:05:30','0000-00-00 00:00:00');

/*Table structure for table `pha_product_batch_rate` */

DROP TABLE IF EXISTS `pha_product_batch_rate`;

CREATE TABLE `pha_product_batch_rate` (
  `batch_rate_id` int(11) NOT NULL AUTO_INCREMENT,
  `tenant_id` int(11) NOT NULL,
  `batch_id` int(11) NOT NULL,
  `mrp` decimal(10,2) NOT NULL,
  `status` enum('0','1') DEFAULT '1',
  `created_by` int(11) NOT NULL,
  `created_at` timestamp NOT NULL DEFAULT CURRENT_TIMESTAMP,
  `modified_by` int(11) DEFAULT NULL,
  `modified_at` timestamp NULL DEFAULT NULL,
  `deleted_at` timestamp NULL DEFAULT '0000-00-00 00:00:00',
  PRIMARY KEY (`batch_rate_id`),
  KEY `FK_pha_product_batch_rate_tenant` (`tenant_id`),
  KEY `FK_pha_product_batch_rate_batch` (`batch_id`),
  CONSTRAINT `FK_pha_product_batch_rate_batch` FOREIGN KEY (`batch_id`) REFERENCES `pha_product_batch` (`batch_id`) ON DELETE CASCADE ON UPDATE CASCADE,
  CONSTRAINT `FK_pha_product_batch_rate_tenant` FOREIGN KEY (`tenant_id`) REFERENCES `co_tenant` (`tenant_id`) ON DELETE CASCADE ON UPDATE CASCADE
) ENGINE=InnoDB AUTO_INCREMENT=34 DEFAULT CHARSET=latin1;

/*Data for the table `pha_product_batch_rate` */

insert  into `pha_product_batch_rate`(`batch_rate_id`,`tenant_id`,`batch_id`,`mrp`,`status`,`created_by`,`created_at`,`modified_by`,`modified_at`,`deleted_at`) values (29,58,31,'14000.00','1',51,'2016-03-10 14:01:02',51,'2016-04-16 13:33:45','0000-00-00 00:00:00'),(30,58,32,'960.00','1',51,'2016-03-10 14:01:02',51,'2016-03-11 16:32:52','0000-00-00 00:00:00'),(31,58,33,'100.00','1',51,'2016-03-10 14:01:26',51,'2016-04-16 13:31:44','0000-00-00 00:00:00'),(32,58,34,'150.00','1',51,'2016-03-11 13:08:10',51,'2016-03-11 13:08:10','0000-00-00 00:00:00'),(33,58,35,'10.00','1',51,'2016-03-31 16:00:45',51,'2016-03-31 16:01:22','0000-00-00 00:00:00');

/*Table structure for table `pha_product_description` */

DROP TABLE IF EXISTS `pha_product_description`;

CREATE TABLE `pha_product_description` (
  `description_id` int(11) NOT NULL AUTO_INCREMENT,
  `tenant_id` int(11) NOT NULL,
  `description_name` varchar(255) NOT NULL,
  `status` enum('0','1') DEFAULT '1',
  `created_by` int(11) NOT NULL,
  `created_at` timestamp NOT NULL DEFAULT CURRENT_TIMESTAMP,
  `modified_by` int(11) DEFAULT NULL,
  `modified_at` timestamp NULL DEFAULT NULL,
  `deleted_at` timestamp NULL DEFAULT '0000-00-00 00:00:00',
  PRIMARY KEY (`description_id`),
  UNIQUE KEY `PhadescriptionUnique` (`tenant_id`,`description_name`,`deleted_at`),
  CONSTRAINT `FK_pha_description_tenant` FOREIGN KEY (`tenant_id`) REFERENCES `co_tenant` (`tenant_id`) ON DELETE CASCADE ON UPDATE CASCADE
) ENGINE=InnoDB AUTO_INCREMENT=7 DEFAULT CHARSET=latin1;

/*Data for the table `pha_product_description` */

insert  into `pha_product_description`(`description_id`,`tenant_id`,`description_name`,`status`,`created_by`,`created_at`,`modified_by`,`modified_at`,`deleted_at`) values (1,58,'Tablet','1',51,'2016-03-07 15:25:04',51,'2016-03-07 15:25:04','0000-00-00 00:00:00'),(2,58,'New Tablet','1',51,'2016-03-16 15:32:08',51,'2016-03-16 15:32:08','0000-00-00 00:00:00'),(3,58,'New wwee','1',51,'2016-03-16 15:35:25',51,'2016-03-16 15:35:25','0000-00-00 00:00:00'),(4,58,'New Product DESC','1',51,'2016-03-16 15:35:57',51,'2016-03-16 15:35:57','0000-00-00 00:00:00'),(5,58,'Again New','1',51,'2016-03-16 15:38:23',51,'2016-03-16 15:38:23','0000-00-00 00:00:00'),(6,58,'New neeee','1',51,'2016-03-16 15:42:29',51,'2016-03-16 15:42:29','0000-00-00 00:00:00');

/*Table structure for table `pha_purchase` */

DROP TABLE IF EXISTS `pha_purchase`;

CREATE TABLE `pha_purchase` (
  `purchase_id` int(11) NOT NULL AUTO_INCREMENT,
  `tenant_id` int(11) NOT NULL,
  `purchase_code` varchar(50) NOT NULL,
  `invoice_date` date NOT NULL,
  `invoice_no` varchar(50) NOT NULL,
  `payment_type` enum('CA','CR') NOT NULL DEFAULT 'CA' COMMENT 'CA -> Cash, CR -> Credit',
  `supplier_id` int(11) NOT NULL,
  `total_item_purchase_amount` decimal(10,2) DEFAULT NULL,
  `total_item_vat_amount` decimal(10,2) DEFAULT NULL,
  `total_item_discount_amount` decimal(10,2) DEFAULT NULL,
  `before_disc_amount` decimal(10,2) DEFAULT NULL,
  `discount_percent` decimal(10,2) DEFAULT NULL,
  `discount_amount` decimal(10,2) DEFAULT NULL,
  `after_disc_amount` decimal(10,2) DEFAULT NULL,
  `roundoff_amount` decimal(10,2) DEFAULT NULL,
  `net_amount` decimal(10,2) DEFAULT NULL COMMENT '(Total Amount - Discount Amount) +- RoundOff',
  `gr_num` varchar(50) DEFAULT NULL,
  `status` enum('0','1') DEFAULT '1',
  `created_by` int(11) NOT NULL,
  `created_at` timestamp NOT NULL DEFAULT CURRENT_TIMESTAMP,
  `modified_by` int(11) DEFAULT NULL,
  `modified_at` timestamp NULL DEFAULT NULL,
  `deleted_at` timestamp NULL DEFAULT '0000-00-00 00:00:00',
  PRIMARY KEY (`purchase_id`),
  UNIQUE KEY `PhaPurchaseInvoiceUnique` (`tenant_id`,`invoice_no`),
  KEY `FK_pha_purchase_tenant` (`tenant_id`),
  KEY `FK_pha_purchase_supplier` (`supplier_id`),
  CONSTRAINT `FK_pha_purchase_supplier` FOREIGN KEY (`supplier_id`) REFERENCES `pha_supplier` (`supplier_id`) ON DELETE CASCADE ON UPDATE CASCADE,
  CONSTRAINT `FK_pha_purchase_tenant` FOREIGN KEY (`tenant_id`) REFERENCES `co_tenant` (`tenant_id`) ON DELETE CASCADE ON UPDATE CASCADE
) ENGINE=InnoDB AUTO_INCREMENT=39 DEFAULT CHARSET=latin1;

/*Data for the table `pha_purchase` */

insert  into `pha_purchase`(`purchase_id`,`tenant_id`,`purchase_code`,`invoice_date`,`invoice_no`,`payment_type`,`supplier_id`,`total_item_purchase_amount`,`total_item_vat_amount`,`total_item_discount_amount`,`before_disc_amount`,`discount_percent`,`discount_amount`,`after_disc_amount`,`roundoff_amount`,`net_amount`,`gr_num`,`status`,`created_by`,`created_at`,`modified_by`,`modified_at`,`deleted_at`) values (36,58,'AH0000017','2016-03-10','1000','CR',1,'1900.00','100.00','100.00','2000.00',NULL,'0.00','2000.00','0.00','2000.00',NULL,'1',51,'2016-03-10 14:01:01',51,'2016-03-10 17:07:38','0000-00-00 00:00:00'),(37,58,'AH0000018','2016-03-11','10020','CR',1,'1917.00','308.85','213.00','2225.85','10.00','191.70','2034.15','0.15','2034.00',NULL,'1',51,'2016-03-11 13:08:10',51,'2016-03-11 13:08:10','0000-00-00 00:00:00'),(38,58,'AH0000019','2016-03-31','0151','CA',1,'90.00','5.00','10.00','95.00',NULL,'0.00','95.00','0.00','95.00',NULL,'1',51,'2016-03-31 16:00:45',51,'2016-03-31 16:01:22','0000-00-00 00:00:00');

/*Table structure for table `pha_purchase_item` */

DROP TABLE IF EXISTS `pha_purchase_item`;

CREATE TABLE `pha_purchase_item` (
  `purchase_item_id` int(11) NOT NULL AUTO_INCREMENT,
  `tenant_id` int(11) NOT NULL,
  `purchase_id` int(11) NOT NULL,
  `product_id` int(11) NOT NULL,
  `batch_id` int(11) NOT NULL,
  `quantity` int(11) NOT NULL,
  `free_quantity` int(11) DEFAULT '0',
  `free_quantity_unit` int(11) DEFAULT '0',
  `mrp` decimal(10,2) NOT NULL,
  `purchase_rate` decimal(10,2) NOT NULL,
  `purchase_amount` decimal(10,2) NOT NULL COMMENT 'Qty * Purchase Rate',
  `discount_percent` decimal(10,2) DEFAULT '0.00',
  `discount_amount` decimal(10,2) DEFAULT '0.00',
  `total_amount` decimal(10,2) DEFAULT NULL COMMENT '(Purchase Amount - Discount Amount)',
  `package_name` varchar(255) NOT NULL,
  `vat_amount` decimal(10,2) NOT NULL,
  `vat_percent` decimal(10,2) DEFAULT NULL,
  `status` enum('0','1') DEFAULT '1',
  `created_by` int(11) NOT NULL,
  `created_at` timestamp NOT NULL DEFAULT CURRENT_TIMESTAMP,
  `modified_by` int(11) DEFAULT NULL,
  `modified_at` timestamp NULL DEFAULT NULL,
  `deleted_at` timestamp NULL DEFAULT '0000-00-00 00:00:00',
  PRIMARY KEY (`purchase_item_id`),
  KEY `FK_pha_purchase_item_tenant` (`tenant_id`),
  KEY `FK_pha_purchase_item_purchase` (`purchase_id`),
  KEY `FK_pha_purchase_item_product` (`product_id`),
  KEY `FK_pha_purchase_item_batch` (`batch_id`),
  CONSTRAINT `FK_pha_purchase_item_batch` FOREIGN KEY (`batch_id`) REFERENCES `pha_product_batch` (`batch_id`) ON DELETE CASCADE ON UPDATE CASCADE,
  CONSTRAINT `FK_pha_purchase_item_product` FOREIGN KEY (`product_id`) REFERENCES `pha_product` (`product_id`) ON DELETE CASCADE ON UPDATE CASCADE,
  CONSTRAINT `FK_pha_purchase_item_purchase` FOREIGN KEY (`purchase_id`) REFERENCES `pha_purchase` (`purchase_id`) ON DELETE CASCADE ON UPDATE CASCADE,
  CONSTRAINT `FK_pha_purchase_item_tenant` FOREIGN KEY (`tenant_id`) REFERENCES `co_tenant` (`tenant_id`) ON DELETE CASCADE ON UPDATE CASCADE
) ENGINE=InnoDB AUTO_INCREMENT=50 DEFAULT CHARSET=latin1;

/*Data for the table `pha_purchase_item` */

insert  into `pha_purchase_item`(`purchase_item_id`,`tenant_id`,`purchase_id`,`product_id`,`batch_id`,`quantity`,`free_quantity`,`free_quantity_unit`,`mrp`,`purchase_rate`,`purchase_amount`,`discount_percent`,`discount_amount`,`total_amount`,`package_name`,`vat_amount`,`vat_percent`,`status`,`created_by`,`created_at`,`modified_by`,`modified_at`,`deleted_at`) values (45,58,36,1,31,10,10,0,'100.00','100.00','1000.00','0.00','0.00','1000.00','10s','50.00','5.00','1',51,'2016-03-10 14:01:02',51,'2016-03-10 17:07:38','0000-00-00 00:00:00'),(47,58,36,1,33,10,10,0,'100.00','100.00','1000.00','10.00','100.00','900.00','10s','50.00','5.00','1',51,'2016-03-10 14:01:26',51,'2016-03-10 17:07:38','0000-00-00 00:00:00'),(48,58,37,2,34,15,0,0,'150.00','142.00','2130.00','10.00','213.00','1917.00','10s','308.85','14.50','1',51,'2016-03-11 13:08:10',51,'2016-03-11 13:08:10','0000-00-00 00:00:00'),(49,58,38,3,35,10,25,0,'10.00','10.00','100.00','10.00','10.00','90.00','10s','5.00','5.00','1',51,'2016-03-31 16:00:45',51,'2016-03-31 16:01:22','0000-00-00 00:00:00');

/*Table structure for table `pha_purchase_return` */

DROP TABLE IF EXISTS `pha_purchase_return`;

CREATE TABLE `pha_purchase_return` (
  `purchase_ret_id` int(11) NOT NULL AUTO_INCREMENT,
  `tenant_id` int(11) NOT NULL,
  `purchase_ret_code` varchar(50) NOT NULL,
  `invoice_date` date NOT NULL,
  `invoice_no` varchar(50) NOT NULL,
  `supplier_id` int(11) NOT NULL,
  `total_item_purchase_ret_amount` decimal(10,2) DEFAULT NULL,
  `total_item_vat_amount` decimal(10,2) DEFAULT NULL,
  `total_item_discount_amount` decimal(10,2) DEFAULT NULL,
  `before_disc_amount` decimal(10,2) DEFAULT NULL,
  `discount_percent` decimal(10,2) DEFAULT '0.00',
  `discount_amount` decimal(10,2) DEFAULT '0.00',
  `after_disc_amount` decimal(10,2) DEFAULT NULL,
  `roundoff_amount` decimal(10,2) DEFAULT NULL,
  `net_amount` decimal(10,2) DEFAULT NULL COMMENT '(Total Amount - Discount Amount) +- RoundOff',
  `status` enum('0','1') DEFAULT '1',
  `created_by` int(11) NOT NULL,
  `created_at` timestamp NOT NULL DEFAULT CURRENT_TIMESTAMP,
  `modified_by` int(11) DEFAULT NULL,
  `modified_at` timestamp NULL DEFAULT NULL,
  `deleted_at` timestamp NULL DEFAULT '0000-00-00 00:00:00',
  PRIMARY KEY (`purchase_ret_id`),
  KEY `FK_pha_purchase_ret_tenant` (`tenant_id`),
  KEY `FK_pha_purchase_ret_supplier` (`supplier_id`),
  CONSTRAINT `FK_pha_purchase_ret_supplier` FOREIGN KEY (`supplier_id`) REFERENCES `pha_supplier` (`supplier_id`) ON DELETE CASCADE ON UPDATE CASCADE,
  CONSTRAINT `FK_pha_purchase_ret_tenant` FOREIGN KEY (`tenant_id`) REFERENCES `co_tenant` (`tenant_id`) ON DELETE CASCADE ON UPDATE CASCADE
) ENGINE=InnoDB AUTO_INCREMENT=45 DEFAULT CHARSET=latin1;

/*Data for the table `pha_purchase_return` */

insert  into `pha_purchase_return`(`purchase_ret_id`,`tenant_id`,`purchase_ret_code`,`invoice_date`,`invoice_no`,`supplier_id`,`total_item_purchase_ret_amount`,`total_item_vat_amount`,`total_item_discount_amount`,`before_disc_amount`,`discount_percent`,`discount_amount`,`after_disc_amount`,`roundoff_amount`,`net_amount`,`status`,`created_by`,`created_at`,`modified_by`,`modified_at`,`deleted_at`) values (43,58,'PR0000003','2016-03-11','15411',1,'5650.00','752.50','850.00','6402.50',NULL,'0.00','6402.50','0.50','6403.00','1',51,'2016-03-11 13:38:45',51,'2016-03-11 15:14:39','0000-00-00 00:00:00'),(44,58,'PR0000004','2016-03-11','15411',1,'900.00','50.00','100.00','950.00','0.00','0.00','950.00','0.00','950.00','1',51,'2016-03-11 15:15:03',51,'2016-03-11 15:15:03','0000-00-00 00:00:00');

/*Table structure for table `pha_purchase_return_item` */

DROP TABLE IF EXISTS `pha_purchase_return_item`;

CREATE TABLE `pha_purchase_return_item` (
  `purchase_ret_item_id` int(11) NOT NULL AUTO_INCREMENT,
  `tenant_id` int(11) NOT NULL,
  `purchase_ret_id` int(11) NOT NULL,
  `product_id` int(11) NOT NULL,
  `batch_id` int(11) NOT NULL,
  `quantity` int(11) NOT NULL,
  `free_quantity` int(11) DEFAULT '0',
  `free_quantity_unit` int(11) DEFAULT '0',
  `mrp` decimal(10,2) NOT NULL,
  `purchase_ret_rate` decimal(10,2) NOT NULL,
  `purchase_ret_amount` decimal(10,2) NOT NULL COMMENT 'Qty * Purchase Rate',
  `discount_percent` decimal(10,2) DEFAULT '0.00',
  `discount_amount` decimal(10,2) DEFAULT '0.00',
  `total_amount` decimal(10,2) DEFAULT NULL COMMENT '(Purchase Amount - Discount Amount)',
  `package_name` varchar(255) NOT NULL,
  `vat_amount` decimal(10,2) NOT NULL,
  `vat_percent` decimal(10,2) DEFAULT NULL,
  `status` enum('0','1') DEFAULT '1',
  `created_by` int(11) NOT NULL,
  `created_at` timestamp NOT NULL DEFAULT CURRENT_TIMESTAMP,
  `modified_by` int(11) DEFAULT NULL,
  `modified_at` timestamp NULL DEFAULT NULL,
  `deleted_at` timestamp NULL DEFAULT '0000-00-00 00:00:00',
  PRIMARY KEY (`purchase_ret_item_id`),
  KEY `FK_pha_purchase_ret_item_tenant` (`tenant_id`),
  KEY `FK_pha_purchase_ret_item_purchase` (`purchase_ret_id`),
  KEY `FK_pha_purchase_ret_item_product` (`product_id`),
  KEY `FK_pha_purchase_ret_item_batch` (`batch_id`),
  CONSTRAINT `FK_pha_purchase_ret_item_batch` FOREIGN KEY (`batch_id`) REFERENCES `pha_product_batch` (`batch_id`) ON DELETE CASCADE ON UPDATE CASCADE,
  CONSTRAINT `FK_pha_purchase_ret_item_product` FOREIGN KEY (`product_id`) REFERENCES `pha_product` (`product_id`) ON DELETE CASCADE ON UPDATE CASCADE,
  CONSTRAINT `FK_pha_purchase_ret_item_purchase` FOREIGN KEY (`purchase_ret_id`) REFERENCES `pha_purchase_return` (`purchase_ret_id`) ON DELETE CASCADE ON UPDATE CASCADE,
  CONSTRAINT `FK_pha_purchase_ret_item_tenant` FOREIGN KEY (`tenant_id`) REFERENCES `co_tenant` (`tenant_id`) ON DELETE CASCADE ON UPDATE CASCADE
) ENGINE=InnoDB AUTO_INCREMENT=64 DEFAULT CHARSET=latin1;

/*Data for the table `pha_purchase_return_item` */

insert  into `pha_purchase_return_item`(`purchase_ret_item_id`,`tenant_id`,`purchase_ret_id`,`product_id`,`batch_id`,`quantity`,`free_quantity`,`free_quantity_unit`,`mrp`,`purchase_ret_rate`,`purchase_ret_amount`,`discount_percent`,`discount_amount`,`total_amount`,`package_name`,`vat_amount`,`vat_percent`,`status`,`created_by`,`created_at`,`modified_by`,`modified_at`,`deleted_at`) values (61,58,43,2,34,30,0,0,'150.00','150.00','4500.00','10.00','450.00','4050.00','10s','652.50','14.50','1',51,'2016-03-11 13:38:45',51,'2016-03-11 15:14:39','0000-00-00 00:00:00'),(62,58,43,1,31,20,0,0,'100.00','100.00','2000.00','20.00','400.00','1600.00','10s','100.00','5.00','1',51,'2016-03-11 13:38:45',51,'2016-03-11 15:14:39','0000-00-00 00:00:00'),(63,58,44,1,31,10,0,0,'100.00','100.00','1000.00','10.00','100.00','900.00','10s','50.00','5.00','1',51,'2016-03-11 15:15:03',51,'2016-03-11 15:15:03','0000-00-00 00:00:00');

/*Table structure for table `pha_sale` */

DROP TABLE IF EXISTS `pha_sale`;

CREATE TABLE `pha_sale` (
  `sale_id` int(11) NOT NULL AUTO_INCREMENT,
  `tenant_id` int(11) NOT NULL,
  `bill_no` varchar(50) NOT NULL,
  `patient_id` int(11) DEFAULT NULL,
  `mobile_no` varchar(50) DEFAULT NULL,
  `consultant_id` int(11) NOT NULL,
  `sale_date` date NOT NULL,
  `payment_type` enum('CA','CR','COD') NOT NULL DEFAULT 'CA' COMMENT 'CA - Cash, CR - Credit, COD - Cash On delivery',
  `total_item_vat_amount` decimal(10,2) DEFAULT NULL,
  `total_item_sale_amount` decimal(10,2) DEFAULT NULL,
  `total_item_discount_percent` decimal(10,2) DEFAULT NULL,
  `total_item_discount_amount` decimal(10,2) DEFAULT NULL COMMENT 'total_item_sale_amount * discount_percent',
  `total_item_amount` decimal(10,2) DEFAULT NULL COMMENT 'total_item_vat_amount + total_item_sale_amount - discount_amount',
  `welfare_amount` decimal(10,2) DEFAULT NULL,
  `roundoff_amount` decimal(10,2) DEFAULT NULL,
  `bill_amount` decimal(10,2) DEFAULT NULL COMMENT 'total_item_amount + welfare + roundoff',
  `payment_status` enum('P','C','PC') NOT NULL DEFAULT 'C' COMMENT 'P - Pending, C- Completed, PC - Partialy Completed',
  `encounter_id` int(11) DEFAULT NULL,
  `patient_name` varchar(50) DEFAULT NULL,
  `status` enum('0','1') DEFAULT '1',
  `created_by` int(11) NOT NULL,
  `created_at` timestamp NOT NULL DEFAULT CURRENT_TIMESTAMP,
  `modified_by` int(11) DEFAULT NULL,
  `modified_at` timestamp NULL DEFAULT NULL,
  `deleted_at` timestamp NULL DEFAULT '0000-00-00 00:00:00',
  PRIMARY KEY (`sale_id`),
  KEY `FK_pha_sale_tenant` (`tenant_id`),
  KEY `FK_pha_sale_patient` (`patient_id`),
  KEY `FK_pha_sale_consultant` (`consultant_id`),
  CONSTRAINT `FK_pha_sale_consultant` FOREIGN KEY (`consultant_id`) REFERENCES `co_user` (`user_id`) ON UPDATE CASCADE,
  CONSTRAINT `FK_pha_sale_tenant` FOREIGN KEY (`tenant_id`) REFERENCES `co_tenant` (`tenant_id`) ON DELETE CASCADE ON UPDATE CASCADE
) ENGINE=InnoDB AUTO_INCREMENT=45 DEFAULT CHARSET=latin1;

/*Data for the table `pha_sale` */

insert  into `pha_sale`(`sale_id`,`tenant_id`,`bill_no`,`patient_id`,`mobile_no`,`consultant_id`,`sale_date`,`payment_type`,`total_item_vat_amount`,`total_item_sale_amount`,`total_item_discount_percent`,`total_item_discount_amount`,`total_item_amount`,`welfare_amount`,`roundoff_amount`,`bill_amount`,`payment_status`,`encounter_id`,`patient_name`,`status`,`created_by`,`created_at`,`modified_by`,`modified_at`,`deleted_at`) values (30,58,'AH0000036',19,'9898989898',54,'2016-05-23','CR','5.00','100.00',NULL,'0.00','105.00',NULL,'0.00','105.00','C',163,'Gayatri','1',51,'2016-05-23 17:04:18',51,'2016-05-23 17:21:06','0000-00-00 00:00:00'),(31,58,'AH0000037',19,'9898989898',54,'2016-05-23','CR','696.00','4800.00',NULL,'0.00','5496.00',NULL,'0.00','5496.00','C',163,'Gayatri','1',51,'2016-05-23 17:04:36',51,'2016-05-23 17:21:06','0000-00-00 00:00:00'),(32,58,'AH0000038',39,'9566695006',54,'2016-05-23','CR','0.00','14000.00',NULL,'0.00','14000.00',NULL,'0.00','14000.00','PC',172,'Prakash Arul Mani','1',51,'2016-05-23 17:24:27',51,'2016-05-30 11:15:29','0000-00-00 00:00:00'),(33,58,'AH0000039',39,'9566695006',54,'2016-05-23','CA','278.40','1920.00',NULL,'0.00','2198.40',NULL,'0.40','2198.00','C',172,'Prakash Arul Mani','1',51,'2016-05-23 17:24:38',51,'2016-05-23 17:24:38','0000-00-00 00:00:00'),(34,58,'AH0000040',39,'9566695006',54,'2016-05-23','CR','0.00','10.00',NULL,'0.00','10.00',NULL,'0.00','10.00','C',148,'Prakash Arul Mani','1',51,'2016-05-23 17:25:21',51,'2016-05-23 17:27:40','0000-00-00 00:00:00'),(35,58,'AH0000041',39,'9566695006',54,'2016-05-23','CR','696.00','4800.00',NULL,'0.00','5496.00',NULL,'0.00','5496.00','C',148,'Prakash Arul Mani','1',51,'2016-05-23 17:25:32',51,'2016-05-23 17:28:25','0000-00-00 00:00:00'),(36,58,'AH0000042',NULL,NULL,54,'2016-05-23','COD','0.50','10.00',NULL,'0.00','10.50',NULL,'0.50','11.00','P',NULL,'aaaaa','1',51,'2016-05-23 17:59:20',51,'2016-05-23 17:59:20','0000-00-00 00:00:00'),(37,58,'AH0000043',NULL,NULL,56,'2016-05-23','CA','5.00','100.00',NULL,'0.00','105.00',NULL,'0.00','105.00','C',NULL,NULL,'1',51,'2016-05-23 18:28:49',51,'2016-05-23 18:28:50','0000-00-00 00:00:00'),(38,58,'AH0000044',34,'9865565668',54,'2016-05-23','CA','844.20','15060.00',NULL,'0.00','15904.20',NULL,'0.20','15904.00','C',171,'Prakash','1',51,'2016-05-23 18:58:49',51,'2016-05-23 18:58:49','0000-00-00 00:00:00'),(39,58,'AH0000045',20,'676767676',54,'2016-05-23','CA','5.00','100.00',NULL,'0.00','105.00',NULL,'0.00','105.00','C',165,'Rahul','1',51,'2016-05-23 19:07:53',51,'2016-05-23 19:07:53','0000-00-00 00:00:00'),(40,58,'AH0000046',NULL,NULL,54,'2016-05-24','CA','0.00','0.00',NULL,'0.00','0.00',NULL,'0.00','0.00','C',NULL,NULL,'1',51,'2016-05-24 12:59:06',51,'2016-05-24 12:59:06','0000-00-00 00:00:00'),(41,58,'AH0000047',40,'9789741406',56,'2016-05-24','CA','0.00','0.00',NULL,'0.00','0.00',NULL,'0.00','0.00','C',139,'Nadesh','1',51,'2016-05-24 13:00:36',51,'2016-05-24 13:00:36','0000-00-00 00:00:00'),(42,58,'AH0000048',NULL,NULL,58,'2016-05-24','CA','147.50','2950.00','0.00','0.00','3097.50',NULL,'0.50','3098.00','C',NULL,NULL,'1',51,'2016-05-24 14:02:36',51,'2016-05-24 14:02:37','0000-00-00 00:00:00'),(43,58,'AH0000050',NULL,NULL,54,'2016-05-30','CR','2789.00','19300.00',NULL,'0.00','22089.00',NULL,'0.00','22089.00','PC',NULL,'Vinoth','1',51,'2016-05-30 10:59:59',51,'2016-05-30 11:17:49','0000-00-00 00:00:00'),(44,58,'AH0000051',26,NULL,56,'2016-05-30','CR','7007.50','140150.00',NULL,'0.00','147157.50',NULL,'0.50','147158.00','PC',154,'rajesh','1',51,'2016-05-30 11:05:29',51,'2016-05-30 11:09:23','0000-00-00 00:00:00');

/*Table structure for table `pha_sale_billing` */

DROP TABLE IF EXISTS `pha_sale_billing`;

CREATE TABLE `pha_sale_billing` (
  `sale_billing_id` int(11) NOT NULL AUTO_INCREMENT,
  `sale_id` int(11) NOT NULL,
  `tenant_id` int(11) NOT NULL,
  `paid_date` date NOT NULL,
  `paid_amount` decimal(10,2) NOT NULL,
  `status` enum('0','1') DEFAULT '1',
  `created_by` int(11) NOT NULL,
  `created_at` timestamp NOT NULL DEFAULT CURRENT_TIMESTAMP,
  `modified_by` int(11) DEFAULT NULL,
  `modified_at` timestamp NULL DEFAULT NULL,
  `deleted_at` timestamp NULL DEFAULT '0000-00-00 00:00:00',
  PRIMARY KEY (`sale_billing_id`),
  KEY `FK_pha_sale_billing_tenant` (`tenant_id`),
  KEY `FK_pha_sale_billing_sale` (`sale_id`),
  CONSTRAINT `FK_pha_sale_billing_sale` FOREIGN KEY (`sale_id`) REFERENCES `pha_sale` (`sale_id`) ON DELETE CASCADE ON UPDATE CASCADE,
  CONSTRAINT `FK_pha_sale_billing_tenant` FOREIGN KEY (`tenant_id`) REFERENCES `co_tenant` (`tenant_id`) ON DELETE CASCADE ON UPDATE CASCADE
) ENGINE=InnoDB AUTO_INCREMENT=50 DEFAULT CHARSET=latin1;

/*Data for the table `pha_sale_billing` */

insert  into `pha_sale_billing`(`sale_billing_id`,`sale_id`,`tenant_id`,`paid_date`,`paid_amount`,`status`,`created_by`,`created_at`,`modified_by`,`modified_at`,`deleted_at`) values (1,30,58,'2016-05-23','105.00','1',51,'2016-05-23 17:21:06',51,'2016-05-23 17:21:06','0000-00-00 00:00:00'),(2,31,58,'2016-05-23','5496.00','1',51,'2016-05-23 17:21:06',51,'2016-05-23 17:21:06','0000-00-00 00:00:00'),(3,33,58,'2016-05-23','2198.00','1',51,'2016-05-23 17:24:38',51,'2016-05-23 17:24:38','0000-00-00 00:00:00'),(4,34,58,'2016-05-23','10.00','1',51,'2016-05-23 17:27:40',51,'2016-05-23 17:27:40','0000-00-00 00:00:00'),(5,35,58,'2016-05-23','4990.00','1',51,'2016-05-23 17:27:40',51,'2016-05-23 17:27:40','0000-00-00 00:00:00'),(6,35,58,'2016-05-23','400.00','1',51,'2016-05-23 17:28:14',51,'2016-05-23 17:28:14','0000-00-00 00:00:00'),(7,35,58,'2016-05-23','106.00','1',51,'2016-05-23 17:28:25',51,'2016-05-23 17:28:25','0000-00-00 00:00:00'),(8,32,58,'2016-05-23','10000.00','1',51,'2016-05-23 17:30:21',51,'2016-05-23 17:30:21','0000-00-00 00:00:00'),(9,37,58,'2016-05-23','105.00','1',51,'2016-05-23 18:28:50',51,'2016-05-23 18:28:50','0000-00-00 00:00:00'),(10,38,58,'2016-05-23','15904.00','1',51,'2016-05-23 18:58:49',51,'2016-05-23 18:58:49','0000-00-00 00:00:00'),(11,39,58,'2016-05-23','105.00','1',51,'2016-05-23 19:07:53',51,'2016-05-23 19:07:53','0000-00-00 00:00:00'),(12,32,58,'2016-05-23','180.00','1',51,'2016-05-23 19:09:12',51,'2016-05-23 19:09:12','0000-00-00 00:00:00'),(13,32,58,'2016-05-23','222.00','1',51,'2016-05-23 19:10:06',51,'2016-05-23 19:10:06','0000-00-00 00:00:00'),(14,32,58,'2016-05-23','100.00','1',51,'2016-05-23 19:10:41',51,'2016-05-23 19:10:41','0000-00-00 00:00:00'),(15,40,58,'2016-05-24','0.00','1',51,'2016-05-24 12:59:06',51,'2016-05-24 12:59:06','0000-00-00 00:00:00'),(16,41,58,'2016-05-24','0.00','1',51,'2016-05-24 13:00:36',51,'2016-05-24 13:00:36','0000-00-00 00:00:00'),(17,42,58,'2016-05-24','3098.00','1',51,'2016-05-24 14:02:37',51,'2016-05-24 14:02:37','0000-00-00 00:00:00'),(18,32,58,'2016-05-28','200.00','1',51,'2016-05-28 18:52:05',51,'2016-05-28 18:52:05','0000-00-00 00:00:00'),(19,32,58,'2016-05-28','1.00','1',51,'2016-05-28 18:59:27',51,'2016-05-28 18:59:27','0000-00-00 00:00:00'),(20,32,58,'2016-05-28','1.00','1',51,'2016-05-28 19:01:59',51,'2016-05-28 19:01:59','0000-00-00 00:00:00'),(21,32,58,'2016-05-28','1.00','1',51,'2016-05-28 19:13:11',51,'2016-05-28 19:13:11','0000-00-00 00:00:00'),(22,32,58,'2016-05-28','1.00','1',51,'2016-05-28 19:33:05',51,'2016-05-28 19:33:05','0000-00-00 00:00:00'),(23,32,58,'2016-05-28','1.00','1',51,'2016-05-28 19:34:08',51,'2016-05-28 19:34:08','0000-00-00 00:00:00'),(24,32,58,'2016-05-28','1.00','1',51,'2016-05-28 19:40:12',51,'2016-05-28 19:40:12','0000-00-00 00:00:00'),(25,32,58,'2016-05-28','1.00','1',51,'2016-05-28 19:41:21',51,'2016-05-28 19:41:21','0000-00-00 00:00:00'),(26,32,58,'2016-05-28','1.00','1',51,'2016-05-28 19:43:59',51,'2016-05-28 19:43:59','0000-00-00 00:00:00'),(27,32,58,'2016-05-28','1.00','1',51,'2016-05-28 19:45:09',51,'2016-05-28 19:45:09','0000-00-00 00:00:00'),(28,32,58,'2016-05-28','1.00','1',51,'2016-05-28 19:45:52',51,'2016-05-28 19:45:52','0000-00-00 00:00:00'),(29,32,58,'2016-05-30','1.00','1',51,'2016-05-30 10:13:28',51,'2016-05-30 10:13:28','0000-00-00 00:00:00'),(30,32,58,'2016-05-30','1.00','1',51,'2016-05-30 10:18:29',51,'2016-05-30 10:18:29','0000-00-00 00:00:00'),(31,32,58,'2016-05-30','1.00','1',51,'2016-05-30 10:20:29',51,'2016-05-30 10:20:29','0000-00-00 00:00:00'),(32,32,58,'2016-05-30','1.00','1',51,'2016-05-30 10:22:32',51,'2016-05-30 10:22:32','0000-00-00 00:00:00'),(33,32,58,'2016-05-30','1.00','1',51,'2016-05-30 10:23:13',51,'2016-05-30 10:23:13','0000-00-00 00:00:00'),(34,32,58,'2016-05-30','1.00','1',51,'2016-05-30 10:23:26',51,'2016-05-30 10:23:26','0000-00-00 00:00:00'),(35,32,58,'2016-05-30','1.00','1',51,'2016-05-30 10:23:45',51,'2016-05-30 10:23:45','0000-00-00 00:00:00'),(36,44,58,'2016-05-30','1.00','1',51,'2016-05-30 11:05:54',51,'2016-05-30 11:05:54','0000-00-00 00:00:00'),(37,44,58,'2016-05-30','1.00','1',51,'2016-05-30 11:06:07',51,'2016-05-30 11:06:07','0000-00-00 00:00:00'),(38,44,58,'2016-05-30','1.00','1',51,'2016-05-30 11:07:10',51,'2016-05-30 11:07:10','0000-00-00 00:00:00'),(39,44,58,'2016-05-30','1.00','1',51,'2016-05-30 11:08:02',51,'2016-05-30 11:08:02','0000-00-00 00:00:00'),(40,32,58,'2016-05-30','1.00','1',51,'2016-05-30 11:08:11',51,'2016-05-30 11:08:11','0000-00-00 00:00:00'),(41,44,58,'2016-05-30','1.00','1',51,'2016-05-30 11:08:45',51,'2016-05-30 11:08:45','0000-00-00 00:00:00'),(42,32,58,'2016-05-30','1.00','1',51,'2016-05-30 11:08:52',51,'2016-05-30 11:08:52','0000-00-00 00:00:00'),(43,44,58,'2016-05-30','10.00','1',51,'2016-05-30 11:09:23',51,'2016-05-30 11:09:23','0000-00-00 00:00:00'),(44,43,58,'2016-05-30','12.00','1',51,'2016-05-30 11:14:41',51,'2016-05-30 11:14:41','0000-00-00 00:00:00'),(45,43,58,'2016-05-30','12.00','1',51,'2016-05-30 11:14:52',51,'2016-05-30 11:14:52','0000-00-00 00:00:00'),(46,32,58,'2016-05-30','12.00','1',51,'2016-05-30 11:15:29',51,'2016-05-30 11:15:29','0000-00-00 00:00:00'),(47,43,58,'2016-05-30','6.00','1',51,'2016-05-30 11:15:44',51,'2016-05-30 11:15:44','0000-00-00 00:00:00'),(48,43,58,'2016-05-30','20.00','1',51,'2016-05-30 11:16:06',51,'2016-05-30 11:16:06','0000-00-00 00:00:00'),(49,43,58,'2016-05-30','39.00','1',51,'2016-05-30 11:17:49',51,'2016-05-30 11:17:49','0000-00-00 00:00:00');

/*Table structure for table `pha_sale_item` */

DROP TABLE IF EXISTS `pha_sale_item`;

CREATE TABLE `pha_sale_item` (
  `sale_item_id` int(11) NOT NULL AUTO_INCREMENT,
  `tenant_id` int(11) NOT NULL,
  `sale_id` int(11) NOT NULL,
  `product_id` int(11) NOT NULL,
  `batch_id` int(11) NOT NULL,
  `quantity` int(11) NOT NULL,
  `package_name` varchar(255) DEFAULT NULL,
  `mrp` decimal(10,2) NOT NULL,
  `item_amount` decimal(10,2) NOT NULL COMMENT 'qty * mrp',
  `vat_amount` decimal(10,2) DEFAULT NULL,
  `vat_percent` decimal(10,2) DEFAULT NULL,
  `status` enum('0','1') DEFAULT '1',
  `created_by` int(11) NOT NULL,
  `created_at` timestamp NOT NULL DEFAULT CURRENT_TIMESTAMP,
  `modified_by` int(11) DEFAULT NULL,
  `modified_at` timestamp NULL DEFAULT NULL,
  `deleted_at` timestamp NULL DEFAULT '0000-00-00 00:00:00',
  PRIMARY KEY (`sale_item_id`),
  KEY `FK_pha_sale_item_tenant` (`tenant_id`),
  KEY `FK_pha_sale_item` (`sale_id`),
  KEY `FK_pha_sale_item_product` (`product_id`),
  KEY `FK_pha_sale_item_batch` (`batch_id`),
  CONSTRAINT `FK_pha_sale_item` FOREIGN KEY (`sale_id`) REFERENCES `pha_sale` (`sale_id`) ON DELETE CASCADE ON UPDATE CASCADE,
  CONSTRAINT `FK_pha_sale_item_batch` FOREIGN KEY (`batch_id`) REFERENCES `pha_product_batch` (`batch_id`) ON DELETE CASCADE ON UPDATE CASCADE,
  CONSTRAINT `FK_pha_sale_item_product` FOREIGN KEY (`product_id`) REFERENCES `pha_product` (`product_id`) ON DELETE CASCADE ON UPDATE CASCADE,
  CONSTRAINT `FK_pha_sale_item_tenant` FOREIGN KEY (`tenant_id`) REFERENCES `co_tenant` (`tenant_id`) ON DELETE CASCADE ON UPDATE CASCADE
) ENGINE=InnoDB AUTO_INCREMENT=24 DEFAULT CHARSET=latin1;

/*Data for the table `pha_sale_item` */

insert  into `pha_sale_item`(`sale_item_id`,`tenant_id`,`sale_id`,`product_id`,`batch_id`,`quantity`,`package_name`,`mrp`,`item_amount`,`vat_amount`,`vat_percent`,`status`,`created_by`,`created_at`,`modified_by`,`modified_at`,`deleted_at`) values (1,58,30,3,35,10,'10s','10.00','100.00','5.00','5.00','1',51,'2016-05-23 17:04:18',51,'2016-05-23 17:04:18','0000-00-00 00:00:00'),(2,58,31,2,32,5,'10s','960.00','4800.00','696.00','14.50','1',51,'2016-05-23 17:04:36',51,'2016-05-23 17:04:36','0000-00-00 00:00:00'),(3,58,32,1,31,1,'','14000.00','14000.00','0.00','0.00','1',51,'2016-05-23 17:24:27',51,'2016-05-23 17:24:27','0000-00-00 00:00:00'),(4,58,33,2,32,2,'10s','960.00','1920.00','278.40','14.50','1',51,'2016-05-23 17:24:38',51,'2016-05-23 17:24:38','0000-00-00 00:00:00'),(5,58,34,3,35,1,'','10.00','10.00','0.00','0.00','1',51,'2016-05-23 17:25:21',51,'2016-05-23 17:25:21','0000-00-00 00:00:00'),(6,58,35,2,32,5,'10s','960.00','4800.00','696.00','14.50','1',51,'2016-05-23 17:25:32',51,'2016-05-23 17:25:32','0000-00-00 00:00:00'),(7,58,36,3,35,1,'10s','10.00','10.00','0.50','5.00','1',51,'2016-05-23 17:59:20',51,'2016-05-23 17:59:20','0000-00-00 00:00:00'),(8,58,37,3,35,10,'10s','10.00','100.00','5.00','5.00','1',51,'2016-05-23 18:28:50',51,'2016-05-23 18:28:50','0000-00-00 00:00:00'),(9,58,38,3,35,10,'10s','10.00','100.00','5.00','5.00','1',51,'2016-05-23 18:58:49',51,'2016-05-23 18:58:49','0000-00-00 00:00:00'),(10,58,38,2,32,1,'10s','960.00','960.00','139.20','14.50','1',51,'2016-05-23 18:58:49',51,'2016-05-23 18:58:49','0000-00-00 00:00:00'),(11,58,38,1,31,1,'10s','14000.00','14000.00','700.00','5.00','1',51,'2016-05-23 18:58:49',51,'2016-05-23 18:58:49','0000-00-00 00:00:00'),(12,58,39,3,35,10,'10s','10.00','100.00','5.00','5.00','1',51,'2016-05-23 19:07:54',51,'2016-05-23 19:07:54','0000-00-00 00:00:00'),(13,58,40,2,32,10,'10s','960.00','0.00','0.00','14.50','1',51,'2016-05-24 12:59:06',51,'2016-05-24 12:59:06','0000-00-00 00:00:00'),(14,58,40,3,35,10,'10s','10.00','0.00','0.00','5.00','1',51,'2016-05-24 12:59:06',51,'2016-05-24 12:59:06','0000-00-00 00:00:00'),(15,58,40,1,31,15,'10s','14000.00','0.00','0.00','5.00','1',51,'2016-05-24 12:59:06',51,'2016-05-24 12:59:06','0000-00-00 00:00:00'),(16,58,41,3,35,10,'10s','10.00','0.00','0.00','5.00','1',51,'2016-05-24 13:00:36',51,'2016-05-24 13:00:36','0000-00-00 00:00:00'),(17,58,41,2,34,15,'10s','150.00','0.00','0.00','14.50','1',51,'2016-05-24 13:00:37',51,'2016-05-24 13:00:37','0000-00-00 00:00:00'),(18,58,42,3,35,15,'10s','10.00','150.00','7.50','5.00','1',51,'2016-05-24 14:02:37',51,'2016-05-24 14:02:37','0000-00-00 00:00:00'),(19,58,42,1,33,28,'10s','100.00','2800.00','140.00','5.00','1',51,'2016-05-24 14:02:38',51,'2016-05-24 14:02:38','0000-00-00 00:00:00'),(20,58,43,3,35,10,'10s','10.00','100.00','5.00','5.00','1',51,'2016-05-30 10:59:59',51,'2016-05-30 10:59:59','0000-00-00 00:00:00'),(21,58,43,2,32,20,'10s','960.00','19200.00','2784.00','14.50','1',51,'2016-05-30 10:59:59',51,'2016-05-30 10:59:59','0000-00-00 00:00:00'),(22,58,44,1,31,10,'10s','14000.00','140000.00','7000.00','5.00','1',51,'2016-05-30 11:05:30',51,'2016-05-30 11:05:30','0000-00-00 00:00:00'),(23,58,44,3,35,15,'10s','10.00','150.00','7.50','5.00','1',51,'2016-05-30 11:05:30',51,'2016-05-30 11:05:30','0000-00-00 00:00:00');

/*Table structure for table `pha_sale_return` */

DROP TABLE IF EXISTS `pha_sale_return`;

CREATE TABLE `pha_sale_return` (
  `sale_ret_id` int(11) NOT NULL AUTO_INCREMENT,
  `tenant_id` int(11) NOT NULL,
  `bill_no` varchar(50) NOT NULL,
  `patient_id` int(11) NOT NULL,
  `mobile_no` varchar(50) NOT NULL,
  `sale_date` date NOT NULL,
  `total_item_sale_amount` decimal(10,2) DEFAULT NULL,
  `total_item_discount_percent` decimal(10,2) DEFAULT NULL,
  `total_item_discount_amount` decimal(10,2) DEFAULT NULL COMMENT 'total_item_sale_amount * discount_percent',
  `total_item_amount` decimal(10,2) DEFAULT NULL COMMENT 'total_item_sale_amount - discount_amount',
  `roundoff_amount` decimal(10,2) DEFAULT NULL,
  `bill_amount` decimal(10,2) DEFAULT NULL COMMENT 'total_item_amount  + roundoff',
  `status` enum('0','1') DEFAULT '1',
  `created_by` int(11) NOT NULL,
  `created_at` timestamp NOT NULL DEFAULT CURRENT_TIMESTAMP,
  `modified_by` int(11) DEFAULT NULL,
  `modified_at` timestamp NULL DEFAULT NULL,
  `deleted_at` timestamp NULL DEFAULT '0000-00-00 00:00:00',
  PRIMARY KEY (`sale_ret_id`),
  KEY `FK_pha_sale_return_tenant` (`tenant_id`),
  KEY `FK_pha_sale_return_patient` (`patient_id`),
  CONSTRAINT `FK_pha_sale_return_patient` FOREIGN KEY (`patient_id`) REFERENCES `pat_patient` (`patient_id`) ON UPDATE CASCADE,
  CONSTRAINT `FK_pha_sale_return_tenant` FOREIGN KEY (`tenant_id`) REFERENCES `co_tenant` (`tenant_id`) ON DELETE CASCADE ON UPDATE CASCADE
) ENGINE=InnoDB DEFAULT CHARSET=latin1;

/*Data for the table `pha_sale_return` */

/*Table structure for table `pha_sale_return_item` */

DROP TABLE IF EXISTS `pha_sale_return_item`;

CREATE TABLE `pha_sale_return_item` (
  `sale_ret_item_id` int(11) NOT NULL AUTO_INCREMENT,
  `tenant_id` int(11) NOT NULL,
  `sale_ret_id` int(11) NOT NULL,
  `product_id` int(11) NOT NULL,
  `batch_id` int(11) NOT NULL,
  `quantity` int(11) NOT NULL,
  `package_name` varchar(255) DEFAULT NULL,
  `mrp` decimal(10,2) NOT NULL,
  `item_amount` decimal(10,2) NOT NULL COMMENT 'qty * mrp',
  `status` enum('0','1') DEFAULT '1',
  `created_by` int(11) NOT NULL,
  `created_at` timestamp NOT NULL DEFAULT CURRENT_TIMESTAMP,
  `modified_by` int(11) DEFAULT NULL,
  `modified_at` timestamp NULL DEFAULT NULL,
  `deleted_at` timestamp NULL DEFAULT '0000-00-00 00:00:00',
  PRIMARY KEY (`sale_ret_item_id`),
  KEY `FK_pha_sale_ret_item_tenant` (`tenant_id`),
  KEY `FK_pha_sale_ret_item` (`sale_ret_id`),
  KEY `FK_pha_sale_ret_item_product` (`product_id`),
  KEY `FK_pha_sale_ret_item_batch` (`batch_id`),
  CONSTRAINT `FK_pha_sale_ret_item` FOREIGN KEY (`sale_ret_id`) REFERENCES `pha_sale_return` (`sale_ret_id`) ON DELETE CASCADE ON UPDATE CASCADE,
  CONSTRAINT `FK_pha_sale_ret_item_batch` FOREIGN KEY (`batch_id`) REFERENCES `pha_product_batch` (`batch_id`) ON DELETE CASCADE ON UPDATE CASCADE,
  CONSTRAINT `FK_pha_sale_ret_item_product` FOREIGN KEY (`product_id`) REFERENCES `pha_product` (`product_id`) ON DELETE CASCADE ON UPDATE CASCADE,
  CONSTRAINT `FK_pha_sale_ret_item_tenant` FOREIGN KEY (`tenant_id`) REFERENCES `co_tenant` (`tenant_id`) ON DELETE CASCADE ON UPDATE CASCADE
) ENGINE=InnoDB DEFAULT CHARSET=latin1;

/*Data for the table `pha_sale_return_item` */

/*Table structure for table `pha_supplier` */

DROP TABLE IF EXISTS `pha_supplier`;

CREATE TABLE `pha_supplier` (
  `supplier_id` int(11) NOT NULL AUTO_INCREMENT,
  `tenant_id` int(11) NOT NULL,
  `supplier_name` varchar(100) NOT NULL,
  `supplier_code` varchar(50) DEFAULT NULL,
  `supplier_address` text NOT NULL,
  `city_id` int(11) DEFAULT NULL,
  `state_id` int(11) DEFAULT NULL,
  `country_id` int(11) DEFAULT NULL,
  `zip` varchar(30) DEFAULT NULL,
  `supplier_mobile` varchar(50) NOT NULL,
  `supplier_phone` varchar(50) DEFAULT NULL,
  `cst_no` varchar(100) NOT NULL,
  `tin_no` varchar(100) NOT NULL,
  `drug_license` varchar(100) DEFAULT NULL,
  `status` enum('0','1') DEFAULT '1',
  `created_by` int(11) NOT NULL,
  `created_at` timestamp NOT NULL DEFAULT CURRENT_TIMESTAMP,
  `modified_by` int(11) DEFAULT NULL,
  `modified_at` timestamp NULL DEFAULT NULL,
  `deleted_at` timestamp NULL DEFAULT '0000-00-00 00:00:00',
  PRIMARY KEY (`supplier_id`),
  UNIQUE KEY `PhasupplierUnique` (`tenant_id`,`supplier_name`,`deleted_at`),
  KEY `FK_pha_supplier_city` (`city_id`),
  KEY `FK_pha_supplier_state` (`state_id`),
  KEY `FK_pha_supplier_country` (`country_id`),
  CONSTRAINT `FK_pha_supplier_city` FOREIGN KEY (`city_id`) REFERENCES `co_master_city` (`city_id`) ON UPDATE CASCADE,
  CONSTRAINT `FK_pha_supplier_country` FOREIGN KEY (`country_id`) REFERENCES `co_master_country` (`country_id`) ON UPDATE CASCADE,
  CONSTRAINT `FK_pha_supplier_state` FOREIGN KEY (`state_id`) REFERENCES `co_master_state` (`state_id`) ON UPDATE CASCADE,
  CONSTRAINT `FK_pha_supplier_tenant` FOREIGN KEY (`tenant_id`) REFERENCES `co_tenant` (`tenant_id`) ON DELETE CASCADE ON UPDATE CASCADE
) ENGINE=InnoDB AUTO_INCREMENT=4 DEFAULT CHARSET=latin1;

/*Data for the table `pha_supplier` */

insert  into `pha_supplier`(`supplier_id`,`tenant_id`,`supplier_name`,`supplier_code`,`supplier_address`,`city_id`,`state_id`,`country_id`,`zip`,`supplier_mobile`,`supplier_phone`,`cst_no`,`tin_no`,`drug_license`,`status`,`created_by`,`created_at`,`modified_by`,`modified_at`,`deleted_at`) values (1,58,'Supplier 1','0001','Supplier 1',1,8,7,'625002','',NULL,'','',NULL,'1',51,'2016-03-07 15:40:53',51,'2016-03-07 15:40:53','0000-00-00 00:00:00'),(2,58,'supplier 2',NULL,'23123123',NULL,NULL,NULL,NULL,'233213123',NULL,'12323','23231',NULL,'1',51,'2016-05-23 19:26:27',51,'2016-05-23 19:26:27','0000-00-00 00:00:00'),(3,58,'supplier 3',NULL,'23123123',NULL,NULL,NULL,NULL,'233213123',NULL,'12323','23231',NULL,'1',51,'2016-05-23 19:26:33',51,'2016-05-23 19:26:33','0000-00-00 00:00:00');

/*Table structure for table `pha_vat` */

DROP TABLE IF EXISTS `pha_vat`;

CREATE TABLE `pha_vat` (
  `vat_id` int(11) NOT NULL AUTO_INCREMENT,
  `tenant_id` int(11) NOT NULL,
  `vat` decimal(10,2) NOT NULL,
  `status` enum('0','1') DEFAULT '1',
  `created_by` int(11) NOT NULL,
  `created_at` timestamp NOT NULL DEFAULT CURRENT_TIMESTAMP,
  `modified_by` int(11) DEFAULT NULL,
  `modified_at` timestamp NULL DEFAULT NULL,
  `deleted_at` timestamp NULL DEFAULT '0000-00-00 00:00:00',
  PRIMARY KEY (`vat_id`),
  UNIQUE KEY `PhavatUnique` (`tenant_id`,`vat`,`deleted_at`),
  CONSTRAINT `FK_pha_vat_tenant` FOREIGN KEY (`tenant_id`) REFERENCES `co_tenant` (`tenant_id`) ON DELETE CASCADE ON UPDATE CASCADE
) ENGINE=InnoDB AUTO_INCREMENT=5 DEFAULT CHARSET=latin1;

/*Data for the table `pha_vat` */

insert  into `pha_vat`(`vat_id`,`tenant_id`,`vat`,`status`,`created_by`,`created_at`,`modified_by`,`modified_at`,`deleted_at`) values (1,58,'5.00','1',51,'2016-03-07 15:25:56',51,'2016-03-07 15:25:56','0000-00-00 00:00:00'),(2,58,'14.50','1',51,'2016-03-07 15:26:03',51,'2016-03-07 15:26:03','0000-00-00 00:00:00'),(3,58,'12.00','1',51,'2016-03-16 16:47:29',51,'2016-03-16 16:47:29','0000-00-00 00:00:00'),(4,58,'18.00','1',51,'2016-03-16 16:47:39',51,'2016-03-16 16:47:39','0000-00-00 00:00:00');

/*Table structure for table `v_billing_advance_charges` */

DROP TABLE IF EXISTS `v_billing_advance_charges`;

/*!50001 DROP VIEW IF EXISTS `v_billing_advance_charges` */;
/*!50001 DROP TABLE IF EXISTS `v_billing_advance_charges` */;

/*!50001 CREATE TABLE  `v_billing_advance_charges`(
 `tenant_id` int(11) ,
 `encounter_id` int(11) ,
 `patient_id` int(11) ,
 `payment_id` int(11) ,
 `payment_date` datetime ,
 `category` varchar(14) ,
 `headers` varchar(20) ,
 `charge` int(1) ,
 `visit_count` int(1) ,
 `trans_mode` varchar(1) ,
 `total_charge` decimal(10,2) ,
 `extra_amount` int(1) ,
 `concession_amount` int(1) 
)*/;

/*Table structure for table `v_billing_other_charges` */

DROP TABLE IF EXISTS `v_billing_other_charges`;

/*!50001 DROP VIEW IF EXISTS `v_billing_other_charges` */;
/*!50001 DROP TABLE IF EXISTS `v_billing_other_charges` */;

/*!50001 CREATE TABLE  `v_billing_other_charges`(
 `tenant_id` int(11) ,
 `encounter_id` int(11) ,
 `patient_id` int(11) ,
 `category_id` int(11) ,
 `category` varchar(50) ,
 `headers` varchar(50) ,
 `charge` decimal(10,2) ,
 `visit_count` int(1) ,
 `trans_mode` varchar(1) ,
 `total_charge` decimal(10,2) ,
 `extra_amount` int(1) ,
 `concession_amount` int(1) ,
 `other_charge_id` int(11) 
)*/;

/*Table structure for table `v_billing_procedures` */

DROP TABLE IF EXISTS `v_billing_procedures`;

/*!50001 DROP VIEW IF EXISTS `v_billing_procedures` */;
/*!50001 DROP TABLE IF EXISTS `v_billing_procedures` */;

/*!50001 CREATE TABLE  `v_billing_procedures`(
 `tenant_id` int(11) ,
 `encounter_id` int(11) ,
 `patient_id` int(11) ,
 `category_id` int(11) ,
 `category` varchar(17) ,
 `headers` varchar(50) ,
 `charge` decimal(10,2) ,
 `visit_count` bigint(21) ,
 `trans_mode` varchar(1) ,
 `total_charge` decimal(32,2) ,
 `extra_amount` decimal(10,2) ,
 `concession_amount` decimal(10,2) ,
 `ec_id` bigint(11) ,
 `ec_type` varchar(1) 
)*/;

/*Table structure for table `v_billing_professionals` */

DROP TABLE IF EXISTS `v_billing_professionals`;

/*!50001 DROP VIEW IF EXISTS `v_billing_professionals` */;
/*!50001 DROP TABLE IF EXISTS `v_billing_professionals` */;

/*!50001 CREATE TABLE  `v_billing_professionals`(
 `tenant_id` int(11) ,
 `encounter_id` int(11) ,
 `patient_id` int(11) ,
 `category_id` int(11) ,
 `category` varchar(20) ,
 `headers` varchar(61) ,
 `charge` decimal(10,2) ,
 `visit_count` bigint(21) ,
 `trans_mode` varchar(1) ,
 `total_charge` decimal(32,2) ,
 `extra_amount` decimal(10,2) ,
 `concession_amount` decimal(10,2) ,
 `ec_id` bigint(11) ,
 `ec_type` varchar(1) 
)*/;

/*Table structure for table `v_billing_recurring` */

DROP TABLE IF EXISTS `v_billing_recurring`;

/*!50001 DROP VIEW IF EXISTS `v_billing_recurring` */;
/*!50001 DROP TABLE IF EXISTS `v_billing_recurring` */;

/*!50001 CREATE TABLE  `v_billing_recurring`(
 `tenant_id` int(11) ,
 `encounter_id` int(11) ,
 `room_type_id` int(11) ,
 `room_type` varchar(255) ,
 `charge_item_id` int(11) ,
 `charge_item` varchar(255) ,
 `from_date` date ,
 `to_date` date ,
 `duration` int(8) ,
 `charge_amount` decimal(32,2) ,
 `total_charge` decimal(32,2) 
)*/;

/*Table structure for table `v_encounter` */

DROP TABLE IF EXISTS `v_encounter`;

/*!50001 DROP VIEW IF EXISTS `v_encounter` */;
/*!50001 DROP TABLE IF EXISTS `v_encounter` */;

/*!50001 CREATE TABLE  `v_encounter`(
 `id` int(11) ,
 `encounter_id` int(11) ,
 `date` varchar(21) ,
 `type` varchar(24) ,
 `details` varchar(214) ,
 `doctor` varchar(60) ,
 `patient_id` int(11) ,
 `patient_guid` varchar(50) ,
 `encounter_type` varchar(5) ,
 `status` varchar(1) ,
 `date_time` datetime ,
 `row_sts` varchar(2) ,
 `is_swap` bigint(6) ,
 `consultant_id` int(11) 
)*/;

/*View structure for view v_billing_advance_charges */

/*!50001 DROP TABLE IF EXISTS `v_billing_advance_charges` */;
/*!50001 DROP VIEW IF EXISTS `v_billing_advance_charges` */;

/*!50001 CREATE ALGORITHM=UNDEFINED DEFINER=`root`@`localhost` SQL SECURITY DEFINER VIEW `v_billing_advance_charges` AS (select `a`.`tenant_id` AS `tenant_id`,`a`.`encounter_id` AS `encounter_id`,`a`.`patient_id` AS `patient_id`,`a`.`payment_id` AS `payment_id`,`a`.`payment_date` AS `payment_date`,'Advance Charge' AS `category`,concat('Payment(',`a`.`payment_id`,')') AS `headers`,0 AS `charge`,0 AS `visit_count`,'C' AS `trans_mode`,`a`.`payment_amount` AS `total_charge`,0 AS `extra_amount`,0 AS `concession_amount` from `pat_billing_payment` `a` where ((`a`.`status` = '1') and (`a`.`deleted_at` = '0000-00-00 00:00:00'))) */;

/*View structure for view v_billing_other_charges */

/*!50001 DROP TABLE IF EXISTS `v_billing_other_charges` */;
/*!50001 DROP VIEW IF EXISTS `v_billing_other_charges` */;

/*!50001 CREATE ALGORITHM=UNDEFINED DEFINER=`root`@`localhost` SQL SECURITY DEFINER VIEW `v_billing_other_charges` AS (select `a`.`tenant_id` AS `tenant_id`,`a`.`encounter_id` AS `encounter_id`,`a`.`patient_id` AS `patient_id`,`a`.`charge_subcat_id` AS `category_id`,`b`.`charge_cat_name` AS `category`,`c`.`charge_subcat_name` AS `headers`,`a`.`charge_amount` AS `charge`,0 AS `visit_count`,'D' AS `trans_mode`,`a`.`charge_amount` AS `total_charge`,0 AS `extra_amount`,0 AS `concession_amount`,`a`.`other_charge_id` AS `other_charge_id` from ((`pat_billing_other_charges` `a` join `co_room_charge_category` `b` on((`b`.`charge_cat_id` = `a`.`charge_cat_id`))) join `co_room_charge_subcategory` `c` on((`c`.`charge_subcat_id` = `a`.`charge_subcat_id`))) where ((`a`.`status` = '1') and (`a`.`deleted_at` = '0000-00-00 00:00:00'))) */;

/*View structure for view v_billing_procedures */

/*!50001 DROP TABLE IF EXISTS `v_billing_procedures` */;
/*!50001 DROP VIEW IF EXISTS `v_billing_procedures` */;

/*!50001 CREATE ALGORITHM=UNDEFINED DEFINER=`root`@`localhost` SQL SECURITY DEFINER VIEW `v_billing_procedures` AS (select `a`.`tenant_id` AS `tenant_id`,`a`.`encounter_id` AS `encounter_id`,`a`.`patient_id` AS `patient_id`,`a`.`charge_subcat_id` AS `category_id`,'Procedure Charges' AS `category`,`b`.`charge_subcat_name` AS `headers`,truncate(avg(`a`.`charge_amount`),2) AS `charge`,count(`a`.`proc_id`) AS `visit_count`,'D' AS `trans_mode`,sum(`a`.`charge_amount`) AS `total_charge`,ifnull((select `c`.`extra_amount` from `pat_billing_extra_concession` `c` where ((`c`.`encounter_id` = `a`.`encounter_id`) and (`c`.`patient_id` = `a`.`patient_id`) and (`c`.`link_id` = `a`.`charge_subcat_id`) and (`c`.`ec_type` = 'P'))),0) AS `extra_amount`,ifnull((select `c`.`concession_amount` from `pat_billing_extra_concession` `c` where ((`c`.`encounter_id` = `a`.`encounter_id`) and (`c`.`patient_id` = `a`.`patient_id`) and (`c`.`link_id` = `a`.`charge_subcat_id`) and (`c`.`ec_type` = 'P'))),0) AS `concession_amount`,ifnull((select `c`.`ec_id` from `pat_billing_extra_concession` `c` where ((`c`.`encounter_id` = `a`.`encounter_id`) and (`c`.`patient_id` = `a`.`patient_id`) and (`c`.`link_id` = `a`.`charge_subcat_id`) and (`c`.`ec_type` = 'P')) limit 1),0) AS `ec_id`,ifnull((select `c`.`ec_type` from `pat_billing_extra_concession` `c` where ((`c`.`encounter_id` = `a`.`encounter_id`) and (`c`.`patient_id` = `a`.`patient_id`) and (`c`.`link_id` = `a`.`charge_subcat_id`) and (`c`.`ec_type` = 'P')) limit 1),0) AS `ec_type` from (`pat_procedure` `a` join `co_room_charge_subcategory` `b` on((`b`.`charge_subcat_id` = `a`.`charge_subcat_id`))) where ((`a`.`status` = '1') and (`a`.`deleted_at` = '0000-00-00 00:00:00')) group by `a`.`encounter_id`,`a`.`charge_subcat_id`) */;

/*View structure for view v_billing_professionals */

/*!50001 DROP TABLE IF EXISTS `v_billing_professionals` */;
/*!50001 DROP VIEW IF EXISTS `v_billing_professionals` */;

/*!50001 CREATE ALGORITHM=UNDEFINED DEFINER=`root`@`localhost` SQL SECURITY DEFINER VIEW `v_billing_professionals` AS (select `a`.`tenant_id` AS `tenant_id`,`a`.`encounter_id` AS `encounter_id`,`a`.`patient_id` AS `patient_id`,`a`.`consultant_id` AS `category_id`,'Professional Charges' AS `category`,concat(`b`.`title_code`,' ',`b`.`name`) AS `headers`,truncate(avg(`a`.`charge_amount`),2) AS `charge`,count(`a`.`pat_consult_id`) AS `visit_count`,'D' AS `trans_mode`,sum(`a`.`charge_amount`) AS `total_charge`,ifnull((select `c`.`extra_amount` from `pat_billing_extra_concession` `c` where ((`c`.`encounter_id` = `a`.`encounter_id`) and (`c`.`patient_id` = `a`.`patient_id`) and (`c`.`link_id` = `a`.`consultant_id`) and (`c`.`ec_type` = 'C'))),0) AS `extra_amount`,ifnull((select `c`.`concession_amount` from `pat_billing_extra_concession` `c` where ((`c`.`encounter_id` = `a`.`encounter_id`) and (`c`.`patient_id` = `a`.`patient_id`) and (`c`.`link_id` = `a`.`consultant_id`) and (`c`.`ec_type` = 'C'))),0) AS `concession_amount`,ifnull((select `c`.`ec_id` from `pat_billing_extra_concession` `c` where ((`c`.`encounter_id` = `a`.`encounter_id`) and (`c`.`patient_id` = `a`.`patient_id`) and (`c`.`link_id` = `a`.`consultant_id`) and (`c`.`ec_type` = 'C')) limit 1),0) AS `ec_id`,ifnull((select `c`.`ec_type` from `pat_billing_extra_concession` `c` where ((`c`.`encounter_id` = `a`.`encounter_id`) and (`c`.`patient_id` = `a`.`patient_id`) and (`c`.`link_id` = `a`.`consultant_id`) and (`c`.`ec_type` = 'C')) limit 1),0) AS `ec_type` from (`pat_consultant` `a` join `co_user` `b` on((`b`.`user_id` = `a`.`consultant_id`))) where ((`a`.`status` = '1') and (`a`.`deleted_at` = '0000-00-00 00:00:00')) group by `a`.`encounter_id`,`a`.`consultant_id`) */;

/*View structure for view v_billing_recurring */

/*!50001 DROP TABLE IF EXISTS `v_billing_recurring` */;
/*!50001 DROP VIEW IF EXISTS `v_billing_recurring` */;

/*!50001 CREATE ALGORITHM=UNDEFINED DEFINER=`root`@`localhost` SQL SECURITY DEFINER VIEW `v_billing_recurring` AS (select `pat_billing_recurring`.`tenant_id` AS `tenant_id`,`pat_billing_recurring`.`encounter_id` AS `encounter_id`,`pat_billing_recurring`.`room_type_id` AS `room_type_id`,`pat_billing_recurring`.`room_type` AS `room_type`,`pat_billing_recurring`.`charge_item_id` AS `charge_item_id`,`pat_billing_recurring`.`charge_item` AS `charge_item`,min(`pat_billing_recurring`.`recurr_date`) AS `from_date`,max(`pat_billing_recurring`.`recurr_date`) AS `to_date`,((to_days(max(`pat_billing_recurring`.`recurr_date`)) - to_days(min(`pat_billing_recurring`.`recurr_date`))) + 1) AS `duration`,truncate((sum(`pat_billing_recurring`.`charge_amount`) / ((to_days(max(`pat_billing_recurring`.`recurr_date`)) - to_days(min(`pat_billing_recurring`.`recurr_date`))) + 1)),2) AS `charge_amount`,sum(`pat_billing_recurring`.`charge_amount`) AS `total_charge` from `pat_billing_recurring` group by `pat_billing_recurring`.`encounter_id`,`pat_billing_recurring`.`room_type_id`,`pat_billing_recurring`.`recurr_group`,`pat_billing_recurring`.`charge_item_id`,`pat_billing_recurring`.`charge_amount`) */;

/*View structure for view v_encounter */

/*!50001 DROP TABLE IF EXISTS `v_encounter` */;
/*!50001 DROP VIEW IF EXISTS `v_encounter` */;

/*!50001 CREATE ALGORITHM=UNDEFINED DEFINER=`root`@`localhost` SQL SECURITY DEFINER VIEW `v_encounter` AS select `a`.`appt_id` AS `id`,`c`.`encounter_id` AS `encounter_id`,concat(`a`.`status_date`,' ',`a`.`status_time`) AS `date`,(case `a`.`appt_status` when 'B' then 'Booked' when 'A' then 'Arrived' when 'S' then 'Seen' when 'C' then 'Cancelled' else NULL end) AS `type`,'\nOP' AS `details`,concat(`b`.`title_code`,`b`.`name`) AS `doctor`,`c`.`patient_id` AS `patient_id`,`d`.`patient_guid` AS `patient_guid`,`c`.`encounter_type` AS `encounter_type`,`c`.`status` AS `status`,`a`.`status_date` AS `date_time`,`a`.`appt_status` AS `row_sts`,0 AS `is_swap`,`a`.`consultant_id` AS `consultant_id` from (((`pat_appointment` `a` join `co_user` `b` on((`b`.`user_id` = `a`.`consultant_id`))) join `pat_encounter` `c` on((`c`.`encounter_id` = `a`.`encounter_id`))) join `pat_patient` `d` on((`d`.`patient_id` = `c`.`patient_id`))) union all select `a`.`admn_id` AS `id`,`c`.`encounter_id` AS `encounter_id`,`a`.`status_date` AS `date`,(case `a`.`admission_status` when 'A' then 'Admission' when 'D' then 'Administrative Discharge' when 'CD' then 'Clinical Discharge' when 'TR' then 'Transfer (Room)' when 'TD' then 'Transfer (Doctor)' when 'C' then 'Cancelled' else NULL end) AS `type`,concat('IP: ',`d`.`floor_name`,' > ',`e`.`ward_name`,' > ',`f`.`bed_name`,'  (',`g`.`room_type_name`,')') AS `details`,concat(`b`.`title_code`,`b`.`name`) AS `doctor`,`c`.`patient_id` AS `patient_id`,`h`.`patient_guid` AS `patient_guid`,`c`.`encounter_type` AS `encounter_type`,`c`.`status` AS `status`,`a`.`status_date` AS `date_time`,`a`.`admission_status` AS `row_sts`,`a`.`is_swap` AS `is_swap`,`a`.`consultant_id` AS `consultant_id` from (((((((`pat_admission` `a` join `co_user` `b` on((`b`.`user_id` = `a`.`consultant_id`))) join `pat_encounter` `c` on((`c`.`encounter_id` = `a`.`encounter_id`))) left join `co_floor` `d` on((`d`.`floor_id` = `a`.`floor_id`))) left join `co_ward` `e` on((`e`.`ward_id` = `a`.`ward_id`))) left join `co_room` `f` on((`f`.`room_id` = `a`.`room_id`))) left join `co_room_type` `g` on((`g`.`room_type_id` = `a`.`room_type_id`))) join `pat_patient` `h` on((`h`.`patient_id` = `c`.`patient_id`))) where (`a`.`status` = '1') order by `encounter_id` desc,`date_time` */;

/*!40101 SET SQL_MODE=@OLD_SQL_MODE */;
/*!40014 SET FOREIGN_KEY_CHECKS=@OLD_FOREIGN_KEY_CHECKS */;
/*!40014 SET UNIQUE_CHECKS=@OLD_UNIQUE_CHECKS */;
/*!40111 SET SQL_NOTES=@OLD_SQL_NOTES */;
