/*
SQLyog Ultimate v8.55 
MySQL - 5.6.14 : Database - ahana
*********************************************************************
*/

/*!40101 SET NAMES utf8 */;

/*!40101 SET SQL_MODE=''*/;

/*!40014 SET @OLD_UNIQUE_CHECKS=@@UNIQUE_CHECKS, UNIQUE_CHECKS=0 */;
/*!40014 SET @OLD_FOREIGN_KEY_CHECKS=@@FOREIGN_KEY_CHECKS, FOREIGN_KEY_CHECKS=0 */;
/*!40101 SET @OLD_SQL_MODE=@@SQL_MODE, SQL_MODE='NO_AUTO_VALUE_ON_ZERO' */;
/*!40111 SET @OLD_SQL_NOTES=@@SQL_NOTES, SQL_NOTES=0 */;
/*Table structure for table `app_configuration` */

DROP TABLE IF EXISTS `app_configuration`;

CREATE TABLE `app_configuration` (
  `config_id` int(11) NOT NULL AUTO_INCREMENT,
  `tenant_id` int(11) NOT NULL,
  `code` varchar(50) NOT NULL,
  `key` text NOT NULL,
  `value` text NOT NULL,
  `notes` varchar(50) DEFAULT NULL,
  `status` enum('0','1') DEFAULT '1',
  `created_by` int(11) NOT NULL,
  `created_at` timestamp NOT NULL DEFAULT CURRENT_TIMESTAMP,
  `modified_by` int(11) DEFAULT NULL,
  `modified_at` timestamp NULL DEFAULT NULL,
  `deleted_at` timestamp NULL DEFAULT '0000-00-00 00:00:00',
  PRIMARY KEY (`config_id`),
  KEY `FK_app_configuration_tenant` (`tenant_id`),
  CONSTRAINT `FK_app_configuration_tenant` FOREIGN KEY (`tenant_id`) REFERENCES `co_tenant` (`tenant_id`) ON DELETE CASCADE ON UPDATE CASCADE
) ENGINE=InnoDB AUTO_INCREMENT=16 DEFAULT CHARSET=latin1;

/*Data for the table `app_configuration` */

insert  into `app_configuration`(`config_id`,`tenant_id`,`code`,`key`,`value`,`notes`,`status`,`created_by`,`created_at`,`modified_by`,`modified_at`,`deleted_at`) values (1,60,'RC','ROOM_CHARGE_CONFIG','11',NULL,'0',0,'2016-05-02 18:16:02',51,'2016-05-03 12:43:57','2016-05-03 12:43:57'),(2,60,'ET','ELAPSED_TIME','3600','seconds','1',0,'2016-05-02 18:28:32',51,'2016-06-09 17:32:45','0000-00-00 00:00:00'),(3,60,'ENCOUNTER','SHARE_ENCOUNTER','1','Share Encounter','1',0,'2016-06-09 16:28:56',51,'2016-06-09 17:13:42','0000-00-00 00:00:00'),(4,60,'NOTES','SHARE_NOTES','1','Share Notes','1',0,'2016-06-09 16:29:20',51,'2016-06-09 17:13:42','0000-00-00 00:00:00'),(5,60,'CONSULTANT','SHARE_CONSULTANT','1','Share Consultant','1',0,'2016-06-09 16:30:18',51,'2016-06-09 17:13:42','0000-00-00 00:00:00'),(6,60,'ALERT','SHARE_ALERT','1','Share Alert','1',0,'2016-06-09 16:30:43',51,'2016-06-09 17:13:42','0000-00-00 00:00:00'),(7,60,'VITALS','SHARE_VITALS','1','Share Vitals','1',0,'2016-06-09 16:31:02',51,'2016-06-09 17:13:42','0000-00-00 00:00:00'),(8,60,'PRESCRIPTION','SHARE_PRESCRIPTION','0','Share Prescription','1',0,'2016-06-09 16:31:22',51,'2016-06-09 17:13:42','0000-00-00 00:00:00'),(9,68,'ET','ELAPSED_TIME','3600','seconds','1',-1,'2016-06-09 19:23:22',-1,'2016-06-09 19:23:22','0000-00-00 00:00:00'),(10,68,'ENCOUNTER','SHARE_ENCOUNTER','1','Share Encounter','1',-1,'2016-06-09 19:23:22',-1,'2016-06-09 19:23:22','0000-00-00 00:00:00'),(11,68,'NOTES','SHARE_NOTES','1','Share Notes','1',-1,'2016-06-09 19:23:22',-1,'2016-06-09 19:23:22','0000-00-00 00:00:00'),(12,68,'CONSULTANT','SHARE_CONSULTANT','1','Share Consultant','1',-1,'2016-06-09 19:23:22',-1,'2016-06-09 19:23:22','0000-00-00 00:00:00'),(13,68,'ALERT','SHARE_ALERT','1','Share Alert','1',-1,'2016-06-09 19:23:22',-1,'2016-06-09 19:23:22','0000-00-00 00:00:00'),(14,68,'VITALS','SHARE_VITALS','1','Share Vitals','1',-1,'2016-06-09 19:23:22',-1,'2016-06-09 19:23:22','0000-00-00 00:00:00'),(15,68,'PRESCRIPTION','SHARE_PRESCRIPTION','1','Share Prescription','1',-1,'2016-06-09 19:23:22',-1,'2016-06-09 19:23:22','0000-00-00 00:00:00');

/*Table structure for table `co_alert` */

DROP TABLE IF EXISTS `co_alert`;

CREATE TABLE `co_alert` (
  `alert_id` int(11) NOT NULL AUTO_INCREMENT,
  `tenant_id` int(11) NOT NULL,
  `alert_name` varchar(50) NOT NULL,
  `status` enum('0','1') DEFAULT '1',
  `created_by` int(11) NOT NULL,
  `created_at` timestamp NOT NULL DEFAULT CURRENT_TIMESTAMP,
  `modified_by` int(11) DEFAULT NULL,
  `modified_at` timestamp NULL DEFAULT NULL,
  `deleted_at` timestamp NULL DEFAULT '0000-00-00 00:00:00',
  PRIMARY KEY (`alert_id`),
  UNIQUE KEY `CoAlertUnique` (`tenant_id`,`alert_name`,`deleted_at`),
  CONSTRAINT `FK_co_alert_tenant` FOREIGN KEY (`tenant_id`) REFERENCES `co_tenant` (`tenant_id`) ON DELETE CASCADE ON UPDATE CASCADE
) ENGINE=InnoDB AUTO_INCREMENT=7 DEFAULT CHARSET=latin1;

/*Data for the table `co_alert` */

insert  into `co_alert`(`alert_id`,`tenant_id`,`alert_name`,`status`,`created_by`,`created_at`,`modified_by`,`modified_at`,`deleted_at`) values (1,58,'new','1',51,'2016-02-19 01:33:25',51,'2016-02-19 01:33:25','0000-00-00 00:00:00'),(2,60,'Warning','1',59,'2016-02-21 22:31:39',59,'2016-02-21 22:31:39','0000-00-00 00:00:00'),(3,60,'new','1',59,'2016-02-21 22:31:47',59,'2016-02-21 22:31:47','0000-00-00 00:00:00'),(4,60,'waiting','1',59,'2016-02-21 22:31:55',59,'2016-02-21 22:31:55','0000-00-00 00:00:00'),(5,61,'test','1',67,'2016-02-23 02:20:48',67,'2016-02-23 02:20:48','0000-00-00 00:00:00'),(6,58,'Alertttt','1',51,'2016-04-16 12:55:34',51,'2016-04-16 12:55:34','0000-00-00 00:00:00');

/*Table structure for table `co_allied_charge` */

DROP TABLE IF EXISTS `co_allied_charge`;

CREATE TABLE `co_allied_charge` (
  `allied_charge_id` int(11) NOT NULL AUTO_INCREMENT,
  `tenant_id` int(11) NOT NULL,
  `allied_charge_name` varchar(50) NOT NULL,
  `status` enum('0','1') DEFAULT '1',
  `created_by` int(11) NOT NULL,
  `created_at` timestamp NOT NULL DEFAULT CURRENT_TIMESTAMP,
  `modified_by` int(11) DEFAULT NULL,
  `modified_at` timestamp NULL DEFAULT NULL,
  PRIMARY KEY (`allied_charge_id`),
  KEY `co_allied_charge_tenant` (`tenant_id`),
  CONSTRAINT `FK_co_allied_charge_tenant` FOREIGN KEY (`tenant_id`) REFERENCES `co_tenant` (`tenant_id`) ON DELETE CASCADE ON UPDATE CASCADE
) ENGINE=InnoDB DEFAULT CHARSET=latin1;

/*Data for the table `co_allied_charge` */

/*Table structure for table `co_charge_per_category` */

DROP TABLE IF EXISTS `co_charge_per_category`;

CREATE TABLE `co_charge_per_category` (
  `charge_id` int(11) NOT NULL AUTO_INCREMENT,
  `tenant_id` int(11) NOT NULL,
  `charge_cat_type` enum('C','P') NOT NULL DEFAULT 'C' COMMENT 'C -> Category, P -> Professional',
  `charge_cat_id` int(11) DEFAULT NULL COMMENT 'If -1 means related to user_id',
  `charge_code_id` int(11) NOT NULL COMMENT 'Link with user_id & room_charge_subcategory_id',
  `charge_default` varchar(255) DEFAULT NULL,
  `created_at` timestamp NOT NULL DEFAULT CURRENT_TIMESTAMP,
  `created_by` int(11) NOT NULL,
  `modified_at` timestamp NOT NULL DEFAULT '0000-00-00 00:00:00',
  `modified_by` int(11) DEFAULT NULL,
  `deleted_at` timestamp NOT NULL DEFAULT '0000-00-00 00:00:00',
  PRIMARY KEY (`charge_id`),
  UNIQUE KEY `CoChargePerCategoryUnique` (`tenant_id`,`charge_cat_type`,`charge_cat_id`,`charge_code_id`,`deleted_at`),
  CONSTRAINT `FK_co_charge_per_category_tenant` FOREIGN KEY (`tenant_id`) REFERENCES `co_tenant` (`tenant_id`) ON DELETE CASCADE ON UPDATE CASCADE
) ENGINE=InnoDB AUTO_INCREMENT=15 DEFAULT CHARSET=latin1;

/*Data for the table `co_charge_per_category` */

insert  into `co_charge_per_category`(`charge_id`,`tenant_id`,`charge_cat_type`,`charge_cat_id`,`charge_code_id`,`charge_default`,`created_at`,`created_by`,`modified_at`,`modified_by`,`deleted_at`) values (3,58,'C',1,22,'250','2016-02-04 22:36:47',51,'2016-03-02 12:55:14',51,'0000-00-00 00:00:00'),(4,58,'C',5,26,'150','2016-02-09 02:22:54',51,'2016-02-20 04:23:56',62,'0000-00-00 00:00:00'),(5,58,'C',5,25,NULL,'2016-02-09 02:24:37',51,'2016-02-09 02:24:37',51,'0000-00-00 00:00:00'),(6,58,'P',-1,56,'352','2016-02-17 04:35:32',51,'2016-02-17 04:35:32',51,'0000-00-00 00:00:00'),(7,58,'P',-1,54,'100','2016-02-17 04:36:29',51,'2016-03-21 15:59:29',51,'0000-00-00 00:00:00'),(8,60,'P',-1,65,'200','2016-02-19 07:53:17',59,'2016-02-19 07:53:17',59,'0000-00-00 00:00:00'),(9,60,'P',-1,60,'100','2016-02-19 07:58:12',59,'2016-02-19 07:58:12',59,'0000-00-00 00:00:00'),(10,60,'P',-1,61,'100','2016-02-19 23:22:28',59,'2016-02-19 23:22:28',59,'0000-00-00 00:00:00'),(11,58,'P',-1,58,'100','2016-02-20 02:17:57',62,'2016-02-20 02:17:57',62,'0000-00-00 00:00:00'),(12,60,'C',1,35,'100','2016-02-20 03:29:39',59,'2016-02-20 03:29:39',59,'0000-00-00 00:00:00'),(13,61,'P',-1,68,'200','2016-02-22 00:01:27',67,'2016-02-23 02:19:20',67,'0000-00-00 00:00:00'),(14,58,'C',1,39,'200','2016-03-22 15:35:18',51,'2016-03-22 15:35:18',51,'0000-00-00 00:00:00');

/*Table structure for table `co_charge_per_subcategory` */

DROP TABLE IF EXISTS `co_charge_per_subcategory`;

CREATE TABLE `co_charge_per_subcategory` (
  `sub_charge_id` int(11) NOT NULL AUTO_INCREMENT,
  `charge_id` int(11) NOT NULL,
  `charge_type` enum('IP','OP') NOT NULL,
  `charge_link_id` int(11) NOT NULL COMMENT 'Link with patient_category_id & room_type_id',
  `charge_amount` decimal(10,2) NOT NULL,
  `created_at` timestamp NOT NULL DEFAULT CURRENT_TIMESTAMP,
  `created_by` int(11) NOT NULL,
  `modified_at` timestamp NOT NULL DEFAULT '0000-00-00 00:00:00',
  `modified_by` int(11) DEFAULT NULL,
  `deleted_at` timestamp NOT NULL DEFAULT '0000-00-00 00:00:00',
  PRIMARY KEY (`sub_charge_id`),
  KEY `FK_co_charge_per_subcategory_category` (`charge_id`),
  CONSTRAINT `FK_co_charge_per_subcategory_category` FOREIGN KEY (`charge_id`) REFERENCES `co_charge_per_category` (`charge_id`) ON DELETE CASCADE ON UPDATE CASCADE
) ENGINE=InnoDB AUTO_INCREMENT=68 DEFAULT CHARSET=latin1;

/*Data for the table `co_charge_per_subcategory` */

insert  into `co_charge_per_subcategory`(`sub_charge_id`,`charge_id`,`charge_type`,`charge_link_id`,`charge_amount`,`created_at`,`created_by`,`modified_at`,`modified_by`,`deleted_at`) values (1,3,'IP',9,'111.00','2016-02-04 22:36:48',51,'2016-02-04 22:36:48',51,'0000-00-00 00:00:00'),(2,3,'IP',10,'111.00','2016-02-04 22:36:48',51,'2016-02-04 22:36:48',51,'0000-00-00 00:00:00'),(3,3,'IP',11,'111.00','2016-02-04 22:36:48',51,'2016-02-04 22:36:48',51,'0000-00-00 00:00:00'),(4,4,'IP',9,'1000.00','2016-02-09 02:22:55',51,'2016-02-09 02:22:55',51,'0000-00-00 00:00:00'),(5,4,'IP',10,'1200.00','2016-02-09 02:22:55',51,'2016-02-09 02:22:55',51,'0000-00-00 00:00:00'),(6,4,'IP',11,'1500.00','2016-02-09 02:22:55',51,'2016-02-09 02:22:55',51,'0000-00-00 00:00:00'),(7,4,'IP',12,'1900.00','2016-02-09 02:22:55',51,'2016-02-09 02:22:55',51,'0000-00-00 00:00:00'),(8,4,'IP',13,'2000.00','2016-02-09 02:22:55',51,'2016-02-09 02:22:55',51,'0000-00-00 00:00:00'),(9,5,'IP',9,'1111.00','2016-02-09 02:24:57',51,'2016-02-09 02:24:57',51,'0000-00-00 00:00:00'),(10,5,'IP',10,'11111.00','2016-02-09 02:24:57',51,'2016-02-09 02:24:57',51,'0000-00-00 00:00:00'),(11,5,'IP',11,'1111.00','2016-02-09 02:24:57',51,'2016-02-09 02:24:57',51,'0000-00-00 00:00:00'),(12,5,'IP',12,'11111.00','2016-02-09 02:24:57',51,'2016-02-09 02:24:57',51,'0000-00-00 00:00:00'),(13,5,'IP',13,'2222.00','2016-02-09 02:24:57',51,'2016-02-09 02:24:57',51,'0000-00-00 00:00:00'),(14,6,'OP',4,'100.00','2016-02-17 04:35:32',51,'2016-03-02 12:54:38',51,'0000-00-00 00:00:00'),(15,6,'OP',5,'200.00','2016-02-17 04:35:32',51,'2016-02-17 04:35:32',51,'0000-00-00 00:00:00'),(16,6,'OP',6,'300.00','2016-02-17 04:35:32',51,'2016-02-17 04:35:32',51,'0000-00-00 00:00:00'),(17,6,'IP',9,'100.00','2016-02-17 04:35:32',51,'2016-02-17 04:35:32',51,'0000-00-00 00:00:00'),(18,6,'IP',10,'20.00','2016-02-17 04:35:32',51,'2016-02-17 04:35:32',51,'0000-00-00 00:00:00'),(19,6,'IP',11,'33.00','2016-02-17 04:35:32',51,'2016-02-17 04:35:32',51,'0000-00-00 00:00:00'),(20,6,'IP',12,'11.00','2016-02-17 04:35:32',51,'2016-02-17 04:35:32',51,'0000-00-00 00:00:00'),(21,6,'IP',13,'15.00','2016-02-17 04:35:32',51,'2016-02-17 04:35:32',51,'0000-00-00 00:00:00'),(22,7,'OP',4,'100.00','2016-02-17 04:36:29',51,'2016-02-17 04:36:29',51,'0000-00-00 00:00:00'),(23,7,'OP',5,'100.00','2016-02-17 04:36:29',51,'2016-02-17 04:36:29',51,'0000-00-00 00:00:00'),(24,7,'OP',6,'100.00','2016-02-17 04:36:29',51,'2016-02-17 04:36:29',51,'0000-00-00 00:00:00'),(25,7,'IP',9,'180.00','2016-02-17 04:36:29',51,'2016-03-21 15:59:17',51,'0000-00-00 00:00:00'),(26,7,'IP',10,'100.00','2016-02-17 04:36:29',51,'2016-03-21 15:59:11',51,'0000-00-00 00:00:00'),(27,7,'IP',11,'120.00','2016-02-17 04:36:29',51,'2016-02-25 04:10:33',51,'0000-00-00 00:00:00'),(28,7,'IP',12,'200.00','2016-02-17 04:36:29',51,'2016-02-17 04:36:29',51,'0000-00-00 00:00:00'),(29,7,'IP',13,'200.00','2016-02-17 04:36:29',51,'2016-02-17 04:36:29',51,'0000-00-00 00:00:00'),(30,6,'OP',7,'400.00','2016-02-19 07:45:04',51,'2016-02-19 07:45:04',51,'0000-00-00 00:00:00'),(31,8,'OP',8,'100.00','2016-02-19 07:53:18',59,'2016-02-19 07:53:18',59,'0000-00-00 00:00:00'),(32,8,'OP',9,'100.00','2016-02-19 07:53:18',59,'2016-02-19 07:53:18',59,'0000-00-00 00:00:00'),(33,8,'OP',10,'101.00','2016-02-19 07:53:18',59,'2016-02-19 07:53:18',59,'0000-00-00 00:00:00'),(34,8,'OP',11,'102.00','2016-02-19 07:53:18',59,'2016-02-19 07:53:18',59,'0000-00-00 00:00:00'),(35,8,'OP',12,'103.00','2016-02-19 07:53:18',59,'2016-02-19 07:53:18',59,'0000-00-00 00:00:00'),(36,9,'OP',8,'101.00','2016-02-19 07:58:12',59,'2016-02-19 07:58:12',59,'0000-00-00 00:00:00'),(37,9,'OP',9,'102.00','2016-02-19 07:58:12',59,'2016-02-19 07:58:12',59,'0000-00-00 00:00:00'),(38,9,'OP',10,'103.00','2016-02-19 07:58:12',59,'2016-02-19 07:58:12',59,'0000-00-00 00:00:00'),(39,9,'OP',11,'104.00','2016-02-19 07:58:12',59,'2016-02-19 07:58:12',59,'0000-00-00 00:00:00'),(40,9,'OP',12,'105.00','2016-02-19 07:58:12',59,'2016-02-19 07:58:12',59,'0000-00-00 00:00:00'),(41,10,'OP',8,'101.00','2016-02-19 23:29:21',59,'2016-02-19 23:29:21',59,'0000-00-00 00:00:00'),(42,3,'OP',4,'500.00','2016-02-20 01:21:12',62,'2016-02-20 01:21:12',62,'0000-00-00 00:00:00'),(43,3,'OP',5,'600.00','2016-02-20 01:21:22',62,'2016-02-20 01:21:22',62,'0000-00-00 00:00:00'),(44,11,'OP',4,'100.00','2016-02-20 02:17:57',62,'2016-02-20 02:17:57',62,'0000-00-00 00:00:00'),(45,12,'OP',8,'123.00','2016-02-20 03:29:40',59,'2016-02-20 03:29:40',59,'0000-00-00 00:00:00'),(46,12,'OP',9,'123.00','2016-02-20 03:29:40',59,'2016-02-20 03:29:40',59,'0000-00-00 00:00:00'),(47,12,'OP',10,'123.00','2016-02-20 03:29:40',59,'2016-02-20 03:29:40',59,'0000-00-00 00:00:00'),(48,12,'OP',11,'123.00','2016-02-20 03:29:40',59,'2016-02-20 03:29:40',59,'0000-00-00 00:00:00'),(49,12,'OP',12,'123.00','2016-02-20 03:29:40',59,'2016-02-20 03:29:40',59,'0000-00-00 00:00:00'),(50,12,'IP',14,'123.00','2016-02-20 03:29:40',59,'2016-02-20 03:29:40',59,'0000-00-00 00:00:00'),(51,12,'IP',15,'123.00','2016-02-20 03:29:40',59,'2016-02-20 03:29:40',59,'0000-00-00 00:00:00'),(52,12,'IP',16,'123.00','2016-02-20 03:29:40',59,'2016-02-20 03:29:40',59,'0000-00-00 00:00:00'),(53,13,'OP',14,'200.00','2016-02-23 04:52:20',67,'2016-02-23 04:52:20',67,'0000-00-00 00:00:00'),(54,3,'IP',12,'100.00','2016-03-21 11:47:33',51,'2016-03-21 11:47:33',51,'0000-00-00 00:00:00'),(55,7,'OP',7,'200.00','2016-03-21 15:58:51',51,'2016-03-21 15:58:51',51,'0000-00-00 00:00:00'),(56,7,'OP',13,'600.00','2016-03-21 15:58:55',51,'2016-03-21 15:58:55',51,'0000-00-00 00:00:00'),(57,7,'OP',13,'150.00','2016-03-21 15:59:23',51,'2016-03-21 15:59:23',51,'0000-00-00 00:00:00'),(58,14,'OP',4,'200.00','2016-03-22 15:35:18',51,'2016-03-22 15:35:18',51,'0000-00-00 00:00:00'),(59,14,'OP',13,'200.00','2016-03-22 15:35:18',51,'2016-03-22 15:35:18',51,'0000-00-00 00:00:00'),(60,14,'OP',6,'200.00','2016-03-22 15:35:18',51,'2016-03-22 15:35:18',51,'0000-00-00 00:00:00'),(61,14,'OP',5,'200.00','2016-03-22 15:35:18',51,'2016-03-22 15:35:18',51,'0000-00-00 00:00:00'),(62,14,'OP',7,'200.00','2016-03-22 15:35:18',51,'2016-03-22 15:35:18',51,'0000-00-00 00:00:00'),(63,14,'IP',9,'200.00','2016-03-22 15:35:18',51,'2016-03-22 15:35:18',51,'0000-00-00 00:00:00'),(64,14,'IP',11,'200.00','2016-03-22 15:35:18',51,'2016-03-22 15:35:18',51,'0000-00-00 00:00:00'),(65,14,'IP',10,'200.00','2016-03-22 15:35:18',51,'2016-03-22 15:35:18',51,'0000-00-00 00:00:00'),(66,14,'IP',13,'200.00','2016-03-22 15:35:18',51,'2016-03-22 15:35:18',51,'0000-00-00 00:00:00'),(67,14,'IP',12,'200.00','2016-03-22 15:35:19',51,'2016-03-22 15:35:19',51,'0000-00-00 00:00:00');

/*Table structure for table `co_doctor_schedule` */

DROP TABLE IF EXISTS `co_doctor_schedule`;

CREATE TABLE `co_doctor_schedule` (
  `schedule_id` int(11) NOT NULL AUTO_INCREMENT,
  `tenant_id` int(11) NOT NULL,
  `user_id` int(11) NOT NULL,
  `schedule_day` enum('1','2','3','4','5','6','7','-1') NOT NULL COMMENT '-1 means All day',
  `schedule_time_in` time NOT NULL,
  `schedule_time_out` time NOT NULL,
  `created_at` timestamp NOT NULL DEFAULT CURRENT_TIMESTAMP,
  `created_by` int(11) NOT NULL,
  `modified_at` timestamp NOT NULL DEFAULT '0000-00-00 00:00:00',
  `modified_by` int(11) DEFAULT NULL,
  `deleted_at` timestamp NOT NULL DEFAULT '0000-00-00 00:00:00',
  PRIMARY KEY (`schedule_id`),
  KEY `FK_co_doctor_schedule_tenant` (`tenant_id`),
  KEY `FK_co_doctor_schedule_user` (`user_id`),
  CONSTRAINT `FK_co_doctor_schedule_tenant` FOREIGN KEY (`tenant_id`) REFERENCES `co_tenant` (`tenant_id`) ON DELETE CASCADE ON UPDATE CASCADE,
  CONSTRAINT `FK_co_doctor_schedule_user` FOREIGN KEY (`user_id`) REFERENCES `co_user` (`user_id`) ON DELETE CASCADE ON UPDATE CASCADE
) ENGINE=InnoDB AUTO_INCREMENT=15 DEFAULT CHARSET=latin1;

/*Data for the table `co_doctor_schedule` */

insert  into `co_doctor_schedule`(`schedule_id`,`tenant_id`,`user_id`,`schedule_day`,`schedule_time_in`,`schedule_time_out`,`created_at`,`created_by`,`modified_at`,`modified_by`,`deleted_at`) values (1,58,54,'-1','07:30:00','08:00:00','2016-02-04 22:40:42',51,'2016-02-04 22:40:42',51,'2016-02-04 22:41:31'),(2,58,54,'-1','05:00:00','07:30:00','2016-02-04 22:40:42',51,'2016-02-04 22:40:42',51,'2016-02-04 22:41:31'),(3,58,56,'-1','11:00:00','12:00:00','2016-02-17 00:45:37',51,'2016-02-17 00:45:37',10,'2016-03-17 15:33:53'),(4,60,60,'-1','09:00:00','10:00:00','2016-02-17 06:33:58',59,'2016-02-17 06:33:58',59,'0000-00-00 00:00:00'),(5,60,61,'-1','00:30:00','03:00:00','2016-02-19 23:24:54',59,'2016-02-19 23:24:54',59,'0000-00-00 00:00:00'),(6,60,65,'-1','16:00:00','18:00:00','2016-02-20 03:30:18',59,'2016-02-20 03:30:18',59,'0000-00-00 00:00:00'),(7,60,64,'-1','22:30:00','23:00:00','2016-02-20 03:30:32',59,'2016-02-20 03:30:32',59,'0000-00-00 00:00:00'),(8,61,68,'-1','01:00:00','00:00:00','2016-02-21 23:26:35',67,'2016-02-21 23:26:35',19,'2016-02-21 23:34:57'),(9,61,68,'-1','02:00:00','00:00:00','2016-02-21 23:27:24',67,'2016-02-21 23:27:24',19,'2016-02-21 23:34:55'),(10,61,68,'-1','10:30:00','23:30:00','2016-02-21 23:35:20',67,'2016-02-21 23:35:20',19,'2016-02-23 05:12:53'),(11,58,56,'-1','20:30:00','21:00:00','2016-03-17 15:33:19',51,'2016-03-17 15:33:19',10,'2016-03-17 15:33:54'),(12,58,54,'-1','10:00:00','14:00:00','2016-03-17 15:37:02',51,'2016-05-03 15:53:36',51,'0000-00-00 00:00:00'),(13,58,54,'1','17:00:00','19:00:00','2016-03-17 15:39:18',51,'2016-05-03 15:53:50',51,'0000-00-00 00:00:00'),(14,58,54,'2','09:00:00','14:00:00','2016-05-03 18:01:15',51,'2016-05-03 19:34:50',51,'0000-00-00 00:00:00');

/*Table structure for table `co_floor` */

DROP TABLE IF EXISTS `co_floor`;

CREATE TABLE `co_floor` (
  `floor_id` int(11) NOT NULL AUTO_INCREMENT,
  `tenant_id` int(11) NOT NULL,
  `floor_name` varchar(50) NOT NULL,
  `floor_code` char(2) DEFAULT NULL,
  `status` enum('0','1') DEFAULT '1',
  `created_by` int(11) NOT NULL,
  `created_at` timestamp NOT NULL DEFAULT CURRENT_TIMESTAMP,
  `modified_by` int(11) DEFAULT NULL,
  `modified_at` timestamp NULL DEFAULT NULL,
  `deleted_at` timestamp NULL DEFAULT '0000-00-00 00:00:00',
  PRIMARY KEY (`floor_id`),
  UNIQUE KEY `FloorNameUnique` (`floor_name`,`tenant_id`,`deleted_at`),
  KEY `FK_co_floor_tenant` (`tenant_id`),
  CONSTRAINT `FK_co_floor_tenant` FOREIGN KEY (`tenant_id`) REFERENCES `co_tenant` (`tenant_id`) ON DELETE CASCADE ON UPDATE CASCADE
) ENGINE=InnoDB AUTO_INCREMENT=21 DEFAULT CHARSET=latin1;

/*Data for the table `co_floor` */

insert  into `co_floor`(`floor_id`,`tenant_id`,`floor_name`,`floor_code`,`status`,`created_by`,`created_at`,`modified_by`,`modified_at`,`deleted_at`) values (7,58,'Ground Floor','1','1',51,'2016-02-04 07:15:34',51,'2016-02-04 07:15:34','0000-00-00 00:00:00'),(8,58,'Floor 1','2','1',51,'2016-02-04 07:15:44',51,'2016-02-04 07:15:44','0000-00-00 00:00:00'),(9,58,'Floor 2','3','1',51,'2016-02-04 07:15:54',51,'2016-02-04 07:15:54','0000-00-00 00:00:00'),(10,59,'1','1','1',52,'2016-02-05 06:47:59',52,'2016-02-05 06:47:59','0000-00-00 00:00:00'),(14,58,'111','90','1',51,'2016-02-15 06:49:27',51,'2016-04-16 11:51:07','0000-00-00 00:00:00'),(15,58,'11231','9','1',51,'2016-02-15 07:17:28',NULL,'2016-03-02 16:46:33','0000-00-00 00:00:00'),(16,60,'Ground Floor','01','1',59,'2016-02-19 22:25:45',59,'2016-02-19 22:25:45','0000-00-00 00:00:00'),(17,60,'First Floor','02','1',59,'2016-02-20 01:10:57',59,'2016-02-20 01:10:57','0000-00-00 00:00:00'),(18,60,'Second Floor','03','1',59,'2016-02-20 01:13:41',59,'2016-02-20 01:13:41','0000-00-00 00:00:00'),(19,61,'Floor1','F1','1',67,'2016-02-23 02:33:20',67,'2016-02-23 02:33:20','0000-00-00 00:00:00'),(20,61,'Floor2','F2','1',67,'2016-02-23 02:33:36',67,'2016-02-23 02:33:36','0000-00-00 00:00:00');

/*Table structure for table `co_internal_code` */

DROP TABLE IF EXISTS `co_internal_code`;

CREATE TABLE `co_internal_code` (
  `internal_code_id` int(11) NOT NULL AUTO_INCREMENT,
  `tenant_id` int(11) NOT NULL,
  `code_type` varchar(2) NOT NULL DEFAULT 'B' COMMENT 'B - Bill, P - Patient, PU -> Purchase',
  `code_prefix` varchar(10) NOT NULL,
  `code` int(11) NOT NULL,
  `code_padding` tinyint(4) NOT NULL DEFAULT '7',
  `code_suffix` varchar(10) DEFAULT NULL,
  `status` enum('0','1') NOT NULL DEFAULT '1',
  `created_at` timestamp NOT NULL DEFAULT CURRENT_TIMESTAMP ON UPDATE CURRENT_TIMESTAMP,
  `created_by` int(11) NOT NULL,
  `modified_at` timestamp NULL DEFAULT NULL,
  `modified_by` int(11) DEFAULT NULL,
  `deleted_at` timestamp NULL DEFAULT '0000-00-00 00:00:00',
  PRIMARY KEY (`internal_code_id`),
  UNIQUE KEY `code_unique` (`tenant_id`,`code_type`),
  KEY `FK_co_internal_code` (`tenant_id`)
) ENGINE=InnoDB AUTO_INCREMENT=18 DEFAULT CHARSET=latin1;

/*Data for the table `co_internal_code` */

insert  into `co_internal_code`(`internal_code_id`,`tenant_id`,`code_type`,`code_prefix`,`code`,`code_padding`,`code_suffix`,`status`,`created_at`,`created_by`,`modified_at`,`modified_by`,`deleted_at`) values (2,58,'B','AH',52,7,NULL,'1','2016-05-30 11:05:29',-1,'2016-05-30 11:05:29',51,'0000-00-00 00:00:00'),(3,58,'P','AH',67,7,NULL,'1','2016-06-04 19:04:52',-1,'2016-06-04 19:04:52',51,'0000-00-00 00:00:00'),(4,59,'B','AR',1,7,NULL,'1','2016-02-02 22:43:11',-1,'2016-02-02 22:43:11',-1,'0000-00-00 00:00:00'),(5,59,'P','AR',2,7,NULL,'1','2016-06-09 10:41:59',-1,'2016-06-09 10:41:59',51,'0000-00-00 00:00:00'),(6,60,'B','RA',11,7,NULL,'1','2016-06-08 15:33:59',-1,'2016-06-08 15:33:59',51,'0000-00-00 00:00:00'),(7,60,'P','RA',19,7,NULL,'1','2016-06-09 19:09:57',-1,'2016-06-09 19:09:57',51,'0000-00-00 00:00:00'),(8,61,'B','TE',34343434,7,NULL,'1','2016-02-23 02:20:29',-1,'2016-02-23 02:20:29',67,'0000-00-00 00:00:00'),(9,61,'P','TE',2,7,NULL,'1','2016-02-21 23:20:06',-1,'2016-02-21 23:20:06',67,'0000-00-00 00:00:00'),(10,62,'B','TE',1,7,NULL,'1','2016-02-29 02:00:01',-1,'2016-02-29 02:00:01',-1,'0000-00-00 00:00:00'),(11,62,'P','TE',1,7,NULL,'1','2016-02-29 02:00:01',-1,'2016-02-29 02:00:01',-1,'0000-00-00 00:00:00'),(12,58,'PU','AH',20,7,NULL,'1','2016-03-31 16:00:45',-1,'2016-03-31 16:00:45',51,'0000-00-00 00:00:00'),(13,58,'PR','PR',5,7,NULL,'1','2016-03-11 15:15:03',-1,'2016-03-11 15:15:03',51,'0000-00-00 00:00:00'),(14,68,'B','K.',1,7,NULL,'1','2016-06-09 19:23:21',-1,'2016-06-09 19:23:21',-1,'0000-00-00 00:00:00'),(15,68,'P','K.',3,7,NULL,'1','2016-06-09 19:27:56',-1,'2016-06-09 19:27:56',51,'0000-00-00 00:00:00'),(16,68,'PU','K.',1,7,NULL,'1','2016-06-09 19:23:21',-1,'2016-06-09 19:23:21',-1,'0000-00-00 00:00:00'),(17,68,'PR','K.',1,7,NULL,'1','2016-06-09 19:23:21',-1,'2016-06-09 19:23:21',-1,'0000-00-00 00:00:00');

/*Table structure for table `co_login` */

DROP TABLE IF EXISTS `co_login`;

CREATE TABLE `co_login` (
  `login_id` int(11) NOT NULL AUTO_INCREMENT,
  `user_id` int(11) NOT NULL,
  `username` varchar(255) NOT NULL,
  `password` varchar(255) NOT NULL,
  `password_reset_token` varchar(255) DEFAULT NULL,
  `authtoken` varchar(255) DEFAULT NULL,
  `created_by` int(11) NOT NULL,
  `created_at` timestamp NOT NULL DEFAULT CURRENT_TIMESTAMP,
  `modified_by` int(11) DEFAULT NULL,
  `modified_at` timestamp NULL DEFAULT NULL,
  `activation_date` date DEFAULT NULL,
  `Inactivation_date` date DEFAULT NULL,
  `logged_tenant_id` int(11) DEFAULT NULL,
  PRIMARY KEY (`login_id`),
  KEY `FK_co_login_user` (`user_id`),
  CONSTRAINT `FK_co_login_user` FOREIGN KEY (`user_id`) REFERENCES `co_user` (`user_id`) ON DELETE CASCADE ON UPDATE CASCADE
) ENGINE=InnoDB AUTO_INCREMENT=21 DEFAULT CHARSET=latin1;

/*Data for the table `co_login` */

insert  into `co_login`(`login_id`,`user_id`,`username`,`password`,`password_reset_token`,`authtoken`,`created_by`,`created_at`,`modified_by`,`modified_at`,`activation_date`,`Inactivation_date`,`logged_tenant_id`) values (10,51,'vikhram','$2y$13$fiIoeo1BUmyPw1bx4fSe/.ePp7Xh.K9uXqZa6.j4UQa6rN5TBJzT.','b1SD_pk2esmjHp5RiON3wzGPpzmDxS0q_1457939704','dmlraHJhbTE0NjU0ODA0MzAyODE3',-1,'2016-02-02 22:26:39',NULL,'2016-06-09 19:23:50',NULL,NULL,68),(11,52,'ark','$2y$13$4T7TlDr8in4ydQTVxEfTke.donWnYhKLOJG8r/c78g.UXuXeqfNFO',NULL,'YXJrMTQ1NDk5MDU0NTE1MTg=',-1,'2016-02-02 22:43:12',NULL,'2016-02-08 22:02:25',NULL,NULL,NULL),(12,54,'John','$2y$13$/mlVvR83V.H4qLbC1wGelenerJWeBGEF1SYMWeAXJ9FxzF9vvTyR2',NULL,'Sm9objE0NjM3MTg5OTI4NjIy',51,'2016-02-04 07:07:43',NULL,'2016-05-20 10:06:32','2016-02-04','2016-02-28',58),(13,56,'surya','$2y$13$lpvuN2LSd2zOqt5Mx4TdmeuGcgBa7YuOsBwRdHLtKQrd3uioJioeq',NULL,'c3VyeWExNDU1NTQxODM1ODkwOQ==',51,'2016-02-05 22:50:58',NULL,'2016-02-15 07:10:35','2016-02-06','2016-04-30',NULL),(14,59,'gayatri','$2y$13$ZEtwkbrJqouJw3KqMkoEzO6JIGFyuOUA3mba5AENqyYe7jX5HmpTe',NULL,'Z2F5YXRyaTE0NTYxNDM0MTYyNDgz',-1,'2016-02-17 06:28:39',NULL,'2016-02-22 06:16:56',NULL,NULL,60),(15,62,'prakash','$2y$13$X9agaug8aC21f9ujjR9vzOze3nqFNsuaLPf0kgOwwI06tsqX35IrW',NULL,'',51,'2016-02-19 07:08:27',62,'2016-03-03 17:28:56','2016-02-19','2016-02-19',NULL),(16,63,'nadesh','$2y$13$X9agaug8aC21f9ujjR9vzOze3nqFNsuaLPf0kgOwwI06tsqX35IrW',NULL,'',51,'2016-02-19 07:09:05',63,'2016-02-29 06:16:28','2016-02-19','2016-02-19',NULL),(17,65,'test','$2y$13$A4KhMKHUYaMb4m0MoTBNVufbQu4gkBcTc0zV.vSkFiuv..QlAhfh2',NULL,NULL,59,'2016-02-19 07:49:44',59,'2016-02-19 07:49:44','2016-02-19','2016-02-19',NULL),(18,66,'prakash2','$2y$13$mfGVdp/.Cst1GsGHSo/Vv.q9.gxFCaecIokQmbF29OnIw9WS8aIX.',NULL,'cHJha2FzaDIxNDU1OTcyNTk2NDA5Nw==',59,'2016-02-20 05:10:18',NULL,'2016-02-20 06:49:56','2016-02-20','2016-02-20',60),(19,67,'paramesh','$2y$13$u.tSO2LUiafMwxi19midCOlGruWNOIR1lD3gqsGnYhXnSbNYHqvqC','2NCgwIefzaenjPjYtE2lCd_M9eLzyfsQ_1456575065','',-1,'2016-02-21 23:16:05',67,'2016-02-29 02:01:25',NULL,NULL,NULL),(20,73,'parames','$2y$13$1TsRqCJ5ThWc.Pp2vVrdQecg1tFoqsKPGJRCwII5QZqlpB2AtSn86',NULL,NULL,-1,'2016-02-29 02:00:02',-1,'2016-02-29 02:00:02',NULL,NULL,NULL);

/*Table structure for table `co_master_city` */

DROP TABLE IF EXISTS `co_master_city`;

CREATE TABLE `co_master_city` (
  `city_id` int(11) NOT NULL AUTO_INCREMENT,
  `tenant_id` int(11) DEFAULT NULL,
  `state_id` int(11) NOT NULL,
  `city_name` varchar(50) NOT NULL,
  `status` enum('0','1') DEFAULT '1',
  `created_by` int(11) NOT NULL,
  `created_at` timestamp NOT NULL DEFAULT CURRENT_TIMESTAMP,
  `modified_by` int(11) DEFAULT NULL,
  `modified_at` timestamp NULL DEFAULT NULL,
  `deleted_at` timestamp NULL DEFAULT '0000-00-00 00:00:00',
  PRIMARY KEY (`city_id`),
  UNIQUE KEY `CoMasterCityUnique` (`tenant_id`,`state_id`,`city_name`,`deleted_at`),
  KEY `FK_co_master_city_state` (`state_id`),
  CONSTRAINT `FK_co_master_city_state` FOREIGN KEY (`state_id`) REFERENCES `co_master_state` (`state_id`) ON DELETE CASCADE ON UPDATE CASCADE
) ENGINE=InnoDB AUTO_INCREMENT=6 DEFAULT CHARSET=latin1;

/*Data for the table `co_master_city` */

insert  into `co_master_city`(`city_id`,`tenant_id`,`state_id`,`city_name`,`status`,`created_by`,`created_at`,`modified_by`,`modified_at`,`deleted_at`) values (1,NULL,8,'Madurai','1',-1,'2016-01-22 08:13:06',NULL,NULL,'0000-00-00 00:00:00'),(4,58,10,'Los Angeles','1',51,'2016-02-05 01:02:19',51,'2016-02-05 01:02:19','0000-00-00 00:00:00'),(5,61,8,'Trichy','0',67,'2016-02-23 05:10:48',NULL,'2016-02-23 05:12:01','0000-00-00 00:00:00');

/*Table structure for table `co_master_country` */

DROP TABLE IF EXISTS `co_master_country`;

CREATE TABLE `co_master_country` (
  `country_id` int(10) NOT NULL AUTO_INCREMENT,
  `tenant_id` int(11) DEFAULT NULL,
  `country_name` varchar(50) NOT NULL,
  `status` enum('0','1') DEFAULT '1',
  `created_by` int(11) NOT NULL,
  `created_at` timestamp NOT NULL DEFAULT CURRENT_TIMESTAMP,
  `modified_by` int(11) DEFAULT NULL,
  `modified_at` timestamp NULL DEFAULT NULL,
  `deleted_at` timestamp NULL DEFAULT '0000-00-00 00:00:00',
  PRIMARY KEY (`country_id`),
  UNIQUE KEY `CountryNameUnique` (`country_name`,`tenant_id`,`deleted_at`)
) ENGINE=InnoDB AUTO_INCREMENT=13 DEFAULT CHARSET=latin1;

/*Data for the table `co_master_country` */

insert  into `co_master_country`(`country_id`,`tenant_id`,`country_name`,`status`,`created_by`,`created_at`,`modified_by`,`modified_at`,`deleted_at`) values (7,NULL,'India','1',-1,'2016-01-22 08:11:40',NULL,NULL,'0000-00-00 00:00:00'),(11,58,'USA','1',51,'2016-02-05 00:58:16',51,'2016-02-05 00:59:15','0000-00-00 00:00:00'),(12,58,'Pakistan','1',51,'2016-04-16 13:01:54',51,'2016-04-16 13:01:54','0000-00-00 00:00:00');

/*Table structure for table `co_master_state` */

DROP TABLE IF EXISTS `co_master_state`;

CREATE TABLE `co_master_state` (
  `state_id` int(11) NOT NULL AUTO_INCREMENT,
  `tenant_id` int(11) DEFAULT NULL,
  `country_id` int(11) NOT NULL,
  `state_name` varchar(50) NOT NULL,
  `status` enum('0','1') DEFAULT '1',
  `created_by` int(11) NOT NULL,
  `created_at` timestamp NOT NULL DEFAULT CURRENT_TIMESTAMP,
  `modified_by` int(11) DEFAULT NULL,
  `modified_at` timestamp NULL DEFAULT NULL,
  `deleted_at` timestamp NULL DEFAULT '0000-00-00 00:00:00',
  PRIMARY KEY (`state_id`),
  UNIQUE KEY `CoMasterStateNameUnique` (`tenant_id`,`country_id`,`state_name`,`deleted_at`),
  KEY `FK_co_master_state_country` (`country_id`),
  CONSTRAINT `FK_co_master_state_country` FOREIGN KEY (`country_id`) REFERENCES `co_master_country` (`country_id`) ON DELETE CASCADE ON UPDATE CASCADE
) ENGINE=InnoDB AUTO_INCREMENT=11 DEFAULT CHARSET=latin1;

/*Data for the table `co_master_state` */

insert  into `co_master_state`(`state_id`,`tenant_id`,`country_id`,`state_name`,`status`,`created_by`,`created_at`,`modified_by`,`modified_at`,`deleted_at`) values (8,NULL,7,'Tamilnadu','1',-1,'2016-01-22 08:12:06',NULL,NULL,'0000-00-00 00:00:00'),(10,58,11,'California','1',51,'2016-02-05 00:59:37',51,'2016-02-05 00:59:37','0000-00-00 00:00:00');

/*Table structure for table `co_organization` */

DROP TABLE IF EXISTS `co_organization`;

CREATE TABLE `co_organization` (
  `org_id` int(11) NOT NULL AUTO_INCREMENT,
  `org_name` varchar(100) NOT NULL,
  `org_description` text,
  `org_db_host` varchar(255) NOT NULL DEFAULT 'localhost',
  `org_db_username` varchar(255) NOT NULL DEFAULT 'root',
  `org_db_password` varchar(255) DEFAULT NULL,
  `org_database` varchar(255) NOT NULL,
  `org_domain` varchar(255) NOT NULL,
  `status` enum('0','1') DEFAULT '1',
  `created_by` int(11) NOT NULL,
  `created_at` timestamp NOT NULL DEFAULT CURRENT_TIMESTAMP,
  `modified_by` int(11) DEFAULT NULL,
  `modified_at` timestamp NULL DEFAULT NULL,
  `deleted_at` timestamp NULL DEFAULT '0000-00-00 00:00:00',
  PRIMARY KEY (`org_id`),
  UNIQUE KEY `orgNameUnique` (`org_name`)
) ENGINE=InnoDB AUTO_INCREMENT=8 DEFAULT CHARSET=latin1;

/*Data for the table `co_organization` */

insert  into `co_organization`(`org_id`,`org_name`,`org_description`,`org_db_host`,`org_db_username`,`org_db_password`,`org_database`,`org_domain`,`status`,`created_by`,`created_at`,`modified_by`,`modified_at`,`deleted_at`) values (7,'Org','Org','localhost','root',NULL,'ahana','ahana.hms.ark','1',-1,'2016-02-17 18:50:12',NULL,NULL,'0000-00-00 00:00:00');

/*Table structure for table `co_patient_category` */

DROP TABLE IF EXISTS `co_patient_category`;

CREATE TABLE `co_patient_category` (
  `patient_cat_id` int(11) NOT NULL AUTO_INCREMENT,
  `tenant_id` int(11) NOT NULL,
  `patient_cat_name` varchar(50) NOT NULL,
  `patient_cat_color` varchar(10) NOT NULL,
  `status` enum('0','1') DEFAULT '1',
  `created_by` int(11) NOT NULL,
  `created_at` timestamp NOT NULL DEFAULT CURRENT_TIMESTAMP,
  `modified_by` int(11) DEFAULT NULL,
  `modified_at` timestamp NULL DEFAULT NULL,
  `deleted_at` timestamp NULL DEFAULT '0000-00-00 00:00:00',
  PRIMARY KEY (`patient_cat_id`),
  UNIQUE KEY `FK_co_patient_category_tenant` (`tenant_id`,`patient_cat_name`,`deleted_at`),
  CONSTRAINT `FK_co_patient_category_tenant` FOREIGN KEY (`tenant_id`) REFERENCES `co_tenant` (`tenant_id`) ON DELETE CASCADE ON UPDATE CASCADE
) ENGINE=InnoDB AUTO_INCREMENT=15 DEFAULT CHARSET=latin1;

/*Data for the table `co_patient_category` */

insert  into `co_patient_category`(`patient_cat_id`,`tenant_id`,`patient_cat_name`,`patient_cat_color`,`status`,`created_by`,`created_at`,`modified_by`,`modified_at`,`deleted_at`) values (4,58,'BUSINESS','#ffffff','1',51,'2016-02-05 00:50:24',51,'2016-04-16 15:26:02','0000-00-00 00:00:00'),(5,58,'VIP','#df9a26','1',51,'2016-02-05 00:50:43',51,'2016-02-17 06:45:23','0000-00-00 00:00:00'),(6,58,'Standrad','#FFFFFF','1',51,'2016-02-09 01:52:26',51,'2016-02-17 06:45:14','0000-00-00 00:00:00'),(7,58,'VVIP','#FFFFFF','1',51,'2016-02-17 06:45:45',51,'2016-02-17 06:45:45','0000-00-00 00:00:00'),(8,60,'vip','#FFFFFF','1',59,'2016-02-17 23:15:35',59,'2016-02-17 23:15:35','0000-00-00 00:00:00'),(9,60,'business','#FFFFFF','1',59,'2016-02-17 23:15:42',59,'2016-02-17 23:15:42','0000-00-00 00:00:00'),(10,60,'free','#2cb372','1',59,'2016-02-17 23:15:48',51,'2016-06-07 17:49:45','0000-00-00 00:00:00'),(11,60,'standard','#FFFFFF','1',59,'2016-02-17 23:15:56',59,'2016-02-17 23:15:56','0000-00-00 00:00:00'),(12,60,'vvip','#FFFFFF','1',59,'2016-02-17 23:16:04',59,'2016-02-17 23:16:04','0000-00-00 00:00:00'),(13,58,'classic','#d01e1e','1',51,'2016-02-19 01:34:56',51,'2016-02-19 01:34:56','0000-00-00 00:00:00'),(14,61,'Standard','#FFFFFF','1',67,'2016-02-23 02:22:51',67,'2016-02-23 02:22:51','0000-00-00 00:00:00');

/*Table structure for table `co_resources` */

DROP TABLE IF EXISTS `co_resources`;

CREATE TABLE `co_resources` (
  `resource_id` int(11) NOT NULL AUTO_INCREMENT,
  `parent_id` int(11) DEFAULT NULL,
  `resource_name` varchar(50) NOT NULL,
  `resource_url` varchar(100) DEFAULT NULL,
  `created_by` int(11) NOT NULL,
  `created_at` timestamp NOT NULL DEFAULT CURRENT_TIMESTAMP,
  `modified_by` int(11) DEFAULT NULL,
  `modified_at` timestamp NULL DEFAULT NULL,
  PRIMARY KEY (`resource_id`)
) ENGINE=InnoDB AUTO_INCREMENT=211 DEFAULT CHARSET=latin1;

/*Data for the table `co_resources` */

insert  into `co_resources`(`resource_id`,`parent_id`,`resource_name`,`resource_url`,`created_by`,`created_at`,`modified_by`,`modified_at`) values (1,NULL,'Configuration','configuration',-1,'2015-12-29 15:11:20',NULL,NULL),(2,1,'Organization Module','organization',-1,'2015-12-29 15:11:42',NULL,NULL),(3,2,'Organization','configuration.organization',-1,'2016-01-19 15:35:50',NULL,NULL),(4,2,'Organization Module','configuration.organizationModule',-1,'2016-01-19 15:36:07',NULL,NULL),(5,1,'Administrative Module','administrative',-1,'2016-01-20 11:11:09',NULL,NULL),(6,5,'Roles','configuration.roles',-1,'2016-01-20 11:11:58',NULL,NULL),(7,5,'Role Rights','configuration.roleRights',-1,'2016-01-20 11:14:04',NULL,NULL),(8,5,'User roles','configuration.userRoles',-1,'2016-01-20 11:14:31',NULL,NULL),(9,5,'Charge Category','configuration.roomChargeCategory',-1,'2016-01-20 11:15:00',NULL,NULL),(10,1,'User Module','userModule',-1,'2016-01-20 11:16:12',NULL,NULL),(11,10,'User Registration','configuration.registration',-1,'2016-01-20 11:16:50',NULL,NULL),(12,1,'Ward Management','wardManagement',-1,'2016-01-20 11:17:42',NULL,NULL),(13,12,'Floors','configuration.floors',-1,'2016-01-20 11:18:10',NULL,NULL),(14,12,'Wards','configuration.wards',-1,'2016-01-20 11:18:25',NULL,NULL),(15,12,'Bed Type','configuration.roomType',-1,'2016-01-20 11:18:48',NULL,NULL),(16,12,'Room','configuration.room',-1,'2016-01-20 11:19:17',NULL,NULL),(17,12,'Room and Bed Type','configuration.roomTypeRoom',-1,'2016-01-20 11:20:39',NULL,NULL),(18,1,'Charges Configuration','chargesConfiguration',-1,'2016-01-20 11:21:17',NULL,NULL),(19,18,'Room Charge','configuration.roomCharge',-1,'2016-01-20 11:21:40',NULL,NULL),(20,18,'Room Maintenance','configuration.roomMaintenance',-1,'2016-01-20 11:21:59',NULL,NULL),(21,18,'Charges for Category','configuration.chargePerCategory',-1,'2016-01-20 11:22:20',NULL,NULL),(22,1,'Doctor’s Configuration','doctorsConfiguration',-1,'2016-01-20 11:22:59',NULL,NULL),(23,22,'Doctors Schedule','configuration.docSchedule',-1,'2016-01-20 11:23:20',NULL,NULL),(24,22,'Specialities','configuration.specialities',-1,'2016-01-20 11:23:39',NULL,NULL),(25,1,'Miscellaneous','miscellaneous',-1,'2016-01-20 11:24:17',NULL,NULL),(26,25,'Alerts','configuration.alerts',-1,'2016-01-20 11:24:32',NULL,NULL),(27,25,'Patient Category','configuration.patientCategories',-1,'2016-01-20 11:24:47',NULL,NULL),(28,25,'Bill-No Prefix','configuration.internalCode',-1,'2016-01-20 11:25:06',NULL,NULL),(29,25,'Master Country','configuration.countries',-1,'2016-01-20 11:25:22',NULL,NULL),(30,25,'Master State','configuration.states',-1,'2016-01-20 11:25:35',NULL,NULL),(31,25,'Master City','configuration.cities',-1,'2016-01-20 11:25:52',NULL,NULL),(32,5,'Room Charge Item','configuration.roomChargeCategoryItem',-1,'2016-02-01 12:04:21',NULL,NULL),(33,5,'Allied Charges','configuration.alliedCharge',-1,'2016-02-03 15:31:05',NULL,NULL),(34,5,'Procedures','configuration.procedure',-1,'2016-02-05 15:43:00',NULL,NULL),(35,6,'Add Role','configuration.role_create',-1,'2016-02-08 15:16:27',NULL,NULL),(36,6,'Update Role','configuration.role_update',-1,'2016-02-08 15:17:21',NULL,NULL),(37,6,'Delete Role','configuration.role_delete',-1,'2016-02-08 15:18:46',NULL,NULL),(38,9,'Add Charge Category','configuration.roomChargeCategoryCreate',-1,'2016-02-08 15:20:26',NULL,NULL),(39,9,'Update Charge Category','configuration.roomChargeCategoryUpdate',-1,'2016-02-08 15:20:26',NULL,NULL),(40,9,'Delete Charge Category','configuration.roomChargeCategoryDelete',-1,'2016-02-08 15:20:27',NULL,NULL),(41,32,'Add Room Charge Item','configuration.roomChargeCategoryItemCreate',-1,'2016-02-08 15:21:56',NULL,NULL),(42,32,'Update Room Charge Item','configuration.roomChargeCategoryItemUpdate',-1,'2016-02-08 15:21:56',NULL,NULL),(43,32,'Delete Room Charge Item','configuration.roomChargeCategoryItemDelete',-1,'2016-02-08 15:21:56',NULL,NULL),(44,33,'Add Allied Charges','configuration.alliedChargeCreate',-1,'2016-02-08 15:31:45',NULL,NULL),(45,33,'Update Allied Charges','configuration.alliedChargeUpdate',-1,'2016-02-08 15:31:45',NULL,NULL),(46,33,'Delete Allied Charges','configuration.alliedChargeDelete',-1,'2016-02-08 15:31:45',NULL,NULL),(47,34,'Add Procedures','configuration.procedureChargeCreate',-1,'2016-02-08 15:38:42',NULL,NULL),(48,34,'Update Procedures','configuration.procedureChargeUpdate',-1,'2016-02-08 15:38:42',NULL,NULL),(49,34,'Delete Procedures','configuration.procedureChargeDelete',-1,'2016-02-08 15:38:42',NULL,NULL),(54,11,'Add User','configuration.user_create',-1,'2016-02-08 15:41:39',NULL,NULL),(55,11,'Update User','configuration.user_update',-1,'2016-02-08 15:41:39',NULL,NULL),(56,11,'Delete User','configuration.user_delete',-1,'2016-02-08 15:41:39',NULL,NULL),(57,11,'Add/Update Login','configuration.login_update',-1,'2016-02-08 15:41:39',NULL,NULL),(58,13,'Add Floor','configuration.floor_create',-1,'2016-02-08 15:49:25',NULL,NULL),(59,13,'Update Floor','configuration.floor_update',-1,'2016-02-08 15:49:25',NULL,NULL),(60,13,'Delete Floor','configuration.floor_delete',-1,'2016-02-08 15:49:25',NULL,NULL),(61,14,'Add Ward','configuration.ward_create',-1,'2016-02-08 15:50:14',NULL,NULL),(62,14,'Update Ward','configuration.ward_update',-1,'2016-02-08 15:50:14',NULL,NULL),(63,14,'Delete Ward','configuration.ward_delete',-1,'2016-02-08 15:50:14',NULL,NULL),(64,15,'Add Bed Type','configuration.roomTypeCreate',-1,'2016-02-08 15:51:19',NULL,NULL),(65,15,'Update Bed Type','configuration.roomTypeUpdate',-1,'2016-02-08 15:51:19',NULL,NULL),(66,15,'Delete Bed Type','configuration.roomTypeDelete',-1,'2016-02-08 15:51:19',NULL,NULL),(67,16,'Add Room','configuration.roomCreate',-1,'2016-02-08 15:52:21',NULL,NULL),(68,16,'Update Room','configuration.roomUpdate',-1,'2016-02-08 15:52:21',NULL,NULL),(69,16,'Delete Room','configuration.roomDelete',-1,'2016-02-08 15:52:21',NULL,NULL),(70,17,'Assign Room and Bed Types','configuration.roomTypeRoomUpdate',-1,'2016-02-08 15:53:47',NULL,NULL),(71,19,'Create RoomCharge','configuration.roomChargeCreate',-1,'2016-02-08 15:55:00',NULL,NULL),(72,19,'Update RoomCharge','configuration.roomChargeUpdate',-1,'2016-02-08 15:55:00',NULL,NULL),(73,19,'Delete RoomCharge','configuration.roomChargeDelete',-1,'2016-02-08 15:55:00',NULL,NULL),(74,20,'Create Room Maintenance','configuration.roomMaintenanceCreate',-1,'2016-02-08 15:55:59',NULL,NULL),(75,20,'Update Room Maintenance','configuration.roomMaintenanceUpdate',-1,'2016-02-08 15:55:59',NULL,NULL),(76,20,'Delete Room Maintenance','configuration.roomMaintenanceDelete',-1,'2016-02-08 15:55:59',NULL,NULL),(77,21,'Create Charges for Category','configuration.chargePerCategoryCreate',-1,'2016-02-08 16:00:51',NULL,NULL),(78,22,'Create Doctor Schedule','configuration.docScheduleCreate',-1,'2016-02-08 16:02:26',NULL,NULL),(79,22,'Update Doctor Schedule','configuration.docScheduleUpdate',-1,'2016-02-08 16:02:26',NULL,NULL),(80,22,'Delete Doctor Schedule','configuration.docScheduleDelete',-1,'2016-02-08 16:02:26',NULL,NULL),(81,24,'Create Speciality','configuration.specialityCreate',-1,'2016-02-08 16:03:14',NULL,NULL),(82,24,'Update Speciality','configuration.specialityUpdate',-1,'2016-02-08 16:03:14',NULL,NULL),(83,24,'Delete Speciality','configuration.specialityDelete',-1,'2016-02-08 16:03:14',NULL,NULL),(84,26,'Create Alerts','configuration.alertCreate',-1,'2016-02-08 16:04:00',NULL,NULL),(85,26,'Update Alerts','configuration.alertUpdate',-1,'2016-02-08 16:04:00',NULL,NULL),(86,26,'Delete Alerts','configuration.alertDelete',-1,'2016-02-08 16:04:00',NULL,NULL),(87,27,'Create Patient Category','configuration.patientCategoryCreate',-1,'2016-02-08 16:04:42',NULL,NULL),(88,27,'Update Patient Category','configuration.patientCategoryUpdate',-1,'2016-02-08 16:04:42',NULL,NULL),(89,27,'Delete Patient Category','configuration.patientCategoryDelete',-1,'2016-02-08 16:04:42',NULL,NULL),(90,29,'Create Country','configuration.countryCreate',-1,'2016-02-08 16:05:26',NULL,NULL),(91,29,'Update Country','configuration.countryUpdate',-1,'2016-02-08 16:05:27',NULL,NULL),(92,29,'Delete Country','configuration.countryDelete',-1,'2016-02-08 16:05:27',NULL,NULL),(93,30,'Create State','configuration.stateCreate',-1,'2016-02-08 16:06:03',NULL,NULL),(94,30,'Update State','configuration.stateUpdate',-1,'2016-02-08 16:06:03',NULL,NULL),(95,30,'Delete State','configuration.stateDelete',-1,'2016-02-08 16:06:03',NULL,NULL),(96,31,'Create City','configuration.cityCreate',-1,'2016-02-08 16:06:59',NULL,NULL),(97,31,'Update City','configuration.cityUpdate',-1,'2016-02-08 16:06:59',NULL,NULL),(98,31,'Delete City','configuration.cityDelete',-1,'2016-02-08 16:06:59',NULL,NULL),(99,NULL,'Patient','patient',-1,'2016-02-09 12:15:31',NULL,NULL),(100,99,'Details','patient.view',-1,'2016-02-09 12:16:49',NULL,NULL),(101,99,'Timeline','patient.timeLine',-1,'2016-02-09 12:17:35',NULL,NULL),(102,99,'Documents','patient.documents',-1,'2016-02-09 12:17:43',NULL,NULL),(103,99,'Encounter','patient.encounter',-1,'2016-02-09 12:17:57',NULL,NULL),(104,99,'Notes','patient.notes',-1,'2016-02-09 12:18:01',NULL,NULL),(105,99,'Consultant','patient.consultant',-1,'2016-02-09 12:18:12',NULL,NULL),(106,99,'Procedure','patient.procedure',-1,'2016-02-09 12:18:22',NULL,NULL),(107,99,'Prescription','patient.prescription',-1,'2016-02-09 12:18:45',NULL,NULL),(108,99,'Alert','patient.alert',-1,'2016-02-09 12:18:55',NULL,NULL),(109,99,'Update Patient','patient.update',-1,'2016-03-29 19:16:49',NULL,NULL),(110,104,'Create Note','patient.noteCreate',-1,'2016-03-29 19:17:30',NULL,NULL),(111,104,'Update Note','patient.noteUpdate',-1,'2016-03-29 19:17:55',NULL,NULL),(112,104,'View Note','patient.noteView',-1,'2016-03-29 19:18:15',NULL,NULL),(113,105,'Create Consultant','patient.consultantCreate',-1,'2016-03-29 19:18:58',NULL,NULL),(114,105,'Update Consultant','patient.consultantUpdate',-1,'2016-03-29 19:23:26',NULL,NULL),(115,105,'Delete Consultant','patient.consultantDelete',-1,'2016-03-29 19:23:58',NULL,NULL),(116,106,'Add Procedure','patient.add_procedure',-1,'2016-03-29 19:24:29',NULL,NULL),(117,106,'Update Procedure','patient.edit_procedure',-1,'2016-03-29 19:24:54',NULL,NULL),(118,106,'Delete Procedure','patient.delete_procedure',-1,'2016-03-29 19:25:10',NULL,NULL),(119,108,'Create Alert','patient.alertCreate',-1,'2016-03-29 19:25:45',NULL,NULL),(120,108,'Update Alert','patient.alertUpdate',-1,'2016-03-29 19:26:03',NULL,NULL),(121,103,'Create Admission','patient.admission',-1,'2016-03-29 19:30:01',NULL,NULL),(122,103,'Create Appointment','patient.appointment',-1,'2016-03-29 19:30:22',NULL,NULL),(123,103,'Transfer','patient.transfer',-1,'2016-03-29 19:31:07',NULL,NULL),(124,103,'Discharge','patient.discharge',-1,'2016-03-29 19:31:31',NULL,NULL),(125,103,'Swapping','patient.swapping',-1,'2016-03-29 19:31:51',NULL,NULL),(126,103,'Change Appointment status','patient.changeStatus',-1,'2016-03-29 19:32:47',NULL,NULL),(127,103,'Cancel Appointment','patient.cancelAppointment',-1,'2016-03-29 19:33:56',NULL,NULL),(128,103,'Edit Doctor Fee','patient.editDoctorFee',-1,'2016-03-29 19:34:57',NULL,NULL),(129,99,'Billing','patient.billing',-1,'2016-03-29 19:38:05',NULL,NULL),(130,129,'Add Other Charges','patient.addOtherCharge',-1,'2016-03-29 19:38:32',NULL,NULL),(131,129,'Edit Other Charges','patient.editOtherCharge',-1,'2016-03-29 19:39:06',NULL,NULL),(132,129,'Add Extra Amount','patient.addExtraAmount',-1,'2016-03-29 19:39:36',NULL,NULL),(133,129,'Add Concession Amount','patient.addConcessionAmount',-1,'2016-03-29 19:39:59',NULL,NULL),(134,129,'Add Payment','patient.addPayment',-1,'2016-03-29 19:40:24',NULL,NULL),(135,129,'Edit Payment','patient.editPayment',-1,'2016-03-29 19:41:15',NULL,NULL),(136,129,'Delete Payment','patient.deletePayment',-1,'2016-03-29 19:41:53',NULL,NULL),(137,129,'Add Room Concession','patient.roomConcession',-1,'2016-03-29 19:42:17',NULL,NULL),(138,129,'Finalize','patient.finalize',-1,'2016-03-29 19:42:39',NULL,NULL),(139,129,'Unfinalize','patient.unfinalize',-1,'2016-03-29 19:42:54',NULL,NULL),(140,129,'Authorize','patient.authorize',-1,'2016-03-29 19:43:19',NULL,NULL),(141,129,'Unauthorize','patient.unathorize',-1,'2016-03-29 19:44:04',NULL,NULL),(142,99,'In-Patient','patient.inPatients',-1,'2016-05-12 11:20:52',NULL,NULL),(143,99,'Out-Patient','patient.outPatients',-1,'2016-05-12 11:21:47',NULL,NULL),(144,NULL,'Pharmacy','pharmacy',-1,'2016-05-12 12:32:29',NULL,NULL),(145,144,'Purchase','pharmacy.purchase',-1,'2016-05-12 12:43:50',NULL,NULL),(146,145,'Add Purchase','pharmacy.purchaseCreate',-1,'2016-05-12 12:32:51',NULL,NULL),(147,145,'Edit Purchase','pharmacy.purchaseUpdate',-1,'2016-05-12 12:33:27',NULL,NULL),(148,144,'Purchase Return','pharmacy.purchaseReturn',-1,'2016-05-12 12:44:58',NULL,NULL),(149,148,'Add Purchase Return','pharmacy.purchaseReturnCreate',-1,'2016-05-12 12:45:42',NULL,NULL),(150,148,'Edit Purchase Return','pharmacy.purchaseReturnUpdate',-1,'2016-05-12 12:46:08',NULL,NULL),(151,144,'Sale','pharmacy.sales',-1,'2016-05-12 12:46:55',NULL,NULL),(152,151,'Add Sale','pharmacy.saleCreate',-1,'2016-05-12 12:47:06',NULL,NULL),(153,151,'Edit Sale','pharmacy.saleUpdate',-1,'2016-05-12 12:51:53',NULL,NULL),(154,144,'Sale Return','pharmacy.saleReturn',-1,'2016-05-12 12:52:48',NULL,NULL),(155,154,'Add Sale Return','pharmacy.saleReturnCreate',-1,'2016-05-12 12:53:07',NULL,NULL),(156,154,'Edit Sale Return','pharmacy.saleReturnUpdate',-1,'2016-05-12 12:53:49',NULL,NULL),(157,144,'Reports','pharmacy.report',-1,'2016-05-12 12:57:49',NULL,NULL),(158,144,'Stock Detail','pharmacy.stock',-1,'2016-05-12 12:59:19',NULL,NULL),(159,158,'Batch Details','pharmacy.batchDetails',-1,'2016-05-12 12:59:38',NULL,NULL),(160,158,'Stock Adjust','pharmacy.stockAdjust',-1,'2016-05-12 12:59:57',NULL,NULL),(161,144,'Configuration','pharmacy.configuration',-1,'2016-05-12 13:00:41',NULL,NULL),(162,161,'Brand','pharmacy.brand',-1,'2016-05-12 13:01:25',NULL,NULL),(163,161,'Brand Rep','pharmacy.brandrep',-1,'2016-05-12 13:01:45',NULL,NULL),(164,161,'Products','pharmacy.products',-1,'2016-05-12 13:02:11',NULL,NULL),(165,161,'Supplier','pharmacy.supplier',-1,'2016-05-12 13:02:28',NULL,NULL),(166,162,'Add Brand','pharmacy.brandCreate',-1,'2016-05-12 13:03:07',NULL,NULL),(167,162,'Edit Brand','pharmacy.brandUpdate',-1,'2016-05-12 13:03:27',NULL,NULL),(168,163,'Add Brand Rep','pharmacy.brandrepCreate',-1,'2016-05-12 13:03:47',NULL,NULL),(169,163,'Edit Brand Rep','pharmacy.brandrepUpdate',-1,'2016-05-12 13:04:04',NULL,NULL),(170,164,'Add Product','pharmacy.productAdd',-1,'2016-05-12 13:05:09',NULL,NULL),(171,164,'Edit Product','pharmacy.productEdit',-1,'2016-05-12 13:05:22',NULL,NULL),(172,165,'Add Supplier','pharmacy.supplierCreate',-1,'2016-05-12 13:05:46',NULL,NULL),(173,165,'Edit Supplier','pharmacy.supplierUpdate',-1,'2016-05-12 13:05:58',NULL,NULL),(174,161,'Brand Division','pharmacy.brandDivision',-1,'2016-05-12 13:06:54',NULL,NULL),(175,174,'Add Brand Division','pharmacy.brandDivisionCreate',-1,'2016-05-12 13:08:16',NULL,NULL),(176,174,'Edit Brand Division','pharmacy.brandDivisionUpdate',-1,'2016-05-12 13:08:42',NULL,NULL),(177,161,'Drug Class','pharmacy.drugclass',-1,'2016-05-12 13:17:33',NULL,NULL),(178,177,'Add Drug Class','pharmacy.drugclassCreate',-1,'2016-05-12 13:17:58',NULL,NULL),(179,177,'Edit Drug Class','pharmacy.drugclassUpdate',-1,'2016-05-12 13:18:57',NULL,NULL),(180,161,'Generic Names','pharmacy.drugclass',-1,'2016-05-12 13:19:41',NULL,NULL),(181,180,'Add Generic Name','pharmacy.genericNameCreate',-1,'2016-05-12 13:20:14',NULL,NULL),(182,180,'Edit Generic Name','pharmacy.genericNameUpdate',-1,'2016-05-12 13:20:32',NULL,NULL),(183,161,'Drug Class & Generic','pharmacy.drugGeneric',-1,'2016-05-12 13:21:01',NULL,NULL),(184,183,'Add Drug Class & Generic','pharmacy.drugGenericCreate',-1,'2016-05-12 13:21:46',NULL,NULL),(185,183,'Edit Drug Class & Generic','pharmacy.drugGenericUpdate',-1,'2016-05-12 13:22:09',NULL,NULL),(186,161,'Product Description','pharmacy.prodesc',-1,'2016-05-12 13:22:52',NULL,NULL),(187,186,'Add Product Description','pharmacy.prodescCreate',-1,'2016-05-12 13:23:15',NULL,NULL),(188,186,'Edit Product Description','pharmacy.prodescUpdate',-1,'2016-05-12 13:23:41',NULL,NULL),(189,161,'Vat','pharmacy.vat',-1,'2016-05-12 13:24:16',NULL,NULL),(190,189,'Add Vat','pharmacy.vatCreate',-1,'2016-05-12 13:24:35',NULL,NULL),(191,189,'Edit Vat','pharmacy.vatUpdate',-1,'2016-05-12 13:24:47',NULL,NULL),(192,161,'Packing Unit','pharmacy.packingUnit',-1,'2016-05-12 13:25:22',NULL,NULL),(193,192,'Add Packing Unit','pharmacy.packingUnitCreate',-1,'2016-05-12 13:25:39',NULL,NULL),(194,192,'Edit Packing Unit','pharmacy.packingUnitUpdate',-1,'2016-05-12 13:25:56',NULL,NULL),(195,99,'Patient Registration','patient.registration',-1,'2016-05-12 17:39:56',NULL,NULL),(196,129,'Administrative Discharge','patient.admindischarge',-1,'2016-05-13 11:16:11',NULL,NULL),(197,103,'Future Appointment','patient.futureAppointment',-1,'2016-05-18 15:24:32',NULL,NULL),(198,103,'Future Appointment List','patient.futureAppointmentList',-1,'2016-05-18 15:24:53',NULL,NULL),(199,99,'Vitals','patient.vitals',-1,'2016-05-18 15:25:36',NULL,NULL),(200,199,'Add Vitals','patient.vitalCreate',-1,'2016-05-18 15:28:20',NULL,NULL),(201,99,'Modify Casesheet No.','patient.modifyCaseSheetNo',-1,'2016-05-20 13:07:44',NULL,NULL),(202,99,'Modify Admission','patient.update_admission',-1,'2016-05-20 13:39:02',NULL,NULL),(203,99,'Backdate appointments','patient.backdateappointment',-1,'2016-05-21 16:36:48',NULL,NULL),(204,144,'Sale Billing','pharmacy.makePayment',-1,'2016-05-23 12:23:20',NULL,NULL),(205,103,'Cancel Last Encounter','patient.cancelLastEncounter',-1,'2016-05-24 17:34:12',NULL,NULL),(206,103,'Cancel Admission','patient.cancelAdmission',-1,'2016-05-24 17:37:21',NULL,NULL),(207,16,'Room Maintanance','configuration.updateMaintenance',-1,'2016-05-31 15:27:55',NULL,NULL),(208,99,'Documents','patient.document',-1,'2016-05-31 15:28:11',NULL,NULL),(209,208,'Add Document','patient.addDocument',-1,'2016-05-31 16:51:45',NULL,NULL),(210,208,'Edit Document','patient.editDocument',-1,'2016-05-31 16:52:05',NULL,NULL);

/*Table structure for table `co_role` */

DROP TABLE IF EXISTS `co_role`;

CREATE TABLE `co_role` (
  `role_id` int(11) NOT NULL AUTO_INCREMENT,
  `tenant_id` int(11) NOT NULL,
  `description` varchar(50) NOT NULL,
  `status` enum('0','1') DEFAULT '1',
  `created_by` int(11) NOT NULL,
  `created_at` timestamp NOT NULL DEFAULT CURRENT_TIMESTAMP,
  `modified_by` int(11) DEFAULT NULL,
  `modified_at` timestamp NULL DEFAULT NULL,
  `deleted_at` timestamp NULL DEFAULT '0000-00-00 00:00:00',
  PRIMARY KEY (`role_id`),
  UNIQUE KEY `CoRoleUnique` (`tenant_id`,`description`,`deleted_at`)
) ENGINE=InnoDB AUTO_INCREMENT=97 DEFAULT CHARSET=latin1;

/*Data for the table `co_role` */

insert  into `co_role`(`role_id`,`tenant_id`,`description`,`status`,`created_by`,`created_at`,`modified_by`,`modified_at`,`deleted_at`) values (64,58,'Administrator','1',-1,'2016-02-02 22:26:38',-1,'2016-02-02 22:26:38','0000-00-00 00:00:00'),(65,59,'Administrator','1',-1,'2016-02-02 22:43:11',-1,'2016-02-02 22:43:11','0000-00-00 00:00:00'),(66,58,'Admin','1',51,'2016-02-04 07:02:50',51,'2016-02-04 07:02:50','0000-00-00 00:00:00'),(67,58,'Cashier','1',51,'2016-02-04 07:03:04',51,'2016-02-04 07:03:04','0000-00-00 00:00:00'),(68,58,'Nurse','1',51,'2016-02-05 22:27:45',51,'2016-05-13 11:45:32','0000-00-00 00:00:00'),(69,60,'admin','1',-1,'2016-02-17 06:28:38',-1,'2016-02-17 06:28:38','0000-00-00 00:00:00'),(72,60,'Sub-Admin','1',59,'2016-02-19 03:57:13',59,'2016-02-19 07:38:06','0000-00-00 00:00:00'),(73,60,'Chief Cashier','1',59,'2016-02-19 04:17:31',59,'2016-02-19 04:31:12','0000-00-00 00:00:00'),(74,60,'Doctor','1',59,'2016-02-19 04:17:46',59,'2016-02-19 04:17:46','0000-00-00 00:00:00'),(79,60,'Nurse','1',59,'2016-02-19 04:22:36',59,'2016-02-19 04:29:12','0000-00-00 00:00:00'),(80,60,'Receptionist','0',59,'2016-02-19 04:22:48',59,'2016-02-19 04:23:14','0000-00-00 00:00:00'),(81,60,'Accountant','1',59,'2016-02-19 04:26:33',59,'2016-02-19 04:29:23','0000-00-00 00:00:00'),(82,60,'PRO','1',59,'2016-02-19 04:27:34',59,'2016-02-19 04:27:58','0000-00-00 00:00:00'),(84,60,'Human Resource','1',59,'2016-02-19 04:31:40',59,'2016-02-19 04:48:00','0000-00-00 00:00:00'),(85,60,'Director','0',59,'2016-02-19 04:43:23',59,'2016-02-19 04:54:09','0000-00-00 00:00:00'),(86,60,'Psychologist','1',59,'2016-02-19 04:43:59',59,'2016-02-19 04:54:02','0000-00-00 00:00:00'),(87,60,'Pharmacy','1',59,'2016-02-19 04:45:43',59,'2016-02-19 04:53:53','0000-00-00 00:00:00'),(88,60,'Supervisor','1',59,'2016-02-19 04:47:28',59,'2016-02-19 04:53:40','0000-00-00 00:00:00'),(89,60,'manager','1',59,'2016-02-19 04:54:33',59,'2016-02-19 04:54:33','0000-00-00 00:00:00'),(90,60,'Care Provider','1',59,'2016-02-19 07:12:03',59,'2016-02-19 07:12:30','0000-00-00 00:00:00'),(91,61,'admin','1',-1,'2016-02-21 23:16:05',-1,'2016-02-21 23:16:05','0000-00-00 00:00:00'),(92,61,'Administrator','1',67,'2016-02-23 02:28:08',67,'2016-02-25 04:59:00','0000-00-00 00:00:00'),(93,62,'admin','1',-1,'2016-02-29 02:00:01',-1,'2016-02-29 02:00:01','0000-00-00 00:00:00'),(94,58,'asdsdas','1',51,'2016-05-17 10:49:46',51,'2016-05-17 10:49:46','0000-00-00 00:00:00'),(95,58,'asdasdasd','1',51,'2016-05-17 10:50:52',51,'2016-05-17 10:50:52','0000-00-00 00:00:00'),(96,58,'Doctor','1',51,'2016-05-18 16:23:46',51,'2016-05-18 16:23:46','0000-00-00 00:00:00');

/*Table structure for table `co_roles_resources` */

DROP TABLE IF EXISTS `co_roles_resources`;

CREATE TABLE `co_roles_resources` (
  `role_perm_id` int(11) NOT NULL AUTO_INCREMENT,
  `tenant_id` int(11) NOT NULL,
  `role_id` int(11) NOT NULL,
  `resource_id` int(11) NOT NULL,
  `status` enum('0','1') NOT NULL DEFAULT '1',
  `created_by` int(11) NOT NULL,
  `created_at` timestamp NOT NULL DEFAULT CURRENT_TIMESTAMP,
  `modified_by` int(11) DEFAULT NULL,
  `modified_at` timestamp NULL DEFAULT NULL,
  PRIMARY KEY (`role_perm_id`),
  KEY `FK_co_role_permissions_role` (`role_id`),
  KEY `FK_co_role_permissions_resource` (`resource_id`),
  KEY `FK_co_role_permissions_tenant` (`tenant_id`),
  CONSTRAINT `FK_co_role_permissions_resource` FOREIGN KEY (`resource_id`) REFERENCES `co_resources` (`resource_id`) ON DELETE CASCADE ON UPDATE CASCADE,
  CONSTRAINT `FK_co_role_permissions_role` FOREIGN KEY (`role_id`) REFERENCES `co_role` (`role_id`) ON DELETE CASCADE ON UPDATE CASCADE
) ENGINE=InnoDB AUTO_INCREMENT=785 DEFAULT CHARSET=latin1;

/*Data for the table `co_roles_resources` */

insert  into `co_roles_resources`(`role_perm_id`,`tenant_id`,`role_id`,`resource_id`,`status`,`created_by`,`created_at`,`modified_by`,`modified_at`) values (459,58,64,1,'1',-1,'2016-05-12 17:11:23',NULL,NULL),(460,58,64,2,'1',-1,'2016-05-12 17:11:23',NULL,NULL),(461,58,64,3,'1',-1,'2016-05-12 17:11:23',NULL,NULL),(462,58,64,4,'1',-1,'2016-05-12 17:11:24',NULL,NULL),(463,58,64,5,'1',-1,'2016-05-12 17:11:24',NULL,NULL),(464,58,64,6,'1',-1,'2016-05-12 17:11:24',NULL,NULL),(465,58,64,7,'1',-1,'2016-05-12 17:11:24',NULL,NULL),(466,58,64,8,'1',-1,'2016-05-12 17:11:24',NULL,NULL),(467,58,64,9,'1',-1,'2016-05-12 17:11:24',NULL,NULL),(468,58,64,10,'1',-1,'2016-05-12 17:11:24',NULL,NULL),(469,58,64,11,'1',-1,'2016-05-12 17:11:24',NULL,NULL),(470,58,64,12,'1',-1,'2016-05-12 17:11:24',NULL,NULL),(471,58,64,13,'1',-1,'2016-05-12 17:11:24',NULL,NULL),(472,58,64,14,'1',-1,'2016-05-12 17:11:24',NULL,NULL),(473,58,64,15,'1',-1,'2016-05-12 17:11:24',NULL,NULL),(474,58,64,16,'1',-1,'2016-05-12 17:11:24',NULL,NULL),(475,58,64,17,'1',-1,'2016-05-12 17:11:24',NULL,NULL),(476,58,64,18,'1',-1,'2016-05-12 17:11:24',NULL,NULL),(477,58,64,19,'1',-1,'2016-05-12 17:11:24',NULL,NULL),(478,58,64,20,'1',-1,'2016-05-12 17:11:24',NULL,NULL),(479,58,64,21,'1',-1,'2016-05-12 17:11:24',NULL,NULL),(480,58,64,22,'1',-1,'2016-05-12 17:11:24',NULL,NULL),(481,58,64,23,'1',-1,'2016-05-12 17:11:24',NULL,NULL),(482,58,64,24,'1',-1,'2016-05-12 17:11:24',NULL,NULL),(483,58,64,25,'1',-1,'2016-05-12 17:11:24',NULL,NULL),(484,58,64,26,'1',-1,'2016-05-12 17:11:24',NULL,NULL),(485,58,64,27,'1',-1,'2016-05-12 17:11:24',NULL,NULL),(486,58,64,28,'1',-1,'2016-05-12 17:11:24',NULL,NULL),(487,58,64,29,'1',-1,'2016-05-12 17:11:25',NULL,NULL),(488,58,64,30,'1',-1,'2016-05-12 17:11:25',NULL,NULL),(489,58,64,31,'1',-1,'2016-05-12 17:11:25',NULL,NULL),(490,58,64,32,'1',-1,'2016-05-12 17:11:25',NULL,NULL),(491,58,64,33,'1',-1,'2016-05-12 17:11:25',NULL,NULL),(492,58,64,34,'1',-1,'2016-05-12 17:11:25',NULL,NULL),(493,58,64,35,'1',-1,'2016-05-12 17:11:25',NULL,NULL),(494,58,64,36,'1',-1,'2016-05-12 17:11:25',NULL,NULL),(495,58,64,37,'1',-1,'2016-05-12 17:11:25',NULL,NULL),(496,58,64,38,'1',-1,'2016-05-12 17:11:25',NULL,NULL),(497,58,64,39,'1',-1,'2016-05-12 17:11:25',NULL,NULL),(498,58,64,40,'1',-1,'2016-05-12 17:11:25',NULL,NULL),(499,58,64,41,'1',-1,'2016-05-12 17:11:25',NULL,NULL),(500,58,64,42,'1',-1,'2016-05-12 17:11:25',NULL,NULL),(501,58,64,43,'1',-1,'2016-05-12 17:11:25',NULL,NULL),(502,58,64,44,'1',-1,'2016-05-12 17:11:25',NULL,NULL),(503,58,64,45,'1',-1,'2016-05-12 17:11:25',NULL,NULL),(504,58,64,46,'1',-1,'2016-05-12 17:11:25',NULL,NULL),(505,58,64,47,'1',-1,'2016-05-12 17:11:25',NULL,NULL),(506,58,64,48,'1',-1,'2016-05-12 17:11:25',NULL,NULL),(507,58,64,49,'1',-1,'2016-05-12 17:11:25',NULL,NULL),(508,58,64,54,'1',-1,'2016-05-12 17:11:25',NULL,NULL),(509,58,64,55,'1',-1,'2016-05-12 17:11:25',NULL,NULL),(510,58,64,56,'1',-1,'2016-05-12 17:11:25',NULL,NULL),(511,58,64,57,'1',-1,'2016-05-12 17:11:25',NULL,NULL),(512,58,64,58,'1',-1,'2016-05-12 17:11:25',NULL,NULL),(513,58,64,59,'1',-1,'2016-05-12 17:11:25',NULL,NULL),(514,58,64,60,'1',-1,'2016-05-12 17:11:25',NULL,NULL),(515,58,64,61,'1',-1,'2016-05-12 17:11:25',NULL,NULL),(516,58,64,62,'1',-1,'2016-05-12 17:11:25',NULL,NULL),(517,58,64,63,'1',-1,'2016-05-12 17:11:25',NULL,NULL),(518,58,64,64,'1',-1,'2016-05-12 17:11:25',NULL,NULL),(519,58,64,65,'1',-1,'2016-05-12 17:11:25',NULL,NULL),(520,58,64,66,'1',-1,'2016-05-12 17:11:25',NULL,NULL),(521,58,64,67,'1',-1,'2016-05-12 17:11:25',NULL,NULL),(522,58,64,68,'1',-1,'2016-05-12 17:11:25',NULL,NULL),(523,58,64,69,'1',-1,'2016-05-12 17:11:25',NULL,NULL),(524,58,64,70,'1',-1,'2016-05-12 17:11:25',NULL,NULL),(525,58,64,71,'1',-1,'2016-05-12 17:11:25',NULL,NULL),(526,58,64,72,'1',-1,'2016-05-12 17:11:25',NULL,NULL),(527,58,64,73,'1',-1,'2016-05-12 17:11:25',NULL,NULL),(528,58,64,74,'1',-1,'2016-05-12 17:11:25',NULL,NULL),(529,58,64,75,'1',-1,'2016-05-12 17:11:25',NULL,NULL),(530,58,64,76,'1',-1,'2016-05-12 17:11:26',NULL,NULL),(531,58,64,77,'1',-1,'2016-05-12 17:11:26',NULL,NULL),(532,58,64,78,'1',-1,'2016-05-12 17:11:26',NULL,NULL),(533,58,64,79,'1',-1,'2016-05-12 17:11:26',NULL,NULL),(534,58,64,80,'1',-1,'2016-05-12 17:11:26',NULL,NULL),(535,58,64,81,'1',-1,'2016-05-12 17:11:26',NULL,NULL),(536,58,64,82,'1',-1,'2016-05-12 17:11:26',NULL,NULL),(537,58,64,83,'1',-1,'2016-05-12 17:11:26',NULL,NULL),(538,58,64,84,'1',-1,'2016-05-12 17:11:26',NULL,NULL),(539,58,64,85,'1',-1,'2016-05-12 17:11:26',NULL,NULL),(540,58,64,86,'1',-1,'2016-05-12 17:11:26',NULL,NULL),(541,58,64,87,'1',-1,'2016-05-12 17:11:26',NULL,NULL),(542,58,64,88,'1',-1,'2016-05-12 17:11:26',NULL,NULL),(543,58,64,89,'1',-1,'2016-05-12 17:11:26',NULL,NULL),(544,58,64,90,'1',-1,'2016-05-12 17:11:26',NULL,NULL),(545,58,64,91,'1',-1,'2016-05-12 17:11:26',NULL,NULL),(546,58,64,92,'1',-1,'2016-05-12 17:11:26',NULL,NULL),(547,58,64,93,'1',-1,'2016-05-12 17:11:26',NULL,NULL),(548,58,64,94,'1',-1,'2016-05-12 17:11:26',NULL,NULL),(549,58,64,95,'1',-1,'2016-05-12 17:11:26',NULL,NULL),(550,58,64,96,'1',-1,'2016-05-12 17:11:26',NULL,NULL),(551,58,64,97,'1',-1,'2016-05-12 17:11:26',NULL,NULL),(552,58,64,98,'1',-1,'2016-05-12 17:11:26',NULL,NULL),(553,58,64,99,'1',-1,'2016-05-12 17:11:26',NULL,NULL),(554,58,64,100,'1',-1,'2016-05-12 17:11:26',NULL,NULL),(555,58,64,101,'1',-1,'2016-05-12 17:11:26',NULL,NULL),(556,58,64,102,'1',-1,'2016-05-12 17:11:26',NULL,NULL),(557,58,64,103,'1',-1,'2016-05-12 17:11:26',NULL,NULL),(558,58,64,104,'1',-1,'2016-05-12 17:11:26',NULL,NULL),(559,58,64,105,'1',-1,'2016-05-12 17:11:26',NULL,NULL),(560,58,64,106,'1',-1,'2016-05-12 17:11:26',NULL,NULL),(561,58,64,107,'1',-1,'2016-05-12 17:11:27',NULL,NULL),(562,58,64,108,'1',-1,'2016-05-12 17:11:27',NULL,NULL),(563,58,64,109,'1',-1,'2016-05-12 17:11:27',NULL,NULL),(564,58,64,110,'1',-1,'2016-05-12 17:11:27',NULL,NULL),(565,58,64,111,'1',-1,'2016-05-12 17:11:27',NULL,NULL),(566,58,64,112,'1',-1,'2016-05-12 17:11:27',NULL,NULL),(567,58,64,113,'1',-1,'2016-05-12 17:11:27',NULL,NULL),(568,58,64,114,'1',-1,'2016-05-12 17:11:27',NULL,NULL),(569,58,64,115,'1',-1,'2016-05-12 17:11:27',NULL,NULL),(570,58,64,116,'1',-1,'2016-05-12 17:11:27',NULL,NULL),(571,58,64,117,'1',-1,'2016-05-12 17:11:27',NULL,NULL),(572,58,64,118,'1',-1,'2016-05-12 17:11:27',NULL,NULL),(573,58,64,119,'1',-1,'2016-05-12 17:11:27',NULL,NULL),(574,58,64,120,'1',-1,'2016-05-12 17:11:27',NULL,NULL),(575,58,64,121,'1',-1,'2016-05-12 17:11:27',NULL,NULL),(576,58,64,122,'1',-1,'2016-05-12 17:11:27',NULL,NULL),(577,58,64,123,'1',-1,'2016-05-12 17:11:27',NULL,NULL),(578,58,64,124,'1',-1,'2016-05-12 17:11:27',NULL,NULL),(579,58,64,125,'1',-1,'2016-05-12 17:11:27',NULL,NULL),(580,58,64,126,'1',-1,'2016-05-12 17:11:27',NULL,NULL),(581,58,64,127,'1',-1,'2016-05-12 17:11:27',NULL,NULL),(582,58,64,128,'1',-1,'2016-05-12 17:11:27',NULL,NULL),(583,58,64,129,'1',-1,'2016-05-12 17:11:27',NULL,NULL),(584,58,64,130,'1',-1,'2016-05-12 17:11:27',NULL,NULL),(585,58,64,131,'1',-1,'2016-05-12 17:11:27',NULL,NULL),(586,58,64,132,'1',-1,'2016-05-12 17:11:27',NULL,NULL),(587,58,64,133,'1',-1,'2016-05-12 17:11:27',NULL,NULL),(588,58,64,134,'1',-1,'2016-05-12 17:11:27',NULL,NULL),(589,58,64,135,'1',-1,'2016-05-12 17:11:27',NULL,NULL),(590,58,64,136,'1',-1,'2016-05-12 17:11:27',NULL,NULL),(591,58,64,137,'1',-1,'2016-05-12 17:11:27',NULL,NULL),(592,58,64,138,'1',-1,'2016-05-12 17:11:27',NULL,NULL),(593,58,64,139,'1',-1,'2016-05-12 17:11:27',NULL,NULL),(594,58,64,140,'1',-1,'2016-05-12 17:11:27',NULL,NULL),(595,58,64,141,'1',-1,'2016-05-12 17:11:27',NULL,NULL),(596,58,64,142,'1',-1,'2016-05-12 17:11:27',NULL,NULL),(597,58,64,143,'1',-1,'2016-05-12 17:11:27',NULL,NULL),(598,58,64,144,'1',-1,'2016-05-12 17:11:27',NULL,NULL),(599,58,64,145,'1',-1,'2016-05-12 17:11:27',NULL,NULL),(600,58,64,146,'1',-1,'2016-05-12 17:11:27',NULL,NULL),(601,58,64,147,'1',-1,'2016-05-12 17:11:27',NULL,NULL),(602,58,64,148,'1',-1,'2016-05-12 17:11:28',NULL,NULL),(603,58,64,149,'1',-1,'2016-05-12 17:11:28',NULL,NULL),(604,58,64,150,'1',-1,'2016-05-12 17:11:28',NULL,NULL),(605,58,64,151,'1',-1,'2016-05-12 17:11:28',NULL,NULL),(606,58,64,152,'1',-1,'2016-05-12 17:11:28',NULL,NULL),(607,58,64,153,'1',-1,'2016-05-12 17:11:28',NULL,NULL),(608,58,64,154,'1',-1,'2016-05-12 17:11:28',NULL,NULL),(609,58,64,155,'1',-1,'2016-05-12 17:11:28',NULL,NULL),(610,58,64,156,'1',-1,'2016-05-12 17:11:28',NULL,NULL),(611,58,64,157,'1',-1,'2016-05-12 17:11:28',NULL,NULL),(612,58,64,158,'1',-1,'2016-05-12 17:11:28',NULL,NULL),(613,58,64,159,'1',-1,'2016-05-12 17:11:28',NULL,NULL),(614,58,64,160,'1',-1,'2016-05-12 17:11:28',NULL,NULL),(615,58,64,161,'1',-1,'2016-05-12 17:11:28',NULL,NULL),(616,58,64,162,'1',-1,'2016-05-12 17:11:28',NULL,NULL),(617,58,64,163,'1',-1,'2016-05-12 17:11:28',NULL,NULL),(618,58,64,164,'1',-1,'2016-05-12 17:11:28',NULL,NULL),(619,58,64,165,'1',-1,'2016-05-12 17:11:28',NULL,NULL),(620,58,64,166,'1',-1,'2016-05-12 17:11:28',NULL,NULL),(621,58,64,167,'1',-1,'2016-05-12 17:11:28',NULL,NULL),(622,58,64,168,'1',-1,'2016-05-12 17:11:28',NULL,NULL),(623,58,64,169,'1',-1,'2016-05-12 17:11:28',NULL,NULL),(624,58,64,170,'1',-1,'2016-05-12 17:11:28',NULL,NULL),(625,58,64,171,'1',-1,'2016-05-12 17:11:28',NULL,NULL),(626,58,64,172,'1',-1,'2016-05-12 17:11:28',NULL,NULL),(627,58,64,173,'1',-1,'2016-05-12 17:11:28',NULL,NULL),(628,58,64,174,'1',-1,'2016-05-12 17:11:28',NULL,NULL),(629,58,64,175,'1',-1,'2016-05-12 17:11:28',NULL,NULL),(630,58,64,176,'1',-1,'2016-05-12 17:11:28',NULL,NULL),(631,58,64,177,'1',-1,'2016-05-12 17:11:28',NULL,NULL),(632,58,64,178,'1',-1,'2016-05-12 17:11:28',NULL,NULL),(633,58,64,179,'1',-1,'2016-05-12 17:11:28',NULL,NULL),(634,58,64,180,'1',-1,'2016-05-12 17:11:28',NULL,NULL),(635,58,64,181,'1',-1,'2016-05-12 17:11:28',NULL,NULL),(636,58,64,182,'1',-1,'2016-05-12 17:11:28',NULL,NULL),(637,58,64,183,'1',-1,'2016-05-12 17:11:28',NULL,NULL),(638,58,64,184,'1',-1,'2016-05-12 17:11:28',NULL,NULL),(639,58,64,185,'1',-1,'2016-05-12 17:11:28',NULL,NULL),(640,58,64,186,'1',-1,'2016-05-12 17:11:28',NULL,NULL),(641,58,64,187,'1',-1,'2016-05-12 17:11:28',NULL,NULL),(642,58,64,188,'1',-1,'2016-05-12 17:11:29',NULL,NULL),(643,58,64,189,'1',-1,'2016-05-12 17:11:29',NULL,NULL),(644,58,64,190,'1',-1,'2016-05-12 17:11:29',NULL,NULL),(645,58,64,191,'1',-1,'2016-05-12 17:11:29',NULL,NULL),(646,58,64,192,'1',-1,'2016-05-12 17:11:29',NULL,NULL),(647,58,64,193,'1',-1,'2016-05-12 17:11:29',NULL,NULL),(648,58,64,194,'1',-1,'2016-05-12 17:11:29',NULL,NULL),(649,58,64,195,'1',-1,'2016-05-12 17:41:02',NULL,NULL),(650,58,64,196,'1',-1,'2016-05-13 11:16:42',NULL,NULL),(651,58,64,197,'1',-1,'2016-05-18 15:26:36',NULL,NULL),(652,58,64,198,'1',-1,'2016-05-18 15:26:43',NULL,NULL),(653,58,64,199,'1',-1,'2016-05-18 15:26:48',NULL,NULL),(654,58,64,200,'1',-1,'2016-05-18 15:28:48',NULL,NULL),(655,58,96,1,'1',51,'2016-05-18 16:24:09',NULL,NULL),(656,58,96,2,'1',51,'2016-05-18 16:24:09',NULL,NULL),(657,58,96,3,'1',51,'2016-05-18 16:24:09',NULL,NULL),(658,58,96,4,'1',51,'2016-05-18 16:24:09',NULL,NULL),(659,58,96,5,'1',51,'2016-05-18 16:24:09',NULL,NULL),(660,58,96,6,'1',51,'2016-05-18 16:24:09',NULL,NULL),(661,58,96,7,'1',51,'2016-05-18 16:24:09',NULL,NULL),(662,58,96,8,'1',51,'2016-05-18 16:24:09',NULL,NULL),(663,58,96,9,'1',51,'2016-05-18 16:24:09',NULL,NULL),(664,58,96,10,'1',51,'2016-05-18 16:24:09',NULL,NULL),(665,58,96,11,'1',51,'2016-05-18 16:24:09',NULL,NULL),(666,58,96,12,'1',51,'2016-05-18 16:24:09',NULL,NULL),(667,58,96,13,'1',51,'2016-05-18 16:24:09',NULL,NULL),(668,58,96,14,'1',51,'2016-05-18 16:24:09',NULL,NULL),(669,58,96,15,'1',51,'2016-05-18 16:24:09',NULL,NULL),(670,58,96,16,'1',51,'2016-05-18 16:24:09',NULL,NULL),(671,58,96,17,'1',51,'2016-05-18 16:24:09',NULL,NULL),(672,58,96,18,'1',51,'2016-05-18 16:24:09',NULL,NULL),(673,58,96,19,'1',51,'2016-05-18 16:24:09',NULL,NULL),(674,58,96,20,'1',51,'2016-05-18 16:24:09',NULL,NULL),(675,58,96,21,'1',51,'2016-05-18 16:24:09',NULL,NULL),(676,58,96,22,'1',51,'2016-05-18 16:24:09',NULL,NULL),(677,58,96,23,'1',51,'2016-05-18 16:24:09',NULL,NULL),(678,58,96,24,'1',51,'2016-05-18 16:24:09',NULL,NULL),(679,58,96,25,'1',51,'2016-05-18 16:24:10',NULL,NULL),(680,58,96,26,'1',51,'2016-05-18 16:24:10',NULL,NULL),(681,58,96,27,'1',51,'2016-05-18 16:24:10',NULL,NULL),(682,58,96,28,'1',51,'2016-05-18 16:24:10',NULL,NULL),(683,58,96,29,'1',51,'2016-05-18 16:24:10',NULL,NULL),(684,58,96,30,'1',51,'2016-05-18 16:24:10',NULL,NULL),(685,58,96,31,'1',51,'2016-05-18 16:24:10',NULL,NULL),(686,58,96,32,'1',51,'2016-05-18 16:24:10',NULL,NULL),(687,58,96,33,'1',51,'2016-05-18 16:24:10',NULL,NULL),(688,58,96,34,'1',51,'2016-05-18 16:24:10',NULL,NULL),(689,58,96,78,'1',51,'2016-05-18 16:24:10',NULL,NULL),(690,58,96,79,'1',51,'2016-05-18 16:24:10',NULL,NULL),(691,58,96,80,'1',51,'2016-05-18 16:24:10',NULL,NULL),(692,58,96,99,'1',51,'2016-05-18 16:24:10',NULL,NULL),(693,58,96,100,'1',51,'2016-05-18 16:24:10',NULL,NULL),(694,58,96,101,'1',51,'2016-05-18 16:24:10',NULL,NULL),(695,58,96,102,'1',51,'2016-05-18 16:24:10',NULL,NULL),(696,58,96,103,'1',51,'2016-05-18 16:24:10',NULL,NULL),(697,58,96,104,'1',51,'2016-05-18 16:24:10',NULL,NULL),(698,58,96,105,'1',51,'2016-05-18 16:24:10',NULL,NULL),(699,58,96,106,'1',51,'2016-05-18 16:24:10',NULL,NULL),(700,58,96,107,'1',51,'2016-05-18 16:24:10',NULL,NULL),(701,58,96,108,'1',51,'2016-05-18 16:24:10',NULL,NULL),(702,58,96,109,'1',51,'2016-05-18 16:24:10',NULL,NULL),(703,58,96,110,'1',51,'2016-05-18 16:24:10',NULL,NULL),(704,58,96,111,'1',51,'2016-05-18 16:24:10',NULL,NULL),(705,58,96,112,'1',51,'2016-05-18 16:24:10',NULL,NULL),(706,58,96,113,'1',51,'2016-05-18 16:24:10',NULL,NULL),(707,58,96,114,'1',51,'2016-05-18 16:24:10',NULL,NULL),(708,58,96,115,'1',51,'2016-05-18 16:24:10',NULL,NULL),(709,58,96,116,'1',51,'2016-05-18 16:24:10',NULL,NULL),(710,58,96,117,'1',51,'2016-05-18 16:24:10',NULL,NULL),(711,58,96,118,'1',51,'2016-05-18 16:24:11',NULL,NULL),(712,58,96,119,'1',51,'2016-05-18 16:24:11',NULL,NULL),(713,58,96,120,'1',51,'2016-05-18 16:24:11',NULL,NULL),(714,58,96,121,'1',51,'2016-05-18 16:24:11',NULL,NULL),(715,58,96,122,'1',51,'2016-05-18 16:24:11',NULL,NULL),(716,58,96,123,'1',51,'2016-05-18 16:24:11',NULL,NULL),(717,58,96,124,'1',51,'2016-05-18 16:24:11',NULL,NULL),(718,58,96,125,'1',51,'2016-05-18 16:24:11',NULL,NULL),(719,58,96,126,'1',51,'2016-05-18 16:24:11',NULL,NULL),(720,58,96,127,'1',51,'2016-05-18 16:24:11',NULL,NULL),(721,58,96,128,'1',51,'2016-05-18 16:24:11',NULL,NULL),(722,58,96,129,'1',51,'2016-05-18 16:24:11',NULL,NULL),(723,58,96,130,'1',51,'2016-05-18 16:24:11',NULL,NULL),(724,58,96,131,'1',51,'2016-05-18 16:24:11',NULL,NULL),(725,58,96,132,'1',51,'2016-05-18 16:24:11',NULL,NULL),(726,58,96,133,'1',51,'2016-05-18 16:24:11',NULL,NULL),(727,58,96,134,'1',51,'2016-05-18 16:24:11',NULL,NULL),(728,58,96,135,'1',51,'2016-05-18 16:24:11',NULL,NULL),(729,58,96,136,'1',51,'2016-05-18 16:24:11',NULL,NULL),(730,58,96,137,'1',51,'2016-05-18 16:24:11',NULL,NULL),(731,58,96,138,'1',51,'2016-05-18 16:24:11',NULL,NULL),(732,58,96,139,'1',51,'2016-05-18 16:24:11',NULL,NULL),(733,58,96,140,'1',51,'2016-05-18 16:24:11',NULL,NULL),(734,58,96,141,'1',51,'2016-05-18 16:24:11',NULL,NULL),(735,58,96,142,'1',51,'2016-05-18 16:24:11',NULL,NULL),(736,58,96,143,'1',51,'2016-05-18 16:24:11',NULL,NULL),(737,58,96,144,'1',51,'2016-05-18 16:24:11',NULL,NULL),(738,58,96,145,'1',51,'2016-05-18 16:24:11',NULL,NULL),(739,58,96,146,'1',51,'2016-05-18 16:24:11',NULL,NULL),(740,58,96,147,'1',51,'2016-05-18 16:24:11',NULL,NULL),(741,58,96,148,'1',51,'2016-05-18 16:24:11',NULL,NULL),(742,58,96,149,'1',51,'2016-05-18 16:24:11',NULL,NULL),(743,58,96,150,'1',51,'2016-05-18 16:24:11',NULL,NULL),(744,58,96,151,'1',51,'2016-05-18 16:24:11',NULL,NULL),(745,58,96,152,'1',51,'2016-05-18 16:24:11',NULL,NULL),(746,58,96,153,'1',51,'2016-05-18 16:24:11',NULL,NULL),(747,58,96,154,'1',51,'2016-05-18 16:24:11',NULL,NULL),(748,58,96,155,'1',51,'2016-05-18 16:24:11',NULL,NULL),(749,58,96,156,'1',51,'2016-05-18 16:24:12',NULL,NULL),(750,58,96,157,'1',51,'2016-05-18 16:24:12',NULL,NULL),(751,58,96,158,'1',51,'2016-05-18 16:24:12',NULL,NULL),(752,58,96,159,'1',51,'2016-05-18 16:24:12',NULL,NULL),(753,58,96,160,'1',51,'2016-05-18 16:24:12',NULL,NULL),(754,58,96,161,'1',51,'2016-05-18 16:24:12',NULL,NULL),(755,58,96,162,'1',51,'2016-05-18 16:24:12',NULL,NULL),(756,58,96,163,'1',51,'2016-05-18 16:24:12',NULL,NULL),(757,58,96,164,'1',51,'2016-05-18 16:24:12',NULL,NULL),(758,58,96,165,'1',51,'2016-05-18 16:24:12',NULL,NULL),(759,58,96,174,'1',51,'2016-05-18 16:24:12',NULL,NULL),(760,58,96,177,'1',51,'2016-05-18 16:24:12',NULL,NULL),(761,58,96,180,'1',51,'2016-05-18 16:24:12',NULL,NULL),(762,58,96,183,'1',51,'2016-05-18 16:24:12',NULL,NULL),(763,58,96,186,'1',51,'2016-05-18 16:24:12',NULL,NULL),(764,58,96,189,'1',51,'2016-05-18 16:24:12',NULL,NULL),(765,58,96,192,'1',51,'2016-05-18 16:24:12',NULL,NULL),(766,58,96,195,'1',51,'2016-05-18 16:24:12',NULL,NULL),(767,58,96,196,'1',51,'2016-05-18 16:24:12',NULL,NULL),(768,58,96,197,'1',51,'2016-05-18 16:24:12',NULL,NULL),(769,58,96,198,'1',51,'2016-05-18 16:24:12',NULL,NULL),(770,58,96,199,'1',51,'2016-05-18 16:24:12',NULL,NULL),(771,58,96,200,'1',51,'2016-05-18 16:24:12',NULL,NULL),(772,58,96,201,'1',51,'2016-05-20 13:08:04',NULL,NULL),(773,58,64,201,'1',51,'2016-05-20 13:09:12',NULL,NULL),(774,58,64,202,'1',51,'2016-05-20 13:39:28',NULL,NULL),(775,58,64,203,'1',51,'2016-05-21 16:37:57',NULL,NULL),(776,58,64,204,'1',51,'2016-05-23 12:23:46',NULL,NULL),(777,58,64,205,'1',51,'2016-05-24 17:38:08',NULL,NULL),(778,58,64,206,'1',51,'2016-05-24 17:38:12',NULL,NULL),(779,58,64,207,'1',51,'2016-05-25 10:40:23',NULL,NULL),(782,58,64,208,'1',51,'2016-05-31 15:28:38',NULL,NULL),(783,58,64,209,'1',51,'2016-05-31 16:53:10',NULL,NULL),(784,58,64,210,'1',51,'2016-05-31 16:53:19',NULL,NULL);

/*Table structure for table `co_room` */

DROP TABLE IF EXISTS `co_room`;

CREATE TABLE `co_room` (
  `room_id` int(11) NOT NULL AUTO_INCREMENT,
  `tenant_id` int(11) NOT NULL,
  `ward_id` int(11) NOT NULL,
  `bed_name` varchar(50) NOT NULL,
  `maintain_id` int(11) DEFAULT NULL,
  `occupied_status` enum('0','1','2') DEFAULT '0',
  `notes` text,
  `status` enum('0','1') DEFAULT '1',
  `created_by` int(11) NOT NULL,
  `created_at` timestamp NOT NULL DEFAULT CURRENT_TIMESTAMP,
  `modified_by` int(11) DEFAULT NULL,
  `modified_at` timestamp NULL DEFAULT NULL,
  `deleted_at` timestamp NULL DEFAULT '0000-00-00 00:00:00',
  PRIMARY KEY (`room_id`),
  UNIQUE KEY `CoBedUnique` (`tenant_id`,`ward_id`,`bed_name`,`deleted_at`),
  KEY `FK_co_room_maintenance` (`maintain_id`),
  KEY `FK_co_room_ward` (`ward_id`),
  CONSTRAINT `FK_co_rooms_tenant` FOREIGN KEY (`tenant_id`) REFERENCES `co_tenant` (`tenant_id`) ON DELETE CASCADE ON UPDATE CASCADE,
  CONSTRAINT `FK_co_room_ward` FOREIGN KEY (`ward_id`) REFERENCES `co_ward` (`ward_id`) ON DELETE CASCADE ON UPDATE CASCADE
) ENGINE=InnoDB AUTO_INCREMENT=41 DEFAULT CHARSET=latin1;

/*Data for the table `co_room` */

insert  into `co_room`(`room_id`,`tenant_id`,`ward_id`,`bed_name`,`maintain_id`,`occupied_status`,`notes`,`status`,`created_by`,`created_at`,`modified_by`,`modified_at`,`deleted_at`) values (9,58,8,'2112',5,'0',NULL,'1',51,'2016-02-04 07:30:53',51,'2016-05-20 16:40:51','0000-00-00 00:00:00'),(10,58,9,'112',7,'0',NULL,'1',51,'2016-02-05 06:12:21',51,'2016-05-13 11:18:23','0000-00-00 00:00:00'),(11,58,8,'113',5,'0','','1',51,'2016-02-05 06:41:04',51,'2016-05-09 12:15:14','0000-00-00 00:00:00'),(12,58,8,'112',6,'0','','1',51,'2016-02-05 06:41:15',51,'2016-04-16 16:55:30','0000-00-00 00:00:00'),(17,58,8,'909',NULL,'0','','1',62,'2016-02-20 03:50:45',51,'2016-05-07 19:18:01','0000-00-00 00:00:00'),(18,60,12,'999',NULL,'0',NULL,'1',59,'2016-02-20 06:03:54',59,'2016-02-20 06:40:01','0000-00-00 00:00:00'),(19,60,12,'4234',NULL,'1','','1',59,'2016-02-20 06:05:14',51,'2016-06-08 15:33:59','0000-00-00 00:00:00'),(20,60,13,'2342',NULL,'0',NULL,'1',59,'2016-02-20 06:05:25',59,'2016-02-20 06:48:56','0000-00-00 00:00:00'),(21,60,14,'111',NULL,'0',NULL,'1',59,'2016-02-20 06:06:12',59,'2016-02-20 07:31:03','0000-00-00 00:00:00'),(23,60,13,'111',NULL,'0',NULL,'1',59,'2016-02-20 06:07:42',51,'2016-06-07 19:37:56','0000-00-00 00:00:00'),(30,60,13,'11',NULL,'0',NULL,'1',66,'2016-02-20 07:56:03',66,'2016-02-20 07:56:03','0000-00-00 00:00:00'),(31,61,15,'101',NULL,'0',NULL,'1',67,'2016-02-23 04:44:52',67,'2016-02-25 05:20:44','0000-00-00 00:00:00'),(32,61,15,'102',NULL,'0',NULL,'1',67,'2016-02-23 04:45:03',67,'2016-02-25 05:29:44','0000-00-00 00:00:00'),(33,61,15,'103',NULL,'0',NULL,'1',67,'2016-02-23 04:45:13',NULL,'2016-02-23 04:47:42','0000-00-00 00:00:00'),(34,61,16,'104',NULL,'0',NULL,'1',67,'2016-02-23 04:48:06',67,'2016-02-23 04:48:06','0000-00-00 00:00:00'),(35,61,16,'105',NULL,'0',NULL,'1',67,'2016-02-23 04:48:22',67,'2016-02-25 05:38:13','0000-00-00 00:00:00'),(36,61,16,'106',NULL,'0',NULL,'1',67,'2016-02-23 04:48:46',67,'2016-02-23 04:48:46','0000-00-00 00:00:00'),(37,58,8,'899',NULL,'0',NULL,'1',51,'2016-05-20 11:05:09',51,'2016-05-24 14:06:51','0000-00-00 00:00:00'),(38,58,8,'4444',NULL,'0',NULL,'1',51,'2016-05-20 16:43:55',51,'2016-05-20 16:47:41','0000-00-00 00:00:00'),(39,58,8,'787',NULL,'0','aaddd aaaasd asdasdsd','1',51,'2016-05-25 10:52:24',51,'2016-05-25 11:01:23','0000-00-00 00:00:00'),(40,58,8,'963',NULL,'0',NULL,'1',51,'2016-05-25 11:00:41',51,'2016-05-25 11:00:41','0000-00-00 00:00:00');

/*Table structure for table `co_room_charge` */

DROP TABLE IF EXISTS `co_room_charge`;

CREATE TABLE `co_room_charge` (
  `charge_id` int(11) NOT NULL AUTO_INCREMENT,
  `tenant_id` int(11) NOT NULL,
  `charge_item_id` int(11) NOT NULL,
  `room_type_id` int(11) NOT NULL,
  `charge` decimal(10,2) NOT NULL DEFAULT '0.00',
  `status` enum('0','1') DEFAULT '1',
  `created_by` int(11) NOT NULL,
  `created_at` timestamp NOT NULL DEFAULT CURRENT_TIMESTAMP,
  `modified_by` int(11) DEFAULT NULL,
  `modified_at` timestamp NULL DEFAULT NULL,
  `deleted_at` timestamp NULL DEFAULT '0000-00-00 00:00:00',
  PRIMARY KEY (`charge_id`),
  UNIQUE KEY `CoRoomChargeUnique` (`tenant_id`,`charge_item_id`,`room_type_id`,`deleted_at`),
  KEY `co_room_charge_tenant` (`tenant_id`),
  KEY `FK_co_room_charge_room_type` (`room_type_id`),
  KEY `FK_co_room_charge_charge_item` (`charge_item_id`),
  CONSTRAINT `FK_co_room_charge_charge_item` FOREIGN KEY (`charge_item_id`) REFERENCES `co_room_charge_item` (`charge_item_id`) ON DELETE CASCADE ON UPDATE CASCADE,
  CONSTRAINT `FK_co_room_charge_room_type` FOREIGN KEY (`room_type_id`) REFERENCES `co_room_type` (`room_type_id`) ON DELETE CASCADE ON UPDATE CASCADE,
  CONSTRAINT `FK_co_room_charge_tenant` FOREIGN KEY (`tenant_id`) REFERENCES `co_tenant` (`tenant_id`) ON DELETE CASCADE ON UPDATE CASCADE
) ENGINE=InnoDB AUTO_INCREMENT=14 DEFAULT CHARSET=latin1;

/*Data for the table `co_room_charge` */

insert  into `co_room_charge`(`charge_id`,`tenant_id`,`charge_item_id`,`room_type_id`,`charge`,`status`,`created_by`,`created_at`,`modified_by`,`modified_at`,`deleted_at`) values (1,58,1,9,'300.00','1',51,'2016-02-04 22:29:18',51,'2016-04-19 10:45:10','0000-00-00 00:00:00'),(2,58,1,11,'300.00','1',51,'2016-02-04 22:29:50',51,'2016-02-04 22:29:50','0000-00-00 00:00:00'),(3,58,1,13,'100.00','1',51,'2016-02-09 02:04:38',51,'2016-02-09 02:04:38','0000-00-00 00:00:00'),(4,58,3,10,'2820.00','1',51,'2016-02-09 02:38:16',51,'2016-05-20 13:11:42','0000-00-00 00:00:00'),(5,58,3,11,'2000.00','1',51,'2016-02-09 02:39:16',51,'2016-02-09 02:39:16','0000-00-00 00:00:00'),(6,60,4,14,'878.00','1',59,'2016-02-20 03:28:47',59,'2016-02-20 03:28:47','0000-00-00 00:00:00'),(7,60,5,15,'215.00','1',59,'2016-02-20 03:28:57',59,'2016-02-20 03:28:57','0000-00-00 00:00:00'),(8,60,6,16,'1255.00','1',59,'2016-02-20 03:29:12',59,'2016-02-20 03:29:12','0000-00-00 00:00:00'),(9,61,7,19,'450.00','1',67,'2016-02-23 04:49:52',67,'2016-02-23 04:49:52','0000-00-00 00:00:00'),(10,61,7,20,'500.00','1',67,'2016-02-23 04:50:26',67,'2016-02-23 04:51:21','0000-00-00 00:00:00'),(11,58,8,10,'2200.00','1',51,'2016-03-17 18:12:13',51,'2016-04-21 13:33:17','0000-00-00 00:00:00'),(12,58,3,13,'150.00','1',51,'2016-03-26 16:32:51',51,'2016-04-18 15:10:22','0000-00-00 00:00:00'),(13,58,8,13,'350.00','1',51,'2016-03-26 16:33:07',51,'2016-04-18 17:02:25','0000-00-00 00:00:00');

/*Table structure for table `co_room_charge_category` */

DROP TABLE IF EXISTS `co_room_charge_category`;

CREATE TABLE `co_room_charge_category` (
  `charge_cat_id` int(11) NOT NULL AUTO_INCREMENT,
  `tenant_id` int(11) DEFAULT NULL,
  `charge_cat_name` varchar(50) NOT NULL,
  `charge_cat_code` varchar(10) DEFAULT NULL,
  `charge_cat_description` text,
  `status` enum('0','1') DEFAULT '1',
  `created_by` int(11) NOT NULL,
  `created_at` timestamp NOT NULL DEFAULT CURRENT_TIMESTAMP,
  `modified_by` int(11) DEFAULT NULL,
  `modified_at` timestamp NULL DEFAULT NULL,
  `deleted_at` timestamp NULL DEFAULT '0000-00-00 00:00:00',
  PRIMARY KEY (`charge_cat_id`),
  UNIQUE KEY `RoomCatNameUnique` (`tenant_id`,`charge_cat_name`,`deleted_at`),
  KEY `co_room_cat_tenant` (`tenant_id`),
  CONSTRAINT `FK_co_room_cat_tenant` FOREIGN KEY (`tenant_id`) REFERENCES `co_tenant` (`tenant_id`) ON DELETE CASCADE ON UPDATE CASCADE
) ENGINE=InnoDB AUTO_INCREMENT=10 DEFAULT CHARSET=latin1;

/*Data for the table `co_room_charge_category` */

insert  into `co_room_charge_category`(`charge_cat_id`,`tenant_id`,`charge_cat_name`,`charge_cat_code`,`charge_cat_description`,`status`,`created_by`,`created_at`,`modified_by`,`modified_at`,`deleted_at`) values (1,NULL,'Procedures','PRC','Procedures','1',1,'2016-01-28 15:34:22',NULL,NULL,'0000-00-00 00:00:00'),(2,NULL,'Allied Charges','ALC','Allied Charges','1',1,'2016-01-28 15:35:12',NULL,NULL,'0000-00-00 00:00:00'),(3,58,'Miscellaneous','12','Miscellaneous','1',51,'2016-02-04 07:04:17',51,'2016-02-04 07:04:17','0000-00-00 00:00:00'),(4,58,'Procedures','1234','2000','1',51,'2016-02-09 01:47:49',51,'2016-02-09 01:47:49','0000-00-00 00:00:00'),(5,58,'Room Charges','123','Chargers for Rooms','1',51,'2016-02-09 02:19:45',51,'2016-02-09 02:19:45','0000-00-00 00:00:00'),(6,60,'Dummy Charges',NULL,'charges','1',59,'2016-02-17 23:09:11',59,'2016-02-19 07:51:09','0000-00-00 00:00:00'),(8,60,'Dummy2 charges',NULL,'Dummy2 Charges','1',59,'2016-02-17 23:12:06',59,'2016-02-19 07:51:53','0000-00-00 00:00:00'),(9,61,'test','tsest','tes','1',67,'2016-02-23 04:36:28',67,'2016-02-23 04:36:28','0000-00-00 00:00:00');

/*Table structure for table `co_room_charge_item` */

DROP TABLE IF EXISTS `co_room_charge_item`;

CREATE TABLE `co_room_charge_item` (
  `charge_item_id` int(11) NOT NULL AUTO_INCREMENT,
  `tenant_id` int(11) NOT NULL,
  `charge_item_name` varchar(50) NOT NULL,
  `charge_item_code` varchar(10) NOT NULL,
  `charge_item_description` text,
  `status` enum('0','1') DEFAULT '1',
  `created_by` int(11) NOT NULL,
  `created_at` timestamp NOT NULL DEFAULT CURRENT_TIMESTAMP,
  `modified_by` int(11) DEFAULT NULL,
  `modified_at` timestamp NULL DEFAULT NULL,
  `deleted_at` timestamp NULL DEFAULT '0000-00-00 00:00:00',
  PRIMARY KEY (`charge_item_id`),
  UNIQUE KEY `RoomChargeUnique` (`charge_item_name`,`tenant_id`,`deleted_at`),
  KEY `co_charge_tenant` (`tenant_id`),
  CONSTRAINT `FK_co_charge_tenant` FOREIGN KEY (`tenant_id`) REFERENCES `co_tenant` (`tenant_id`) ON DELETE CASCADE ON UPDATE CASCADE
) ENGINE=InnoDB AUTO_INCREMENT=9 DEFAULT CHARSET=latin1;

/*Data for the table `co_room_charge_item` */

insert  into `co_room_charge_item`(`charge_item_id`,`tenant_id`,`charge_item_name`,`charge_item_code`,`charge_item_description`,`status`,`created_by`,`created_at`,`modified_by`,`modified_at`,`deleted_at`) values (1,58,'Test','TE','Testing','1',51,'2016-02-03 00:46:31',51,'2016-02-03 00:46:31','0000-00-00 00:00:00'),(2,58,'doppler','2389','doppler','1',51,'2016-02-04 22:38:37',51,'2016-02-04 22:38:37','0000-00-00 00:00:00'),(3,58,'Room Rent','123','Rent for Rooms','1',51,'2016-02-09 02:37:57',51,'2016-02-09 02:37:57','0000-00-00 00:00:00'),(4,60,'DMO','1','DMO','1',59,'2016-02-19 07:28:13',59,'2016-02-19 07:28:13','0000-00-00 00:00:00'),(5,60,'NURSING CHARGES','2','NURSING CHARGES','1',59,'2016-02-19 07:28:24',59,'2016-02-19 07:28:24','0000-00-00 00:00:00'),(6,60,'ROOM RENT','3','ROOM RENT','1',59,'2016-02-19 07:28:39',59,'2016-02-19 07:28:39','0000-00-00 00:00:00'),(7,61,'DMO','DMO','DMO','1',67,'2016-02-23 02:30:10',67,'2016-02-23 02:30:10','0000-00-00 00:00:00'),(8,58,'DMO','200','DMO','1',51,'2016-03-17 18:11:57',51,'2016-03-17 18:11:57','0000-00-00 00:00:00');

/*Table structure for table `co_room_charge_subcategory` */

DROP TABLE IF EXISTS `co_room_charge_subcategory`;

CREATE TABLE `co_room_charge_subcategory` (
  `charge_subcat_id` int(11) NOT NULL AUTO_INCREMENT,
  `tenant_id` int(11) NOT NULL,
  `charge_cat_id` int(11) NOT NULL,
  `charge_subcat_name` varchar(50) NOT NULL,
  `status` enum('0','1') DEFAULT '1',
  `created_by` int(11) NOT NULL,
  `created_at` timestamp NOT NULL DEFAULT CURRENT_TIMESTAMP,
  `modified_by` int(11) DEFAULT NULL,
  `modified_at` timestamp NULL DEFAULT NULL,
  `deleted_at` timestamp NULL DEFAULT '0000-00-00 00:00:00',
  PRIMARY KEY (`charge_subcat_id`),
  UNIQUE KEY `CoRoomChargeSubCategoryUnique` (`tenant_id`,`charge_cat_id`,`charge_subcat_name`,`deleted_at`),
  KEY `co_room_cat_tenant` (`tenant_id`),
  KEY `FK_co_room_charge_subcategory_category` (`charge_cat_id`),
  CONSTRAINT `FK_co_room_charge_subcategory_category` FOREIGN KEY (`charge_cat_id`) REFERENCES `co_room_charge_category` (`charge_cat_id`) ON DELETE CASCADE ON UPDATE CASCADE,
  CONSTRAINT `FK_co_room_subcat_tenant` FOREIGN KEY (`tenant_id`) REFERENCES `co_tenant` (`tenant_id`) ON DELETE CASCADE ON UPDATE CASCADE
) ENGINE=InnoDB AUTO_INCREMENT=42 DEFAULT CHARSET=latin1;

/*Data for the table `co_room_charge_subcategory` */

insert  into `co_room_charge_subcategory`(`charge_subcat_id`,`tenant_id`,`charge_cat_id`,`charge_subcat_name`,`status`,`created_by`,`created_at`,`modified_by`,`modified_at`,`deleted_at`) values (20,58,3,'misc1','1',51,'2016-02-04 07:04:18',51,'2016-02-04 07:04:18','0000-00-00 00:00:00'),(21,58,3,'misc2','1',51,'2016-02-04 07:04:18',51,'2016-02-04 07:04:18','0000-00-00 00:00:00'),(22,58,1,'stomach wash','1',51,'2016-02-04 22:34:10',51,'2016-02-04 22:34:10','0000-00-00 00:00:00'),(23,58,2,'Alied','1',51,'2016-02-05 06:22:39',51,'2016-02-05 06:22:39','0000-00-00 00:00:00'),(24,58,4,'Challenge test','1',51,'2016-02-09 01:47:51',51,'2016-02-09 01:48:48','0000-00-00 00:00:00'),(25,58,5,'DMO','1',51,'2016-02-09 02:19:46',51,'2016-02-09 02:19:46','0000-00-00 00:00:00'),(26,58,5,'Room Rent','1',51,'2016-02-09 02:19:46',51,'2016-02-09 02:19:46','0000-00-00 00:00:00'),(27,60,8,'vikhram','1',59,'2016-02-17 23:12:07',14,'2016-02-17 23:12:07','2016-02-19 07:51:27'),(28,60,8,'mary','1',59,'2016-02-17 23:12:07',14,'2016-02-17 23:12:07','2016-02-19 07:51:29'),(29,60,8,'jayant','1',59,'2016-02-17 23:12:07',14,'2016-02-17 23:12:07','2016-02-19 07:51:30'),(30,60,1,'Pulse Check','1',59,'2016-02-18 01:01:49',59,'2016-02-18 01:01:49','0000-00-00 00:00:00'),(31,60,2,'CANTEEN CHARGES','1',59,'2016-02-19 07:24:55',59,'2016-02-19 07:24:55','0000-00-00 00:00:00'),(32,60,2,'DRESSING CHARGES','1',59,'2016-02-19 07:25:25',59,'2016-02-19 07:25:25','0000-00-00 00:00:00'),(33,60,2,'MONITOR CHARGES','1',59,'2016-02-19 07:25:26',59,'2016-02-19 07:25:26','0000-00-00 00:00:00'),(34,60,2,'NEBULIZATION CHARGES','1',59,'2016-02-19 07:25:28',59,'2016-02-19 07:25:28','0000-00-00 00:00:00'),(35,60,1,'Aversion','1',59,'2016-02-19 07:25:54',59,'2016-02-19 07:25:54','0000-00-00 00:00:00'),(36,60,1,'Challenge Test','1',59,'2016-02-19 07:26:01',59,'2016-02-19 07:26:01','0000-00-00 00:00:00'),(37,60,1,'Treatment Charges','1',59,'2016-02-19 07:26:31',59,'2016-02-19 07:26:31','0000-00-00 00:00:00'),(38,61,9,'test','1',67,'2016-02-23 04:36:30',67,'2016-02-23 04:36:30','0000-00-00 00:00:00'),(39,58,1,'Aversion','1',51,'2016-03-22 15:34:47',51,'2016-03-22 15:34:47','0000-00-00 00:00:00'),(40,58,4,'Test','1',51,'2016-05-10 16:08:35',51,'2016-05-10 16:08:35','0000-00-00 00:00:00'),(41,58,5,'New One','1',51,'2016-05-25 11:03:49',51,'2016-05-25 11:03:49','0000-00-00 00:00:00');

/*Table structure for table `co_room_maintenance` */

DROP TABLE IF EXISTS `co_room_maintenance`;

CREATE TABLE `co_room_maintenance` (
  `maintain_id` int(11) NOT NULL AUTO_INCREMENT,
  `tenant_id` int(11) NOT NULL,
  `maintain_name` varchar(50) NOT NULL,
  `status` enum('0','1') DEFAULT '1',
  `created_by` int(11) NOT NULL,
  `created_at` timestamp NOT NULL DEFAULT CURRENT_TIMESTAMP,
  `modified_by` int(11) DEFAULT NULL,
  `modified_at` timestamp NULL DEFAULT NULL,
  `deleted_at` timestamp NULL DEFAULT '0000-00-00 00:00:00',
  PRIMARY KEY (`maintain_id`),
  UNIQUE KEY `MaintainNameUnique` (`tenant_id`,`maintain_name`,`deleted_at`),
  CONSTRAINT `FK_co_room_maintenance_tenant` FOREIGN KEY (`tenant_id`) REFERENCES `co_tenant` (`tenant_id`) ON DELETE CASCADE ON UPDATE CASCADE
) ENGINE=InnoDB AUTO_INCREMENT=8 DEFAULT CHARSET=latin1;

/*Data for the table `co_room_maintenance` */

insert  into `co_room_maintenance`(`maintain_id`,`tenant_id`,`maintain_name`,`status`,`created_by`,`created_at`,`modified_by`,`modified_at`,`deleted_at`) values (5,58,'cleaning','1',51,'2016-02-04 07:27:58',51,'2016-02-04 07:27:58','0000-00-00 00:00:00'),(6,58,'ac maintenance','1',51,'2016-02-04 22:30:34',51,'2016-02-04 22:30:34','0000-00-00 00:00:00'),(7,58,'testing-Raj','1',51,'2016-02-05 06:11:35',51,'2016-02-05 06:11:35','0000-00-00 00:00:00');

/*Table structure for table `co_room_type` */

DROP TABLE IF EXISTS `co_room_type`;

CREATE TABLE `co_room_type` (
  `room_type_id` int(11) NOT NULL AUTO_INCREMENT,
  `tenant_id` int(11) NOT NULL,
  `room_type_name` varchar(50) NOT NULL,
  `status` enum('0','1') DEFAULT '1',
  `created_by` int(11) NOT NULL,
  `created_at` timestamp NOT NULL DEFAULT CURRENT_TIMESTAMP,
  `modified_by` int(11) DEFAULT NULL,
  `modified_at` timestamp NULL DEFAULT NULL,
  `deleted_at` timestamp NULL DEFAULT '0000-00-00 00:00:00',
  PRIMARY KEY (`room_type_id`),
  UNIQUE KEY `RoomTypeNameUnique` (`tenant_id`,`room_type_name`,`deleted_at`),
  KEY `co_room_type_tenant` (`tenant_id`),
  CONSTRAINT `FK_co_room_type_tenant` FOREIGN KEY (`tenant_id`) REFERENCES `co_tenant` (`tenant_id`) ON DELETE CASCADE ON UPDATE CASCADE
) ENGINE=InnoDB AUTO_INCREMENT=21 DEFAULT CHARSET=latin1;

/*Data for the table `co_room_type` */

insert  into `co_room_type`(`room_type_id`,`tenant_id`,`room_type_name`,`status`,`created_by`,`created_at`,`modified_by`,`modified_at`,`deleted_at`) values (9,58,'ac','1',51,'2016-02-04 07:16:44',51,'2016-02-04 07:16:44','0000-00-00 00:00:00'),(10,58,'Non AC','1',51,'2016-02-04 07:16:50',51,'2016-02-04 07:16:50','0000-00-00 00:00:00'),(11,58,'Deluxe','1',51,'2016-02-04 07:16:56',51,'2016-02-04 07:16:56','0000-00-00 00:00:00'),(12,58,'Suite','1',51,'2016-02-05 06:40:40',51,'2016-02-05 06:40:40','0000-00-00 00:00:00'),(13,58,'Single','1',51,'2016-02-09 02:02:18',51,'2016-02-09 02:02:18','0000-00-00 00:00:00'),(14,60,'DELUX','1',59,'2016-02-20 02:44:04',59,'2016-02-20 06:04:25','0000-00-00 00:00:00'),(15,60,'NON AC','1',59,'2016-02-20 02:57:57',59,'2016-02-20 06:04:15','0000-00-00 00:00:00'),(16,60,'AC','1',59,'2016-02-20 02:58:03',59,'2016-02-20 06:04:07','0000-00-00 00:00:00'),(17,60,'SUITE','1',59,'2016-02-20 06:04:32',59,'2016-02-20 06:04:32','0000-00-00 00:00:00'),(18,60,'GENERAL','1',59,'2016-02-20 06:05:01',59,'2016-02-20 06:05:01','0000-00-00 00:00:00'),(19,61,'AC','1',67,'2016-02-23 04:44:21',67,'2016-02-23 04:44:21','0000-00-00 00:00:00'),(20,61,'Non-AC','1',67,'2016-02-23 04:44:33',67,'2016-02-23 04:44:33','0000-00-00 00:00:00');

/*Table structure for table `co_room_types_rooms` */

DROP TABLE IF EXISTS `co_room_types_rooms`;

CREATE TABLE `co_room_types_rooms` (
  `room_type_room_id` int(11) NOT NULL AUTO_INCREMENT,
  `tenant_id` int(11) NOT NULL,
  `room_type_id` int(11) NOT NULL,
  `room_id` int(11) NOT NULL,
  `created_by` int(11) NOT NULL,
  `created_at` timestamp NOT NULL DEFAULT CURRENT_TIMESTAMP ON UPDATE CURRENT_TIMESTAMP,
  `modified_by` int(11) DEFAULT NULL,
  `modified_at` timestamp NULL DEFAULT NULL,
  PRIMARY KEY (`room_type_room_id`),
  KEY `FK_room_types_rooms_tenane` (`tenant_id`),
  KEY `FK_room_types_rooms` (`room_type_id`),
  KEY `FK_room_types_rooms_room` (`room_id`),
  CONSTRAINT `FK_room_types_rooms` FOREIGN KEY (`room_type_id`) REFERENCES `co_room_type` (`room_type_id`) ON DELETE CASCADE ON UPDATE CASCADE,
  CONSTRAINT `FK_room_types_rooms_room` FOREIGN KEY (`room_id`) REFERENCES `co_room` (`room_id`) ON DELETE CASCADE ON UPDATE CASCADE,
  CONSTRAINT `FK_room_types_rooms_tenane` FOREIGN KEY (`tenant_id`) REFERENCES `co_tenant` (`tenant_id`) ON DELETE CASCADE ON UPDATE CASCADE
) ENGINE=InnoDB AUTO_INCREMENT=67 DEFAULT CHARSET=latin1;

/*Data for the table `co_room_types_rooms` */

insert  into `co_room_types_rooms`(`room_type_room_id`,`tenant_id`,`room_type_id`,`room_id`,`created_by`,`created_at`,`modified_by`,`modified_at`) values (11,58,9,9,51,'2016-02-04 07:31:07',51,'2016-02-04 07:31:07'),(13,58,10,10,51,'2016-02-05 06:39:43',51,'2016-02-05 06:39:43'),(14,58,11,10,51,'2016-02-05 06:39:43',51,'2016-02-05 06:39:43'),(15,58,11,9,51,'2016-02-05 06:39:58',51,'2016-02-05 06:39:58'),(16,58,9,11,51,'2016-02-05 06:42:02',51,'2016-02-05 06:42:02'),(17,58,10,11,51,'2016-02-05 06:42:02',51,'2016-02-05 06:42:02'),(18,58,11,11,51,'2016-02-05 06:42:02',51,'2016-02-05 06:42:02'),(19,58,12,11,51,'2016-02-05 06:42:02',51,'2016-02-05 06:42:02'),(20,58,12,12,51,'2016-02-05 06:42:11',51,'2016-02-05 06:42:11'),(21,58,9,12,51,'2016-02-15 07:12:36',51,'2016-02-15 07:12:36'),(22,60,16,23,59,'2016-02-20 06:07:58',59,'2016-02-20 06:07:58'),(23,60,14,21,59,'2016-02-20 06:08:06',59,'2016-02-20 06:08:06'),(24,60,18,21,59,'2016-02-20 06:08:06',59,'2016-02-20 06:08:06'),(25,60,15,20,59,'2016-02-20 06:08:14',59,'2016-02-20 06:08:14'),(26,60,17,20,59,'2016-02-20 06:08:14',59,'2016-02-20 06:08:14'),(27,60,15,19,59,'2016-02-20 06:08:22',59,'2016-02-20 06:08:22'),(28,60,18,19,59,'2016-02-20 06:08:22',59,'2016-02-20 06:08:22'),(29,60,14,18,59,'2016-02-20 06:08:32',59,'2016-02-20 06:08:32'),(30,60,16,18,59,'2016-02-20 06:08:32',59,'2016-02-20 06:08:32'),(31,61,19,31,67,'2016-02-23 04:49:09',67,'2016-02-23 04:49:09'),(32,61,20,31,67,'2016-02-23 04:49:09',67,'2016-02-23 04:49:09'),(33,61,19,32,67,'2016-02-23 04:49:18',67,'2016-02-23 04:49:18'),(34,61,20,34,67,'2016-02-23 04:49:30',67,'2016-02-23 04:49:30'),(35,61,19,34,67,'2016-02-23 04:49:30',67,'2016-02-23 04:49:30'),(36,61,19,35,67,'2016-02-23 05:28:01',67,'2016-02-23 05:28:01'),(37,61,20,35,67,'2016-02-23 05:28:01',67,'2016-02-23 05:28:01'),(38,61,19,36,67,'2016-02-23 05:29:43',67,'2016-02-23 05:29:43'),(39,61,20,36,67,'2016-02-23 05:29:43',67,'2016-02-23 05:29:43'),(40,61,19,33,67,'2016-02-23 05:29:55',67,'2016-02-23 05:29:55'),(41,61,20,33,67,'2016-02-23 05:29:55',67,'2016-02-23 05:29:55'),(42,58,10,12,51,'2016-03-02 19:18:23',51,'2016-03-02 19:18:23'),(43,58,13,12,51,'2016-03-02 19:18:23',51,'2016-03-02 19:18:23'),(44,58,11,12,51,'2016-03-02 19:18:24',51,'2016-03-02 19:18:24'),(45,58,9,17,51,'2016-03-26 16:33:51',51,'2016-03-26 16:33:51'),(46,58,11,17,51,'2016-03-26 16:33:51',51,'2016-03-26 16:33:51'),(47,58,10,17,51,'2016-03-26 16:33:51',51,'2016-03-26 16:33:51'),(48,58,13,17,51,'2016-03-26 16:33:51',51,'2016-03-26 16:33:51'),(50,58,13,11,51,'2016-03-26 16:34:02',51,'2016-03-26 16:34:02'),(51,58,13,10,51,'2016-03-26 16:34:08',51,'2016-03-26 16:34:08'),(52,58,12,10,51,'2016-03-26 16:34:08',51,'2016-03-26 16:34:08'),(53,58,10,9,51,'2016-03-26 16:34:15',51,'2016-03-26 16:34:15'),(54,58,13,9,51,'2016-03-26 16:34:15',51,'2016-03-26 16:34:15'),(55,58,12,9,51,'2016-03-26 16:34:15',51,'2016-03-26 16:34:15'),(56,58,11,37,51,'2016-05-20 11:05:20',51,'2016-05-20 11:05:20'),(57,58,9,37,51,'2016-05-20 11:05:20',51,'2016-05-20 11:05:20'),(58,58,10,37,51,'2016-05-20 11:05:20',51,'2016-05-20 11:05:20'),(59,58,9,38,51,'2016-05-20 16:44:05',51,'2016-05-20 16:44:05'),(60,58,10,38,51,'2016-05-20 16:44:05',51,'2016-05-20 16:44:05'),(61,58,9,40,51,'2016-05-25 11:01:01',51,'2016-05-25 11:01:01'),(62,58,11,40,51,'2016-05-25 11:01:01',51,'2016-05-25 11:01:01'),(63,58,10,40,51,'2016-05-25 11:01:01',51,'2016-05-25 11:01:01'),(64,58,12,39,51,'2016-05-25 11:01:08',51,'2016-05-25 11:01:08'),(65,58,13,39,51,'2016-05-25 11:01:08',51,'2016-05-25 11:01:08'),(66,58,10,39,51,'2016-05-25 11:01:08',51,'2016-05-25 11:01:08');

/*Table structure for table `co_speciality` */

DROP TABLE IF EXISTS `co_speciality`;

CREATE TABLE `co_speciality` (
  `speciality_id` int(11) NOT NULL AUTO_INCREMENT,
  `tenant_id` int(11) NOT NULL,
  `speciality_name` varchar(50) NOT NULL,
  `status` enum('0','1') DEFAULT '1',
  `created_by` int(11) NOT NULL,
  `created_at` timestamp NOT NULL DEFAULT CURRENT_TIMESTAMP,
  `modified_by` int(11) DEFAULT NULL,
  `modified_at` timestamp NULL DEFAULT NULL,
  `deleted_at` timestamp NULL DEFAULT '0000-00-00 00:00:00',
  PRIMARY KEY (`speciality_id`),
  UNIQUE KEY `co_speciality_tenant` (`tenant_id`,`speciality_name`,`deleted_at`),
  CONSTRAINT `FK_co_speciality_tenant` FOREIGN KEY (`tenant_id`) REFERENCES `co_tenant` (`tenant_id`) ON DELETE CASCADE ON UPDATE CASCADE
) ENGINE=InnoDB AUTO_INCREMENT=13 DEFAULT CHARSET=latin1;

/*Data for the table `co_speciality` */

insert  into `co_speciality`(`speciality_id`,`tenant_id`,`speciality_name`,`status`,`created_by`,`created_at`,`modified_by`,`modified_at`,`deleted_at`) values (1,58,'General physician','1',51,'2016-02-05 22:49:38',51,'2016-02-05 22:49:38','0000-00-00 00:00:00'),(2,60,'gyno','1',59,'2016-02-17 06:31:51',59,'2016-02-17 06:31:51','0000-00-00 00:00:00'),(3,60,'pediat','1',59,'2016-02-17 06:32:00',59,'2016-02-17 06:32:00','0000-00-00 00:00:00'),(4,60,'Anaesthetist','1',59,'2016-02-19 07:17:05',59,'2016-02-19 07:17:05','0000-00-00 00:00:00'),(5,60,'Dentist','1',59,'2016-02-19 07:17:22',59,'2016-02-19 07:17:22','0000-00-00 00:00:00'),(6,60,'Endocrinologist','1',59,'2016-02-19 07:17:40',59,'2016-02-19 07:17:40','0000-00-00 00:00:00'),(7,60,'Nephrologist','1',59,'2016-02-19 07:17:57',59,'2016-02-19 07:17:57','0000-00-00 00:00:00'),(8,60,'Opthomologist','1',59,'2016-02-19 07:18:07',59,'2016-02-19 07:18:07','0000-00-00 00:00:00'),(9,60,'Physiotherapist','1',59,'2016-02-19 07:18:16',59,'2016-02-19 07:18:28','0000-00-00 00:00:00'),(10,60,'Psychiatrist','1',59,'2016-02-19 07:18:45',59,'2016-02-19 07:18:45','0000-00-00 00:00:00'),(11,61,'psychiatrist','1',67,'2016-02-21 23:21:54',NULL,'2016-02-21 23:23:41','0000-00-00 00:00:00'),(12,61,'testasdfasdfadsfads','1',67,'2016-02-23 02:13:53',67,'2016-02-23 02:14:12','0000-00-00 00:00:00');

/*Table structure for table `co_super_admin` */

DROP TABLE IF EXISTS `co_super_admin`;

CREATE TABLE `co_super_admin` (
  `su_id` int(11) NOT NULL AUTO_INCREMENT,
  `username` varchar(100) NOT NULL,
  `password` varchar(255) NOT NULL,
  `authtoken` varchar(255) DEFAULT NULL,
  `last_activity` timestamp NOT NULL DEFAULT '0000-00-00 00:00:00',
  `created_by` int(11) DEFAULT NULL,
  `created_at` timestamp NOT NULL DEFAULT '0000-00-00 00:00:00',
  `modified_by` int(11) DEFAULT NULL,
  `modified_at` timestamp NOT NULL DEFAULT '0000-00-00 00:00:00',
  PRIMARY KEY (`su_id`)
) ENGINE=InnoDB AUTO_INCREMENT=2 DEFAULT CHARSET=latin1;

/*Data for the table `co_super_admin` */

insert  into `co_super_admin`(`su_id`,`username`,`password`,`authtoken`,`last_activity`,`created_by`,`created_at`,`modified_by`,`modified_at`) values (1,'demo','$2y$13$pfNu2lorSgd3btV7foqp.uriRfXF.7lSi51b45oefB0V1NaObxEui','ZGVtbzE0NTY3NDgwNzg5Nzcz','0000-00-00 00:00:00',NULL,'0000-00-00 00:00:00',-1,'2016-01-07 11:46:28');

/*Table structure for table `co_tenant` */

DROP TABLE IF EXISTS `co_tenant`;

CREATE TABLE `co_tenant` (
  `tenant_id` int(11) NOT NULL AUTO_INCREMENT,
  `org_id` int(11) NOT NULL,
  `tenant_guid` varchar(50) DEFAULT NULL,
  `tenant_name` varchar(50) NOT NULL,
  `tenant_address` varchar(100) DEFAULT NULL,
  `tenant_city_id` int(11) DEFAULT NULL,
  `tenant_state_id` int(11) DEFAULT NULL,
  `tenant_country_id` int(11) DEFAULT NULL,
  `tenant_contact1` varchar(20) DEFAULT NULL,
  `tenant_contact2` varchar(20) DEFAULT NULL,
  `tenant_fax` varchar(50) DEFAULT NULL,
  `tenant_mobile` varchar(20) DEFAULT NULL,
  `tenant_email` varchar(50) DEFAULT NULL,
  `tenant_url` varchar(50) DEFAULT NULL,
  `slug` varchar(50) DEFAULT NULL,
  `status` enum('0','1') DEFAULT '1',
  `created_by` int(11) NOT NULL,
  `created_at` timestamp NOT NULL DEFAULT CURRENT_TIMESTAMP,
  `modified_by` int(11) DEFAULT NULL,
  `modified_at` timestamp NULL DEFAULT NULL,
  `deleted_at` timestamp NULL DEFAULT '0000-00-00 00:00:00',
  PRIMARY KEY (`tenant_id`),
  UNIQUE KEY `TenantNameUnique` (`tenant_name`,`org_id`),
  KEY `FK_co_tenant_org` (`org_id`)
) ENGINE=InnoDB AUTO_INCREMENT=69 DEFAULT CHARSET=latin1;

/*Data for the table `co_tenant` */

insert  into `co_tenant`(`tenant_id`,`org_id`,`tenant_guid`,`tenant_name`,`tenant_address`,`tenant_city_id`,`tenant_state_id`,`tenant_country_id`,`tenant_contact1`,`tenant_contact2`,`tenant_fax`,`tenant_mobile`,`tenant_email`,`tenant_url`,`slug`,`status`,`created_by`,`created_at`,`modified_by`,`modified_at`,`deleted_at`) values (58,7,'','Ahana','Gandhi Nagar',1,1,1,'123','','','','vikhram@ahana.com','http://ahana.com','','1',-1,'2016-02-02 22:26:38',-1,'0000-00-00 00:00:00','0000-00-00 00:00:00'),(59,7,'','Ark Infotec','Bye-pass',4,3,2,'123','','','','gayatri@ark.com','http://ark.com','','0',-1,'2016-02-02 22:43:11',-1,'0000-00-00 00:00:00','0000-00-00 00:00:00'),(60,7,'','Radianz','rad',2,1,1,'123123','','','','abc@radianz.com','','','1',-1,'2016-02-17 06:28:38',-1,'0000-00-00 00:00:00','0000-00-00 00:00:00'),(61,7,NULL,'test','test',1,8,7,'99999999',NULL,NULL,NULL,'test.t@gm.xc','http://ahanahospitals.in/',NULL,'1',-1,'2016-02-21 23:16:05',-1,'2016-02-21 23:16:05','0000-00-00 00:00:00'),(62,0,NULL,'test test','test',5,8,7,'2323232323','',NULL,NULL,'34343@3444.3',NULL,NULL,'1',-1,'2016-02-29 02:00:01',-1,'2016-02-29 02:08:44','0000-00-00 00:00:00'),(68,7,'','K.K Nagar','K.K Nagar',1,1,1,'99888551154','','','','ts2@gaa.com','','','',-1,'0000-00-00 00:00:00',-1,'0000-00-00 00:00:00','0000-00-00 00:00:00');

/*Table structure for table `co_user` */

DROP TABLE IF EXISTS `co_user`;

CREATE TABLE `co_user` (
  `user_id` int(11) NOT NULL AUTO_INCREMENT,
  `tenant_id` int(11) NOT NULL,
  `org_id` int(11) NOT NULL,
  `title_code` varchar(10) DEFAULT 'Mr.',
  `name` varchar(50) NOT NULL,
  `designation` varchar(25) DEFAULT NULL,
  `address` varchar(100) DEFAULT NULL,
  `city_id` int(11) DEFAULT NULL,
  `state_id` int(11) DEFAULT NULL,
  `zip` varchar(20) DEFAULT NULL,
  `country_id` int(11) DEFAULT NULL,
  `contact1` varchar(50) DEFAULT NULL,
  `contact2` varchar(50) DEFAULT NULL,
  `mobile` varchar(50) DEFAULT NULL,
  `email` varchar(50) DEFAULT NULL,
  `speciality_id` int(11) DEFAULT NULL,
  `care_provider` enum('0','1') NOT NULL DEFAULT '0',
  `status` enum('0','1') DEFAULT '1',
  `created_by` int(11) NOT NULL,
  `created_at` timestamp NOT NULL DEFAULT CURRENT_TIMESTAMP,
  `modified_by` int(11) DEFAULT NULL,
  `modified_at` timestamp NULL DEFAULT NULL,
  `deleted_at` timestamp NULL DEFAULT '0000-00-00 00:00:00',
  PRIMARY KEY (`user_id`),
  KEY `FK_co_user_profile_tenant` (`tenant_id`)
) ENGINE=InnoDB AUTO_INCREMENT=74 DEFAULT CHARSET=latin1;

/*Data for the table `co_user` */

insert  into `co_user`(`user_id`,`tenant_id`,`org_id`,`title_code`,`name`,`designation`,`address`,`city_id`,`state_id`,`zip`,`country_id`,`contact1`,`contact2`,`mobile`,`email`,`speciality_id`,`care_provider`,`status`,`created_by`,`created_at`,`modified_by`,`modified_at`,`deleted_at`) values (51,0,7,'Dr.','Vikhram','Doctor','Anna Nagar',1,8,'625008',7,NULL,NULL,'8989898989','vikhram@ahana.com',NULL,'0','1',-1,'2016-02-02 22:26:38',-1,'2016-02-02 22:26:38','0000-00-00 00:00:00'),(52,59,0,'Miss.','Gayatri','HR','Byepass',1,8,'625010',7,NULL,NULL,'7878787878','gayatri@ark.com',NULL,'0','1',-1,'2016-02-02 22:43:11',-1,'2016-02-04 05:55:51','0000-00-00 00:00:00'),(53,58,0,'Mr.','Gayatri','HR','11231',1,8,'1231231',7,NULL,NULL,'1121212','gayatri@gmail.com',NULL,'0','1',51,'2016-02-03 01:04:06',51,'2016-02-03 01:04:06','0000-00-00 00:00:00'),(54,58,0,'Dr.','John','Doctor','abc',1,8,'123123',7,NULL,NULL,'123123','john@a.com',NULL,'1','1',51,'2016-02-04 07:06:51',51,'2016-02-05 22:58:11','0000-00-00 00:00:00'),(55,58,0,'Mr.','sadasd','asdasd','asasd',1,8,'123123',7,NULL,NULL,'123123123','a@abc.com',NULL,'0','1',51,'2016-02-04 07:29:11',51,'2016-02-04 07:29:11','0000-00-00 00:00:00'),(56,58,0,'Dr.','Surya','Doctor','abc',1,8,'234234',7,NULL,NULL,'123123123','surya@gmail.com',1,'1','1',51,'2016-02-05 22:50:38',51,'2016-02-06 02:23:28','0000-00-00 00:00:00'),(57,58,0,'Mr.','2341234','sdf','sdfsdf',1,8,'12341234',7,'2341234','1234','2341234','sadfsad@asdf.com',1,'0','1',51,'2016-02-15 06:48:47',51,'2016-02-15 06:48:47','0000-00-00 00:00:00'),(58,58,0,'Mrs.','Jo','Doctor','sdfa',4,10,'123123',11,'123','123','123','dg@adf.com',1,'1','1',51,'2016-02-15 07:14:24',51,'2016-02-15 07:14:24','0000-00-00 00:00:00'),(59,60,0,'Miss.','Gayatri','doctor','12341243',1,8,'2341234',7,NULL,NULL,'1342134','g@abc.com',NULL,'0','1',-1,'2016-02-17 06:28:38',-1,'2016-02-17 06:28:38','0000-00-00 00:00:00'),(60,60,0,'Dr.','Gayatri','doctor','park st.',1,8,'12341234',7,NULL,NULL,'1342134234','g@yopmail.com',3,'1','1',59,'2016-02-17 06:32:40',59,'2016-02-18 03:08:22','0000-00-00 00:00:00'),(61,60,0,'Dr.','Sagar','Doctor','sfsdfa',1,8,'12123',7,NULL,NULL,'12313','abc@gmail.com',3,'1','1',59,'2016-02-18 00:59:09',59,'2016-02-18 00:59:09','0000-00-00 00:00:00'),(62,58,0,'Mr.','Prakash','ARK','test test',1,8,'625002',7,NULL,NULL,'9555652154','prakash.paramanandam@arkinfotec.com',NULL,'0','1',51,'2016-02-19 07:08:10',51,'2016-02-19 07:08:10','0000-00-00 00:00:00'),(63,58,0,'Mr.','Nadesh','ARK','asdasdsa',1,8,'625010',7,NULL,NULL,'12312312323','nadesh@arkinfotec.com',NULL,'0','1',51,'2016-02-19 07:08:55',51,'2016-02-19 07:08:55','0000-00-00 00:00:00'),(64,60,0,'Dr.','Jessi','Doctor','aaa',1,8,'123123',7,NULL,NULL,'1231231231','jess@abc.com',2,'1','1',59,'2016-02-19 07:29:45',59,'2016-02-19 07:29:45','0000-00-00 00:00:00'),(65,60,0,'Dr.','Neeraj','Doctor','abcd',4,10,'121212',11,NULL,NULL,'1231231231','neeraj@gmail.com',4,'1','1',59,'2016-02-19 07:30:54',59,'2016-02-19 07:52:43','0000-00-00 00:00:00'),(66,60,0,'Mr.','Prakash Arulmani','ARK','test test',1,8,'952021',7,NULL,NULL,'9569562512','prakash@gmail.com',NULL,'0','1',59,'2016-02-20 05:10:04',59,'2016-02-20 05:10:04','0000-00-00 00:00:00'),(67,61,0,'Mrs.','Paramesh','Testor','test',1,8,'33434',7,NULL,NULL,'9789654321','parames.31390@gmail.com',NULL,'0','1',-1,'2016-02-21 23:16:05',-1,'2016-02-27 06:07:08','0000-00-00 00:00:00'),(68,61,0,'Dr.','Vikhram Vikhram  Vikhram  Vikhram  Vikhram  Vikh','psychiatrist','test',1,8,'625001',7,NULL,NULL,'9876543210','vikhram@ahanahospitals.in',11,'1','1',67,'2016-02-21 23:25:03',67,'2016-02-27 07:46:51','0000-00-00 00:00:00'),(69,61,0,'Dr.','CRS','Phychartist','test',1,8,'62555',7,NULL,NULL,'9876543210','CRS@ahana.in',11,'1','1',67,'2016-02-25 02:19:05',67,'2016-02-25 02:19:05','0000-00-00 00:00:00'),(70,61,0,'Dr.','Panjanathan','GMO','asdfasd',1,8,'322',7,NULL,NULL,'343343434','test@test.coo',12,'1','1',67,'2016-02-27 07:40:49',67,'2016-02-27 07:40:49','0000-00-00 00:00:00'),(71,61,0,'Dr.','Raja Raja Raja Raja Raja Raja Raja Raja Raja','DMO','test',1,8,'34343',7,NULL,NULL,'03934030','raja@ahana.in',11,'1','1',67,'2016-02-27 07:42:02',67,'2016-02-27 07:45:35','0000-00-00 00:00:00'),(72,61,0,'Dr.','Gopi Gopi Gopi Gopi Gopi Gopi Gopi','Counseller','DFDFD',1,8,'34',7,NULL,NULL,'344','gopi@ahana.in',11,'1','1',67,'2016-02-27 07:42:51',67,'2016-02-27 07:44:37','0000-00-00 00:00:00'),(73,62,0,'Mrs.','Paramesh','testor','34343',5,8,'343434',7,NULL,NULL,'3434343434','test@test.com',NULL,'0','1',-1,'2016-02-29 02:00:01',-1,'2016-02-29 02:00:01','0000-00-00 00:00:00');

/*Table structure for table `co_users_roles` */

DROP TABLE IF EXISTS `co_users_roles`;

CREATE TABLE `co_users_roles` (
  `user_role_id` int(11) NOT NULL AUTO_INCREMENT,
  `tenant_id` int(11) NOT NULL,
  `user_id` int(11) NOT NULL,
  `role_id` int(11) NOT NULL,
  `created_by` int(11) NOT NULL,
  `created_at` timestamp NOT NULL DEFAULT CURRENT_TIMESTAMP,
  `modified_by` int(11) DEFAULT NULL,
  `modified_at` timestamp NULL DEFAULT NULL,
  PRIMARY KEY (`user_role_id`),
  KEY `FK_co_user_roles` (`user_id`),
  KEY `FK_co_user_roles_role` (`role_id`),
  KEY `FK_co_user_roles_tenant` (`tenant_id`),
  CONSTRAINT `FK_co_user_roles` FOREIGN KEY (`user_id`) REFERENCES `co_user` (`user_id`) ON DELETE CASCADE ON UPDATE CASCADE,
  CONSTRAINT `FK_co_user_roles_role` FOREIGN KEY (`role_id`) REFERENCES `co_role` (`role_id`) ON DELETE CASCADE ON UPDATE CASCADE
) ENGINE=InnoDB AUTO_INCREMENT=41 DEFAULT CHARSET=latin1;

/*Data for the table `co_users_roles` */

insert  into `co_users_roles`(`user_role_id`,`tenant_id`,`user_id`,`role_id`,`created_by`,`created_at`,`modified_by`,`modified_at`) values (1,58,51,64,-1,'2016-02-02 22:26:39',NULL,NULL),(2,59,52,65,-1,'2016-02-02 22:43:12',NULL,NULL),(3,58,53,66,0,'2016-02-04 07:03:39',51,'2016-02-04 07:03:39'),(4,58,56,66,0,'2016-02-05 22:59:29',51,'2016-02-05 22:59:29'),(5,60,59,69,-1,'2016-02-17 06:28:39',NULL,NULL),(6,58,62,66,0,'2016-02-19 07:09:22',51,'2016-02-19 07:09:22'),(7,58,62,67,0,'2016-02-19 07:09:22',51,'2016-02-19 07:09:22'),(8,58,62,68,0,'2016-02-19 07:09:22',51,'2016-02-19 07:09:22'),(9,58,63,66,0,'2016-02-19 07:09:27',51,'2016-02-19 07:09:27'),(10,58,63,67,0,'2016-02-19 07:09:27',51,'2016-02-19 07:09:27'),(11,58,63,68,0,'2016-02-19 07:09:27',51,'2016-02-19 07:09:27'),(12,60,60,74,0,'2016-02-19 07:32:09',59,'2016-02-19 07:32:09'),(13,60,60,84,0,'2016-02-19 07:32:09',59,'2016-02-19 07:32:09'),(14,60,61,90,0,'2016-02-19 07:32:17',59,'2016-02-19 07:32:17'),(15,60,61,81,0,'2016-02-19 07:32:17',59,'2016-02-19 07:32:17'),(16,60,64,79,0,'2016-02-19 07:32:22',59,'2016-02-19 07:32:22'),(17,60,65,89,0,'2016-02-19 07:32:30',59,'2016-02-19 07:32:30'),(18,60,65,88,0,'2016-02-19 07:32:30',59,'2016-02-19 07:32:30'),(19,60,65,82,0,'2016-02-19 07:32:30',59,'2016-02-19 07:32:30'),(20,60,66,81,0,'2016-02-20 05:10:50',59,'2016-02-20 05:10:50'),(21,60,66,90,0,'2016-02-20 05:10:50',59,'2016-02-20 05:10:50'),(22,60,66,73,0,'2016-02-20 05:10:50',59,'2016-02-20 05:10:50'),(23,60,66,84,0,'2016-02-20 05:10:50',59,'2016-02-20 05:10:50'),(24,60,66,74,0,'2016-02-20 05:10:50',59,'2016-02-20 05:10:50'),(25,60,66,89,0,'2016-02-20 05:10:50',59,'2016-02-20 05:10:50'),(26,60,66,79,0,'2016-02-20 05:10:50',59,'2016-02-20 05:10:50'),(27,60,66,87,0,'2016-02-20 05:10:50',59,'2016-02-20 05:10:50'),(28,60,66,86,0,'2016-02-20 05:10:50',59,'2016-02-20 05:10:50'),(29,60,66,82,0,'2016-02-20 05:10:50',59,'2016-02-20 05:10:50'),(30,60,66,72,0,'2016-02-20 05:10:50',59,'2016-02-20 05:10:50'),(31,60,66,88,0,'2016-02-20 05:10:50',59,'2016-02-20 05:10:50'),(32,61,67,91,-1,'2016-02-21 23:16:05',NULL,NULL),(33,62,73,93,-1,'2016-02-29 02:00:02',NULL,NULL),(39,58,58,96,0,'2016-05-18 16:24:34',51,'2016-05-18 16:24:34'),(40,58,54,96,0,'2016-05-18 16:25:43',51,'2016-05-18 16:25:43');

/*Table structure for table `co_ward` */

DROP TABLE IF EXISTS `co_ward`;

CREATE TABLE `co_ward` (
  `ward_id` int(11) NOT NULL AUTO_INCREMENT,
  `tenant_id` int(11) NOT NULL,
  `floor_id` int(11) NOT NULL,
  `ward_name` varchar(50) NOT NULL,
  `status` enum('0','1') DEFAULT '1',
  `created_by` int(11) NOT NULL,
  `created_at` timestamp NOT NULL DEFAULT CURRENT_TIMESTAMP,
  `modified_by` int(11) DEFAULT NULL,
  `modified_at` timestamp NULL DEFAULT NULL,
  `deleted_at` timestamp NULL DEFAULT '0000-00-00 00:00:00',
  PRIMARY KEY (`ward_id`),
  UNIQUE KEY `WardNameUnique` (`tenant_id`,`ward_name`,`floor_id`),
  KEY `FK_co_ward_floor` (`floor_id`),
  CONSTRAINT `FK_co_ward_floor` FOREIGN KEY (`floor_id`) REFERENCES `co_floor` (`floor_id`) ON DELETE CASCADE ON UPDATE CASCADE,
  CONSTRAINT `FK_co_ward_tenant` FOREIGN KEY (`tenant_id`) REFERENCES `co_tenant` (`tenant_id`) ON DELETE CASCADE ON UPDATE CASCADE
) ENGINE=InnoDB AUTO_INCREMENT=20 DEFAULT CHARSET=latin1;

/*Data for the table `co_ward` */

insert  into `co_ward`(`ward_id`,`tenant_id`,`floor_id`,`ward_name`,`status`,`created_by`,`created_at`,`modified_by`,`modified_at`,`deleted_at`) values (8,58,7,'100','1',51,'2016-02-04 07:16:14',51,'2016-02-04 07:16:14','0000-00-00 00:00:00'),(9,58,8,'201','1',51,'2016-02-04 07:16:24',51,'2016-02-04 07:16:24','0000-00-00 00:00:00'),(10,58,9,'301','1',51,'2016-02-04 07:16:34',51,'2016-02-04 07:16:34','0000-00-00 00:00:00'),(11,58,8,'301','1',51,'2016-02-15 06:37:18',51,'2016-02-15 06:37:18','0000-00-00 00:00:00'),(12,60,16,'G1','1',59,'2016-02-20 01:14:02',59,'2016-02-20 01:14:02','0000-00-00 00:00:00'),(13,60,17,'F1','1',59,'2016-02-20 01:14:42',59,'2016-02-20 01:14:54','0000-00-00 00:00:00'),(14,60,18,'S1','1',59,'2016-02-20 01:15:07',59,'2016-02-20 01:15:07','0000-00-00 00:00:00'),(15,61,19,'ward1','1',67,'2016-02-23 04:43:00',67,'2016-02-23 04:43:00','0000-00-00 00:00:00'),(16,61,19,'Ward2','1',67,'2016-02-23 04:43:12',67,'2016-02-23 04:43:12','0000-00-00 00:00:00'),(17,61,19,'Ward3','1',67,'2016-02-23 04:43:25',67,'2016-02-23 04:43:25','0000-00-00 00:00:00'),(18,61,20,'Ward4','0',67,'2016-02-23 04:43:38',67,'2016-02-23 04:43:38','0000-00-00 00:00:00'),(19,61,20,'ward5','1',67,'2016-02-23 04:44:07',67,'2016-02-23 04:44:07','0000-00-00 00:00:00');

/*Table structure for table `pat_admission` */

DROP TABLE IF EXISTS `pat_admission`;

CREATE TABLE `pat_admission` (
  `admn_id` int(11) NOT NULL AUTO_INCREMENT,
  `tenant_id` int(11) NOT NULL,
  `patient_id` int(11) NOT NULL,
  `encounter_id` int(11) NOT NULL,
  `status_date` timestamp NOT NULL DEFAULT '0000-00-00 00:00:00',
  `consultant_id` int(11) NOT NULL,
  `floor_id` int(11) NOT NULL,
  `ward_id` int(11) NOT NULL,
  `room_id` int(11) NOT NULL,
  `room_type_id` int(11) NOT NULL,
  `admission_status` varchar(2) NOT NULL DEFAULT 'A' COMMENT 'A - Admission, D-Discharge, TD- Transfer Doctor, TR - Transfer Room, C - Cancelled, CD - Clinical Discharge',
  `status` enum('0','1') DEFAULT '1',
  `notes` text,
  `is_swap` smallint(6) DEFAULT '0',
  `created_by` int(11) NOT NULL,
  `created_at` timestamp NOT NULL DEFAULT CURRENT_TIMESTAMP,
  `modified_by` int(11) DEFAULT NULL,
  `modified_at` timestamp NULL DEFAULT NULL,
  `deleted_at` timestamp NULL DEFAULT '0000-00-00 00:00:00',
  PRIMARY KEY (`admn_id`),
  KEY `FK_pat_admission_tenant` (`tenant_id`),
  KEY `FK_pat_admission_patient` (`patient_id`),
  KEY `FK_pat_admission_encounter` (`encounter_id`),
  CONSTRAINT `FK_pat_admission_encounter` FOREIGN KEY (`encounter_id`) REFERENCES `pat_encounter` (`encounter_id`) ON DELETE CASCADE ON UPDATE CASCADE,
  CONSTRAINT `FK_pat_admission_patient` FOREIGN KEY (`patient_id`) REFERENCES `pat_patient` (`patient_id`) ON DELETE CASCADE ON UPDATE CASCADE,
  CONSTRAINT `FK_pat_admission_tenant` FOREIGN KEY (`tenant_id`) REFERENCES `co_tenant` (`tenant_id`) ON DELETE CASCADE ON UPDATE CASCADE
) ENGINE=InnoDB AUTO_INCREMENT=21 DEFAULT CHARSET=latin1;

/*Data for the table `pat_admission` */

insert  into `pat_admission`(`admn_id`,`tenant_id`,`patient_id`,`encounter_id`,`status_date`,`consultant_id`,`floor_id`,`ward_id`,`room_id`,`room_type_id`,`admission_status`,`status`,`notes`,`is_swap`,`created_by`,`created_at`,`modified_by`,`modified_at`,`deleted_at`) values (1,60,82,1,'2016-06-07 18:00:25',61,16,12,19,15,'A','1',NULL,0,51,'2016-06-07 18:00:37',51,'2016-06-07 18:00:37','0000-00-00 00:00:00'),(2,60,82,1,'2016-06-07 18:02:56',61,16,12,19,15,'AC','1','Admission Cancelled',0,51,'2016-06-07 18:02:56',51,'2016-06-07 18:02:56','0000-00-00 00:00:00'),(3,60,82,3,'2016-06-07 18:11:04',60,16,12,19,15,'A','1',NULL,0,51,'2016-06-07 18:11:15',51,'2016-06-07 18:11:15','0000-00-00 00:00:00'),(4,60,82,3,'2016-06-07 18:13:51',60,16,12,19,15,'AC','1','Admission Cancelled',0,51,'2016-06-07 18:13:51',51,'2016-06-07 18:13:51','0000-00-00 00:00:00'),(5,60,82,4,'2016-06-07 18:16:08',60,16,12,19,15,'A','1',NULL,0,51,'2016-06-07 18:16:20',51,'2016-06-07 18:16:20','0000-00-00 00:00:00'),(6,60,82,4,'2016-06-07 18:16:35',60,16,12,19,15,'AC','1','Admission Cancelled',0,51,'2016-06-07 18:16:35',51,'2016-06-07 18:16:35','0000-00-00 00:00:00'),(7,60,82,5,'2016-06-07 18:20:32',60,16,12,19,15,'A','1',NULL,0,51,'2016-06-07 18:20:42',51,'2016-06-07 18:20:42','0000-00-00 00:00:00'),(8,60,82,5,'2016-06-07 18:20:51',60,16,12,19,15,'AC','1','Admission Cancelled',0,51,'2016-06-07 18:20:51',51,'2016-06-07 18:20:51','0000-00-00 00:00:00'),(9,60,82,6,'2016-06-07 18:21:49',61,16,12,19,18,'A','1',NULL,0,51,'2016-06-07 18:21:59',51,'2016-06-07 18:21:59','0000-00-00 00:00:00'),(10,60,82,6,'2016-06-07 18:22:05',61,16,12,19,18,'AC','1','Admission Cancelled',0,51,'2016-06-07 18:22:05',51,'2016-06-07 18:22:05','0000-00-00 00:00:00'),(11,60,82,10,'2016-06-07 19:10:18',60,16,12,19,15,'A','1',NULL,0,51,'2016-06-07 19:10:30',51,'2016-06-07 19:10:30','0000-00-00 00:00:00'),(12,60,82,10,'2016-06-07 19:10:40',60,16,12,19,15,'AC','1','Admission Cancelled',0,51,'2016-06-07 19:10:40',51,'2016-06-07 19:10:40','0000-00-00 00:00:00'),(13,60,82,10,'2016-06-07 19:31:35',60,16,12,19,15,'AC','1','Admission Cancelled',0,51,'2016-06-07 19:31:35',51,'2016-06-07 19:31:35','0000-00-00 00:00:00'),(14,60,82,11,'2016-06-07 19:32:33',65,16,12,19,18,'A','1',NULL,0,51,'2016-06-07 19:32:47',51,'2016-06-07 19:32:47','0000-00-00 00:00:00'),(15,60,82,11,'2016-06-07 19:32:57',65,16,12,19,18,'AC','1','Admission Cancelled',0,51,'2016-06-07 19:32:57',51,'2016-06-07 19:32:57','0000-00-00 00:00:00'),(16,60,82,12,'2016-06-07 19:35:35',60,16,12,19,15,'A','1',NULL,0,51,'2016-06-07 19:35:45',51,'2016-06-07 19:35:45','0000-00-00 00:00:00'),(17,60,82,12,'2016-06-07 19:35:58',60,16,12,19,15,'AC','1','Admission Cancelled',0,51,'2016-06-07 19:35:58',51,'2016-06-07 19:35:58','0000-00-00 00:00:00'),(18,60,82,13,'2016-06-07 19:37:31',60,17,13,23,16,'A','1',NULL,0,51,'2016-06-07 19:37:45',51,'2016-06-07 19:37:45','0000-00-00 00:00:00'),(19,60,82,13,'2016-06-07 19:37:56',60,17,13,23,16,'AC','1','Admission Cancelled',0,51,'2016-06-07 19:37:56',51,'2016-06-07 19:37:56','0000-00-00 00:00:00'),(20,60,82,15,'2016-06-08 15:33:52',60,16,12,19,15,'A','1',NULL,0,51,'2016-06-08 15:33:59',51,'2016-06-08 15:33:59','0000-00-00 00:00:00');

/*Table structure for table `pat_alert` */

DROP TABLE IF EXISTS `pat_alert`;

CREATE TABLE `pat_alert` (
  `pat_alert_id` int(11) NOT NULL AUTO_INCREMENT,
  `tenant_id` int(11) NOT NULL,
  `alert_id` int(11) NOT NULL,
  `patient_id` int(11) NOT NULL,
  `alert_description` text NOT NULL,
  `status` enum('0','1') DEFAULT '1',
  `created_by` int(11) NOT NULL,
  `created_at` timestamp NOT NULL DEFAULT CURRENT_TIMESTAMP,
  `modified_by` int(11) DEFAULT NULL,
  `modified_at` timestamp NULL DEFAULT NULL,
  `deleted_at` timestamp NULL DEFAULT '0000-00-00 00:00:00',
  PRIMARY KEY (`pat_alert_id`),
  KEY `FK_pat_alert_tenant` (`tenant_id`),
  KEY `FK_pat_alert_alert` (`alert_id`),
  KEY `FK_pat_alert_patient` (`patient_id`),
  CONSTRAINT `FK_pat_alert_alert` FOREIGN KEY (`alert_id`) REFERENCES `co_alert` (`alert_id`) ON DELETE CASCADE ON UPDATE CASCADE,
  CONSTRAINT `FK_pat_alert_patient` FOREIGN KEY (`patient_id`) REFERENCES `pat_patient` (`patient_id`) ON DELETE CASCADE ON UPDATE CASCADE,
  CONSTRAINT `FK_pat_alert_tenant` FOREIGN KEY (`tenant_id`) REFERENCES `co_tenant` (`tenant_id`) ON DELETE CASCADE ON UPDATE CASCADE
) ENGINE=InnoDB DEFAULT CHARSET=latin1;

/*Data for the table `pat_alert` */

/*Table structure for table `pat_appointment` */

DROP TABLE IF EXISTS `pat_appointment`;

CREATE TABLE `pat_appointment` (
  `appt_id` int(11) NOT NULL AUTO_INCREMENT,
  `tenant_id` int(11) NOT NULL,
  `patient_id` int(11) NOT NULL,
  `encounter_id` int(11) NOT NULL,
  `status_date` date NOT NULL,
  `status_time` time NOT NULL,
  `consultant_id` int(11) NOT NULL,
  `appt_status` char(1) NOT NULL,
  `status` enum('0','1') DEFAULT '1',
  `amount` decimal(10,2) DEFAULT '0.00' COMMENT 'Doctor Fee',
  `notes` text,
  `patient_cat_id` int(11) DEFAULT NULL,
  `patient_bill_type` varchar(2) DEFAULT NULL,
  `created_by` int(11) NOT NULL,
  `created_at` timestamp NOT NULL DEFAULT CURRENT_TIMESTAMP,
  `modified_by` int(11) DEFAULT NULL,
  `modified_at` timestamp NULL DEFAULT NULL,
  `deleted_at` timestamp NULL DEFAULT '0000-00-00 00:00:00',
  PRIMARY KEY (`appt_id`),
  KEY `FK_pat_appoinment_tenant` (`tenant_id`),
  KEY `FK_pat_appoinment_patient` (`patient_id`),
  KEY `FK_pat_appoinment_counter` (`encounter_id`),
  KEY `FK_pat_appoinment_user` (`consultant_id`),
  CONSTRAINT `FK_pat_appoinment_counter` FOREIGN KEY (`encounter_id`) REFERENCES `pat_encounter` (`encounter_id`) ON DELETE CASCADE ON UPDATE CASCADE,
  CONSTRAINT `FK_pat_appoinment_patient` FOREIGN KEY (`patient_id`) REFERENCES `pat_patient` (`patient_id`) ON DELETE CASCADE ON UPDATE CASCADE,
  CONSTRAINT `FK_pat_appoinment_tenant` FOREIGN KEY (`tenant_id`) REFERENCES `co_tenant` (`tenant_id`) ON DELETE CASCADE ON UPDATE CASCADE,
  CONSTRAINT `FK_pat_appoinment_user` FOREIGN KEY (`consultant_id`) REFERENCES `co_user` (`user_id`) ON DELETE CASCADE ON UPDATE CASCADE
) ENGINE=InnoDB AUTO_INCREMENT=14 DEFAULT CHARSET=latin1;

/*Data for the table `pat_appointment` */

insert  into `pat_appointment`(`appt_id`,`tenant_id`,`patient_id`,`encounter_id`,`status_date`,`status_time`,`consultant_id`,`appt_status`,`status`,`amount`,`notes`,`patient_cat_id`,`patient_bill_type`,`created_by`,`created_at`,`modified_by`,`modified_at`,`deleted_at`) values (1,60,82,2,'2016-06-07','09:00:00',60,'B','1','0.00',NULL,NULL,NULL,51,'2016-06-07 18:05:58',51,'2016-06-07 18:05:58','0000-00-00 00:00:00'),(2,60,82,2,'2016-06-07','09:00:00',60,'A','1','0.00',NULL,NULL,NULL,51,'2016-06-07 18:05:59',51,'2016-06-07 18:05:59','0000-00-00 00:00:00'),(3,60,82,2,'2016-06-07','18:10:00',60,'S','1','103.00',NULL,10,'N',51,'2016-06-07 18:10:05',51,'2016-06-07 18:10:05','0000-00-00 00:00:00'),(4,60,82,7,'2016-06-07','09:25:00',60,'B','1','0.00',NULL,NULL,NULL,51,'2016-06-07 19:03:40',51,'2016-06-07 19:03:40','0000-00-00 00:00:00'),(5,60,82,7,'2016-06-07','19:03:56',60,'C','1','0.00',NULL,NULL,NULL,51,'2016-06-07 19:03:56',51,'2016-06-07 19:03:56','0000-00-00 00:00:00'),(6,60,82,8,'2016-06-07','09:45:00',60,'B','1','0.00',NULL,NULL,NULL,51,'2016-06-07 19:04:45',51,'2016-06-07 19:04:45','0000-00-00 00:00:00'),(7,60,82,8,'2016-06-07','09:45:00',60,'A','1','0.00',NULL,NULL,NULL,51,'2016-06-07 19:04:46',51,'2016-06-07 19:04:46','0000-00-00 00:00:00'),(8,60,82,8,'2016-06-07','19:04:56',60,'C','1','0.00',NULL,NULL,NULL,51,'2016-06-07 19:04:57',51,'2016-06-07 19:04:57','0000-00-00 00:00:00'),(9,60,82,9,'2016-06-07','09:20:00',60,'B','1','0.00',NULL,NULL,NULL,51,'2016-06-07 19:07:47',51,'2016-06-07 19:07:47','0000-00-00 00:00:00'),(10,60,82,9,'2016-06-07','19:07:57',60,'C','1','0.00',NULL,NULL,NULL,51,'2016-06-07 19:07:58',51,'2016-06-07 19:07:58','0000-00-00 00:00:00'),(11,60,82,14,'2016-06-07','09:10:00',60,'B','1','0.00',NULL,NULL,NULL,51,'2016-06-07 19:39:05',51,'2016-06-07 19:39:05','0000-00-00 00:00:00'),(12,60,82,14,'2016-06-07','19:39:18',60,'C','1','0.00',NULL,NULL,NULL,51,'2016-06-07 19:39:19',51,'2016-06-07 19:39:19','0000-00-00 00:00:00'),(13,60,87,16,'2016-06-09','09:00:00',60,'B','1','0.00',NULL,NULL,NULL,51,'2016-06-09 19:11:22',51,'2016-06-09 19:11:22','0000-00-00 00:00:00');

/*Table structure for table `pat_billing_extra_concession` */

DROP TABLE IF EXISTS `pat_billing_extra_concession`;

CREATE TABLE `pat_billing_extra_concession` (
  `ec_id` int(11) NOT NULL AUTO_INCREMENT,
  `tenant_id` int(11) NOT NULL,
  `encounter_id` int(11) NOT NULL,
  `patient_id` int(11) NOT NULL,
  `ec_type` enum('P','C') NOT NULL COMMENT 'P -> Procedures, C -> Consultant',
  `link_id` int(11) NOT NULL COMMENT 'P -> charge_subcat_id, C -> user_id',
  `extra_amount` decimal(10,2) DEFAULT '0.00',
  `concession_amount` decimal(10,2) DEFAULT '0.00',
  `status` enum('0','1') DEFAULT '1',
  `created_by` int(11) NOT NULL,
  `created_at` timestamp NOT NULL DEFAULT CURRENT_TIMESTAMP,
  `modified_by` int(11) DEFAULT NULL,
  `modified_at` timestamp NULL DEFAULT NULL,
  `deleted_at` timestamp NULL DEFAULT '0000-00-00 00:00:00',
  PRIMARY KEY (`ec_id`),
  UNIQUE KEY `PatBillingExtraConcessionUnique` (`tenant_id`,`encounter_id`,`patient_id`,`ec_type`,`link_id`,`deleted_at`),
  KEY `FK_pat_billing_extra_concession_encounter` (`encounter_id`),
  KEY `FK_pat_billing_extra_concession_patient` (`patient_id`),
  CONSTRAINT `FK_pat_billing_extra_concession_encounter` FOREIGN KEY (`encounter_id`) REFERENCES `pat_encounter` (`encounter_id`) ON DELETE CASCADE ON UPDATE CASCADE,
  CONSTRAINT `FK_pat_billing_extra_concession_patient` FOREIGN KEY (`patient_id`) REFERENCES `pat_patient` (`patient_id`) ON DELETE CASCADE ON UPDATE CASCADE,
  CONSTRAINT `FK_pat_billing_extra_concession_tenant` FOREIGN KEY (`tenant_id`) REFERENCES `co_tenant` (`tenant_id`) ON DELETE CASCADE ON UPDATE CASCADE
) ENGINE=InnoDB DEFAULT CHARSET=latin1;

/*Data for the table `pat_billing_extra_concession` */

/*Table structure for table `pat_billing_other_charges` */

DROP TABLE IF EXISTS `pat_billing_other_charges`;

CREATE TABLE `pat_billing_other_charges` (
  `other_charge_id` int(11) NOT NULL AUTO_INCREMENT,
  `tenant_id` int(11) NOT NULL,
  `encounter_id` int(11) NOT NULL,
  `patient_id` int(11) NOT NULL,
  `charge_cat_id` int(11) NOT NULL,
  `charge_subcat_id` int(11) NOT NULL,
  `charge_amount` decimal(10,2) DEFAULT '0.00',
  `status` enum('0','1') DEFAULT '1',
  `created_by` int(11) NOT NULL,
  `created_at` timestamp NOT NULL DEFAULT CURRENT_TIMESTAMP,
  `modified_by` int(11) DEFAULT NULL,
  `modified_at` timestamp NULL DEFAULT NULL,
  `deleted_at` timestamp NULL DEFAULT '0000-00-00 00:00:00',
  PRIMARY KEY (`other_charge_id`),
  UNIQUE KEY `patBillingOtherChargeUnique` (`tenant_id`,`encounter_id`,`patient_id`,`charge_cat_id`,`charge_subcat_id`,`deleted_at`),
  KEY `FK_pat_billing_other_charges_charge_category` (`charge_cat_id`),
  KEY `FK_pat_billing_other_charges_encounter` (`encounter_id`),
  KEY `FK_pat_billing_other_charges_patient` (`patient_id`),
  KEY `FK_pat_billing_other_charges_sub_category` (`charge_subcat_id`),
  CONSTRAINT `FK_pat_billing_other_charges_charge_category` FOREIGN KEY (`charge_cat_id`) REFERENCES `co_room_charge_category` (`charge_cat_id`) ON UPDATE CASCADE,
  CONSTRAINT `FK_pat_billing_other_charges_encounter` FOREIGN KEY (`encounter_id`) REFERENCES `pat_encounter` (`encounter_id`) ON DELETE CASCADE ON UPDATE CASCADE,
  CONSTRAINT `FK_pat_billing_other_charges_patient` FOREIGN KEY (`patient_id`) REFERENCES `pat_patient` (`patient_id`) ON DELETE CASCADE ON UPDATE CASCADE,
  CONSTRAINT `FK_pat_billing_other_charges_sub_category` FOREIGN KEY (`charge_subcat_id`) REFERENCES `co_room_charge_subcategory` (`charge_subcat_id`) ON UPDATE CASCADE,
  CONSTRAINT `FK_pat_billing_other_charges_tenant` FOREIGN KEY (`tenant_id`) REFERENCES `co_tenant` (`tenant_id`) ON DELETE CASCADE ON UPDATE CASCADE
) ENGINE=InnoDB DEFAULT CHARSET=latin1;

/*Data for the table `pat_billing_other_charges` */

/*Table structure for table `pat_billing_payment` */

DROP TABLE IF EXISTS `pat_billing_payment`;

CREATE TABLE `pat_billing_payment` (
  `payment_id` int(11) NOT NULL AUTO_INCREMENT,
  `tenant_id` int(11) NOT NULL,
  `encounter_id` int(11) NOT NULL,
  `patient_id` int(11) NOT NULL,
  `payment_date` datetime NOT NULL,
  `payment_amount` decimal(10,2) DEFAULT '0.00',
  `status` enum('0','1') DEFAULT '1',
  `created_by` int(11) NOT NULL,
  `created_at` timestamp NOT NULL DEFAULT CURRENT_TIMESTAMP,
  `modified_by` int(11) DEFAULT NULL,
  `modified_at` timestamp NULL DEFAULT NULL,
  `deleted_at` timestamp NULL DEFAULT '0000-00-00 00:00:00',
  PRIMARY KEY (`payment_id`),
  KEY `FK_pat_billing_payment_tenant` (`tenant_id`),
  KEY `FK_pat_billing_payment_encounter` (`encounter_id`),
  KEY `FK_pat_billing_payment_patient` (`patient_id`),
  CONSTRAINT `FK_pat_billing_payment_encounter` FOREIGN KEY (`encounter_id`) REFERENCES `pat_encounter` (`encounter_id`) ON DELETE CASCADE ON UPDATE CASCADE,
  CONSTRAINT `FK_pat_billing_payment_patient` FOREIGN KEY (`patient_id`) REFERENCES `pat_patient` (`patient_id`) ON DELETE CASCADE ON UPDATE CASCADE,
  CONSTRAINT `FK_pat_billing_payment_tenant` FOREIGN KEY (`tenant_id`) REFERENCES `co_tenant` (`tenant_id`) ON DELETE CASCADE ON UPDATE CASCADE
) ENGINE=InnoDB DEFAULT CHARSET=latin1;

/*Data for the table `pat_billing_payment` */

/*Table structure for table `pat_billing_recurring` */

DROP TABLE IF EXISTS `pat_billing_recurring`;

CREATE TABLE `pat_billing_recurring` (
  `recurr_id` int(11) NOT NULL AUTO_INCREMENT,
  `tenant_id` int(11) NOT NULL,
  `encounter_id` int(11) NOT NULL,
  `patient_id` int(11) NOT NULL,
  `recurr_date` date NOT NULL,
  `room_type_id` int(11) NOT NULL,
  `room_type` varchar(255) NOT NULL,
  `charge_item_id` int(11) NOT NULL,
  `charge_item` varchar(255) NOT NULL,
  `charge_amount` decimal(10,2) NOT NULL DEFAULT '0.00',
  `recurr_group` smallint(6) NOT NULL COMMENT 'admission_id',
  `status` enum('0','1') DEFAULT '1',
  `created_by` int(11) DEFAULT NULL,
  `created_at` timestamp NOT NULL DEFAULT CURRENT_TIMESTAMP,
  `modified_by` int(11) DEFAULT NULL,
  `modified_at` timestamp NULL DEFAULT NULL,
  `deleted_at` timestamp NULL DEFAULT '0000-00-00 00:00:00',
  `executed_at` timestamp NULL DEFAULT NULL,
  PRIMARY KEY (`recurr_id`),
  KEY `FK_pat_billing_recurring_tenant` (`tenant_id`),
  KEY `FK_pat_billing_recurring_encounter` (`encounter_id`),
  KEY `FK_pat_billing_recurring_patient` (`patient_id`),
  KEY `FK_pat_billing_recurring_room_type` (`room_type_id`),
  KEY `FK_pat_billing_recurring_charge_item` (`charge_item_id`),
  CONSTRAINT `FK_pat_billing_recurring_charge_item` FOREIGN KEY (`charge_item_id`) REFERENCES `co_room_charge_item` (`charge_item_id`) ON UPDATE CASCADE,
  CONSTRAINT `FK_pat_billing_recurring_encounter` FOREIGN KEY (`encounter_id`) REFERENCES `pat_encounter` (`encounter_id`) ON DELETE CASCADE ON UPDATE CASCADE,
  CONSTRAINT `FK_pat_billing_recurring_patient` FOREIGN KEY (`patient_id`) REFERENCES `pat_patient` (`patient_id`) ON DELETE CASCADE ON UPDATE CASCADE,
  CONSTRAINT `FK_pat_billing_recurring_room_type` FOREIGN KEY (`room_type_id`) REFERENCES `co_room_type` (`room_type_id`) ON UPDATE CASCADE,
  CONSTRAINT `FK_pat_billing_recurring_tenant` FOREIGN KEY (`tenant_id`) REFERENCES `co_tenant` (`tenant_id`) ON DELETE CASCADE ON UPDATE CASCADE
) ENGINE=InnoDB AUTO_INCREMENT=9 DEFAULT CHARSET=latin1;

/*Data for the table `pat_billing_recurring` */

insert  into `pat_billing_recurring`(`recurr_id`,`tenant_id`,`encounter_id`,`patient_id`,`recurr_date`,`room_type_id`,`room_type`,`charge_item_id`,`charge_item`,`charge_amount`,`recurr_group`,`status`,`created_by`,`created_at`,`modified_by`,`modified_at`,`deleted_at`,`executed_at`) values (1,60,1,82,'2016-06-07',15,'NON AC',5,'NURSING CHARGES','215.00',1,'1',51,'2016-06-07 18:00:38',51,'2016-06-07 18:00:38','0000-00-00 00:00:00',NULL),(2,60,3,82,'2016-06-07',15,'NON AC',5,'NURSING CHARGES','215.00',3,'1',51,'2016-06-07 18:11:15',51,'2016-06-07 18:11:15','0000-00-00 00:00:00',NULL),(3,60,4,82,'2016-06-07',15,'NON AC',5,'NURSING CHARGES','215.00',5,'1',51,'2016-06-07 18:16:20',51,'2016-06-07 18:16:20','0000-00-00 00:00:00',NULL),(4,60,5,82,'2016-06-07',15,'NON AC',5,'NURSING CHARGES','215.00',7,'1',51,'2016-06-07 18:20:42',51,'2016-06-07 18:20:42','0000-00-00 00:00:00',NULL),(5,60,10,82,'2016-06-07',15,'NON AC',5,'NURSING CHARGES','215.00',11,'1',51,'2016-06-07 19:10:30',51,'2016-06-07 19:10:30','0000-00-00 00:00:00',NULL),(6,60,12,82,'2016-06-07',15,'NON AC',5,'NURSING CHARGES','215.00',16,'1',51,'2016-06-07 19:35:45',51,'2016-06-07 19:35:45','0000-00-00 00:00:00',NULL),(7,60,13,82,'2016-06-07',16,'AC',6,'ROOM RENT','1255.00',18,'1',51,'2016-06-07 19:37:45',51,'2016-06-07 19:37:45','0000-00-00 00:00:00',NULL),(8,60,15,82,'2016-06-08',15,'NON AC',5,'NURSING CHARGES','215.00',20,'1',51,'2016-06-08 15:33:59',51,'2016-06-08 15:33:59','0000-00-00 00:00:00',NULL);

/*Table structure for table `pat_billing_room_charge_history` */

DROP TABLE IF EXISTS `pat_billing_room_charge_history`;

CREATE TABLE `pat_billing_room_charge_history` (
  `charge_hist_id` int(11) NOT NULL AUTO_INCREMENT,
  `tenant_id` int(11) NOT NULL,
  `encounter_id` int(11) NOT NULL,
  `patient_id` int(11) NOT NULL,
  `from_date` date NOT NULL,
  `to_date` date DEFAULT NULL,
  `charge_item_id` int(11) NOT NULL,
  `room_type_id` int(11) NOT NULL,
  `charge` decimal(10,2) NOT NULL,
  `status` enum('0','1') DEFAULT '1',
  `created_by` int(11) NOT NULL,
  `created_at` timestamp NOT NULL DEFAULT CURRENT_TIMESTAMP,
  `modified_by` int(11) DEFAULT NULL,
  `modified_at` timestamp NULL DEFAULT NULL,
  `deleted_at` timestamp NULL DEFAULT '0000-00-00 00:00:00',
  PRIMARY KEY (`charge_hist_id`),
  KEY `FK_pat_billing_room_charge_history_tenant` (`tenant_id`),
  KEY `FK_pat_billing_room_charge_history_encounter` (`encounter_id`),
  KEY `FK_pat_billing_room_charge_history_patient` (`patient_id`),
  KEY `FK_pat_billing_room_charge_history_room_type` (`room_type_id`),
  KEY `FK_pat_billing_room_charge_history_charge_item` (`charge_item_id`),
  CONSTRAINT `FK_pat_billing_room_charge_history_charge_item` FOREIGN KEY (`charge_item_id`) REFERENCES `co_room_charge_item` (`charge_item_id`) ON DELETE NO ACTION ON UPDATE CASCADE,
  CONSTRAINT `FK_pat_billing_room_charge_history_encounter` FOREIGN KEY (`encounter_id`) REFERENCES `pat_encounter` (`encounter_id`) ON DELETE CASCADE ON UPDATE CASCADE,
  CONSTRAINT `FK_pat_billing_room_charge_history_patient` FOREIGN KEY (`patient_id`) REFERENCES `pat_patient` (`patient_id`) ON DELETE CASCADE ON UPDATE CASCADE,
  CONSTRAINT `FK_pat_billing_room_charge_history_room_type` FOREIGN KEY (`room_type_id`) REFERENCES `co_room_type` (`room_type_id`) ON UPDATE CASCADE,
  CONSTRAINT `FK_pat_billing_room_charge_history_tenant` FOREIGN KEY (`tenant_id`) REFERENCES `co_tenant` (`tenant_id`) ON DELETE CASCADE ON UPDATE CASCADE
) ENGINE=InnoDB DEFAULT CHARSET=latin1;

/*Data for the table `pat_billing_room_charge_history` */

/*Table structure for table `pat_consultant` */

DROP TABLE IF EXISTS `pat_consultant`;

CREATE TABLE `pat_consultant` (
  `pat_consult_id` int(11) NOT NULL AUTO_INCREMENT,
  `tenant_id` int(11) NOT NULL,
  `encounter_id` int(11) NOT NULL,
  `patient_id` int(11) NOT NULL,
  `consultant_id` int(11) NOT NULL,
  `consult_date` timestamp NOT NULL DEFAULT '0000-00-00 00:00:00',
  `notes` text,
  `charge_amount` decimal(10,2) DEFAULT '0.00',
  `proc_id` int(11) DEFAULT '0',
  `status` enum('0','1') DEFAULT '1',
  `created_by` int(11) NOT NULL,
  `created_at` timestamp NOT NULL DEFAULT CURRENT_TIMESTAMP,
  `modified_by` int(11) DEFAULT NULL,
  `modified_at` timestamp NULL DEFAULT NULL,
  `deleted_at` timestamp NULL DEFAULT '0000-00-00 00:00:00',
  PRIMARY KEY (`pat_consult_id`),
  KEY `FK_pat_consultant_tenant` (`tenant_id`),
  KEY `FK_pat_consultant_encounter` (`encounter_id`),
  KEY `FK_pat_consultant_patient` (`patient_id`),
  KEY `FK_pat_consultant_user` (`consultant_id`),
  CONSTRAINT `FK_pat_consultant_encounter` FOREIGN KEY (`encounter_id`) REFERENCES `pat_encounter` (`encounter_id`) ON DELETE CASCADE ON UPDATE CASCADE,
  CONSTRAINT `FK_pat_consultant_patient` FOREIGN KEY (`patient_id`) REFERENCES `pat_patient` (`patient_id`) ON DELETE CASCADE ON UPDATE CASCADE,
  CONSTRAINT `FK_pat_consultant_user` FOREIGN KEY (`consultant_id`) REFERENCES `co_user` (`user_id`) ON UPDATE CASCADE
) ENGINE=InnoDB DEFAULT CHARSET=latin1;

/*Data for the table `pat_consultant` */

/*Table structure for table `pat_document_types` */

DROP TABLE IF EXISTS `pat_document_types`;

CREATE TABLE `pat_document_types` (
  `doc_type_id` int(11) NOT NULL AUTO_INCREMENT,
  `tenant_id` int(11) NOT NULL,
  `doc_type` enum('CH') NOT NULL DEFAULT 'CH',
  `doc_type_name` varchar(50) NOT NULL,
  `document_xml` longtext NOT NULL,
  `document_xslt` longtext NOT NULL,
  `status` enum('0','1') DEFAULT '1',
  `created_by` int(11) NOT NULL,
  `created_at` timestamp NOT NULL DEFAULT CURRENT_TIMESTAMP,
  `modified_by` int(11) DEFAULT NULL,
  `modified_at` timestamp NULL DEFAULT NULL,
  `deleted_at` timestamp NULL DEFAULT '0000-00-00 00:00:00',
  PRIMARY KEY (`doc_type_id`),
  KEY `FK_pat_document_types_tenant` (`tenant_id`),
  CONSTRAINT `FK_pat_document_types_tenant` FOREIGN KEY (`tenant_id`) REFERENCES `co_tenant` (`tenant_id`) ON DELETE CASCADE ON UPDATE CASCADE
) ENGINE=InnoDB AUTO_INCREMENT=2 DEFAULT CHARSET=latin1;

/*Data for the table `pat_document_types` */

insert  into `pat_document_types`(`doc_type_id`,`tenant_id`,`doc_type`,`doc_type_name`,`document_xml`,`document_xslt`,`status`,`created_by`,`created_at`,`modified_by`,`modified_at`,`deleted_at`) values (1,60,'CH','Case History','<?xml version=\"1.0\" encoding=\"utf-8\"?>\r\n<FIELDS>\r\n    <GROUP>\r\n        <PANELHEADER>Demographic Details</PANELHEADER>\r\n        <PANELBODY>\r\n            <FIELD id=\"name\" type=\"TextBox\" label=\"Name\" required=\"true\">\r\n                <PROPERTIES>\r\n                    <PROPERTY name=\"id\">txtName</PROPERTY>\r\n                    <PROPERTY name=\"class\">form-control</PROPERTY>\r\n                    <PROPERTY name=\"name\">name</PROPERTY>\r\n                </PROPERTIES>\r\n            </FIELD>\r\n\r\n            <FIELD id=\"age\" type=\"TextBox\" label=\"Age\" required=\"true\">\r\n                <PROPERTIES>\r\n                    <PROPERTY name=\"id\">txtage</PROPERTY>\r\n                    <PROPERTY name=\"class\">form-control</PROPERTY>\r\n                    <PROPERTY name=\"onkeydown\">return isNumericKeyStroke()</PROPERTY>\r\n                    <PROPERTY name=\"name\">age</PROPERTY>\r\n                </PROPERTIES>\r\n            </FIELD>\r\n            \r\n            <FIELD id=\"gender\" type=\"RadioButtonList\" label=\"Gender\" required=\"true\">\r\n                <PROPERTIES>\r\n                    <PROPERTY name=\"name\">gender</PROPERTY>\r\n                </PROPERTIES>\r\n                <LISTITEMS>\r\n                    <LISTITEM value=\"Male\" id=\"RBGender1\" Selected=\"False\">Male</LISTITEM>\r\n                    <LISTITEM value=\"Female\" id=\"RBGender2\" Selected=\"False\">Female</LISTITEM>\r\n                </LISTITEMS>\r\n            </FIELD>\r\n            \r\n            <FIELD id=\"address\" type=\"TextBox\" label=\"Address\" required=\"true\">\r\n                <PROPERTIES>\r\n                    <PROPERTY name=\"id\">txtAddress</PROPERTY>\r\n                    <PROPERTY name=\"class\">form-control</PROPERTY>\r\n                    <PROPERTY name=\"name\">address</PROPERTY>\r\n                </PROPERTIES>\r\n            </FIELD>\r\n            \r\n            <FIELD id=\"referral_details\" type=\"CheckBoxList\" label=\"Referral Details\">\r\n                <PROPERTIES>\r\n                    <PROPERTY name=\"name\">referral_details[]</PROPERTY>\r\n                </PROPERTIES>\r\n                <LISTITEMS>\r\n                    <LISTITEM value=\"Self\" id=\"RBRefferals1\" Selected=\"False\">Self</LISTITEM>\r\n                    <LISTITEM value=\"General Practitioner\" id=\"RBRefferals2\" Selected=\"False\">General Practitioner</LISTITEM>\r\n                    <LISTITEM value=\"Neighbours\" id=\"RBRefferals3\" Selected=\"False\">Neighbours</LISTITEM>\r\n                    <LISTITEM value=\"Traditional healer\" id=\"RBRefferals4\" Selected=\"False\">Traditional healer</LISTITEM>\r\n                    <LISTITEM value=\"Other patient\" id=\"RBRefferals5\" Selected=\"False\">Other patient</LISTITEM>\r\n                    <LISTITEM value=\"Other psychiatrist\" id=\"RBRefferals6\" Selected=\"False\">Other psychiatrist</LISTITEM>\r\n                    <LISTITEM value=\"Media\" id=\"RBRefferals7\" Selected=\"False\">Media</LISTITEM>\r\n                    <LISTITEM value=\"Others\" id=\"RBRefferals8\" Selected=\"False\" onclick=\"OThersvisible(this.id, \'referral_details_other\');\">Others</LISTITEM>\r\n                </LISTITEMS>\r\n                <FIELD id=\"referral_details_other\" type=\"TextBox\">\r\n                    <PROPERTIES>\r\n                        <PROPERTY name=\"id\">referral_details_other</PROPERTY>\r\n                        <PROPERTY name=\"class\">form-control hide</PROPERTY>\r\n                        <PROPERTY name=\"name\">referral_details_other</PROPERTY>\r\n                        <PROPERTY name=\"placeholder\">Other Referral Details</PROPERTY>\r\n                    </PROPERTIES>\r\n                </FIELD>\r\n            </FIELD>\r\n                      \r\n            <FIELD id=\"education\" type=\"RadioButtonList\" required=\"true\" label=\"Education\">\r\n                <PROPERTIES>\r\n                    <PROPERTY name=\"name\">education</PROPERTY>\r\n                </PROPERTIES>\r\n                <LISTITEMS>\r\n                    <LISTITEM value=\"Not Educated\" id=\"RBEducation1\" Selected=\"False\" onclick=\"OThersvisible(this.id,\'educationnote\');\">Not Educated</LISTITEM>\r\n                    <LISTITEM value=\"Primary\" id=\"RBEducation2\" Selected=\"False\" onclick=\"OThersvisible(this.id,\'educationnote\');\">Primary</LISTITEM>\r\n                    <LISTITEM value=\"High School\" id=\"RBEducation3\" Selected=\"False\" onclick=\"  OThersvisible(this.id,\'educationnote\');\">High School</LISTITEM>\r\n                    <LISTITEM value=\"Graduate\" id=\"RBEducation4\" Selected=\"False\" onclick=\" OThersvisible(this.id,\'educationnote\');\">Graduate</LISTITEM>\r\n                    <LISTITEM value=\"Post Graduate\" id=\"RBEducation5\" Selected=\"False\" onclick=\" OThersvisible(this.id,\'educationnote\');\">Post Graduate</LISTITEM>\r\n                    <LISTITEM value=\"Other\" id=\"RBEducation6\" Selected=\"False\" onclick=\"OThersvisible(this.id,\'educationnote\');\">Other</LISTITEM>\r\n                </LISTITEMS>\r\n                <FIELD id=\"educationnote\" type=\"TextBox\">\r\n                    <PROPERTIES>\r\n                        <PROPERTY name=\"id\">educationnote</PROPERTY>\r\n                        <PROPERTY name=\"class\">form-control hide</PROPERTY>\r\n                        <PROPERTY name=\"name\">educationnote</PROPERTY>\r\n                        <PROPERTY name=\"placeholder\">Education Notes</PROPERTY>\r\n                    </PROPERTIES>\r\n                </FIELD>\r\n            </FIELD>\r\n                      \r\n            <FIELD id=\"occupation\" type=\"RadioButtonList\" label=\"Occupation\" re1quired=\"true\">\r\n                <PROPERTIES>\r\n                    <PROPERTY name=\"name\">occupation</PROPERTY>\r\n                </PROPERTIES>\r\n                <LISTITEMS>\r\n                    <LISTITEM value=\"Employed\" id=\"RBoccupation1\" Selected=\"False\" onclick=\"OThersvisible(this.id, \'occupationnote\');\">Employed</LISTITEM>\r\n                    <LISTITEM value=\"UnEmployed\" id=\"RBoccupation2\" Selected=\"False\" onclick=\"OThersvisible(this.id, \'occupationnote\');\">UnEmployed</LISTITEM>\r\n                    <LISTITEM value=\"Homemaker\" id=\"RBoccupation3\" Selected=\"False\" onclick=\"OThersvisible(this.id, \'occupationnote\');\">Homemaker</LISTITEM>\r\n                    <LISTITEM value=\"Student\" id=\"RBoccupation4\" Selected=\"False\" onclick=\"OThersvisible(this.id, \'occupationnote\');\">Student</LISTITEM>\r\n                </LISTITEMS>\r\n                <FIELD id=\"occupationnote\" type=\"TextBox\">\r\n                    <PROPERTIES>\r\n                        <PROPERTY name=\"id\">occupationnote</PROPERTY>\r\n                        <PROPERTY name=\"class\">form-control hide</PROPERTY>\r\n                        <PROPERTY name=\"name\">occupationnote</PROPERTY>\r\n                        <PROPERTY name=\"placeholder\">Occupation Notes</PROPERTY>\r\n                    </PROPERTIES>\r\n                </FIELD>\r\n            </FIELD>\r\n            \r\n            <FIELD id=\"martial_status\" type=\"RadioButtonList\" label=\"Martial Status\" required=\"true\" >\r\n                <PROPERTIES>\r\n                    <PROPERTY name=\"name\">martial_status</PROPERTY>\r\n                </PROPERTIES>\r\n                <LISTITEMS>\r\n                    <LISTITEM value=\"Never married\" id=\"RBMartial1\" Selected=\"False\">Never married</LISTITEM>\r\n                    <LISTITEM value=\"Married\" id=\"RBMartial2\" Selected=\"False\">Married</LISTITEM>\r\n                    <LISTITEM value=\"Separated\" id=\"RBMartial3\" Selected=\"False\">Separated</LISTITEM>\r\n                    <LISTITEM value=\"Divorced\" id=\"RBMartial4\" Selected=\"False\">Divorced</LISTITEM>\r\n                </LISTITEMS>\r\n            </FIELD>\r\n            \r\n            <FIELD id=\"religion\" type=\"RadioButtonList\" label=\"Religion\">\r\n                <PROPERTIES>\r\n                    <PROPERTY name=\"name\">religion</PROPERTY>\r\n                </PROPERTIES>\r\n                <LISTITEMS>\r\n                    <LISTITEM value=\"Hindu\" id=\"RBReligion1\" Selected=\"False\" onclick=\"OThersvisible(this.id,\'religionother\',\'none\');\">Hindu</LISTITEM>\r\n                    <LISTITEM value=\"Muslim\" id=\"RBReligion2\" Selected=\"False\" onclick=\"OThersvisible(this.id,\'religionother\',\'none\');\">Muslim</LISTITEM>\r\n                    <LISTITEM value=\"Christian\" id=\"RBReligion3\" Selected=\"False\" onclick=\"OThersvisible(this.id,\'religionother\',\'none\');\">Christian</LISTITEM>\r\n                    <LISTITEM value=\"Others\" id=\"RBReligion4\" Selected=\"False\" onclick=\"OThersvisible(this.id,\'religionother\',\'block\');\">Others</LISTITEM>\r\n                </LISTITEMS>\r\n                <FIELD id=\"religionother\" type=\"TextBox\">\r\n                    <PROPERTIES>\r\n                        <PROPERTY name=\"id\">religionother</PROPERTY>\r\n                        <PROPERTY name=\"class\">form-control hide</PROPERTY>\r\n                        <PROPERTY name=\"name\">religionother</PROPERTY>\r\n                        <PROPERTY name=\"placeholder\">Religion Other</PROPERTY>\r\n                    </PROPERTIES>\r\n                </FIELD>\r\n            </FIELD>\r\n            \r\n            <FIELD id=\"status\" type=\"RadioButtonList\" label=\"Status\">\r\n                <PROPERTIES>\r\n                    <PROPERTY name=\"name\">status</PROPERTY>\r\n                </PROPERTIES>\r\n                <LISTITEMS>\r\n                    <LISTITEM value=\"Lower\" id=\"RBstatus1\" Selected=\"False\">Lower</LISTITEM>\r\n                    <LISTITEM value=\"Middle\" id=\"RBstatus2\" Selected=\"False\">Middle</LISTITEM>\r\n                    <LISTITEM value=\"Upper\" id=\"RBstatus3\" Selected=\"False\">Upper</LISTITEM>\r\n                </LISTITEMS>\r\n            </FIELD>\r\n            \r\n            <FIELD id=\"place_of_living\" type=\"RadioButtonList\" label=\"Place of living\">\r\n                <PROPERTIES>\r\n                    <PROPERTY name=\"name\">place_of_living</PROPERTY>\r\n                </PROPERTIES>\r\n                <LISTITEMS>\r\n                    <LISTITEM value=\"Rural\" id=\"RBliving1\" Selected=\"False\">Rural</LISTITEM>\r\n                    <LISTITEM value=\"Urban\" id=\"RBliving2\" Selected=\"False\">Urban</LISTITEM>\r\n                </LISTITEMS>\r\n            </FIELD>\r\n            \r\n            <FIELD type=\"Header2\" label=\"Informant\"></FIELD>\r\n            \r\n            <FIELD id=\"relationship\" type=\"RadioButtonList\" label=\"Relationship\" required=\"true\">\r\n                <PROPERTIES>\r\n                    <PROPERTY name=\"name\">relationship</PROPERTY>\r\n                </PROPERTIES>\r\n                <LISTITEMS>\r\n                    <LISTITEM value=\"Self\" id=\"RBRelation1\" Selected=\"False\" onclick=\"OThersvisible(this.id,\'relationshipother\',\'none\');\">Self</LISTITEM>\r\n                    <LISTITEM value=\"Father\" id=\"RBRelation2\" Selected=\"False\" onclick=\"OThersvisible(this.id,\'relationshipother\',\'none\');\">Father</LISTITEM>\r\n                    <LISTITEM value=\"Mother\" id=\"RBRelation3\" Selected=\"False\" onclick=\"OThersvisible(this.id,\'relationshipother\',\'none\');\">Mother</LISTITEM>\r\n                    <LISTITEM value=\"Sibling\" id=\"RBRelation4\" Selected=\"False\" onclick=\"OThersvisible(this.id,\'relationshipother\',\'none\');\">Sibling</LISTITEM>\r\n                    <LISTITEM value=\"Spouse\" id=\"RBRelation5\" Selected=\"False\" onclick=\"OThersvisible(this.id,\'relationshipother\',\'none\');\">Spouse</LISTITEM>\r\n                    <LISTITEM value=\"Children\" id=\"RBRelation6\" Selected=\"False\" onclick=\"OThersvisible(this.id,\'relationshipother\',\'none\');\">Children</LISTITEM>\r\n                    <LISTITEM value=\"Friend\" id=\"RBRelation7\" Selected=\"False\" onclick=\"OThersvisible(this.id,\'relationshipother\',\'none\');\">Friend</LISTITEM>\r\n                    <LISTITEM value=\"Others\" id=\"RBRelation8\" Selected=\"False\" onclick=\"OThersvisible(this.id,\'relationshipother\',\'block\');\">Others</LISTITEM>\r\n                </LISTITEMS>\r\n                <FIELD id=\"relationshipother\" type=\"TextBox\">\r\n                    <PROPERTIES>\r\n                        <PROPERTY name=\"id\">relationshipother</PROPERTY>\r\n                        <PROPERTY name=\"class\">form-control hide</PROPERTY>\r\n                        <PROPERTY name=\"name\">relationshipother</PROPERTY>\r\n                        <PROPERTY name=\"placeholder\">Relationship Other</PROPERTY>\r\n                    </PROPERTIES>\r\n                </FIELD>\r\n            </FIELD>\r\n            \r\n            <FIELD id=\"primary_care_giver\" type=\"RadioButtonList\" label=\"Primary Care giver\" required=\"true\">\r\n                <PROPERTIES>\r\n                    <PROPERTY name=\"name\">primary_care_giver</PROPERTY>\r\n                </PROPERTIES>\r\n                <LISTITEMS>\r\n                    <LISTITEM value=\"Yes\" id=\"RBPrimarycare1\" Selected=\"False\">Yes</LISTITEM>\r\n                    <LISTITEM value=\"No\" id=\"RBPrimarycare2\" Selected=\"False\">No</LISTITEM>\r\n                </LISTITEMS>\r\n            </FIELD>\r\n            \r\n            <FIELD id=\"duration_of_relationship\" type=\"TextBox\" label=\"Duration of Relationship\">\r\n                <PROPERTIES>\r\n                    <PROPERTY name=\"id\">txtrelduration</PROPERTY>\r\n                    <PROPERTY name=\"class\">form-control</PROPERTY>\r\n                    <PROPERTY name=\"onkeydown\">return isNumericKeyStroke()</PROPERTY>\r\n                    <PROPERTY name=\"name\">duration_of_relationship</PROPERTY>\r\n                </PROPERTIES>\r\n                <FIELD id=\"ddlrelation\" type=\"DropDownList\">\r\n                    <PROPERTIES>\r\n                        <PROPERTY name=\"id\">ddlrelation</PROPERTY>\r\n                        <PROPERTY name=\"class\">form-control</PROPERTY>\r\n                        <PROPERTY name=\"name\">ddlrelation</PROPERTY>\r\n                    </PROPERTIES>\r\n                    <LISTITEMS>\r\n                        <LISTITEM value=\"Yrs\" Selected=\"True\">Yrs</LISTITEM>\r\n                        <LISTITEM value=\"Months\" Selected=\"False\">Months</LISTITEM>\r\n                        <LISTITEM value=\"Weeks\" Selected=\"False\">Weeks</LISTITEM>\r\n                        <LISTITEM value=\"Days\" Selected=\"False\">Days</LISTITEM>\r\n                    </LISTITEMS>\r\n                </FIELD>\r\n            </FIELD>\r\n            \r\n            <FIELD id=\"information\" type=\"RadioButtonList\" label=\"Information\" required=\"true\">\r\n                <PROPERTIES>\r\n                    <PROPERTY name=\"name\">information</PROPERTY>\r\n                </PROPERTIES>\r\n                <LISTITEMS>\r\n                    <LISTITEM value=\"Reliable\" id=\"RBInfo1\" Selected=\"False\">Reliable</LISTITEM>\r\n                    <LISTITEM value=\"Unreliable\" id=\"RBInfo2\" Selected=\"False\">Unreliable</LISTITEM>\r\n                    <LISTITEM value=\"Adequate\" id=\"RBInfo3\" Selected=\"False\">Adequate</LISTITEM>\r\n                    <LISTITEM value=\"Inadequate\" id=\"RBInfo4\" Selected=\"False\">Inadequate</LISTITEM>\r\n                </LISTITEMS>\r\n            </FIELD>\r\n        </PANELBODY>\r\n    </GROUP>\r\n    \r\n    <GROUP>\r\n        <PANELHEADER>Presenting Compliants (In chronological order)</PANELHEADER>\r\n        <PANELBODY>\r\n            <FIELD type=\"RadGrid\" ADDButton=\"True\" ADDButtonID=\"RGCompliantadd\" AddButtonTableId=\"RGCompliant\">\r\n                <PROPERTIES>\r\n                    <PROPERTY name=\"id\">RGCompliant</PROPERTY>\r\n                    <PROPERTY name=\"class\">table table-bordered</PROPERTY>\r\n                </PROPERTIES>\r\n                <HEADER>\r\n                    <TH>Complaints</TH>\r\n                    <TH>Duration</TH>\r\n                </HEADER>\r\n                <COLUMNS>\r\n                    <FIELD id=\"txtComplaints\" type=\"TextBox\" HeaderText=\"Complaints\">\r\n                        <PROPERTIES>\r\n                            <PROPERTY name=\"id\">txtComplaints</PROPERTY>\r\n                            <PROPERTY name=\"name\">txtComplaints</PROPERTY>\r\n                        </PROPERTIES>\r\n                    </FIELD>\r\n                    <FIELD id=\"txtDuration\" type=\"TextBox\" HeaderText=\"Duration\">\r\n                        <PROPERTIES>\r\n                            <PROPERTY name=\"id\">txtDuration</PROPERTY>\r\n                            <PROPERTY name=\"onkeydown\">return isNumericKeyStroke()</PROPERTY>\r\n                            <PROPERTY name=\"name\">txtDuration</PROPERTY>\r\n                        </PROPERTIES>\r\n                        <FIELD id=\"DDLDuration\" type=\"DropDownList\">\r\n                            <PROPERTIES>\r\n                                <PROPERTY name=\"id\">DDLDuration</PROPERTY>\r\n                                <PROPERTY name=\"name\">DDLDuration</PROPERTY>\r\n                            </PROPERTIES>\r\n                            <LISTITEMS>\r\n                                <LISTITEM value=\"Yrs\" Selected=\"False\">Yrs</LISTITEM>\r\n                                <LISTITEM value=\"Months\" Selected=\"False\">Months</LISTITEM>\r\n                                <LISTITEM value=\"Weeks\" Selected=\"False\">Weeks</LISTITEM>\r\n                                <LISTITEM value=\"Days\" Selected=\"False\">Days</LISTITEM>\r\n                            </LISTITEMS>\r\n                        </FIELD>\r\n                    </FIELD>\r\n                </COLUMNS>\r\n            </FIELD>\r\n            \r\n            <FIELD id=\"total_duration\" type=\"TextBox\" label=\"Total Duration\" required=\"true\" >\r\n                <PROPERTIES>\r\n                    <PROPERTY name=\"id\">txtillduration</PROPERTY>\r\n                    <PROPERTY name=\"class\">form-control</PROPERTY>\r\n                    <PROPERTY name=\"onkeydown\">return isNumericKeyStroke()</PROPERTY>\r\n                    <PROPERTY name=\"name\">total_duration</PROPERTY>\r\n                </PROPERTIES>\r\n                <FIELD id=\"ddlillduration\" type=\"DropDownList\">\r\n                    <PROPERTIES>\r\n                        <PROPERTY name=\"id\">ddlillduration</PROPERTY>\r\n                        <PROPERTY name=\"class\">form-control</PROPERTY>\r\n                        <PROPERTY name=\"name\">ddlillduration</PROPERTY>\r\n                    </PROPERTIES>\r\n                    <LISTITEMS>\r\n                        <LISTITEM value=\"Yrs\" Selected=\"False\">Yrs</LISTITEM>\r\n                        <LISTITEM value=\"Months\" Selected=\"False\">Months</LISTITEM>\r\n                        <LISTITEM value=\"Weeks\" Selected=\"False\">Weeks</LISTITEM>\r\n                        <LISTITEM value=\"Days\" Selected=\"False\">Days</LISTITEM>\r\n                    </LISTITEMS>\r\n                </FIELD>\r\n            </FIELD>\r\n            \r\n            <FIELD id=\"mode_of_onset\" type=\"RadioButtonList\" label=\"Mode of Onset\" required=\"true\">\r\n                <PROPERTIES>\r\n                    <PROPERTY name=\"name\">mode_of_onset</PROPERTY>\r\n                </PROPERTIES>\r\n                <LISTITEMS>\r\n                    <LISTITEM value=\"Abrupt\" id=\"RBmode1\" Selected=\"False\">Abrupt</LISTITEM>\r\n                    <LISTITEM value=\"Acute\" id=\"RBmode2\" Selected=\"False\">Acute</LISTITEM>\r\n                    <LISTITEM value=\"Subacute\" id=\"RBmode3\" Selected=\"False\">Subacute</LISTITEM>\r\n                    <LISTITEM value=\"Insidious\" id=\"RBmode4\" Selected=\"False\">Insidious</LISTITEM>\r\n                </LISTITEMS>\r\n            </FIELD>\r\n            \r\n            <FIELD id=\"course_type\" type=\"RadioButtonList\" label=\"Course type\" required=\"true\">\r\n                <PROPERTIES>\r\n                    <PROPERTY name=\"name\">course_type</PROPERTY>\r\n                </PROPERTIES>\r\n                <LISTITEMS>\r\n                    <LISTITEM value=\"Continuous\" id=\"RBcourse1\" Selected=\"False\">Continuous</LISTITEM>\r\n                    <LISTITEM value=\"Episodic\" id=\"RBcourse2\" Selected=\"False\">Episodic</LISTITEM>\r\n                    <LISTITEM value=\"Fluctuating\" id=\"RBcourse3\" Selected=\"False\">Fluctuating</LISTITEM>\r\n                </LISTITEMS>\r\n            </FIELD>\r\n            \r\n            <FIELD id=\"precipitating_factor\" type=\"CheckBoxList\" label=\"Precipitating factor\">\r\n                <PROPERTIES>\r\n                    <PROPERTY name=\"name\">precipitating_factor[]</PROPERTY>\r\n                </PROPERTIES>\r\n                <LISTITEMS>\r\n                    <LISTITEM value=\"Bereavement\" id=\"RBpresent1\" Selected=\"False\">Bereavement</LISTITEM>\r\n                    <LISTITEM value=\"Financial loss\" id=\"RBpresent2\" Selected=\"False\">Financial loss</LISTITEM>\r\n                    <LISTITEM value=\"Family conflicts\" id=\"RBpresent3\" Selected=\"False\">Family conflicts</LISTITEM>\r\n                    <LISTITEM value=\"Difficulty at work\" id=\"RBpresent4\" Selected=\"False\">Difficulty at work</LISTITEM>\r\n                    <LISTITEM value=\"Physical ailment\" id=\"RBpresent5\" Selected=\"False\">Physical ailment</LISTITEM>\r\n                    <LISTITEM value=\"Relationship problems\" id=\"RBpresent6\" Selected=\"False\">Relationship problems</LISTITEM>\r\n                    <LISTITEM value=\"Others\" id=\"RBpresent7\" Selected=\"False\" onclick=\"OThersvisible(this.id, \'precipitating_factor_other\');\">Others</LISTITEM>\r\n                </LISTITEMS>\r\n                <FIELD id=\"precipitating_factor_other\" type=\"TextBox\">\r\n                    <PROPERTIES>\r\n                        <PROPERTY name=\"id\">precipitating_factor_other</PROPERTY>\r\n                        <PROPERTY name=\"class\">form-control hide</PROPERTY>\r\n                        <PROPERTY name=\"name\">precipitating_factor_other</PROPERTY>\r\n                        <PROPERTY name=\"placeholder\">Other Precipitating Factor</PROPERTY>\r\n                    </PROPERTIES>\r\n                </FIELD>\r\n            </FIELD>\r\n            \r\n            <FIELD id=\"nature\" type=\"RadioButtonList\" label=\"Nature\" required=\"true\">\r\n                <PROPERTIES>\r\n                    <PROPERTY name=\"name\">nature</PROPERTY>\r\n                </PROPERTIES>\r\n                <LISTITEMS>\r\n                    <LISTITEM value=\"Progressive\" id=\"RBnature1\" Selected=\"False\">Progressive</LISTITEM>\r\n                    <LISTITEM value=\"Improving\" id=\"RBnature2\" Selected=\"False\">Improving</LISTITEM>\r\n                    <LISTITEM value=\"Static\" id=\"RBnature3\" Selected=\"False\">Static</LISTITEM>\r\n                </LISTITEMS>\r\n            </FIELD>\r\n        </PANELBODY>\r\n    </GROUP>\r\n    \r\n    <GROUP>\r\n        <PANELHEADER>History Of Presenting Illness</PANELHEADER>\r\n        <PANELBODY>\r\n            <FIELD id=\"history_presenting_illness\" type=\"textareaFull\">\r\n                <PROPERTIES>\r\n                    <PROPERTY name=\"id\">history_presenting_illness</PROPERTY>\r\n                    <PROPERTY name=\"name\">history_presenting_illness</PROPERTY>\r\n                    <PROPERTY name=\"class\">form-control</PROPERTY>\r\n                    <PROPERTY name=\"rows\">6</PROPERTY>\r\n                </PROPERTIES>\r\n            </FIELD>\r\n            \r\n            <FIELD type=\"Header2\" label=\"Associated Disturbances\"></FIELD>\r\n            \r\n            <FIELD id=\"sleep\" type=\"RadioButtonList\" label=\"Sleep\">\r\n                <PROPERTIES>\r\n                    <PROPERTY name=\"name\">sleep</PROPERTY>\r\n                </PROPERTIES>\r\n                <LISTITEMS>\r\n                    <LISTITEM value=\"Premorbid\" id=\"sleep1\" Selected=\"False\">Premorbid</LISTITEM>\r\n                    <LISTITEM value=\"Increased\" id=\"sleep2\" Selected=\"False\">Increased</LISTITEM>\r\n                    <LISTITEM value=\"Decreased\" id=\"sleep3\" Selected=\"False\">Decreased</LISTITEM>\r\n                </LISTITEMS>\r\n            </FIELD>\r\n            \r\n            <FIELD id=\"appetite\" type=\"RadioButtonList\" label=\"Appetite\">\r\n                <PROPERTIES>\r\n                    <PROPERTY name=\"name\">appetite</PROPERTY>\r\n                </PROPERTIES>\r\n                <LISTITEMS>\r\n                    <LISTITEM value=\"Premorbid\" id=\"appetite1\" Selected=\"False\">Premorbid</LISTITEM>\r\n                    <LISTITEM value=\"Increased\" id=\"appetite2\" Selected=\"False\">Increased</LISTITEM>\r\n                    <LISTITEM value=\"Decreased\" id=\"appetite3\" Selected=\"False\">Decreased</LISTITEM>\r\n                </LISTITEMS>\r\n            </FIELD>\r\n            \r\n            <FIELD id=\"weight\" type=\"RadioButtonList\" label=\"Weight\">\r\n                <PROPERTIES>\r\n                    <PROPERTY name=\"name\">weight</PROPERTY>\r\n                </PROPERTIES>\r\n                <LISTITEMS>\r\n                    <LISTITEM value=\"Premorbid\" id=\"weight1\" Selected=\"False\">Premorbid</LISTITEM>\r\n                    <LISTITEM value=\"Increased\" id=\"weight2\" Selected=\"False\">Increased</LISTITEM>\r\n                    <LISTITEM value=\"Decreased\" id=\"weight3\" Selected=\"False\">Decreased</LISTITEM>\r\n                </LISTITEMS>\r\n            </FIELD>\r\n            \r\n            <FIELD id=\"sexual_functioning\" type=\"RadioButtonList\" label=\"Sexual Functioning\">\r\n                <PROPERTIES>\r\n                    <PROPERTY name=\"name\">sexual_functioning</PROPERTY>\r\n                </PROPERTIES>\r\n                <LISTITEMS>\r\n                    <LISTITEM value=\"Premorbid\" id=\"sexual_functioning1\" Selected=\"False\">Premorbid</LISTITEM>\r\n                    <LISTITEM value=\"Increased\" id=\"sexual_functioning2\" Selected=\"False\">Increased</LISTITEM>\r\n                    <LISTITEM value=\"Decreased\" id=\"sexual_functioning3\" Selected=\"False\">Decreased</LISTITEM>\r\n                </LISTITEMS>\r\n            </FIELD>\r\n            \r\n            <FIELD id=\"social_functioning\" type=\"RadioButtonList\" label=\"Social Functioning\">\r\n                <PROPERTIES>\r\n                    <PROPERTY name=\"name\">social_functioning</PROPERTY>\r\n                </PROPERTIES>\r\n                <LISTITEMS>\r\n                    <LISTITEM value=\"Intact\" id=\"social_functioning1\" Selected=\"False\" onclick=\"OThersvisible(this.id, \'social_functioning_radio_div\', \'none\');\">Intact</LISTITEM>\r\n                    <LISTITEM value=\"Impaired\" id=\"social_functioning2\" Selected=\"False\" onclick=\"OThersvisible(this.id, \'social_functioning_radio_div\', \'block\');\">Impaired</LISTITEM>\r\n                </LISTITEMS>\r\n                <FIELD id=\"social_functioning_radio\" type=\"RadioButtonList\" label=\"Severity\" Backcontrols=\"true\" Backdivid=\"social_functioning_radio_div\">\r\n                    <PROPERTIES>\r\n                        <PROPERTY name=\"name\">social_functioning_radio</PROPERTY>\r\n                    </PROPERTIES>\r\n                    <LISTITEMS>\r\n                        <LISTITEM value=\"Mild\" id=\"social_functioning_radio1\" Selected=\"False\">Mild</LISTITEM>\r\n                        <LISTITEM value=\"Moderate\" id=\"social_functioning_radio2\" Selected=\"False\">Moderate</LISTITEM>\r\n                        <LISTITEM value=\"Severe\" id=\"social_functioning_radio3\" Selected=\"False\">Severe</LISTITEM>\r\n                    </LISTITEMS>\r\n                </FIELD>\r\n            </FIELD>\r\n            \r\n            <FIELD id=\"occupational_functioning\" type=\"RadioButtonList\" label=\"Occupational Functioning\">\r\n                <PROPERTIES>\r\n                    <PROPERTY name=\"name\">occupational_functioning</PROPERTY>\r\n                </PROPERTIES>\r\n                <LISTITEMS>\r\n                    <LISTITEM value=\"Intact\" id=\"occupational_functioning1\" Selected=\"False\" onclick=\"OThersvisible(this.id, \'occupational_functioning_radio_div\', \'none\');\">Intact</LISTITEM>\r\n                    <LISTITEM value=\"Impaired\" id=\"occupational_functioning2\" Selected=\"False\" onclick=\"OThersvisible(this.id, \'occupational_functioning_radio_div\', \'block\');\">Impaired</LISTITEM>\r\n                </LISTITEMS>\r\n                <FIELD id=\"occupational_functioning_radio\" type=\"RadioButtonList\" label=\"Severity\" Backcontrols=\"true\" Backdivid=\"occupational_functioning_radio_div\">\r\n                    <PROPERTIES>\r\n                        <PROPERTY name=\"name\">occupational_functioning_radio</PROPERTY>\r\n                    </PROPERTIES>\r\n                    <LISTITEMS>\r\n                        <LISTITEM value=\"Mild\" id=\"occupational_functioning_radio1\" Selected=\"False\">Mild</LISTITEM>\r\n                        <LISTITEM value=\"Moderate\" id=\"occupational_functioning_radio2\" Selected=\"False\">Moderate</LISTITEM>\r\n                        <LISTITEM value=\"Severe\" id=\"occupational_functioning_radio3\" Selected=\"False\">Severe</LISTITEM>\r\n                    </LISTITEMS>\r\n                </FIELD>\r\n            </FIELD>\r\n        </PANELBODY>\r\n    </GROUP>\r\n    \r\n    <GROUP>\r\n        <PANELHEADER>Past History</PANELHEADER>\r\n        <PANELBODY>\r\n            <FIELD type=\"Header2\" label=\"Past Psychiatric History\"></FIELD>\r\n            \r\n            <FIELD id=\"similar_episodes\" type=\"RadioButtonList\" label=\"Similar Episodes\">\r\n                <PROPERTIES>\r\n                    <PROPERTY name=\"name\">similar_episodes</PROPERTY>\r\n                </PROPERTIES>\r\n                <LISTITEMS>\r\n                    <LISTITEM value=\"No\" id=\"similar_episodes1\" Selected=\"False\" onclick=\"OThersvisible(this.id,\'similar_episodes_ddl_div\',\'none\');\">No</LISTITEM>\r\n                    <LISTITEM value=\"Yes\" id=\"similar_episodes2\" Selected=\"False\" onclick=\"OThersvisible(this.id,\'similar_episodes_ddl_div\',\'block\');\">Yes</LISTITEM>\r\n                </LISTITEMS>\r\n                <FIELD id=\"similar_episodes_ddl\" type=\"DropDownList\" label=\"Number of Episodes\" Backcontrols=\"true\" Backdivid=\"similar_episodes_ddl_div\">\r\n                    <PROPERTIES>\r\n                        <PROPERTY name=\"id\">similar_episodes_ddl</PROPERTY>\r\n                        <PROPERTY name=\"name\">similar_episodes_ddl</PROPERTY>\r\n                    </PROPERTIES>\r\n                    <LISTITEMS>\r\n                        <LISTITEM value=\"--Select--\" Selected=\"False\">--Select--</LISTITEM>\r\n                        <LISTITEM value=\"1\" Selected=\"False\">1</LISTITEM>\r\n                        <LISTITEM value=\"2\" Selected=\"False\">2</LISTITEM>\r\n                        <LISTITEM value=\"3\" Selected=\"False\">3</LISTITEM>\r\n                        <LISTITEM value=\"4\" Selected=\"False\">4</LISTITEM>\r\n                        <LISTITEM value=\"5\" Selected=\"False\">5</LISTITEM>\r\n                        <LISTITEM value=\"6\" Selected=\"False\">6</LISTITEM>\r\n                        <LISTITEM value=\"7\" Selected=\"False\">7</LISTITEM>\r\n                        <LISTITEM value=\"8\" Selected=\"False\">8</LISTITEM>\r\n                        <LISTITEM value=\"9\" Selected=\"False\">9</LISTITEM>\r\n                        <LISTITEM value=\"10\" Selected=\"False\">10</LISTITEM>\r\n                        <LISTITEM value=\"11\" Selected=\"False\">11</LISTITEM>\r\n                        <LISTITEM value=\"12\" Selected=\"False\">12</LISTITEM>\r\n                        <LISTITEM value=\"13\" Selected=\"False\">13</LISTITEM>\r\n                        <LISTITEM value=\"14\" Selected=\"False\">14</LISTITEM>\r\n                        <LISTITEM value=\"15\" Selected=\"False\">15</LISTITEM>\r\n                        <LISTITEM value=\"16\" Selected=\"False\">16</LISTITEM>\r\n                        <LISTITEM value=\"17\" Selected=\"False\">17</LISTITEM>\r\n                        <LISTITEM value=\"18\" Selected=\"False\">18</LISTITEM>\r\n                        <LISTITEM value=\"19\" Selected=\"False\">19</LISTITEM>\r\n                        <LISTITEM value=\"20\" Selected=\"False\">20</LISTITEM>\r\n                    </LISTITEMS>\r\n                </FIELD>\r\n            </FIELD>\r\n            \r\n            <FIELD id=\"past_psychiatric_history\" type=\"textareaFull\" label=\"Notes\">\r\n                <PROPERTIES>\r\n                    <PROPERTY name=\"id\">past_psychiatric_history</PROPERTY>\r\n                    <PROPERTY name=\"name\">past_psychiatric_history</PROPERTY>\r\n                    <PROPERTY name=\"class\">form-control</PROPERTY>\r\n                    <PROPERTY name=\"rows\">6</PROPERTY>\r\n                </PROPERTIES>\r\n            </FIELD>\r\n            \r\n            <FIELD type=\"Header2\" label=\"Past Medical History\"></FIELD>\r\n            \r\n            <FIELD type=\"RadGrid\" ADDButton=\"True\" ADDButtonID=\"RGMedHisadd\" AddButtonTableId=\"RGMedicalHistory\">\r\n                <PROPERTIES>\r\n                    <PROPERTY name=\"id\">RGMedicalHistory</PROPERTY>\r\n                    <PROPERTY name=\"class\">table table-bordered</PROPERTY>\r\n                </PROPERTIES>\r\n                <HEADER>\r\n                    <TH>Complaints</TH>\r\n                    <TH>Duration</TH>\r\n                    <TH>Currently under treatment</TH>\r\n                </HEADER>\r\n                <COLUMNS>\r\n                    <FIELD id=\"DDLMedHis\" type=\"DropDownList\">\r\n                        <PROPERTIES>\r\n                            <PROPERTY name=\"id\">DDLMedHis</PROPERTY>\r\n                            <PROPERTY name=\"name\">DDLMedHis</PROPERTY>\r\n                        </PROPERTIES>\r\n                        <LISTITEMS>\r\n                            <LISTITEM value=\"--Select--\" Selected=\"False\">--Select--</LISTITEM>\r\n                            <LISTITEM value=\"Diabetes\" Selected=\"False\">Diabetes</LISTITEM>\r\n                            <LISTITEM value=\"Hypertension\" Selected=\"False\">Hypertension</LISTITEM>\r\n                            <LISTITEM value=\"Tuberculosis\" Selected=\"False\">Tuberculosis</LISTITEM>\r\n                            <LISTITEM value=\"Hepatitis\" Selected=\"False\">Hepatitis</LISTITEM>\r\n                            <LISTITEM value=\"Asthma\" Selected=\"False\">Asthma</LISTITEM>\r\n                            <LISTITEM value=\"Bronchitis\" Selected=\"False\">Bronchitis</LISTITEM>\r\n                            <LISTITEM value=\"Head injury/LOC\" Selected=\"False\">Head injury/LOC</LISTITEM>\r\n                            <LISTITEM value=\"Seizures\" Selected=\"False\">Seizures</LISTITEM>\r\n                            <LISTITEM value=\"Cerebrovascular Accidents\" Selected=\"False\">Cerebrovascular Accidents</LISTITEM>\r\n                            <LISTITEM value=\"Immuno compromised state\" Selected=\"False\">Immuno compromised state</LISTITEM>\r\n                            <LISTITEM value=\"Mycocardial Infarction\" Selected=\"False\">Mycocardial Infarction</LISTITEM>\r\n                            <LISTITEM value=\"Allergies\" Selected=\"False\">Allergies</LISTITEM>\r\n                            <LISTITEM value=\"IHD\" Selected=\"False\">IHD</LISTITEM>\r\n                        </LISTITEMS>\r\n                    </FIELD>\r\n                    \r\n                    <FIELD id=\"TxtMedHisDuration\" type=\"TextBox\">\r\n                        <PROPERTIES>\r\n                            <PROPERTY name=\"id\">TxtMedHisDuration</PROPERTY>\r\n                            <PROPERTY name=\"onkeydown\">return isNumericKeyStroke()</PROPERTY>\r\n                            <PROPERTY name=\"name\">TxtMedHisDuration</PROPERTY>\r\n                        </PROPERTIES>\r\n                        <FIELD id=\"DDLMedHisDuration\" type=\"DropDownList\">\r\n                            <PROPERTIES>\r\n                                <PROPERTY name=\"id\">DDLMedHisDuration</PROPERTY>\r\n                                <PROPERTY name=\"name\">DDLMedHisDuration</PROPERTY>\r\n                            </PROPERTIES>\r\n                            <LISTITEMS>\r\n                                <LISTITEM value=\"Yrs\" Selected=\"False\">Yrs</LISTITEM>\r\n                                <LISTITEM value=\"Months\" Selected=\"False\">Months</LISTITEM>\r\n                                <LISTITEM value=\"Weeks\" Selected=\"False\">Weeks</LISTITEM>\r\n                                <LISTITEM value=\"Days\" Selected=\"False\">Days</LISTITEM>\r\n                            </LISTITEMS>\r\n                        </FIELD>\r\n                    </FIELD>\r\n                    \r\n                    <FIELD id=\"radio_med_his_currently_under_treatment\" type=\"RadioButtonList\">\r\n                        <PROPERTIES>\r\n                            <PROPERTY name=\"name\">radio_med_his_currently_under_treatment</PROPERTY>\r\n                        </PROPERTIES>\r\n                        <LISTITEMS>\r\n                            <LISTITEM value=\"Yes\" id=\"radio_med_his_currently_under_treatment1\" Selected=\"False\">Yes</LISTITEM>\r\n                            <LISTITEM value=\"No\" id=\"radio_med_his_currently_under_treatment2\" Selected=\"False\">No</LISTITEM>\r\n                        </LISTITEMS>\r\n                    </FIELD>\r\n                </COLUMNS>\r\n            </FIELD>\r\n            \r\n            <FIELD id=\"past_medical_history_notes\" type=\"textareaFull\" label=\"Notes\">\r\n                <PROPERTIES>\r\n                    <PROPERTY name=\"id\">past_medical_history_notes</PROPERTY>\r\n                    <PROPERTY name=\"name\">past_medical_history_notes</PROPERTY>\r\n                    <PROPERTY name=\"class\">form-control</PROPERTY>\r\n                    <PROPERTY name=\"rows\">6</PROPERTY>\r\n                </PROPERTIES>\r\n            </FIELD>\r\n            \r\n            <!-- 08/06/2016-->\r\n            <FIELD type=\"PanelBar\" label=\"Treatment History\" target_div=\"treatment_history\">\r\n                <FIELD type=\"Header2\" label=\"Phamacotherapy\"></FIELD>\r\n                \r\n                <FIELD type=\"RadGrid\" ADDButton=\"True\" ADDButtonID=\"RGPhamacoadd\" AddButtonTableId=\"RGPhamaco\">\r\n                    <PROPERTIES>\r\n                        <PROPERTY name=\"id\">RGPhamaco</PROPERTY>\r\n                        <PROPERTY name=\"class\">table table-bordered</PROPERTY>\r\n                    </PROPERTIES>\r\n                    <HEADER>\r\n                        <TH>Drug name</TH>\r\n                        <TH>Duration</TH>\r\n                        <TH>Currently under treatment</TH>\r\n                        <TH>Side effects</TH>\r\n                    </HEADER>\r\n                    <COLUMNS>\r\n                        <FIELD id=\"txtPhamacoDrugName\" type=\"TextBox\">\r\n                            <PROPERTIES>\r\n                                <PROPERTY name=\"id\">txtPhamacoDrugName</PROPERTY>\r\n                                <PROPERTY name=\"name\">txtPhamacoDrugName</PROPERTY>\r\n                            </PROPERTIES>\r\n                        </FIELD>\r\n                        <FIELD id=\"txtPhamacoDuration\" type=\"TextBox\">\r\n                            <PROPERTIES>\r\n                                <PROPERTY name=\"id\">txtPhamacoDuration</PROPERTY>\r\n                                <PROPERTY name=\"onkeydown\">return isNumericKeyStroke()</PROPERTY>\r\n                                <PROPERTY name=\"name\">txtPhamacoDuration</PROPERTY>\r\n                            </PROPERTIES>\r\n                            <FIELD id=\"DDLPhamacoDuration\" type=\"DropDownList\">\r\n                                <PROPERTIES>\r\n                                    <PROPERTY name=\"id\">DDLPhamacoDuration</PROPERTY>\r\n                                    <PROPERTY name=\"name\">DDLPhamacoDuration</PROPERTY>\r\n                                </PROPERTIES>\r\n                                <LISTITEMS>\r\n                                    <LISTITEM value=\"Yrs\" Selected=\"False\">Yrs</LISTITEM>\r\n                                    <LISTITEM value=\"Months\" Selected=\"False\">Months</LISTITEM>\r\n                                    <LISTITEM value=\"Weeks\" Selected=\"False\">Weeks</LISTITEM>\r\n                                    <LISTITEM value=\"Days\" Selected=\"False\">Days</LISTITEM>\r\n                                </LISTITEMS>\r\n                            </FIELD>\r\n                        </FIELD>\r\n                        <FIELD id=\"radioPhamacoCurrentlyUnderTreatment\" type=\"RadioButtonList\">\r\n                            <PROPERTIES>\r\n                                <PROPERTY name=\"name\">radioPhamacoCurrentlyUnderTreatment</PROPERTY>\r\n                            </PROPERTIES>\r\n                            <LISTITEMS>\r\n                                <LISTITEM value=\"Adequate\" id=\"radioPhamacoCurrentlyUnderTreatment1\" Selected=\"False\">Adequate</LISTITEM>\r\n                                <LISTITEM value=\"Inadequate\" id=\"radioPhamacoCurrentlyUnderTreatment2\" Selected=\"False\">Inadequate</LISTITEM>\r\n                                <LISTITEM value=\"Partial\" id=\"radioPhamacoCurrentlyUnderTreatment3\" Selected=\"False\">Partial</LISTITEM>\r\n                            </LISTITEMS>\r\n                        </FIELD>\r\n                        <FIELD id=\"txtPhamacoSideEffects\" type=\"TextBox\">\r\n                            <PROPERTIES>\r\n                                <PROPERTY name=\"id\">txtPhamacoSideEffects</PROPERTY>\r\n                                <PROPERTY name=\"name\">txtPhamacoSideEffects</PROPERTY>\r\n                            </PROPERTIES>\r\n                        </FIELD>\r\n                    </COLUMNS>\r\n                </FIELD>\r\n                \r\n                <FIELD id=\"rb_pb_treatmenthistory\" type=\"RadioButtonList\" label=\"Medication Compliance\" required=\"true\">\r\n                    <PROPERTIES>\r\n                        <PROPERTY name=\"name\">rb_pb_treatmenthistory</PROPERTY>\r\n                        <PROPERTY name=\"ToolTip\">\r\n                            In the last 3 monts:\r\n                            Continuous intake=complaint\r\n                            Missed medic for less than 1wk= partially adherent\r\n                            Missed medic for 1wk or more=non-complaint\r\n                            (Criteria used by- Olfson et al,2000)\r\n                        </PROPERTY>\r\n                    </PROPERTIES>\r\n                    <LISTITEMS>\r\n                        <LISTITEM id=\"rb_pb_treatmenthistory1\" value=\"Non-complaint\" Selected=\"False\">Non-complaint</LISTITEM>\r\n                        <LISTITEM id=\"rb_pb_treatmenthistory2\" value=\"Complaint\" Selected=\"False\">Complaint</LISTITEM>\r\n                        <LISTITEM id=\"rb_pb_treatmenthistory3\" value=\"Partially Complaint\" Selected=\"False\">Partially Complaint</LISTITEM>\r\n                    </LISTITEMS>\r\n                </FIELD>\r\n                \r\n                <FIELD type=\"Header2\" label=\"Electro Convulsive therapy\"></FIELD>\r\n                \r\n                <FIELD id=\"previous_ects\" type=\"RadioButtonList\" label=\"Previous ECT\'s\" Backcontrols=\"true\" Backdivid=\"previous_ects_radio_div\">\r\n                    <PROPERTIES>\r\n                        <PROPERTY name=\"name\">previous_ects</PROPERTY>\r\n                    </PROPERTIES>\r\n                    <LISTITEMS>\r\n                        <LISTITEM value=\"No\" id=\"previous_ects1\"  Selected=\"False\" onclick=\"OThersvisible(this.id,\'previous_ects_radio_div\',\'none\');\">No</LISTITEM>\r\n                        <LISTITEM value=\"Yes\" id=\"previous_ects2\"  Selected=\"False\" onclick=\"OThersvisible(this.id,\'previous_ects_radio_div\',\'block\');\">Yes</LISTITEM>\r\n                    </LISTITEMS>\r\n                    <FIELD id=\"no_of_ects_ddl\" type=\"DropDownList\" label=\"No. of ECT course(s)\">\r\n                        <PROPERTIES>\r\n                            <PROPERTY name=\"id\">no_of_ects_ddl</PROPERTY>\r\n                            <PROPERTY name=\"name\">no_of_ects_ddl</PROPERTY>\r\n                        </PROPERTIES>\r\n                        <LISTITEMS>\r\n                            <LISTITEM value=\"--Select--\" Selected=\"False\">--Select--</LISTITEM>\r\n                            <LISTITEM value=\"1\" Selected=\"False\">1</LISTITEM>\r\n                            <LISTITEM value=\"2\" Selected=\"False\">2</LISTITEM>\r\n                            <LISTITEM value=\"3\" Selected=\"False\">3</LISTITEM>\r\n                            <LISTITEM value=\"4\" Selected=\"False\">4</LISTITEM>\r\n                            <LISTITEM value=\"5\" Selected=\"False\">5</LISTITEM>\r\n                            <LISTITEM value=\"6\" Selected=\"False\">6</LISTITEM>\r\n                            <LISTITEM value=\"7\" Selected=\"False\">7</LISTITEM>\r\n                            <LISTITEM value=\"8\" Selected=\"False\">8</LISTITEM>\r\n                            <LISTITEM value=\"9\" Selected=\"False\">9</LISTITEM>\r\n                            <LISTITEM value=\"10\" Selected=\"False\">10</LISTITEM>\r\n                            <LISTITEM value=\"11\" Selected=\"False\">11</LISTITEM>\r\n                            <LISTITEM value=\"12\" Selected=\"False\">12</LISTITEM>\r\n                            <LISTITEM value=\"13\" Selected=\"False\">13</LISTITEM>\r\n                            <LISTITEM value=\"14\" Selected=\"False\">14</LISTITEM>\r\n                            <LISTITEM value=\"15\" Selected=\"False\">15</LISTITEM>\r\n                            <LISTITEM value=\"16\" Selected=\"False\">16</LISTITEM>\r\n                            <LISTITEM value=\"17\" Selected=\"False\">17</LISTITEM>\r\n                            <LISTITEM value=\"18\" Selected=\"False\">18</LISTITEM>\r\n                            <LISTITEM value=\"19\" Selected=\"False\">19</LISTITEM>\r\n                            <LISTITEM value=\"20\" Selected=\"False\">20</LISTITEM>\r\n                        </LISTITEMS>\r\n                    </FIELD>\r\n                    <FIELD id=\"average_no_of_ects_ddl\" type=\"DropDownList\" label=\"Average no. of ECT session per course\">\r\n                        <PROPERTIES>\r\n                            <PROPERTY name=\"id\">average_no_of_ects_ddl</PROPERTY>\r\n                            <PROPERTY name=\"name\">average_no_of_ects_ddl</PROPERTY>\r\n                        </PROPERTIES>\r\n                        <LISTITEMS>\r\n                            <LISTITEM value=\"--Select--\" Selected=\"False\">--Select--</LISTITEM>\r\n                            <LISTITEM value=\"1\" Selected=\"False\">1</LISTITEM>\r\n                            <LISTITEM value=\"2\" Selected=\"False\">2</LISTITEM>\r\n                            <LISTITEM value=\"3\" Selected=\"False\">3</LISTITEM>\r\n                            <LISTITEM value=\"4\" Selected=\"False\">4</LISTITEM>\r\n                            <LISTITEM value=\"5\" Selected=\"False\">5</LISTITEM>\r\n                            <LISTITEM value=\"6\" Selected=\"False\">6</LISTITEM>\r\n                            <LISTITEM value=\"7\" Selected=\"False\">7</LISTITEM>\r\n                            <LISTITEM value=\"8\" Selected=\"False\">8</LISTITEM>\r\n                            <LISTITEM value=\"9\" Selected=\"False\">9</LISTITEM>\r\n                            <LISTITEM value=\"10\" Selected=\"False\">10</LISTITEM>\r\n                        </LISTITEMS>\r\n                    </FIELD>\r\n                    <FIELD id=\"response_ects_ddl\" type=\"DropDownList\" label=\"Response to ECT (%)\">\r\n                        <PROPERTIES>\r\n                            <PROPERTY name=\"id\">response_ects_ddl</PROPERTY>\r\n                            <PROPERTY name=\"name\">response_ects_ddl</PROPERTY>\r\n                        </PROPERTIES>\r\n                        <LISTITEMS>\r\n                            <LISTITEM value=\"--Select--\" Selected=\"False\">--Select--</LISTITEM>\r\n                            <LISTITEM value=\"25\" Selected=\"False\">25</LISTITEM>\r\n                            <LISTITEM value=\"50\" Selected=\"False\">50</LISTITEM>\r\n                            <LISTITEM value=\"75\" Selected=\"False\">75</LISTITEM>\r\n                            <LISTITEM value=\"100\" Selected=\"False\">100</LISTITEM>\r\n                        </LISTITEMS>\r\n                    </FIELD>\r\n                </FIELD>\r\n                \r\n                <FIELD type=\"Header2\" label=\"Counselling/Psychotherapy\"></FIELD>\r\n                \r\n                <FIELD id=\"rb_pb_mostrecentepisode\" type=\"RadioButtonList\" label=\"Most recent episode\">\r\n                    <PROPERTIES>\r\n                        <PROPERTY name=\"name\">rb_pb_mostrecentepisode</PROPERTY>\r\n                    </PROPERTIES>\r\n                    <LISTITEMS>\r\n                        <LISTITEM value=\"Yes\" id=\"rb_pb_mostrecentepisode1\" Selected=\"False\">Yes</LISTITEM>\r\n                        <LISTITEM value=\"No\" id=\"rb_pb_mostrecentepisode2\" Selected=\"False\">No</LISTITEM>\r\n                    </LISTITEMS>\r\n                </FIELD>\r\n                \r\n                <FIELD id=\"txt_pb_no_of_sessions\" type=\"TextBox\" label=\"No. of sessions\">\r\n                    <PROPERTIES>\r\n                        <PROPERTY name=\"id\">txt_pb_no_of_sessions</PROPERTY>\r\n                        <PROPERTY name=\"name\">txt_pb_no_of_sessions</PROPERTY>\r\n                    </PROPERTIES>\r\n                </FIELD>\r\n                \r\n                <FIELD id=\"rb_pb_Response\" type=\"RadioButtonList\" label=\"Response\">\r\n                    <PROPERTIES>\r\n                        <PROPERTY name=\"name\">rb_pb_Response</PROPERTY>\r\n                    </PROPERTIES>\r\n                    <LISTITEMS>\r\n                        <LISTITEM value=\"Adequate\" id=\"rb_pb_Response1\" Selected=\"False\">Adequate</LISTITEM>\r\n                        <LISTITEM value=\"Inadequate\" id=\"rb_pb_Response2\" Selected=\"False\">Inadequate</LISTITEM>\r\n                        <LISTITEM value=\"Partial\" id=\"rb_pb_Response3\" Selected=\"False\">Partial</LISTITEM>\r\n                    </LISTITEMS>\r\n                </FIELD>\r\n                \r\n                <FIELD id=\"rb_pb_Response1\" type=\"RadioButtonList\" Backcontrols=\"true\" Backdivid=\"rb_pb_Response1_Div\">\r\n                    <PROPERTIES>\r\n                        <PROPERTY name=\"name\">rb_pb_Response1</PROPERTY>\r\n                    </PROPERTIES>\r\n                    <LISTITEMS>\r\n                        <LISTITEM value=\"Completed\" id=\"rb_pb_Response11\" Selected=\"False\" onclick=\"OThersvisible(this.id,\'rb_pb_Response1_Div\',\'none\');\">Completed</LISTITEM>\r\n                        <LISTITEM value=\"Discontinued\" id=\"rb_pb_Response12\" Selected=\"False\" onclick=\"OThersvisible(this.id,\'rb_pb_Response1_Div\',\'block\');\">Discontinued</LISTITEM>\r\n                    </LISTITEMS>\r\n                    <FIELD id=\"txt_pb_reason\" type=\"TextBox\" label=\"Reason\">\r\n                        <PROPERTIES>\r\n                            <PROPERTY name=\"id\">txt_pb_reason</PROPERTY>\r\n                            <PROPERTY name=\"name\">txt_pb_reason</PROPERTY>\r\n                        </PROPERTIES>\r\n                    </FIELD>\r\n                </FIELD>\r\n                \r\n                <FIELD type=\"Header2\" label=\"Alternative Therapies\"></FIELD>\r\n                \r\n                <FIELD type=\"RadGrid\" ADDButton=\"True\" ADDButtonID=\"RGaltadd\" AddButtonTableId=\"RGalt\">\r\n                    <PROPERTIES>\r\n                        <PROPERTY name=\"id\">RGalt</PROPERTY>\r\n                        <PROPERTY name=\"class\">table table-bordered</PROPERTY>\r\n                    </PROPERTIES>\r\n                    <HEADER>\r\n                        <TH>Therapy</TH>\r\n                        <TH>Taken</TH>\r\n                        <TH>Currently under treatment</TH>\r\n                    </HEADER>\r\n                    <COLUMNS>\r\n                        <FIELD id=\"ddl_pb_therapy\" type=\"DropDownList\">\r\n                            <PROPERTIES>\r\n                                <PROPERTY name=\"id\">ddl_pb_therapy</PROPERTY>\r\n                                <PROPERTY name=\"name\">ddl_pb_therapy</PROPERTY>\r\n                            </PROPERTIES>\r\n                            <LISTITEMS>\r\n                                <LISTITEM value=\"--Select--\" Selected=\"False\">--Select--</LISTITEM>\r\n                                <LISTITEM value=\"Magico Religious\" Selected=\"False\">Magico Religious</LISTITEM>\r\n                                <LISTITEM value=\"Homeopathy\" Selected=\"False\">Homeopathy</LISTITEM>\r\n                                <LISTITEM value=\"Ayurveda\" Selected=\"False\">Ayurveda</LISTITEM>\r\n                            </LISTITEMS>\r\n                        </FIELD>\r\n                        <FIELD id=\"radio_pb_taken\" type=\"RadioButtonList\">\r\n                            <PROPERTIES>\r\n                                <PROPERTY name=\"name\">radio_pb_taken</PROPERTY>\r\n                            </PROPERTIES>\r\n                            <LISTITEMS>\r\n                                <LISTITEM value=\"Yes\" id=\"radio_pb_taken1\" Selected=\"False\">Yes</LISTITEM>\r\n                                <LISTITEM value=\"No\" id=\"radio_pb_taken2\" Selected=\"False\">No</LISTITEM>\r\n                            </LISTITEMS>\r\n                        </FIELD>\r\n                        <FIELD id=\"radio_pb_currently_under_taken\" type=\"RadioButtonList\">\r\n                            <PROPERTIES>\r\n                                <PROPERTY name=\"name\">radio_pb_currently_under_taken</PROPERTY>\r\n                            </PROPERTIES>\r\n                            <LISTITEMS>\r\n                                <LISTITEM value=\"Adequate\" id=\"radio_pb_currently_under_taken1\" Selected=\"False\">Adequate</LISTITEM>\r\n                                <LISTITEM value=\"Inadequate\" id=\"radio_pb_currently_under_taken2\" Selected=\"False\">Inadequate</LISTITEM>\r\n                                <LISTITEM value=\"Partial\" id=\"radio_pb_currently_under_taken3\" Selected=\"False\">Partial</LISTITEM>\r\n                            </LISTITEMS>\r\n                        </FIELD>\r\n                        \r\n                    </COLUMNS>\r\n                </FIELD>\r\n                \r\n                <FIELD type=\"Header2\" label=\"Treatment History Notes\"></FIELD>\r\n                \r\n                <FIELD id=\"treatment_history_notes\" type=\"textareaFull\" label=\"Notes\">\r\n                    <PROPERTIES>\r\n                        <PROPERTY name=\"id\">treatment_history_notes</PROPERTY>\r\n                        <PROPERTY name=\"name\">treatment_history_notes</PROPERTY>\r\n                        <PROPERTY name=\"class\">form-control</PROPERTY>\r\n                        <PROPERTY name=\"rows\">6</PROPERTY>\r\n                    </PROPERTIES>\r\n                </FIELD>\r\n            </FIELD>\r\n            \r\n            <FIELD type=\"PanelBar\" label=\"Family History\" target_div=\"family_history\">\r\n                <FIELD id=\"RBtypeoffamily\" type=\"RadioButtonList\" label=\"Type of Family\" required=\"true\">\r\n                    <PROPERTIES>\r\n                        <PROPERTY name=\"name\">RBtypeoffamily</PROPERTY>\r\n                    </PROPERTIES>\r\n                    <LISTITEMS>\r\n                        <LISTITEM value=\"Nuclear\" id=\"RBtypeoffamily1\" Selected=\"False\">Nuclear</LISTITEM>\r\n                        <LISTITEM value=\"Joint\" id=\"RBtypeoffamily2\" Selected=\"False\">Joint</LISTITEM>\r\n                    </LISTITEMS>\r\n                </FIELD>\r\n                \r\n                <FIELD id=\"RBtypeofmarriage\" type=\"RadioButtonList\" label=\"Type of Marriage\" required=\"true\" Backcontrols=\"true\" Backdivid=\"RBtypeofmarriageDiv\">\r\n                    <PROPERTIES>\r\n                        <PROPERTY name=\"name\">RBtypeofmarriage</PROPERTY>\r\n                    </PROPERTIES>\r\n                    <LISTITEMS>\r\n                        <LISTITEM value=\"Consanguineous\" id=\"RBtypeofmarriage1\" Selected=\"False\" onclick=\"OThersvisible(this.id,\'RBtypeofmarriageDiv\',\'block\');\">Consanguineous</LISTITEM>\r\n                        <LISTITEM value=\"Non-Consanguineous\" id=\"RBtypeofmarriage2\" Selected=\"False\" onclick=\"OThersvisible(this.id,\'RBtypeofmarriageDiv\',\'none\');\">Non-Consanguineous</LISTITEM>\r\n                    </LISTITEMS>\r\n                    <FIELD id=\"RBdegreeofconsan\" type=\"RadioButtonList\" label=\"Degree of Consanguinity\" required=\"true\">\r\n                        <PROPERTIES>\r\n                            <PROPERTY name=\"name\">RBdegreeofconsan</PROPERTY>\r\n                        </PROPERTIES>\r\n                        <LISTITEMS>\r\n                            <LISTITEM value=\"II\" id=\"RBdegreeofconsan1\" Selected=\"False\">II</LISTITEM>\r\n                            <LISTITEM value=\"III\" id=\"RBdegreeofconsan2\" Selected=\"False\">III</LISTITEM>\r\n                        </LISTITEMS>\r\n                    </FIELD>\r\n                </FIELD>\r\n                \r\n                <FIELD type=\"RadGrid\" ADDButton=\"True\" ADDButtonID=\"RGfamilyadd\" AddButtonTableId=\"RGfamily\">\r\n                    <PROPERTIES>\r\n                        <PROPERTY name=\"id\">RGfamily</PROPERTY>\r\n                        <PROPERTY name=\"class\">table table-bordered</PROPERTY>\r\n                    </PROPERTIES>\r\n                    <HEADER>\r\n                        <TH>Relation</TH>\r\n                        <TH>Illness type</TH>\r\n                        <TH>Treatment</TH>\r\n                    </HEADER>\r\n                    <COLUMNS>\r\n                        <FIELD id=\"ddl_pb_relation\" type=\"DropDownList\">\r\n                            <PROPERTIES>\r\n                                <PROPERTY name=\"id\">ddl_pb_relation</PROPERTY>\r\n                                <PROPERTY name=\"name\">ddl_pb_relation</PROPERTY>\r\n                            </PROPERTIES>\r\n                            <LISTITEMS>\r\n                                <LISTITEM value=\"--Select--\" Selected=\"False\">--Select--</LISTITEM>\r\n                                <LISTITEM value=\"GrandParents\" Selected=\"False\">GrandParents</LISTITEM>\r\n                                <LISTITEM value=\"Parents\" Selected=\"False\">Parents</LISTITEM>\r\n                                <LISTITEM value=\"Siblings\" Selected=\"False\">Siblings</LISTITEM>\r\n                                <LISTITEM value=\"Spouse\" Selected=\"False\">Spouse</LISTITEM>\r\n                                <LISTITEM value=\"Children\" Selected=\"False\">Children</LISTITEM>\r\n                                <LISTITEM value=\"Uncle/Aunt\" Selected=\"False\">Uncle/Aunt</LISTITEM>\r\n                            </LISTITEMS>\r\n                        </FIELD>\r\n                        <FIELD id=\"radio_pb_illnesstype\" type=\"RadioButtonList\">\r\n                            <PROPERTIES>\r\n                                <PROPERTY name=\"name\">radio_pb_illnesstype</PROPERTY>\r\n                            </PROPERTIES>\r\n                            <LISTITEMS>\r\n                                <LISTITEM value=\"Similar Illness\" id=\"radio_pb_illnesstype1\" Selected=\"False\" onclick=\"OThersvisible(this.id,\'radio_pb_illnesstype_note\',\'none\');\">Similar Illness</LISTITEM>\r\n                                <LISTITEM value=\"Other Illness\" id=\"radio_pb_illnesstype2\" Selected=\"False\" onclick=\"OThersvisible(this.id,\'radio_pb_illnesstype_note\',\'block\');\">Other Illness</LISTITEM>\r\n                            </LISTITEMS>\r\n                            <FIELD id=\"radio_pb_illnesstype_note\" type=\"TextBox\">\r\n                                <PROPERTIES>\r\n                                    <PROPERTY name=\"id\">radio_pb_illnesstype_note</PROPERTY>\r\n                                    <PROPERTY name=\"class\">form-control hide</PROPERTY>\r\n                                    <PROPERTY name=\"name\">radio_pb_illnesstype_note</PROPERTY>\r\n                                    <PROPERTY name=\"placeholder\">Notes</PROPERTY>\r\n                                </PROPERTIES>\r\n                            </FIELD>\r\n                        </FIELD>\r\n                        <FIELD id=\"radio_pb_treatment\" type=\"RadioButtonList\">\r\n                            <PROPERTIES>\r\n                                <PROPERTY name=\"name\">radio_pb_treatment</PROPERTY>\r\n                            </PROPERTIES>\r\n                            <LISTITEMS>\r\n                                <LISTITEM value=\"Treated\" id=\"radio_pb_treatment1\" Selected=\"False\">Treated</LISTITEM>\r\n                                <LISTITEM value=\"Untreated\" id=\"radio_pb_treatment2\" Selected=\"False\">Untreated</LISTITEM>\r\n                            </LISTITEMS>\r\n                        </FIELD>\r\n                    </COLUMNS>\r\n                </FIELD>\r\n                \r\n                <FIELD id=\"RBexpressedemotion\" type=\"RadioButtonList\" label=\"Expressed emotions\">\r\n                    <PROPERTIES>\r\n                        <PROPERTY name=\"name\">RBexpressedemotion</PROPERTY>\r\n                    </PROPERTIES>\r\n                    <LISTITEMS>\r\n                        <LISTITEM value=\"Consanguineous\" id=\"RBexpressedemotion1\" Selected=\"False\">Hostility</LISTITEM>\r\n                        <LISTITEM value=\"Criticality\" id=\"RBexpressedemotion2\" Selected=\"False\">Criticality</LISTITEM>\r\n                        <LISTITEM value=\"Over involvement\" id=\"RBexpressedemotion3\" Selected=\"False\">Over involvement</LISTITEM>\r\n                        <LISTITEM value=\"Warmth\" id=\"RBexpressedemotion4\" Selected=\"False\">Warmth</LISTITEM>\r\n                    </LISTITEMS>\r\n                </FIELD>\r\n                \r\n                <FIELD id=\"history_family\" type=\"textareaFull\" label=\"Notes\">\r\n                    <PROPERTIES>\r\n                        <PROPERTY name=\"id\">history_family</PROPERTY>\r\n                        <PROPERTY name=\"name\">history_family</PROPERTY>\r\n                        <PROPERTY name=\"class\">form-control</PROPERTY>\r\n                        <PROPERTY name=\"rows\">6</PROPERTY>\r\n                    </PROPERTIES>\r\n                </FIELD>\r\n            </FIELD>\r\n            \r\n            <FIELD type=\"PanelBar\" label=\"Personal History\" target_div=\"personal_history\">\r\n                <FIELD type=\"Header2\" label=\"Birth and Development\"></FIELD>\r\n            </FIELD>\r\n        </PANELBODY>\r\n    </GROUP>\r\n</FIELDS>','<?xml version=\"1.0\" encoding=\"UTF-8\"?>\r\n<xsl:stylesheet xmlns:xsl=\"http://www.w3.org/1999/XSL/Transform\" version=\"1.0\">\r\n    <xsl:output method=\"html\"/>\r\n    <xsl:template match=\"/\">\r\n        <script type=\"text/javascript\" src=\"js/xmlvalidation.js\">&#160;</script> \r\n        \r\n        <form method=\"post\" id=\"xmlform\">\r\n            \r\n            <xsl:for-each select=\"FIELDS/GROUP\">\r\n                <div class=\"panel panel-default\">\r\n                    <div class=\"panel-heading\">\r\n                        <b> \r\n                            <xsl:value-of select=\"PANELHEADER\" /> \r\n                        </b>\r\n                    </div>\r\n                \r\n                    <xsl:for-each select=\"PANELBODY\">\r\n                        <div class=\"panel-body\">\r\n                            <xsl:for-each select=\"FIELD\">\r\n                                <xsl:choose>\r\n                                    \r\n                                    <!-- Main Text Box -->\r\n                                    <xsl:when test=\"@type=\'TextBox\'\">\r\n                                        <div class=\"form-group\">\r\n                                            <label class=\"col-sm-3 control-label\">\r\n                                                <xsl:value-of select=\"@label\" />\r\n                                                <xsl:if test=\"@required=\'true\'\">\r\n                                                    <span class=\"required\"> *</span>\r\n                                                </xsl:if>\r\n                                            </label>\r\n                                            <div class=\"col-sm-9\">\r\n                                                <input type=\"text\">\r\n                                                    <xsl:for-each select=\"PROPERTIES/PROPERTY\">\r\n                                                        <xsl:attribute name=\"{@name}\">\r\n                                                            <xsl:value-of select=\"current()\"></xsl:value-of>\r\n                                                        </xsl:attribute>\r\n                                                    </xsl:for-each>\r\n                                                </input>\r\n                                                <xsl:if test=\"FIELD\">\r\n                                                    <xsl:for-each select=\"FIELD\">\r\n                                                        <xsl:choose>\r\n                                                            <xsl:when test=\"@type=\'DropDownList\'\">\r\n                                                                <select>\r\n                                                                    <xsl:for-each select=\"PROPERTIES/PROPERTY\">\r\n                                                                        <xsl:attribute name=\"{@name}\">\r\n                                                                            <xsl:value-of select=\"current()\"></xsl:value-of>\r\n                                                                        </xsl:attribute>\r\n                                                                    </xsl:for-each>\r\n                                                                    <xsl:for-each select=\"LISTITEMS/LISTITEM\">\r\n                                                                        <option>\r\n                                                                            <xsl:attribute name=\"value\">\r\n                                                                                <xsl:value-of select=\"@value\"></xsl:value-of>\r\n                                                                            </xsl:attribute>\r\n                                                                            <xsl:if test=\"@Selected = \'true\'\">\r\n                                                                                <xsl:attribute name=\"selected\">\r\n                                                                                    <xsl:text>selected</xsl:text>\r\n                                                                                </xsl:attribute>\r\n                                                                            </xsl:if>\r\n                                                                            <xsl:value-of select=\"@value\"></xsl:value-of>\r\n                                                                        </option>\r\n                                                                    </xsl:for-each>\r\n                                                                </select>\r\n                                                            </xsl:when>\r\n                                                        </xsl:choose>\r\n                                                    </xsl:for-each>\r\n                                                </xsl:if>\r\n                                            </div>\r\n                                        </div>\r\n                                        <div class=\"line line-dashed b-b line-lg \"></div>\r\n                                    </xsl:when> \r\n                                    \r\n                                    <!-- Main Radio Button -->                          \r\n                                    <xsl:when test=\"@type=\'RadioButtonList\'\">\r\n                                        <div class=\"form-group\">\r\n                                            <label class=\"col-sm-3 control-label\">\r\n                                                <xsl:value-of select=\"@label\" />\r\n                                                <xsl:if test=\"@required=\'true\'\">\r\n                                                    <span class=\"required\"> *</span>\r\n                                                </xsl:if>\r\n                                            </label>\r\n                                            <div class=\"col-sm-9\">\r\n                                                <xsl:for-each select=\"LISTITEMS/LISTITEM\">\r\n                                                    <input type=\"radio\">\r\n                                                        <xsl:attribute name=\"value\">\r\n                                                            <xsl:value-of select=\"@value\"></xsl:value-of>\r\n                                                        </xsl:attribute>\r\n                                                        <xsl:attribute name=\"id\">\r\n                                                            <xsl:value-of select=\"@id\"></xsl:value-of>\r\n                                                        </xsl:attribute>\r\n                                                        <xsl:if test=\"@Selected = \'true\'\">\r\n                                                            <xsl:attribute name=\"checked\">\r\n                                                                <xsl:text>checked</xsl:text>\r\n                                                            </xsl:attribute>\r\n                                                        </xsl:if>\r\n                                                        <xsl:attribute name=\"onclick\">\r\n                                                            <xsl:value-of select=\"@onclick\"></xsl:value-of>\r\n                                                        </xsl:attribute>\r\n                                                        <xsl:for-each select=\"../../PROPERTIES/PROPERTY\">\r\n                                                            <xsl:attribute name=\"{@name}\">\r\n                                                                <xsl:value-of select=\"current()\"></xsl:value-of>\r\n                                                            </xsl:attribute>\r\n                                                        </xsl:for-each>\r\n                                                    </input>&#160;\r\n                                                    <label for=\"{@id}\">\r\n                                                        <xsl:value-of select=\"current()\"></xsl:value-of>\r\n                                                    </label>&#160;&#160;\r\n                                                </xsl:for-each>\r\n                                                <xsl:if test=\"FIELD\">\r\n                                                    <xsl:for-each select=\"FIELD\">\r\n                                                        <xsl:choose>\r\n                                                            <xsl:when test=\"@type=\'TextBox\'\">\r\n                                                                <xsl:value-of select=\"@label\" />\r\n                                                                <input type=\"text\">\r\n                                                                    <xsl:for-each select=\"PROPERTIES/PROPERTY\">\r\n                                                                        <xsl:attribute name=\"{@name}\">\r\n                                                                            <xsl:value-of select=\"current()\"></xsl:value-of>\r\n                                                                        </xsl:attribute>\r\n                                                                    </xsl:for-each>\r\n                                                                </input>\r\n                                                            </xsl:when>\r\n                                                            \r\n                                                            <xsl:when test=\"@type=\'RadioButtonList\'\">\r\n                                                                <xsl:if test=\"@Backcontrols = \'true\'\">\r\n                                                                    <div>\r\n                                                                        <xsl:attribute name=\"id\">\r\n                                                                            <xsl:value-of select=\"@Backdivid\"></xsl:value-of>\r\n                                                                        </xsl:attribute>\r\n                                                                        <xsl:attribute name=\"class\">\r\n                                                                            <xsl:text>hide</xsl:text>\r\n                                                                        </xsl:attribute>\r\n                                                                        <xsl:value-of select=\"@label\" />\r\n                                                                        <xsl:for-each select=\"LISTITEMS/LISTITEM\">\r\n                                                                            <input type=\"radio\">\r\n                                                                                <xsl:attribute name=\"value\">\r\n                                                                                    <xsl:value-of select=\"@value\"></xsl:value-of>\r\n                                                                                </xsl:attribute>\r\n                                                                                <xsl:attribute name=\"id\">\r\n                                                                                    <xsl:value-of select=\"@id\"></xsl:value-of>\r\n                                                                                </xsl:attribute>\r\n                                                                                <xsl:if test=\"@Selected = \'true\'\">\r\n                                                                                    <xsl:attribute name=\"checked\">\r\n                                                                                        <xsl:text>checked</xsl:text>\r\n                                                                                    </xsl:attribute>\r\n                                                                                </xsl:if>\r\n                                                                                <xsl:attribute name=\"onclick\">\r\n                                                                                    <xsl:value-of select=\"@onclick\"></xsl:value-of>\r\n                                                                                </xsl:attribute>\r\n                                                                                <xsl:for-each select=\"../../PROPERTIES/PROPERTY\">\r\n                                                                                    <xsl:attribute name=\"{@name}\">\r\n                                                                                        <xsl:value-of select=\"current()\"></xsl:value-of>\r\n                                                                                    </xsl:attribute>\r\n                                                                                </xsl:for-each>\r\n                                                                            </input>\r\n                                                                            <xsl:value-of select=\"current()\"></xsl:value-of>&#160;\r\n                                                                        </xsl:for-each>\r\n                                                                    </div>\r\n                                                                </xsl:if>\r\n                                                            </xsl:when>\r\n                                                            \r\n                                                            <xsl:when test=\"@type=\'DropDownList\'\">\r\n                                                                <xsl:if test=\"@Backcontrols = \'true\'\">\r\n                                                                    <div>\r\n                                                                        <xsl:attribute name=\"id\">\r\n                                                                            <xsl:value-of select=\"@Backdivid\"></xsl:value-of>\r\n                                                                        </xsl:attribute>\r\n                                                                        <xsl:attribute name=\"class\">\r\n                                                                            <xsl:text>hide</xsl:text>\r\n                                                                        </xsl:attribute>\r\n                                                                        <xsl:value-of select=\"@label\" />\r\n                                                                        <select>\r\n                                                                            <xsl:for-each select=\"PROPERTIES/PROPERTY\">\r\n                                                                                <xsl:attribute name=\"{@name}\">\r\n                                                                                    <xsl:value-of select=\"current()\"></xsl:value-of>\r\n                                                                                </xsl:attribute>\r\n                                                                            </xsl:for-each>\r\n                                                                            <xsl:for-each select=\"LISTITEMS/LISTITEM\">\r\n                                                                                <option>\r\n                                                                                    <xsl:attribute name=\"value\">\r\n                                                                                        <xsl:value-of select=\"@value\"></xsl:value-of>\r\n                                                                                    </xsl:attribute>\r\n                                                                                    <xsl:if test=\"@Selected = \'true\'\">\r\n                                                                                        <xsl:attribute name=\"selected\">\r\n                                                                                            <xsl:text>selected</xsl:text>\r\n                                                                                        </xsl:attribute>\r\n                                                                                    </xsl:if>\r\n                                                                                    <xsl:value-of select=\"@value\"></xsl:value-of>\r\n                                                                                </option>\r\n                                                                            </xsl:for-each>\r\n                                                                        </select>\r\n                                                                    </div>\r\n                                                                </xsl:if>\r\n                                                            </xsl:when>\r\n                                                        </xsl:choose>\r\n                                                    </xsl:for-each>\r\n                                                </xsl:if>\r\n                                            </div>\r\n                                        </div>\r\n                                        <div class=\"line line-dashed b-b line-lg \"></div>\r\n                                    </xsl:when>\r\n                                \r\n                                    <!-- Main Checkbox -->\r\n                                    <xsl:when test=\"@type=\'CheckBoxList\'\">\r\n                                        <div class=\"form-group\">\r\n                                            <label class=\"col-sm-3 control-label\">\r\n                                                <xsl:value-of select=\"@label\" />\r\n                                                <xsl:if test=\"@required=\'true\'\">\r\n                                                    <span class=\"required\"> *</span>\r\n                                                </xsl:if>\r\n                                            </label>\r\n                                            <div class=\"col-sm-9\">\r\n                                                <xsl:for-each select=\"LISTITEMS/LISTITEM\">\r\n                                                    <input type=\"checkbox\">\r\n                                                        <xsl:attribute name=\"value\">\r\n                                                            <xsl:value-of select=\"@value\"></xsl:value-of>\r\n                                                        </xsl:attribute>\r\n                                                        <xsl:attribute name=\"id\">\r\n                                                            <xsl:value-of select=\"@id\"></xsl:value-of>\r\n                                                        </xsl:attribute>\r\n                                                        <xsl:if test=\"@Selected = \'true\'\">\r\n                                                            <xsl:attribute name=\"checked\">\r\n                                                                <xsl:text>checked</xsl:text>\r\n                                                            </xsl:attribute>\r\n                                                        </xsl:if>\r\n                                                        <xsl:attribute name=\"onclick\">\r\n                                                            <xsl:value-of select=\"@onclick\"></xsl:value-of>\r\n                                                        </xsl:attribute>\r\n                                                        <xsl:for-each select=\"../../PROPERTIES/PROPERTY\">\r\n                                                            <xsl:attribute name=\"{@name}\">\r\n                                                                <xsl:value-of select=\"current()\"></xsl:value-of>\r\n                                                            </xsl:attribute>\r\n                                                        </xsl:for-each>\r\n                                                    </input>\r\n                                                    <xsl:value-of select=\"current()\"></xsl:value-of>&#160;\r\n                                                </xsl:for-each>\r\n                                                <xsl:if test=\"FIELD\">\r\n                                                    <xsl:for-each select=\"FIELD\">\r\n                                                        <xsl:choose>\r\n                                                            <xsl:when test=\"@type=\'TextBox\'\">\r\n                                                                <xsl:value-of select=\"@label\" />\r\n                                                                <input type=\"text\">\r\n                                                                    <xsl:for-each select=\"PROPERTIES/PROPERTY\">\r\n                                                                        <xsl:attribute name=\"{@name}\">\r\n                                                                            <xsl:value-of select=\"current()\"></xsl:value-of>\r\n                                                                        </xsl:attribute>\r\n                                                                    </xsl:for-each>\r\n                                                                </input>\r\n                                                            </xsl:when>\r\n                                                        </xsl:choose>\r\n                                                    </xsl:for-each>\r\n                                                </xsl:if>\r\n                                            </div>\r\n                                        </div>\r\n                                        <div class=\"line line-dashed b-b line-lg \"></div>\r\n                                    </xsl:when>\r\n                                \r\n                                    \r\n                                    <!-- Main Header2 -->\r\n                                    <xsl:when test=\"@type=\'Header2\'\">\r\n                                        <h4>\r\n                                            <b> \r\n                                                <xsl:value-of select=\"@label\" /> \r\n                                            </b>\r\n                                        </h4>\r\n                                    </xsl:when>\r\n                                    \r\n                                    <!-- Main Grid -->\r\n                                    <xsl:when test=\"@type=\'RadGrid\'\">\r\n                                        <div class=\"form-group\">\r\n                                            <div class=\"col-sm-12\">\r\n                                                <xsl:if test=\"@ADDButton=\'True\'\">\r\n                                                    <input type=\"button\">\r\n                                                        <xsl:attribute name=\"class\">\r\n                                                            <xsl:text>addMore</xsl:text>\r\n                                                        </xsl:attribute>\r\n                                                        <xsl:attribute name=\"value\">\r\n                                                            <xsl:text>Add</xsl:text>\r\n                                                        </xsl:attribute>\r\n                                                        <xsl:attribute name=\"id\">\r\n                                                            <xsl:value-of select=\"@ADDButtonID\"></xsl:value-of>\r\n                                                        </xsl:attribute>\r\n                                                        <xsl:attribute name=\"data-table-id\">\r\n                                                            <xsl:value-of select=\"@AddButtonTableId\"></xsl:value-of>\r\n                                                        </xsl:attribute>\r\n                                                    </input>\r\n                                                </xsl:if>\r\n                                        \r\n                                                <table>\r\n                                                    <xsl:for-each select=\"PROPERTIES/PROPERTY\">\r\n                                                        <xsl:attribute name=\"{@name}\">\r\n                                                            <xsl:value-of select=\"current()\"></xsl:value-of>\r\n                                                        </xsl:attribute>\r\n                                                    </xsl:for-each>\r\n                                                    <thead>\r\n                                                        <tr>\r\n                                                            <xsl:for-each select=\"HEADER/TH\">\r\n                                                                <th>\r\n                                                                    <xsl:value-of select=\"current()\" />\r\n                                                                </th>\r\n                                                            </xsl:for-each>\r\n                                                        </tr>\r\n                                                    </thead>\r\n                                                    <tbody>\r\n                                                        <xsl:for-each select=\"COLUMNS\">\r\n                                                            <tr>\r\n                                                                <xsl:for-each select=\"FIELD\">\r\n                                                                    <td>\r\n                                                                        <xsl:choose>\r\n                                                                            <xsl:when test=\"@type=\'TextBox\'\">\r\n                                                                                <input type=\"text\">\r\n                                                                                    <xsl:for-each select=\"PROPERTIES/PROPERTY\">\r\n                                                                                        <xsl:attribute name=\"{@name}\">\r\n                                                                                            <xsl:value-of select=\"current()\"></xsl:value-of>\r\n                                                                                        </xsl:attribute>\r\n                                                                                    </xsl:for-each>\r\n                                                                                </input>\r\n                                                                                <xsl:if test=\"FIELD\">\r\n                                                                                    <xsl:for-each select=\"FIELD\">\r\n                                                                                        <xsl:choose>\r\n                                                                                            <xsl:when test=\"@type=\'DropDownList\'\">\r\n                                                                                                <select>\r\n                                                                                                    <xsl:for-each select=\"PROPERTIES/PROPERTY\">\r\n                                                                                                        <xsl:attribute name=\"{@name}\">\r\n                                                                                                            <xsl:value-of select=\"current()\"></xsl:value-of>\r\n                                                                                                        </xsl:attribute>\r\n                                                                                                    </xsl:for-each>\r\n                                                                                                    <xsl:for-each select=\"LISTITEMS/LISTITEM\">\r\n                                                                                                        <option>\r\n                                                                                                            <xsl:attribute name=\"value\">\r\n                                                                                                                <xsl:value-of select=\"@value\"></xsl:value-of>\r\n                                                                                                            </xsl:attribute>\r\n                                                                                                            <xsl:if test=\"@Selected = \'true\'\">\r\n                                                                                                                <xsl:attribute name=\"selected\">\r\n                                                                                                                    <xsl:text>selected</xsl:text>\r\n                                                                                                                </xsl:attribute>\r\n                                                                                                            </xsl:if>\r\n                                                                                                            <xsl:value-of select=\"@value\"></xsl:value-of>\r\n                                                                                                        </option>\r\n                                                                                                    </xsl:for-each>\r\n                                                                                                </select>\r\n                                                                                            </xsl:when>\r\n                                                                                        </xsl:choose>\r\n                                                                                    </xsl:for-each>\r\n                                                                                </xsl:if>\r\n                                                                            </xsl:when>\r\n                                                                    \r\n                                                                            <xsl:when test=\"@type=\'DropDownList\'\">\r\n                                                                                <select>\r\n                                                                                    <xsl:for-each select=\"PROPERTIES/PROPERTY\">\r\n                                                                                        <xsl:attribute name=\"{@name}\">\r\n                                                                                            <xsl:value-of select=\"current()\"></xsl:value-of>\r\n                                                                                        </xsl:attribute>\r\n                                                                                    </xsl:for-each>\r\n                                                                                    <xsl:for-each select=\"LISTITEMS/LISTITEM\">\r\n                                                                                        <option>\r\n                                                                                            <xsl:attribute name=\"value\">\r\n                                                                                                <xsl:value-of select=\"@value\"></xsl:value-of>\r\n                                                                                            </xsl:attribute>\r\n                                                                                            <xsl:if test=\"@Selected = \'true\'\">\r\n                                                                                                <xsl:attribute name=\"selected\">\r\n                                                                                                    <xsl:text>selected</xsl:text>\r\n                                                                                                </xsl:attribute>\r\n                                                                                            </xsl:if>\r\n                                                                                            <xsl:value-of select=\"@value\"></xsl:value-of>\r\n                                                                                        </option>\r\n                                                                                    </xsl:for-each>\r\n                                                                                </select>\r\n                                                                            </xsl:when>\r\n                                                                    \r\n                                                                            <xsl:when test=\"@type=\'RadioButtonList\'\">\r\n                                                                                <xsl:for-each select=\"LISTITEMS/LISTITEM\">\r\n                                                                                    <input type=\"radio\">\r\n                                                                                        <xsl:attribute name=\"value\">\r\n                                                                                            <xsl:value-of select=\"@value\"></xsl:value-of>\r\n                                                                                        </xsl:attribute>\r\n                                                                                        <xsl:attribute name=\"id\">\r\n                                                                                            <xsl:value-of select=\"@id\"></xsl:value-of>\r\n                                                                                        </xsl:attribute>\r\n                                                                                        <xsl:if test=\"@Selected = \'true\'\">\r\n                                                                                            <xsl:attribute name=\"checked\">\r\n                                                                                                <xsl:text>checked</xsl:text>\r\n                                                                                            </xsl:attribute>\r\n                                                                                        </xsl:if>\r\n                                                                                        <xsl:attribute name=\"onclick\">\r\n                                                                                            <xsl:value-of select=\"@onclick\"></xsl:value-of>\r\n                                                                                        </xsl:attribute>\r\n                                                                                        <xsl:for-each select=\"../../PROPERTIES/PROPERTY\">\r\n                                                                                            <xsl:attribute name=\"{@name}\">\r\n                                                                                                <xsl:value-of select=\"current()\"></xsl:value-of>\r\n                                                                                            </xsl:attribute>\r\n                                                                                        </xsl:for-each>\r\n                                                                                    </input>\r\n                                                                                    <xsl:value-of select=\"current()\"></xsl:value-of>&#160;\r\n                                                                                </xsl:for-each>\r\n                                                                            </xsl:when>\r\n                                                                        </xsl:choose>\r\n                                                                    </td>\r\n                                                                </xsl:for-each>\r\n                                                            </tr>\r\n                                                        </xsl:for-each>\r\n                                                \r\n                                                    </tbody>\r\n                                                </table>\r\n                                            </div>\r\n                                        </div>\r\n                                    </xsl:when>\r\n                                    \r\n                                    <!-- Main Textarea -->\r\n                                    <xsl:when test=\"@type=\'textareaFull\'\">\r\n                                        <div class=\"form-group\">\r\n                                            <div class=\"col-sm-12\">\r\n                                                <label>\r\n                                                    <xsl:value-of select=\"@label\" />\r\n                                                </label>\r\n                                                <textarea>\r\n                                                    <xsl:for-each select=\"PROPERTIES/PROPERTY\">\r\n                                                        <xsl:attribute name=\"{@name}\">\r\n                                                            <xsl:value-of select=\"current()\"></xsl:value-of>\r\n                                                        </xsl:attribute>\r\n                                                    </xsl:for-each>\r\n                                                    <xsl:value-of select=\"VALUE\"></xsl:value-of>\r\n                                                </textarea>\r\n                                            </div>\r\n                                        </div>\r\n                                        <div class=\"line line-dashed b-b line-lg \"></div>\r\n                                    </xsl:when> \r\n                                    \r\n                                    <!-- Main Panel Bar -->\r\n                                    <xsl:when test=\"@type=\'PanelBar\'\">\r\n                                        <div class=\"panel panel-default\">\r\n                                            <div class=\"panel-heading\">\r\n                                                <h4 class=\"panel-title\">\r\n                                                    <a class=\"accordion-toggle\" data-toggle=\"collapse\" data-target=\"#{@target_div}\" href=\"javascript:void(0)\">\r\n                                                        <span>\r\n                                                            <xsl:value-of select=\"@label\"></xsl:value-of>\r\n                                                        </span>\r\n                                                    </a>\r\n                                                </h4>\r\n                                            </div>\r\n                                            <div id=\"{@target_div}\" class=\"collapse panel-body\">\r\n                                                <xsl:for-each select=\"FIELD\">\r\n                                                    <xsl:choose>\r\n                                                        <xsl:when test=\"@type=\'Header2\'\">\r\n                                                            <h4>\r\n                                                                <b> \r\n                                                                    <xsl:value-of select=\"@label\" /> \r\n                                                                </b>\r\n                                                            </h4>\r\n                                                        </xsl:when>\r\n                                                        \r\n                                                        <xsl:when test=\"@type=\'RadGrid\'\">\r\n                                                            <div class=\"form-group\">\r\n                                                                <div class=\"col-sm-12\">\r\n                                                                    <xsl:if test=\"@ADDButton=\'True\'\">\r\n                                                                        <input type=\"button\">\r\n                                                                            <xsl:attribute name=\"class\">\r\n                                                                                <xsl:text>addMore</xsl:text>\r\n                                                                            </xsl:attribute>\r\n                                                                            <xsl:attribute name=\"value\">\r\n                                                                                <xsl:text>Add</xsl:text>\r\n                                                                            </xsl:attribute>\r\n                                                                            <xsl:attribute name=\"id\">\r\n                                                                                <xsl:value-of select=\"@ADDButtonID\"></xsl:value-of>\r\n                                                                            </xsl:attribute>\r\n                                                                            <xsl:attribute name=\"data-table-id\">\r\n                                                                                <xsl:value-of select=\"@AddButtonTableId\"></xsl:value-of>\r\n                                                                            </xsl:attribute>\r\n                                                                        </input>\r\n                                                                    </xsl:if>\r\n                                        \r\n                                                                    <table>\r\n                                                                        <xsl:for-each select=\"PROPERTIES/PROPERTY\">\r\n                                                                            <xsl:attribute name=\"{@name}\">\r\n                                                                                <xsl:value-of select=\"current()\"></xsl:value-of>\r\n                                                                            </xsl:attribute>\r\n                                                                        </xsl:for-each>\r\n                                                                        <thead>\r\n                                                                            <tr>\r\n                                                                                <xsl:for-each select=\"HEADER/TH\">\r\n                                                                                    <th>\r\n                                                                                        <xsl:value-of select=\"current()\" />\r\n                                                                                    </th>\r\n                                                                                </xsl:for-each>\r\n                                                                            </tr>\r\n                                                                        </thead>\r\n                                                                        <tbody>\r\n                                                                            <xsl:for-each select=\"COLUMNS\">\r\n                                                                                <tr>\r\n                                                                                    <xsl:for-each select=\"FIELD\">\r\n                                                                                        <td>\r\n                                                                                            <xsl:choose>\r\n                                                                                                <xsl:when test=\"@type=\'TextBox\'\">\r\n                                                                                                    <input type=\"text\">\r\n                                                                                                        <xsl:for-each select=\"PROPERTIES/PROPERTY\">\r\n                                                                                                            <xsl:attribute name=\"{@name}\">\r\n                                                                                                                <xsl:value-of select=\"current()\"></xsl:value-of>\r\n                                                                                                            </xsl:attribute>\r\n                                                                                                        </xsl:for-each>\r\n                                                                                                    </input>\r\n                                                                                                    <xsl:if test=\"FIELD\">\r\n                                                                                                        <xsl:for-each select=\"FIELD\">\r\n                                                                                                            <xsl:choose>\r\n                                                                                                                <xsl:when test=\"@type=\'DropDownList\'\">\r\n                                                                                                                    <select>\r\n                                                                                                                        <xsl:for-each select=\"PROPERTIES/PROPERTY\">\r\n                                                                                                                            <xsl:attribute name=\"{@name}\">\r\n                                                                                                                                <xsl:value-of select=\"current()\"></xsl:value-of>\r\n                                                                                                                            </xsl:attribute>\r\n                                                                                                                        </xsl:for-each>\r\n                                                                                                                        <xsl:for-each select=\"LISTITEMS/LISTITEM\">\r\n                                                                                                                            <option>\r\n                                                                                                                                <xsl:attribute name=\"value\">\r\n                                                                                                                                    <xsl:value-of select=\"@value\"></xsl:value-of>\r\n                                                                                                                                </xsl:attribute>\r\n                                                                                                                                <xsl:if test=\"@Selected = \'true\'\">\r\n                                                                                                                                    <xsl:attribute name=\"selected\">\r\n                                                                                                                                        <xsl:text>selected</xsl:text>\r\n                                                                                                                                    </xsl:attribute>\r\n                                                                                                                                </xsl:if>\r\n                                                                                                                                <xsl:value-of select=\"@value\"></xsl:value-of>\r\n                                                                                                                            </option>\r\n                                                                                                                        </xsl:for-each>\r\n                                                                                                                    </select>\r\n                                                                                                                </xsl:when>\r\n                                                                                                            </xsl:choose>\r\n                                                                                                        </xsl:for-each>\r\n                                                                                                    </xsl:if>\r\n                                                                                                </xsl:when>\r\n                                                                    \r\n                                                                                                <xsl:when test=\"@type=\'DropDownList\'\">\r\n                                                                                                    <select>\r\n                                                                                                        <xsl:for-each select=\"PROPERTIES/PROPERTY\">\r\n                                                                                                            <xsl:attribute name=\"{@name}\">\r\n                                                                                                                <xsl:value-of select=\"current()\"></xsl:value-of>\r\n                                                                                                            </xsl:attribute>\r\n                                                                                                        </xsl:for-each>\r\n                                                                                                        <xsl:for-each select=\"LISTITEMS/LISTITEM\">\r\n                                                                                                            <option>\r\n                                                                                                                <xsl:attribute name=\"value\">\r\n                                                                                                                    <xsl:value-of select=\"@value\"></xsl:value-of>\r\n                                                                                                                </xsl:attribute>\r\n                                                                                                                <xsl:if test=\"@Selected = \'true\'\">\r\n                                                                                                                    <xsl:attribute name=\"selected\">\r\n                                                                                                                        <xsl:text>selected</xsl:text>\r\n                                                                                                                    </xsl:attribute>\r\n                                                                                                                </xsl:if>\r\n                                                                                                                <xsl:value-of select=\"@value\"></xsl:value-of>\r\n                                                                                                            </option>\r\n                                                                                                        </xsl:for-each>\r\n                                                                                                    </select>\r\n                                                                                                </xsl:when>\r\n                                                                    \r\n                                                                                                <xsl:when test=\"@type=\'RadioButtonList\'\">\r\n                                                                                                    <xsl:for-each select=\"LISTITEMS/LISTITEM\">\r\n                                                                                                        <input type=\"radio\">\r\n                                                                                                            <xsl:attribute name=\"value\">\r\n                                                                                                                <xsl:value-of select=\"@value\"></xsl:value-of>\r\n                                                                                                            </xsl:attribute>\r\n                                                                                                            <xsl:attribute name=\"id\">\r\n                                                                                                                <xsl:value-of select=\"@id\"></xsl:value-of>\r\n                                                                                                            </xsl:attribute>\r\n                                                                                                            <xsl:if test=\"@Selected = \'true\'\">\r\n                                                                                                                <xsl:attribute name=\"checked\">\r\n                                                                                                                    <xsl:text>checked</xsl:text>\r\n                                                                                                                </xsl:attribute>\r\n                                                                                                            </xsl:if>\r\n                                                                                                            <xsl:attribute name=\"onclick\">\r\n                                                                                                                <xsl:value-of select=\"@onclick\"></xsl:value-of>\r\n                                                                                                            </xsl:attribute>\r\n                                                                                                            <xsl:for-each select=\"../../PROPERTIES/PROPERTY\">\r\n                                                                                                                <xsl:attribute name=\"{@name}\">\r\n                                                                                                                    <xsl:value-of select=\"current()\"></xsl:value-of>\r\n                                                                                                                </xsl:attribute>\r\n                                                                                                            </xsl:for-each>\r\n                                                                                                        </input>\r\n                                                                                                        <xsl:value-of select=\"current()\"></xsl:value-of>&#160;\r\n                                                                                                    </xsl:for-each>\r\n                                                                                                    <xsl:if test=\"FIELD\">\r\n                                                                                                        <xsl:for-each select=\"FIELD\">\r\n                                                                                                            <xsl:choose>\r\n                                                                                                                <xsl:when test=\"@type=\'TextBox\'\">\r\n                                                                                                                    <xsl:value-of select=\"@label\" />\r\n                                                                                                                    <input type=\"text\">\r\n                                                                                                                        <xsl:for-each select=\"PROPERTIES/PROPERTY\">\r\n                                                                                                                            <xsl:attribute name=\"{@name}\">\r\n                                                                                                                                <xsl:value-of select=\"current()\"></xsl:value-of>\r\n                                                                                                                            </xsl:attribute>\r\n                                                                                                                        </xsl:for-each>\r\n                                                                                                                    </input>\r\n                                                                                                                </xsl:when>\r\n                                                                                                            </xsl:choose>\r\n                                                                                                        </xsl:for-each>\r\n                                                                                                    </xsl:if>\r\n                                                                                                </xsl:when>\r\n                                                                                            </xsl:choose>\r\n                                                                                        </td>\r\n                                                                                    </xsl:for-each>\r\n                                                                                </tr>\r\n                                                                            </xsl:for-each>\r\n                                                \r\n                                                                        </tbody>\r\n                                                                    </table>\r\n                                                                </div>\r\n                                                            </div>\r\n                                                        </xsl:when>\r\n                                                        \r\n                                                        <xsl:when test=\"@type=\'RadioButtonList\'\">\r\n                                                            <div class=\"form-group\">\r\n                                                                <label class=\"col-sm-3 control-label\">\r\n                                                                    <xsl:value-of select=\"@label\" />\r\n                                                                    <xsl:if test=\"@required=\'true\'\">\r\n                                                                        <span class=\"required\"> *</span>\r\n                                                                    </xsl:if>\r\n                                                                </label>\r\n                                                                <div class=\"col-sm-9\">\r\n                                                                    <xsl:for-each select=\"LISTITEMS/LISTITEM\">\r\n                                                                        <input type=\"radio\">\r\n                                                                            <xsl:attribute name=\"value\">\r\n                                                                                <xsl:value-of select=\"@value\"></xsl:value-of>\r\n                                                                            </xsl:attribute>\r\n                                                                            <xsl:attribute name=\"id\">\r\n                                                                                <xsl:value-of select=\"@id\"></xsl:value-of>\r\n                                                                            </xsl:attribute>\r\n                                                                            <xsl:if test=\"@Selected = \'true\'\">\r\n                                                                                <xsl:attribute name=\"checked\">\r\n                                                                                    <xsl:text>checked</xsl:text>\r\n                                                                                </xsl:attribute>\r\n                                                                            </xsl:if>\r\n                                                                            <xsl:attribute name=\"onclick\">\r\n                                                                                <xsl:value-of select=\"@onclick\"></xsl:value-of>\r\n                                                                            </xsl:attribute>\r\n                                                                            <xsl:for-each select=\"../../PROPERTIES/PROPERTY\">\r\n                                                                                <xsl:attribute name=\"{@name}\">\r\n                                                                                    <xsl:value-of select=\"current()\"></xsl:value-of>\r\n                                                                                </xsl:attribute>\r\n                                                                            </xsl:for-each>\r\n                                                                        </input>\r\n                                                                        <xsl:value-of select=\"current()\"></xsl:value-of>&#160;\r\n                                                                    </xsl:for-each>\r\n                                                                    <xsl:if test=\"FIELD\">\r\n                                                                        <div id=\"{@Backdivid}\" class=\"hide\"> \r\n                                                                            <xsl:for-each select=\"FIELD\">\r\n                                                                                <xsl:choose>\r\n                                                                                    <xsl:when test=\"@type=\'DropDownList\'\">\r\n                                                                                        <div>\r\n                                                                                            <xsl:value-of select=\"@label\" />\r\n                                                                                            <select>\r\n                                                                                                <xsl:for-each select=\"PROPERTIES/PROPERTY\">\r\n                                                                                                    <xsl:attribute name=\"{@name}\">\r\n                                                                                                        <xsl:value-of select=\"current()\"></xsl:value-of>\r\n                                                                                                    </xsl:attribute>\r\n                                                                                                </xsl:for-each>\r\n                                                                                                <xsl:for-each select=\"LISTITEMS/LISTITEM\">\r\n                                                                                                    <option>\r\n                                                                                                        <xsl:attribute name=\"value\">\r\n                                                                                                            <xsl:value-of select=\"@value\"></xsl:value-of>\r\n                                                                                                        </xsl:attribute>\r\n                                                                                                        <xsl:if test=\"@Selected = \'true\'\">\r\n                                                                                                            <xsl:attribute name=\"selected\">\r\n                                                                                                                <xsl:text>selected</xsl:text>\r\n                                                                                                            </xsl:attribute>\r\n                                                                                                        </xsl:if>\r\n                                                                                                        <xsl:value-of select=\"@value\"></xsl:value-of>\r\n                                                                                                    </option>\r\n                                                                                                </xsl:for-each>\r\n                                                                                            </select>\r\n                                                                                        </div>\r\n                                                                                    </xsl:when>\r\n                                                                                    \r\n                                                                                    <xsl:when test=\"@type=\'TextBox\'\">\r\n                                                                                        <div>\r\n                                                                                            <xsl:value-of select=\"@label\" />\r\n                                                                                            <input type=\"text\">\r\n                                                                                                <xsl:for-each select=\"PROPERTIES/PROPERTY\">\r\n                                                                                                    <xsl:attribute name=\"{@name}\">\r\n                                                                                                        <xsl:value-of select=\"current()\"></xsl:value-of>\r\n                                                                                                    </xsl:attribute>\r\n                                                                                                </xsl:for-each>\r\n                                                                                            </input>\r\n                                                                                        </div>\r\n                                                                                    </xsl:when>\r\n                                                                                    \r\n                                                                                    <xsl:when test=\"@type=\'RadioButtonList\'\">\r\n                                                                                        <div>\r\n                                                                                            <xsl:value-of select=\"@label\" />\r\n                                                                                            <xsl:for-each select=\"LISTITEMS/LISTITEM\">\r\n                                                                                                <input type=\"radio\">\r\n                                                                                                    <xsl:attribute name=\"value\">\r\n                                                                                                        <xsl:value-of select=\"@value\"></xsl:value-of>\r\n                                                                                                    </xsl:attribute>\r\n                                                                                                    <xsl:attribute name=\"id\">\r\n                                                                                                        <xsl:value-of select=\"@id\"></xsl:value-of>\r\n                                                                                                    </xsl:attribute>\r\n                                                                                                    <xsl:if test=\"@Selected = \'true\'\">\r\n                                                                                                        <xsl:attribute name=\"checked\">\r\n                                                                                                            <xsl:text>checked</xsl:text>\r\n                                                                                                        </xsl:attribute>\r\n                                                                                                    </xsl:if>\r\n                                                                                                    <xsl:attribute name=\"onclick\">\r\n                                                                                                        <xsl:value-of select=\"@onclick\"></xsl:value-of>\r\n                                                                                                    </xsl:attribute>\r\n                                                                                                    <xsl:for-each select=\"../../PROPERTIES/PROPERTY\">\r\n                                                                                                        <xsl:attribute name=\"{@name}\">\r\n                                                                                                            <xsl:value-of select=\"current()\"></xsl:value-of>\r\n                                                                                                        </xsl:attribute>\r\n                                                                                                    </xsl:for-each>\r\n                                                                                                </input>\r\n                                                                                                <xsl:value-of select=\"current()\"></xsl:value-of>&#160;\r\n                                                                                            </xsl:for-each>\r\n                                                                                        </div>\r\n                                                                                    </xsl:when>\r\n                                                                                </xsl:choose>\r\n                                                                            </xsl:for-each>\r\n                                                                        </div>\r\n                                                                    </xsl:if>\r\n                                                                </div>\r\n                                                            </div>\r\n                                                            <div class=\"line line-dashed b-b line-lg \"></div>\r\n                                                        </xsl:when>\r\n                                                        \r\n                                                        <xsl:when test=\"@type=\'TextBox\'\">\r\n                                                            <div class=\"form-group\">\r\n                                                                <label class=\"col-sm-3 control-label\">\r\n                                                                    <xsl:value-of select=\"@label\" />\r\n                                                                    <xsl:if test=\"@required=\'true\'\">\r\n                                                                        <span class=\"required\"> *</span>\r\n                                                                    </xsl:if>\r\n                                                                </label>\r\n                                                                <div class=\"col-sm-9\">\r\n                                                                    <input type=\"text\">\r\n                                                                        <xsl:for-each select=\"PROPERTIES/PROPERTY\">\r\n                                                                            <xsl:attribute name=\"{@name}\">\r\n                                                                                <xsl:value-of select=\"current()\"></xsl:value-of>\r\n                                                                            </xsl:attribute>\r\n                                                                        </xsl:for-each>\r\n                                                                    </input>\r\n                                                                </div>\r\n                                                            </div>\r\n                                                            <div class=\"line line-dashed b-b line-lg \"></div>\r\n                                                        </xsl:when>\r\n                                                        \r\n                                                        <xsl:when test=\"@type=\'textareaFull\'\">\r\n                                                            <div class=\"form-group\">\r\n                                                                <div class=\"col-sm-12\">\r\n                                                                    <label>\r\n                                                                        <xsl:value-of select=\"@label\" />\r\n                                                                    </label>\r\n                                                                    <textarea>\r\n                                                                        <xsl:for-each select=\"PROPERTIES/PROPERTY\">\r\n                                                                            <xsl:attribute name=\"{@name}\">\r\n                                                                                <xsl:value-of select=\"current()\"></xsl:value-of>\r\n                                                                            </xsl:attribute>\r\n                                                                        </xsl:for-each>\r\n                                                                        <xsl:value-of select=\"VALUE\"></xsl:value-of>\r\n                                                                    </textarea>\r\n                                                                </div>\r\n                                                            </div>\r\n                                                            <div class=\"line line-dashed b-b line-lg \"></div>\r\n                                                        </xsl:when>\r\n                                                    </xsl:choose>\r\n                                                </xsl:for-each>\r\n                                            </div>\r\n                                        </div>\r\n                                    </xsl:when>\r\n                                    \r\n                                </xsl:choose>\r\n                            </xsl:for-each>\r\n                        </div>\r\n                    </xsl:for-each>\r\n                </div>\r\n            </xsl:for-each>\r\n        </form>\r\n    </xsl:template>\r\n</xsl:stylesheet>','1',-1,'2016-05-31 11:56:21',51,'2016-06-04 11:27:37','0000-00-00 00:00:00');

/*Table structure for table `pat_documents` */

DROP TABLE IF EXISTS `pat_documents`;

CREATE TABLE `pat_documents` (
  `doc_id` int(11) NOT NULL AUTO_INCREMENT,
  `tenant_id` int(11) NOT NULL,
  `patient_id` int(11) NOT NULL,
  `doc_type_id` int(11) NOT NULL,
  `encounter_id` int(11) NOT NULL,
  `document_xml` longtext,
  `status` enum('0','1') DEFAULT '1',
  `created_by` int(11) NOT NULL,
  `created_at` timestamp NOT NULL DEFAULT CURRENT_TIMESTAMP,
  `modified_by` int(11) DEFAULT NULL,
  `modified_at` timestamp NULL DEFAULT NULL,
  `deleted_at` timestamp NULL DEFAULT '0000-00-00 00:00:00',
  PRIMARY KEY (`doc_id`),
  KEY `FK_pat_documents_tenant` (`tenant_id`),
  KEY `FK_pat_documents_encounter` (`encounter_id`),
  KEY `FK_pat_documents_patient` (`patient_id`),
  KEY `FK_pat_documents_doc_type` (`doc_type_id`),
  CONSTRAINT `FK_pat_documents_doc_type` FOREIGN KEY (`doc_type_id`) REFERENCES `pat_document_types` (`doc_type_id`) ON UPDATE CASCADE,
  CONSTRAINT `FK_pat_documents_encounter` FOREIGN KEY (`encounter_id`) REFERENCES `pat_encounter` (`encounter_id`) ON DELETE CASCADE ON UPDATE CASCADE,
  CONSTRAINT `FK_pat_documents_patient` FOREIGN KEY (`patient_id`) REFERENCES `pat_patient` (`patient_id`) ON DELETE CASCADE ON UPDATE CASCADE,
  CONSTRAINT `FK_pat_documents_tenant` FOREIGN KEY (`tenant_id`) REFERENCES `co_tenant` (`tenant_id`) ON DELETE CASCADE ON UPDATE CASCADE
) ENGINE=InnoDB AUTO_INCREMENT=13 DEFAULT CHARSET=latin1;

/*Data for the table `pat_documents` */

insert  into `pat_documents`(`doc_id`,`tenant_id`,`patient_id`,`doc_type_id`,`encounter_id`,`document_xml`,`status`,`created_by`,`created_at`,`modified_by`,`modified_at`,`deleted_at`) values (12,60,82,1,15,'<?xml version=\"1.0\" encoding=\"utf-8\"?>\n<FIELDS>\n    <GROUP>\n        <PANELHEADER>Demographic Details</PANELHEADER>\n        <PANELBODY>\n            <FIELD id=\"name\" type=\"TextBox\" label=\"Name\" required=\"true\">\n                <PROPERTIES>\n                    <PROPERTY name=\"id\">txtName</PROPERTY>\n                    <PROPERTY name=\"class\">form-control</PROPERTY>\n                    <PROPERTY name=\"name\">name</PROPERTY>\n                <PROPERTY name=\"value\"/></PROPERTIES>\n            </FIELD>\n\n            <FIELD id=\"age\" type=\"TextBox\" label=\"Age\" required=\"true\">\n                <PROPERTIES>\n                    <PROPERTY name=\"id\">txtage</PROPERTY>\n                    <PROPERTY name=\"class\">form-control</PROPERTY>\n                    <PROPERTY name=\"onkeydown\">return isNumericKeyStroke()</PROPERTY>\n                    <PROPERTY name=\"name\">age</PROPERTY>\n                <PROPERTY name=\"value\"/></PROPERTIES>\n            </FIELD>\n            \n            <FIELD id=\"gender\" type=\"RadioButtonList\" label=\"Gender\" required=\"true\">\n                <PROPERTIES>\n                    <PROPERTY name=\"name\">gender</PROPERTY>\n                </PROPERTIES>\n                <LISTITEMS>\n                    <LISTITEM value=\"Male\" id=\"RBGender1\" Selected=\"False\">Male</LISTITEM>\n                    <LISTITEM value=\"Female\" id=\"RBGender2\" Selected=\"False\">Female</LISTITEM>\n                </LISTITEMS>\n            </FIELD>\n            \n            <FIELD id=\"address\" type=\"TextBox\" label=\"Address\" required=\"true\">\n                <PROPERTIES>\n                    <PROPERTY name=\"id\">txtAddress</PROPERTY>\n                    <PROPERTY name=\"class\">form-control</PROPERTY>\n                    <PROPERTY name=\"name\">address</PROPERTY>\n                <PROPERTY name=\"value\"/></PROPERTIES>\n            </FIELD>\n            \n            <FIELD id=\"referral_details\" type=\"CheckBoxList\" label=\"Referral Details\">\n                <PROPERTIES>\n                    <PROPERTY name=\"name\">referral_details[]</PROPERTY>\n                </PROPERTIES>\n                <LISTITEMS>\n                    <LISTITEM value=\"Self\" id=\"RBRefferals1\" Selected=\"False\">Self</LISTITEM>\n                    <LISTITEM value=\"General Practitioner\" id=\"RBRefferals2\" Selected=\"False\">General Practitioner</LISTITEM>\n                    <LISTITEM value=\"Neighbours\" id=\"RBRefferals3\" Selected=\"False\">Neighbours</LISTITEM>\n                    <LISTITEM value=\"Traditional healer\" id=\"RBRefferals4\" Selected=\"False\">Traditional healer</LISTITEM>\n                    <LISTITEM value=\"Other patient\" id=\"RBRefferals5\" Selected=\"False\">Other patient</LISTITEM>\n                    <LISTITEM value=\"Other psychiatrist\" id=\"RBRefferals6\" Selected=\"False\">Other psychiatrist</LISTITEM>\n                    <LISTITEM value=\"Media\" id=\"RBRefferals7\" Selected=\"False\">Media</LISTITEM>\n                    <LISTITEM value=\"Others\" id=\"RBRefferals8\" Selected=\"False\" onclick=\"OThersvisible(this.id, \'referral_details_other\');\">Others</LISTITEM>\n                </LISTITEMS>\n                <FIELD id=\"referral_details_other\" type=\"TextBox\">\n                    <PROPERTIES>\n                        <PROPERTY name=\"id\">referral_details_other</PROPERTY>\n                        <PROPERTY name=\"class\">form-control hide</PROPERTY>\n                        <PROPERTY name=\"name\">referral_details_other</PROPERTY>\n                        <PROPERTY name=\"placeholder\">Other Referral Details</PROPERTY>\n                    <PROPERTY name=\"value\"/></PROPERTIES>\n                </FIELD>\n            </FIELD>\n                      \n            <FIELD id=\"education\" type=\"RadioButtonList\" required=\"true\" label=\"Education\">\n                <PROPERTIES>\n                    <PROPERTY name=\"name\">education</PROPERTY>\n                </PROPERTIES>\n                <LISTITEMS>\n                    <LISTITEM value=\"Not Educated\" id=\"RBEducation1\" Selected=\"False\" onclick=\"OThersvisible(this.id,\'educationnote\');\">Not Educated</LISTITEM>\n                    <LISTITEM value=\"Primary\" id=\"RBEducation2\" Selected=\"False\" onclick=\"OThersvisible(this.id,\'educationnote\');\">Primary</LISTITEM>\n                    <LISTITEM value=\"High School\" id=\"RBEducation3\" Selected=\"False\" onclick=\"  OThersvisible(this.id,\'educationnote\');\">High School</LISTITEM>\n                    <LISTITEM value=\"Graduate\" id=\"RBEducation4\" Selected=\"False\" onclick=\" OThersvisible(this.id,\'educationnote\');\">Graduate</LISTITEM>\n                    <LISTITEM value=\"Post Graduate\" id=\"RBEducation5\" Selected=\"False\" onclick=\" OThersvisible(this.id,\'educationnote\');\">Post Graduate</LISTITEM>\n                    <LISTITEM value=\"Other\" id=\"RBEducation6\" Selected=\"False\" onclick=\"OThersvisible(this.id,\'educationnote\');\">Other</LISTITEM>\n                </LISTITEMS>\n                <FIELD id=\"educationnote\" type=\"TextBox\">\n                    <PROPERTIES>\n                        <PROPERTY name=\"id\">educationnote</PROPERTY>\n                        <PROPERTY name=\"class\">form-control hide</PROPERTY>\n                        <PROPERTY name=\"name\">educationnote</PROPERTY>\n                        <PROPERTY name=\"placeholder\">Education Notes</PROPERTY>\n                    <PROPERTY name=\"value\"/></PROPERTIES>\n                </FIELD>\n            </FIELD>\n                      \n            <FIELD id=\"occupation\" type=\"RadioButtonList\" label=\"Occupation\" re1quired=\"true\">\n                <PROPERTIES>\n                    <PROPERTY name=\"name\">occupation</PROPERTY>\n                </PROPERTIES>\n                <LISTITEMS>\n                    <LISTITEM value=\"Employed\" id=\"RBoccupation1\" Selected=\"False\" onclick=\"OThersvisible(this.id, \'occupationnote\');\">Employed</LISTITEM>\n                    <LISTITEM value=\"UnEmployed\" id=\"RBoccupation2\" Selected=\"False\" onclick=\"OThersvisible(this.id, \'occupationnote\');\">UnEmployed</LISTITEM>\n                    <LISTITEM value=\"Homemaker\" id=\"RBoccupation3\" Selected=\"False\" onclick=\"OThersvisible(this.id, \'occupationnote\');\">Homemaker</LISTITEM>\n                    <LISTITEM value=\"Student\" id=\"RBoccupation4\" Selected=\"False\" onclick=\"OThersvisible(this.id, \'occupationnote\');\">Student</LISTITEM>\n                </LISTITEMS>\n                <FIELD id=\"occupationnote\" type=\"TextBox\">\n                    <PROPERTIES>\n                        <PROPERTY name=\"id\">occupationnote</PROPERTY>\n                        <PROPERTY name=\"class\">form-control hide</PROPERTY>\n                        <PROPERTY name=\"name\">occupationnote</PROPERTY>\n                        <PROPERTY name=\"placeholder\">Occupation Notes</PROPERTY>\n                    <PROPERTY name=\"value\"/></PROPERTIES>\n                </FIELD>\n            </FIELD>\n            \n            <FIELD id=\"martial_status\" type=\"RadioButtonList\" label=\"Martial Status\" required=\"true\">\n                <PROPERTIES>\n                    <PROPERTY name=\"name\">martial_status</PROPERTY>\n                </PROPERTIES>\n                <LISTITEMS>\n                    <LISTITEM value=\"Never married\" id=\"RBMartial1\" Selected=\"False\">Never married</LISTITEM>\n                    <LISTITEM value=\"Married\" id=\"RBMartial2\" Selected=\"False\">Married</LISTITEM>\n                    <LISTITEM value=\"Separated\" id=\"RBMartial3\" Selected=\"False\">Separated</LISTITEM>\n                    <LISTITEM value=\"Divorced\" id=\"RBMartial4\" Selected=\"False\">Divorced</LISTITEM>\n                </LISTITEMS>\n            </FIELD>\n            \n            <FIELD id=\"religion\" type=\"RadioButtonList\" label=\"Religion\">\n                <PROPERTIES>\n                    <PROPERTY name=\"name\">religion</PROPERTY>\n                </PROPERTIES>\n                <LISTITEMS>\n                    <LISTITEM value=\"Hindu\" id=\"RBReligion1\" Selected=\"False\" onclick=\"OThersvisible(this.id,\'religionother\',\'none\');\">Hindu</LISTITEM>\n                    <LISTITEM value=\"Muslim\" id=\"RBReligion2\" Selected=\"False\" onclick=\"OThersvisible(this.id,\'religionother\',\'none\');\">Muslim</LISTITEM>\n                    <LISTITEM value=\"Christian\" id=\"RBReligion3\" Selected=\"False\" onclick=\"OThersvisible(this.id,\'religionother\',\'none\');\">Christian</LISTITEM>\n                    <LISTITEM value=\"Others\" id=\"RBReligion4\" Selected=\"False\" onclick=\"OThersvisible(this.id,\'religionother\',\'block\');\">Others</LISTITEM>\n                </LISTITEMS>\n                <FIELD id=\"religionother\" type=\"TextBox\">\n                    <PROPERTIES>\n                        <PROPERTY name=\"id\">religionother</PROPERTY>\n                        <PROPERTY name=\"class\">form-control hide</PROPERTY>\n                        <PROPERTY name=\"name\">religionother</PROPERTY>\n                        <PROPERTY name=\"placeholder\">Religion Other</PROPERTY>\n                    <PROPERTY name=\"value\"/></PROPERTIES>\n                </FIELD>\n            </FIELD>\n            \n            <FIELD id=\"status\" type=\"RadioButtonList\" label=\"Status\">\n                <PROPERTIES>\n                    <PROPERTY name=\"name\">status</PROPERTY>\n                </PROPERTIES>\n                <LISTITEMS>\n                    <LISTITEM value=\"Lower\" id=\"RBstatus1\" Selected=\"False\">Lower</LISTITEM>\n                    <LISTITEM value=\"Middle\" id=\"RBstatus2\" Selected=\"False\">Middle</LISTITEM>\n                    <LISTITEM value=\"Upper\" id=\"RBstatus3\" Selected=\"False\">Upper</LISTITEM>\n                </LISTITEMS>\n            </FIELD>\n            \n            <FIELD id=\"place_of_living\" type=\"RadioButtonList\" label=\"Place of living\">\n                <PROPERTIES>\n                    <PROPERTY name=\"name\">place_of_living</PROPERTY>\n                </PROPERTIES>\n                <LISTITEMS>\n                    <LISTITEM value=\"Rural\" id=\"RBliving1\" Selected=\"False\">Rural</LISTITEM>\n                    <LISTITEM value=\"Urban\" id=\"RBliving2\" Selected=\"False\">Urban</LISTITEM>\n                </LISTITEMS>\n            </FIELD>\n            \n            <FIELD type=\"Header2\" label=\"Informant\"/>\n            \n            <FIELD id=\"relationship\" type=\"RadioButtonList\" label=\"Relationship\" required=\"true\">\n                <PROPERTIES>\n                    <PROPERTY name=\"name\">relationship</PROPERTY>\n                </PROPERTIES>\n                <LISTITEMS>\n                    <LISTITEM value=\"Self\" id=\"RBRelation1\" Selected=\"False\" onclick=\"OThersvisible(this.id,\'relationshipother\',\'none\');\">Self</LISTITEM>\n                    <LISTITEM value=\"Father\" id=\"RBRelation2\" Selected=\"False\" onclick=\"OThersvisible(this.id,\'relationshipother\',\'none\');\">Father</LISTITEM>\n                    <LISTITEM value=\"Mother\" id=\"RBRelation3\" Selected=\"False\" onclick=\"OThersvisible(this.id,\'relationshipother\',\'none\');\">Mother</LISTITEM>\n                    <LISTITEM value=\"Sibling\" id=\"RBRelation4\" Selected=\"False\" onclick=\"OThersvisible(this.id,\'relationshipother\',\'none\');\">Sibling</LISTITEM>\n                    <LISTITEM value=\"Spouse\" id=\"RBRelation5\" Selected=\"False\" onclick=\"OThersvisible(this.id,\'relationshipother\',\'none\');\">Spouse</LISTITEM>\n                    <LISTITEM value=\"Children\" id=\"RBRelation6\" Selected=\"False\" onclick=\"OThersvisible(this.id,\'relationshipother\',\'none\');\">Children</LISTITEM>\n                    <LISTITEM value=\"Friend\" id=\"RBRelation7\" Selected=\"False\" onclick=\"OThersvisible(this.id,\'relationshipother\',\'none\');\">Friend</LISTITEM>\n                    <LISTITEM value=\"Others\" id=\"RBRelation8\" Selected=\"False\" onclick=\"OThersvisible(this.id,\'relationshipother\',\'block\');\">Others</LISTITEM>\n                </LISTITEMS>\n                <FIELD id=\"relationshipother\" type=\"TextBox\">\n                    <PROPERTIES>\n                        <PROPERTY name=\"id\">relationshipother</PROPERTY>\n                        <PROPERTY name=\"class\">form-control hide</PROPERTY>\n                        <PROPERTY name=\"name\">relationshipother</PROPERTY>\n                        <PROPERTY name=\"placeholder\">Relationship Other</PROPERTY>\n                    <PROPERTY name=\"value\"/></PROPERTIES>\n                </FIELD>\n            </FIELD>\n            \n            <FIELD id=\"primary_care_giver\" type=\"RadioButtonList\" label=\"Primary Care giver\" required=\"true\">\n                <PROPERTIES>\n                    <PROPERTY name=\"name\">primary_care_giver</PROPERTY>\n                </PROPERTIES>\n                <LISTITEMS>\n                    <LISTITEM value=\"Yes\" id=\"RBPrimarycare1\" Selected=\"False\">Yes</LISTITEM>\n                    <LISTITEM value=\"No\" id=\"RBPrimarycare2\" Selected=\"False\">No</LISTITEM>\n                </LISTITEMS>\n            </FIELD>\n            \n            <FIELD id=\"duration_of_relationship\" type=\"TextBox\" label=\"Duration of Relationship\">\n                <PROPERTIES>\n                    <PROPERTY name=\"id\">txtrelduration</PROPERTY>\n                    <PROPERTY name=\"class\">form-control</PROPERTY>\n                    <PROPERTY name=\"onkeydown\">return isNumericKeyStroke()</PROPERTY>\n                    <PROPERTY name=\"name\">duration_of_relationship</PROPERTY>\n                <PROPERTY name=\"value\"/></PROPERTIES>\n                <FIELD id=\"ddlrelation\" type=\"DropDownList\">\n                    <PROPERTIES>\n                        <PROPERTY name=\"id\">ddlrelation</PROPERTY>\n                        <PROPERTY name=\"class\">form-control</PROPERTY>\n                        <PROPERTY name=\"name\">ddlrelation</PROPERTY>\n                    </PROPERTIES>\n                    <LISTITEMS>\n                        <LISTITEM value=\"Yrs\" Selected=\"true\">Yrs</LISTITEM>\n                        <LISTITEM value=\"Months\" Selected=\"False\">Months</LISTITEM>\n                        <LISTITEM value=\"Weeks\" Selected=\"False\">Weeks</LISTITEM>\n                        <LISTITEM value=\"Days\" Selected=\"False\">Days</LISTITEM>\n                    </LISTITEMS>\n                </FIELD>\n            </FIELD>\n            \n            <FIELD id=\"information\" type=\"RadioButtonList\" label=\"Information\" required=\"true\">\n                <PROPERTIES>\n                    <PROPERTY name=\"name\">information</PROPERTY>\n                </PROPERTIES>\n                <LISTITEMS>\n                    <LISTITEM value=\"Reliable\" id=\"RBInfo1\" Selected=\"False\">Reliable</LISTITEM>\n                    <LISTITEM value=\"Unreliable\" id=\"RBInfo2\" Selected=\"False\">Unreliable</LISTITEM>\n                    <LISTITEM value=\"Adequate\" id=\"RBInfo3\" Selected=\"False\">Adequate</LISTITEM>\n                    <LISTITEM value=\"Inadequate\" id=\"RBInfo4\" Selected=\"False\">Inadequate</LISTITEM>\n                </LISTITEMS>\n            </FIELD>\n        </PANELBODY>\n    </GROUP>\n    \n    <GROUP>\n        <PANELHEADER>Presenting Compliants (In chronological order)</PANELHEADER>\n        <PANELBODY>\n            <FIELD type=\"RadGrid\" ADDButton=\"True\" ADDButtonID=\"RGCompliantadd\" AddButtonTableId=\"RGCompliant\">\n                <PROPERTIES>\n                    <PROPERTY name=\"id\">RGCompliant</PROPERTY>\n                    <PROPERTY name=\"class\">table table-bordered</PROPERTY>\n                </PROPERTIES>\n                <HEADER>\n                    <TH>Complaints</TH>\n                    <TH>Duration</TH>\n                </HEADER>\n                <COLUMNS>\n                    <FIELD id=\"txtComplaints\" type=\"TextBox\" HeaderText=\"Complaints\">\n                        <PROPERTIES>\n                            <PROPERTY name=\"id\">txtComplaints</PROPERTY>\n                            <PROPERTY name=\"name\">txtComplaints</PROPERTY>\n                        <PROPERTY name=\"value\"/></PROPERTIES>\n                    </FIELD>\n                    <FIELD id=\"txtDuration\" type=\"TextBox\" HeaderText=\"Duration\">\n                        <PROPERTIES>\n                            <PROPERTY name=\"id\">txtDuration</PROPERTY>\n                            <PROPERTY name=\"onkeydown\">return isNumericKeyStroke()</PROPERTY>\n                            <PROPERTY name=\"name\">txtDuration</PROPERTY>\n                        <PROPERTY name=\"value\"/></PROPERTIES>\n                        <FIELD id=\"DDLDuration\" type=\"DropDownList\">\n                            <PROPERTIES>\n                                <PROPERTY name=\"id\">DDLDuration</PROPERTY>\n                                <PROPERTY name=\"name\">DDLDuration</PROPERTY>\n                            </PROPERTIES>\n                            <LISTITEMS>\n                                <LISTITEM value=\"Yrs\" Selected=\"true\">Yrs</LISTITEM>\n                                <LISTITEM value=\"Months\" Selected=\"False\">Months</LISTITEM>\n                                <LISTITEM value=\"Weeks\" Selected=\"False\">Weeks</LISTITEM>\n                                <LISTITEM value=\"Days\" Selected=\"False\">Days</LISTITEM>\n                            </LISTITEMS>\n                        </FIELD>\n                    </FIELD>\n                </COLUMNS>\n            <COLUMNS><FIELD id=\"txtComplaints1\" type=\"TextBox\"><PROPERTIES><PROPERTY name=\"id\">txtComplaints1</PROPERTY><PROPERTY name=\"name\">txtComplaints1</PROPERTY></PROPERTIES></FIELD><FIELD id=\"txtDuration1\" type=\"TextBox\"><PROPERTIES><PROPERTY name=\"id\">txtDuration1</PROPERTY><PROPERTY name=\"onkeydown\">return isNumericKeyStroke()</PROPERTY><PROPERTY name=\"name\">txtDuration1</PROPERTY></PROPERTIES><FIELD id=\"DDLDuration1\" type=\"DropDownList\"><PROPERTIES><PROPERTY name=\"id\">DDLDuration1</PROPERTY><PROPERTY name=\"name\">DDLDuration1</PROPERTY></PROPERTIES><LISTITEMS><LISTITEM value=\"Yrs\" Selected=\"False\">Yrs</LISTITEM><LISTITEM value=\"Months\" Selected=\"False\">Months</LISTITEM><LISTITEM value=\"Weeks\" Selected=\"False\">Weeks</LISTITEM><LISTITEM value=\"Days\" Selected=\"False\">Days</LISTITEM></LISTITEMS></FIELD></FIELD></COLUMNS></FIELD>\n            \n            <FIELD id=\"total_duration\" type=\"TextBox\" label=\"Total Duration\" required=\"true\">\n                <PROPERTIES>\n                    <PROPERTY name=\"id\">txtillduration</PROPERTY>\n                    <PROPERTY name=\"class\">form-control</PROPERTY>\n                    <PROPERTY name=\"onkeydown\">return isNumericKeyStroke()</PROPERTY>\n                    <PROPERTY name=\"name\">total_duration</PROPERTY>\n                <PROPERTY name=\"value\"/></PROPERTIES>\n                <FIELD id=\"ddlillduration\" type=\"DropDownList\">\n                    <PROPERTIES>\n                        <PROPERTY name=\"id\">ddlillduration</PROPERTY>\n                        <PROPERTY name=\"class\">form-control</PROPERTY>\n                        <PROPERTY name=\"name\">ddlillduration</PROPERTY>\n                    </PROPERTIES>\n                    <LISTITEMS>\n                        <LISTITEM value=\"Yrs\" Selected=\"true\">Yrs</LISTITEM>\n                        <LISTITEM value=\"Months\" Selected=\"False\">Months</LISTITEM>\n                        <LISTITEM value=\"Weeks\" Selected=\"False\">Weeks</LISTITEM>\n                        <LISTITEM value=\"Days\" Selected=\"False\">Days</LISTITEM>\n                    </LISTITEMS>\n                </FIELD>\n            </FIELD>\n            \n            <FIELD id=\"mode_of_onset\" type=\"RadioButtonList\" label=\"Mode of Onset\" required=\"true\">\n                <PROPERTIES>\n                    <PROPERTY name=\"name\">mode_of_onset</PROPERTY>\n                </PROPERTIES>\n                <LISTITEMS>\n                    <LISTITEM value=\"Abrupt\" id=\"RBmode1\" Selected=\"False\">Abrupt</LISTITEM>\n                    <LISTITEM value=\"Acute\" id=\"RBmode2\" Selected=\"False\">Acute</LISTITEM>\n                    <LISTITEM value=\"Subacute\" id=\"RBmode3\" Selected=\"False\">Subacute</LISTITEM>\n                    <LISTITEM value=\"Insidious\" id=\"RBmode4\" Selected=\"False\">Insidious</LISTITEM>\n                </LISTITEMS>\n            </FIELD>\n            \n            <FIELD id=\"course_type\" type=\"RadioButtonList\" label=\"Course type\" required=\"true\">\n                <PROPERTIES>\n                    <PROPERTY name=\"name\">course_type</PROPERTY>\n                </PROPERTIES>\n                <LISTITEMS>\n                    <LISTITEM value=\"Continuous\" id=\"RBcourse1\" Selected=\"False\">Continuous</LISTITEM>\n                    <LISTITEM value=\"Episodic\" id=\"RBcourse2\" Selected=\"False\">Episodic</LISTITEM>\n                    <LISTITEM value=\"Fluctuating\" id=\"RBcourse3\" Selected=\"False\">Fluctuating</LISTITEM>\n                </LISTITEMS>\n            </FIELD>\n            \n            <FIELD id=\"precipitating_factor\" type=\"CheckBoxList\" label=\"Precipitating factor\">\n                <PROPERTIES>\n                    <PROPERTY name=\"name\">precipitating_factor[]</PROPERTY>\n                </PROPERTIES>\n                <LISTITEMS>\n                    <LISTITEM value=\"Bereavement\" id=\"RBpresent1\" Selected=\"False\">Bereavement</LISTITEM>\n                    <LISTITEM value=\"Financial loss\" id=\"RBpresent2\" Selected=\"False\">Financial loss</LISTITEM>\n                    <LISTITEM value=\"Family conflicts\" id=\"RBpresent3\" Selected=\"False\">Family conflicts</LISTITEM>\n                    <LISTITEM value=\"Difficulty at work\" id=\"RBpresent4\" Selected=\"False\">Difficulty at work</LISTITEM>\n                    <LISTITEM value=\"Physical ailment\" id=\"RBpresent5\" Selected=\"False\">Physical ailment</LISTITEM>\n                    <LISTITEM value=\"Relationship problems\" id=\"RBpresent6\" Selected=\"False\">Relationship problems</LISTITEM>\n                    <LISTITEM value=\"Others\" id=\"RBpresent7\" Selected=\"False\" onclick=\"OThersvisible(this.id, \'precipitating_factor_other\');\">Others</LISTITEM>\n                </LISTITEMS>\n                <FIELD id=\"precipitating_factor_other\" type=\"TextBox\">\n                    <PROPERTIES>\n                        <PROPERTY name=\"id\">precipitating_factor_other</PROPERTY>\n                        <PROPERTY name=\"class\">form-control hide</PROPERTY>\n                        <PROPERTY name=\"name\">precipitating_factor_other</PROPERTY>\n                        <PROPERTY name=\"placeholder\">Other Precipitating Factor</PROPERTY>\n                    <PROPERTY name=\"value\"/></PROPERTIES>\n                </FIELD>\n            </FIELD>\n            \n            <FIELD id=\"nature\" type=\"RadioButtonList\" label=\"Nature\" required=\"true\">\n                <PROPERTIES>\n                    <PROPERTY name=\"name\">nature</PROPERTY>\n                </PROPERTIES>\n                <LISTITEMS>\n                    <LISTITEM value=\"Progressive\" id=\"RBnature1\" Selected=\"False\">Progressive</LISTITEM>\n                    <LISTITEM value=\"Improving\" id=\"RBnature2\" Selected=\"False\">Improving</LISTITEM>\n                    <LISTITEM value=\"Static\" id=\"RBnature3\" Selected=\"False\">Static</LISTITEM>\n                </LISTITEMS>\n            </FIELD>\n        </PANELBODY>\n    </GROUP>\n    \n    <GROUP>\n        <PANELHEADER>History Of Presenting Illness</PANELHEADER>\n        <PANELBODY>\n            <FIELD id=\"history_presenting_illness\" type=\"textareaFull\">\n                <PROPERTIES>\n                    <PROPERTY name=\"id\">history_presenting_illness</PROPERTY>\n                    <PROPERTY name=\"name\">history_presenting_illness</PROPERTY>\n                    <PROPERTY name=\"class\">form-control</PROPERTY>\n                    <PROPERTY name=\"rows\">6</PROPERTY>\n                </PROPERTIES>\n            <VALUE/></FIELD>\n            \n            <FIELD type=\"Header2\" label=\"Associated Disturbances\"/>\n            \n            <FIELD id=\"sleep\" type=\"RadioButtonList\" label=\"Sleep\">\n                <PROPERTIES>\n                    <PROPERTY name=\"name\">sleep</PROPERTY>\n                </PROPERTIES>\n                <LISTITEMS>\n                    <LISTITEM value=\"Premorbid\" id=\"sleep1\" Selected=\"False\">Premorbid</LISTITEM>\n                    <LISTITEM value=\"Increased\" id=\"sleep2\" Selected=\"False\">Increased</LISTITEM>\n                    <LISTITEM value=\"Decreased\" id=\"sleep3\" Selected=\"False\">Decreased</LISTITEM>\n                </LISTITEMS>\n            </FIELD>\n            \n            <FIELD id=\"appetite\" type=\"RadioButtonList\" label=\"Appetite\">\n                <PROPERTIES>\n                    <PROPERTY name=\"name\">appetite</PROPERTY>\n                </PROPERTIES>\n                <LISTITEMS>\n                    <LISTITEM value=\"Premorbid\" id=\"appetite1\" Selected=\"False\">Premorbid</LISTITEM>\n                    <LISTITEM value=\"Increased\" id=\"appetite2\" Selected=\"False\">Increased</LISTITEM>\n                    <LISTITEM value=\"Decreased\" id=\"appetite3\" Selected=\"False\">Decreased</LISTITEM>\n                </LISTITEMS>\n            </FIELD>\n            \n            <FIELD id=\"weight\" type=\"RadioButtonList\" label=\"Weight\">\n                <PROPERTIES>\n                    <PROPERTY name=\"name\">weight</PROPERTY>\n                </PROPERTIES>\n                <LISTITEMS>\n                    <LISTITEM value=\"Premorbid\" id=\"weight1\" Selected=\"False\">Premorbid</LISTITEM>\n                    <LISTITEM value=\"Increased\" id=\"weight2\" Selected=\"False\">Increased</LISTITEM>\n                    <LISTITEM value=\"Decreased\" id=\"weight3\" Selected=\"False\">Decreased</LISTITEM>\n                </LISTITEMS>\n            </FIELD>\n            \n            <FIELD id=\"sexual_functioning\" type=\"RadioButtonList\" label=\"Sexual Functioning\">\n                <PROPERTIES>\n                    <PROPERTY name=\"name\">sexual_functioning</PROPERTY>\n                </PROPERTIES>\n                <LISTITEMS>\n                    <LISTITEM value=\"Premorbid\" id=\"sexual_functioning1\" Selected=\"False\">Premorbid</LISTITEM>\n                    <LISTITEM value=\"Increased\" id=\"sexual_functioning2\" Selected=\"False\">Increased</LISTITEM>\n                    <LISTITEM value=\"Decreased\" id=\"sexual_functioning3\" Selected=\"False\">Decreased</LISTITEM>\n                </LISTITEMS>\n            </FIELD>\n            \n            <FIELD id=\"social_functioning\" type=\"RadioButtonList\" label=\"Social Functioning\">\n                <PROPERTIES>\n                    <PROPERTY name=\"name\">social_functioning</PROPERTY>\n                </PROPERTIES>\n                <LISTITEMS>\n                    <LISTITEM value=\"Intact\" id=\"social_functioning1\" Selected=\"False\" onclick=\"OThersvisible(this.id, \'social_functioning_radio_div\', \'none\');\">Intact</LISTITEM>\n                    <LISTITEM value=\"Impaired\" id=\"social_functioning2\" Selected=\"False\" onclick=\"OThersvisible(this.id, \'social_functioning_radio_div\', \'block\');\">Impaired</LISTITEM>\n                </LISTITEMS>\n                <FIELD id=\"social_functioning_radio\" type=\"RadioButtonList\" label=\"Severity\" Backcontrols=\"true\" Backdivid=\"social_functioning_radio_div\">\n                    <PROPERTIES>\n                        <PROPERTY name=\"name\">social_functioning_radio</PROPERTY>\n                    </PROPERTIES>\n                    <LISTITEMS>\n                        <LISTITEM value=\"Mild\" id=\"social_functioning_radio1\" Selected=\"False\">Mild</LISTITEM>\n                        <LISTITEM value=\"Moderate\" id=\"social_functioning_radio2\" Selected=\"False\">Moderate</LISTITEM>\n                        <LISTITEM value=\"Severe\" id=\"social_functioning_radio3\" Selected=\"False\">Severe</LISTITEM>\n                    </LISTITEMS>\n                </FIELD>\n            </FIELD>\n            \n            <FIELD id=\"occupational_functioning\" type=\"RadioButtonList\" label=\"Occupational Functioning\">\n                <PROPERTIES>\n                    <PROPERTY name=\"name\">occupational_functioning</PROPERTY>\n                </PROPERTIES>\n                <LISTITEMS>\n                    <LISTITEM value=\"Intact\" id=\"occupational_functioning1\" Selected=\"False\" onclick=\"OThersvisible(this.id, \'occupational_functioning_radio_div\', \'none\');\">Intact</LISTITEM>\n                    <LISTITEM value=\"Impaired\" id=\"occupational_functioning2\" Selected=\"False\" onclick=\"OThersvisible(this.id, \'occupational_functioning_radio_div\', \'block\');\">Impaired</LISTITEM>\n                </LISTITEMS>\n                <FIELD id=\"occupational_functioning_radio\" type=\"RadioButtonList\" label=\"Severity\" Backcontrols=\"true\" Backdivid=\"occupational_functioning_radio_div\">\n                    <PROPERTIES>\n                        <PROPERTY name=\"name\">occupational_functioning_radio</PROPERTY>\n                    </PROPERTIES>\n                    <LISTITEMS>\n                        <LISTITEM value=\"Mild\" id=\"occupational_functioning_radio1\" Selected=\"False\">Mild</LISTITEM>\n                        <LISTITEM value=\"Moderate\" id=\"occupational_functioning_radio2\" Selected=\"False\">Moderate</LISTITEM>\n                        <LISTITEM value=\"Severe\" id=\"occupational_functioning_radio3\" Selected=\"False\">Severe</LISTITEM>\n                    </LISTITEMS>\n                </FIELD>\n            </FIELD>\n        </PANELBODY>\n    </GROUP>\n    \n    <GROUP>\n        <PANELHEADER>Past History</PANELHEADER>\n        <PANELBODY>\n            <FIELD type=\"Header2\" label=\"Past Psychiatric History\"/>\n            \n            <FIELD id=\"similar_episodes\" type=\"RadioButtonList\" label=\"Similar Episodes\">\n                <PROPERTIES>\n                    <PROPERTY name=\"name\">similar_episodes</PROPERTY>\n                </PROPERTIES>\n                <LISTITEMS>\n                    <LISTITEM value=\"No\" id=\"similar_episodes1\" Selected=\"False\" onclick=\"OThersvisible(this.id,\'similar_episodes_ddl_div\',\'none\');\">No</LISTITEM>\n                    <LISTITEM value=\"Yes\" id=\"similar_episodes2\" Selected=\"False\" onclick=\"OThersvisible(this.id,\'similar_episodes_ddl_div\',\'block\');\">Yes</LISTITEM>\n                </LISTITEMS>\n                <FIELD id=\"similar_episodes_ddl\" type=\"DropDownList\" label=\"Number of Episodes\" Backcontrols=\"true\" Backdivid=\"similar_episodes_ddl_div\">\n                    <PROPERTIES>\n                        <PROPERTY name=\"id\">similar_episodes_ddl</PROPERTY>\n                        <PROPERTY name=\"name\">similar_episodes_ddl</PROPERTY>\n                    </PROPERTIES>\n                    <LISTITEMS>\n                        <LISTITEM value=\"--Select--\" Selected=\"true\">--Select--</LISTITEM>\n                        <LISTITEM value=\"1\" Selected=\"False\">1</LISTITEM>\n                        <LISTITEM value=\"2\" Selected=\"False\">2</LISTITEM>\n                        <LISTITEM value=\"3\" Selected=\"False\">3</LISTITEM>\n                        <LISTITEM value=\"4\" Selected=\"False\">4</LISTITEM>\n                        <LISTITEM value=\"5\" Selected=\"False\">5</LISTITEM>\n                        <LISTITEM value=\"6\" Selected=\"False\">6</LISTITEM>\n                        <LISTITEM value=\"7\" Selected=\"False\">7</LISTITEM>\n                        <LISTITEM value=\"8\" Selected=\"False\">8</LISTITEM>\n                        <LISTITEM value=\"9\" Selected=\"False\">9</LISTITEM>\n                        <LISTITEM value=\"10\" Selected=\"False\">10</LISTITEM>\n                        <LISTITEM value=\"11\" Selected=\"False\">11</LISTITEM>\n                        <LISTITEM value=\"12\" Selected=\"False\">12</LISTITEM>\n                        <LISTITEM value=\"13\" Selected=\"False\">13</LISTITEM>\n                        <LISTITEM value=\"14\" Selected=\"False\">14</LISTITEM>\n                        <LISTITEM value=\"15\" Selected=\"False\">15</LISTITEM>\n                        <LISTITEM value=\"16\" Selected=\"False\">16</LISTITEM>\n                        <LISTITEM value=\"17\" Selected=\"False\">17</LISTITEM>\n                        <LISTITEM value=\"18\" Selected=\"False\">18</LISTITEM>\n                        <LISTITEM value=\"19\" Selected=\"False\">19</LISTITEM>\n                        <LISTITEM value=\"20\" Selected=\"False\">20</LISTITEM>\n                    </LISTITEMS>\n                </FIELD>\n            </FIELD>\n            \n            <FIELD id=\"past_psychiatric_history\" type=\"textareaFull\" label=\"Notes\">\n                <PROPERTIES>\n                    <PROPERTY name=\"id\">past_psychiatric_history</PROPERTY>\n                    <PROPERTY name=\"name\">past_psychiatric_history</PROPERTY>\n                    <PROPERTY name=\"class\">form-control</PROPERTY>\n                    <PROPERTY name=\"rows\">6</PROPERTY>\n                </PROPERTIES>\n            <VALUE/></FIELD>\n            \n            <FIELD type=\"Header2\" label=\"Past Medical History\"/>\n            \n            <FIELD type=\"RadGrid\" ADDButton=\"True\" ADDButtonID=\"RGMedHisadd\" AddButtonTableId=\"RGMedicalHistory\">\n                <PROPERTIES>\n                    <PROPERTY name=\"id\">RGMedicalHistory</PROPERTY>\n                    <PROPERTY name=\"class\">table table-bordered</PROPERTY>\n                </PROPERTIES>\n                <HEADER>\n                    <TH>Complaints</TH>\n                    <TH>Duration</TH>\n                    <TH>Currently under treatment</TH>\n                </HEADER>\n                <COLUMNS>\n                    <FIELD id=\"DDLMedHis\" type=\"DropDownList\">\n                        <PROPERTIES>\n                            <PROPERTY name=\"id\">DDLMedHis</PROPERTY>\n                            <PROPERTY name=\"name\">DDLMedHis</PROPERTY>\n                        </PROPERTIES>\n                        <LISTITEMS>\n                            <LISTITEM value=\"--Select--\" Selected=\"true\">--Select--</LISTITEM>\n                            <LISTITEM value=\"Diabetes\" Selected=\"true\">Diabetes</LISTITEM>\n                            <LISTITEM value=\"Hypertension\" Selected=\"False\">Hypertension</LISTITEM>\n                            <LISTITEM value=\"Tuberculosis\" Selected=\"False\">Tuberculosis</LISTITEM>\n                            <LISTITEM value=\"Hepatitis\" Selected=\"False\">Hepatitis</LISTITEM>\n                            <LISTITEM value=\"Asthma\" Selected=\"False\">Asthma</LISTITEM>\n                            <LISTITEM value=\"Bronchitis\" Selected=\"False\">Bronchitis</LISTITEM>\n                            <LISTITEM value=\"Head injury/LOC\" Selected=\"False\">Head injury/LOC</LISTITEM>\n                            <LISTITEM value=\"Seizures\" Selected=\"False\">Seizures</LISTITEM>\n                            <LISTITEM value=\"Cerebrovascular Accidents\" Selected=\"False\">Cerebrovascular Accidents</LISTITEM>\n                            <LISTITEM value=\"Immuno compromised state\" Selected=\"False\">Immuno compromised state</LISTITEM>\n                            <LISTITEM value=\"Mycocardial Infarction\" Selected=\"False\">Mycocardial Infarction</LISTITEM>\n                            <LISTITEM value=\"Allergies\" Selected=\"False\">Allergies</LISTITEM>\n                            <LISTITEM value=\"IHD\" Selected=\"False\">IHD</LISTITEM>\n                        </LISTITEMS>\n                    </FIELD>\n                    \n                    <FIELD id=\"TxtMedHisDuration\" type=\"TextBox\">\n                        <PROPERTIES>\n                            <PROPERTY name=\"id\">TxtMedHisDuration</PROPERTY>\n                            <PROPERTY name=\"onkeydown\">return isNumericKeyStroke()</PROPERTY>\n                            <PROPERTY name=\"name\">TxtMedHisDuration</PROPERTY>\n                        <PROPERTY name=\"value\">15</PROPERTY></PROPERTIES>\n                        <FIELD id=\"DDLMedHisDuration\" type=\"DropDownList\">\n                            <PROPERTIES>\n                                <PROPERTY name=\"id\">DDLMedHisDuration</PROPERTY>\n                                <PROPERTY name=\"name\">DDLMedHisDuration</PROPERTY>\n                            </PROPERTIES>\n                            <LISTITEMS>\n                                <LISTITEM value=\"Yrs\" Selected=\"true\">Yrs</LISTITEM>\n                                <LISTITEM value=\"Months\" Selected=\"False\">Months</LISTITEM>\n                                <LISTITEM value=\"Weeks\" Selected=\"False\">Weeks</LISTITEM>\n                                <LISTITEM value=\"Days\" Selected=\"False\">Days</LISTITEM>\n                            </LISTITEMS>\n                        </FIELD>\n                    </FIELD>\n                    \n                    <FIELD id=\"radio_med_his_currently_under_treatment\" type=\"RadioButtonList\">\n                        <PROPERTIES>\n                            <PROPERTY name=\"name\">radio_med_his_currently_under_treatment</PROPERTY>\n                        </PROPERTIES>\n                        <LISTITEMS>\n                            <LISTITEM value=\"Yes\" id=\"radio_med_his_currently_under_treatment1\" Selected=\"true\">Yes</LISTITEM>\n                            <LISTITEM value=\"No\" id=\"radio_med_his_currently_under_treatment2\" Selected=\"False\">No</LISTITEM>\n                        </LISTITEMS>\n                    </FIELD>\n                </COLUMNS>\n            <COLUMNS><FIELD id=\"DDLMedHis1\" type=\"DropDownList\"><PROPERTIES><PROPERTY name=\"id\">DDLMedHis1</PROPERTY><PROPERTY name=\"name\">DDLMedHis1</PROPERTY></PROPERTIES><LISTITEMS><LISTITEM value=\"--Select--\" Selected=\"False\">--Select--</LISTITEM><LISTITEM value=\"Diabetes\" Selected=\"False\">Diabetes</LISTITEM><LISTITEM value=\"Hypertension\" Selected=\"False\">Hypertension</LISTITEM><LISTITEM value=\"Tuberculosis\" Selected=\"False\">Tuberculosis</LISTITEM><LISTITEM value=\"Hepatitis\" Selected=\"False\">Hepatitis</LISTITEM><LISTITEM value=\"Asthma\" Selected=\"False\">Asthma</LISTITEM><LISTITEM value=\"Bronchitis\" Selected=\"False\">Bronchitis</LISTITEM><LISTITEM value=\"Head injury/LOC\" Selected=\"False\">Head injury/LOC</LISTITEM><LISTITEM value=\"Seizures\" Selected=\"False\">Seizures</LISTITEM><LISTITEM value=\"Cerebrovascular Accidents\" Selected=\"False\">Cerebrovascular Accidents</LISTITEM><LISTITEM value=\"Immuno compromised state\" Selected=\"False\">Immuno compromised state</LISTITEM><LISTITEM value=\"Mycocardial Infarction\" Selected=\"False\">Mycocardial Infarction</LISTITEM><LISTITEM value=\"Allergies\" Selected=\"False\">Allergies</LISTITEM><LISTITEM value=\"IHD\" Selected=\"true\">IHD</LISTITEM></LISTITEMS></FIELD><FIELD id=\"TxtMedHisDuration1\" type=\"TextBox\"><PROPERTIES><PROPERTY name=\"id\">TxtMedHisDuration1</PROPERTY><PROPERTY name=\"onkeydown\">return isNumericKeyStroke()</PROPERTY><PROPERTY name=\"name\">TxtMedHisDuration1</PROPERTY><PROPERTY name=\"value\">25</PROPERTY></PROPERTIES><FIELD id=\"DDLMedHisDuration1\" type=\"DropDownList\"><PROPERTIES><PROPERTY name=\"id\">DDLMedHisDuration1</PROPERTY><PROPERTY name=\"name\">DDLMedHisDuration1</PROPERTY></PROPERTIES><LISTITEMS><LISTITEM value=\"Yrs\" Selected=\"False\">Yrs</LISTITEM><LISTITEM value=\"Months\" Selected=\"true\">Months</LISTITEM><LISTITEM value=\"Weeks\" Selected=\"False\">Weeks</LISTITEM><LISTITEM value=\"Days\" Selected=\"False\">Days</LISTITEM></LISTITEMS></FIELD></FIELD><FIELD id=\"radio_med_his_currently_under_treatment1\" type=\"RadioButtonList\"><PROPERTIES><PROPERTY name=\"name\">radio_med_his_currently_under_treatment1</PROPERTY></PROPERTIES><LISTITEMS><LISTITEM value=\"Yes\" id=\"radio_med_his_currently_under_treatment11\" Selected=\"False\">Yes</LISTITEM><LISTITEM value=\"No\" id=\"radio_med_his_currently_under_treatment21\" Selected=\"true\">No</LISTITEM></LISTITEMS></FIELD></COLUMNS></FIELD>\n            \n            <FIELD id=\"past_medical_history_notes\" type=\"textareaFull\" label=\"Notes\">\n                <PROPERTIES>\n                    <PROPERTY name=\"id\">past_medical_history_notes</PROPERTY>\n                    <PROPERTY name=\"name\">past_medical_history_notes</PROPERTY>\n                    <PROPERTY name=\"class\">form-control</PROPERTY>\n                    <PROPERTY name=\"rows\">6</PROPERTY>\n                </PROPERTIES>\n            <VALUE/></FIELD>\n            \n            <!-- 08/06/2016-->\n            <FIELD type=\"PanelBar\" label=\"Treatment History\" target_div=\"treatment_history\">\n                <FIELD type=\"Header2\" label=\"Phamacotherapy\"/>\n                \n                <FIELD type=\"RadGrid\" ADDButton=\"True\" ADDButtonID=\"RGPhamacoadd\" AddButtonTableId=\"RGPhamaco\">\n                    <PROPERTIES>\n                        <PROPERTY name=\"id\">RGPhamaco</PROPERTY>\n                        <PROPERTY name=\"class\">table table-bordered</PROPERTY>\n                    </PROPERTIES>\n                    <HEADER>\n                        <TH>Drug name</TH>\n                        <TH>Duration</TH>\n                        <TH>Currently under treatment</TH>\n                        <TH>Side effects</TH>\n                    </HEADER>\n                    <COLUMNS>\n                        <FIELD id=\"txtPhamacoDrugName\" type=\"TextBox\">\n                            <PROPERTIES>\n                                <PROPERTY name=\"id\">txtPhamacoDrugName</PROPERTY>\n                                <PROPERTY name=\"name\">txtPhamacoDrugName</PROPERTY>\n                            <PROPERTY name=\"value\">aaaa</PROPERTY></PROPERTIES>\n                        </FIELD>\n                        <FIELD id=\"txtPhamacoDuration\" type=\"TextBox\">\n                            <PROPERTIES>\n                                <PROPERTY name=\"id\">txtPhamacoDuration</PROPERTY>\n                                <PROPERTY name=\"onkeydown\">return isNumericKeyStroke()</PROPERTY>\n                                <PROPERTY name=\"name\">txtPhamacoDuration</PROPERTY>\n                            <PROPERTY name=\"value\">10</PROPERTY></PROPERTIES>\n                            <FIELD id=\"DDLPhamacoDuration\" type=\"DropDownList\">\n                                <PROPERTIES>\n                                    <PROPERTY name=\"id\">DDLPhamacoDuration</PROPERTY>\n                                    <PROPERTY name=\"name\">DDLPhamacoDuration</PROPERTY>\n                                </PROPERTIES>\n                                <LISTITEMS>\n                                    <LISTITEM value=\"Yrs\" Selected=\"true\">Yrs</LISTITEM>\n                                    <LISTITEM value=\"Months\" Selected=\"False\">Months</LISTITEM>\n                                    <LISTITEM value=\"Weeks\" Selected=\"False\">Weeks</LISTITEM>\n                                    <LISTITEM value=\"Days\" Selected=\"False\">Days</LISTITEM>\n                                </LISTITEMS>\n                            </FIELD>\n                        </FIELD>\n                        <FIELD id=\"radioPhamacoCurrentlyUnderTreatment\" type=\"RadioButtonList\">\n                            <PROPERTIES>\n                                <PROPERTY name=\"name\">radioPhamacoCurrentlyUnderTreatment</PROPERTY>\n                            </PROPERTIES>\n                            <LISTITEMS>\n                                <LISTITEM value=\"Adequate\" id=\"radioPhamacoCurrentlyUnderTreatment1\" Selected=\"true\">Adequate</LISTITEM>\n                                <LISTITEM value=\"Inadequate\" id=\"radioPhamacoCurrentlyUnderTreatment2\" Selected=\"False\">Inadequate</LISTITEM>\n                                <LISTITEM value=\"Partial\" id=\"radioPhamacoCurrentlyUnderTreatment3\" Selected=\"False\">Partial</LISTITEM>\n                            </LISTITEMS>\n                        </FIELD>\n                        <FIELD id=\"txtPhamacoSideEffects\" type=\"TextBox\">\n                            <PROPERTIES>\n                                <PROPERTY name=\"id\">txtPhamacoSideEffects</PROPERTY>\n                                <PROPERTY name=\"name\">txtPhamacoSideEffects</PROPERTY>\n                            <PROPERTY name=\"value\">10</PROPERTY></PROPERTIES>\n                        </FIELD>\n                    </COLUMNS>\n                <COLUMNS><FIELD id=\"txtPhamacoDrugName1\" type=\"TextBox\"><PROPERTIES><PROPERTY name=\"id\">txtPhamacoDrugName1</PROPERTY><PROPERTY name=\"name\">txtPhamacoDrugName1</PROPERTY><PROPERTY name=\"value\">bbbbb</PROPERTY></PROPERTIES></FIELD><FIELD id=\"txtPhamacoDuration1\" type=\"TextBox\"><PROPERTIES><PROPERTY name=\"id\">txtPhamacoDuration1</PROPERTY><PROPERTY name=\"onkeydown\">return isNumericKeyStroke()</PROPERTY><PROPERTY name=\"name\">txtPhamacoDuration1</PROPERTY><PROPERTY name=\"value\">20</PROPERTY></PROPERTIES><FIELD id=\"DDLPhamacoDuration1\" type=\"DropDownList\"><PROPERTIES><PROPERTY name=\"id\">DDLPhamacoDuration1</PROPERTY><PROPERTY name=\"name\">DDLPhamacoDuration1</PROPERTY></PROPERTIES><LISTITEMS><LISTITEM value=\"Yrs\" Selected=\"False\">Yrs</LISTITEM><LISTITEM value=\"Months\" Selected=\"true\">Months</LISTITEM><LISTITEM value=\"Weeks\" Selected=\"False\">Weeks</LISTITEM><LISTITEM value=\"Days\" Selected=\"False\">Days</LISTITEM></LISTITEMS></FIELD></FIELD><FIELD id=\"radioPhamacoCurrentlyUnderTreatment1\" type=\"RadioButtonList\"><PROPERTIES><PROPERTY name=\"name\">radioPhamacoCurrentlyUnderTreatment1</PROPERTY></PROPERTIES><LISTITEMS><LISTITEM value=\"Adequate\" id=\"radioPhamacoCurrentlyUnderTreatment11\" Selected=\"False\">Adequate</LISTITEM><LISTITEM value=\"Inadequate\" id=\"radioPhamacoCurrentlyUnderTreatment21\" Selected=\"true\">Inadequate</LISTITEM><LISTITEM value=\"Partial\" id=\"radioPhamacoCurrentlyUnderTreatment31\" Selected=\"False\">Partial</LISTITEM></LISTITEMS></FIELD><FIELD id=\"txtPhamacoSideEffects1\" type=\"TextBox\"><PROPERTIES><PROPERTY name=\"id\">txtPhamacoSideEffects1</PROPERTY><PROPERTY name=\"name\">txtPhamacoSideEffects1</PROPERTY><PROPERTY name=\"value\">20</PROPERTY></PROPERTIES></FIELD></COLUMNS></FIELD>\n                \n                <FIELD id=\"rb_pb_treatmenthistory\" type=\"RadioButtonList\" label=\"Medication Compliance\" required=\"true\">\n                    <PROPERTIES>\n                        <PROPERTY name=\"name\">rb_pb_treatmenthistory</PROPERTY>\n                        <PROPERTY name=\"ToolTip\">\n                            In the last 3 monts:\n                            Continuous intake=complaint\n                            Missed medic for less than 1wk= partially adherent\n                            Missed medic for 1wk or more=non-complaint\n                            (Criteria used by- Olfson et al,2000)\n                        </PROPERTY>\n                    </PROPERTIES>\n                    <LISTITEMS>\n                        <LISTITEM id=\"rb_pb_treatmenthistory1\" value=\"Non-complaint\" Selected=\"False\">Non-complaint</LISTITEM>\n                        <LISTITEM id=\"rb_pb_treatmenthistory2\" value=\"Complaint\" Selected=\"False\">Complaint</LISTITEM>\n                        <LISTITEM id=\"rb_pb_treatmenthistory3\" value=\"Partially Complaint\" Selected=\"False\">Partially Complaint</LISTITEM>\n                    </LISTITEMS>\n                </FIELD>\n                \n                <FIELD type=\"Header2\" label=\"Electro Convulsive therapy\"/>\n                \n                <FIELD id=\"previous_ects\" type=\"RadioButtonList\" label=\"Previous ECT\'s\" Backcontrols=\"true\" Backdivid=\"previous_ects_radio_div\">\n                    <PROPERTIES>\n                        <PROPERTY name=\"name\">previous_ects</PROPERTY>\n                    </PROPERTIES>\n                    <LISTITEMS>\n                        <LISTITEM value=\"No\" id=\"previous_ects1\" Selected=\"False\" onclick=\"OThersvisible(this.id,\'previous_ects_radio_div\',\'none\');\">No</LISTITEM>\n                        <LISTITEM value=\"Yes\" id=\"previous_ects2\" Selected=\"False\" onclick=\"OThersvisible(this.id,\'previous_ects_radio_div\',\'block\');\">Yes</LISTITEM>\n                    </LISTITEMS>\n                    <FIELD id=\"no_of_ects_ddl\" type=\"DropDownList\" label=\"No. of ECT course(s)\">\n                        <PROPERTIES>\n                            <PROPERTY name=\"id\">no_of_ects_ddl</PROPERTY>\n                            <PROPERTY name=\"name\">no_of_ects_ddl</PROPERTY>\n                        </PROPERTIES>\n                        <LISTITEMS>\n                            <LISTITEM value=\"--Select--\" Selected=\"true\">--Select--</LISTITEM>\n                            <LISTITEM value=\"1\" Selected=\"False\">1</LISTITEM>\n                            <LISTITEM value=\"2\" Selected=\"False\">2</LISTITEM>\n                            <LISTITEM value=\"3\" Selected=\"False\">3</LISTITEM>\n                            <LISTITEM value=\"4\" Selected=\"False\">4</LISTITEM>\n                            <LISTITEM value=\"5\" Selected=\"False\">5</LISTITEM>\n                            <LISTITEM value=\"6\" Selected=\"False\">6</LISTITEM>\n                            <LISTITEM value=\"7\" Selected=\"False\">7</LISTITEM>\n                            <LISTITEM value=\"8\" Selected=\"False\">8</LISTITEM>\n                            <LISTITEM value=\"9\" Selected=\"False\">9</LISTITEM>\n                            <LISTITEM value=\"10\" Selected=\"False\">10</LISTITEM>\n                            <LISTITEM value=\"11\" Selected=\"False\">11</LISTITEM>\n                            <LISTITEM value=\"12\" Selected=\"False\">12</LISTITEM>\n                            <LISTITEM value=\"13\" Selected=\"False\">13</LISTITEM>\n                            <LISTITEM value=\"14\" Selected=\"False\">14</LISTITEM>\n                            <LISTITEM value=\"15\" Selected=\"False\">15</LISTITEM>\n                            <LISTITEM value=\"16\" Selected=\"False\">16</LISTITEM>\n                            <LISTITEM value=\"17\" Selected=\"False\">17</LISTITEM>\n                            <LISTITEM value=\"18\" Selected=\"False\">18</LISTITEM>\n                            <LISTITEM value=\"19\" Selected=\"False\">19</LISTITEM>\n                            <LISTITEM value=\"20\" Selected=\"False\">20</LISTITEM>\n                        </LISTITEMS>\n                    </FIELD>\n                    <FIELD id=\"average_no_of_ects_ddl\" type=\"DropDownList\" label=\"Average no. of ECT session per course\">\n                        <PROPERTIES>\n                            <PROPERTY name=\"id\">average_no_of_ects_ddl</PROPERTY>\n                            <PROPERTY name=\"name\">average_no_of_ects_ddl</PROPERTY>\n                        </PROPERTIES>\n                        <LISTITEMS>\n                            <LISTITEM value=\"--Select--\" Selected=\"true\">--Select--</LISTITEM>\n                            <LISTITEM value=\"1\" Selected=\"False\">1</LISTITEM>\n                            <LISTITEM value=\"2\" Selected=\"False\">2</LISTITEM>\n                            <LISTITEM value=\"3\" Selected=\"False\">3</LISTITEM>\n                            <LISTITEM value=\"4\" Selected=\"False\">4</LISTITEM>\n                            <LISTITEM value=\"5\" Selected=\"False\">5</LISTITEM>\n                            <LISTITEM value=\"6\" Selected=\"False\">6</LISTITEM>\n                            <LISTITEM value=\"7\" Selected=\"False\">7</LISTITEM>\n                            <LISTITEM value=\"8\" Selected=\"False\">8</LISTITEM>\n                            <LISTITEM value=\"9\" Selected=\"False\">9</LISTITEM>\n                            <LISTITEM value=\"10\" Selected=\"False\">10</LISTITEM>\n                        </LISTITEMS>\n                    </FIELD>\n                    <FIELD id=\"response_ects_ddl\" type=\"DropDownList\" label=\"Response to ECT (%)\">\n                        <PROPERTIES>\n                            <PROPERTY name=\"id\">response_ects_ddl</PROPERTY>\n                            <PROPERTY name=\"name\">response_ects_ddl</PROPERTY>\n                        </PROPERTIES>\n                        <LISTITEMS>\n                            <LISTITEM value=\"--Select--\" Selected=\"true\">--Select--</LISTITEM>\n                            <LISTITEM value=\"25\" Selected=\"False\">25</LISTITEM>\n                            <LISTITEM value=\"50\" Selected=\"False\">50</LISTITEM>\n                            <LISTITEM value=\"75\" Selected=\"False\">75</LISTITEM>\n                            <LISTITEM value=\"100\" Selected=\"False\">100</LISTITEM>\n                        </LISTITEMS>\n                    </FIELD>\n                </FIELD>\n                \n                <FIELD type=\"Header2\" label=\"Counselling/Psychotherapy\"/>\n                \n                <FIELD id=\"rb_pb_mostrecentepisode\" type=\"RadioButtonList\" label=\"Most recent episode\">\n                    <PROPERTIES>\n                        <PROPERTY name=\"name\">rb_pb_mostrecentepisode</PROPERTY>\n                    </PROPERTIES>\n                    <LISTITEMS>\n                        <LISTITEM value=\"Yes\" id=\"rb_pb_mostrecentepisode1\" Selected=\"False\">Yes</LISTITEM>\n                        <LISTITEM value=\"No\" id=\"rb_pb_mostrecentepisode2\" Selected=\"False\">No</LISTITEM>\n                    </LISTITEMS>\n                </FIELD>\n                \n                <FIELD id=\"txt_pb_no_of_sessions\" type=\"TextBox\" label=\"No. of sessions\">\n                    <PROPERTIES>\n                        <PROPERTY name=\"id\">txt_pb_no_of_sessions</PROPERTY>\n                        <PROPERTY name=\"name\">txt_pb_no_of_sessions</PROPERTY>\n                    <PROPERTY name=\"value\"/></PROPERTIES>\n                </FIELD>\n                \n                <FIELD id=\"rb_pb_Response\" type=\"RadioButtonList\" label=\"Response\">\n                    <PROPERTIES>\n                        <PROPERTY name=\"name\">rb_pb_Response</PROPERTY>\n                    </PROPERTIES>\n                    <LISTITEMS>\n                        <LISTITEM value=\"Adequate\" id=\"rb_pb_Response1\" Selected=\"False\">Adequate</LISTITEM>\n                        <LISTITEM value=\"Inadequate\" id=\"rb_pb_Response2\" Selected=\"False\">Inadequate</LISTITEM>\n                        <LISTITEM value=\"Partial\" id=\"rb_pb_Response3\" Selected=\"False\">Partial</LISTITEM>\n                    </LISTITEMS>\n                </FIELD>\n                \n                <FIELD id=\"rb_pb_Response1\" type=\"RadioButtonList\" Backcontrols=\"true\" Backdivid=\"rb_pb_Response1_Div\">\n                    <PROPERTIES>\n                        <PROPERTY name=\"name\">rb_pb_Response1</PROPERTY>\n                    </PROPERTIES>\n                    <LISTITEMS>\n                        <LISTITEM value=\"Completed\" id=\"rb_pb_Response11\" Selected=\"False\" onclick=\"OThersvisible(this.id,\'rb_pb_Response1_Div\',\'none\');\">Completed</LISTITEM>\n                        <LISTITEM value=\"Discontinued\" id=\"rb_pb_Response12\" Selected=\"False\" onclick=\"OThersvisible(this.id,\'rb_pb_Response1_Div\',\'block\');\">Discontinued</LISTITEM>\n                    </LISTITEMS>\n                    <FIELD id=\"txt_pb_reason\" type=\"TextBox\" label=\"Reason\">\n                        <PROPERTIES>\n                            <PROPERTY name=\"id\">txt_pb_reason</PROPERTY>\n                            <PROPERTY name=\"name\">txt_pb_reason</PROPERTY>\n                        <PROPERTY name=\"value\"/></PROPERTIES>\n                    </FIELD>\n                </FIELD>\n                \n                <FIELD type=\"Header2\" label=\"Alternative Therapies\"/>\n                \n                <FIELD type=\"RadGrid\" ADDButton=\"True\" ADDButtonID=\"RGaltadd\" AddButtonTableId=\"RGalt\">\n                    <PROPERTIES>\n                        <PROPERTY name=\"id\">RGalt</PROPERTY>\n                        <PROPERTY name=\"class\">table table-bordered</PROPERTY>\n                    </PROPERTIES>\n                    <HEADER>\n                        <TH>Therapy</TH>\n                        <TH>Taken</TH>\n                        <TH>Currently under treatment</TH>\n                    </HEADER>\n                    <COLUMNS>\n                        <FIELD id=\"ddl_pb_therapy\" type=\"DropDownList\">\n                            <PROPERTIES>\n                                <PROPERTY name=\"id\">ddl_pb_therapy</PROPERTY>\n                                <PROPERTY name=\"name\">ddl_pb_therapy</PROPERTY>\n                            </PROPERTIES>\n                            <LISTITEMS>\n                                <LISTITEM value=\"--Select--\" Selected=\"true\">--Select--</LISTITEM>\n                                <LISTITEM value=\"Magico Religious\" Selected=\"true\">Magico Religious</LISTITEM>\n                                <LISTITEM value=\"Homeopathy\" Selected=\"False\">Homeopathy</LISTITEM>\n                                <LISTITEM value=\"Ayurveda\" Selected=\"False\">Ayurveda</LISTITEM>\n                            </LISTITEMS>\n                        </FIELD>\n                        <FIELD id=\"radio_pb_taken\" type=\"RadioButtonList\">\n                            <PROPERTIES>\n                                <PROPERTY name=\"name\">radio_pb_taken</PROPERTY>\n                            </PROPERTIES>\n                            <LISTITEMS>\n                                <LISTITEM value=\"Yes\" id=\"radio_pb_taken1\" Selected=\"true\">Yes</LISTITEM>\n                                <LISTITEM value=\"No\" id=\"radio_pb_taken2\" Selected=\"False\">No</LISTITEM>\n                            </LISTITEMS>\n                        </FIELD>\n                        <FIELD id=\"radio_pb_currently_under_taken\" type=\"RadioButtonList\">\n                            <PROPERTIES>\n                                <PROPERTY name=\"name\">radio_pb_currently_under_taken</PROPERTY>\n                            </PROPERTIES>\n                            <LISTITEMS>\n                                <LISTITEM value=\"Adequate\" id=\"radio_pb_currently_under_taken1\" Selected=\"true\">Adequate</LISTITEM>\n                                <LISTITEM value=\"Inadequate\" id=\"radio_pb_currently_under_taken2\" Selected=\"False\">Inadequate</LISTITEM>\n                                <LISTITEM value=\"Partial\" id=\"radio_pb_currently_under_taken3\" Selected=\"False\">Partial</LISTITEM>\n                            </LISTITEMS>\n                        </FIELD>\n                        \n                    </COLUMNS>\n                <COLUMNS><FIELD id=\"ddl_pb_therapy1\" type=\"DropDownList\"><PROPERTIES><PROPERTY name=\"id\">ddl_pb_therapy1</PROPERTY><PROPERTY name=\"name\">ddl_pb_therapy1</PROPERTY></PROPERTIES><LISTITEMS><LISTITEM value=\"--Select--\" Selected=\"False\">--Select--</LISTITEM><LISTITEM value=\"Magico Religious\" Selected=\"False\">Magico Religious</LISTITEM><LISTITEM value=\"Homeopathy\" Selected=\"true\">Homeopathy</LISTITEM><LISTITEM value=\"Ayurveda\" Selected=\"False\">Ayurveda</LISTITEM></LISTITEMS></FIELD><FIELD id=\"radio_pb_taken1\" type=\"RadioButtonList\"><PROPERTIES><PROPERTY name=\"name\">radio_pb_taken1</PROPERTY></PROPERTIES><LISTITEMS><LISTITEM value=\"Yes\" id=\"radio_pb_taken11\" Selected=\"False\">Yes</LISTITEM><LISTITEM value=\"No\" id=\"radio_pb_taken21\" Selected=\"true\">No</LISTITEM></LISTITEMS></FIELD><FIELD id=\"radio_pb_currently_under_taken1\" type=\"RadioButtonList\"><PROPERTIES><PROPERTY name=\"name\">radio_pb_currently_under_taken1</PROPERTY></PROPERTIES><LISTITEMS><LISTITEM value=\"Adequate\" id=\"radio_pb_currently_under_taken11\" Selected=\"False\">Adequate</LISTITEM><LISTITEM value=\"Inadequate\" id=\"radio_pb_currently_under_taken21\" Selected=\"true\">Inadequate</LISTITEM><LISTITEM value=\"Partial\" id=\"radio_pb_currently_under_taken31\" Selected=\"False\">Partial</LISTITEM></LISTITEMS></FIELD></COLUMNS><COLUMNS><FIELD id=\"ddl_pb_therapy2\" type=\"DropDownList\"><PROPERTIES><PROPERTY name=\"id\">ddl_pb_therapy2</PROPERTY><PROPERTY name=\"name\">ddl_pb_therapy2</PROPERTY></PROPERTIES><LISTITEMS><LISTITEM value=\"--Select--\" Selected=\"False\">--Select--</LISTITEM><LISTITEM value=\"Magico Religious\" Selected=\"False\">Magico Religious</LISTITEM><LISTITEM value=\"Homeopathy\" Selected=\"False\">Homeopathy</LISTITEM><LISTITEM value=\"Ayurveda\" Selected=\"true\">Ayurveda</LISTITEM></LISTITEMS></FIELD><FIELD id=\"radio_pb_taken2\" type=\"RadioButtonList\"><PROPERTIES><PROPERTY name=\"name\">radio_pb_taken2</PROPERTY></PROPERTIES><LISTITEMS><LISTITEM value=\"Yes\" id=\"radio_pb_taken12\" Selected=\"true\">Yes</LISTITEM><LISTITEM value=\"No\" id=\"radio_pb_taken22\" Selected=\"False\">No</LISTITEM></LISTITEMS></FIELD><FIELD id=\"radio_pb_currently_under_taken2\" type=\"RadioButtonList\"><PROPERTIES><PROPERTY name=\"name\">radio_pb_currently_under_taken2</PROPERTY></PROPERTIES><LISTITEMS><LISTITEM value=\"Adequate\" id=\"radio_pb_currently_under_taken12\" Selected=\"False\">Adequate</LISTITEM><LISTITEM value=\"Inadequate\" id=\"radio_pb_currently_under_taken22\" Selected=\"False\">Inadequate</LISTITEM><LISTITEM value=\"Partial\" id=\"radio_pb_currently_under_taken32\" Selected=\"true\">Partial</LISTITEM></LISTITEMS></FIELD></COLUMNS></FIELD>\n                \n                <FIELD type=\"Header2\" label=\"Treatment History Notes\"/>\n                \n                <FIELD id=\"treatment_history_notes\" type=\"textareaFull\" label=\"Notes\">\n                    <PROPERTIES>\n                        <PROPERTY name=\"id\">treatment_history_notes</PROPERTY>\n                        <PROPERTY name=\"name\">treatment_history_notes</PROPERTY>\n                        <PROPERTY name=\"class\">form-control</PROPERTY>\n                        <PROPERTY name=\"rows\">6</PROPERTY>\n                    </PROPERTIES>\n                <VALUE/></FIELD>\n            </FIELD>\n            \n            <FIELD type=\"PanelBar\" label=\"Family History\" target_div=\"family_history\">\n                <FIELD id=\"RBtypeoffamily\" type=\"RadioButtonList\" label=\"Type of Family\" required=\"true\">\n                    <PROPERTIES>\n                        <PROPERTY name=\"name\">RBtypeoffamily</PROPERTY>\n                    </PROPERTIES>\n                    <LISTITEMS>\n                        <LISTITEM value=\"Nuclear\" id=\"RBtypeoffamily1\" Selected=\"False\">Nuclear</LISTITEM>\n                        <LISTITEM value=\"Joint\" id=\"RBtypeoffamily2\" Selected=\"False\">Joint</LISTITEM>\n                    </LISTITEMS>\n                </FIELD>\n                \n                <FIELD id=\"RBtypeofmarriage\" type=\"RadioButtonList\" label=\"Type of Marriage\" required=\"true\" Backcontrols=\"true\" Backdivid=\"RBtypeofmarriageDiv\">\n                    <PROPERTIES>\n                        <PROPERTY name=\"name\">RBtypeofmarriage</PROPERTY>\n                    </PROPERTIES>\n                    <LISTITEMS>\n                        <LISTITEM value=\"Consanguineous\" id=\"RBtypeofmarriage1\" Selected=\"False\" onclick=\"OThersvisible(this.id,\'RBtypeofmarriageDiv\',\'block\');\">Consanguineous</LISTITEM>\n                        <LISTITEM value=\"Non-Consanguineous\" id=\"RBtypeofmarriage2\" Selected=\"False\" onclick=\"OThersvisible(this.id,\'RBtypeofmarriageDiv\',\'none\');\">Non-Consanguineous</LISTITEM>\n                    </LISTITEMS>\n                    <FIELD id=\"RBdegreeofconsan\" type=\"RadioButtonList\" label=\"Degree of Consanguinity\" required=\"true\">\n                        <PROPERTIES>\n                            <PROPERTY name=\"name\">RBdegreeofconsan</PROPERTY>\n                        </PROPERTIES>\n                        <LISTITEMS>\n                            <LISTITEM value=\"II\" id=\"RBdegreeofconsan1\" Selected=\"False\">II</LISTITEM>\n                            <LISTITEM value=\"III\" id=\"RBdegreeofconsan2\" Selected=\"False\">III</LISTITEM>\n                        </LISTITEMS>\n                    </FIELD>\n                </FIELD>\n                \n                <FIELD type=\"RadGrid\" ADDButton=\"True\" ADDButtonID=\"RGfamilyadd\" AddButtonTableId=\"RGfamily\">\n                    <PROPERTIES>\n                        <PROPERTY name=\"id\">RGfamily</PROPERTY>\n                        <PROPERTY name=\"class\">table table-bordered</PROPERTY>\n                    </PROPERTIES>\n                    <HEADER>\n                        <TH>Relation</TH>\n                        <TH>Illness type</TH>\n                        <TH>Treatment</TH>\n                    </HEADER>\n                    <COLUMNS>\n                        <FIELD id=\"ddl_pb_relation\" type=\"DropDownList\">\n                            <PROPERTIES>\n                                <PROPERTY name=\"id\">ddl_pb_relation</PROPERTY>\n                                <PROPERTY name=\"name\">ddl_pb_relation</PROPERTY>\n                            </PROPERTIES>\n                            <LISTITEMS>\n                                <LISTITEM value=\"--Select--\" Selected=\"true\">--Select--</LISTITEM>\n                                <LISTITEM value=\"GrandParents\" Selected=\"true\">GrandParents</LISTITEM>\n                                <LISTITEM value=\"Parents\" Selected=\"False\">Parents</LISTITEM>\n                                <LISTITEM value=\"Siblings\" Selected=\"False\">Siblings</LISTITEM>\n                                <LISTITEM value=\"Spouse\" Selected=\"False\">Spouse</LISTITEM>\n                                <LISTITEM value=\"Children\" Selected=\"False\">Children</LISTITEM>\n                                <LISTITEM value=\"Uncle/Aunt\" Selected=\"False\">Uncle/Aunt</LISTITEM>\n                            </LISTITEMS>\n                        </FIELD>\n                        <FIELD id=\"radio_pb_illnesstype\" type=\"RadioButtonList\">\n                            <PROPERTIES>\n                                <PROPERTY name=\"name\">radio_pb_illnesstype</PROPERTY>\n                            </PROPERTIES>\n                            <LISTITEMS>\n                                <LISTITEM value=\"Similar Illness\" id=\"radio_pb_illnesstype1\" Selected=\"true\" onclick=\"OThersvisible(this.id,\'radio_pb_illnesstype_note\',\'none\');\">Similar Illness</LISTITEM>\n                                <LISTITEM value=\"Other Illness\" id=\"radio_pb_illnesstype2\" Selected=\"False\" onclick=\"OThersvisible(this.id,\'radio_pb_illnesstype_note\',\'block\');\">Other Illness</LISTITEM>\n                            </LISTITEMS>\n                            <FIELD id=\"radio_pb_illnesstype_note\" type=\"TextBox\">\n                                <PROPERTIES>\n                                    <PROPERTY name=\"id\">radio_pb_illnesstype_note</PROPERTY>\n                                    <PROPERTY name=\"class\">form-control hide</PROPERTY>\n                                    <PROPERTY name=\"name\">radio_pb_illnesstype_note</PROPERTY>\n                                    <PROPERTY name=\"placeholder\">Notes</PROPERTY>\n                                <PROPERTY name=\"value\"/></PROPERTIES>\n                            </FIELD>\n                        </FIELD>\n                        <FIELD id=\"radio_pb_treatment\" type=\"RadioButtonList\">\n                            <PROPERTIES>\n                                <PROPERTY name=\"name\">radio_pb_treatment</PROPERTY>\n                            </PROPERTIES>\n                            <LISTITEMS>\n                                <LISTITEM value=\"Treated\" id=\"radio_pb_treatment1\" Selected=\"true\">Treated</LISTITEM>\n                                <LISTITEM value=\"Untreated\" id=\"radio_pb_treatment2\" Selected=\"False\">Untreated</LISTITEM>\n                            </LISTITEMS>\n                        </FIELD>\n                    </COLUMNS>\n                <COLUMNS><FIELD id=\"ddl_pb_relation1\" type=\"DropDownList\"><PROPERTIES><PROPERTY name=\"id\">ddl_pb_relation1</PROPERTY><PROPERTY name=\"name\">ddl_pb_relation1</PROPERTY></PROPERTIES><LISTITEMS><LISTITEM value=\"--Select--\" Selected=\"False\">--Select--</LISTITEM><LISTITEM value=\"GrandParents\" Selected=\"False\">GrandParents</LISTITEM><LISTITEM value=\"Parents\" Selected=\"true\">Parents</LISTITEM><LISTITEM value=\"Siblings\" Selected=\"False\">Siblings</LISTITEM><LISTITEM value=\"Spouse\" Selected=\"False\">Spouse</LISTITEM><LISTITEM value=\"Children\" Selected=\"False\">Children</LISTITEM><LISTITEM value=\"Uncle/Aunt\" Selected=\"False\">Uncle/Aunt</LISTITEM></LISTITEMS></FIELD><FIELD id=\"radio_pb_illnesstype1\" type=\"RadioButtonList\"><PROPERTIES><PROPERTY name=\"name\">radio_pb_illnesstype1</PROPERTY></PROPERTIES><LISTITEMS><LISTITEM id=\"radio_pb_illnesstype11\" value=\"Similar Illness\" Selected=\"False\" onclick=\"OThersvisible(this.id,\'radio_pb_illnesstype_note1\',\'none\');\">Similar Illness</LISTITEM><LISTITEM id=\"radio_pb_illnesstype21\" value=\"Other Illness\" Selected=\"true\" onclick=\"OThersvisible(this.id,\'radio_pb_illnesstype_note1\',\'block\');\">Other Illness</LISTITEM></LISTITEMS><FIELD id=\"radio_pb_illnesstype_note1\" type=\"TextBox\"><PROPERTIES><PROPERTY name=\"id\">radio_pb_illnesstype_note1</PROPERTY><PROPERTY name=\"name\">radio_pb_illnesstype_note1</PROPERTY><PROPERTY name=\"class\">form-control hide</PROPERTY><PROPERTY name=\"placeholder\">Notes</PROPERTY><PROPERTY name=\"value\">aaaaa</PROPERTY></PROPERTIES></FIELD></FIELD><FIELD id=\"radio_pb_treatment1\" type=\"RadioButtonList\"><PROPERTIES><PROPERTY name=\"name\">radio_pb_treatment1</PROPERTY></PROPERTIES><LISTITEMS><LISTITEM value=\"Treated\" id=\"radio_pb_treatment11\" Selected=\"False\">Treated</LISTITEM><LISTITEM value=\"Untreated\" id=\"radio_pb_treatment21\" Selected=\"true\">Untreated</LISTITEM></LISTITEMS></FIELD></COLUMNS><COLUMNS><FIELD id=\"ddl_pb_relation2\" type=\"DropDownList\"><PROPERTIES><PROPERTY name=\"id\">ddl_pb_relation2</PROPERTY><PROPERTY name=\"name\">ddl_pb_relation2</PROPERTY></PROPERTIES><LISTITEMS><LISTITEM value=\"--Select--\" Selected=\"False\">--Select--</LISTITEM><LISTITEM value=\"GrandParents\" Selected=\"False\">GrandParents</LISTITEM><LISTITEM value=\"Parents\" Selected=\"False\">Parents</LISTITEM><LISTITEM value=\"Siblings\" Selected=\"False\">Siblings</LISTITEM><LISTITEM value=\"Spouse\" Selected=\"False\">Spouse</LISTITEM><LISTITEM value=\"Children\" Selected=\"False\">Children</LISTITEM><LISTITEM value=\"Uncle/Aunt\" Selected=\"true\">Uncle/Aunt</LISTITEM></LISTITEMS></FIELD><FIELD id=\"radio_pb_illnesstype2\" type=\"RadioButtonList\"><PROPERTIES><PROPERTY name=\"name\">radio_pb_illnesstype2</PROPERTY></PROPERTIES><LISTITEMS><LISTITEM id=\"radio_pb_illnesstype12\" value=\"Similar Illness\" Selected=\"False\" onclick=\"OThersvisible(this.id,\'radio_pb_illnesstype_note2\',\'none\');\">Similar Illness</LISTITEM><LISTITEM id=\"radio_pb_illnesstype22\" value=\"Other Illness\" Selected=\"true\" onclick=\"OThersvisible(this.id,\'radio_pb_illnesstype_note2\',\'block\');\">Other Illness</LISTITEM></LISTITEMS><FIELD id=\"radio_pb_illnesstype_note2\" type=\"TextBox\"><PROPERTIES><PROPERTY name=\"id\">radio_pb_illnesstype_note2</PROPERTY><PROPERTY name=\"name\">radio_pb_illnesstype_note2</PROPERTY><PROPERTY name=\"class\">form-control hide</PROPERTY><PROPERTY name=\"placeholder\">Notes</PROPERTY><PROPERTY name=\"value\">9999999</PROPERTY></PROPERTIES></FIELD></FIELD><FIELD id=\"radio_pb_treatment2\" type=\"RadioButtonList\"><PROPERTIES><PROPERTY name=\"name\">radio_pb_treatment2</PROPERTY></PROPERTIES><LISTITEMS><LISTITEM value=\"Treated\" id=\"radio_pb_treatment12\" Selected=\"true\">Treated</LISTITEM><LISTITEM value=\"Untreated\" id=\"radio_pb_treatment22\" Selected=\"False\">Untreated</LISTITEM></LISTITEMS></FIELD></COLUMNS></FIELD>\n                \n                <FIELD id=\"RBexpressedemotion\" type=\"RadioButtonList\" label=\"Expressed emotions\">\n                    <PROPERTIES>\n                        <PROPERTY name=\"name\">RBexpressedemotion</PROPERTY>\n                    </PROPERTIES>\n                    <LISTITEMS>\n                        <LISTITEM value=\"Consanguineous\" id=\"RBexpressedemotion1\" Selected=\"False\">Hostility</LISTITEM>\n                        <LISTITEM value=\"Criticality\" id=\"RBexpressedemotion2\" Selected=\"False\">Criticality</LISTITEM>\n                        <LISTITEM value=\"Over involvement\" id=\"RBexpressedemotion3\" Selected=\"False\">Over involvement</LISTITEM>\n                        <LISTITEM value=\"Warmth\" id=\"RBexpressedemotion4\" Selected=\"False\">Warmth</LISTITEM>\n                    </LISTITEMS>\n                </FIELD>\n                \n                <FIELD id=\"history_family\" type=\"textareaFull\" label=\"Notes\">\n                    <PROPERTIES>\n                        <PROPERTY name=\"id\">history_family</PROPERTY>\n                        <PROPERTY name=\"name\">history_family</PROPERTY>\n                        <PROPERTY name=\"class\">form-control</PROPERTY>\n                        <PROPERTY name=\"rows\">6</PROPERTY>\n                    </PROPERTIES>\n                <VALUE/></FIELD>\n            </FIELD>\n            \n            <FIELD type=\"PanelBar\" label=\"Personal History\" target_div=\"personal_history\">\n                <FIELD type=\"Header2\" label=\"Birth and Development\"/>\n            </FIELD>\n        </PANELBODY>\n    </GROUP>\n</FIELDS>\n','1',51,'2016-06-09 13:16:01',51,'2016-06-09 13:33:32','0000-00-00 00:00:00');

/*Table structure for table `pat_encounter` */

DROP TABLE IF EXISTS `pat_encounter`;

CREATE TABLE `pat_encounter` (
  `encounter_id` int(11) NOT NULL AUTO_INCREMENT,
  `tenant_id` int(11) NOT NULL,
  `patient_id` int(11) NOT NULL,
  `encounter_type` varchar(5) NOT NULL,
  `encounter_date` timestamp NOT NULL DEFAULT '0000-00-00 00:00:00',
  `inactive_date` timestamp NULL DEFAULT NULL,
  `bill_no` varchar(30) DEFAULT NULL,
  `finalize` tinyint(1) NOT NULL DEFAULT '0',
  `authorize` tinyint(1) NOT NULL DEFAULT '0',
  `discharge` tinyint(1) NOT NULL DEFAULT '0',
  `casesheet_no` varchar(50) NOT NULL,
  `concession_amount` decimal(10,2) DEFAULT '0.00',
  `status` enum('0','1') DEFAULT '1' COMMENT 'Status common for OP Seen & IP Discharge',
  `created_by` int(11) NOT NULL,
  `created_at` timestamp NOT NULL DEFAULT CURRENT_TIMESTAMP,
  `modified_by` int(11) DEFAULT NULL,
  `modified_at` timestamp NULL DEFAULT NULL,
  `deleted_at` timestamp NULL DEFAULT '0000-00-00 00:00:00',
  PRIMARY KEY (`encounter_id`),
  KEY `FK_pat_encounter_tenant` (`tenant_id`),
  KEY `FK_pat_encounter_patient` (`patient_id`),
  CONSTRAINT `FK_pat_encounter_patient` FOREIGN KEY (`patient_id`) REFERENCES `pat_patient` (`patient_id`) ON DELETE CASCADE ON UPDATE CASCADE,
  CONSTRAINT `FK_pat_encounter_tenant` FOREIGN KEY (`tenant_id`) REFERENCES `co_tenant` (`tenant_id`) ON DELETE CASCADE ON UPDATE CASCADE
) ENGINE=InnoDB AUTO_INCREMENT=17 DEFAULT CHARSET=latin1;

/*Data for the table `pat_encounter` */

insert  into `pat_encounter`(`encounter_id`,`tenant_id`,`patient_id`,`encounter_type`,`encounter_date`,`inactive_date`,`bill_no`,`finalize`,`authorize`,`discharge`,`casesheet_no`,`concession_amount`,`status`,`created_by`,`created_at`,`modified_by`,`modified_at`,`deleted_at`) values (1,60,82,'IP','2016-06-07 18:00:25',NULL,'RA0000001',0,0,0,'1122','0.00','0',51,'2016-06-07 18:00:37',51,'2016-06-07 18:02:56','0000-00-00 00:00:00'),(2,60,82,'OP','2016-06-07 00:00:00',NULL,NULL,0,0,0,'1122','0.00','0',51,'2016-06-07 18:05:58',51,'2016-06-07 18:10:05','0000-00-00 00:00:00'),(3,60,82,'IP','2016-06-07 18:11:04',NULL,'RA0000002',0,0,0,'1122','0.00','0',51,'2016-06-07 18:11:15',51,'2016-06-07 18:13:52','0000-00-00 00:00:00'),(4,60,82,'IP','2016-06-07 18:16:08',NULL,'RA0000003',0,0,0,'1122','0.00','0',51,'2016-06-07 18:16:20',51,'2016-06-07 18:16:35','0000-00-00 00:00:00'),(5,60,82,'IP','2016-06-07 18:20:32',NULL,'RA0000004',0,0,0,'1122','0.00','0',51,'2016-06-07 18:20:41',51,'2016-06-07 18:20:51','0000-00-00 00:00:00'),(6,60,82,'IP','2016-06-07 18:21:49',NULL,'RA0000005',0,0,0,'1122','0.00','0',51,'2016-06-07 18:21:59',51,'2016-06-07 18:22:05','0000-00-00 00:00:00'),(7,60,82,'OP','2016-06-07 00:00:00',NULL,NULL,0,0,0,'1122','0.00','0',51,'2016-06-07 19:03:40',51,'2016-06-07 19:03:56','0000-00-00 00:00:00'),(8,60,82,'OP','2016-06-07 00:00:00',NULL,NULL,0,0,0,'1122','0.00','0',51,'2016-06-07 19:04:45',51,'2016-06-07 19:04:57','0000-00-00 00:00:00'),(9,60,82,'OP','2016-06-07 00:00:00',NULL,NULL,0,0,0,'1122','0.00','0',51,'2016-06-07 19:07:47',51,'2016-06-07 19:07:58','0000-00-00 00:00:00'),(10,60,82,'IP','2016-06-07 19:10:18',NULL,'RA0000006',0,0,0,'1122','0.00','0',51,'2016-06-07 19:10:30',51,'2016-06-07 19:31:35','0000-00-00 00:00:00'),(11,60,82,'IP','2016-06-07 19:32:33',NULL,'RA0000007',0,0,0,'1122','0.00','0',51,'2016-06-07 19:32:47',51,'2016-06-07 19:32:57','0000-00-00 00:00:00'),(12,60,82,'IP','2016-06-07 19:35:35',NULL,'RA0000008',0,0,0,'1122','0.00','0',51,'2016-06-07 19:35:45',51,'2016-06-07 19:35:58','0000-00-00 00:00:00'),(13,60,82,'IP','2016-06-07 19:37:31',NULL,'RA0000009',0,0,0,'1122','0.00','0',51,'2016-06-07 19:37:45',51,'2016-06-07 19:37:56','0000-00-00 00:00:00'),(14,60,82,'OP','2016-06-07 00:00:00',NULL,NULL,0,0,0,'1122','0.00','0',51,'2016-06-07 19:39:05',51,'2016-06-07 19:39:19','0000-00-00 00:00:00'),(15,60,82,'IP','2016-06-08 15:33:52',NULL,'RA0000010',0,0,0,'1122','0.00','1',51,'2016-06-08 15:33:59',51,'2016-06-08 15:33:59','0000-00-00 00:00:00'),(16,60,87,'OP','2016-06-09 00:00:00',NULL,NULL,0,0,0,'8888','0.00','1',51,'2016-06-09 19:11:22',51,'2016-06-09 19:11:22','0000-00-00 00:00:00');

/*Table structure for table `pat_notes` */

DROP TABLE IF EXISTS `pat_notes`;

CREATE TABLE `pat_notes` (
  `pat_note_id` int(11) NOT NULL AUTO_INCREMENT,
  `tenant_id` int(11) NOT NULL,
  `encounter_id` int(11) NOT NULL,
  `patient_id` int(11) NOT NULL,
  `notes` text NOT NULL,
  `status` enum('0','1') DEFAULT '1',
  `created_by` int(11) NOT NULL,
  `created_at` timestamp NOT NULL DEFAULT CURRENT_TIMESTAMP,
  `modified_by` int(11) DEFAULT NULL,
  `modified_at` timestamp NULL DEFAULT NULL,
  `deleted_at` timestamp NULL DEFAULT '0000-00-00 00:00:00',
  PRIMARY KEY (`pat_note_id`),
  KEY `FK_pat_notes_tenant` (`tenant_id`),
  KEY `FK_pat_notes_patient` (`patient_id`),
  KEY `FK_pat_notes_encounter` (`encounter_id`),
  CONSTRAINT `FK_pat_notes_encounter` FOREIGN KEY (`encounter_id`) REFERENCES `pat_encounter` (`encounter_id`) ON DELETE CASCADE ON UPDATE CASCADE,
  CONSTRAINT `FK_pat_notes_patient` FOREIGN KEY (`patient_id`) REFERENCES `pat_patient` (`patient_id`) ON DELETE CASCADE ON UPDATE CASCADE,
  CONSTRAINT `FK_pat_notes_tenant` FOREIGN KEY (`tenant_id`) REFERENCES `co_tenant` (`tenant_id`) ON DELETE CASCADE ON UPDATE CASCADE
) ENGINE=InnoDB DEFAULT CHARSET=latin1;

/*Data for the table `pat_notes` */

/*Table structure for table `pat_notes_users` */

DROP TABLE IF EXISTS `pat_notes_users`;

CREATE TABLE `pat_notes_users` (
  `vital_note_id` int(11) NOT NULL AUTO_INCREMENT,
  `tenant_id` int(11) NOT NULL,
  `note_id` int(11) NOT NULL,
  `user_id` int(11) NOT NULL,
  `patient_id` int(11) NOT NULL,
  `seen` enum('0','1') NOT NULL DEFAULT '0',
  `created_by` int(11) NOT NULL,
  `created_at` timestamp NOT NULL DEFAULT CURRENT_TIMESTAMP,
  `modified_by` int(11) DEFAULT NULL,
  `modified_at` timestamp NULL DEFAULT NULL,
  `deleted_at` timestamp NULL DEFAULT '0000-00-00 00:00:00',
  PRIMARY KEY (`vital_note_id`),
  KEY `FK_pat_vitals_users_user` (`user_id`),
  KEY `FK_pat_vitals_users_vitals` (`note_id`),
  KEY `FK_pat_vitals_users_tenant` (`tenant_id`),
  CONSTRAINT `FK_pat_notes_users_note` FOREIGN KEY (`note_id`) REFERENCES `pat_notes` (`pat_note_id`) ON DELETE CASCADE ON UPDATE CASCADE,
  CONSTRAINT `FK_pat_notes_users_tenant` FOREIGN KEY (`tenant_id`) REFERENCES `co_tenant` (`tenant_id`) ON DELETE CASCADE ON UPDATE CASCADE,
  CONSTRAINT `FK_pat_notes_users_user` FOREIGN KEY (`user_id`) REFERENCES `co_user` (`user_id`) ON DELETE CASCADE ON UPDATE CASCADE
) ENGINE=InnoDB DEFAULT CHARSET=latin1;

/*Data for the table `pat_notes_users` */

/*Table structure for table `pat_patient` */

DROP TABLE IF EXISTS `pat_patient`;

CREATE TABLE `pat_patient` (
  `patient_id` int(11) NOT NULL AUTO_INCREMENT,
  `patient_global_guid` varchar(50) NOT NULL,
  `patient_guid` varchar(50) CHARACTER SET latin1 NOT NULL,
  `casesheetno` int(11) DEFAULT NULL,
  `patient_int_code` varchar(30) CHARACTER SET latin1 NOT NULL,
  `tenant_id` int(11) NOT NULL,
  `patient_reg_date` timestamp NOT NULL DEFAULT '0000-00-00 00:00:00',
  `patient_title_code` varchar(10) CHARACTER SET latin1 NOT NULL,
  `patient_firstname` varchar(50) CHARACTER SET latin1 NOT NULL,
  `patient_lastname` varchar(50) CHARACTER SET latin1 DEFAULT NULL,
  `patient_relation_code` varchar(2) CHARACTER SET latin1 DEFAULT NULL,
  `patient_relation_name` varchar(50) CHARACTER SET latin1 DEFAULT NULL,
  `patient_care_taker` int(11) DEFAULT NULL,
  `patient_care_taker_name` varchar(50) CHARACTER SET latin1 DEFAULT NULL,
  `patient_dob` date DEFAULT NULL,
  `patient_gender` varchar(2) CHARACTER SET latin1 NOT NULL,
  `patient_marital_status` varchar(2) CHARACTER SET latin1 DEFAULT NULL,
  `patient_occupation` varchar(50) CHARACTER SET latin1 DEFAULT NULL,
  `patient_blood_group` varchar(5) CHARACTER SET latin1 DEFAULT NULL,
  `patient_category_id` int(11) DEFAULT NULL,
  `patient_email` varchar(50) CHARACTER SET latin1 DEFAULT NULL,
  `patient_reg_mode` varchar(2) CHARACTER SET latin1 NOT NULL,
  `patient_type` varchar(2) CHARACTER SET latin1 DEFAULT NULL,
  `patient_ref_hospital` varchar(255) CHARACTER SET latin1 DEFAULT NULL,
  `patient_ref_id` varchar(50) CHARACTER SET latin1 DEFAULT NULL,
  `patient_mobile` varchar(50) CHARACTER SET latin1 DEFAULT NULL,
  `patient_bill_type` varchar(2) CHARACTER SET latin1 DEFAULT NULL,
  `patient_image` longblob,
  `status` enum('0','1') CHARACTER SET latin1 DEFAULT '1',
  `created_by` int(11) NOT NULL,
  `created_at` timestamp NOT NULL DEFAULT CURRENT_TIMESTAMP,
  `modified_by` int(11) DEFAULT NULL,
  `modified_at` timestamp NULL DEFAULT NULL,
  `deleted_at` timestamp NULL DEFAULT '0000-00-00 00:00:00',
  PRIMARY KEY (`patient_id`),
  UNIQUE KEY `PatientCasesheetUnique` (`casesheetno`,`tenant_id`),
  KEY `FK_pat_patient_tenant` (`tenant_id`),
  CONSTRAINT `FK_pat_patient_tenant` FOREIGN KEY (`tenant_id`) REFERENCES `co_tenant` (`tenant_id`) ON DELETE CASCADE ON UPDATE CASCADE
) ENGINE=InnoDB AUTO_INCREMENT=90 DEFAULT CHARSET=utf8;

/*Data for the table `pat_patient` */

insert  into `pat_patient`(`patient_id`,`patient_global_guid`,`patient_guid`,`casesheetno`,`patient_int_code`,`tenant_id`,`patient_reg_date`,`patient_title_code`,`patient_firstname`,`patient_lastname`,`patient_relation_code`,`patient_relation_name`,`patient_care_taker`,`patient_care_taker_name`,`patient_dob`,`patient_gender`,`patient_marital_status`,`patient_occupation`,`patient_blood_group`,`patient_category_id`,`patient_email`,`patient_reg_mode`,`patient_type`,`patient_ref_hospital`,`patient_ref_id`,`patient_mobile`,`patient_bill_type`,`patient_image`,`status`,`created_by`,`created_at`,`modified_by`,`modified_at`,`deleted_at`) values (80,'75575eec-cd44-5ec9-8594-ed8c08b2aa0e','cc834864-e24f-58ab-9934-86e0d3b4fec2',NULL,'AH0000066',58,'2016-06-04 19:04:52','Mr.','Nadesh Ji','S',NULL,NULL,NULL,NULL,'1991-06-04','M',NULL,NULL,NULL,NULL,NULL,'NO',NULL,NULL,NULL,'9789741406',NULL,'data:image/png;base64,iVBORw0KGgoAAAANSUhEUgAAAMgAAADICAYAAACtWK6eAAAgAElEQVR4nOydd1NT2/v2nxfya/P1HEVqCAmB9FAEVFRQFBVE6R0EC1KUJk16770IUqSDomAFsfde6aFZTrFfzx+bRAJJCComKpm55sx4SNl73Z+91l3Wvf5fU20pfjVx2EyQSCTo6en9FOLxeOBwOOBwOODxeFL/lsvlgsFgQFdXV6poNBqWLFkCOp0+67sYDAYYDIbEzyeRSFiyZAnU1FSxb4836o8UobGmRO7jKg/9P3n/gIVQaNBeLF26FCwWS+7Gv1BAMZlMqYBoa2uLBUQAAZ1Ol3p/GAwGVFRUoKSkhNUrjZAUdxA1FXm/HSi/JCAN1cXgspnQ0NCY84n8s0oACZ1OlwiJJED09PTAYrFAp9PB4XCkfoeOjg5UVFRAImnAbocVstPiUFdZKPcxXgTkG9RYU4LQ/X5QUVGRaCC/gng8ntDQZ8JBp9Pxxx9/gEajSXy/ADAulyv1e7hcLqhUKtTU1GBkqI8DAbtRVpiBhupiuY/1IiAzVFWWg9SESGSnx6G2skDi31WX52GD+VpoqKuDzWbL3ZgXEhI2my3WL1FSUoKmpqbU99PpdNDpdJlmWhaLBU1NTWhqkmC9dROSYg/iaFWR3G1iEZBpSk2IxKqVK7DGdCV2ebsh+uB+5GYkoLQgXQSYhuoSpCdFw1CfBzKZ/MsutaY/5WcuudTU1KCiojInYHQ6HQwGQ6Z7xOVyoa2tjeXLl8NAn4fwYH/UVOTL3S4WAZlSfEwomAxdqKioQENdHUwGHWZrV2PzpvVwtLeBh6uDUC6OO7DCUA9KSkqg0Wi/PCQzZxMKhYI///xzziWUILKlq6sr0z0SQEUsYXXgt9vzl3Xef0pAWEw6KBQKKBQKNDU1QSKRoKGhIVYkEgkkEgnq6uoyG8DPLg6HI4xyLVu2TKofMtPo5/MgEUS6KBQtHAjYLXfbWARkChAGgwhjslgsUKlUaGtrz5kXIJPJUFNTA41Gm/OJ+itIMJtoampCVVVV5vcwmUxoa2vLDAmTyYSKigqoVC34ervC080BOz2dEX0wCJUl2XK3l98SEF0dGrS0tKCnpwc2mw0dHR1oaWlBR0dHIiA6OjqgUChQV1cHhUKRGt78VSSARFtbe17vY7FYoNFoMgc3mEwmli1bBg0NddBo2qBStMCg68B0tQn8dnuhojhL7nbz2wCSFBsOJkMXJBJJ+JQTZJcFy665ZhMWi/VbLLUE+poZk81mzwsSQWJSXV0d2trawocRlaIFRzsbFOelyt12fgtAstNiscrECGpqaiKDx+PxREDR0tICjUYTCwiDwfgtZpBvFYfDkSlPIrj/y5cvx9KlS4X3nUajgUQiQVVVBZYW5sjPSpK7/fzygJTmp8Fqy0YoKytLrCfi8XjC+iYWiwVtbW2xsDCZzN9qJvkaCcpSmEzmnH9LoVDwxx9/gEwmiyxtyWQyli9fDi6HidjIYNQf+XlyJz8dIPVHiuDr7Sp8Us1noDkcjvC/Av0ODvv3gITBYMxZ28Zms7FkyRKoqqqKrQ1bvnw5lispwcF2G0ry0+RuS78kIE21pYgIDYAWWfO3SAAqigTLLWk+CZfLhZKSEpSUlCQGSoiQuxq2brZA/U9QqvJTApKXmYB1a1ZBVVX1l63YVUTNVbsl8EOWLVsmERAej4uEQ2E/TR3XTwlI7eECuDnbQUVFGbq6ugtiDAI/Rt5GqWgS7CURd2/mAkRLSwtrVpsg8VA4ag7/HOUpPx0gDdXFqC7PQ9gBPzDohAP4vf0IQcJMFsf0d5NgqSUuCigARNISi0qlQllZGUyGLny9XREfE4rk+AjkZSaiND9d7rb1UwBSWZqD8sIM5GYkIDPlEGKjQhAVHoSQoD0I8NsJv91e8HR3hK3NVjAZdOKGL4Ahczgc6OjoLC7hxEiSLyLwQdTU1CTmoARl88uWLYO2NgUsJh2WG80R6Ocjd9tTeEDKCzOwd5cntllZwmztapiuMgaHzQJdVwdkMlEyoaGhAU1NTVAoFJDJZCgpKUFLS2tBolGCjPIiJLPvi7hkK4vFEkYXBX8zXQIfRlD5oKWlBQqFAhvrzUiJj5S7/f0UgBwM8Yf5OlMsX65EZGKpVKHEOX3q6urCKf17+wyCpdZ8Msq/gwQ5ppn3W0dHB8rKyhLHQfA+QcUxnU6Hvh4XRbkpcre9nwIQgfIyE7Bj2xYoKyuDRqMJE36Cpw+NRhMm/gTxdVVV1QUxYh6PJ4RR3Cz1Mzny3/O3ivsswRjJ8n4ulws2mw0mg46c9Hi529xPBUhTbSnKCtLh5e4IJSUl4RJHkNybDougUnfZsmUi9VmyDNB8/lYSJGw2W6ZuJIoggVEq0u9lMpnYYL4WlaU5cre5nwqQptpSVJfnwtFuG9TU1GYNqCAjLoCFRCJh6dKlIJPJMg3MXA0LxBmXlpYWtLW1RSARZJkZDAbYbLbCGJ6062CxWMLMuLxhIfah6GLvLk+529tPB0hTbSkqS7Kx3nyNsLxd3A0WlHULdtBpamrO6bSz2Wzo6urOy7kXfMfMTUWCzxJsXVX0auHpzR4EYjKZYLPZcim9YbPZ0OdxUJKneOUnCg9IY20pMlJiQNEiz5kUFLSp+fPPP2XKss+cDWQRi8USziQzDW5mVxHBrPI9jU4wawqWSt/y2Ww2e1ZHlOnQCGCfroWYcXg8Hhh0OrzcHeVubz8dIE21RHIw5uB+kDQ0ZHLEORwOli9fjj///BNUKlXiUorD4cx7r7pga6qmpiY0NDREB1lKx0NBo7ZvhUVSZ0VxBi1LUaYsTeh+RAU0i8WC0Qp9HFawzVUKAUhjTQnqjxShrqoQdVWFqD8yu06nqiwHLo47QCKRZN6fQKPRoKysjKVLl4JEIoldUlGp1HlHvwQl4IJNQYLPFPy7LIYmmF0ET+T5QipL+9GFEIPBmHUPv8cMyeFwwGIyEOC3U+72qHCAlBdlItDPBw6227DDZgv893ojPysJR6tEO/hlp8XB0IDYdyDroAie+GQyGZqamrOy7jweTyafRdwTT7ApiEwmC/0OQSnG1xifwBcQPP0FkTZxkrVH70IDIpiBvhUQwfJ4k4W5QvXaUghAqivyEHZgHzZvXA8dGhXLli2FhoY6Av18pkAhblhuRgJWr1oJEokELS2t75b3YDAY89pbMt0wBOFfKpUqrHT9FkgkgcNgMIT1YQIpAiCC7Pj3WHYxGAysMNBDaoLiZNUVAhCBjh4pQkRoIIyNVkBdXR1Lly6FoT4PwYF7kJl6CPHRYTA0NASDwYCqqqpwRvgeg0Oj0eb9JBTMTgLjESQvBdni7wmJomg6INMfBN/jYcVms8FhsxC0z1futqiQgAh0KDIEZuvWgkajQU1NDcrKytDjcWC5cb0w16CjowM1NTVoaGhAV/f7lJlQqdR5112Jmy0E/oUg3yBvo14IQGb6Qd9jFuFyudDR0YGjnY3C7BdRSECaaksRERYI09WrhDeNTCaDTCYLn/KCrhsaGhpQU1P7KuMWt2T6muJESeFSgT/xK0EiaHgxM6ytq6v7XYo6aTQaNm5YpzA9tRQKkKLcFESEBiBwnw/8dnvCxGiFxJsueHIL4FFTU4O6uvo3NYab7njL2qt25nvFGZSgklXexv0tElTgkkgk0Gg0icvHb+0WQ6fTsXqlMTJSYuRujwoFSGpCJLZs2gBdHRqoVC1QqRSoq6lBVVVVrMHPjOJoa2sLW4wKQPna8K3g82RteSOYgSRBInCyBRWs8jb2+UowU+tSydAmk6CpqSl1hvmWsC+TyYS+HhfR4UFyt0mFAiQlPgLeHk7Yvm0LuNwvs4O0RN5MgxREk0gkEtSm4KJQKPOa+qdHpgQtTWV9Kko7r0MAikDyNnpZZw0KhUK0LmXoINXfHTttLKA1ra2PODGZzK+GROCo7w/YJXebVChAag8XoKosB+VFmbDaagl9fX2Znvji1vcCUDQ1NaGurg4VFRWRWUXa0onD4cx6egoiXLJ2Pp8rgqXIoFCpVJDJZJBIJKKDvpoq7CxM0ZQSgr7WQuSF+IDL0JXYlG86JF/jtHM4HGhrU+Ht4Sx3m1QoQKZr7ZpVMt9cScsaASg0Gk046Orq6lBWVoaqqiq0tLRENmIJ8gyCpdDMzxF8liyFiIKEoSzOuY6OzoKCQqPRhDv3yGSy2A74qqqqwnY9KioqWLp0KZb++ScMmDrICd6JB0ezMHayDC9PHcbxzIMwM9YTu4Hte0DC5XJBJpPh4mgrdztUSEBqDufDaIWB1NohQTKOzWbPeU6fOCPXplBgzGVCXVUFf/zxB/744w/8+eefIlq6dCmUlJSIZmczpKqqCjU1NVAoFGhra0tcggkOtZH2uwRLGE1NTanNt79FgmsXLBsFEcHpIlqEqmLJkiX4Y8kSRHja4VZ1GkY6SvHy1GGhBtoK4bbVXKof8q2QUKlU2FhvxpHyPLnbo8IBkpUWCwN9nlRApM0acz1NeUw68kJ90ddaCH5HKTpzotCaFoYjsQEI89iBbetMsN5YD+uN9bBBiow5DPyxZAmWTElw3JmurmhzbFl+ryDfs3TpUigrK4NEIsn0hP4e4GhpaUFFhXhQqCovx64dm3C9MhXjneUiYExXYdgu6DHpMh078TWQUKlUbN1soRBd4RUOkIPB/mCzpVe9fk0dkra2NsxNDNCSGipx4Oere7WZ6MiKQJKfK8xWcKG0bCmWLf0TS//8E0rLlhFreA0NaJHJoE51nhdKS2vWU1xdXR3Lli3DkiVL8J///Ad//vknlJSUoKqqCjKZLDITfC0Q2trawjNDli0jllJ6dBqS/Fzx8Gg2Jrsq5rzu+3VZ2LLGCFpaWjJ/93z2yCwCIkUBfj5gs6XfzPnMIjo6OqBpa2P7+tU4Vxj73eAQp/62QpzOi0Fdwn6k+rsjxM0GrpvN4LhxzSxtWmUIXS1NobTJGtDSUBOKpKYCdRVlqKksh5rKcigrKWH5smVQVVGGmipx/JxgqUcikaYO1xQvNTU1qKmqQkNNFWR1VdDIJJhwGdi1YxOaU0Iw2F4072utTzwAIy5rTmf9ayBZBESKbLdvBZM5d5JOllmEgIMK+41rcKEkYUHh+FY9bcrD+cJYoY4m7kdBqC9yg32QG+yDKG97+GzfCJ/tG+G9zQI2ZithwmXAhMuAAVMHHB2qWOnRtbGSx4TVWmMk+7mhMycKfa2F3+U3h3vYgqk7vxlNFkgWAZGiTRZm0NWdu7ZqrllER0cH2lQKtpmtxIWSeLkDsJB61JCD3tIEsbpVnbZg3/u8JR8OG9eAKsOhRfOBZBEQKTIxMpR4Rt70CNZcNU7aVCrMjfXRkRUhdwP+lXWuMBbrjfVlOtlruqRVOSwCIkFVZTkw1Cf6UInLK0zvzift5lOpVPAYOjhyKEDuBvQ7qD09HMZc5rycdkntS3k8HigUCnZs24JqBTh/XaEAyc2IB4c9u2n0fLaY6ujoQJOkjsS9LuCfKJW78fwuOhy9D2xd7XnNJOJq3QTtldyc7eVujwoHSFpiFJgMXbEbl2SNWqmrq8Nn+0Y8b86Xu9H8TuKfKEV+qC8Y2rIdpCrQzKppDocDCoUCD1cHudujwgESFR4EmjZVLCCyNEQgk8nQZ+jgVnW63A3md9TQsWKk7HODhrqaTIlOcc322Gw2tKlU7PR0kbs9Khwg4cH7QNcVf+TAXFErGo0GJSUlHI7YLXdD+Z31pCEHYa7WUFZWlgiJYNOVpP6+TAYdgQqy7VahADkQsBu6upL3cUhrhqCurg6nDSvx7GiG3I3kd9ZEZzmuFR+Cy8bVUFFRmZVInNlQT9wRCiwWEwcC98jdHhUOEE93R5DJmrMAmauEnEqlQkNVBccS/TF27PskwRb1leqqAL81Fx3JgVijxxT2DBDnoM/s4MjhcMBkMmFsZIi46FC526PCAeLuYg9NTZIIILK00FFTU4OH5Ro8OByPiY5i+RvJ76yuCoy156G/LhX5Aa7QIqmJnJsuLaIlqHw2NjJEcnyE3O1RIQHR0iILHTdZQrtUKhUkdVW0xu/DcEM6Jk6UyN9Ifmd1VWD8WCH4jRm4Vx6LvTbroaysLLXyd3qnfTqdDtPVJshOi5O7PSokIDTal/0VsvSNVVNTg82aFbhWGAV+YwZeylCNuqgFBuR4EfiNGeA3ZqA2chd4OkSLVnE1WzOPoaDT6dhoYYaywgy526PCAzI9eiVumaWtrQ1VFWXk+ruirzZlERBF0AxAnlcnIchuE1TERLXEndGio6MDSwtzVJXlyt0eFQ4QR3sbUKkUkRlEmnOuqakJY44uTqUdEA7IIiCKBQi/MQPlIV7g0LRm7UKcHtESRLPodDrstlvJ3RYVEpAN5muhrq4ujJHPVa2rqqqKvTYbcLcslhiMpsxFQBRAEydKRAC5nB8BmzUroKamJnaZNT0vwmQy4eZsJ3dbVHhA5sqcUygUkNRUkR/gisGjqeA3ZmC0JXsREAXQ5MkyEUAGj6Ziv4MlSOpqs5z16X20uFwueFwO/HZ5yd0WFR4QQdmBJEBIJBJMeQx0JAcKB2IREMXQTED4jRko2u8Orq7ocd4z+2dxOBwYGugjdP9eudviTwGIpCJFwfLKe+s63CqJWQREwSQOkKbYvVjJZQgLGQUnbs2swzIxXqEwSUKFA8TG2hJkMllkBhEX5qVSqVi+fDliPGwwUJe6CIiCSRwg5zJDsH4FR6TSd/rhoYKAzNo1q5CVGit3W1RIQFydbKGtTRWesSfJByGTydAma6B4v4fIICwCohgSB8jl/AhYrhS/81AACJPJxBrTlcjPSpS7LSokIII8yFzbaUkkEkzYumiO9VsERAElDpAbxdFw2LAKOjOKF6eHeJlMJjaYr0VVWY7cbVGhARGczCopvKuuro6NxlycTj+wCIgCShwgV/IjYLPOWCSKNXMvCJPJxOZN69FYUyJ3W1R4QPT09MTOIjQaDaqqqnCxWIWbxdGLgCigJC2xrNYYiQAiSBQKIll0Oh0bN6yTux3+NICIC/MKHHTvretwvyJuERAFlCRANkvwQQQlJ3Q6HRvM18rdDhUWEF8vV9Bo2mAymRKP+RIAEua8ddYgLAKiGJK0xNq8ykAsIIIt1ouAzKHw4H1g0Ocub5cISPMiIIogcYA8qUqErZnJLECmH/65CIiMgEg7qkwaIIu1WIohcYDwGzPgtGHlrN5Z0zfHLQIyh6IP7geTSZeaA5EKyGI1r0JoPoBMj2ItAjKHMlMOCRvHSdootQiI4ksSIB6Wa0CZBgidThfZC7IIyBya3llRUqGitrY2lJWVEey4GcP1aYuAKKBmlrsLtN/BEjpUirDkfWb/s0VA5tDhkmwY6HOhq6sLLpcrFhBBHsTX2gyPKhNmDcJkl+STkQQaP16E0ZYc8JuzhRquS8FAZaxYDVUnYqQxA/zmbIy25mJSyulL0jRSn46Rhm9rajd+rAD9FdGY7Cyb//sFm5mmrnmoNlniNQ9WxQmvWaCx9gIZ7m8FJjqKxAIS5WYNpo62EJCZ/c+YTCa2WG6Qux0qLCBNtaLd3cX5IYJMutOGlbheGDVrECZOim/aMNlVDn5TJp7lBuFulCNuhW7DzRBroa4HbsJVP3OxuuZvgRsHtuJmiDVuhdngbrQj7sU4436cG55k+uF5QQj6K6IxVJssFqDJk2UYPBKPW6HbcD/e/avhmOwqx4viMFzdtx7PC0Mw0TH7WsfbC8BvykJ/RQz6y6PwJNMPD1N8cC/GGXdjnHA7wlama77qtx43p65ZoNvhO/Ao1RfDdSmSARWzo1CgWK/tYNCowl5Z0wHR19fHihWGcLK3kbsNKjQgGzesA42mLXVHIZlMxtbVBjibETwbkJltf7oqwG/OxuOMvbhxYAsueRmjx5GNbgfmN6vHiY1eD0Nc2rkSV/asxTX/DbhxYAtuhW3H3RgnPEzeiUepvrgb44Rr+9ajx4mDR2m7vn4G6arAYFUcLrjwcNlnNe5E2uNRqi8epfrifpwb7kTY4mawFW4EWeLKnnW4snstej0MccFV77tcb7cDE71u+rjmb4H78e4YPpo6+8g2KYAUBrmBx6CJBYQQD+4u9nK3QYUGZIfNFmhrU8HlciUusygUCtYasNES5ycVkMmTZeiviMbNEGv0ehii25H13Qxlbng4uOCqh143ffQ4c9DtwMTVvWZEruZblljHi3A3xln4Hb1u+lPfwUW3w4+7vgsuPFzz34An2f6YPFkqCshU25+ZOhzmDQOWrlhAiAcicxGQueTp5igEROC4ifNDmDpUpO9xQF9NisggjE91Vpw4UYpHabtwydsEPU6cH2Y4knRj/xYMVMV9exChqwL8xgzcibQXgic3ObLQ626IOxF2GD9e9AWQ9nyxgHQkBcKEwxDWY03Pgejr6WGFof4iIHMpaJ8vtLWpwnosSeFeTRIJAbYbcb88bgYgBRg/XoSbIda44MITXR54GOLG/s24F+eGp3lB6C+PRH9FtFDPi0PxKH03HqXvxsPknbgT5YDbEbZCXQ+wwJXda4W66GEokyFdD9hIrNtlCCDICslYay4eJnnLBEmPE1vkd1/zW0/4FNOu7WHyTuG1P8nxF7kv/RXReFEchgdJXtOWqaxpn8/BZd/VRABiqrOiOEB6ssNgqscSAjJ956ihoSHWm6/FTk9nudugQgNyKDIY2tqUOfelk0gk7NthgXvlsSKDMFSXgqt+5sLl1AUXHm4EbcbjjL0YrIrDUG0ihmuTMFyXLF61SSIamq6aRDFKwFB1AvrKIvEk21+s+soiML4ALVHH2wukfu9QdQLx+2oSZv/u2kSRaxO57joJ96c2iXhfTSKeF4bgbrQjLnqs+PIAcjfAYE2iREDul8fBzIAt3Jc+c4llbGSI8OB9crdBhQYkOy0ONG2KcPrl8XgyAzJQeQiXfVahx4mNix4rcCfSHv2HYyTD8AO1UC1Rx9vz5X5tj9N348qutcR991yBvpKDYgHhN2bA0kRPLCBcLhdGhgaLgMgiNosBBoMhkkASB0ig3SY8mCp5HzwSjxv7t+DqnnV4nL4bg0fi5G44PwSQ44UYqU+V+/UN1yXjeVEIboXZ4Jq/BfrLIsUC4mttBrrObCfdwEAfFuvXITIsUO72pziA1JSguTIPrSWpaCtMFGoljwUdGk0kgSQOkNTdjuA3ZmCkIQ2PUnzwLJdoAaQoBvNFKQsGyERHEUYa0hTgGpMxfDQFo83Z6C+PwqO0XRiuS54FyAEHS9BpRLJwOiAcDgerV+ihIHa/0A5ai1PQXJmLJjnuMJQfIDXFaC1MwslId5z1WiniVLqw1UCjkEVu3kxA1NXVkbLLnvA7apMwMq3sZPxYofyNZZpGGtJEQ6HfUZMnS8FvypL7NQpgmDxROvWQSsNwbdIsQFJ22YNN15kFCJfNgjlNFTVbdYR2cM7dCCcj3NBanIqmmuLfC5CWskx0htjjvCMbF1z1cNlntTDKcnAdHTQySVjpKS4fQtYkIX2Po9hpfLKrHPzmrzSa2iRh1GZeKgnHgAR/h9+U+XWlIbJGtNryMHw0Rfh9Q7WJ6Cs5OO9r6CuLwOCR+K+EIx0TJ4oJYCX4H/zGDFSEeoFLp80GhMXEZqYGTnkRdnDZZxUuuPBw3omDk+HOaKnI/o0AqSlBe3YkzrmvwEVPI9w75IIXRWHoL49Cf3kUKgOdQCWpCwERV3bCoeug+ICH2EGYOFmKiZOl4DdlihiOJA0eiceTLD88TPLCgwQPYh0dsHFeuh64CbcjbPEkcy9elIRhqPqLoY215S1oEaWgOLC/IhrP8oLwINET14Ms530NN4O34m6MMx4meeFx+i68KA6TaVnFb8oULiHHO4qlAnIsMQAGLLoIIPr6+jAy0IOFIUtoA8+LQnE3ygG97oY452GEtrxYuSy15AJIc2U+ThzyQbcjC7fDd8zKLt+uTheZQcR1WFzBYeBw2E7xgEyFVCdOlmK0NQcjDekSB/hZ/n7cT/TC46JI3Ms6gCpHY+RbaqPchoHCzTSkrSUhbS0Jcas0cNBYDdGrNZBjTUfmFh1EmKjhTkkcXhzNxrOqVNyKcsYlbxPcjXbEs4ID6CuLwEh9KiYW8Lz2yZNlGGvLw2BVHJ5k7cM1/w245GOKJ2WxeFGXjWe1mSh1M0e8mRayrXSRtJ6CcCM1RJmoIcmUuLYcCwoqbBgot6Ejw0wTVxN343FRJB5m7MOjtF0YrIoVAWKkPhUjDWngN2VirC1PZPk4flx8Fl2gc5khMJzKpk8HZNUKA7htMRO5Nn5jJm4e2IpuRxY64vei+Ujh7wFIS1kGTgVsxQVXPTxK2zWrnmf0RBnYNMosJ256Jn2NARf1MXvEDsL48S/nFE52lmOioxhj7fkYa82dquLNwmB1Ah6l+OBuvAcGj1Xg35E+jDy6C6fVdHiuo8DHXBtbmEpYrfF/WK3xfzBU+R+wlf4Leqr/C9tVZLhtoMGcuRxtDTUAgE/v32Hi6mncCLPF9YCNeJZ/AMN1yVO/ZeFmj8nOMoy1F2D4aCrux7nhopcx+hry8OGv1wCAN69fYftaPdiYaMJxLRWrqH+ApfRf4C3/b5io/S9Wa/wfzClL4LlGC/s202Grr4b6gnS8HRvCxPWzeJQXiruHXNBfFoHRlhyMtedj/HghJo4XTYE//doqiGJJKYA8qIiDEZsOGm3aYa08HvQ5bOx32SZ6bV3luJ/ggQsuPJwK2oaWwz++X5ZcAGktTsEZ33W47LsaL4rDxQ78ZtMV0NXVFYmTTwdk8+oVIo2rp2usPV+8MXWVY7KznBioJC88zD6AiWtn8PHtPwCAG1d6YcFRhtsGHWwzIoGj/N9gKf3XLK3VXQZvSzqczbUR4usKwevj23/AP9uMGyE2eJDkLSx7+RHqL4vCNX8LPCmNxbtJPoDPAIC7N67BnLUcrutpxDUtF39NZvRl2GnJgOt6GkJ8XQAAnz9+xN8vHi81xbkAACAASURBVOJFbSbuJ3ih/3CMdF9qyh+SBgi/MQOreUzQaDSRc2D0OSxkBHrO+sxn+QdwydsYZ3aZo6U86zcBpCgJZz2McWXPWvRXxIi92ZHe9tCmUkUyrYI+WTQaDVvXGOFkSpDYARhtzZU4iCP16XiYuht99bn468VDfP74QWjg3ac6YG2kAT87E9QUJqOuohj261fOMqaVlCXw2cyA1yY6AtxsMP318Z83GDlVjzux7hg4fOiHwDHWlo+7h1zxpDwe/4704fOnT8Lf03vuFKxWaCDc2xIXTh9DWkwY9NT/I/aadm5mwNuSgX2u1l8u6PMnvH81jtGeNjzM9MeL4nBMSIrIdVUQM/QcgJiwdUUA4XK50GPRcSQ2YNZn9pUexGWfVTjraYKWsszfA5C2ggScc+GJADJ5sgx9ZZG4GWKNa/s2IHMrFxpqqrOOYhNsu3XfvBZXC8Qno/gSKmb5TVl4XhYD/vlWvHs5is+fP4kY971b12G1QgP7Xdbi7LEanO88jl32VrOMaRNXBbutWPC2pCM1cj9mvj7+8xcGjx3G0/xgkeXeQulFSTieVybhn4GnInAAwGDfc9isJCNxvzOePriNI0U5WKmtMvuaOMrYtZWFnZYMxAT5zLqmT2//xesH1/C8MgmD1Yni68q6KsBvypoTEKcNK8Ggf6nF4nA44FI0UOVghDtRDhisTpgFyDkXPbSUpv8egLQWJ+PsTlNc8jbBs/wDU4N8EFf3mqHHidircXSrDlSUlonsFxD4IRQKBd5W5iJHH4gqc/ZTtj0fw+0lePPkDj69eytcgkx/vXn9Cnvs12PnFhYOOK+GxyY9GJGXihiSIen/4LFBB3u3seFiTkPP6c5ZnwMA79+8BP9UHUZb8xYUjomOEoy0F+OvZ3dnwQEA7969xX43S/hac3HAZS1sTengKP+PyDWZ0v6E72YG/Lax4bqehvNdHWKv6fPHj3g3OQr+qTrwW3LF7gWZCw5+Ywa8t6wDc9r5hBwOBxz1ZejYTkePMwc39m/BUE0iXp46jCfZ/rjouQJnfNb8Rkus4hSc8VmLix4r8DSbmFbvxboQ1beOLFzda4bbUfbQUlcROWBFcOrU3IBkiKyVJzvL8bKnEe/4fbNmDZGn5KdPuHrhLNwsWNhtxULAdi58LOmwNdHEDmNNOK+lwt+Gg8AdPPhYMpAeHYSPHz9K/rx3/+KvW2cWFJDXl1rxflTydX3+/Bk3r1yA6wYWdm1lwW8bBx4bdLDdiIQdxprwXK+DwB1cBNry4LOZgYyYIHyctuwUe13//oVX1zoxOeO3zJUDkQQIk8nEaromLu9eS1QHO7LwMMUHL08dxqO0Xeh1N8AZ33W/DyAtpek4tc8S3Q5M3I9zE96IawEW6HXTx/XATRiuTcLmlXoinS+4XC4YDAbIZDIOullLHQRxpR2vehrw75PreP9yFJ8+vAc+z55F3r97h+5Tx3HA3RJ+NlwE2ekj1NEA4c6GCHU0wH57feyxMUBNcSY+SYTjMz68GsW/T2/g9cXmBQXk1fk6/HXnHN6PvsDn92/F/pqPHz/i1tVeBHsIrkkPIY4GCHMyRIgDcU3+tkYoTovB+3diPuPzZ3x6/w4f/36N9/wXeHO1Ay9PV4mZzaTnQGYCInj4MXR14W5mgCt71uGixwpc87fAw+SdGGsvwJ0IO3Q7MHHKf+vvE8VqqchGZ5gTuh2YuH1wB0Ya0sFvycFgdQKu7jXDBWcuBqviEO+9HWQyeZYfIgsgwg084nTmCCZOVWHyUgf+fvEAH//9Cx///RufP3wQLlMmJ8bQ2VyJ2tyDqM4KQU1WCOryo9BRWwD+UB8+z4Tr82d8/vQRn9/9i7f9D/DqfN2CgiFOf9/rwce/XuLzxw/4/Gk2vK9fTuB8Rz3qiw7hSFYIqrNCcCQrGM3lqRjqe4pPU9f++cN7fHr3Fp/+/RvvJ/mYvNKJifMNeHmmWur3jx+THuKdCYgwCUyj4pCdGbF3JnAThmqSMFyfhqGaRCIP4sDEyQg3NFfl/x6ANFcVoCN+r/CGDFYnCBsd3D5oix4nNp4XhqAzJQiqqqoifgibzZYNkGMFMhkVvykL/PZi9NWm49XtC/in7yHevxrD+9cT+PD3a3x8+w8+vftXrD7+8xc+vHmJD6/H8XbkOf55ehNvrh7HyzNHfjgc02fJfx5fwz/P7uLDqzF8eD2JD3+9xoe/XuLjv39JuI43eP96krjuV+N4eeMc+GeOYrA+E/zmXMlRq5mASNhJOBcgNLIG6nZvRY8zB/cOuRDLtc4yDFTG4qrfenQ7MHE8ORBN1UW/ByBNtaVoz4nCeWcuLvusEsmFPC8MwUXPFXiSuRfPjiRCXVVllqOuqamJcBfxjeNkCfVK0sTJMgzWJKGvKhH9dRkY7qjEeO9xTFzunKWX189g7GwjhtuKMdKYjdGWHLlBIfZaTpRgqDYZQ43ZGDlRiaHWYoyeaRB7LfxTdRhoyCGu+0giRlu+LrAgS4hXCAiDLlw265BU0XPABpd2rsKLkoPCz3uWtx+XvIxx3pmLtoIEudip3ABpLUzEmV3m6HHm4nHabqFTzW/OxmVfUzxI9AS/IR0bjbkie5e5XC7IZLLEzopCQFq+rTnCy1NTHQKbszFcnzZLC7FDcCE12VlG1KaJuZZZnWC+UqMyhHj5jRnwsDQFa2q/D11XF+Z6dNw+uAPX9m0QPtgmT5bhQYIHepw5OL3HAq0lab8XIC3lWegMdSD8kAhbkXqsG/s340GSF/gN6TjoagXatL0hPB4PWlpacwLCb8qcHYZUIImUv5+uxMszs53en0oyhnj5jRnYskoPjKkllpYWGTGuW3Enwg63w7cLP4/fmImbIVaE/3HQFc1ycNDlCkhTdRE6EvfhvCMbV3atwcDhLxn1+wmeeFEUCn5jOhpi9oBEIokssygUikyAyLp2lodECjTPVOHV2Rq5/6Zvkawh3pH6NBixiHJ3Ho8HVWVlHIvbi7sxTniU6iv8vBclRILwvCMbx9KC0VT9m+0HaaotRXt2JM56mqDHmYMnmX7Cp+rTnED0lxNdE++Xx4GqqSECCJVKRaDdJvRPOwJaLCAKvAwaqk78MoucrZZL1Ot7akJCs7iZelx+CAZ0qrA3L4NCwpPDcXiU5ovnBcHEZ50owcPknehx4uCs1yq05cfJzUblCkhrSSq6Aq3R7cDEnUh74VN1oPIQBquJvrsDR1Ox0YQn4odQqVR4bVk7q6OJqDIxJmMk60dr/HgRBipihGUor87W4FV3vdx/17doTMYIVneyHzhUEuh0OshkMlw3Eu2C+iuiMXgkHi9PHQa/MQO3Qm3Q7cBE14EdaCnL+D0Baa4qwIlob5x3ZOOyzyoMVMbi5anDGKpNxnh7AUabszFUn4Y47x3Q0dERAkKj0WBvvhKX8yKkDsbYApd5fK34jRkYqIgmADldiVfd9Xh9oVHuv+tbNNqaKxMgVf52oGuqgcFgQElJCfmBruA3ZWK0JQfDR1Px8tRh9JVF4pK3Cc47sdERv0cu+0AUApCm2hIcywjDWS+iVc/jjD2Y6CiZ6iJOVIaONGSgM3W/iB+io6ODzasMcCrtgNTB+B6RrIXQUE3iNECq8PpCE173LmzGfaHFb8qUCZBMZ3NoqyuDSqViyZIluFEULdyROHGiBOPHi4jllSMbZ3auQXtOtBztU+6AEGUnXUHEdHrzwFbwG78coyaIq98pPQQ9Bk3kLLs1Bmw0i+nNKwJIc9bC7QX/BvWXR2GgIpoIaZ6uwuveZry+1Cr33/W1EuyxmUuDR+JwYKMBNJWVoK6ujlUcOobr00UCKsN1KbgeRJQhdYbYo6X8x5e4KxQgTTUlOBHri/POPPQ4sdFXFiUMzwpKF54cSYSPtbmwLovBYECfqYvKcPFbbr846lkL1m7nazXeUYz+skgMlEcTPtfpKry+2II3V47J/bd9rSQdmDNTz/L2w2c1E2Q1FSxbtgz7HSyJB1lTFgFaVzmeFwSjx4mN8y56OJ7kL9eWP4oBSG0p2vJicWY3UVLwIMFT6LwKAOmvS0VegKuwLovFYoGsSUKmn9Pcod4OKTVZ8gDkWOEUIFG/DCBz7UMX6EGiJyxZmlBeroQlS5YIN7yNNhOAjLXl4d4honP96X2WaCtMlLttKgQgzZX56Aq2RbcDC5d2rhSewjT9nInu7DBokzXB5XLB4XCgoaGBGA8b6aHexkyMtYnffisv8ZsypwGS9QWQqx1yreH6Fo3KsM2W35iB2wdtsVZbFUuWLAGDQsLA1NgJopdD1Ym46GWMbkcWOg+6ormqQO62qRCANNWW4nhyEM55mqDbgYnnBcGY7CwTmbpvlcTAztxEuE9dS0sLu6zNcKf00ByO+vxrsn4EIP3lURipT8fLM0fw5spxvLl2Aq/OSq+WVVSNNmfP7X9Ux+N6wEasoSzHf/7zH3hYmmLwaNpUtJEoiHyaG4RuBybOeq/CsfRQudukQgHSUpKG036Ec3Y32gkTHcVEb6upG/zkSCKiPWxAIhHtgKhUKravM0JPTtgcjno2Jk4qjqPOb0gXAjJcl4KXZ6rx5krHTwuIoMZrLkCeFwTjyq41QkDKQ7ww3JBOANKWh7HWXNwK3Ubs/Qi0lmvuQyEBaaotxcmDrlMVvqsx1p6PyWn1PcMN6aiP3g1NDXWwWCzo6OjAfAVXYuOG6ZEscWf5yUvDNUnTZpA0vDpbjTdXf15AJjqKZQLkYcpO9HoYYpOuKkiqyric/yWHNX6sACP1abjoaYTzLjyciPaSuy0qJCDHUg/g7NQyS5A0mn7zz2eFYt3U+RIMBgNsXW3URe2e01H/EY0TZNVQTaIwijXWmoNXZ2vw1/XOnxaQ8WMFcwIycjRVuM/He6Uutpka4OHheBFA+kojiOXVTlO0Z4bL3RYVEpDWwkSc8SX2JT/LP0C0kZmWoX1QEYf9DpbQ0NAAk8kESUMdZSGeczy9MiX2yZKHBitjCUCmEoWvztbgzfWuqY1W4it6JzqKMX6s8KuPn15IyZJB76+IxvXATbjosQLOJgyEOG3Gs+ovja3H2wvwINFLGL1SlOWVwgHSXJWP03st0O3AxMMUH0zOODF1qD4NpcGeoJKJWh51dXUk+9qhrzZF6gCNteZ8v+PPvlITJ0ow1ppL9J4ti8RAxVQTtjNVeH2hEa+6j0p5Shdi6Eg8RurTMNqSs2Cd4uerya5ymRz0p7mBuOxriusBG7GRq428ANcvEaymLIy3F+DG/i0478RBZ6iD3Dq5KzwgTbWlQkf9fry7sBPiaPOXjTgdyYEw1WNCW1sbmpqaCHPegkeVCXNEsrIXtD+uVCPqLMNYay6Ga5MwcPgQ4X+URYqU98+prgqR940cTfmhXRslQ18q0yapB4meuODCw71DznBdb4yTKUFfHPT2fIy3F+CqnznOu+gplP+hkIB0BW1DtyMbdyLthUuK6ccK3yg4CO+NJtDU1ASZTIbXlnW4WRw9p6Mujx2A48cKMXA4RuiUC4x83oCcIlqLCt9fGoGnuYF4lrdfrqCMHyuc0/8Yqk7ArTCilOjeIRecTg4QLq9Gm7Iw2Vn+BRBXfZyI2Sl3G1RoQDrDnXHemYvrgZuEgEx2loPflIXHGXtwafc6HDKng6apDk1NTThuWIUr+dKregk/5MeXvj/L24/7cW54URgiAocQkDNVeNXTiFfdDXh1rhavztUQOn90VtJwJiCPM/bgdoQdBo8k/PDrEkiWPrwvCkNwdc86dDswcdHTCNf8zPE0ax/4jV9aMy0CMg+djHDDeWceru3bICw0nOyqwEBVHJFldWAifwMVRloqUFdXh/NGUxkAycBYW+4P9UPG2vJwJ8IO9w45o6/k4GxAKmIwcbIMr3tb8NfN0190vROvLzTN6jslAkhZJJ7lBuJW6DY8ywuSCxyTXeUyNWl4nL4HvW76IieIXfI2wVBtsrAodawtD73uBjjnYYTjSQFyt0HFBiTKC+dd9HBl91ohIOPHi3Az2Ao9Tmxc9TPH1ZS98LEyh4qKisyAjLbk/NAtuKMtObgVZoP78e6z4BCUmvCbs/DyzBGi3P1SO15fbCVmjxlwTBwv+vK+ylgM16XgRVEYboXZyA2QiRMlIr6hOA3XJuFujBN6nDl4nL5HmCzscWTjVpiNcIUw1pqLbgcWznquxLG0ELnboEIDcjwlCOfcV6DbgYXJqQz4eHsBru1bj2v+Fhg+morJrgrkBLqDRlKD44bVsgHSnPVDt+COteXj9kFb3It1QV9phFhIBqviZIpICXInwq0AXRUYPBKPOxF2wh62P1rjx4vm9D/6yyJxPWAjru5ZR3S676rAYFUcruxag2v+FsIHIAEIE2e9VipMiYkCA7J/ChCm0HjGjxXibowThuvThAN0OjMUm4w4iNi2Go9KJHR5n+GH/GiH9mlOIG4f3IHnBcHgN2biRXEYHqb44Em2PwFNeRSG65Kl7lkZbc7CQHkU+sujMdFRLHzqDtUkCvvXykNjbXNvsX2aG4heD0PcCrPBSGOG8L19ZVG4fdBWeC2jLTmLgMiqY5nhOOdhRGTT64mq3smTZRiqFnVGn9dnIshmHTI20vEsfz/4jeky+CF5PzTZNn68CE8y/fAsLwjjx4sweCSeSJh5GuFWmI3wXMbhupSph8GXNkWCHMNARQz6SyNwbd969Lob4H6CBya7KjDWnv9VzfG+hyY7y+b0P4brUnA/wR09jmwipzXtITBxogR9ZZHC2fB5UehUFn0N2nIPyd0GFRqQ1uJUnPVehW4HJl6UiD99SqAbCTtx2pGLe4ecMVQz+8hhsX6IHPIhoy25Ikup0dZcPMvbjzvRjnhRHIb+sigMVSdivD1fuO10pD4NAxXRGKiIRt+0sK4iVAVMdJTMmSDsr4jG9QALXN5lSsAgCbaucjxI9ES3A5M4RUoOZ4D8VIA0Hymc2jzFwq3wHVIHqr88Cld2r8GV3WsxUCE9F8JvzCB2GCpIK6DJznIMVMTgUYqPMAw8UBGNwcpYDFRECyNdIw3pCtcAb878R0M6nuUfQK+7AW6GWIM/tWNQLGwnSnE90BLdjmycCtomd/tTeECaaqeqep246HU3gLjDcIgnTwWGapNwzd8CPU5sPM32J05enQOS8WMFC3ok87yexCdK8LwwBPfiXPEoxQeP03fj6ZR/MlSTOLWnXsHqr2Q4h3C4LoWYFRxZRNfMllyJ93yoJhE9zlycczNAR/xeudveTwFIW94hoaNOHI/wxcGbPFkGflMWXhSH4260Iy56En93K8wGQzWJc/shrbkK1chh/FghnuYSZ5s/TPHB09xADNcmK9xeeuH97yzDaKt0/2OwMhbX/C3Q7cjCZd/VuBfnihfF4eA3iQI/Up821f+KhTO+a9FanCJ32/spAGmqLsKJKE+cd+ai25GFW6Hb8Ch1Fx6l7sLDJG/cDt+OS95E0pD4GzYuehlh4LDkE6e+hHuzFdL4JrsqMHGydApexZjhxGmio1h6/qMhHc/zDxCzgvsKnN1pim5HFi56GeN2+A48TN4pHMubwUTv3XOuBuiI3yN/u/tpAKktRXNlLjpDHEQysNN13lUfpwK2oiNuN07vXo9uRzYeZ+4lDuOZK9x7vEihjVBxVTHVSEOy/zFcm4S7UQ4478xDZ6gj2jPD0RnmhHOexuLH0pGFk+EuaK7Mk7vN/VSANNUSPbM64nbj9J4NOLvTFGd81uLUvs3oDHfG8eQgtBYno7m6CB2xu3HOzQDX9q3H8FHppe/8xoyp3YoKtrb/CTTZWT6n/zFYFYtLXsY4670a7VkRaKopQUt5Fo6lh6Iz3Bmn9lnijM8anN1pitN7LNARv1cuxzv/EoA01RJRrdbCRLTlx6EtPx6txSloqcgSOW2otYg4NbfHiYO+UtnKTiYVaJ/6z6KJE6XS8x8N6XiatQ/dThycCrQWPTKtuhgtFdloLUpGW3482vLj0FqYJNe2or8EIDKpuhidoY4478TFnUh7GcK9itX5fbKrHCMN6XheEIxnefsJh7Y5W/HCu3OUl4wcTcH1wI0452aIjgQ/+dvFIiBf1J4VgXNuhrjgwsVQXbKMyyzFMcCJjmIM1aWgv4LoVato4V1Zllf95VHEkQU7TdFSqjjbZhcBqS1FU00xTu8hQov3E9xlW2YpULj35anDeNlVQfhGCgSuEOCTpRhtkZ49vxNph/POXHSGu6CpVr4tQxcBEaOOBD+cd+Lgopfx3MusxgxMnFCcZZaia+J4sdToFb8xHRdceDjnYYTWAvm3DF0ERIxayrNx1msluh1ZeJTq+0OXWXN/TgUmO8uFtVbjxwuFmugoljhrfHnPl7+dPFkm0ywz3lFM1IB94zXKsrx6mOyNbkcWTvlvkbsdLAIiRSeiiPYxl31NMXJUWt9ewZ7ob1tmTXaWCw9/GW3JwfixQhGNteWB35SF4boUPC8Kw704N1wPssRVv/VC3ZnaOksEDghjnjxJRIxelBzE/Xh3Yj/MvvW4Hb4DT7L8MVidgNGWHIy1F4iUwRO/qQwTJ0oxfrwIT3ODhL2Ov3r2OFEqtThx5GjqVNM3PbRnR8ndBhYBkaLmihycd9HDBVcenmYHzL3M+sbu76Otubif4ImHqb54lOqL+wmeuB/vLtSt0G247LMKvW76uOCqh0texrjkbSKii54rcMlnFR4m78RwXQpGGjLwLP8ArgduwuWdq3B1rxmuB1jgqp85ruxeK9SNA1twP84NT7L2ob8imnhvfRr6y6PwouQgnuYE4mGKL+7Hu3/9NXZViDTNEKcnWX6/5OzxSwLSVFuKzlBH9DiycD1gI4ZrpZfBj7bkfPMSZLyjGMNHU9FXFonHGXvwMNlbop4XhuJFUZiInuYE4k6kPa4HbMTNEGvcDN2G60GWeJDgiRfF4cJ9H2Nt+cTZ5kdTMVgVR7w3O0Ds9zzNDcJQTeI3zx5z1V4N1yYRDRecuWhXsL0ci4BIUGtxCs65GaLX3QBPMqWfQsVvVIzjoidPlmGkPh3Pi0LxJNsfQzVJCpHMnOiQ7pw/StuFCy48dO23kfu4LwIiq2pKcPKgK3qc2LgeuBEDldJOw83AqIIe9ilvTXaVY0xKa9HBqjhc9TPHOU9jtBYlyX/cFwGRXa2FSTiz0xS9bgZ4kOg15yyicDkRBdDEiRKJmfOR+jTcO+SCCy48nIj2lvtRaYuAzFPN1UXoiCecx2v7NqC/PGrOkK+8DVKh1FUhdfZ4mhOAS94mOL17vcJtk10EREa1lKbjtN8mXHDh4U6UPYZqpWyoaspUmKbQiiBp534MVB7CjSBLnHc3JLqQVCtOs+lFQOajmmKiRst9BS56GeNxxt45fJFcharP4jdlYrguhWgUVxxG9Jb6Ad8rrWu7cGnlqocT0d4Ku49jERAZ1VyVj47YXUS/34CN6Cs9KHUW+VGn4k52lmOgKg4PkrxxJ9JeqOuBlrjsa4rLvqa45m9BdGdM8MCz/ANESPoH/DZpp9Y+Tt+Ni55GOL13I1qLkuU+vouAfAe1lGWgM8QePU5s3Aq1xsBhyQd/jjZn/zCHffJkGcba8ohZojYJw7VJGKpJxFB1PKGaRAzXJmOkMYM4JesHzG4TJyWfOfg8/wCu7F6Ls16r0J4d+cs65r8dIE21pWgtSsIp/y1Th4Q6Sm3wMNb2I8O+xF70sbY80bM2mjIx2pqLiZM/dv+8pA1RfaUHcc3fAudd9YkG09M2rP3K+m0AaaotRXt2JM7sMkOPMxcPEjwkZ9kV7FzDH6WxYwVi7kc6BiqicTPEijhgM8rzl/c7fltAmmqJjVVndpmjx4WHB4meGJIAyY9udi1viY9apWPgcAxuhlgTpz9FuqP5cK7cx3ARkIWGJDP8CyRJXhJnEnm1Kv3Rmjwpvlp3qDoed6Mdcd6Zi679OxSyb9UiIAsFSUY4zu5cI1xuDVXHi4ekNVcharUWDI6pMxRn5ToOx+BerAu6XfXRtX/7bwnHbw1IU20pOkMccN6Jgx4nDu5E2GGgUkx0qylzqiv8r1eKMtlZjrH2/FlLq76ScGJZ5cTBKf+tvy0ci4BMnYfY48SeCgFvw4ui0N8Cksku4vDMmXA8LwjGVT/zqeZ8BjieuE/u47QIiJwBueRtjDuR9rjgqoere83xJGsfRurTfllIJqc2QU0PK4/Up+Fx+h5c2b0Wve6GREtQNwMcTw6U+zgtAiIndcTuwnkXPfS6G2CoOh73493R62GIyz6r8Sht1+xcyS8AyWRXBcaPF4r01x2qScSDRC9c9DJGr8cKPEr1XQRkEZBSHE8OxDk3A3Q7MDHSkI7h2iQ8StuFK7vX4qKXMe5E2ompAp6C5CdsXSoOjv7yKNyJtEevhyGu7lmHpzkBGD6augjI7w5IS30FTqYF47yboRAQfmMGho+m4EVhCG6FbkOvmz6uBVjgaW7gjLNHMjHW+nNBMtlVgbFjBSLLqhdFobixfzMuuPJwM8QKL4rDwG9Ix0hDuhCQjpT9aG+skvt4LQLyg3Wp5xQGb17A9TBb9DiyRbvCNxAJsnsxzuj1WIFLXsZ4mOQ165i30eYcTPwMy62pMw0FDvlQdQIeJnnjyq416HU3wL1DzkQEb+oeCAC54GWC+y3leProHtoaK+U+ZouA/CCdbD8K/sggPn38gH9HB3AzylloHNOzyMN1KXiWG4gre9bhggvxlO0rixSBabQ5W6Ehmewqx2hbHgT7yvsronEzxBoXXHi4smsNnmT5zUqUjjSk44KrHp6WJ+Lj23/w7z9/4+bVXrmP2yIgP0At9RV49OA2Pnz4AMHr/ZtJjJ+qEl+X1ZCOwapY3AqzwQUXLi56rMCjFB/RnlsK1gxbBI6pDPlIfZpwF2CPEwc3g60I/0rCeSqj3W34/PGj8B6Nj/FxtqtN7uO3CMgCq+fsCbyanMDM16f3b/Hq6kmJpd7DyORjagAAGO1JREFUR1PxKG0XcbKVIwuXdq7C86KQLwbWlInxYwUK45cQ+8mzMNKQNpX4s8IFZy56PQxxP8EDw5Ka6jVl4d++B7Pvz6dPeHT/FlrqK+Q+houALJBaGw7j8YM7+PTp0ywDAIDPHz/g1bVOqWdgDFQewt1oRyJX4MjCvVi3qf5TaV8iXPLszD7ljAvCt3djnHHBhYdeN31c97fA84JgCdeWidG2fPz74p7YewMAkxOj6D5zXO7juAjIAun8qWOYGOdLNAAA+PzhHf6614ux9jm6CWb74+qUb3LVzxxPcwOIvEnD9PqtH7t9d7KzDKNteRiqScSzggO4smctLrjwcG3fejzNDZJ8PU2ZGO+swNuR58DnzxLvzadPn3Dv1lW0HC2X+1guAvKd1Xy0HHduXMbHab6HREjev8M/T25g7Ljktjf8xgwMVsfjTqQ90VrU3QC3I2zxvDBk6gjnbKJn7o/Y495VgYkTJRipT8PzwhDcCrdBr6seLnmbEJvDqhMkXsNoczYmztTgHb8PkDCzTn8NDTxH57EGuY/nIiDfUY01JTjeUoO+50/mNIAvkLzFP89uY+JUlVRI+FMnQ90MtsJFTyNc8l6JuzHOeF4QjOG6FIwdK1jQzPtkZxlGm7PQV3oQ9w654KKnES56GeN6kCWe5gRKnQVHW/Pw8mIb3k8MA5/nhgMA/nrzGq2NNcjLTERFUSYafuGOJr80INXleSjISkJKQiQOhvijqCAHE+NjMgMCED7J24GHmDh1RDokU7PJw+SduOZvgV4PQ1zZtQb3Y13RV3IQ/KnNV991NumqwHh7PvrLo3A/1hVX9qzDRU8jXA/chEepvnOeGT/aXoDX1zrx4dWY1GXVzNenT5+Ql5uDbdZb4OJoi6B9vjgUGYystDiUFqSj/sivtRX3lwHkSFkuctLjERNxAEH7dsHNxR5bLC1gunoljI2MEBcXh7dv384LEAKS93g7+BiT545KPQKAyB8QndXvx7vj6l4zXHDTxzW/9bgf54bnhSFEW6Fv7bfbVYHx9gIhGILvubrXDA8SPIiz4uc4CnvsWBHe3D6PD28m5gWH4NXW1gYrKyvo6emBwWDAQF8PG8zXYYeNFXy93RAW7I+kuIMozktFXZViH9L5ywJSWZKNtKRohAf7Y6enC+x2WGPD+nUwNNAHj8uFnp4eVq5cCTMzMzg6OqK9vX3ehiCE5NNHvBvtx8uLbRhtkdxtUBgSrkvBi6JQ3It1wdW969Drpo8ru9fgTqQDnuUFYaQx46uWXaMtOXheEIK7UY5E8tJVD1f9zHE/zg0vikIxXDfHEdhTzvjfj67h0z9vvvp+PHjwAMHBwbC2tsamTZtgZmaGlStXQk9PDzQaDVwOG6tXmWDr5o1wcbLFvj3eiIk4gPysJByt+rlmmJ8GkPojRSjMSUZsVAh2erpgi6UF1piuhL4eD3Q6HTweD1QqFVpaWrC0tIS1tTVsbW3h6OiIoKAgXLly5asNgqDkMz68HsebO90YbcufExJ+I3E0wIviMDxM9sY1/w244MzFpZ0muBFkiQeJnuiviJ6zgwq/ORvPi8LwIMkbNw9swaWdK4nIVIAFHiZ5o68kHMMyHFrKb87C5LmjeDv0BJ/fz38mnf4aGBhAdHQ0HB0dhbK1tYWVlRUYDAZoNBoMDQ2FMwybxcIKQwOsN18Lu+3WCPDzQUZyDCpLsuVuVz89IEW5KQjc5wsb6y1YY7oKKwz1wWazwOPxYGJiAnNzc2zevBnbtm2Drq4utLS0RAbO0dERe/fuxZkzZ74NkKnXp7d/49+++xg/WS4TJPxG4njk/vIoPM7cixsHtqDXzQAXXPVw2dcU1wM34k6kHR4keM7SrTAbXPPfQEDhqoeLHitwJ8IeT7L80F8RNfeMIfA3WnLw+noXPrwaw2cZIlVzvR4+fIjg4GDY2dmJ3Gd7e3uwWCzQ6XThmGzduhUbN26EqakpDA0NwWaxwOWwscrEGOZma+DqZIf4mDBUleXI3dZ+GkBKC9JxIGAPrLdawsTYCBwOWwjE+vXrYWVlBRsbG9ja2sLe3l44QHQ6XSwgnp6eqK+v/w54EK/PHz/g/cQwJk5VygwJv5Eo9xisikVf6UE8SvXFjSBLXPRcgR4nDi646s1SjyMLl3auxO2Dtnicvht9pREYqk6YvZlrjkjVP09u4NO/f3+36z99+jRcXV2xZcsWkfsvAITBYMDa2lr47w4ODrCzs8P27duxbds2bN68GaampjAwMACLxYSBvh7WrVkNdxcHJMdHoLpCcdoKKQwgFcVZiAoPwjarzTA00AeTwYCenh7WrFkDKysr7NixA3Z2dnBwcJgFwFyAODk5ITs7G69fv/5uRoLPn/Hp37/w190ejLXN3tc9NyypGKpOwEDlITwvDMbjjD2z1FcagcGqOAzXJmGkXvp5i+JmjclztfgwMYzPH+fO/cznVVhYiE2bNsHCwkImQMTJzs4Otra2sLGxwaZNm2BiYgI2mwUOh421pquw09MV6ckxqKss+H0BqT9ShMzUQ7DfYQ0ulwMdHRo4HA5MTU1hbW0Ne3t7qUDICojAD7l8+fJ3NRSAmE3eDT/Fy3O1GO8oxlhrrmiHRFk0tQdjpub1GY2ZxCGi7QWYOFmKv+9249O/bwDMP0ol7dXf34+QkBCYmZl9EyDT5eDgAHt7e+zYsQObNm2CkZERGHQ6dHV1sGb1KuzbsxNVpfJZgskFkLrKQqQmRmHrlo3Q0tKCjo4OjI2NYWVlNS8gZkpPTw8UCgVWVlaz/t+OHTtQXFyMd+/efVeDIV6f8fHNBF5fbMPLU5V4eaoCkydLiX3frbnznl1kBYLfnI2xtjxMdBQJo2Kve5vxfqxf5sTffF/t7e2wtbWFmZkZzM3NRfwQOzs7aGtrg8VizfJP5qsdO3bA3NwcLBYLFAoFurq68NvlhYriTDT+wJ7APwyQ+upiHCnPRXJ8BDZuMAOFQgGdTseqVatgY2PzTTdTIAMDA1AoFGzevHnW/9u+fTv8/f1x48YNfP6K2L8sr88f3uNt3z28On8UL09Xima8u4gevBMnSr5RpWJDxK/OVuPvO+fw8a/Jr8ptyPIaGhrCoUOHYGZmJtRMQLS0tMBisb7LeApkYWEBLpf7/5s79+8mzjOP/1Ea3e+jy+g+ksaSRiOPrCsx4ZKF08J2mxS6OA2FJU4KKZAEzNakBRybBE7DKZw9mwNpoIH0cAmBZmEhljHYkY3vwrak7/5gZtbCsq2r3fec5wfDWH79vs9nnuv7GjKZDCqlEm9sfg3dxz9A3+mupsPSdEDO93bjVPeHePvX/waX0y6CYbPZGgaGIBaLBQRBgGXZJf8n+LrHjx/H+Ph4UxQIAFAsYH5sCFN3LmP8r70vLUrz+rDGr/Rg4sYFzA4+QDE/17RfK5/P4+LFi6L1ECQejzcdkMWg6HQ6yOVyyGUypBJRHD64H32nmhenNBWQMyc/wqH39oKPsJBKpVCr1bBareA4rikLaLcvACgUBxdLNBqFz+fDpk2bcO3aNeQXHQZqxijO5vCi/3tMfvsXjH31aePhuHwGE9fOYeaH68hPNxF4AMViEY8ePUJHR0cJHD6fD9FoVHSLY7EYJBIJ9Ho9EokEEokEkslk1bHkSpJMJuH3+2EwGMSi5C92/Av+8+OD+KwJVfumAHL29AkcP/o+tm3dCL1OB5VKBYqiyro+9YqQQozH43C5XCAIAi6Xa8lzPM+Lm7p//34MDAw0zdVaPObHs5j54TomblzA2OUzDQDjNMavncP0d1cwN9zf8AxVuTE1NYWenh6Ew+ElgPA8Lyp/KBSCVCqFyWQCwzDw+/0IBoMIh8PgeR5tbW1iNrLefU8kEqBpGjqdDgqFAi1+Gu/seQun/nC0oW5XwwE51f0h9uz+BdggA61WA5IkwTBMQ4FIJBJiTj0SiYBlWQQCAVAUBYIgQFHUku+JRCLipobDYXz++eeYnm5cbWClUZyfw9zIIGb+8Q0mrn9Ruzv19VlMfXcZs4MPUXixNnOfn5/Ht99+i23bti2Bw+fzgeM4EZCWlhZIpVKYzeayz/r9frS0tIjAxGKxVVP3q+kCz/Ow2WxiT9jmjSkcObi/YdakYYD0ne7C79//LbZueg1WixlGoxE0TSMWizUMira2NkQiEYRCIbS0tMDv95dsgMPhAEEQ0Ol0Jd+fSqXAcVzJs9u3b8ft27eb7motHsX5Ocz91P8SlD9XbFHGr36Oqe8u48XADyjMNLCWs9p8i0U8efIEe/fuLavwwstGUHCPxwOpVAqKopZ9frG0tLSAZVm0trYiFouVpIyrdbuCweBCelitRqDFh91v7cQnXYfrtiYNAeT0yY/wq1/+HD6vG0ajQaxj1Ot3JhIJRKNRcBwnQrHSgrvdbkilUigUiiULyLLskuc7OjowNDS0Jq5WieLNz2EuO4DcozuYuvXfy8YoE9/8GTP/+Aazz/4Xhem1A0MYMzMz6O3tLbt2goRCIXGf7XY7ZDIZ7HZ7RYAsB0s8Hq9Jd2KxGPx+P0iShIk0IhblcPSDAzj3ae2Q1A3IuU//gHf37YHFbIJMJoPT6RSbBGu1FrFYTISCYZiKF9nr9UIqlYIgiJK3USKRQDAYLLsp3d3dNbXBN2IU8/PIT45idvABZn64jsm/X8TE9QuYvvsVXmTuY370KQovZtDoYl8lI5/P48aNG2hvb19xzQOBgKjMQjev2+2uGpDFbpgQt0Sj0arjlXQ6jVAoBI1GA4lEgjY+jN4/HV8/QLqPf4BIOAgpQYAgCOj1+qqzVOl0GvF4HK2trcu6T5WKUqkEQRAlldx4PL6s9Wlra8PFixfX3IosHsX5eczd/x4Tv+vE2K/eRO4vF1BoZFtMDSObzWLHjh2rrjfDMOLLSKVSQS6Xg6bpmgF59bNDoZDYVVGJLsXjcTgcDsjlMkgkEiiVSux+a2fNrlZdgJw9fQK739wBrUYDm80Gq9UKmUwGs9mMaDRaMRgcxyEQCNQMxWLR6XSQSCQliYF4PL6iJUomk7hz5866KGLh+Rhmuv+IsfgGjFidGNFbMOoPYeKtX2P+7vfAGsZI4pwKBezbt69i6y0oL0EQUCgUCAQCDQFkMSjBYBA8z69oUdLpNGiahlwuh1arhdfrhUKhgNVixicnDq8tIOd7u3HsSCdMpBEkSYpZJYvFAplMBpqml/1lBDeKZVkxHdioxSRJEhKJBG63u8Q3Xe37Nm/ejNHRpfdlNW3k85i7eRvjP/tXjFgcyCr1yCp0/y9aE54HWzF97ASKudzazQtAT09PWZd0pRdMNBqFRCKBSqVqOCCCCFmwV7uIBQmHw9DpdNBqtWBZFqlUCm63GzKZDG2t4bUFpO/UcbyWjkOlUiEYDIqT5HkeRqMRWq22bMNaW1sbgsFgQ6FYLBRFQSKRwGw2l/zMSha/o6NjTRSwMDGB6Y+7MGJxIqsxloKxWJR6jBisGN++E/P/82BN5nb16tUVg/JyInQpEAQBo9G4ajKlUaAsdr1SqRRcLhcUCgV8Pl/Jv2s0GshkMrx/4O21AeR830nsf2c3ZDIpbDbbEgj8fj+USiW8Xq840VgsVtVbqVZxu91iA6RgrRbXQFaSQCCAo0ePNlUB527dxqifXWoxVhKlHlm1ATPdnzR1bplMpuK1ehUQoUgrHHNeK2EYBjzPg+M46PV6UBRV0v6yYcMGcBwHgiBgIo1VnzWpCZC+012wURao1eolkxGyRkajEUajseTc8lqJRCKBXC5HIpGoChCfz4dIJIK+vr7G1keKRRRzL5D79CxG7HTlYLwqWhOGPzyGXC7X8KTCo0ePsHnz5poseyQSgdVqhVQqrSuDVY9QFAWlUrlsUdpms0Emk2H7G69XFbBXDcj53m683r7Q1rxShVzw/ZxO55ovlkKhgEwmE33Val2GdDqNK1euNASSYrGI2UwG42/uRlZnrh0OhQ5ZlQH9W7fj3r17GB8fb9j8hoeHsWvXrppdI47joNPpIJVKm+5elROPxwPDy4s6lksOJZNJqFQqGAx6HD30H80D5NiR96BUKkGS5IoZKo7jFsr/ZjO8Xu+aLphWq4VUKoXPtxBA1mLBtm3bhnv37tX1ps7n8xgdHUXmTA+GXb764FDokNWQGP3336C/vx/379/H06dPMTdXewevUCnft29fXe5vMBgEQRCQyWRl+7WaLS6XC1qtFi6Xa8UCYygUglKpQLwtUvFJxaoA+ezMCUTCQcjl8mUbD9PptNhAaDAYYDAY1hwQs9kMqVQKu90uAuL3+0tktc9gGAZ79uxBJpOpCZK5uTkMDw/jwYMHGL59ByPRZHVxRxkZMVjw4tJ/oVAoYGxsDA8fPsTAwABmZmZqmuOzZ8/Q2dlZYmEZhoHX64XT6YTb7QZN02AYBoFAAIFAAMFgEMFgEKFQSBSapiGRSKBWq5e09KyFOBwO6PV6BAIBMa1frhqfSqVgNpthNpHo3N/ReEAOvbcXypen/5YzYzzPi3HJwjljXcMKR5WK0+kEQRAwGAxiClJoahRgoWkaTqcTTqcTFEXBarXC6/WKCiA01XV2duLHH39c9kb4ciOXy2FwcBCZTAYTExMoFAqYPnoMIyRVFyBj6Y0ovDzLUiwWkcvl8OTJE2QyGUxOTlY1x2w2i66urpIuZ5/PJxZqSZKEVqsV7xejaRp+vx+BQAAcx5U0G3q9XkgkElgslqrd2UaI3W4HSZJinURoXi3XB8hxHDRqNZIxvqKAvWJA+k53oY3nIJfLy6ZvU6kUIpEIGIYBy7JIJpNgGGZdAKFpWuzJEqyFx+OBw+EARVEwmUwwGAxQq9VQqVSQSqUgSRIsy4r9X4JbFg6HceTIEQwNDa2qdMViEdPT0xgcHMTQ0FDJ8d7C0BDGt/0cWZWhNuth82DumxtLfub8/DxGR0cxMDCA0dHRiuKSbDaLkydPIh6PL1k74RqllpYWmEwm8a4xiUQCmUwGtVoNvV4PkiRBURScTif0er1Ye1qPGEQoUgsvQ6HAGQqFlrQ9JRIJUBQFymqpyIpUDMjBzneg1+tgsVjKulU8z4sT8/v94HkeLMuCJMk1B8Tn80GtVoMgCMjlcnGTpVJpyddCOthut4sHf3ieX+KPx+NxnDx5Etns8nf7FotFTE5Oor+/Hz/99FNZRZ27eRvP21LVw2GyY+ZUz4o/+/nz53j8+PGqccn4+Dj6+vrKwrFYBEtqt9uhUCjEtdJqtdBoNFAqlZDL5SAIQlzL9dhnr9cLm80Gl8tVtil1cbexoKuhUAharQab2lM4e3rltviKAdnUnoJKqSwbe8Tj8SXV00AgAJ7n18WC+Hw+WCwWaLVaMbthsVhgtVpBkqS44TqdDgzDiKffOI5btr0iHo/jzJkzZY/rLlbQkZGRkj/v9uqY/eqvGNFbqgJkNMChMDa27GcKc5iYmMDjx4+RyWTKQjI9PY0LFy6s2oAoiNAL5fF4oNVqIZfLYTQa4Xa74XQ6YbPZYLFYYDabYTAY1nyPfb4Fb8Fms8Hn85VYD0H8fv+SzFYsFls4s+J148Pfv1s/IMeOvAeX0y4epXzVtVrO7+R5Hnq9fl0A8Xg8cLvd8Hg8oGkaNE2L5wXkcjkoihIP+1Ra3U+n0zh79iympqZEpSsUCvj6669x69YtjI2NrRoH5Po+Q1ZDVmdBzHbM/OnMip8rQJLL5dDf34/+/v6SA2G5XA6XLl3Cxo0bq1pHobuWYRiYTCYxgykE7n6/H16vFx6PZ90AcTgcYsxY7pmWlpaStqdUKrXg/mu1+OXO7fUDsvNnb0Cr0YCm6SXmKhqNLqtYLMuCoqg1z2KVg0VoxVar1fB4POIBnUgkUpXfnEgkcOnSJfEN3dvbi61bt+LcuXOrZpJyn53HqC9YUwwy6vQh//DhqpAAwOzsLJ4+fYpDhw7h2bNnyOfzuHnzJjZs2FDT+gmtHYFAADabDUqlUkyrrue+CnvrcDjExMpyz73q+bS2tkKv14OPsOg+9kHtgPT88WOwQQYKhWJJcJ5IJFacFMMw6/ZmWSwul0sMyIW7nBKJBFiWralyHI/H8cUXX+DAgQNi7LVr164V79yavfo3PA9G6kr1TnbsrQgQALh79y44jsOOHTvw5ZdfYsuWLXWvI8uyiEQi4kXhtRyMahYgq2XP/H5/SVYrkUjA6XTCYjbht2/vqh2Q3737G9hsVphMphL3Kp1OV5TzXo+sxqvi9XphMpnECx1SqRRSqVRdxTGhRV/4ur29Hffvl/8DmIXnzzHWvqXmDJboalFu5PszFQFy+PBhsVO6tbW17uZQoeeJYRgolUro9fp/ipefx+MR72xe7VmhTiJIIBCAQi7HG1val706aFVAtry+QezxX+xeJRKJiha9Wa3P1YrL5YJGo4FGoxHvzVqceatXwuEwurq6yirr9OGPMGJ21AVHVqHDiM6M3Kd9q8IxPDyMZDLZ0PULhUJgWRZGoxFyufyfwnr4fAsvv0pjXCG7KuhwJBKBXq+Hz+vG4YP7y+r//wEBVF+ADQ13HAAAAABJRU5ErkJggg==','1',51,'2016-06-04 19:04:52',51,'2016-06-04 19:04:52','0000-00-00 00:00:00'),(82,'75575eec-cd44-5ec9-8594-ed8c08b2aa0e','8a69a7e7-3dd4-51bf-bdf5-46221ce5cd73',NULL,'RA0000014',60,'2016-06-04 19:09:27','Mr.','Nadesh Ji','S',NULL,NULL,NULL,NULL,'1991-06-04','M','S',NULL,NULL,10,NULL,'NO',NULL,NULL,NULL,'9789741406','N','data:image/png;base64,iVBORw0KGgoAAAANSUhEUgAAAMgAAADICAYAAACtWK6eAAAgAElEQVR4nOydd1NT2/v2nxfya/P1HEVqCAmB9FAEVFRQFBVE6R0EC1KUJk16770IUqSDomAFsfde6aFZTrFfzx+bRAJJCComKpm55sx4SNl73Z+91l3Wvf5fU20pfjVx2EyQSCTo6en9FOLxeOBwOOBwOODxeFL/lsvlgsFgQFdXV6poNBqWLFkCOp0+67sYDAYYDIbEzyeRSFiyZAnU1FSxb4836o8UobGmRO7jKg/9P3n/gIVQaNBeLF26FCwWS+7Gv1BAMZlMqYBoa2uLBUQAAZ1Ol3p/GAwGVFRUoKSkhNUrjZAUdxA1FXm/HSi/JCAN1cXgspnQ0NCY84n8s0oACZ1OlwiJJED09PTAYrFAp9PB4XCkfoeOjg5UVFRAImnAbocVstPiUFdZKPcxXgTkG9RYU4LQ/X5QUVGRaCC/gng8ntDQZ8JBp9Pxxx9/gEajSXy/ADAulyv1e7hcLqhUKtTU1GBkqI8DAbtRVpiBhupiuY/1IiAzVFWWg9SESGSnx6G2skDi31WX52GD+VpoqKuDzWbL3ZgXEhI2my3WL1FSUoKmpqbU99PpdNDpdJlmWhaLBU1NTWhqkmC9dROSYg/iaFWR3G1iEZBpSk2IxKqVK7DGdCV2ebsh+uB+5GYkoLQgXQSYhuoSpCdFw1CfBzKZ/MsutaY/5WcuudTU1KCiojInYHQ6HQwGQ6Z7xOVyoa2tjeXLl8NAn4fwYH/UVOTL3S4WAZlSfEwomAxdqKioQENdHUwGHWZrV2PzpvVwtLeBh6uDUC6OO7DCUA9KSkqg0Wi/PCQzZxMKhYI///xzziWUILKlq6sr0z0SQEUsYXXgt9vzl3Xef0pAWEw6KBQKKBQKNDU1QSKRoKGhIVYkEgkkEgnq6uoyG8DPLg6HI4xyLVu2TKofMtPo5/MgEUS6KBQtHAjYLXfbWARkChAGgwhjslgsUKlUaGtrz5kXIJPJUFNTA41Gm/OJ+itIMJtoampCVVVV5vcwmUxoa2vLDAmTyYSKigqoVC34ervC080BOz2dEX0wCJUl2XK3l98SEF0dGrS0tKCnpwc2mw0dHR1oaWlBR0dHIiA6OjqgUChQV1cHhUKRGt78VSSARFtbe17vY7FYoNFoMgc3mEwmli1bBg0NddBo2qBStMCg68B0tQn8dnuhojhL7nbz2wCSFBsOJkMXJBJJ+JQTZJcFy665ZhMWi/VbLLUE+poZk81mzwsSQWJSXV0d2trawocRlaIFRzsbFOelyt12fgtAstNiscrECGpqaiKDx+PxREDR0tICjUYTCwiDwfgtZpBvFYfDkSlPIrj/y5cvx9KlS4X3nUajgUQiQVVVBZYW5sjPSpK7/fzygJTmp8Fqy0YoKytLrCfi8XjC+iYWiwVtbW2xsDCZzN9qJvkaCcpSmEzmnH9LoVDwxx9/gEwmiyxtyWQyli9fDi6HidjIYNQf+XlyJz8dIPVHiuDr7Sp8Us1noDkcjvC/Av0ODvv3gITBYMxZ28Zms7FkyRKoqqqKrQ1bvnw5lispwcF2G0ry0+RuS78kIE21pYgIDYAWWfO3SAAqigTLLWk+CZfLhZKSEpSUlCQGSoiQuxq2brZA/U9QqvJTApKXmYB1a1ZBVVX1l63YVUTNVbsl8EOWLVsmERAej4uEQ2E/TR3XTwlI7eECuDnbQUVFGbq6ugtiDAI/Rt5GqWgS7CURd2/mAkRLSwtrVpsg8VA4ag7/HOUpPx0gDdXFqC7PQ9gBPzDohAP4vf0IQcJMFsf0d5NgqSUuCigARNISi0qlQllZGUyGLny9XREfE4rk+AjkZSaiND9d7rb1UwBSWZqD8sIM5GYkIDPlEGKjQhAVHoSQoD0I8NsJv91e8HR3hK3NVjAZdOKGL4Ahczgc6OjoLC7hxEiSLyLwQdTU1CTmoARl88uWLYO2NgUsJh2WG80R6Ocjd9tTeEDKCzOwd5cntllZwmztapiuMgaHzQJdVwdkMlEyoaGhAU1NTVAoFJDJZCgpKUFLS2tBolGCjPIiJLPvi7hkK4vFEkYXBX8zXQIfRlD5oKWlBQqFAhvrzUiJj5S7/f0UgBwM8Yf5OlMsX65EZGKpVKHEOX3q6urCKf17+wyCpdZ8Msq/gwQ5ppn3W0dHB8rKyhLHQfA+QcUxnU6Hvh4XRbkpcre9nwIQgfIyE7Bj2xYoKyuDRqMJE36Cpw+NRhMm/gTxdVVV1QUxYh6PJ4RR3Cz1Mzny3/O3ivsswRjJ8n4ulws2mw0mg46c9Hi529xPBUhTbSnKCtLh5e4IJSUl4RJHkNybDougUnfZsmUi9VmyDNB8/lYSJGw2W6ZuJIoggVEq0u9lMpnYYL4WlaU5cre5nwqQptpSVJfnwtFuG9TU1GYNqCAjLoCFRCJh6dKlIJPJMg3MXA0LxBmXlpYWtLW1RSARZJkZDAbYbLbCGJ6062CxWMLMuLxhIfah6GLvLk+529tPB0hTbSkqS7Kx3nyNsLxd3A0WlHULdtBpamrO6bSz2Wzo6urOy7kXfMfMTUWCzxJsXVX0auHpzR4EYjKZYLPZcim9YbPZ0OdxUJKneOUnCg9IY20pMlJiQNEiz5kUFLSp+fPPP2XKss+cDWQRi8USziQzDW5mVxHBrPI9jU4wawqWSt/y2Ww2e1ZHlOnQCGCfroWYcXg8Hhh0OrzcHeVubz8dIE21RHIw5uB+kDQ0ZHLEORwOli9fjj///BNUKlXiUorD4cx7r7pga6qmpiY0NDREB1lKx0NBo7ZvhUVSZ0VxBi1LUaYsTeh+RAU0i8WC0Qp9HFawzVUKAUhjTQnqjxShrqoQdVWFqD8yu06nqiwHLo47QCKRZN6fQKPRoKysjKVLl4JEIoldUlGp1HlHvwQl4IJNQYLPFPy7LIYmmF0ET+T5QipL+9GFEIPBmHUPv8cMyeFwwGIyEOC3U+72qHCAlBdlItDPBw6227DDZgv893ojPysJR6tEO/hlp8XB0IDYdyDroAie+GQyGZqamrOy7jweTyafRdwTT7ApiEwmC/0OQSnG1xifwBcQPP0FkTZxkrVH70IDIpiBvhUQwfJ4k4W5QvXaUghAqivyEHZgHzZvXA8dGhXLli2FhoY6Av18pkAhblhuRgJWr1oJEokELS2t75b3YDAY89pbMt0wBOFfKpUqrHT9FkgkgcNgMIT1YQIpAiCC7Pj3WHYxGAysMNBDaoLiZNUVAhCBjh4pQkRoIIyNVkBdXR1Lly6FoT4PwYF7kJl6CPHRYTA0NASDwYCqqqpwRvgeg0Oj0eb9JBTMTgLjESQvBdni7wmJomg6INMfBN/jYcVms8FhsxC0z1futqiQgAh0KDIEZuvWgkajQU1NDcrKytDjcWC5cb0w16CjowM1NTVoaGhAV/f7lJlQqdR5112Jmy0E/oUg3yBvo14IQGb6Qd9jFuFyudDR0YGjnY3C7BdRSECaaksRERYI09WrhDeNTCaDTCYLn/KCrhsaGhpQU1P7KuMWt2T6muJESeFSgT/xK0EiaHgxM6ytq6v7XYo6aTQaNm5YpzA9tRQKkKLcFESEBiBwnw/8dnvCxGiFxJsueHIL4FFTU4O6uvo3NYab7njL2qt25nvFGZSgklXexv0tElTgkkgk0Gg0icvHb+0WQ6fTsXqlMTJSYuRujwoFSGpCJLZs2gBdHRqoVC1QqRSoq6lBVVVVrMHPjOJoa2sLW4wKQPna8K3g82RteSOYgSRBInCyBRWs8jb2+UowU+tSydAmk6CpqSl1hvmWsC+TyYS+HhfR4UFyt0mFAiQlPgLeHk7Yvm0LuNwvs4O0RN5MgxREk0gkEtSm4KJQKPOa+qdHpgQtTWV9Kko7r0MAikDyNnpZZw0KhUK0LmXoINXfHTttLKA1ra2PODGZzK+GROCo7w/YJXebVChAag8XoKosB+VFmbDaagl9fX2Znvji1vcCUDQ1NaGurg4VFRWRWUXa0onD4cx6egoiXLJ2Pp8rgqXIoFCpVJDJZJBIJKKDvpoq7CxM0ZQSgr7WQuSF+IDL0JXYlG86JF/jtHM4HGhrU+Ht4Sx3m1QoQKZr7ZpVMt9cScsaASg0Gk046Orq6lBWVoaqqiq0tLRENmIJ8gyCpdDMzxF8liyFiIKEoSzOuY6OzoKCQqPRhDv3yGSy2A74qqqqwnY9KioqWLp0KZb++ScMmDrICd6JB0ezMHayDC9PHcbxzIMwM9YTu4Hte0DC5XJBJpPh4mgrdztUSEBqDufDaIWB1NohQTKOzWbPeU6fOCPXplBgzGVCXVUFf/zxB/744w/8+eefIlq6dCmUlJSIZmczpKqqCjU1NVAoFGhra0tcggkOtZH2uwRLGE1NTanNt79FgmsXLBsFEcHpIlqEqmLJkiX4Y8kSRHja4VZ1GkY6SvHy1GGhBtoK4bbVXKof8q2QUKlU2FhvxpHyPLnbo8IBkpUWCwN9nlRApM0acz1NeUw68kJ90ddaCH5HKTpzotCaFoYjsQEI89iBbetMsN5YD+uN9bBBiow5DPyxZAmWTElw3JmurmhzbFl+ryDfs3TpUigrK4NEIsn0hP4e4GhpaUFFhXhQqCovx64dm3C9MhXjneUiYExXYdgu6DHpMh078TWQUKlUbN1soRBd4RUOkIPB/mCzpVe9fk0dkra2NsxNDNCSGipx4Oere7WZ6MiKQJKfK8xWcKG0bCmWLf0TS//8E0rLlhFreA0NaJHJoE51nhdKS2vWU1xdXR3Lli3DkiVL8J///Ad//vknlJSUoKqqCjKZLDITfC0Q2trawjNDli0jllJ6dBqS/Fzx8Gg2Jrsq5rzu+3VZ2LLGCFpaWjJ/93z2yCwCIkUBfj5gs6XfzPnMIjo6OqBpa2P7+tU4Vxj73eAQp/62QpzOi0Fdwn6k+rsjxM0GrpvN4LhxzSxtWmUIXS1NobTJGtDSUBOKpKYCdRVlqKksh5rKcigrKWH5smVQVVGGmipx/JxgqUcikaYO1xQvNTU1qKmqQkNNFWR1VdDIJJhwGdi1YxOaU0Iw2F4072utTzwAIy5rTmf9ayBZBESKbLdvBZM5d5JOllmEgIMK+41rcKEkYUHh+FY9bcrD+cJYoY4m7kdBqC9yg32QG+yDKG97+GzfCJ/tG+G9zQI2ZithwmXAhMuAAVMHHB2qWOnRtbGSx4TVWmMk+7mhMycKfa2F3+U3h3vYgqk7vxlNFkgWAZGiTRZm0NWdu7ZqrllER0cH2lQKtpmtxIWSeLkDsJB61JCD3tIEsbpVnbZg3/u8JR8OG9eAKsOhRfOBZBEQKTIxMpR4Rt70CNZcNU7aVCrMjfXRkRUhdwP+lXWuMBbrjfVlOtlruqRVOSwCIkFVZTkw1Cf6UInLK0zvzift5lOpVPAYOjhyKEDuBvQ7qD09HMZc5rycdkntS3k8HigUCnZs24JqBTh/XaEAyc2IB4c9u2n0fLaY6ujoQJOkjsS9LuCfKJW78fwuOhy9D2xd7XnNJOJq3QTtldyc7eVujwoHSFpiFJgMXbEbl2SNWqmrq8Nn+0Y8b86Xu9H8TuKfKEV+qC8Y2rIdpCrQzKppDocDCoUCD1cHudujwgESFR4EmjZVLCCyNEQgk8nQZ+jgVnW63A3md9TQsWKk7HODhrqaTIlOcc322Gw2tKlU7PR0kbs9Khwg4cH7QNcVf+TAXFErGo0GJSUlHI7YLXdD+Z31pCEHYa7WUFZWlgiJYNOVpP6+TAYdgQqy7VahADkQsBu6upL3cUhrhqCurg6nDSvx7GiG3I3kd9ZEZzmuFR+Cy8bVUFFRmZVInNlQT9wRCiwWEwcC98jdHhUOEE93R5DJmrMAmauEnEqlQkNVBccS/TF27PskwRb1leqqAL81Fx3JgVijxxT2DBDnoM/s4MjhcMBkMmFsZIi46FC526PCAeLuYg9NTZIIILK00FFTU4OH5Ro8OByPiY5i+RvJ76yuCoy156G/LhX5Aa7QIqmJnJsuLaIlqHw2NjJEcnyE3O1RIQHR0iILHTdZQrtUKhUkdVW0xu/DcEM6Jk6UyN9Ifmd1VWD8WCH4jRm4Vx6LvTbroaysLLXyd3qnfTqdDtPVJshOi5O7PSokIDTal/0VsvSNVVNTg82aFbhWGAV+YwZeylCNuqgFBuR4EfiNGeA3ZqA2chd4OkSLVnE1WzOPoaDT6dhoYYaywgy526PCAzI9eiVumaWtrQ1VFWXk+ruirzZlERBF0AxAnlcnIchuE1TERLXEndGio6MDSwtzVJXlyt0eFQ4QR3sbUKkUkRlEmnOuqakJY44uTqUdEA7IIiCKBQi/MQPlIV7g0LRm7UKcHtESRLPodDrstlvJ3RYVEpAN5muhrq4ujJHPVa2rqqqKvTYbcLcslhiMpsxFQBRAEydKRAC5nB8BmzUroKamJnaZNT0vwmQy4eZsJ3dbVHhA5sqcUygUkNRUkR/gisGjqeA3ZmC0JXsREAXQ5MkyEUAGj6Ziv4MlSOpqs5z16X20uFwueFwO/HZ5yd0WFR4QQdmBJEBIJBJMeQx0JAcKB2IREMXQTED4jRko2u8Orq7ocd4z+2dxOBwYGugjdP9eudviTwGIpCJFwfLKe+s63CqJWQREwSQOkKbYvVjJZQgLGQUnbs2swzIxXqEwSUKFA8TG2hJkMllkBhEX5qVSqVi+fDliPGwwUJe6CIiCSRwg5zJDsH4FR6TSd/rhoYKAzNo1q5CVGit3W1RIQFydbKGtTRWesSfJByGTydAma6B4v4fIICwCohgSB8jl/AhYrhS/81AACJPJxBrTlcjPSpS7LSokIII8yFzbaUkkEkzYumiO9VsERAElDpAbxdFw2LAKOjOKF6eHeJlMJjaYr0VVWY7cbVGhARGczCopvKuuro6NxlycTj+wCIgCShwgV/IjYLPOWCSKNXMvCJPJxOZN69FYUyJ3W1R4QPT09MTOIjQaDaqqqnCxWIWbxdGLgCigJC2xrNYYiQAiSBQKIll0Oh0bN6yTux3+NICIC/MKHHTvretwvyJuERAFlCRANkvwQQQlJ3Q6HRvM18rdDhUWEF8vV9Bo2mAymRKP+RIAEua8ddYgLAKiGJK0xNq8ykAsIIIt1ouAzKHw4H1g0Ocub5cISPMiIIogcYA8qUqErZnJLECmH/65CIiMgEg7qkwaIIu1WIohcYDwGzPgtGHlrN5Z0zfHLQIyh6IP7geTSZeaA5EKyGI1r0JoPoBMj2ItAjKHMlMOCRvHSdootQiI4ksSIB6Wa0CZBgidThfZC7IIyBya3llRUqGitrY2lJWVEey4GcP1aYuAKKBmlrsLtN/BEjpUirDkfWb/s0VA5tDhkmwY6HOhq6sLLpcrFhBBHsTX2gyPKhNmDcJkl+STkQQaP16E0ZYc8JuzhRquS8FAZaxYDVUnYqQxA/zmbIy25mJSyulL0jRSn46Rhm9rajd+rAD9FdGY7Cyb//sFm5mmrnmoNlniNQ9WxQmvWaCx9gIZ7m8FJjqKxAIS5WYNpo62EJCZ/c+YTCa2WG6Qux0qLCBNtaLd3cX5IYJMutOGlbheGDVrECZOim/aMNlVDn5TJp7lBuFulCNuhW7DzRBroa4HbsJVP3OxuuZvgRsHtuJmiDVuhdngbrQj7sU4436cG55k+uF5QQj6K6IxVJssFqDJk2UYPBKPW6HbcD/e/avhmOwqx4viMFzdtx7PC0Mw0TH7WsfbC8BvykJ/RQz6y6PwJNMPD1N8cC/GGXdjnHA7wlama77qtx43p65ZoNvhO/Ao1RfDdSmSARWzo1CgWK/tYNCowl5Z0wHR19fHihWGcLK3kbsNKjQgGzesA42mLXVHIZlMxtbVBjibETwbkJltf7oqwG/OxuOMvbhxYAsueRmjx5GNbgfmN6vHiY1eD0Nc2rkSV/asxTX/DbhxYAtuhW3H3RgnPEzeiUepvrgb44Rr+9ajx4mDR2m7vn4G6arAYFUcLrjwcNlnNe5E2uNRqi8epfrifpwb7kTY4mawFW4EWeLKnnW4snstej0MccFV77tcb7cDE71u+rjmb4H78e4YPpo6+8g2KYAUBrmBx6CJBYQQD+4u9nK3QYUGZIfNFmhrU8HlciUusygUCtYasNES5ycVkMmTZeiviMbNEGv0ehii25H13Qxlbng4uOCqh143ffQ4c9DtwMTVvWZEruZblljHi3A3xln4Hb1u+lPfwUW3w4+7vgsuPFzz34An2f6YPFkqCshU25+ZOhzmDQOWrlhAiAcicxGQueTp5igEROC4ifNDmDpUpO9xQF9NisggjE91Vpw4UYpHabtwydsEPU6cH2Y4knRj/xYMVMV9exChqwL8xgzcibQXgic3ObLQ626IOxF2GD9e9AWQ9nyxgHQkBcKEwxDWY03Pgejr6WGFof4iIHMpaJ8vtLWpwnosSeFeTRIJAbYbcb88bgYgBRg/XoSbIda44MITXR54GOLG/s24F+eGp3lB6C+PRH9FtFDPi0PxKH03HqXvxsPknbgT5YDbEbZCXQ+wwJXda4W66GEokyFdD9hIrNtlCCDICslYay4eJnnLBEmPE1vkd1/zW0/4FNOu7WHyTuG1P8nxF7kv/RXReFEchgdJXtOWqaxpn8/BZd/VRABiqrOiOEB6ssNgqscSAjJ956ihoSHWm6/FTk9nudugQgNyKDIY2tqUOfelk0gk7NthgXvlsSKDMFSXgqt+5sLl1AUXHm4EbcbjjL0YrIrDUG0ihmuTMFyXLF61SSIamq6aRDFKwFB1AvrKIvEk21+s+soiML4ALVHH2wukfu9QdQLx+2oSZv/u2kSRaxO57joJ96c2iXhfTSKeF4bgbrQjLnqs+PIAcjfAYE2iREDul8fBzIAt3Jc+c4llbGSI8OB9crdBhQYkOy0ONG2KcPrl8XgyAzJQeQiXfVahx4mNix4rcCfSHv2HYyTD8AO1UC1Rx9vz5X5tj9N348qutcR991yBvpKDYgHhN2bA0kRPLCBcLhdGhgaLgMgiNosBBoMhkkASB0ig3SY8mCp5HzwSjxv7t+DqnnV4nL4bg0fi5G44PwSQ44UYqU+V+/UN1yXjeVEIboXZ4Jq/BfrLIsUC4mttBrrObCfdwEAfFuvXITIsUO72pziA1JSguTIPrSWpaCtMFGoljwUdGk0kgSQOkNTdjuA3ZmCkIQ2PUnzwLJdoAaQoBvNFKQsGyERHEUYa0hTgGpMxfDQFo83Z6C+PwqO0XRiuS54FyAEHS9BpRLJwOiAcDgerV+ihIHa/0A5ai1PQXJmLJjnuMJQfIDXFaC1MwslId5z1WiniVLqw1UCjkEVu3kxA1NXVkbLLnvA7apMwMq3sZPxYofyNZZpGGtJEQ6HfUZMnS8FvypL7NQpgmDxROvWQSsNwbdIsQFJ22YNN15kFCJfNgjlNFTVbdYR2cM7dCCcj3NBanIqmmuLfC5CWskx0htjjvCMbF1z1cNlntTDKcnAdHTQySVjpKS4fQtYkIX2Po9hpfLKrHPzmrzSa2iRh1GZeKgnHgAR/h9+U+XWlIbJGtNryMHw0Rfh9Q7WJ6Cs5OO9r6CuLwOCR+K+EIx0TJ4oJYCX4H/zGDFSEeoFLp80GhMXEZqYGTnkRdnDZZxUuuPBw3omDk+HOaKnI/o0AqSlBe3YkzrmvwEVPI9w75IIXRWHoL49Cf3kUKgOdQCWpCwERV3bCoeug+ICH2EGYOFmKiZOl4DdlihiOJA0eiceTLD88TPLCgwQPYh0dsHFeuh64CbcjbPEkcy9elIRhqPqLoY215S1oEaWgOLC/IhrP8oLwINET14Ms530NN4O34m6MMx4meeFx+i68KA6TaVnFb8oULiHHO4qlAnIsMQAGLLoIIPr6+jAy0IOFIUtoA8+LQnE3ygG97oY452GEtrxYuSy15AJIc2U+ThzyQbcjC7fDd8zKLt+uTheZQcR1WFzBYeBw2E7xgEyFVCdOlmK0NQcjDekSB/hZ/n7cT/TC46JI3Ms6gCpHY+RbaqPchoHCzTSkrSUhbS0Jcas0cNBYDdGrNZBjTUfmFh1EmKjhTkkcXhzNxrOqVNyKcsYlbxPcjXbEs4ID6CuLwEh9KiYW8Lz2yZNlGGvLw2BVHJ5k7cM1/w245GOKJ2WxeFGXjWe1mSh1M0e8mRayrXSRtJ6CcCM1RJmoIcmUuLYcCwoqbBgot6Ejw0wTVxN343FRJB5m7MOjtF0YrIoVAWKkPhUjDWngN2VirC1PZPk4flx8Fl2gc5khMJzKpk8HZNUKA7htMRO5Nn5jJm4e2IpuRxY64vei+Ujh7wFIS1kGTgVsxQVXPTxK2zWrnmf0RBnYNMosJ256Jn2NARf1MXvEDsL48S/nFE52lmOioxhj7fkYa82dquLNwmB1Ah6l+OBuvAcGj1Xg35E+jDy6C6fVdHiuo8DHXBtbmEpYrfF/WK3xfzBU+R+wlf4Leqr/C9tVZLhtoMGcuRxtDTUAgE/v32Hi6mncCLPF9YCNeJZ/AMN1yVO/ZeFmj8nOMoy1F2D4aCrux7nhopcx+hry8OGv1wCAN69fYftaPdiYaMJxLRWrqH+ApfRf4C3/b5io/S9Wa/wfzClL4LlGC/s202Grr4b6gnS8HRvCxPWzeJQXiruHXNBfFoHRlhyMtedj/HghJo4XTYE//doqiGJJKYA8qIiDEZsOGm3aYa08HvQ5bOx32SZ6bV3luJ/ggQsuPJwK2oaWwz++X5ZcAGktTsEZ33W47LsaL4rDxQ78ZtMV0NXVFYmTTwdk8+oVIo2rp2usPV+8MXWVY7KznBioJC88zD6AiWtn8PHtPwCAG1d6YcFRhtsGHWwzIoGj/N9gKf3XLK3VXQZvSzqczbUR4usKwevj23/AP9uMGyE2eJDkLSx7+RHqL4vCNX8LPCmNxbtJPoDPAIC7N67BnLUcrutpxDUtF39NZvRl2GnJgOt6GkJ8XQAAnz9+xN8vHi81xbkAACAASURBVOJFbSbuJ3ih/3CMdF9qyh+SBgi/MQOreUzQaDSRc2D0OSxkBHrO+sxn+QdwydsYZ3aZo6U86zcBpCgJZz2McWXPWvRXxIi92ZHe9tCmUkUyrYI+WTQaDVvXGOFkSpDYARhtzZU4iCP16XiYuht99bn468VDfP74QWjg3ac6YG2kAT87E9QUJqOuohj261fOMqaVlCXw2cyA1yY6AtxsMP318Z83GDlVjzux7hg4fOiHwDHWlo+7h1zxpDwe/4704fOnT8Lf03vuFKxWaCDc2xIXTh9DWkwY9NT/I/aadm5mwNuSgX2u1l8u6PMnvH81jtGeNjzM9MeL4nBMSIrIdVUQM/QcgJiwdUUA4XK50GPRcSQ2YNZn9pUexGWfVTjraYKWsszfA5C2ggScc+GJADJ5sgx9ZZG4GWKNa/s2IHMrFxpqqrOOYhNsu3XfvBZXC8Qno/gSKmb5TVl4XhYD/vlWvHs5is+fP4kY971b12G1QgP7Xdbi7LEanO88jl32VrOMaRNXBbutWPC2pCM1cj9mvj7+8xcGjx3G0/xgkeXeQulFSTieVybhn4GnInAAwGDfc9isJCNxvzOePriNI0U5WKmtMvuaOMrYtZWFnZYMxAT5zLqmT2//xesH1/C8MgmD1Yni68q6KsBvypoTEKcNK8Ggf6nF4nA44FI0UOVghDtRDhisTpgFyDkXPbSUpv8egLQWJ+PsTlNc8jbBs/wDU4N8EFf3mqHHidircXSrDlSUlonsFxD4IRQKBd5W5iJHH4gqc/ZTtj0fw+0lePPkDj69eytcgkx/vXn9Cnvs12PnFhYOOK+GxyY9GJGXihiSIen/4LFBB3u3seFiTkPP6c5ZnwMA79+8BP9UHUZb8xYUjomOEoy0F+OvZ3dnwQEA7969xX43S/hac3HAZS1sTengKP+PyDWZ0v6E72YG/Lax4bqehvNdHWKv6fPHj3g3OQr+qTrwW3LF7gWZCw5+Ywa8t6wDc9r5hBwOBxz1ZejYTkePMwc39m/BUE0iXp46jCfZ/rjouQJnfNb8Rkus4hSc8VmLix4r8DSbmFbvxboQ1beOLFzda4bbUfbQUlcROWBFcOrU3IBkiKyVJzvL8bKnEe/4fbNmDZGn5KdPuHrhLNwsWNhtxULAdi58LOmwNdHEDmNNOK+lwt+Gg8AdPPhYMpAeHYSPHz9K/rx3/+KvW2cWFJDXl1rxflTydX3+/Bk3r1yA6wYWdm1lwW8bBx4bdLDdiIQdxprwXK+DwB1cBNry4LOZgYyYIHyctuwUe13//oVX1zoxOeO3zJUDkQQIk8nEaromLu9eS1QHO7LwMMUHL08dxqO0Xeh1N8AZ33W/DyAtpek4tc8S3Q5M3I9zE96IawEW6HXTx/XATRiuTcLmlXoinS+4XC4YDAbIZDIOullLHQRxpR2vehrw75PreP9yFJ8+vAc+z55F3r97h+5Tx3HA3RJ+NlwE2ekj1NEA4c6GCHU0wH57feyxMUBNcSY+SYTjMz68GsW/T2/g9cXmBQXk1fk6/HXnHN6PvsDn92/F/pqPHz/i1tVeBHsIrkkPIY4GCHMyRIgDcU3+tkYoTovB+3diPuPzZ3x6/w4f/36N9/wXeHO1Ay9PV4mZzaTnQGYCInj4MXR14W5mgCt71uGixwpc87fAw+SdGGsvwJ0IO3Q7MHHKf+vvE8VqqchGZ5gTuh2YuH1wB0Ya0sFvycFgdQKu7jXDBWcuBqviEO+9HWQyeZYfIgsgwg084nTmCCZOVWHyUgf+fvEAH//9Cx///RufP3wQLlMmJ8bQ2VyJ2tyDqM4KQU1WCOryo9BRWwD+UB8+z4Tr82d8/vQRn9/9i7f9D/DqfN2CgiFOf9/rwce/XuLzxw/4/Gk2vK9fTuB8Rz3qiw7hSFYIqrNCcCQrGM3lqRjqe4pPU9f++cN7fHr3Fp/+/RvvJ/mYvNKJifMNeHmmWur3jx+THuKdCYgwCUyj4pCdGbF3JnAThmqSMFyfhqGaRCIP4sDEyQg3NFfl/x6ANFcVoCN+r/CGDFYnCBsd3D5oix4nNp4XhqAzJQiqqqoifgibzZYNkGMFMhkVvykL/PZi9NWm49XtC/in7yHevxrD+9cT+PD3a3x8+w8+vftXrD7+8xc+vHmJD6/H8XbkOf55ehNvrh7HyzNHfjgc02fJfx5fwz/P7uLDqzF8eD2JD3+9xoe/XuLjv39JuI43eP96krjuV+N4eeMc+GeOYrA+E/zmXMlRq5mASNhJOBcgNLIG6nZvRY8zB/cOuRDLtc4yDFTG4qrfenQ7MHE8ORBN1UW/ByBNtaVoz4nCeWcuLvusEsmFPC8MwUXPFXiSuRfPjiRCXVVllqOuqamJcBfxjeNkCfVK0sTJMgzWJKGvKhH9dRkY7qjEeO9xTFzunKWX189g7GwjhtuKMdKYjdGWHLlBIfZaTpRgqDYZQ43ZGDlRiaHWYoyeaRB7LfxTdRhoyCGu+0giRlu+LrAgS4hXCAiDLlw265BU0XPABpd2rsKLkoPCz3uWtx+XvIxx3pmLtoIEudip3ABpLUzEmV3m6HHm4nHabqFTzW/OxmVfUzxI9AS/IR0bjbkie5e5XC7IZLLEzopCQFq+rTnCy1NTHQKbszFcnzZLC7FDcCE12VlG1KaJuZZZnWC+UqMyhHj5jRnwsDQFa2q/D11XF+Z6dNw+uAPX9m0QPtgmT5bhQYIHepw5OL3HAq0lab8XIC3lWegMdSD8kAhbkXqsG/s340GSF/gN6TjoagXatL0hPB4PWlpacwLCb8qcHYZUIImUv5+uxMszs53en0oyhnj5jRnYskoPjKkllpYWGTGuW3Enwg63w7cLP4/fmImbIVaE/3HQFc1ycNDlCkhTdRE6EvfhvCMbV3atwcDhLxn1+wmeeFEUCn5jOhpi9oBEIokssygUikyAyLp2lodECjTPVOHV2Rq5/6Zvkawh3pH6NBixiHJ3Ho8HVWVlHIvbi7sxTniU6iv8vBclRILwvCMbx9KC0VT9m+0HaaotRXt2JM56mqDHmYMnmX7Cp+rTnED0lxNdE++Xx4GqqSECCJVKRaDdJvRPOwJaLCAKvAwaqk78MoucrZZL1Ot7akJCs7iZelx+CAZ0qrA3L4NCwpPDcXiU5ovnBcHEZ50owcPknehx4uCs1yq05cfJzUblCkhrSSq6Aq3R7cDEnUh74VN1oPIQBquJvrsDR1Ox0YQn4odQqVR4bVk7q6OJqDIxJmMk60dr/HgRBipihGUor87W4FV3vdx/17doTMYIVneyHzhUEuh0OshkMlw3Eu2C+iuiMXgkHi9PHQa/MQO3Qm3Q7cBE14EdaCnL+D0Baa4qwIlob5x3ZOOyzyoMVMbi5anDGKpNxnh7AUabszFUn4Y47x3Q0dERAkKj0WBvvhKX8yKkDsbYApd5fK34jRkYqIgmADldiVfd9Xh9oVHuv+tbNNqaKxMgVf52oGuqgcFgQElJCfmBruA3ZWK0JQfDR1Px8tRh9JVF4pK3Cc47sdERv0cu+0AUApCm2hIcywjDWS+iVc/jjD2Y6CiZ6iJOVIaONGSgM3W/iB+io6ODzasMcCrtgNTB+B6RrIXQUE3iNECq8PpCE173LmzGfaHFb8qUCZBMZ3NoqyuDSqViyZIluFEULdyROHGiBOPHi4jllSMbZ3auQXtOtBztU+6AEGUnXUHEdHrzwFbwG78coyaIq98pPQQ9Bk3kLLs1Bmw0i+nNKwJIc9bC7QX/BvWXR2GgIpoIaZ6uwuveZry+1Cr33/W1EuyxmUuDR+JwYKMBNJWVoK6ujlUcOobr00UCKsN1KbgeRJQhdYbYo6X8x5e4KxQgTTUlOBHri/POPPQ4sdFXFiUMzwpKF54cSYSPtbmwLovBYECfqYvKcPFbbr846lkL1m7nazXeUYz+skgMlEcTPtfpKry+2II3V47J/bd9rSQdmDNTz/L2w2c1E2Q1FSxbtgz7HSyJB1lTFgFaVzmeFwSjx4mN8y56OJ7kL9eWP4oBSG0p2vJicWY3UVLwIMFT6LwKAOmvS0VegKuwLovFYoGsSUKmn9Pcod4OKTVZ8gDkWOEUIFG/DCBz7UMX6EGiJyxZmlBeroQlS5YIN7yNNhOAjLXl4d4honP96X2WaCtMlLttKgQgzZX56Aq2RbcDC5d2rhSewjT9nInu7DBokzXB5XLB4XCgoaGBGA8b6aHexkyMtYnffisv8ZsypwGS9QWQqx1yreH6Fo3KsM2W35iB2wdtsVZbFUuWLAGDQsLA1NgJopdD1Ym46GWMbkcWOg+6ormqQO62qRCANNWW4nhyEM55mqDbgYnnBcGY7CwTmbpvlcTAztxEuE9dS0sLu6zNcKf00ByO+vxrsn4EIP3lURipT8fLM0fw5spxvLl2Aq/OSq+WVVSNNmfP7X9Ux+N6wEasoSzHf/7zH3hYmmLwaNpUtJEoiHyaG4RuBybOeq/CsfRQudukQgHSUpKG036Ec3Y32gkTHcVEb6upG/zkSCKiPWxAIhHtgKhUKravM0JPTtgcjno2Jk4qjqPOb0gXAjJcl4KXZ6rx5krHTwuIoMZrLkCeFwTjyq41QkDKQ7ww3JBOANKWh7HWXNwK3Ubs/Qi0lmvuQyEBaaotxcmDrlMVvqsx1p6PyWn1PcMN6aiP3g1NDXWwWCzo6OjAfAVXYuOG6ZEscWf5yUvDNUnTZpA0vDpbjTdXf15AJjqKZQLkYcpO9HoYYpOuKkiqyric/yWHNX6sACP1abjoaYTzLjyciPaSuy0qJCDHUg/g7NQyS5A0mn7zz2eFYt3U+RIMBgNsXW3URe2e01H/EY0TZNVQTaIwijXWmoNXZ2vw1/XOnxaQ8WMFcwIycjRVuM/He6Uutpka4OHheBFA+kojiOXVTlO0Z4bL3RYVEpDWwkSc8SX2JT/LP0C0kZmWoX1QEYf9DpbQ0NAAk8kESUMdZSGeczy9MiX2yZKHBitjCUCmEoWvztbgzfWuqY1W4it6JzqKMX6s8KuPn15IyZJB76+IxvXATbjosQLOJgyEOG3Gs+ovja3H2wvwINFLGL1SlOWVwgHSXJWP03st0O3AxMMUH0zOODF1qD4NpcGeoJKJWh51dXUk+9qhrzZF6gCNteZ8v+PPvlITJ0ow1ppL9J4ti8RAxVQTtjNVeH2hEa+6j0p5Shdi6Eg8RurTMNqSs2Cd4uerya5ymRz0p7mBuOxriusBG7GRq428ANcvEaymLIy3F+DG/i0478RBZ6iD3Dq5KzwgTbWlQkf9fry7sBPiaPOXjTgdyYEw1WNCW1sbmpqaCHPegkeVCXNEsrIXtD+uVCPqLMNYay6Ga5MwcPgQ4X+URYqU98+prgqR940cTfmhXRslQ18q0yapB4meuODCw71DznBdb4yTKUFfHPT2fIy3F+CqnznOu+gplP+hkIB0BW1DtyMbdyLthUuK6ccK3yg4CO+NJtDU1ASZTIbXlnW4WRw9p6Mujx2A48cKMXA4RuiUC4x83oCcIlqLCt9fGoGnuYF4lrdfrqCMHyuc0/8Yqk7ArTCilOjeIRecTg4QLq9Gm7Iw2Vn+BRBXfZyI2Sl3G1RoQDrDnXHemYvrgZuEgEx2loPflIXHGXtwafc6HDKng6apDk1NTThuWIUr+dKregk/5MeXvj/L24/7cW54URgiAocQkDNVeNXTiFfdDXh1rhavztUQOn90VtJwJiCPM/bgdoQdBo8k/PDrEkiWPrwvCkNwdc86dDswcdHTCNf8zPE0ax/4jV9aMy0CMg+djHDDeWceru3bICw0nOyqwEBVHJFldWAifwMVRloqUFdXh/NGUxkAycBYW+4P9UPG2vJwJ8IO9w45o6/k4GxAKmIwcbIMr3tb8NfN0190vROvLzTN6jslAkhZJJ7lBuJW6DY8ywuSCxyTXeUyNWl4nL4HvW76IieIXfI2wVBtsrAodawtD73uBjjnYYTjSQFyt0HFBiTKC+dd9HBl91ohIOPHi3Az2Ao9Tmxc9TPH1ZS98LEyh4qKisyAjLbk/NAtuKMtObgVZoP78e6z4BCUmvCbs/DyzBGi3P1SO15fbCVmjxlwTBwv+vK+ylgM16XgRVEYboXZyA2QiRMlIr6hOA3XJuFujBN6nDl4nL5HmCzscWTjVpiNcIUw1pqLbgcWznquxLG0ELnboEIDcjwlCOfcV6DbgYXJqQz4eHsBru1bj2v+Fhg+morJrgrkBLqDRlKD44bVsgHSnPVDt+COteXj9kFb3It1QV9phFhIBqviZIpICXInwq0AXRUYPBKPOxF2wh62P1rjx4vm9D/6yyJxPWAjru5ZR3S676rAYFUcruxag2v+FsIHIAEIE2e9VipMiYkCA7J/ChCm0HjGjxXibowThuvThAN0OjMUm4w4iNi2Go9KJHR5n+GH/GiH9mlOIG4f3IHnBcHgN2biRXEYHqb44Em2PwFNeRSG65Kl7lkZbc7CQHkU+sujMdFRLHzqDtUkCvvXykNjbXNvsX2aG4heD0PcCrPBSGOG8L19ZVG4fdBWeC2jLTmLgMiqY5nhOOdhRGTT64mq3smTZRiqFnVGn9dnIshmHTI20vEsfz/4jeky+CF5PzTZNn68CE8y/fAsLwjjx4sweCSeSJh5GuFWmI3wXMbhupSph8GXNkWCHMNARQz6SyNwbd969Lob4H6CBya7KjDWnv9VzfG+hyY7y+b0P4brUnA/wR09jmwipzXtITBxogR9ZZHC2fB5UehUFn0N2nIPyd0GFRqQ1uJUnPVehW4HJl6UiD99SqAbCTtx2pGLe4ecMVQz+8hhsX6IHPIhoy25Ikup0dZcPMvbjzvRjnhRHIb+sigMVSdivD1fuO10pD4NAxXRGKiIRt+0sK4iVAVMdJTMmSDsr4jG9QALXN5lSsAgCbaucjxI9ES3A5M4RUoOZ4D8VIA0Hymc2jzFwq3wHVIHqr88Cld2r8GV3WsxUCE9F8JvzCB2GCpIK6DJznIMVMTgUYqPMAw8UBGNwcpYDFRECyNdIw3pCtcAb878R0M6nuUfQK+7AW6GWIM/tWNQLGwnSnE90BLdjmycCtomd/tTeECaaqeqep246HU3gLjDcIgnTwWGapNwzd8CPU5sPM32J05enQOS8WMFC3ok87yexCdK8LwwBPfiXPEoxQeP03fj6ZR/MlSTOLWnXsHqr2Q4h3C4LoWYFRxZRNfMllyJ93yoJhE9zlycczNAR/xeudveTwFIW94hoaNOHI/wxcGbPFkGflMWXhSH4260Iy56En93K8wGQzWJc/shrbkK1chh/FghnuYSZ5s/TPHB09xADNcmK9xeeuH97yzDaKt0/2OwMhbX/C3Q7cjCZd/VuBfnihfF4eA3iQI/Up821f+KhTO+a9FanCJ32/spAGmqLsKJKE+cd+ai25GFW6Hb8Ch1Fx6l7sLDJG/cDt+OS95E0pD4GzYuehlh4LDkE6e+hHuzFdL4JrsqMHGydApexZjhxGmio1h6/qMhHc/zDxCzgvsKnN1pim5HFi56GeN2+A48TN4pHMubwUTv3XOuBuiI3yN/u/tpAKktRXNlLjpDHEQysNN13lUfpwK2oiNuN07vXo9uRzYeZ+4lDuOZK9x7vEihjVBxVTHVSEOy/zFcm4S7UQ4478xDZ6gj2jPD0RnmhHOexuLH0pGFk+EuaK7Mk7vN/VSANNUSPbM64nbj9J4NOLvTFGd81uLUvs3oDHfG8eQgtBYno7m6CB2xu3HOzQDX9q3H8FHppe/8xoyp3YoKtrb/CTTZWT6n/zFYFYtLXsY4670a7VkRaKopQUt5Fo6lh6Iz3Bmn9lnijM8anN1pitN7LNARv1cuxzv/EoA01RJRrdbCRLTlx6EtPx6txSloqcgSOW2otYg4NbfHiYO+UtnKTiYVaJ/6z6KJE6XS8x8N6XiatQ/dThycCrQWPTKtuhgtFdloLUpGW3482vLj0FqYJNe2or8EIDKpuhidoY4478TFnUh7GcK9itX5fbKrHCMN6XheEIxnefsJh7Y5W/HCu3OUl4wcTcH1wI0452aIjgQ/+dvFIiBf1J4VgXNuhrjgwsVQXbKMyyzFMcCJjmIM1aWgv4LoVato4V1Zllf95VHEkQU7TdFSqjjbZhcBqS1FU00xTu8hQov3E9xlW2YpULj35anDeNlVQfhGCgSuEOCTpRhtkZ49vxNph/POXHSGu6CpVr4tQxcBEaOOBD+cd+Lgopfx3MusxgxMnFCcZZaia+J4sdToFb8xHRdceDjnYYTWAvm3DF0ERIxayrNx1msluh1ZeJTq+0OXWXN/TgUmO8uFtVbjxwuFmugoljhrfHnPl7+dPFkm0ywz3lFM1IB94zXKsrx6mOyNbkcWTvlvkbsdLAIiRSeiiPYxl31NMXJUWt9ewZ7ob1tmTXaWCw9/GW3JwfixQhGNteWB35SF4boUPC8Kw704N1wPssRVv/VC3ZnaOksEDghjnjxJRIxelBzE/Xh3Yj/MvvW4Hb4DT7L8MVidgNGWHIy1F4iUwRO/qQwTJ0oxfrwIT3ODhL2Ov3r2OFEqtThx5GjqVNM3PbRnR8ndBhYBkaLmihycd9HDBVcenmYHzL3M+sbu76Otubif4ImHqb54lOqL+wmeuB/vLtSt0G247LMKvW76uOCqh0texrjkbSKii54rcMlnFR4m78RwXQpGGjLwLP8ArgduwuWdq3B1rxmuB1jgqp85ruxeK9SNA1twP84NT7L2ob8imnhvfRr6y6PwouQgnuYE4mGKL+7Hu3/9NXZViDTNEKcnWX6/5OzxSwLSVFuKzlBH9DiycD1gI4ZrpZfBj7bkfPMSZLyjGMNHU9FXFonHGXvwMNlbop4XhuJFUZiInuYE4k6kPa4HbMTNEGvcDN2G60GWeJDgiRfF4cJ9H2Nt+cTZ5kdTMVgVR7w3O0Ds9zzNDcJQTeI3zx5z1V4N1yYRDRecuWhXsL0ci4BIUGtxCs65GaLX3QBPMqWfQsVvVIzjoidPlmGkPh3Pi0LxJNsfQzVJCpHMnOiQ7pw/StuFCy48dO23kfu4LwIiq2pKcPKgK3qc2LgeuBEDldJOw83AqIIe9ilvTXaVY0xKa9HBqjhc9TPHOU9jtBYlyX/cFwGRXa2FSTiz0xS9bgZ4kOg15yyicDkRBdDEiRKJmfOR+jTcO+SCCy48nIj2lvtRaYuAzFPN1UXoiCecx2v7NqC/PGrOkK+8DVKh1FUhdfZ4mhOAS94mOL17vcJtk10EREa1lKbjtN8mXHDh4U6UPYZqpWyoaspUmKbQiiBp534MVB7CjSBLnHc3JLqQVCtOs+lFQOajmmKiRst9BS56GeNxxt45fJFcharP4jdlYrguhWgUVxxG9Jb6Ad8rrWu7cGnlqocT0d4Ku49jERAZ1VyVj47YXUS/34CN6Cs9KHUW+VGn4k52lmOgKg4PkrxxJ9JeqOuBlrjsa4rLvqa45m9BdGdM8MCz/ANESPoH/DZpp9Y+Tt+Ni55GOL13I1qLkuU+vouAfAe1lGWgM8QePU5s3Aq1xsBhyQd/jjZn/zCHffJkGcba8ohZojYJw7VJGKpJxFB1PKGaRAzXJmOkMYM4JesHzG4TJyWfOfg8/wCu7F6Ls16r0J4d+cs65r8dIE21pWgtSsIp/y1Th4Q6Sm3wMNb2I8O+xF70sbY80bM2mjIx2pqLiZM/dv+8pA1RfaUHcc3fAudd9YkG09M2rP3K+m0AaaotRXt2JM7sMkOPMxcPEjwkZ9kV7FzDH6WxYwVi7kc6BiqicTPEijhgM8rzl/c7fltAmmqJjVVndpmjx4WHB4meGJIAyY9udi1viY9apWPgcAxuhlgTpz9FuqP5cK7cx3ARkIWGJDP8CyRJXhJnEnm1Kv3Rmjwpvlp3qDoed6Mdcd6Zi679OxSyb9UiIAsFSUY4zu5cI1xuDVXHi4ekNVcharUWDI6pMxRn5ToOx+BerAu6XfXRtX/7bwnHbw1IU20pOkMccN6Jgx4nDu5E2GGgUkx0qylzqiv8r1eKMtlZjrH2/FlLq76ScGJZ5cTBKf+tvy0ci4BMnYfY48SeCgFvw4ui0N8Cksku4vDMmXA8LwjGVT/zqeZ8BjieuE/u47QIiJwBueRtjDuR9rjgqoere83xJGsfRurTfllIJqc2QU0PK4/Up+Fx+h5c2b0Wve6GREtQNwMcTw6U+zgtAiIndcTuwnkXPfS6G2CoOh73493R62GIyz6r8Sht1+xcyS8AyWRXBcaPF4r01x2qScSDRC9c9DJGr8cKPEr1XQRkEZBSHE8OxDk3A3Q7MDHSkI7h2iQ8StuFK7vX4qKXMe5E2ompAp6C5CdsXSoOjv7yKNyJtEevhyGu7lmHpzkBGD6augjI7w5IS30FTqYF47yboRAQfmMGho+m4EVhCG6FbkOvmz6uBVjgaW7gjLNHMjHW+nNBMtlVgbFjBSLLqhdFobixfzMuuPJwM8QKL4rDwG9Ix0hDuhCQjpT9aG+skvt4LQLyg3Wp5xQGb17A9TBb9DiyRbvCNxAJsnsxzuj1WIFLXsZ4mOQ165i30eYcTPwMy62pMw0FDvlQdQIeJnnjyq416HU3wL1DzkQEb+oeCAC54GWC+y3leProHtoaK+U+ZouA/CCdbD8K/sggPn38gH9HB3AzylloHNOzyMN1KXiWG4gre9bhggvxlO0rixSBabQ5W6Ehmewqx2hbHgT7yvsronEzxBoXXHi4smsNnmT5zUqUjjSk44KrHp6WJ+Lj23/w7z9/4+bVXrmP2yIgP0At9RV49OA2Pnz4AMHr/ZtJjJ+qEl+X1ZCOwapY3AqzwQUXLi56rMCjFB/RnlsK1gxbBI6pDPlIfZpwF2CPEwc3g60I/0rCeSqj3W34/PGj8B6Nj/FxtqtN7uO3CMgCq+fsCbyanMDM16f3b/Hq6kmJpd7DyORjagAAGO1JREFUR1PxKG0XcbKVIwuXdq7C86KQLwbWlInxYwUK45cQ+8mzMNKQNpX4s8IFZy56PQxxP8EDw5Ka6jVl4d++B7Pvz6dPeHT/FlrqK+Q+houALJBaGw7j8YM7+PTp0ywDAIDPHz/g1bVOqWdgDFQewt1oRyJX4MjCvVi3qf5TaV8iXPLszD7ljAvCt3djnHHBhYdeN31c97fA84JgCdeWidG2fPz74p7YewMAkxOj6D5zXO7juAjIAun8qWOYGOdLNAAA+PzhHf6614ux9jm6CWb74+qUb3LVzxxPcwOIvEnD9PqtH7t9d7KzDKNteRiqScSzggO4smctLrjwcG3fejzNDZJ8PU2ZGO+swNuR58DnzxLvzadPn3Dv1lW0HC2X+1guAvKd1Xy0HHduXMbHab6HREjev8M/T25g7Ljktjf8xgwMVsfjTqQ90VrU3QC3I2zxvDBk6gjnbKJn7o/Y495VgYkTJRipT8PzwhDcCrdBr6seLnmbEJvDqhMkXsNoczYmztTgHb8PkDCzTn8NDTxH57EGuY/nIiDfUY01JTjeUoO+50/mNIAvkLzFP89uY+JUlVRI+FMnQ90MtsJFTyNc8l6JuzHOeF4QjOG6FIwdK1jQzPtkZxlGm7PQV3oQ9w654KKnES56GeN6kCWe5gRKnQVHW/Pw8mIb3k8MA5/nhgMA/nrzGq2NNcjLTERFUSYafuGOJr80INXleSjISkJKQiQOhvijqCAHE+NjMgMCED7J24GHmDh1RDokU7PJw+SduOZvgV4PQ1zZtQb3Y13RV3IQ/KnNV991NumqwHh7PvrLo3A/1hVX9qzDRU8jXA/chEepvnOeGT/aXoDX1zrx4dWY1GXVzNenT5+Ql5uDbdZb4OJoi6B9vjgUGYystDiUFqSj/sivtRX3lwHkSFkuctLjERNxAEH7dsHNxR5bLC1gunoljI2MEBcXh7dv384LEAKS93g7+BiT545KPQKAyB8QndXvx7vj6l4zXHDTxzW/9bgf54bnhSFEW6Fv7bfbVYHx9gIhGILvubrXDA8SPIiz4uc4CnvsWBHe3D6PD28m5gWH4NXW1gYrKyvo6emBwWDAQF8PG8zXYYeNFXy93RAW7I+kuIMozktFXZViH9L5ywJSWZKNtKRohAf7Y6enC+x2WGPD+nUwNNAHj8uFnp4eVq5cCTMzMzg6OqK9vX3ehiCE5NNHvBvtx8uLbRhtkdxtUBgSrkvBi6JQ3It1wdW969Drpo8ru9fgTqQDnuUFYaQx46uWXaMtOXheEIK7UY5E8tJVD1f9zHE/zg0vikIxXDfHEdhTzvjfj67h0z9vvvp+PHjwAMHBwbC2tsamTZtgZmaGlStXQk9PDzQaDVwOG6tXmWDr5o1wcbLFvj3eiIk4gPysJByt+rlmmJ8GkPojRSjMSUZsVAh2erpgi6UF1piuhL4eD3Q6HTweD1QqFVpaWrC0tIS1tTVsbW3h6OiIoKAgXLly5asNgqDkMz68HsebO90YbcufExJ+I3E0wIviMDxM9sY1/w244MzFpZ0muBFkiQeJnuiviJ6zgwq/ORvPi8LwIMkbNw9swaWdK4nIVIAFHiZ5o68kHMMyHFrKb87C5LmjeDv0BJ/fz38mnf4aGBhAdHQ0HB0dhbK1tYWVlRUYDAZoNBoMDQ2FMwybxcIKQwOsN18Lu+3WCPDzQUZyDCpLsuVuVz89IEW5KQjc5wsb6y1YY7oKKwz1wWazwOPxYGJiAnNzc2zevBnbtm2Drq4utLS0RAbO0dERe/fuxZkzZ74NkKnXp7d/49+++xg/WS4TJPxG4njk/vIoPM7cixsHtqDXzQAXXPVw2dcU1wM34k6kHR4keM7SrTAbXPPfQEDhqoeLHitwJ8IeT7L80F8RNfeMIfA3WnLw+noXPrwaw2cZIlVzvR4+fIjg4GDY2dmJ3Gd7e3uwWCzQ6XThmGzduhUbN26EqakpDA0NwWaxwOWwscrEGOZma+DqZIf4mDBUleXI3dZ+GkBKC9JxIGAPrLdawsTYCBwOWwjE+vXrYWVlBRsbG9ja2sLe3l44QHQ6XSwgnp6eqK+v/w54EK/PHz/g/cQwJk5VygwJv5Eo9xisikVf6UE8SvXFjSBLXPRcgR4nDi646s1SjyMLl3auxO2Dtnicvht9pREYqk6YvZlrjkjVP09u4NO/f3+36z99+jRcXV2xZcsWkfsvAITBYMDa2lr47w4ODrCzs8P27duxbds2bN68GaampjAwMACLxYSBvh7WrVkNdxcHJMdHoLpCcdoKKQwgFcVZiAoPwjarzTA00AeTwYCenh7WrFkDKysr7NixA3Z2dnBwcJgFwFyAODk5ITs7G69fv/5uRoLPn/Hp37/w190ejLXN3tc9NyypGKpOwEDlITwvDMbjjD2z1FcagcGqOAzXJmGkXvp5i+JmjclztfgwMYzPH+fO/cznVVhYiE2bNsHCwkImQMTJzs4Otra2sLGxwaZNm2BiYgI2mwUOh421pquw09MV6ckxqKss+H0BqT9ShMzUQ7DfYQ0ulwMdHRo4HA5MTU1hbW0Ne3t7qUDICojAD7l8+fJ3NRSAmE3eDT/Fy3O1GO8oxlhrrmiHRFk0tQdjpub1GY2ZxCGi7QWYOFmKv+9249O/bwDMP0ol7dXf34+QkBCYmZl9EyDT5eDgAHt7e+zYsQObNm2CkZERGHQ6dHV1sGb1KuzbsxNVpfJZgskFkLrKQqQmRmHrlo3Q0tKCjo4OjI2NYWVlNS8gZkpPTw8UCgVWVlaz/t+OHTtQXFyMd+/efVeDIV6f8fHNBF5fbMPLU5V4eaoCkydLiX3frbnznl1kBYLfnI2xtjxMdBQJo2Kve5vxfqxf5sTffF/t7e2wtbWFmZkZzM3NRfwQOzs7aGtrg8VizfJP5qsdO3bA3NwcLBYLFAoFurq68NvlhYriTDT+wJ7APwyQ+upiHCnPRXJ8BDZuMAOFQgGdTseqVatgY2PzTTdTIAMDA1AoFGzevHnW/9u+fTv8/f1x48YNfP6K2L8sr88f3uNt3z28On8UL09Xima8u4gevBMnSr5RpWJDxK/OVuPvO+fw8a/Jr8ptyPIaGhrCoUOHYGZmJtRMQLS0tMBisb7LeApkYWEBLpf7/5s79+8mzjOP/1Ea3e+jy+g+ksaSRiOPrCsx4ZKF08J2mxS6OA2FJU4KKZAEzNakBRybBE7DKZw9mwNpoIH0cAmBZmEhljHYkY3vwrak7/5gZtbCsq2r3fec5wfDWH79vs9nnuv7GjKZDCqlEm9sfg3dxz9A3+mupsPSdEDO93bjVPeHePvX/waX0y6CYbPZGgaGIBaLBQRBgGXZJf8n+LrHjx/H+Ph4UxQIAFAsYH5sCFN3LmP8r70vLUrz+rDGr/Rg4sYFzA4+QDE/17RfK5/P4+LFi6L1ECQejzcdkMWg6HQ6yOVyyGUypBJRHD64H32nmhenNBWQMyc/wqH39oKPsJBKpVCr1bBareA4rikLaLcvACgUBxdLNBqFz+fDpk2bcO3aNeQXHQZqxijO5vCi/3tMfvsXjH31aePhuHwGE9fOYeaH68hPNxF4AMViEY8ePUJHR0cJHD6fD9FoVHSLY7EYJBIJ9Ho9EokEEokEkslk1bHkSpJMJuH3+2EwGMSi5C92/Av+8+OD+KwJVfumAHL29AkcP/o+tm3dCL1OB5VKBYqiyro+9YqQQozH43C5XCAIAi6Xa8lzPM+Lm7p//34MDAw0zdVaPObHs5j54TomblzA2OUzDQDjNMavncP0d1cwN9zf8AxVuTE1NYWenh6Ew+ElgPA8Lyp/KBSCVCqFyWQCwzDw+/0IBoMIh8PgeR5tbW1iNrLefU8kEqBpGjqdDgqFAi1+Gu/seQun/nC0oW5XwwE51f0h9uz+BdggA61WA5IkwTBMQ4FIJBJiTj0SiYBlWQQCAVAUBYIgQFHUku+JRCLipobDYXz++eeYnm5cbWClUZyfw9zIIGb+8Q0mrn9Ruzv19VlMfXcZs4MPUXixNnOfn5/Ht99+i23bti2Bw+fzgeM4EZCWlhZIpVKYzeayz/r9frS0tIjAxGKxVVP3q+kCz/Ow2WxiT9jmjSkcObi/YdakYYD0ne7C79//LbZueg1WixlGoxE0TSMWizUMira2NkQiEYRCIbS0tMDv95dsgMPhAEEQ0Ol0Jd+fSqXAcVzJs9u3b8ft27eb7motHsX5Ocz91P8SlD9XbFHGr36Oqe8u48XADyjMNLCWs9p8i0U8efIEe/fuLavwwstGUHCPxwOpVAqKopZ9frG0tLSAZVm0trYiFouVpIyrdbuCweBCelitRqDFh91v7cQnXYfrtiYNAeT0yY/wq1/+HD6vG0ajQaxj1Ot3JhIJRKNRcBwnQrHSgrvdbkilUigUiiULyLLskuc7OjowNDS0Jq5WieLNz2EuO4DcozuYuvXfy8YoE9/8GTP/+Aazz/4Xhem1A0MYMzMz6O3tLbt2goRCIXGf7XY7ZDIZ7HZ7RYAsB0s8Hq9Jd2KxGPx+P0iShIk0IhblcPSDAzj3ae2Q1A3IuU//gHf37YHFbIJMJoPT6RSbBGu1FrFYTISCYZiKF9nr9UIqlYIgiJK3USKRQDAYLLsp3d3dNbXBN2IU8/PIT45idvABZn64jsm/X8TE9QuYvvsVXmTuY370KQovZtDoYl8lI5/P48aNG2hvb19xzQOBgKjMQjev2+2uGpDFbpgQt0Sj0arjlXQ6jVAoBI1GA4lEgjY+jN4/HV8/QLqPf4BIOAgpQYAgCOj1+qqzVOl0GvF4HK2trcu6T5WKUqkEQRAlldx4PL6s9Wlra8PFixfX3IosHsX5eczd/x4Tv+vE2K/eRO4vF1BoZFtMDSObzWLHjh2rrjfDMOLLSKVSQS6Xg6bpmgF59bNDoZDYVVGJLsXjcTgcDsjlMkgkEiiVSux+a2fNrlZdgJw9fQK739wBrUYDm80Gq9UKmUwGs9mMaDRaMRgcxyEQCNQMxWLR6XSQSCQliYF4PL6iJUomk7hz5866KGLh+Rhmuv+IsfgGjFidGNFbMOoPYeKtX2P+7vfAGsZI4pwKBezbt69i6y0oL0EQUCgUCAQCDQFkMSjBYBA8z69oUdLpNGiahlwuh1arhdfrhUKhgNVixicnDq8tIOd7u3HsSCdMpBEkSYpZJYvFAplMBpqml/1lBDeKZVkxHdioxSRJEhKJBG63u8Q3Xe37Nm/ejNHRpfdlNW3k85i7eRvjP/tXjFgcyCr1yCp0/y9aE54HWzF97ASKudzazQtAT09PWZd0pRdMNBqFRCKBSqVqOCCCCFmwV7uIBQmHw9DpdNBqtWBZFqlUCm63GzKZDG2t4bUFpO/UcbyWjkOlUiEYDIqT5HkeRqMRWq22bMNaW1sbgsFgQ6FYLBRFQSKRwGw2l/zMSha/o6NjTRSwMDGB6Y+7MGJxIqsxloKxWJR6jBisGN++E/P/82BN5nb16tUVg/JyInQpEAQBo9G4ajKlUaAsdr1SqRRcLhcUCgV8Pl/Jv2s0GshkMrx/4O21AeR830nsf2c3ZDIpbDbbEgj8fj+USiW8Xq840VgsVtVbqVZxu91iA6RgrRbXQFaSQCCAo0ePNlUB527dxqifXWoxVhKlHlm1ATPdnzR1bplMpuK1ehUQoUgrHHNeK2EYBjzPg+M46PV6UBRV0v6yYcMGcBwHgiBgIo1VnzWpCZC+012wURao1eolkxGyRkajEUajseTc8lqJRCKBXC5HIpGoChCfz4dIJIK+vr7G1keKRRRzL5D79CxG7HTlYLwqWhOGPzyGXC7X8KTCo0ePsHnz5poseyQSgdVqhVQqrSuDVY9QFAWlUrlsUdpms0Emk2H7G69XFbBXDcj53m683r7Q1rxShVzw/ZxO55ovlkKhgEwmE33Val2GdDqNK1euNASSYrGI2UwG42/uRlZnrh0OhQ5ZlQH9W7fj3r17GB8fb9j8hoeHsWvXrppdI47joNPpIJVKm+5elROPxwPDy4s6lksOJZNJqFQqGAx6HD30H80D5NiR96BUKkGS5IoZKo7jFsr/ZjO8Xu+aLphWq4VUKoXPtxBA1mLBtm3bhnv37tX1ps7n8xgdHUXmTA+GXb764FDokNWQGP3336C/vx/379/H06dPMTdXewevUCnft29fXe5vMBgEQRCQyWRl+7WaLS6XC1qtFi6Xa8UCYygUglKpQLwtUvFJxaoA+ezMCUTCQcjl8mUbD9PptNhAaDAYYDAY1hwQs9kMqVQKu90uAuL3+0tktc9gGAZ79uxBJpOpCZK5uTkMDw/jwYMHGL59ByPRZHVxRxkZMVjw4tJ/oVAoYGxsDA8fPsTAwABmZmZqmuOzZ8/Q2dlZYmEZhoHX64XT6YTb7QZN02AYBoFAAIFAAMFgEMFgEKFQSBSapiGRSKBWq5e09KyFOBwO6PV6BAIBMa1frhqfSqVgNpthNpHo3N/ReEAOvbcXypen/5YzYzzPi3HJwjljXcMKR5WK0+kEQRAwGAxiClJoahRgoWkaTqcTTqcTFEXBarXC6/WKCiA01XV2duLHH39c9kb4ciOXy2FwcBCZTAYTExMoFAqYPnoMIyRVFyBj6Y0ovDzLUiwWkcvl8OTJE2QyGUxOTlY1x2w2i66urpIuZ5/PJxZqSZKEVqsV7xejaRp+vx+BQAAcx5U0G3q9XkgkElgslqrd2UaI3W4HSZJinURoXi3XB8hxHDRqNZIxvqKAvWJA+k53oY3nIJfLy6ZvU6kUIpEIGIYBy7JIJpNgGGZdAKFpWuzJEqyFx+OBw+EARVEwmUwwGAxQq9VQqVSQSqUgSRIsy4r9X4JbFg6HceTIEQwNDa2qdMViEdPT0xgcHMTQ0FDJ8d7C0BDGt/0cWZWhNuth82DumxtLfub8/DxGR0cxMDCA0dHRiuKSbDaLkydPIh6PL1k74RqllpYWmEwm8a4xiUQCmUwGtVoNvV4PkiRBURScTif0er1Ye1qPGEQoUgsvQ6HAGQqFlrQ9JRIJUBQFymqpyIpUDMjBzneg1+tgsVjKulU8z4sT8/v94HkeLMuCJMk1B8Tn80GtVoMgCMjlcnGTpVJpyddCOthut4sHf3ieX+KPx+NxnDx5Etns8nf7FotFTE5Oor+/Hz/99FNZRZ27eRvP21LVw2GyY+ZUz4o/+/nz53j8+PGqccn4+Dj6+vrKwrFYBEtqt9uhUCjEtdJqtdBoNFAqlZDL5SAIQlzL9dhnr9cLm80Gl8tVtil1cbexoKuhUAharQab2lM4e3rltviKAdnUnoJKqSwbe8Tj8SXV00AgAJ7n18WC+Hw+WCwWaLVaMbthsVhgtVpBkqS44TqdDgzDiKffOI5btr0iHo/jzJkzZY/rLlbQkZGRkj/v9uqY/eqvGNFbqgJkNMChMDa27GcKc5iYmMDjx4+RyWTKQjI9PY0LFy6s2oAoiNAL5fF4oNVqIZfLYTQa4Xa74XQ6YbPZYLFYYDabYTAY1nyPfb4Fb8Fms8Hn85VYD0H8fv+SzFYsFls4s+J148Pfv1s/IMeOvAeX0y4epXzVtVrO7+R5Hnq9fl0A8Xg8cLvd8Hg8oGkaNE2L5wXkcjkoihIP+1Ra3U+n0zh79iympqZEpSsUCvj6669x69YtjI2NrRoH5Po+Q1ZDVmdBzHbM/OnMip8rQJLL5dDf34/+/v6SA2G5XA6XLl3Cxo0bq1pHobuWYRiYTCYxgykE7n6/H16vFx6PZ90AcTgcYsxY7pmWlpaStqdUKrXg/mu1+OXO7fUDsvNnb0Cr0YCm6SXmKhqNLqtYLMuCoqg1z2KVg0VoxVar1fB4POIBnUgkUpXfnEgkcOnSJfEN3dvbi61bt+LcuXOrZpJyn53HqC9YUwwy6vQh//DhqpAAwOzsLJ4+fYpDhw7h2bNnyOfzuHnzJjZs2FDT+gmtHYFAADabDUqlUkyrrue+CnvrcDjExMpyz73q+bS2tkKv14OPsOg+9kHtgPT88WOwQQYKhWJJcJ5IJFacFMMw6/ZmWSwul0sMyIW7nBKJBFiWralyHI/H8cUXX+DAgQNi7LVr164V79yavfo3PA9G6kr1TnbsrQgQALh79y44jsOOHTvw5ZdfYsuWLXWvI8uyiEQi4kXhtRyMahYgq2XP/H5/SVYrkUjA6XTCYjbht2/vqh2Q3737G9hsVphMphL3Kp1OV5TzXo+sxqvi9XphMpnECx1SqRRSqVRdxTGhRV/4ur29Hffvl/8DmIXnzzHWvqXmDJboalFu5PszFQFy+PBhsVO6tbW17uZQoeeJYRgolUro9fp/ipefx+MR72xe7VmhTiJIIBCAQi7HG1val706aFVAtry+QezxX+xeJRKJiha9Wa3P1YrL5YJGo4FGoxHvzVqceatXwuEwurq6yirr9OGPMGJ21AVHVqHDiM6M3Kd9q8IxPDyMZDLZ0PULhUJgWRZGoxFyufyfwnr4fAsvv0pjXCG7KuhwJBKBXq+Hz+vG4YP7y+r//wEBVF+ADQ13HAAAAABJRU5ErkJggg==','1',51,'2016-06-04 19:09:27',51,'2016-06-09 16:07:59','0000-00-00 00:00:00'),(83,'75575eec-cd44-5ec9-8594-ed8c08b2aa0e','713f9232-eb51-5699-b410-ae7e90fa2d54',NULL,'AR0000001',59,'2016-06-09 10:41:59','Mr.','Nadesh Ji','S',NULL,NULL,NULL,NULL,'1991-06-04','M','S',NULL,NULL,10,NULL,'NO',NULL,NULL,NULL,'9789741406','N','data:image/png;base64,iVBORw0KGgoAAAANSUhEUgAAAMgAAADICAYAAACtWK6eAAAgAElEQVR4nOydd1NT2/v2nxfya/P1HEVqCAmB9FAEVFRQFBVE6R0EC1KUJk16770IUqSDomAFsfde6aFZTrFfzx+bRAJJCComKpm55sx4SNl73Z+91l3Wvf5fU20pfjVx2EyQSCTo6en9FOLxeOBwOOBwOODxeFL/lsvlgsFgQFdXV6poNBqWLFkCOp0+67sYDAYYDIbEzyeRSFiyZAnU1FSxb4836o8UobGmRO7jKg/9P3n/gIVQaNBeLF26FCwWS+7Gv1BAMZlMqYBoa2uLBUQAAZ1Ol3p/GAwGVFRUoKSkhNUrjZAUdxA1FXm/HSi/JCAN1cXgspnQ0NCY84n8s0oACZ1OlwiJJED09PTAYrFAp9PB4XCkfoeOjg5UVFRAImnAbocVstPiUFdZKPcxXgTkG9RYU4LQ/X5QUVGRaCC/gng8ntDQZ8JBp9Pxxx9/gEajSXy/ADAulyv1e7hcLqhUKtTU1GBkqI8DAbtRVpiBhupiuY/1IiAzVFWWg9SESGSnx6G2skDi31WX52GD+VpoqKuDzWbL3ZgXEhI2my3WL1FSUoKmpqbU99PpdNDpdJlmWhaLBU1NTWhqkmC9dROSYg/iaFWR3G1iEZBpSk2IxKqVK7DGdCV2ebsh+uB+5GYkoLQgXQSYhuoSpCdFw1CfBzKZ/MsutaY/5WcuudTU1KCiojInYHQ6HQwGQ6Z7xOVyoa2tjeXLl8NAn4fwYH/UVOTL3S4WAZlSfEwomAxdqKioQENdHUwGHWZrV2PzpvVwtLeBh6uDUC6OO7DCUA9KSkqg0Wi/PCQzZxMKhYI///xzziWUILKlq6sr0z0SQEUsYXXgt9vzl3Xef0pAWEw6KBQKKBQKNDU1QSKRoKGhIVYkEgkkEgnq6uoyG8DPLg6HI4xyLVu2TKofMtPo5/MgEUS6KBQtHAjYLXfbWARkChAGgwhjslgsUKlUaGtrz5kXIJPJUFNTA41Gm/OJ+itIMJtoampCVVVV5vcwmUxoa2vLDAmTyYSKigqoVC34ervC080BOz2dEX0wCJUl2XK3l98SEF0dGrS0tKCnpwc2mw0dHR1oaWlBR0dHIiA6OjqgUChQV1cHhUKRGt78VSSARFtbe17vY7FYoNFoMgc3mEwmli1bBg0NddBo2qBStMCg68B0tQn8dnuhojhL7nbz2wCSFBsOJkMXJBJJ+JQTZJcFy665ZhMWi/VbLLUE+poZk81mzwsSQWJSXV0d2trawocRlaIFRzsbFOelyt12fgtAstNiscrECGpqaiKDx+PxREDR0tICjUYTCwiDwfgtZpBvFYfDkSlPIrj/y5cvx9KlS4X3nUajgUQiQVVVBZYW5sjPSpK7/fzygJTmp8Fqy0YoKytLrCfi8XjC+iYWiwVtbW2xsDCZzN9qJvkaCcpSmEzmnH9LoVDwxx9/gEwmiyxtyWQyli9fDi6HidjIYNQf+XlyJz8dIPVHiuDr7Sp8Us1noDkcjvC/Av0ODvv3gITBYMxZ28Zms7FkyRKoqqqKrQ1bvnw5lispwcF2G0ry0+RuS78kIE21pYgIDYAWWfO3SAAqigTLLWk+CZfLhZKSEpSUlCQGSoiQuxq2brZA/U9QqvJTApKXmYB1a1ZBVVX1l63YVUTNVbsl8EOWLVsmERAej4uEQ2E/TR3XTwlI7eECuDnbQUVFGbq6ugtiDAI/Rt5GqWgS7CURd2/mAkRLSwtrVpsg8VA4ag7/HOUpPx0gDdXFqC7PQ9gBPzDohAP4vf0IQcJMFsf0d5NgqSUuCigARNISi0qlQllZGUyGLny9XREfE4rk+AjkZSaiND9d7rb1UwBSWZqD8sIM5GYkIDPlEGKjQhAVHoSQoD0I8NsJv91e8HR3hK3NVjAZdOKGL4Ahczgc6OjoLC7hxEiSLyLwQdTU1CTmoARl88uWLYO2NgUsJh2WG80R6Ocjd9tTeEDKCzOwd5cntllZwmztapiuMgaHzQJdVwdkMlEyoaGhAU1NTVAoFJDJZCgpKUFLS2tBolGCjPIiJLPvi7hkK4vFEkYXBX8zXQIfRlD5oKWlBQqFAhvrzUiJj5S7/f0UgBwM8Yf5OlMsX65EZGKpVKHEOX3q6urCKf17+wyCpdZ8Msq/gwQ5ppn3W0dHB8rKyhLHQfA+QcUxnU6Hvh4XRbkpcre9nwIQgfIyE7Bj2xYoKyuDRqMJE36Cpw+NRhMm/gTxdVVV1QUxYh6PJ4RR3Cz1Mzny3/O3ivsswRjJ8n4ulws2mw0mg46c9Hi529xPBUhTbSnKCtLh5e4IJSUl4RJHkNybDougUnfZsmUi9VmyDNB8/lYSJGw2W6ZuJIoggVEq0u9lMpnYYL4WlaU5cre5nwqQptpSVJfnwtFuG9TU1GYNqCAjLoCFRCJh6dKlIJPJMg3MXA0LxBmXlpYWtLW1RSARZJkZDAbYbLbCGJ6062CxWMLMuLxhIfah6GLvLk+529tPB0hTbSkqS7Kx3nyNsLxd3A0WlHULdtBpamrO6bSz2Wzo6urOy7kXfMfMTUWCzxJsXVX0auHpzR4EYjKZYLPZcim9YbPZ0OdxUJKneOUnCg9IY20pMlJiQNEiz5kUFLSp+fPPP2XKss+cDWQRi8USziQzDW5mVxHBrPI9jU4wawqWSt/y2Ww2e1ZHlOnQCGCfroWYcXg8Hhh0OrzcHeVubz8dIE21RHIw5uB+kDQ0ZHLEORwOli9fjj///BNUKlXiUorD4cx7r7pga6qmpiY0NDREB1lKx0NBo7ZvhUVSZ0VxBi1LUaYsTeh+RAU0i8WC0Qp9HFawzVUKAUhjTQnqjxShrqoQdVWFqD8yu06nqiwHLo47QCKRZN6fQKPRoKysjKVLl4JEIoldUlGp1HlHvwQl4IJNQYLPFPy7LIYmmF0ET+T5QipL+9GFEIPBmHUPv8cMyeFwwGIyEOC3U+72qHCAlBdlItDPBw6227DDZgv893ojPysJR6tEO/hlp8XB0IDYdyDroAie+GQyGZqamrOy7jweTyafRdwTT7ApiEwmC/0OQSnG1xifwBcQPP0FkTZxkrVH70IDIpiBvhUQwfJ4k4W5QvXaUghAqivyEHZgHzZvXA8dGhXLli2FhoY6Av18pkAhblhuRgJWr1oJEokELS2t75b3YDAY89pbMt0wBOFfKpUqrHT9FkgkgcNgMIT1YQIpAiCC7Pj3WHYxGAysMNBDaoLiZNUVAhCBjh4pQkRoIIyNVkBdXR1Lly6FoT4PwYF7kJl6CPHRYTA0NASDwYCqqqpwRvgeg0Oj0eb9JBTMTgLjESQvBdni7wmJomg6INMfBN/jYcVms8FhsxC0z1futqiQgAh0KDIEZuvWgkajQU1NDcrKytDjcWC5cb0w16CjowM1NTVoaGhAV/f7lJlQqdR5112Jmy0E/oUg3yBvo14IQGb6Qd9jFuFyudDR0YGjnY3C7BdRSECaaksRERYI09WrhDeNTCaDTCYLn/KCrhsaGhpQU1P7KuMWt2T6muJESeFSgT/xK0EiaHgxM6ytq6v7XYo6aTQaNm5YpzA9tRQKkKLcFESEBiBwnw/8dnvCxGiFxJsueHIL4FFTU4O6uvo3NYab7njL2qt25nvFGZSgklXexv0tElTgkkgk0Gg0icvHb+0WQ6fTsXqlMTJSYuRujwoFSGpCJLZs2gBdHRqoVC1QqRSoq6lBVVVVrMHPjOJoa2sLW4wKQPna8K3g82RteSOYgSRBInCyBRWs8jb2+UowU+tSydAmk6CpqSl1hvmWsC+TyYS+HhfR4UFyt0mFAiQlPgLeHk7Yvm0LuNwvs4O0RN5MgxREk0gkEtSm4KJQKPOa+qdHpgQtTWV9Kko7r0MAikDyNnpZZw0KhUK0LmXoINXfHTttLKA1ra2PODGZzK+GROCo7w/YJXebVChAag8XoKosB+VFmbDaagl9fX2Znvji1vcCUDQ1NaGurg4VFRWRWUXa0onD4cx6egoiXLJ2Pp8rgqXIoFCpVJDJZJBIJKKDvpoq7CxM0ZQSgr7WQuSF+IDL0JXYlG86JF/jtHM4HGhrU+Ht4Sx3m1QoQKZr7ZpVMt9cScsaASg0Gk046Orq6lBWVoaqqiq0tLRENmIJ8gyCpdDMzxF8liyFiIKEoSzOuY6OzoKCQqPRhDv3yGSy2A74qqqqwnY9KioqWLp0KZb++ScMmDrICd6JB0ezMHayDC9PHcbxzIMwM9YTu4Hte0DC5XJBJpPh4mgrdztUSEBqDufDaIWB1NohQTKOzWbPeU6fOCPXplBgzGVCXVUFf/zxB/744w/8+eefIlq6dCmUlJSIZmczpKqqCjU1NVAoFGhra0tcggkOtZH2uwRLGE1NTanNt79FgmsXLBsFEcHpIlqEqmLJkiX4Y8kSRHja4VZ1GkY6SvHy1GGhBtoK4bbVXKof8q2QUKlU2FhvxpHyPLnbo8IBkpUWCwN9nlRApM0acz1NeUw68kJ90ddaCH5HKTpzotCaFoYjsQEI89iBbetMsN5YD+uN9bBBiow5DPyxZAmWTElw3JmurmhzbFl+ryDfs3TpUigrK4NEIsn0hP4e4GhpaUFFhXhQqCovx64dm3C9MhXjneUiYExXYdgu6DHpMh078TWQUKlUbN1soRBd4RUOkIPB/mCzpVe9fk0dkra2NsxNDNCSGipx4Oere7WZ6MiKQJKfK8xWcKG0bCmWLf0TS//8E0rLlhFreA0NaJHJoE51nhdKS2vWU1xdXR3Lli3DkiVL8J///Ad//vknlJSUoKqqCjKZLDITfC0Q2trawjNDli0jllJ6dBqS/Fzx8Gg2Jrsq5rzu+3VZ2LLGCFpaWjJ/93z2yCwCIkUBfj5gs6XfzPnMIjo6OqBpa2P7+tU4Vxj73eAQp/62QpzOi0Fdwn6k+rsjxM0GrpvN4LhxzSxtWmUIXS1NobTJGtDSUBOKpKYCdRVlqKksh5rKcigrKWH5smVQVVGGmipx/JxgqUcikaYO1xQvNTU1qKmqQkNNFWR1VdDIJJhwGdi1YxOaU0Iw2F4072utTzwAIy5rTmf9ayBZBESKbLdvBZM5d5JOllmEgIMK+41rcKEkYUHh+FY9bcrD+cJYoY4m7kdBqC9yg32QG+yDKG97+GzfCJ/tG+G9zQI2ZithwmXAhMuAAVMHHB2qWOnRtbGSx4TVWmMk+7mhMycKfa2F3+U3h3vYgqk7vxlNFkgWAZGiTRZm0NWdu7ZqrllER0cH2lQKtpmtxIWSeLkDsJB61JCD3tIEsbpVnbZg3/u8JR8OG9eAKsOhRfOBZBEQKTIxMpR4Rt70CNZcNU7aVCrMjfXRkRUhdwP+lXWuMBbrjfVlOtlruqRVOSwCIkFVZTkw1Cf6UInLK0zvzift5lOpVPAYOjhyKEDuBvQ7qD09HMZc5rycdkntS3k8HigUCnZs24JqBTh/XaEAyc2IB4c9u2n0fLaY6ujoQJOkjsS9LuCfKJW78fwuOhy9D2xd7XnNJOJq3QTtldyc7eVujwoHSFpiFJgMXbEbl2SNWqmrq8Nn+0Y8b86Xu9H8TuKfKEV+qC8Y2rIdpCrQzKppDocDCoUCD1cHudujwgESFR4EmjZVLCCyNEQgk8nQZ+jgVnW63A3md9TQsWKk7HODhrqaTIlOcc322Gw2tKlU7PR0kbs9Khwg4cH7QNcVf+TAXFErGo0GJSUlHI7YLXdD+Z31pCEHYa7WUFZWlgiJYNOVpP6+TAYdgQqy7VahADkQsBu6upL3cUhrhqCurg6nDSvx7GiG3I3kd9ZEZzmuFR+Cy8bVUFFRmZVInNlQT9wRCiwWEwcC98jdHhUOEE93R5DJmrMAmauEnEqlQkNVBccS/TF27PskwRb1leqqAL81Fx3JgVijxxT2DBDnoM/s4MjhcMBkMmFsZIi46FC526PCAeLuYg9NTZIIILK00FFTU4OH5Ro8OByPiY5i+RvJ76yuCoy156G/LhX5Aa7QIqmJnJsuLaIlqHw2NjJEcnyE3O1RIQHR0iILHTdZQrtUKhUkdVW0xu/DcEM6Jk6UyN9Ifmd1VWD8WCH4jRm4Vx6LvTbroaysLLXyd3qnfTqdDtPVJshOi5O7PSokIDTal/0VsvSNVVNTg82aFbhWGAV+YwZeylCNuqgFBuR4EfiNGeA3ZqA2chd4OkSLVnE1WzOPoaDT6dhoYYaywgy526PCAzI9eiVumaWtrQ1VFWXk+ruirzZlERBF0AxAnlcnIchuE1TERLXEndGio6MDSwtzVJXlyt0eFQ4QR3sbUKkUkRlEmnOuqakJY44uTqUdEA7IIiCKBQi/MQPlIV7g0LRm7UKcHtESRLPodDrstlvJ3RYVEpAN5muhrq4ujJHPVa2rqqqKvTYbcLcslhiMpsxFQBRAEydKRAC5nB8BmzUroKamJnaZNT0vwmQy4eZsJ3dbVHhA5sqcUygUkNRUkR/gisGjqeA3ZmC0JXsREAXQ5MkyEUAGj6Ziv4MlSOpqs5z16X20uFwueFwO/HZ5yd0WFR4QQdmBJEBIJBJMeQx0JAcKB2IREMXQTED4jRko2u8Orq7ocd4z+2dxOBwYGugjdP9eudviTwGIpCJFwfLKe+s63CqJWQREwSQOkKbYvVjJZQgLGQUnbs2swzIxXqEwSUKFA8TG2hJkMllkBhEX5qVSqVi+fDliPGwwUJe6CIiCSRwg5zJDsH4FR6TSd/rhoYKAzNo1q5CVGit3W1RIQFydbKGtTRWesSfJByGTydAma6B4v4fIICwCohgSB8jl/AhYrhS/81AACJPJxBrTlcjPSpS7LSokIII8yFzbaUkkEkzYumiO9VsERAElDpAbxdFw2LAKOjOKF6eHeJlMJjaYr0VVWY7cbVGhARGczCopvKuuro6NxlycTj+wCIgCShwgV/IjYLPOWCSKNXMvCJPJxOZN69FYUyJ3W1R4QPT09MTOIjQaDaqqqnCxWIWbxdGLgCigJC2xrNYYiQAiSBQKIll0Oh0bN6yTux3+NICIC/MKHHTvretwvyJuERAFlCRANkvwQQQlJ3Q6HRvM18rdDhUWEF8vV9Bo2mAymRKP+RIAEua8ddYgLAKiGJK0xNq8ykAsIIIt1ouAzKHw4H1g0Ocub5cISPMiIIogcYA8qUqErZnJLECmH/65CIiMgEg7qkwaIIu1WIohcYDwGzPgtGHlrN5Z0zfHLQIyh6IP7geTSZeaA5EKyGI1r0JoPoBMj2ItAjKHMlMOCRvHSdootQiI4ksSIB6Wa0CZBgidThfZC7IIyBya3llRUqGitrY2lJWVEey4GcP1aYuAKKBmlrsLtN/BEjpUirDkfWb/s0VA5tDhkmwY6HOhq6sLLpcrFhBBHsTX2gyPKhNmDcJkl+STkQQaP16E0ZYc8JuzhRquS8FAZaxYDVUnYqQxA/zmbIy25mJSyulL0jRSn46Rhm9rajd+rAD9FdGY7Cyb//sFm5mmrnmoNlniNQ9WxQmvWaCx9gIZ7m8FJjqKxAIS5WYNpo62EJCZ/c+YTCa2WG6Qux0qLCBNtaLd3cX5IYJMutOGlbheGDVrECZOim/aMNlVDn5TJp7lBuFulCNuhW7DzRBroa4HbsJVP3OxuuZvgRsHtuJmiDVuhdngbrQj7sU4436cG55k+uF5QQj6K6IxVJssFqDJk2UYPBKPW6HbcD/e/avhmOwqx4viMFzdtx7PC0Mw0TH7WsfbC8BvykJ/RQz6y6PwJNMPD1N8cC/GGXdjnHA7wlama77qtx43p65ZoNvhO/Ao1RfDdSmSARWzo1CgWK/tYNCowl5Z0wHR19fHihWGcLK3kbsNKjQgGzesA42mLXVHIZlMxtbVBjibETwbkJltf7oqwG/OxuOMvbhxYAsueRmjx5GNbgfmN6vHiY1eD0Nc2rkSV/asxTX/DbhxYAtuhW3H3RgnPEzeiUepvrgb44Rr+9ajx4mDR2m7vn4G6arAYFUcLrjwcNlnNe5E2uNRqi8epfrifpwb7kTY4mawFW4EWeLKnnW4snstej0MccFV77tcb7cDE71u+rjmb4H78e4YPpo6+8g2KYAUBrmBx6CJBYQQD+4u9nK3QYUGZIfNFmhrU8HlciUusygUCtYasNES5ycVkMmTZeiviMbNEGv0ehii25H13Qxlbng4uOCqh143ffQ4c9DtwMTVvWZEruZblljHi3A3xln4Hb1u+lPfwUW3w4+7vgsuPFzz34An2f6YPFkqCshU25+ZOhzmDQOWrlhAiAcicxGQueTp5igEROC4ifNDmDpUpO9xQF9NisggjE91Vpw4UYpHabtwydsEPU6cH2Y4knRj/xYMVMV9exChqwL8xgzcibQXgic3ObLQ626IOxF2GD9e9AWQ9nyxgHQkBcKEwxDWY03Pgejr6WGFof4iIHMpaJ8vtLWpwnosSeFeTRIJAbYbcb88bgYgBRg/XoSbIda44MITXR54GOLG/s24F+eGp3lB6C+PRH9FtFDPi0PxKH03HqXvxsPknbgT5YDbEbZCXQ+wwJXda4W66GEokyFdD9hIrNtlCCDICslYay4eJnnLBEmPE1vkd1/zW0/4FNOu7WHyTuG1P8nxF7kv/RXReFEchgdJXtOWqaxpn8/BZd/VRABiqrOiOEB6ssNgqscSAjJ956ihoSHWm6/FTk9nudugQgNyKDIY2tqUOfelk0gk7NthgXvlsSKDMFSXgqt+5sLl1AUXHm4EbcbjjL0YrIrDUG0ihmuTMFyXLF61SSIamq6aRDFKwFB1AvrKIvEk21+s+soiML4ALVHH2wukfu9QdQLx+2oSZv/u2kSRaxO57joJ96c2iXhfTSKeF4bgbrQjLnqs+PIAcjfAYE2iREDul8fBzIAt3Jc+c4llbGSI8OB9crdBhQYkOy0ONG2KcPrl8XgyAzJQeQiXfVahx4mNix4rcCfSHv2HYyTD8AO1UC1Rx9vz5X5tj9N348qutcR991yBvpKDYgHhN2bA0kRPLCBcLhdGhgaLgMgiNosBBoMhkkASB0ig3SY8mCp5HzwSjxv7t+DqnnV4nL4bg0fi5G44PwSQ44UYqU+V+/UN1yXjeVEIboXZ4Jq/BfrLIsUC4mttBrrObCfdwEAfFuvXITIsUO72pziA1JSguTIPrSWpaCtMFGoljwUdGk0kgSQOkNTdjuA3ZmCkIQ2PUnzwLJdoAaQoBvNFKQsGyERHEUYa0hTgGpMxfDQFo83Z6C+PwqO0XRiuS54FyAEHS9BpRLJwOiAcDgerV+ihIHa/0A5ai1PQXJmLJjnuMJQfIDXFaC1MwslId5z1WiniVLqw1UCjkEVu3kxA1NXVkbLLnvA7apMwMq3sZPxYofyNZZpGGtJEQ6HfUZMnS8FvypL7NQpgmDxROvWQSsNwbdIsQFJ22YNN15kFCJfNgjlNFTVbdYR2cM7dCCcj3NBanIqmmuLfC5CWskx0htjjvCMbF1z1cNlntTDKcnAdHTQySVjpKS4fQtYkIX2Po9hpfLKrHPzmrzSa2iRh1GZeKgnHgAR/h9+U+XWlIbJGtNryMHw0Rfh9Q7WJ6Cs5OO9r6CuLwOCR+K+EIx0TJ4oJYCX4H/zGDFSEeoFLp80GhMXEZqYGTnkRdnDZZxUuuPBw3omDk+HOaKnI/o0AqSlBe3YkzrmvwEVPI9w75IIXRWHoL49Cf3kUKgOdQCWpCwERV3bCoeug+ICH2EGYOFmKiZOl4DdlihiOJA0eiceTLD88TPLCgwQPYh0dsHFeuh64CbcjbPEkcy9elIRhqPqLoY215S1oEaWgOLC/IhrP8oLwINET14Ms530NN4O34m6MMx4meeFx+i68KA6TaVnFb8oULiHHO4qlAnIsMQAGLLoIIPr6+jAy0IOFIUtoA8+LQnE3ygG97oY452GEtrxYuSy15AJIc2U+ThzyQbcjC7fDd8zKLt+uTheZQcR1WFzBYeBw2E7xgEyFVCdOlmK0NQcjDekSB/hZ/n7cT/TC46JI3Ms6gCpHY+RbaqPchoHCzTSkrSUhbS0Jcas0cNBYDdGrNZBjTUfmFh1EmKjhTkkcXhzNxrOqVNyKcsYlbxPcjXbEs4ID6CuLwEh9KiYW8Lz2yZNlGGvLw2BVHJ5k7cM1/w245GOKJ2WxeFGXjWe1mSh1M0e8mRayrXSRtJ6CcCM1RJmoIcmUuLYcCwoqbBgot6Ejw0wTVxN343FRJB5m7MOjtF0YrIoVAWKkPhUjDWngN2VirC1PZPk4flx8Fl2gc5khMJzKpk8HZNUKA7htMRO5Nn5jJm4e2IpuRxY64vei+Ujh7wFIS1kGTgVsxQVXPTxK2zWrnmf0RBnYNMosJ256Jn2NARf1MXvEDsL48S/nFE52lmOioxhj7fkYa82dquLNwmB1Ah6l+OBuvAcGj1Xg35E+jDy6C6fVdHiuo8DHXBtbmEpYrfF/WK3xfzBU+R+wlf4Leqr/C9tVZLhtoMGcuRxtDTUAgE/v32Hi6mncCLPF9YCNeJZ/AMN1yVO/ZeFmj8nOMoy1F2D4aCrux7nhopcx+hry8OGv1wCAN69fYftaPdiYaMJxLRWrqH+ApfRf4C3/b5io/S9Wa/wfzClL4LlGC/s202Grr4b6gnS8HRvCxPWzeJQXiruHXNBfFoHRlhyMtedj/HghJo4XTYE//doqiGJJKYA8qIiDEZsOGm3aYa08HvQ5bOx32SZ6bV3luJ/ggQsuPJwK2oaWwz++X5ZcAGktTsEZ33W47LsaL4rDxQ78ZtMV0NXVFYmTTwdk8+oVIo2rp2usPV+8MXWVY7KznBioJC88zD6AiWtn8PHtPwCAG1d6YcFRhtsGHWwzIoGj/N9gKf3XLK3VXQZvSzqczbUR4usKwevj23/AP9uMGyE2eJDkLSx7+RHqL4vCNX8LPCmNxbtJPoDPAIC7N67BnLUcrutpxDUtF39NZvRl2GnJgOt6GkJ8XQAAnz9+xN8vHi81xbkAACAASURBVOJFbSbuJ3ih/3CMdF9qyh+SBgi/MQOreUzQaDSRc2D0OSxkBHrO+sxn+QdwydsYZ3aZo6U86zcBpCgJZz2McWXPWvRXxIi92ZHe9tCmUkUyrYI+WTQaDVvXGOFkSpDYARhtzZU4iCP16XiYuht99bn468VDfP74QWjg3ac6YG2kAT87E9QUJqOuohj261fOMqaVlCXw2cyA1yY6AtxsMP318Z83GDlVjzux7hg4fOiHwDHWlo+7h1zxpDwe/4704fOnT8Lf03vuFKxWaCDc2xIXTh9DWkwY9NT/I/aadm5mwNuSgX2u1l8u6PMnvH81jtGeNjzM9MeL4nBMSIrIdVUQM/QcgJiwdUUA4XK50GPRcSQ2YNZn9pUexGWfVTjraYKWsszfA5C2ggScc+GJADJ5sgx9ZZG4GWKNa/s2IHMrFxpqqrOOYhNsu3XfvBZXC8Qno/gSKmb5TVl4XhYD/vlWvHs5is+fP4kY971b12G1QgP7Xdbi7LEanO88jl32VrOMaRNXBbutWPC2pCM1cj9mvj7+8xcGjx3G0/xgkeXeQulFSTieVybhn4GnInAAwGDfc9isJCNxvzOePriNI0U5WKmtMvuaOMrYtZWFnZYMxAT5zLqmT2//xesH1/C8MgmD1Yni68q6KsBvypoTEKcNK8Ggf6nF4nA44FI0UOVghDtRDhisTpgFyDkXPbSUpv8egLQWJ+PsTlNc8jbBs/wDU4N8EFf3mqHHidircXSrDlSUlonsFxD4IRQKBd5W5iJHH4gqc/ZTtj0fw+0lePPkDj69eytcgkx/vXn9Cnvs12PnFhYOOK+GxyY9GJGXihiSIen/4LFBB3u3seFiTkPP6c5ZnwMA79+8BP9UHUZb8xYUjomOEoy0F+OvZ3dnwQEA7969xX43S/hac3HAZS1sTengKP+PyDWZ0v6E72YG/Lax4bqehvNdHWKv6fPHj3g3OQr+qTrwW3LF7gWZCw5+Ywa8t6wDc9r5hBwOBxz1ZejYTkePMwc39m/BUE0iXp46jCfZ/rjouQJnfNb8Rkus4hSc8VmLix4r8DSbmFbvxboQ1beOLFzda4bbUfbQUlcROWBFcOrU3IBkiKyVJzvL8bKnEe/4fbNmDZGn5KdPuHrhLNwsWNhtxULAdi58LOmwNdHEDmNNOK+lwt+Gg8AdPPhYMpAeHYSPHz9K/rx3/+KvW2cWFJDXl1rxflTydX3+/Bk3r1yA6wYWdm1lwW8bBx4bdLDdiIQdxprwXK+DwB1cBNry4LOZgYyYIHyctuwUe13//oVX1zoxOeO3zJUDkQQIk8nEaromLu9eS1QHO7LwMMUHL08dxqO0Xeh1N8AZ33W/DyAtpek4tc8S3Q5M3I9zE96IawEW6HXTx/XATRiuTcLmlXoinS+4XC4YDAbIZDIOullLHQRxpR2vehrw75PreP9yFJ8+vAc+z55F3r97h+5Tx3HA3RJ+NlwE2ekj1NEA4c6GCHU0wH57feyxMUBNcSY+SYTjMz68GsW/T2/g9cXmBQXk1fk6/HXnHN6PvsDn92/F/pqPHz/i1tVeBHsIrkkPIY4GCHMyRIgDcU3+tkYoTovB+3diPuPzZ3x6/w4f/36N9/wXeHO1Ay9PV4mZzaTnQGYCInj4MXR14W5mgCt71uGixwpc87fAw+SdGGsvwJ0IO3Q7MHHKf+vvE8VqqchGZ5gTuh2YuH1wB0Ya0sFvycFgdQKu7jXDBWcuBqviEO+9HWQyeZYfIgsgwg084nTmCCZOVWHyUgf+fvEAH//9Cx///RufP3wQLlMmJ8bQ2VyJ2tyDqM4KQU1WCOryo9BRWwD+UB8+z4Tr82d8/vQRn9/9i7f9D/DqfN2CgiFOf9/rwce/XuLzxw/4/Gk2vK9fTuB8Rz3qiw7hSFYIqrNCcCQrGM3lqRjqe4pPU9f++cN7fHr3Fp/+/RvvJ/mYvNKJifMNeHmmWur3jx+THuKdCYgwCUyj4pCdGbF3JnAThmqSMFyfhqGaRCIP4sDEyQg3NFfl/x6ANFcVoCN+r/CGDFYnCBsd3D5oix4nNp4XhqAzJQiqqqoifgibzZYNkGMFMhkVvykL/PZi9NWm49XtC/in7yHevxrD+9cT+PD3a3x8+w8+vftXrD7+8xc+vHmJD6/H8XbkOf55ehNvrh7HyzNHfjgc02fJfx5fwz/P7uLDqzF8eD2JD3+9xoe/XuLjv39JuI43eP96krjuV+N4eeMc+GeOYrA+E/zmXMlRq5mASNhJOBcgNLIG6nZvRY8zB/cOuRDLtc4yDFTG4qrfenQ7MHE8ORBN1UW/ByBNtaVoz4nCeWcuLvusEsmFPC8MwUXPFXiSuRfPjiRCXVVllqOuqamJcBfxjeNkCfVK0sTJMgzWJKGvKhH9dRkY7qjEeO9xTFzunKWX189g7GwjhtuKMdKYjdGWHLlBIfZaTpRgqDYZQ43ZGDlRiaHWYoyeaRB7LfxTdRhoyCGu+0giRlu+LrAgS4hXCAiDLlw265BU0XPABpd2rsKLkoPCz3uWtx+XvIxx3pmLtoIEudip3ABpLUzEmV3m6HHm4nHabqFTzW/OxmVfUzxI9AS/IR0bjbkie5e5XC7IZLLEzopCQFq+rTnCy1NTHQKbszFcnzZLC7FDcCE12VlG1KaJuZZZnWC+UqMyhHj5jRnwsDQFa2q/D11XF+Z6dNw+uAPX9m0QPtgmT5bhQYIHepw5OL3HAq0lab8XIC3lWegMdSD8kAhbkXqsG/s340GSF/gN6TjoagXatL0hPB4PWlpacwLCb8qcHYZUIImUv5+uxMszs53en0oyhnj5jRnYskoPjKkllpYWGTGuW3Enwg63w7cLP4/fmImbIVaE/3HQFc1ycNDlCkhTdRE6EvfhvCMbV3atwcDhLxn1+wmeeFEUCn5jOhpi9oBEIokssygUikyAyLp2lodECjTPVOHV2Rq5/6Zvkawh3pH6NBixiHJ3Ho8HVWVlHIvbi7sxTniU6iv8vBclRILwvCMbx9KC0VT9m+0HaaotRXt2JM56mqDHmYMnmX7Cp+rTnED0lxNdE++Xx4GqqSECCJVKRaDdJvRPOwJaLCAKvAwaqk78MoucrZZL1Ot7akJCs7iZelx+CAZ0qrA3L4NCwpPDcXiU5ovnBcHEZ50owcPknehx4uCs1yq05cfJzUblCkhrSSq6Aq3R7cDEnUh74VN1oPIQBquJvrsDR1Ox0YQn4odQqVR4bVk7q6OJqDIxJmMk60dr/HgRBipihGUor87W4FV3vdx/17doTMYIVneyHzhUEuh0OshkMlw3Eu2C+iuiMXgkHi9PHQa/MQO3Qm3Q7cBE14EdaCnL+D0Baa4qwIlob5x3ZOOyzyoMVMbi5anDGKpNxnh7AUabszFUn4Y47x3Q0dERAkKj0WBvvhKX8yKkDsbYApd5fK34jRkYqIgmADldiVfd9Xh9oVHuv+tbNNqaKxMgVf52oGuqgcFgQElJCfmBruA3ZWK0JQfDR1Px8tRh9JVF4pK3Cc47sdERv0cu+0AUApCm2hIcywjDWS+iVc/jjD2Y6CiZ6iJOVIaONGSgM3W/iB+io6ODzasMcCrtgNTB+B6RrIXQUE3iNECq8PpCE173LmzGfaHFb8qUCZBMZ3NoqyuDSqViyZIluFEULdyROHGiBOPHi4jllSMbZ3auQXtOtBztU+6AEGUnXUHEdHrzwFbwG78coyaIq98pPQQ9Bk3kLLs1Bmw0i+nNKwJIc9bC7QX/BvWXR2GgIpoIaZ6uwuveZry+1Cr33/W1EuyxmUuDR+JwYKMBNJWVoK6ujlUcOobr00UCKsN1KbgeRJQhdYbYo6X8x5e4KxQgTTUlOBHri/POPPQ4sdFXFiUMzwpKF54cSYSPtbmwLovBYECfqYvKcPFbbr846lkL1m7nazXeUYz+skgMlEcTPtfpKry+2II3V47J/bd9rSQdmDNTz/L2w2c1E2Q1FSxbtgz7HSyJB1lTFgFaVzmeFwSjx4mN8y56OJ7kL9eWP4oBSG0p2vJicWY3UVLwIMFT6LwKAOmvS0VegKuwLovFYoGsSUKmn9Pcod4OKTVZ8gDkWOEUIFG/DCBz7UMX6EGiJyxZmlBeroQlS5YIN7yNNhOAjLXl4d4honP96X2WaCtMlLttKgQgzZX56Aq2RbcDC5d2rhSewjT9nInu7DBokzXB5XLB4XCgoaGBGA8b6aHexkyMtYnffisv8ZsypwGS9QWQqx1yreH6Fo3KsM2W35iB2wdtsVZbFUuWLAGDQsLA1NgJopdD1Ym46GWMbkcWOg+6ormqQO62qRCANNWW4nhyEM55mqDbgYnnBcGY7CwTmbpvlcTAztxEuE9dS0sLu6zNcKf00ByO+vxrsn4EIP3lURipT8fLM0fw5spxvLl2Aq/OSq+WVVSNNmfP7X9Ux+N6wEasoSzHf/7zH3hYmmLwaNpUtJEoiHyaG4RuBybOeq/CsfRQudukQgHSUpKG036Ec3Y32gkTHcVEb6upG/zkSCKiPWxAIhHtgKhUKravM0JPTtgcjno2Jk4qjqPOb0gXAjJcl4KXZ6rx5krHTwuIoMZrLkCeFwTjyq41QkDKQ7ww3JBOANKWh7HWXNwK3Ubs/Qi0lmvuQyEBaaotxcmDrlMVvqsx1p6PyWn1PcMN6aiP3g1NDXWwWCzo6OjAfAVXYuOG6ZEscWf5yUvDNUnTZpA0vDpbjTdXf15AJjqKZQLkYcpO9HoYYpOuKkiqyric/yWHNX6sACP1abjoaYTzLjyciPaSuy0qJCDHUg/g7NQyS5A0mn7zz2eFYt3U+RIMBgNsXW3URe2e01H/EY0TZNVQTaIwijXWmoNXZ2vw1/XOnxaQ8WMFcwIycjRVuM/He6Uutpka4OHheBFA+kojiOXVTlO0Z4bL3RYVEpDWwkSc8SX2JT/LP0C0kZmWoX1QEYf9DpbQ0NAAk8kESUMdZSGeczy9MiX2yZKHBitjCUCmEoWvztbgzfWuqY1W4it6JzqKMX6s8KuPn15IyZJB76+IxvXATbjosQLOJgyEOG3Gs+ovja3H2wvwINFLGL1SlOWVwgHSXJWP03st0O3AxMMUH0zOODF1qD4NpcGeoJKJWh51dXUk+9qhrzZF6gCNteZ8v+PPvlITJ0ow1ppL9J4ti8RAxVQTtjNVeH2hEa+6j0p5Shdi6Eg8RurTMNqSs2Cd4uerya5ymRz0p7mBuOxriusBG7GRq428ANcvEaymLIy3F+DG/i0478RBZ6iD3Dq5KzwgTbWlQkf9fry7sBPiaPOXjTgdyYEw1WNCW1sbmpqaCHPegkeVCXNEsrIXtD+uVCPqLMNYay6Ga5MwcPgQ4X+URYqU98+prgqR940cTfmhXRslQ18q0yapB4meuODCw71DznBdb4yTKUFfHPT2fIy3F+CqnznOu+gplP+hkIB0BW1DtyMbdyLthUuK6ccK3yg4CO+NJtDU1ASZTIbXlnW4WRw9p6Mujx2A48cKMXA4RuiUC4x83oCcIlqLCt9fGoGnuYF4lrdfrqCMHyuc0/8Yqk7ArTCilOjeIRecTg4QLq9Gm7Iw2Vn+BRBXfZyI2Sl3G1RoQDrDnXHemYvrgZuEgEx2loPflIXHGXtwafc6HDKng6apDk1NTThuWIUr+dKregk/5MeXvj/L24/7cW54URgiAocQkDNVeNXTiFfdDXh1rhavztUQOn90VtJwJiCPM/bgdoQdBo8k/PDrEkiWPrwvCkNwdc86dDswcdHTCNf8zPE0ax/4jV9aMy0CMg+djHDDeWceru3bICw0nOyqwEBVHJFldWAifwMVRloqUFdXh/NGUxkAycBYW+4P9UPG2vJwJ8IO9w45o6/k4GxAKmIwcbIMr3tb8NfN0190vROvLzTN6jslAkhZJJ7lBuJW6DY8ywuSCxyTXeUyNWl4nL4HvW76IieIXfI2wVBtsrAodawtD73uBjjnYYTjSQFyt0HFBiTKC+dd9HBl91ohIOPHi3Az2Ao9Tmxc9TPH1ZS98LEyh4qKisyAjLbk/NAtuKMtObgVZoP78e6z4BCUmvCbs/DyzBGi3P1SO15fbCVmjxlwTBwv+vK+ylgM16XgRVEYboXZyA2QiRMlIr6hOA3XJuFujBN6nDl4nL5HmCzscWTjVpiNcIUw1pqLbgcWznquxLG0ELnboEIDcjwlCOfcV6DbgYXJqQz4eHsBru1bj2v+Fhg+morJrgrkBLqDRlKD44bVsgHSnPVDt+COteXj9kFb3It1QV9phFhIBqviZIpICXInwq0AXRUYPBKPOxF2wh62P1rjx4vm9D/6yyJxPWAjru5ZR3S676rAYFUcruxag2v+FsIHIAEIE2e9VipMiYkCA7J/ChCm0HjGjxXibowThuvThAN0OjMUm4w4iNi2Go9KJHR5n+GH/GiH9mlOIG4f3IHnBcHgN2biRXEYHqb44Em2PwFNeRSG65Kl7lkZbc7CQHkU+sujMdFRLHzqDtUkCvvXykNjbXNvsX2aG4heD0PcCrPBSGOG8L19ZVG4fdBWeC2jLTmLgMiqY5nhOOdhRGTT64mq3smTZRiqFnVGn9dnIshmHTI20vEsfz/4jeky+CF5PzTZNn68CE8y/fAsLwjjx4sweCSeSJh5GuFWmI3wXMbhupSph8GXNkWCHMNARQz6SyNwbd969Lob4H6CBya7KjDWnv9VzfG+hyY7y+b0P4brUnA/wR09jmwipzXtITBxogR9ZZHC2fB5UehUFn0N2nIPyd0GFRqQ1uJUnPVehW4HJl6UiD99SqAbCTtx2pGLe4ecMVQz+8hhsX6IHPIhoy25Ikup0dZcPMvbjzvRjnhRHIb+sigMVSdivD1fuO10pD4NAxXRGKiIRt+0sK4iVAVMdJTMmSDsr4jG9QALXN5lSsAgCbaucjxI9ES3A5M4RUoOZ4D8VIA0Hymc2jzFwq3wHVIHqr88Cld2r8GV3WsxUCE9F8JvzCB2GCpIK6DJznIMVMTgUYqPMAw8UBGNwcpYDFRECyNdIw3pCtcAb878R0M6nuUfQK+7AW6GWIM/tWNQLGwnSnE90BLdjmycCtomd/tTeECaaqeqep246HU3gLjDcIgnTwWGapNwzd8CPU5sPM32J05enQOS8WMFC3ok87yexCdK8LwwBPfiXPEoxQeP03fj6ZR/MlSTOLWnXsHqr2Q4h3C4LoWYFRxZRNfMllyJ93yoJhE9zlycczNAR/xeudveTwFIW94hoaNOHI/wxcGbPFkGflMWXhSH4260Iy56En93K8wGQzWJc/shrbkK1chh/FghnuYSZ5s/TPHB09xADNcmK9xeeuH97yzDaKt0/2OwMhbX/C3Q7cjCZd/VuBfnihfF4eA3iQI/Up821f+KhTO+a9FanCJ32/spAGmqLsKJKE+cd+ai25GFW6Hb8Ch1Fx6l7sLDJG/cDt+OS95E0pD4GzYuehlh4LDkE6e+hHuzFdL4JrsqMHGydApexZjhxGmio1h6/qMhHc/zDxCzgvsKnN1pim5HFi56GeN2+A48TN4pHMubwUTv3XOuBuiI3yN/u/tpAKktRXNlLjpDHEQysNN13lUfpwK2oiNuN07vXo9uRzYeZ+4lDuOZK9x7vEihjVBxVTHVSEOy/zFcm4S7UQ4478xDZ6gj2jPD0RnmhHOexuLH0pGFk+EuaK7Mk7vN/VSANNUSPbM64nbj9J4NOLvTFGd81uLUvs3oDHfG8eQgtBYno7m6CB2xu3HOzQDX9q3H8FHppe/8xoyp3YoKtrb/CTTZWT6n/zFYFYtLXsY4670a7VkRaKopQUt5Fo6lh6Iz3Bmn9lnijM8anN1pitN7LNARv1cuxzv/EoA01RJRrdbCRLTlx6EtPx6txSloqcgSOW2otYg4NbfHiYO+UtnKTiYVaJ/6z6KJE6XS8x8N6XiatQ/dThycCrQWPTKtuhgtFdloLUpGW3482vLj0FqYJNe2or8EIDKpuhidoY4478TFnUh7GcK9itX5fbKrHCMN6XheEIxnefsJh7Y5W/HCu3OUl4wcTcH1wI0452aIjgQ/+dvFIiBf1J4VgXNuhrjgwsVQXbKMyyzFMcCJjmIM1aWgv4LoVato4V1Zllf95VHEkQU7TdFSqjjbZhcBqS1FU00xTu8hQov3E9xlW2YpULj35anDeNlVQfhGCgSuEOCTpRhtkZ49vxNph/POXHSGu6CpVr4tQxcBEaOOBD+cd+Lgopfx3MusxgxMnFCcZZaia+J4sdToFb8xHRdceDjnYYTWAvm3DF0ERIxayrNx1msluh1ZeJTq+0OXWXN/TgUmO8uFtVbjxwuFmugoljhrfHnPl7+dPFkm0ywz3lFM1IB94zXKsrx6mOyNbkcWTvlvkbsdLAIiRSeiiPYxl31NMXJUWt9ewZ7ob1tmTXaWCw9/GW3JwfixQhGNteWB35SF4boUPC8Kw704N1wPssRVv/VC3ZnaOksEDghjnjxJRIxelBzE/Xh3Yj/MvvW4Hb4DT7L8MVidgNGWHIy1F4iUwRO/qQwTJ0oxfrwIT3ODhL2Ov3r2OFEqtThx5GjqVNM3PbRnR8ndBhYBkaLmihycd9HDBVcenmYHzL3M+sbu76Otubif4ImHqb54lOqL+wmeuB/vLtSt0G247LMKvW76uOCqh0texrjkbSKii54rcMlnFR4m78RwXQpGGjLwLP8ArgduwuWdq3B1rxmuB1jgqp85ruxeK9SNA1twP84NT7L2ob8imnhvfRr6y6PwouQgnuYE4mGKL+7Hu3/9NXZViDTNEKcnWX6/5OzxSwLSVFuKzlBH9DiycD1gI4ZrpZfBj7bkfPMSZLyjGMNHU9FXFonHGXvwMNlbop4XhuJFUZiInuYE4k6kPa4HbMTNEGvcDN2G60GWeJDgiRfF4cJ9H2Nt+cTZ5kdTMVgVR7w3O0Ds9zzNDcJQTeI3zx5z1V4N1yYRDRecuWhXsL0ci4BIUGtxCs65GaLX3QBPMqWfQsVvVIzjoidPlmGkPh3Pi0LxJNsfQzVJCpHMnOiQ7pw/StuFCy48dO23kfu4LwIiq2pKcPKgK3qc2LgeuBEDldJOw83AqIIe9ilvTXaVY0xKa9HBqjhc9TPHOU9jtBYlyX/cFwGRXa2FSTiz0xS9bgZ4kOg15yyicDkRBdDEiRKJmfOR+jTcO+SCCy48nIj2lvtRaYuAzFPN1UXoiCecx2v7NqC/PGrOkK+8DVKh1FUhdfZ4mhOAS94mOL17vcJtk10EREa1lKbjtN8mXHDh4U6UPYZqpWyoaspUmKbQiiBp534MVB7CjSBLnHc3JLqQVCtOs+lFQOajmmKiRst9BS56GeNxxt45fJFcharP4jdlYrguhWgUVxxG9Jb6Ad8rrWu7cGnlqocT0d4Ku49jERAZ1VyVj47YXUS/34CN6Cs9KHUW+VGn4k52lmOgKg4PkrxxJ9JeqOuBlrjsa4rLvqa45m9BdGdM8MCz/ANESPoH/DZpp9Y+Tt+Ni55GOL13I1qLkuU+vouAfAe1lGWgM8QePU5s3Aq1xsBhyQd/jjZn/zCHffJkGcba8ohZojYJw7VJGKpJxFB1PKGaRAzXJmOkMYM4JesHzG4TJyWfOfg8/wCu7F6Ls16r0J4d+cs65r8dIE21pWgtSsIp/y1Th4Q6Sm3wMNb2I8O+xF70sbY80bM2mjIx2pqLiZM/dv+8pA1RfaUHcc3fAudd9YkG09M2rP3K+m0AaaotRXt2JM7sMkOPMxcPEjwkZ9kV7FzDH6WxYwVi7kc6BiqicTPEijhgM8rzl/c7fltAmmqJjVVndpmjx4WHB4meGJIAyY9udi1viY9apWPgcAxuhlgTpz9FuqP5cK7cx3ARkIWGJDP8CyRJXhJnEnm1Kv3Rmjwpvlp3qDoed6Mdcd6Zi679OxSyb9UiIAsFSUY4zu5cI1xuDVXHi4ekNVcharUWDI6pMxRn5ToOx+BerAu6XfXRtX/7bwnHbw1IU20pOkMccN6Jgx4nDu5E2GGgUkx0qylzqiv8r1eKMtlZjrH2/FlLq76ScGJZ5cTBKf+tvy0ci4BMnYfY48SeCgFvw4ui0N8Cksku4vDMmXA8LwjGVT/zqeZ8BjieuE/u47QIiJwBueRtjDuR9rjgqoere83xJGsfRurTfllIJqc2QU0PK4/Up+Fx+h5c2b0Wve6GREtQNwMcTw6U+zgtAiIndcTuwnkXPfS6G2CoOh73493R62GIyz6r8Sht1+xcyS8AyWRXBcaPF4r01x2qScSDRC9c9DJGr8cKPEr1XQRkEZBSHE8OxDk3A3Q7MDHSkI7h2iQ8StuFK7vX4qKXMe5E2ompAp6C5CdsXSoOjv7yKNyJtEevhyGu7lmHpzkBGD6augjI7w5IS30FTqYF47yboRAQfmMGho+m4EVhCG6FbkOvmz6uBVjgaW7gjLNHMjHW+nNBMtlVgbFjBSLLqhdFobixfzMuuPJwM8QKL4rDwG9Ix0hDuhCQjpT9aG+skvt4LQLyg3Wp5xQGb17A9TBb9DiyRbvCNxAJsnsxzuj1WIFLXsZ4mOQ165i30eYcTPwMy62pMw0FDvlQdQIeJnnjyq416HU3wL1DzkQEb+oeCAC54GWC+y3leProHtoaK+U+ZouA/CCdbD8K/sggPn38gH9HB3AzylloHNOzyMN1KXiWG4gre9bhggvxlO0rixSBabQ5W6Ehmewqx2hbHgT7yvsronEzxBoXXHi4smsNnmT5zUqUjjSk44KrHp6WJ+Lj23/w7z9/4+bVXrmP2yIgP0At9RV49OA2Pnz4AMHr/ZtJjJ+qEl+X1ZCOwapY3AqzwQUXLi56rMCjFB/RnlsK1gxbBI6pDPlIfZpwF2CPEwc3g60I/0rCeSqj3W34/PGj8B6Nj/FxtqtN7uO3CMgCq+fsCbyanMDM16f3b/Hq6kmJpd7DyORjagAAGO1JREFUR1PxKG0XcbKVIwuXdq7C86KQLwbWlInxYwUK45cQ+8mzMNKQNpX4s8IFZy56PQxxP8EDw5Ka6jVl4d++B7Pvz6dPeHT/FlrqK+Q+houALJBaGw7j8YM7+PTp0ywDAIDPHz/g1bVOqWdgDFQewt1oRyJX4MjCvVi3qf5TaV8iXPLszD7ljAvCt3djnHHBhYdeN31c97fA84JgCdeWidG2fPz74p7YewMAkxOj6D5zXO7juAjIAun8qWOYGOdLNAAA+PzhHf6614ux9jm6CWb74+qUb3LVzxxPcwOIvEnD9PqtH7t9d7KzDKNteRiqScSzggO4smctLrjwcG3fejzNDZJ8PU2ZGO+swNuR58DnzxLvzadPn3Dv1lW0HC2X+1guAvKd1Xy0HHduXMbHab6HREjev8M/T25g7Ljktjf8xgwMVsfjTqQ90VrU3QC3I2zxvDBk6gjnbKJn7o/Y495VgYkTJRipT8PzwhDcCrdBr6seLnmbEJvDqhMkXsNoczYmztTgHb8PkDCzTn8NDTxH57EGuY/nIiDfUY01JTjeUoO+50/mNIAvkLzFP89uY+JUlVRI+FMnQ90MtsJFTyNc8l6JuzHOeF4QjOG6FIwdK1jQzPtkZxlGm7PQV3oQ9w654KKnES56GeN6kCWe5gRKnQVHW/Pw8mIb3k8MA5/nhgMA/nrzGq2NNcjLTERFUSYafuGOJr80INXleSjISkJKQiQOhvijqCAHE+NjMgMCED7J24GHmDh1RDokU7PJw+SduOZvgV4PQ1zZtQb3Y13RV3IQ/KnNV991NumqwHh7PvrLo3A/1hVX9qzDRU8jXA/chEepvnOeGT/aXoDX1zrx4dWY1GXVzNenT5+Ql5uDbdZb4OJoi6B9vjgUGYystDiUFqSj/sivtRX3lwHkSFkuctLjERNxAEH7dsHNxR5bLC1gunoljI2MEBcXh7dv384LEAKS93g7+BiT545KPQKAyB8QndXvx7vj6l4zXHDTxzW/9bgf54bnhSFEW6Fv7bfbVYHx9gIhGILvubrXDA8SPIiz4uc4CnvsWBHe3D6PD28m5gWH4NXW1gYrKyvo6emBwWDAQF8PG8zXYYeNFXy93RAW7I+kuIMozktFXZViH9L5ywJSWZKNtKRohAf7Y6enC+x2WGPD+nUwNNAHj8uFnp4eVq5cCTMzMzg6OqK9vX3ehiCE5NNHvBvtx8uLbRhtkdxtUBgSrkvBi6JQ3It1wdW969Drpo8ru9fgTqQDnuUFYaQx46uWXaMtOXheEIK7UY5E8tJVD1f9zHE/zg0vikIxXDfHEdhTzvjfj67h0z9vvvp+PHjwAMHBwbC2tsamTZtgZmaGlStXQk9PDzQaDVwOG6tXmWDr5o1wcbLFvj3eiIk4gPysJByt+rlmmJ8GkPojRSjMSUZsVAh2erpgi6UF1piuhL4eD3Q6HTweD1QqFVpaWrC0tIS1tTVsbW3h6OiIoKAgXLly5asNgqDkMz68HsebO90YbcufExJ+I3E0wIviMDxM9sY1/w244MzFpZ0muBFkiQeJnuiviJ6zgwq/ORvPi8LwIMkbNw9swaWdK4nIVIAFHiZ5o68kHMMyHFrKb87C5LmjeDv0BJ/fz38mnf4aGBhAdHQ0HB0dhbK1tYWVlRUYDAZoNBoMDQ2FMwybxcIKQwOsN18Lu+3WCPDzQUZyDCpLsuVuVz89IEW5KQjc5wsb6y1YY7oKKwz1wWazwOPxYGJiAnNzc2zevBnbtm2Drq4utLS0RAbO0dERe/fuxZkzZ74NkKnXp7d/49+++xg/WS4TJPxG4njk/vIoPM7cixsHtqDXzQAXXPVw2dcU1wM34k6kHR4keM7SrTAbXPPfQEDhqoeLHitwJ8IeT7L80F8RNfeMIfA3WnLw+noXPrwaw2cZIlVzvR4+fIjg4GDY2dmJ3Gd7e3uwWCzQ6XThmGzduhUbN26EqakpDA0NwWaxwOWwscrEGOZma+DqZIf4mDBUleXI3dZ+GkBKC9JxIGAPrLdawsTYCBwOWwjE+vXrYWVlBRsbG9ja2sLe3l44QHQ6XSwgnp6eqK+v/w54EK/PHz/g/cQwJk5VygwJv5Eo9xisikVf6UE8SvXFjSBLXPRcgR4nDi646s1SjyMLl3auxO2Dtnicvht9pREYqk6YvZlrjkjVP09u4NO/f3+36z99+jRcXV2xZcsWkfsvAITBYMDa2lr47w4ODrCzs8P27duxbds2bN68GaampjAwMACLxYSBvh7WrVkNdxcHJMdHoLpCcdoKKQwgFcVZiAoPwjarzTA00AeTwYCenh7WrFkDKysr7NixA3Z2dnBwcJgFwFyAODk5ITs7G69fv/5uRoLPn/Hp37/w190ejLXN3tc9NyypGKpOwEDlITwvDMbjjD2z1FcagcGqOAzXJmGkXvp5i+JmjclztfgwMYzPH+fO/cznVVhYiE2bNsHCwkImQMTJzs4Otra2sLGxwaZNm2BiYgI2mwUOh421pquw09MV6ckxqKss+H0BqT9ShMzUQ7DfYQ0ulwMdHRo4HA5MTU1hbW0Ne3t7qUDICojAD7l8+fJ3NRSAmE3eDT/Fy3O1GO8oxlhrrmiHRFk0tQdjpub1GY2ZxCGi7QWYOFmKv+9249O/bwDMP0ol7dXf34+QkBCYmZl9EyDT5eDgAHt7e+zYsQObNm2CkZERGHQ6dHV1sGb1KuzbsxNVpfJZgskFkLrKQqQmRmHrlo3Q0tKCjo4OjI2NYWVlNS8gZkpPTw8UCgVWVlaz/t+OHTtQXFyMd+/efVeDIV6f8fHNBF5fbMPLU5V4eaoCkydLiX3frbnznl1kBYLfnI2xtjxMdBQJo2Kve5vxfqxf5sTffF/t7e2wtbWFmZkZzM3NRfwQOzs7aGtrg8VizfJP5qsdO3bA3NwcLBYLFAoFurq68NvlhYriTDT+wJ7APwyQ+upiHCnPRXJ8BDZuMAOFQgGdTseqVatgY2PzTTdTIAMDA1AoFGzevHnW/9u+fTv8/f1x48YNfP6K2L8sr88f3uNt3z28On8UL09Xima8u4gevBMnSr5RpWJDxK/OVuPvO+fw8a/Jr8ptyPIaGhrCoUOHYGZmJtRMQLS0tMBisb7LeApkYWEBLpf7/5s79+8mzjOP/1Ea3e+jy+g+ksaSRiOPrCsx4ZKF08J2mxS6OA2FJU4KKZAEzNakBRybBE7DKZw9mwNpoIH0cAmBZmEhljHYkY3vwrak7/5gZtbCsq2r3fec5wfDWH79vs9nnuv7GjKZDCqlEm9sfg3dxz9A3+mupsPSdEDO93bjVPeHePvX/waX0y6CYbPZGgaGIBaLBQRBgGXZJf8n+LrHjx/H+Ph4UxQIAFAsYH5sCFN3LmP8r70vLUrz+rDGr/Rg4sYFzA4+QDE/17RfK5/P4+LFi6L1ECQejzcdkMWg6HQ6yOVyyGUypBJRHD64H32nmhenNBWQMyc/wqH39oKPsJBKpVCr1bBareA4rikLaLcvACgUBxdLNBqFz+fDpk2bcO3aNeQXHQZqxijO5vCi/3tMfvsXjH31aePhuHwGE9fOYeaH68hPNxF4AMViEY8ePUJHR0cJHD6fD9FoVHSLY7EYJBIJ9Ho9EokEEokEkslk1bHkSpJMJuH3+2EwGMSi5C92/Av+8+OD+KwJVfumAHL29AkcP/o+tm3dCL1OB5VKBYqiyro+9YqQQozH43C5XCAIAi6Xa8lzPM+Lm7p//34MDAw0zdVaPObHs5j54TomblzA2OUzDQDjNMavncP0d1cwN9zf8AxVuTE1NYWenh6Ew+ElgPA8Lyp/KBSCVCqFyWQCwzDw+/0IBoMIh8PgeR5tbW1iNrLefU8kEqBpGjqdDgqFAi1+Gu/seQun/nC0oW5XwwE51f0h9uz+BdggA61WA5IkwTBMQ4FIJBJiTj0SiYBlWQQCAVAUBYIgQFHUku+JRCLipobDYXz++eeYnm5cbWClUZyfw9zIIGb+8Q0mrn9Ruzv19VlMfXcZs4MPUXixNnOfn5/Ht99+i23bti2Bw+fzgeM4EZCWlhZIpVKYzeayz/r9frS0tIjAxGKxVVP3q+kCz/Ow2WxiT9jmjSkcObi/YdakYYD0ne7C79//LbZueg1WixlGoxE0TSMWizUMira2NkQiEYRCIbS0tMDv95dsgMPhAEEQ0Ol0Jd+fSqXAcVzJs9u3b8ft27eb7motHsX5Ocz91P8SlD9XbFHGr36Oqe8u48XADyjMNLCWs9p8i0U8efIEe/fuLavwwstGUHCPxwOpVAqKopZ9frG0tLSAZVm0trYiFouVpIyrdbuCweBCelitRqDFh91v7cQnXYfrtiYNAeT0yY/wq1/+HD6vG0ajQaxj1Ot3JhIJRKNRcBwnQrHSgrvdbkilUigUiiULyLLskuc7OjowNDS0Jq5WieLNz2EuO4DcozuYuvXfy8YoE9/8GTP/+Aazz/4Xhem1A0MYMzMz6O3tLbt2goRCIXGf7XY7ZDIZ7HZ7RYAsB0s8Hq9Jd2KxGPx+P0iShIk0IhblcPSDAzj3ae2Q1A3IuU//gHf37YHFbIJMJoPT6RSbBGu1FrFYTISCYZiKF9nr9UIqlYIgiJK3USKRQDAYLLsp3d3dNbXBN2IU8/PIT45idvABZn64jsm/X8TE9QuYvvsVXmTuY370KQovZtDoYl8lI5/P48aNG2hvb19xzQOBgKjMQjev2+2uGpDFbpgQt0Sj0arjlXQ6jVAoBI1GA4lEgjY+jN4/HV8/QLqPf4BIOAgpQYAgCOj1+qqzVOl0GvF4HK2trcu6T5WKUqkEQRAlldx4PL6s9Wlra8PFixfX3IosHsX5eczd/x4Tv+vE2K/eRO4vF1BoZFtMDSObzWLHjh2rrjfDMOLLSKVSQS6Xg6bpmgF59bNDoZDYVVGJLsXjcTgcDsjlMkgkEiiVSux+a2fNrlZdgJw9fQK739wBrUYDm80Gq9UKmUwGs9mMaDRaMRgcxyEQCNQMxWLR6XSQSCQliYF4PL6iJUomk7hz5866KGLh+Rhmuv+IsfgGjFidGNFbMOoPYeKtX2P+7vfAGsZI4pwKBezbt69i6y0oL0EQUCgUCAQCDQFkMSjBYBA8z69oUdLpNGiahlwuh1arhdfrhUKhgNVixicnDq8tIOd7u3HsSCdMpBEkSYpZJYvFAplMBpqml/1lBDeKZVkxHdioxSRJEhKJBG63u8Q3Xe37Nm/ejNHRpfdlNW3k85i7eRvjP/tXjFgcyCr1yCp0/y9aE54HWzF97ASKudzazQtAT09PWZd0pRdMNBqFRCKBSqVqOCCCCFmwV7uIBQmHw9DpdNBqtWBZFqlUCm63GzKZDG2t4bUFpO/UcbyWjkOlUiEYDIqT5HkeRqMRWq22bMNaW1sbgsFgQ6FYLBRFQSKRwGw2l/zMSha/o6NjTRSwMDGB6Y+7MGJxIqsxloKxWJR6jBisGN++E/P/82BN5nb16tUVg/JyInQpEAQBo9G4ajKlUaAsdr1SqRRcLhcUCgV8Pl/Jv2s0GshkMrx/4O21AeR830nsf2c3ZDIpbDbbEgj8fj+USiW8Xq840VgsVtVbqVZxu91iA6RgrRbXQFaSQCCAo0ePNlUB527dxqifXWoxVhKlHlm1ATPdnzR1bplMpuK1ehUQoUgrHHNeK2EYBjzPg+M46PV6UBRV0v6yYcMGcBwHgiBgIo1VnzWpCZC+012wURao1eolkxGyRkajEUajseTc8lqJRCKBXC5HIpGoChCfz4dIJIK+vr7G1keKRRRzL5D79CxG7HTlYLwqWhOGPzyGXC7X8KTCo0ePsHnz5poseyQSgdVqhVQqrSuDVY9QFAWlUrlsUdpms0Emk2H7G69XFbBXDcj53m683r7Q1rxShVzw/ZxO55ovlkKhgEwmE33Val2GdDqNK1euNASSYrGI2UwG42/uRlZnrh0OhQ5ZlQH9W7fj3r17GB8fb9j8hoeHsWvXrppdI47joNPpIJVKm+5elROPxwPDy4s6lksOJZNJqFQqGAx6HD30H80D5NiR96BUKkGS5IoZKo7jFsr/ZjO8Xu+aLphWq4VUKoXPtxBA1mLBtm3bhnv37tX1ps7n8xgdHUXmTA+GXb764FDokNWQGP3336C/vx/379/H06dPMTdXewevUCnft29fXe5vMBgEQRCQyWRl+7WaLS6XC1qtFi6Xa8UCYygUglKpQLwtUvFJxaoA+ezMCUTCQcjl8mUbD9PptNhAaDAYYDAY1hwQs9kMqVQKu90uAuL3+0tktc9gGAZ79uxBJpOpCZK5uTkMDw/jwYMHGL59ByPRZHVxRxkZMVjw4tJ/oVAoYGxsDA8fPsTAwABmZmZqmuOzZ8/Q2dlZYmEZhoHX64XT6YTb7QZN02AYBoFAAIFAAMFgEMFgEKFQSBSapiGRSKBWq5e09KyFOBwO6PV6BAIBMa1frhqfSqVgNpthNpHo3N/ReEAOvbcXypen/5YzYzzPi3HJwjljXcMKR5WK0+kEQRAwGAxiClJoahRgoWkaTqcTTqcTFEXBarXC6/WKCiA01XV2duLHH39c9kb4ciOXy2FwcBCZTAYTExMoFAqYPnoMIyRVFyBj6Y0ovDzLUiwWkcvl8OTJE2QyGUxOTlY1x2w2i66urpIuZ5/PJxZqSZKEVqsV7xejaRp+vx+BQAAcx5U0G3q9XkgkElgslqrd2UaI3W4HSZJinURoXi3XB8hxHDRqNZIxvqKAvWJA+k53oY3nIJfLy6ZvU6kUIpEIGIYBy7JIJpNgGGZdAKFpWuzJEqyFx+OBw+EARVEwmUwwGAxQq9VQqVSQSqUgSRIsy4r9X4JbFg6HceTIEQwNDa2qdMViEdPT0xgcHMTQ0FDJ8d7C0BDGt/0cWZWhNuth82DumxtLfub8/DxGR0cxMDCA0dHRiuKSbDaLkydPIh6PL1k74RqllpYWmEwm8a4xiUQCmUwGtVoNvV4PkiRBURScTif0er1Ye1qPGEQoUgsvQ6HAGQqFlrQ9JRIJUBQFymqpyIpUDMjBzneg1+tgsVjKulU8z4sT8/v94HkeLMuCJMk1B8Tn80GtVoMgCMjlcnGTpVJpyddCOthut4sHf3ieX+KPx+NxnDx5Etns8nf7FotFTE5Oor+/Hz/99FNZRZ27eRvP21LVw2GyY+ZUz4o/+/nz53j8+PGqccn4+Dj6+vrKwrFYBEtqt9uhUCjEtdJqtdBoNFAqlZDL5SAIQlzL9dhnr9cLm80Gl8tVtil1cbexoKuhUAharQab2lM4e3rltviKAdnUnoJKqSwbe8Tj8SXV00AgAJ7n18WC+Hw+WCwWaLVaMbthsVhgtVpBkqS44TqdDgzDiKffOI5btr0iHo/jzJkzZY/rLlbQkZGRkj/v9uqY/eqvGNFbqgJkNMChMDa27GcKc5iYmMDjx4+RyWTKQjI9PY0LFy6s2oAoiNAL5fF4oNVqIZfLYTQa4Xa74XQ6YbPZYLFYYDabYTAY1nyPfb4Fb8Fms8Hn85VYD0H8fv+SzFYsFls4s+J148Pfv1s/IMeOvAeX0y4epXzVtVrO7+R5Hnq9fl0A8Xg8cLvd8Hg8oGkaNE2L5wXkcjkoihIP+1Ra3U+n0zh79iympqZEpSsUCvj6669x69YtjI2NrRoH5Po+Q1ZDVmdBzHbM/OnMip8rQJLL5dDf34/+/v6SA2G5XA6XLl3Cxo0bq1pHobuWYRiYTCYxgykE7n6/H16vFx6PZ90AcTgcYsxY7pmWlpaStqdUKrXg/mu1+OXO7fUDsvNnb0Cr0YCm6SXmKhqNLqtYLMuCoqg1z2KVg0VoxVar1fB4POIBnUgkUpXfnEgkcOnSJfEN3dvbi61bt+LcuXOrZpJyn53HqC9YUwwy6vQh//DhqpAAwOzsLJ4+fYpDhw7h2bNnyOfzuHnzJjZs2FDT+gmtHYFAADabDUqlUkyrrue+CnvrcDjExMpyz73q+bS2tkKv14OPsOg+9kHtgPT88WOwQQYKhWJJcJ5IJFacFMMw6/ZmWSwul0sMyIW7nBKJBFiWralyHI/H8cUXX+DAgQNi7LVr164V79yavfo3PA9G6kr1TnbsrQgQALh79y44jsOOHTvw5ZdfYsuWLXWvI8uyiEQi4kXhtRyMahYgq2XP/H5/SVYrkUjA6XTCYjbht2/vqh2Q3737G9hsVphMphL3Kp1OV5TzXo+sxqvi9XphMpnECx1SqRRSqVRdxTGhRV/4ur29Hffvl/8DmIXnzzHWvqXmDJboalFu5PszFQFy+PBhsVO6tbW17uZQoeeJYRgolUro9fp/ipefx+MR72xe7VmhTiJIIBCAQi7HG1val706aFVAtry+QezxX+xeJRKJiha9Wa3P1YrL5YJGo4FGoxHvzVqceatXwuEwurq6yirr9OGPMGJ21AVHVqHDiM6M3Kd9q8IxPDyMZDLZ0PULhUJgWRZGoxFyufyfwnr4fAsvv0pjXCG7KuhwJBKBXq+Hz+vG4YP7y+r//wEBVF+ADQ13HAAAAABJRU5ErkJggg==','1',51,'2016-06-09 10:41:59',51,'2016-06-09 10:41:59','0000-00-00 00:00:00'),(84,'d1562863-4240-5446-b62d-76c0620bf4d0','90dbf890-14a4-5f28-b121-58c84ac76bc8',NULL,'RA0000015',60,'2016-06-09 19:04:29','Mr.','Tony','stark',NULL,NULL,NULL,NULL,'1988-06-09','M',NULL,NULL,NULL,NULL,NULL,'OP',NULL,NULL,NULL,'9896451203',NULL,NULL,'1',51,'2016-06-09 19:04:29',51,'2016-06-09 19:04:29','0000-00-00 00:00:00'),(85,'132a0196-7a5c-5614-98ba-929dcad60a10','80c88fd3-22d8-54d1-b72b-6bd025f247ff',NULL,'RA0000016',60,'2016-06-09 19:06:08','Mr.','Tony','stark',NULL,NULL,NULL,NULL,'1988-06-09','M',NULL,NULL,NULL,NULL,NULL,'OP',NULL,NULL,NULL,'9896451203',NULL,NULL,'1',51,'2016-06-09 19:06:08',51,'2016-06-09 19:06:08','0000-00-00 00:00:00'),(86,'94f5b5b3-0714-55b3-8f89-3dbecdc4b7ae','138f09e0-ec66-5ac7-abf3-9dc2a135e3d5',NULL,'RA0000017',60,'2016-06-09 19:06:42','Mr.','Tony','stark',NULL,NULL,NULL,NULL,'1988-06-09','M',NULL,NULL,NULL,NULL,NULL,'OP',NULL,NULL,NULL,'9896451203',NULL,NULL,'1',51,'2016-06-09 19:06:42',51,'2016-06-09 19:06:42','0000-00-00 00:00:00'),(87,'a85d2423-1878-5854-aeb2-5b4cded8d7a3','4f962972-8f3c-55f3-adde-da123a2e6c2c',NULL,'RA0000018',60,'2016-06-09 19:09:57','Miss.','Juliee iii','stark',NULL,NULL,NULL,NULL,'1984-07-03','O',NULL,NULL,NULL,NULL,NULL,'OP',NULL,NULL,NULL,'9896451203',NULL,'data:image/png;base64,iVBORw0KGgoAAAANSUhEUgAAAMgAAADICAYAAACtWK6eAAAgAElEQVR4nNTcZ1Sc9b7wfV896z73VhM6w/TeYGBgYOhlGHoPJATSe68mIUCqiWar23IsUbfdqNsSjYnpgYRUUyCFFEIfeoc0o8bA93mBGxPLPp5zP/dZz3nxXbCu6+31Wb/f/5qBR1qaG2hpbqCtqYH25ka62pq53dHC3a5m7nW38FNvB/f7e7g30McP/b3c7e3gTncT33U08F2ng9udzdzubuVWVzvdnS20tztoa/2l9ramkTrbHHS0NtLe0kCbow5HzVUcF8poPv4hzSUv0rL3Ka5/8gRHn8vmQEEEJUWRHFtr4/i62J9/JnLthSXc/OQzBveehpLzUFLBUMn5n38fbujwBThyEcouQdllOHpluGNXuL//ND2f/J3yZ/I5vTmRkqezWTE+jr+tWcr8qeNYPX8KM8elMH1sKktmTWRiWjwZ0aGMjY8iJTyQpNAA0sIsJAT5kBFpIdsWTEa4mdRgH6K95YR7KzArvTDJPPBTCvBXi7Dq5fjKhRjEHqgELigEzqi9XPBRiDBIPLFopfirxQTp5fjIvIgN9CXCW0WoXkFCoIlYPy1RRjnJQUYSLXpifBTYvKUk+avIDNKSF2VgYVY0syeOZ2xGNjlj8olNnUhEylTCEyePFJE0jaiUqQTFjsMnNB57YhxjM1KwxcXiEx6PNiIZbXY+lkWriVy/iYhVBdifWELckgVELVxI6LTJjJ2WxWdvraPm28/ouXaA/msHab20k4azn9F2fjsdl76h9vDbfPz8YsZEW8iN9mVhhpXlWYFMSw/i31/cREVFOR1tnXS2d9HV0U13Zw9dHd10dXTT2d5FZ3vXyP2Otk7aWzt+VTvtrW0jdbS0/od1traN9Nv7zX/YI60tjbS2NNLR3Ehni4PejlZ+7GjiflczdDUz2NPGUF8XQwO9DN68wU/9nfzQXcfdtut811rDnfZ6brc7uNHeSk97Mx3tTX8IZARHcz2tjbU0Vl+h8cIRmo59QHPJizTveYqqj5dT9twY9q8Kp6QoghPr7ZxYb+f4uliOFtsofyqPznf+zv1vTsGhigc6P9zPQP6JZOhI5TCSsstw/Ao/Haig79MPKX9xEWUbUvlkbS6vrl/D4hnjWTk3l5Uzc1kwOYc0WwgRAd5k2SIYGx9DSriVeROzSQr2I98eQXxoIEmRIUQF+GKzmLBZTMRZzaREBJIYaibYIMeiEeGvEuAr98QocsMkF2LWyFAInNF6OaMTuqAXuRKok2FWifCWehBiVBOiVxLtoyE1NBCbnzcpwf7YTFpifJTY/TTE+qqxmZQkBWhIC9IxPtrARKuO6VlJTMqdQH5mFolpuYQnTyIscQKhCfmEJU4kMnkqkSmTMEdmYAmzk56WwNRxaWQlp2AJScBgTUAzJu8hILHLFxO3ZAHRi4aB5EzN5B9vrqH61KcjQNoqd+M4t532CzvouLib6pK3+ei5xeTYghgfY2ZRZjCrcoKZkRXClqcKKT93lvbWjhEgD8J4EMXv4/hvBtLX2shASz23Whq41VzPnVYHP7Y1MNTcwGBXM4O9rdDfweBAH/dv3GSwv5d7Pc380H6Vuy2X+a6pijuOWgZaGultdtDZMjwlOlobRybGr2trrqetvhZHVSUNFQdxHH13ZIJUfbyco89kcWhVBGVroji5IY6TG+I4uiaGI0UxHF+bSsvW5/hu+044cAYOnmewpILBkvMMlf4TxgU4fBEOV8LhC3D4AkOlFQzuO86PXx6k+b3XOfvqCvb++2Le+utqVs0az6KJ6ayaO4lMWyi5STZSI61EmY1EmLQE6mREWozEBpmwGhSE+qhJjwkjwxZOdnw0OcnxJEQEE272IcriR0yQP0FGLRadEj+FAI3nKPxVQswKIUaRGwahKwaxGxqRCyqhMwaRO6FGDVadkiCdHItWSqRZj1UnIzHIl1xbMIn+WqK95YRqhMT4KIgLUBPjLSXWR0aSr4KxIUYmRJqYnplIelImeakZxCWOIzwunzB7HtFxuUQkTSE8cTLB9nwsYfFMzE5k9eRUZoxLwhIeh96agC49F8vcVUSveZrIgiJily/Bvng+kYsWEDxlOtmTsvnH66uoP/UJ/VX76bt6gPZLu2mu+IrWiztov/A11w+9ybZnF5EV4U++zY+lY6wUjQ9mdrqFDYWLOX7qFC1Nrb9B8WC/RtHW0jpS+58A8R89+A/W2fzHPfJdm4Mf2h3ca2ngvqOeoYZ6BmtqGaqpY7C1mcGedob6Ornf38FQfyf0tTPU3cJPnfXcba7iVsNVbjdWcaOpjp6mOjqb6mlvafhdGO0tDSMTpK2+lsaqSurLD9BY9g5Nh16gec9mrm5bStkzWRxcGU5ZcRQn1ts5uSGOY2ttHCmKpqzITvWLq7n1yeew9+Tw9DhYDgcqYH8F7C9naP9Z7u89xf29x7n/9SG+376LW599TsdH79H03otcfncDJ9/fyAebVrFsSjbLpuUwbUwCq+ZNZVpuFuNSk0mJiSLUz0RSaADRAUYSIwNJjQkjzRZOlMVEemwUcaGBjEuJJyLYn0A/AxZfPYHeWix6NT4KCf4aOSaZB4FaCT5Sd/zkXoQYlPgrRRiErvgqvDDIPDDJheiEbgTplYT7ajHJBfjIPAnzURPtpyfOYiQ5xJcxkQEkBxmJ9pYT5SPF7je8atkMYmw6IWNDjYyN1jMlOY3xqWNJiU8hInoMwdFjibTnEpE4kcikyYTG5REQFsfEsckUz8hkbn4aQeEJeAcnok0bh//sFUSveYrwgrXELF9G9NKFhC1eSPDU6YyZnM22rSupPfERfdf2jQBpKv+S1os7aLuwg6qDb/D+lvkPASnOC2FeZhBrVi3g2MkTNDtafhfFgzjaWtof6L8HSEdT00M98kNLA/dbGhhy1EH1dYYuVsLJK3DqCkNX6rhf2wQOB7Q5uNdRz/1OB0PtzfzU5uCH1nruNldz23GNW0019DXV0t1UNwLhQRT/hNHe0kBrUx2tdTU0XLtEffkBGo68jePg8zTt3sSVD5dw5K+ZHFwZzpGiSI6uiRler9bEUFYcRWlhBBeenkPX2+9xf8dh2HeGob3HGdxdxo87S7j71QFufb6Lno8/puODt2l8+0Vq3niSq6+uovzF2Rx/djKn3ljN6xuXsWHhNGaPS2TmuBQWTx1HZnwEaTEhTEqPZ+74LKZlJTM2PorcZBvp9jCyk+PISowlLtzKmMR4YqyBBJu8MasVhPjo8VFIMCmlKD1d0Uu80Ik8MIpd8Za4YZJ5YBC64if3IspPT5RJi4/EA4tWirdciJ9aikboRpBeTrivlnBfLUrP0Zg1MkJ91ET760kP9SUrwp8xkQHY/VUkBKiJMYhJCtCRHKDBbhAzIcKHOfFBjE0Zw5TMcURHphEaPY7wmHFEJeRjS55ESEwO5vA4xmbaWT09g7njUwgJT8THmogmdSy+M5cRVfwUoavXEbliOZFLFxGyZBHB02aQOTmb915bTvWxD+m9upe+qwdoOb+T+tOf0VSxnbYLO7h24HXefWouGWF+jI82sSQziMJcK7NS/dlQuITjp07+BshvJ0b7/zGQ9uamP9WDINodjod65H5TNTRUMVh9ncHyKjhwkaGvjsOe03C8kqHyS3DlGtTVca+pjsHmWgabqrnvqOZ+Uy33mmr4oamG71sauNHioKupkY7mhpEeBNLR3EB70/D5o7WuhvqrF6k9u4/Gn4E4vtnI5Q8WUvZ0GgdWhFG6Jpqja2J+Xq+iOLzaRslqK6fWj6Hh5afoef99bv1jB/2ffEHXhx/S/t6bON58nrqta6h8aTFnn53OiU1jObopi6NPZVK2OZtDz09m9xvreXrJNBaMTyY3IZQp47NYOHMysydmk5dqIz0igPSYYMbERaBXiPA3qgkN8CHE4keExZ9gkzeJsVEkRoQR6WsiQCMlQCXFW+iO3G0URoUQuacTGpEbJqkn3uLh6eGvFGGSeuIrExBm0hHhZ8CskuCnFOIj88SsEqEXuWPRyjHJhYQYtfgppBhkIsw6JRa1hJRQM4lB3oyzR2LzUZIaqCHFpCLJpCTZX4NNL2GCVcWUhAiy0zMYlzIWW/QYQuy5xCdOwJY0kWBbLpbQRLLSk1k9LZNFE1MIi4pBF5yIJiEH86xFRK7ZRHjhWsJXFRC1bCmRixZgnTWLtGnZfPjKcq4f/ZCeK3voqvyGxrNfcP34RzSe/YK2iq+5un8rb22eS2aoD7mRJmanBrJkTBBTkgPYsGYJJ0+foKWpdWRi/DkkrQ8jaW55oAce9j+YIH8E4te1NzWM1OaoHwYyVH8NKq/AoW/h/b3w9x0MHfiW++euMVhxmR+/PQ/llxmqvAxXKxmqOsfQtdMM1pRzr/4SPzRe44eWem63OuhtdtDeVD9SW/Mv/fNaa2MtLbXV1F25QO3ZfTQceeshIMf+msGhVREcXhvzEJDS1dGUFoZRWmCnYvM0rjy7nKvPr+bis4sp3zKLs1vG8+3TGZzYlErZpkTKNidQtjmDgxvSKNmUxf7n5vLhlgX8tWAOyyakkx7uS1ZsMGMSYxiXEkt+mp2MqCCyooOIs/oSZtKgFLihlwoJ8tERFuRPbGgwcWEhRFkthJl9sQUHEWo24qeWEaCRoRO6oxW5o5d6ohI4oxe5YlaJCNBIsKglhHmriTBpCdDI8FdLiTQbCdAMI7FopfjIvAjx1mBWSfBXSTGIBPhpFPhq5JjVUkwyT+yBRuwWFeNirKQH+pER7E2GRU+qnwabr4EUk4w5CYFMSbKTk5BMemIOsbE5xMaNx546hVB7Hv6hiaSlJrBiajrLpqQSGROL3pqAKm4MpunziSja+DCQxQsInj2b9Ok5fPjqE1Qf20bPlT10X95N49kvqDq27WcgO7iy7zXe2DiL9GAj4yJ8mJbgx7xkM/lxfjy59glOnfn2N0B+7zD+IJDW5paR2h7C0fKrifD719uaHCP9eko81K+BDDbXgKOaoUuXGdxdyuBL2xh8/3MGz1ZAVSNU1jB04gIcPMPgoZNw8iRD5aUMlu9h6NIhfqw6xd2a89xtrOJWcx29jrp/CaTNUUdLQw3NNdepu3yBmjN7fxdISUEkpWuiKSse7nBhJKWrIzhcaOPQqnCOFERwZHUcpattHCqM5MhaO0fWxHFsQxJl65M4vD6ZQ+uS2bcui73rx/HN2nw+e3I2L21YzKIJ6UxICGdyqo0xceEsnzmRlbMns2RSNrOyk8hLjCQ+xI/oACMWvRqLXo1RJkLs6YpG7IXFoMNmDSTcYiY8NJBAXyO+WhXBJiNGqRe+ChFqT2cUbqNQC53xVgjQiFzwV4oI99EQ6asj3FeP1aDCXy0lxFtFiLcKX8UwDqtBhUUrJ1CnJMSowygX46OSopZ4opN6YtHLiPHTkRxoJCvUB7tZSYbVSKaflsxALckmBdmBKqZGW5mQHEd6XBLptkzsCfnYkiYSFpeHJSqFtIxEVs7IZOX0NGLtsRiC7ChiMzFOmUN44YaHgEQtXkjw7NlkTM9h289Aeq/upefKnl9NkB1c3vsqr66bTprVQG6kD9MTzcxNMpMXa+apDas5dfr0Q0D+aK1qbW4bqaWpeaTWfwGkran5gRy/278C0uaof6hHhprrGWyth2vXoKyMwe1fMLh7P4MVFxmqaYTK2uG3Qt+cYujAMQaPH2fo2zKGTu1h6NTXcKGEH66e5G79BQYaamirv0ZrYy1tjrrhHgDyz2stDTW01VZTf/U8tWd201D6Jk37/0bz7o1c27aYo8+kD0+QwsiRSldHUFIQ/jOSSI4URlK6OpJDhdEcLorlyJo4ytYncPzpVA4/lcqRTWMoWZ/NnvXZ7C1O4f0NM1m/cg7rFk1laV4K4xMiiDJpmJ83hjkTs5mYlUhWQiT2UH8SwoNIjQkjKTJ4+LOP8ED8dTKsGikGuRCDRolI4IpOLUOrkqISCVCLvfDTqfE1ajCopPgpxXgLXVG7j8IgdCVQI8WsUeCjkGD11hGsVxDjbyTUqEInl2H11hOiVxBsVBJm0hDqoyZQJ8co8STEW4OPzAtvhQyVSIBOKcVPIybcR0VCoJFMqxF7kIYp8aFMtgeSF2UiXu/B9FAl8xOtjElIwW4fi92ehz1lElbbGCxhycTZE1g+LYOVUzOIS7ChD7KjikrFe+Jsggs2EPEzkPClSwhftICQ2bPJnD6Oba+uoOboNvqu7KX38h6az22n5vhHNJ39gtaK7Zzf9TwvFuaRHmwkL8aXOal+LE6zMN7ux+YnCzlz5gwtTa20tbT/DpLhFerBidHa3PKrB7/5ISAPPfz/lanhcNDW2DjcAzg6Gut55H5THYPtDeCog4tnGTp2EM6ehCuX4HIVQxevMHTsLBw9C6fPwqVyqDjG/VP7GDy1k/vn9/D9tWN813CRfkctrY3DQEaQ/AGQ1prr1F2p+JdASgrCR1AMr1gRvwFSWhzzEJAjGxI4tjmVg5tz+aQghy9WZvLRmhk8U7CU1fMns2RKFulh3uQmRTI+OYbZuZlMykwkJyGKDFso8SH+2K1mEkItZMZGkBIZjEWvxGrSEqCWYlLJ8NUr0cjFwxNFLkYjEWLSKBG7OSMVuCN0GY23XIRJIcKsEKL3csEk9STC34SfWk6ATkWEn4Fwkw5boAlvuQQfhYQQHy1BOjmhRhVBWhkhRhXhJh1+chFBOgV6iRdqkQd6hQizTo5FIyHMIMdukpMV6UesXkK6RUt6gIocq4Ycs5S5dgvzUm3kxUSSmZhFcsp4wuzZ+IclERefyNJpGRRMzyI+MRaDNQ5lZAqGCTOxFmwgomg94asKCVu2jLDFiwieNZeM6bl8+Nqqh4C0X/iahm8/HQZS/iUVX7/A8wV5pFsN5Nt8mZ8ewLJMKxMSLTy9ufg3QB6eHr/geHBq/BrIn5kUf3pq/IyjtaHht0DuNdVyr72eweZ6hqovMnThOIMVZfx0tZyhq5eh8jxDFWcZunwerl1iqOYCQ5XHGDx9kMEzu/jh/NfcrS7lTuNF+prqaGmsGgbwM5LWprqRHgTS8jOQmtPf0FDyWyAHV4ZzaFXYCJIHp8mRoijKiqIoXR3JwdWRHC6K5XCxnSPr4jm4Jp6967L5ZHkSX6zJ5uN1M3i6cCkrZuYzb1wK4xNCWTQpjfGp0Uwfm8qs8ZlMSI1jXEI0cUG+RPkZCDGoifH3IS0yhBCTkQC9Gp1chL9ei04qQCt2RScV46NW4OU0CrnAHbNeg1LoidDZCbnAA7fRf0EqcCZIKyPMW41ZIcRfqyTMzxt/rZIgoxqzRk6QUU2IQYFB4olC4EGgWkK4UUWsvxGrWkaEUUu4QYNZKsSilaMTeyDzGI1S5I5JKcKiEhMboCLBW06in5IEbzlp/moyA9TkWjWMC9QwNdpCQV4m0zJTSE/OIiVjCuaIFGITEpk/KZnlk1OJi7dhtMajjExBlzedoJXrCCt6krCCNYQ+sYLQJUuxzllA+ox8Ptha+BCQjos7aSn/ktaKr2g9t4PyHS/y3IpfJsjcNH+WpAUyIdHCX7es5dzZcw8BeXil+i2O/w4grQ0NwzXWjdTeUMcjd1tr+KG1mqHmeqi5xE8Xj0NFKUOXvmWw6gpUXeL+tQp+qimH2itQVcFPlw7z4+ld3Du9k+/Of8P3VaXcbLhIR3MDzY01DwEZWbUcvwJSXUXt5fKfgbxB875naf7mSS5/sJhjf03n0IpwDq76ZYKUFIRzeHUERwojh3EUxVJaFEtJoY0DRfEcLbZxbE0su9ek8eW6PD4vHMOnm+ewYdkcihfPIjcxksmJoUxMCiM7NohJOankJNnITbaTnxTJjDEJJIX6kxRqJtsWQlJYABF+OoJN3vhpVATotciEbuhVEuRCN+Se7liMOjRiLzQCZ1RebiiFArRSCXKBO2J3F5z+9//CrNMQ7K0m2k+Dj1xEuFFLsEqOj0JCoEGDRa/GrJbjp5KhEwuQCFwJMKiICzIT7WsgzFuLVasg2s+ITuCKVa/EVy5EKxp+GeCrFGPViInxVhKjl5LpqyHNamBsmC/5wTrG+YuZmxBMblQws7LHMDFzDJPSMwm1JRGTYGfhhFRWTk0mPdmOtzUObUQK+nHTCHxiDWHFmwkpWEvIylUEL1lK0Nz5ZMzM54OtBdQc3Ub/1X30VO6m9cLXNJV/SdvFnTSXf8m5r19iy7JcMoJ9yI8xMy8tkMVpgeTFmYeBlJ/7ZXVqaR3B0dLU+hCOPwbx8PrU6mj83UbWpv+gB1E8WEdjPY/82N7Aj211DLbUQ/1lhq59C+cPQ+UpqL4E16/A9fMMVX3L/eul3D+zix+OfMp3xz7i+3M7uH2hhJtXT9FTV0lrYy3NDcMT5J9Ifg9Ic331QytW489AmnZtpPL9RRx9Oo2DT4Rx8IEzx0PrVVEUh4vtHC62U1oUy5GiaI4URnFgbQrbCzP4Zt04/vHkbNbNG8+c8Rnk2MOYnp3EotxkZmcnEGcxkJdmJznCQmKwH+PjQsmKspARbSUtykpGTASJkaGMSYwnQK8myFuHQSZCrxAhdh+N3MsVqYcrAqfHMSikGGQCTEoJWpEAg0SIXuyJr1KCTuSJUS4lQCPDZjESazVjVkoI0akwSIV4y8UEGjT4KCSYNQp8VTKUYgE6iQCLRkaC1YyfXESIQU2gRk58kBm122iCdQpMChFqgQtakTtBOhnBGgmReikJBhl2HznJ/hrGBmuZFKZlYriBKbEhzEqOYVpmFtnp40hJyyEu0c6yKRkUzkglOy0BkzUWTUgi+pwpBC4rJmLNJkIK1hC6YiUhS5ZinTefjFn5vP/aKqrLPqTvyl66Lu6iqfxLGs58Tsv5HTSXb+fMjhd4eukDQFItLEodPoM889f1nP3/FZCGPwTS3lDHI4PdrQx2NfNjUy2D9ZVQcw6unICrJ+H6GQavnebexf18f+ZTbh1/kxv7tnJjzzv0l33KzXN76b90lJ4r52ipvoyj9jqttZdpqrtOc301zfXVD8H451Rprq9+eIIcep2mvc/g2LmByvcXUfbUMJBDD4IojKSkKJLS4igOr4l+CMjR4hj2FcaxvSCF7auS+Gp9Ps+vmMKKGeNYMCGDKRk2JqREkhcbzPi4cMbaw1kxM5eC2fnMH5fCtJRo8uLCmJAYw7SMRCYk2rCZjQSopPirpWgELpjkQqTuTmglAoTOjyFwehyB0+OI3ZyRC9zxVoiw6uQEq6WEaIbzl3qicnmUIL2cAL2MtMgQLDoFFqMKs0aBRuiBt1yMv1aJwsMFo0xEmMkH4ehHMSnFRPjpseqU+CslBGkVWJRCMqOs6DxGEaiR4yMR4K+UoBA44a8WE6gSEWEQkeynIs5HToy3hByrgrEWGTMTw1mQEsXs1FjSk7JItiWTkpzA/LwEimemMD4zEd+gaFRB8eizJhG0pIjotZsIKygk7InlhCxeRPD8BWTMmsC7r6yg6vD79FTupvPCThrOfE7dt5/iOLcdx9nPObX9OTYtyhkBMjclgIUpAYyL9eW5Zzdy5uzZ/zSQVkfTQ/1ngYysUL/XAyhaGmpHaquv5ZFbtZXcqrnErdrLfF97gZ9qyxm8fpr7VacYvHaCHyoPcOvbT7h55DXuHnmbu8c+4W75QW5fOc3Nq2fovXKSjssnaLp6kYaqSppqL9FUU0VTTRXNtddpqr/6c9doqr9OU/01HDWXcVytpO78SWqOb6dh/6s0ffM0TTuKqXxnNseeTuXAqnBKiqMoK47maHEUZcWRlBRGUFocRUlxNEeKhg/nBwtj2bvKxtfFmXy9Kp6dxRm8WzSZDUunUjAvnyWTxjAtLYYJ8aHMGZfErKwE8mLDyI4KwO6rZLwtiMnJEUxPjWaCLZSsQG+STEom2EOwm9X4yTzRC5zRCVxQuI9G5emCt1yMzGN4zRK7OiFxd0bq8hhmmQC7SU2inw6bXkqE0otInQxvLxf8VVLsFhNRFh98tDJC/AyYFBI0nu7oxAIMUiEqgRveUjG+ShkKT2dMagkJwQEEaxRY9UrCDQqsKhGxvhpMEg9C9EosKjFGqSfeUk/8lF74yVyI91Vh95GSZNGQEaAgL0TNhAgf8qOCWDY2hdlZKYyNTyYzJYH5+YkUTksmPzMeszUGTWAchqyJWJcWEb1uM+EFxYQ/sYLQn4Gkz5rAWy+v4Frpe3Rf+ob2ih00nv6MupOf4Dj7BQ2n/sHxT7ewYX4WmSG+5EWbmZ0cwPwkM2NjTTz/tyc5d+7cyOvaYSRttDa30tLU8i+AOB7qPw2kseGXGuof6FeTo6F2pLb6Wh65Xvop1Yc/w/HtbvorT/Fd1XnuVp/jh+tn+f7aSe5WlnCn/Bu+P/cVP1UeYbD2HD85rvO9o5aBaxdoO3eY2rJvuHZsH1eP7+PKqQNUfbt/pOsnj4xUfeoY1SeOUH2shMrj+7lQ8jnlO1+l4rNNXPx4NZe2LeHbrRM5/FQ6B9bZKd2QQOmGZErWJ3JgTSxH18RSWhxDaXEMZUVRlKyOYd/qWPYVxvNlQRolaxJ5b1U2Hz27jHl5aUzPSuCJqbksHp/GxvmTmTsmjkW5ycwdm0CGRU92sA8TY4JYlJNGkllPVoSFRXnpTEoIJc2iI1olIMFPR6LFB4tciNp9FDKXx5C5OaEReaEUeCB2cULp6YrM9XHU7qMI14rJthoZa9GQZZJi10sI10gIVkuJNmkJNagJMRkI9FETZNTgLRKh9HTFRyFB6emK1HU0Zo0CrcgTjdgTP6WYUK0Cg9CVEIOcQKWAEI0XCUEmdB6j8JcLCFAICVCJ8ZZ6YJZ5EqaTkGhWkmJWkWySkWtVMT5IyezkaGak2lmcGceU5ARSk5NYMSWV4pmp5GXa8A+MQhcUhy49j8AlBURteJrw1WuJeGLl8Fus+QtImz2BN19exdWSd+m6uIu28q9oPPUptcc+wvHtZ9Qf/5iybZspnp1KZrAfedH+zE4KYMdFq34AACAASURBVG6SmbF2X154fjMV58ppdjT95lXurw/mD0+N30fwp6fGH0yJlobah+611dc+UA2P1J36hpoTu2g6f4i+q2e5ff0K3zVc44eGK/xQV8n3tRX8UFPBvfoL/NhUxY9tDdxpaaS/poq2C2eoPraP8j3/4PCnWyn95FVObX+LE1+9wfEvX+fY9q0c+/w5jn72LGWfPkPZx1so++gpjnywgbK3CznyxlJKX5lO6YsTKHsxj2PPj6NsSwYl6+MpWRvL4TU2StbGcaAomkNrhteog0WxHC6K4vDqCA4WRLFvdSy7VtjYXZDIgdWxbC2cwtOrZjMpJYYV41OYl5vGxgVTmZwQxsQoC6n+alIC1CzNiWP1hFTmpUWSHWgkRiMiQuNFtLeUtGAjuRFm0nzVJJoUJAfoCFF4EuNvJNioRivyRCcR4a/ToBR4IHQejdrLE4W7E95CN6J1YsYHqsn1FZPhIyfNT02kUkS4Xk6svwF/tYQwHy06sScWgxYfhQS5uzNakSdqL3fUXu4EGbXI3Z0xSAVEm42EKCWoPEZjD/QmSCXEohQSblSi8xiFn9QTH4kH/moxMuf/jZ/UnVC1gNRAHZlBGjLMEvKClcywBTAvK5kZSVHMzkglNyORFVMz2DA/g5kTUggMicHbmog5Zyphy9cQs/GvRBSuI+KJlYQu+mMg9Sc+obrsQxpO/oOasg8peW89q6YmkG71JS/KzJxkC3OTzIyL8+OlF5/+DZB/gmh2NP1pIC2NDb/bfwXIr9eqf9ZaV80jN5qbuNHcRLejnv6mGm631/N9awP32hv5qbWOwdZ67rU38mN7M/fa67nbUseNhuu0Xa+k/vJZairKqDy5m28PfMLJXR9w/cjX1J06SM3J/Vw/vpfr35ZSdbKEaycOcv3YPqrKdnP9yE4qj+zk0uEdVB75lIuln3Cx5GMu7dvGpT3bqNj7HhW73+bMjtc4/dnznPr0WQ5/sJ7Sp3LYW2AbPo+sCqOkMIYDRXHsXR3PvtVx7C+wsW5WDksnj+OJmfkUzxlL0ZxJTEuJZm6WnZRgLbkh3mQapcxPDmZGrJkpUT5smpPN5tlZLEsOYXq4L9PjQ7H7KpicFkman5KMQB2xBgk2fyN6kTsGqRCtWIhS4IFZq0Yl8kLm4YZG6IHYxRmjyIskHyUTrDomBGpJ0YtJ9lZglXsSbdLgJ/ciTK/CIPZELRZgUkoJ1KtRCdxQeLigErih9nLHolEidn0MH7kXNq0Ko8QDncAZq0aCWeaJv1xAiE6GzmM0gRop3lJ3Is1G1G6P4S9xIUztSbpVS7ZVSZ5VwbQob6YnRzMpPoLpqSnMSg1hweQs1s5JZmpuPIEh0RgC7OhTxhOyeDW2J58hsmj9fwik7vjHVB15n7rjH1NT9iEH31nHE5PtpFlNw0BSLMxLNjM+wZ+X/30LFeW/BdLsaPq/CuRfofiXQO4M9HK3v5c7fd1819fBdz1tfN/bwb2eDgZ7Ovmpt5N7PZ380NXG9+2N3GppoK+xjs6Gajobq+louE5b3TWuXzhL9aVztNVdo7u5ge7mBnpaGultdYz0z+vdzQ10O2rpdtT8UmMNXQ3VdDVU01l/nY7aKtprrtJWc4WW65U0nDtC+faXKNmYwJGiSEoLwyktjmF/QQz7CmLZW2znnYJsiuZMYGFeCssnZ1MwI4+N8yYyL8tOws+fEWT4yliUYGFNZhgvz8xg45gwts7P5rV5ObwyP5e/zsxkdoKFRenR5IX6MiZIz9ggHVkBCuK9ZYTp5QR56zFKvfBRSNBKRRiVMjQSIWI3Z/QiD1RCF/RiF6I1UnItOrKMUpKNQuK0IsIUQgIVQkxiN6w6OSoPJ/Qid3xkXoT6aAnQKkemiFrgilHiidbLFW+pALNCiEHoilkhJNRbibfQhSCliGC1CK3bXwhUCrCqhfhK3IfBCEcTqfUiL8KbsUFKJoZpmZVgZWZGMvnxUUxJiWFhXjIbZqUzL89OYEgEGnMs2pRcLAsLiH3yb0QVbyByxQoiFy4gdMFckudO4s2XV3O55F06LuyitWIHtSc+5tqR96k7+Qk1Rz/i4NsbWDohntRgHybYzCxMC2Bxui+5dn9efflvVJwv/8069U8gf3Qw/yMQv+6PpsZDWOrrH+7BdauuZqSW2us8cnuglzsDvdy50c+dgR6+6+/ibm83P/T1cL+/j5/6evmpr5cfuru409bAjZZ6epsa6G1x0NvaRF9bM10tjVRdu0T19cu0tTbS29VGf3cHAz2dD3Wjt2ukvr5Oen+ur6+b/t6+kW729HGju5cb3b3cHLhBf18/3Y5arh3+kv0bsyhdHc3B1REcKrLxzYpodq6I4rOibF4omMnc/DSmpEawbv4UiudMZlaGnRijjBijjOwgIzNjzTyRYuWFyQk8N8HO9qKpHNqykC+LprJlbCRvLRzLy3OyWJ+fwLKMSApzE1ieEc70CAPJ3iLSgg34SNxICrMgcX4UX7Ucg0KKj1qBRiJEInBFLxOiETjjq/QiSCVkrK+GDK2QNB85dp0Uf4k7fmJ3TOLhP5RSezpjlHgSqFOg9HIjzN8HldAdrcgDg9gDtaczOqEbfnIvtJ5OqNweJ9ggJ1QvR+PyKP4yd4I1Iry9RhOiFWPVSFC7j0LnOQqL1BWbVsjESD9ygtTMSbAyJz2eWVnJ5MWFsWB8EptmpbB8ahIRUTb0/rFoEnMInP8E9k1/I3rNRiJXrCBi0UJCFswnef5U/v7qWi4f3kb7pb20XPiGhlOfU330Y+pOfEr10Y/Y//d1LMmPIzPExBR7AEszg1ie6U9+QiCvvfLC/1Ugf/TgP3i9ua7u4eprRvoNkFs3+7hzo4/bNwb47kYfd/p7uNXXzZ3ebr7r6eZu93B3Oju53d5Af3Mdfa2N9LW30tvRSk97C50tDmqrrlB3/SqdLQ66uzvo6+2iv7/nDxvo72Ogv5+B/n5u9Pdxs7+HWwO93L7Rx8BALwM3hrsz0MeNvj56Hde5cnwHe5/K4FBhCAcLo9i7OoZ9hfHs3jSWbZuX8PSy2SzIiWT1rFxWz8xjcnI0SYFGwnVS4v11jLFomRdnYUNuDLufnEvZ88s5+2oBe4om8dWK8Rx9ZjFfFUxi57rZvDIvm7X5cSxJsvK3GRmsTA5iQ04sE4MN5AT7EO6jxk8hJCrAhNjNGYNCikmjRKdTYJCLMcmEaBVemCQCwsRupHiLSDWKidEICRA7Y/JywcfLFR+hB95SAUr30ZjkQtRiDzRSAX56JVK3UehF7uhF7ijdRw//2a7UE72XC3qhM8FaKVHeagLkHvhJXIn0VgznoyJAJcYgdMXoOZpIlRcJRhljgrRMCNUzLzWa6ekJTE6OYmFeMhtnJFE4K53o6BiMAbGo7BkEzl06AiRq5cphIAsXkbJwBm9t3cDlI5/QXnmAlgt7cZz+itrjn1F/8guqy7ax9401LM6zkxVsYmpsAE9kWlkxxsLExCC2vvoi5y9U/E8CMsCtmwPcHugd6bu+Hu709XCnt5vb3W3c6mrlVlcrA61NDLQ3M9DZzEB3G32drfR1ttLZ0kh9zVUa66ro6Wyhr7eTgf5u+vu6GOjv/t1uDPT9qW7e6Kd/oJseRwNXj33JwY0ZlBREUFIUzcFCG/uLEvi6OJNXV01hzvgMVkwdy9KJWSzITWViYgTT0mKZk5HChNhg5iSE8sr0BMpfWc7V9zdwbmsBp19exZX3t3Dm1WIuvL6Wqnef5MIbRZQ+u5R/rJrCmjHRrBsTxaZxMTyba+OZPDu5gXrSzCrizBo0Xi4Y1QoirQEYFWJUXu54K2T4KOVoxV6ovVxRuI3GIPIgSOpMqlFOsNSJIOFozEIX1G6P4yPzQunhgkrogU4sQCVwRSVwQ+7pgpfLY+iFnvh4DcPwkXig9XRC4fIoPhIPgvUKAlVe6Dwew0/qRrBWjJ/EFZtJjVUhROsxmgCRMzblaNK8haQavZiTEEReoo206AgKJiSxdkYmT85OJjMpHlNQNEZ7BoFzlxO7+XliN2whdlURkUuWETJ/MenzZ7H1tQ1Uln1Cx+WDtF3YR+PZHdSe+oK6b7dz/chH7Hm9mAXjYskINzEpzszSMUGszAogPzmIrVtf4lJF+QOfZzwM5M+cM37TH0D4IywPgvh1LbXVD/QAkDs3+h7q9kAvt/p7uN3Xza3eLm71dnGnZ/jnzd5ObvZ2caOngxs9HfS0N+Oov05TQzW9Xa1/COPGQM8D/eeBXDv2FfvXp1FSEM6+lZEcKI7jwPpUdj2Zz+b541g+PZ/5YxPJjw9jvD2EFKs3dn8dqQHe5ARq2Jhp5eiWWdR9sI7G7c9T//nztO7cSuOXr9G6803qP3uJun88z+V3NnH+jbUcf+EJ9jy5gI2ZoTw3MZGtk5N5aVIcq8ZEMC3cyJgADUkWPUaxBzqhO1I3J8xaNRaDDqNciszDFYm7M0qBOyrP4QO4yWs08QYRIXIhFok7Bo/HUbo9il7khkrgil4iQCtyRyN0Q+o+GrXYA7HL42i83PGReKD3csEockMjcBn+Or3n8KHdXy5A7zkaP7k7vhJXAmQeRBukWDVijB6PE6l0IdUkIckoZGKkicXjM8mKt7FwbDxzxqezID+ZrAQ7+oBQtLHJ+M9ZTMLmF0h88lliVhcTtmQpoQuWkD5/Fq+8so5Lh7fRXrmftot7cZz7mrpvt1N/+kuulW5j12uFzM+JITPczOQ4C0vHWFmZZSE/2crW11+i8nzF/zGQ5ob6kf7bgXx3s38EyS9Yernb38ft/mE4twZ6uNXXxa2+Lvq6Woe/g+Wopb+nnf6+Lm4M9PwGxc0bvSP9V4BcKdvO3rUpHFwZyr7VNg6sSWTPmlS2rc5h06KJLJ8+niXjksiPDyPRoidUIyRYKyXJR83kUDUfLEyn+r31tH3zBn0l7zJQ+iF9hz6k++A2eg5+RPe+92jZ+XdqPn2R6x9s5upbazm8aS6Vb29mS24sz05L4osVebwxJYnF0UYWxlnIDfYm3k+N3mM0BqkYmbsrJpUCb4UMvUyC1NMdofNoPB9/DIX7aDxc/oLK1Ql/qQA/oSuBUmf0nqPReI5C7emEyssJheeo4X/o4OWC3NMFiYcTYoHzyAQxCF1ReLig8HBBK/LE6OVCpI8GncdovGWuWPUStO6PEqZ0x+arwlfsTpROiE3tQYpJRk6wgRkpUUzITGNKajRj0tJIS7AxIS2VyDA7PhEJhM5cRNpTL5G44RkiVxcRsnQYSNq8Wfz7S2uoOPQOrZe+oeX8zocmyNWSD/n65VXMzY4mMzyACbYA5qcGsDjZh7ykQN5885X/aUD6+G39D/TL9dsD/b/bQG83Lc0Ompoa6enp4mZ/z8iZ4sFu/MsehPELqoEbPfT1d9HVVMuVo9vZuy6dg4Ux7FsRTWlxHF8Xp/LhxnkUzc9j6dQs8qOCSPTXkhRoJEwvJUQrwip0oTjVwokXFtK953VuHP2YW2WfcOfEl9w+sZO+I9vpP/IFfaX/oG33uzR+uZXWL7dy/d0tXHpjLWf/fQWHn5rD03kJFGWFsG3+GF6eHM2MCCOL4wPICzGS6KvAT+qKRuiBWiRELfLEX6cYPmQL3ZG6ueAy+i+IXZ2QujghGf0oKrdReAtdCZQ4Y/B4DJ2nMzK3UagELsjcRqEVuaP8+Zrg8f+FQew5fBaRuKPzckLh/jheo/4NrZcrRpEboXo5atdH8ZW4E6DwwiR2xiJzI1InJkjqRqDMBbvGk7F+cqbZA5iSnkaOLZqMtFRibZmkJSWQmphIlM1O8JRZ2Dc+i/2pZ4ksKCRi2TKi5i4kfuEsXn5xLef3v0Pr2Z04KnbRcOYrqk98RvWJz7hy6H12vlLAzPQwMkO8GRdlJs/mzwSbP9lxQbz795e5fKGcVkcjzQ31/yUQf7p/AeHBmuqqf7eW2uvDr3l/U3//7zfQ80v93dzp7+Z2fzc3etrpaG2gvbme/p52bvZ1D0+ZP10vt/r7HuiXezdv9NLf30VPUx3XSr+gZF0mh1ZEsWtlFIfWpfD56iyeWTyeZ1fNYWJiKKlBRhL9tYRqhBgFo7BqxIQKnXl/YRa1Hz/FrbJt3Dm5nR/Pfs2P53Zz9+w+fiwv4ebxXQyUfUlv6Wd0HthGy1dvUv/xi1x9ZzMX31jL2VdWcnTLUl6dmsHaDBtfPjGFp3NjmRVjID9ASW6QjkRfJValCJXrKLRCd+QeTgRoZAToVKiFAmTurng+/igaoQCZuwsKD2fkLo+iFzihEzijcnsclaczEpfHkLo+jtx9NBqhGyKnv6D0dEbl7oxJLkTh9hi+EncMIjckTn9B5vLY8L8SEjgRZ/HGIHBC7zmaML0Ui8yNUJWAUIUnYUoPYtTupHoLWZgayqKcVKakJpNjjycqKoPw2HFEx8QTHZdEYP5U0tf9jZSnnieiqJiQ5UuJnLOAuAUzeen5Isr3vkXbuV00X9xN49kd1Jz8nNpTX3Dl0Pvs+PeVzEgPIyvEhzFhJrJCjWQFG8iMCeS9t17l8oWK/zlAbnXW8+tudzkeqOmXun/bre4mBjoa6HJU0emoYqC9gZs9bdzqaedW78Pd7Ot4uN5/1vmrHrjX181AXyc9DbVcPPI5BzZns2dVJF8X2dlZlMyXG6fx1NKJLMtPxW6UYvNXE6kTESB1JUwvRe3+OOnecko3zaBt1yvcPfkZ35/bxb3yPdyr2MePFw5z52wp3505xK0Te7h1Yhc3j31F26536dr1LtXbnqPqgy1ce38zFa+sZE/BFHZtnE9Bajh/n51OcUoQRckh5JkkjAvSkuQtJ0YrxSh0w1smQuk+GoNUiFmrJlinI0Cnwenf/h+83JyHPzeReiF2d0bi9jg6oTMy18dRCVwQOz+KzG0UUtfHkbo+PjxZ3J3RCFwwq0QYPEbjJ/VEJ3BF7emMxmM0BoETBoET/nIBvhJ3/GVuhGlFBIidCVd6Ea3yIkzqRKpZQq5FxtyEICYkxJGTlEpsQirRCWMJDE/AGhVP1Mx5JBRvIXXLC9iL1xG1fDnR8xYRt2AmL/6tiPK9bw8DufALkJqTn3P54Htsf+EJpqeGkBMWQHaYmQyrkfRAPZkxVj54502uXLz4/ymQpvq63++Bh/3PgPhdIDcdp7jpOMXNptO/5Dj/u91yXBrpZnMlN1p+rrmS/roK+usquOm4xEBr1Ug3266PdKu1ZqQbbXUPVM/NtsaRbrU7RrrZ0cStjka6667gOLWDczvWcW5bIcdfW8CBl2ez941VbF4ymcmpkcT5KYjzVRChERCkEqD3GoVW4MLMGG8uvV1Mz8G3uFexk58uHWDwwj5+On+AH8+Xcu/yKb6/dIyb3+6j99jX9B/9is592+je+wFtu96h4fNXqfrgGa68sY6LrxZRunEOW+eM47n8RF6dmsr8cD2rkoKYbtUwJUhPgklKqE6Iv8B5GIpcjEbihZ9SjEUrJ0ivROTyOFJ3J7ycHkXu6YJC4IrnqP+NUuCEUuCEzO0xFB6jETn9Ba3IHa9R/4bI6S+oPJxQuzthVggxid0JkHnhLXDGR+yGQeSCSeZBtK+WAJkAk8gNi1xIhF5GiFxAtEaAXeeFTe1OXqiGuUmBrBxnIyUxnRhbBgm2dIJCU/CPiMY8Pp+kNZtJ++srhBduxLZqJRGLF5OyZDZbXinizL53aDu3i6YLO3Gc3UXtyS+pPfkl1/a/yyfPL2dKShg5EYHkRASQHuxDWpCe9BgL773zOpUXz/+pt1MPQ6h9oLpfAakZ6T87JX6do/b6SM01VTzSV3eMvrpj9NUe/6W6o3/Q8Yfq/bm++l+uDTSc5EbdL/U2/FK/4/QvNZ6hv/Hsz52j31H+u/U6zjPQVE5v3Sk6zpfQcvpTuk5/zvUDb1G573WOffEKRXPGE+0jJcWiI0onIljpiZ/MHYXboyjdHmPd2DCav3qem8c+5t753QxePQyVhxisPMxPl45y7/K33L96hu8rjnC3/BA3TnxDz6FP6d67jc4979O+622avniF2vee4uqb6zn/8mqOb1nAK5PiKUoJ47mJicy0Klls82V2uDfjApTEGyXEaMX4i93RuI8a+cq8WSUZ/sRcp0Ir8kTl5Y7Syw2puxNC58cQOf0FsfOjSFweQ+4+Grn7aCQuj6H0dEbh4YTc9XG0ni5oPZ3wFroSqpVjErr+v9zdZXxU5/rv/24pxRPi7gYJMYK7S4u3QBVKCy1SZJdS3IonSAQIECDu7u5CfJLMTDJxV6RUodD9OQ8CkwmEtvuc/Tvn//o/eL/IrEmetPd3ruu615q1sNVTw0xdHkPl4YzVUmKioRZ2BpqM1VDCTk+N6cZaLBqrz/JxxkzTlWephTqfz7Vm73tzWLf0bebMXsjixctYvPA9TMdNw+a9j1lw8DQLTzkz48hZJu3Zy8Rde1ixcxeOl7+jIP4ObYWRtJRF0VQQTl1uMLU5QQhj3PA+v4v1b09l7axJrJk1gRVTLHlnvNlfCsjrK8X/o4A8rM/mYX02j+qyZGQP6PvazD/0sCaDB9XpPKrNlHpQmyEjU+phTcZLMgdWm8ODmky+r07jQVUaD8SpPKxKoTk/mursQLwvHuDjhZNZNsmct62NmW6ojq2uCvqKQzFUlcNSVwW3rUvojL3KL3dDeFaewDNxBs/Kk3lans7jsgx+LcvjcVkePxem8UN+Eg+yo+lJCeZeUiDdcZ48SPSmKciZVv+L1HmcocrtBKXO+8ix/xqnD+ezc4YZ5z9cwHobHb6abcn26WNZY6nHXBN1ZhtrMl5HGVPFYVjoqjNGWw0LXXXsTAwZb2qEtYEupjrqGKgrYaCuhMaoEajKDUVLUQ51uaHoPm+5dJVGPj+nIoeRsjw2BpoYK41gvIEWE/U1MVeVx0pLGVN1eax0VJhgqIWNrhqWmsqYq8oxxUCd2aaaLLUxZMU4Q5aYKrFuvAF7V89i94cf8PbCFUycsZDVi+eja2HNuNVrmLt7L0tPXWTGvsNM+9cubLdtZ8G2zZy+eIC8GDea8kJpKo2gOT+ExtxA6rL8KI+6jsfZr1j/zjQ+mDuVdXMmsXzyWN62M2HZ7PG433b9LwSk5qV26n8yIHU5PKzL4UVQXvagLmtAD2uz+F7Gg7osHjyvRt+/9N4LD2tkZfCwJv01+gLyfW229OcH1ak8qE6npyqZJkEMwnRfTmxZzafzx/HulDHMNNFghqkWFlqK6CgOxUhJjgl6SoQf+5R7SW78kh/Js8pU/l2Zyb8F6fxWmspTURaPSzN4UprJTwUp/JiXwA/Z0TzKDOdRRig98d50xrjTEXOLlmAXmgMuU+t1lrIrB6hwPUjOua3Yr5nO7unGHF06kc/s9Flvo8/nUy1410afOfoKTNVTYpK+KqPV5LAz0ma0hhLjTY2wMdJjtKYatiZ6jNXrvfv7GH2t3pCMHILKiMFoK8mhrSTX+5VeNQX0VeR75xHlkVgbqGGlp8IUE03s9JSx0hyFhbo8FuryWGspMsFIHXN1+d4Ko6OKnY4ik3VG8e5EU5aO1eEdc1W2LrHh7NaV3L6wj2un9+F8ZAenD3zF8eO7Oep0imPXznPQ6RS7zx9i25lv+frUbhzdvqMg7ib1dwNpLAikIdeP2ixvqtLcEUQ64m2/gy/enc76t6exbp4d70w2Y8FEfZbOH4en+w0EAgFNjTU0N9bS3FhLY0ONVEPjwPoHokb6hbzmOgktdbU01UtoaKj8S6Fo7reVK6G5ukpGpVSTRPzfDcj9Pw2IbHV4XTheDkiWTEDS6BIlcl+SSkt5LMI0P/a8P4/1c61ZamvAnNHaTNBXwURNDpURb2KsNIqpRiqkX97N92nuPC6M5mllKs+E6fxbkMKT4kSelqXwpDSNx8VpPMyJ5UFGFA/SwvgxO5J7KQHcT/TlXoI3XXHudERcpz30Cg2+9tTcOUXlzaOUuuwl69xOnD6YxZGFVnw9w5xvF4znPTM11o83YtVYbWboKjJJW4FxOspYayljZ6DFWF0NbAy1pffQGm9mwDgTPUw0lLDQ00BPWQ4NuSGojhiMuvwwNBVGYKyhJB3gDZVGYqg8grG6ytjqKDLP2hg7PWUmGWlioSbHFBNtzJSHMsFAFXNVOaw0lRivp8IMEzUWjdVmmY0hK6y0WGWlSvTVbylMuIE4w4+KuNuUxN2hKNkLQWoQpSlBFCX6czfOl7w4H/KibyOId0eSG9B7P97iEFoKgmi8G0B9rh+SlNvkhV4m3O04wc778bu4B48zO3A7/QU3z+4gI9ILSWkOzbVVtNT1aq2TSLXUVQ+spkaqqbaahro+rTU1tNTW0FRX85eqxP9nA/KgOu0vypDqDcaL12l0i5O4L0mlU5hAUbQb+z5cyEczLVgx3ohpRqpM0FNBS34ICkP/iZGqMlMMVbh7/QCP0j14WhzL08oUfhem83tFCk9LEvitMI7HRUk8Lk7mh7xYfslP4IesKL7PCONBWhAPkvzojvOkK86d+3F3aAtxoT3EiRa/S9R7nkXoeogi+53knt6G35YV2K+cyoklEzi8ZCIbbXVZZarKu5YGzNFTxlZtBNMMNZlqrM1YLWUstVWw1lVjtJaK9ILFyWMMMddS7r1dkKYyhsoKaAwfgo78CDTlh2KsoYSJpjKGSqPQVxiOkfJIrDTlmWSkzkRDNWy0lZhkpImNthIT9JWx1hjBZEN1bDQVsTNQZ4qhGvPGaDPVQJkVljqsH29IzLUDFCfdoKMiii5BJF2CaO4JE+moTKRNnEirKJ42cQKtolhahLG0iRPoEMbRWRFNd0UUHeVRtJdF0l4WSUdpFE35IdTl+lGb4UV1mgeSVHckSbeoSvWgJjeE5vIUOirvSnVWFUi1VxUNqE1SItUqKaG5qlSqpaqElqoKWiSV/5cCUpf1ige1WTysy+wjO3vUZr4UEFkyAalJ7fOHAUmXejHX3JekrX8gvAAAIABJREFUc1/S+3c9lcl0CROIdjvJ4fVv8/lCO96x1mOGkQZWmoqoDBvEqGFvYaymynRjVQrcDvNTjj9PBfE8Fafy78os/i1M5WlJAk8LYvn1bhy/FSbyc24Mv+TF8SgzgvupwfycG8W9JF8eJPnSE+/BvTh3uiJu0BV+jc6QazT7XqTe4wyiK/spvbyH9OObSTy4kWPzxnJgjhVfTTZh+xRzVpppsMxCj5n6qtiqjGS6sQ42uqpY66hiq6/BBFM9xmgpY6quiKWOKtPGGDLRWBs7fU3GG+lhY6CNobI8uooj0JIfhqGaIqYaKhipKaAx8i3GqMtjra3I3LF62GmPYqK+ChZqI7HWlGeinhJTjTSYpK+OhYYiE/SUmGGixkxTLdZMGM0aczV2LZ2IMM2LLmEsnRVxtJfH0SNK5r4wiQfCJB6IkrkvTOS+KJF74mS6hIl0ixO5V5nAPXE83aIEesSJ9IgT6RIm0COMo0cYS9dznRWxdJfF0F0eR3tFAh2iJDpFiTKSpDpEKVLtomQZqf0J06RaRam0inNoqiqlqaaSpuczxB8FpE8VTdVVfV8TfyUgA1SK72szZPS1R7LH+7dEGf2ry2vapb9aQe5LUqVePt5TmUxPZTKSnEBibp9myzsT2bxkIkvH6jJFTw1TtVEoDH0LuSGDMFFXY6aJKjnXDvC4MJKnFYk8FaXxrDKbp4IUnhQl8KQgnt9L03hckMiv+Qk8yorih+wofsiO5kF6OA/TAnmQ5MuDRG/uJ3jTHXWbnig3uiJu0Bl6lTa/i9R6nkN04xgljt+Qf3Yb6cc+x2vTUo7NteKbmWP50FKHt01UWGSiwUxDNSboqjJJXx0bbRVsddWx1VPBzlATS1213m8HaigxfbQ+c82NmGyghYnicMYba2OiPAIzdSVMNZTRVRjeu+WrpoCO/FDM1UYxXkeBZbZGzDJRZ5qJOuN0FJmgp4yNpjwWqiOYYW6AmcJbzDLTZI6ZNpN1FFhno8mHtuqIk2/TUhRClzCOjvIYukXx9IgT/kDSgLpF8TISpbqECXTK6HqNztfoqIiXEUuHMFqqrSKaNmEijeK7tFSLaKqpokEmJL3zSJWU7CDeq5KGajEN1WKaJP29MVD79J8HJF1aPe7X9p8v+s8gfcf/akBe1lOZTLc4iabiSNxOfcXHsyz4aLo5q8YZMdFADVW5QYwa/Cbyw97CSFWF+Ra6ZLoc4ElRDL+LknkmTudZZTa/laXwrDyNX/Jj+bkgkaeCdH7KT+Cn/AR+yIvjXkYE9zMj+T49iJ54L7pj3XmY5Mv9WA+6I2/SE+VGZ8gVOoMcaQ64QqOvIzV3ziK6dogih93kntxCxM73uLJ2JvtmjmaTlRbvW+mwxFiV6ToKTDdQY4qeOhN11bHTU2WikRbWOqqMM9DEVlcdG20l5o41ZLGtCVP0VbDTkGeqoQYWKnKYKY3ERFUOM/VRGCgMY7TaKAxGDcFcXYFJOorMG63DXBMNJukoMF5LnpnGGkzRV2G8riK2OkqM01VljpEq49VHsspKi88m65PhfZbKVHc6K3o/8XvECXSLYmXEvXbx9/eagLzk5fD85wGJkmqviKCjIoYmcc7/fwLysr8SEGl7JUqkVRDDxW/Xs2aKMR9MMWOVrRHjDFVRlPsnowYPQn7YWxgoKTLbTJOYMzt4WhLPv8Up0oA8qUjlt7IUfimM51lZBk9K03hSmsajvDge5cXRkxHBj/kJPEgN4Mf0ILpj3bkX78X3Cd7cj7nNvehbdIe70hXsTEvQDVqDXKn3vkytz2XKb56m2u00BWd3kbjvIyJ2rsFp5VS+njyazTZGrBujw1xjTSZrKTHdQJNpxtqM19fAWluVqWMMmWSiyzhdFcZpKTDTTIPltibMM1Bjmp4y79iYYauugKH8EMzVRmGlpYyVljJjtZTRUxjJZAMNFpjr8Y65DkutDZljpskUPUUm647CWnUYk421sdRVY/FodWYaqbPARIUNtppEOH9LbsglOiti6RLG9QZEHCMj9v96QGR/v39AEuioSJTqqoijqyKZVnHhfz8gneJkOsXJdItTBtRTKSt5QPeqUrhXlSYjVeq+JF06ZPfOEb36t16vryj9AiJJpUecRJcwgbaKWE58/g7b3p7AZ3MsmT9GAwsdZUYNfRP5wW+iOGwwGgpyTDbU4OaeT/itKJynolSeVWXxtCqbZ1WZ/CJI4ml5Kr8UpfBEkMUvpdn8UJTJD0UZPMyJ7W2zUoN6r/ZN8uZBog+PEn16wxF5nZ5wV7qCr9AeepXO8Bs0+rnQHnKDJv8rNAReodrXkco75ym88C0RO9/H67NlnFw8nq8mGrLOQo1VVnpMM1BlqrEGE/TVsNVRwUxVATsDTcbpKDNZT5UZhmrMM9XkbUs9FpqossBYg8Vj9JmgLs9Y5eFYaShgqjQUC3UFTFXlMVQczHg9ZeabarPYTIullvpM1pZjnrkWk7UVGKc1ijHPr/R9Z4w2cwwUWGmuxNnPl1CScJ02QQTdolh6xHF/UkFk3/srx+PpFsYNqH9wen+3Sxj3kvh+OiviZMTQJkykXZRPs0RIc62ExpfnDplBvKlaQmN1tTQcL+aNgbzRUBBGQ0EY9TIaCsOlGovD+hRFSDUVR9JcEiXVUhot1SqIkWov7x36OiripT+/rKMi/rWfHP0IE2gTxNBaGk2LIJzLu9eye/lkti22ZeFoNax0lVGVG4zcW/9EafgQ1EeNxEZXna+WTORJSUy/gDytzOBxeQq/liTymyCDX4rT+bk0m8cV+fxQlMHjkjR6UkJ4mBrEo4wgHqb50xl9h4fxXjyMc6cnypWu8Ct0BzvTEXqFtiAXusNv0BbkSlfELVpCb1AfcIWGoOtUel4g7/JB0h32kHBsO2G7N+CwYg5fThrNEmNlFppoMl1PmUn6qkwx0cZGWwVLTSVmjTZgkrYCU3UVWTBak1U2xrxrbcDqsXosMlJjotoIJmjKM15bkdEKQzGUG4ylphJmCkOZZ6HPDANlZhursthChxl6ikzWkmeyriIzzDSx1VbgndGarLXTY4WZAofXTCc/wonGwuABwvF/HpBXF7yMfv+Pe4+9aPX6RL9WR3nvDNImvPvfD0hFqgcVqR6Upw2sIt29T5r3wNK9EWZ49Un3kRJleiPO8nlFZbavDD8qs/ylJDmBUtW5QX1yAqnPD6Uqy5+8SEcu7VjNrnfs+GqxLcustBijOhzVEW+hoSDHyEH/QH7wm5hrqTHHYBRPKpJ4Jk7jiSidZ5IcfhOn81SUzm9lKTwpTee3six+EeTwqCiT7wvSeJgdy/20MB6mBvFDZjBdCV58n+xHT/QdOsOv0xXpQleYE51Bl2gPvExXyBXaApzoCLlOe0hvONoiblMdcIOaoOuUuDtQ6u5Irqs9KY6niDm3lzu7P+G7VbNYbzealZYGTDdSZZKeMtNMdbDSVsNGW5U5plpM1h7FbCMVlpjrstbWgA+tdPl4ginvmGkwQWUIk7UVsFUdyVQDTcYoyTFaeSSWGqOYoKfADCNllpjrsNhEg4VmmkzQGMk0Y1VMlIczT1+R9+20WWYkx/b5FhRGOtNSEkZHedR/VEH6L/gYGXF/sOD7yLZPr//daDqFUXQKo+ioiKK9PFKqozya1oqE/5mAiJO9ECd7IUzyQJjoQUWCO8LEO1Qk3B6A+19WHn/nFWVxt6UEsbf6xN1CEH9bqjTupoxbUoLYW5TH36Ek+iYpbgdx+dd77Fw6nq0LrFk72QQL9ZGojxyM/KB/MGLIIIYPG4yu8iisVIbwiyCeH0sT+E2UyVNxNr8J0/hNmMavZck8FWTxa3E6P5ek8HNxCo+LU3iUFUV3UgD3UwJ4kOTL/QQv7kXf4kHMbbpDXLkXfpWesCt0hlyiI/gi7YEXafW/SLu/E63+zrQEu1IfeJW6oBsIfa4g8HQmz82BtCtn8Dq4E8cvPmL/qgV8Nmcc708xZ7mVHsut9VlgpMFsfXUWjTVhjIoCk3TVWTJai4maCiww02aVlRafzzJly1QLNtgZ8J6FGtM05DCWH8YYlVHYqsoxRVcFC6WhzDbTxmz435ipp8g7Y7RYYKDEXFN1ZpiqM05TAVuNkay20mKZiQJfTtWjKMqFpruB9FT0bvfK7mR1i/sqe6cwgU5RjFT/UPw1HeVRUv3CInO8SxgjrRJd5VFSnTLnXdrLIukQRNIpiKVZmPNSQPrmjoHOdbwIwctbu41VIhoqhf95QAZa9K/zSghib1Ea4/YX3ZAqib4pJYh2ozTqJgWhV0m8vg/Hnas49MFsti+w4oMpJoxRHYqO4jDk3vwHI4cM4p//+BvyQ95knJYcv0uyeFaVyeOKdH4tT+eX0hR+KU3lUWECPxen8WtRKj/lxfEoK5JHWRE8Sg/mfpIf9xN9uBfvQU/MLXqibtAV7kpnsAs9YVfpDnWhI7g3IG0BF2gLuERbgDP13hep83OiytcRoY8Td2+cx+/ANg6vWciWeRPZNGs8a6fZsHrSWFaOH8NKa2NWWhuz2taUhUbKzNFXYJ6ZJrNNtbBRGcFcEy3mGKoxz1idlWN1WDFGjU2TTNk114otU4xYMVYdC7WR6CsMQ1NeDl25IUw1UMVadRjzzHUZrzKMhSbqrLDUYckYTSaoDWW8xgjstEaxaLQaH9npsHmiBlHOe5Ck3qa9OJTWojBaCsNoLQqnrTiCttJI2gQRtAkiaS/rv0D7LVaZBd4/BH0tUddLC/51OgQRr9VZFinVIYigUxBLizD3/21A/qxCvK5aDFg1ZMW4IYjuUxLl2ifyhpQg8gbFYdcoCr1K0o0DXP1mLSc3LmbHIms+m22BteYItEYOQn7QP6UBGf7Wm0w10eCZJIf7+VHUxnnTkhpMa0ow93KieXg3jnu50TzKi+P7tFC+Tw3iXoI3j1J8+SHZm/vxnvTE3KIz/BptIU50hV+hI8iRrhAXukKcaQ+8QIv/eVr87Gn2daDe+wISD3sq7pwn8fw3uG5bx465tnw+ZTQbplnyrq0JK6yNWTfRjO3zJnH245X4HNhKrP1BQk/u4drm99g124b3xmjwjokK80frMFFblWVjdVhgpsGyMTqstjBg/QQ9ds4cw+EFNuyYbsJcQ3XGqimgrzAcjeGDUB36T8zVFbBQGcYMA1Uma45knqE875iqscRIlQVm6pgrDmGKjgKfTNBh8zhlbu1ZS3H4ZUqinSmLv4Ew8U6f5DsIU24jTnOnMt2jv0wvKUm2j1RNrp9UbZ4/dXcDpBrz+jTnB0q1FAS/orUwhLbi0N7njxSH0lYcSltRn9biUNpLommu+B+oIKIkd0RJ7oiTPRAluff/j/LcwGGREX+rn/I4N8pib1IWe5PyODepF8fKYm8iiHV7bWUpibraJ/q6VPHz0BSGXyHD/ThOu1ZzftPbfLXImr2rp2KnK4/KiCEoDxvC8H/+nTf/9jf+8fe/sXLmRERhboSeP8TNvVtw/Xoz13ZvIOrsXjIuHUDoe5XmWB+60wLpSvKjPcqde3GefJ/gTXe0G92RN+kIudY7lEdcpTPMhY6Ay3QFOdHqe4HWoEs0B1yk3tuBiiuHSDq+BadPFvH1PGvW2hmyxEqP1TamvD/RmvfHmXBo+UwS7Q9S7OOMMPIWVdHeVEZ5UR56m3wfJxIvH+bKxuVsn2zManN15huqMU1HjZXjjHnPyoC1Frp8aGfIJ3YGHF42jX1LxrF+gh5T9JSx0lZBa8RbKA5+Ew25YeiPGoqthhLT9DWZoaPMElNV3jFTYraeIhO15BmjNJx14/X4cqIaLl8tIuXmUbJ9zpHt50B2wMU+gZf6yQ12lMoLduRuiBP5oc4UhDlJFYY7UxThTFGECyXRVymJuSZVGn2V0uhrCGJcKY13RZBwnbLEG5Qn3KQi0Y2KRDeESbcQJd9GlHybijQvKlI9EKfeoSrtDlUZ7ogzvKnODaa6MJQGQTLNwjyaJJUvfa/8xeUkla94ed5orBL1P1Yp4o2BwjBQOMrjb/2h1wVEEHNDql9AZI6XRl/vRzYg/Y5HXqMkypW7IU6k3DiA886VnPxkLkffn8mR92cx1UARDbmhqI0Ygtybf2fo399gxD//juvBHdzYuxnHr9ZzbtNaTm18l0tb13F03UIcPl2J65fruL5pNZEHvkBw/RQ1/s60R9ygM7JXR5gr7cFX6Qh1piPUmfYQJ9oDL9MeeJkmH3uaAxyo9TpL6ZXDROz7FMcPF3Bo6VS2zLLmXRtjllsasnysAbvn2BJ2dBt3rxzj7o3zFHs5UujjREnIDfL9r1AU5EpxoAvpN04S/t12Ln44n6+nm/OepSZLLDVZbKbOu1a6LDNT4bNp5mycZMpXMyw4unwKW6YasdJSl5mjdbBQk0dXfhjq8sNQlx+C2vB/YqIqxxRDDRaYabDERIk5uvJM0RmF6ahBLBujytezjXHatohM95NkeJ4m29+BLP8L/WT6OUhl+NpLpfucl8rwPSeV7nNW5rU96bJ8zpLu0/temu9Z0v3Oke53jgy/82T4nSfT355Mf3uyAhzICnQgL9CB3AAHcgIvkB3sxN3oW5QkBSLMikZSmE59WRFNYuH/cUD6EQt5Q3aRl8W5vUIQexNB7M1+c8HLBDIL/8Xi713orq9VGnmV0sgrUiURfUrDXfpEXpMSRFyjNPwaeX4XyfU6xs29a7DfuICDqyZh//kSFlvpoDFiEOrD30R56CCG/e0NJhlrEX1hH02pkbTnxtGcGUWy2wUubF3LgbWL2LlsDhvnjmfbgkkcWDqTU6vncHPLKtLt/0WtrwPt4a60h16jM9SV9hAnOkKdaQt2pDXYkebAS1R7nqHa4yTiWydIPPYlDmvm8O2iiXw2ZSxrbYz42EqfI4smc337Wvz3b8Jv3yYCDmzB89vN+O3fQsiRHcTbHyTe/iDJl46SdvkwSQ57CTmyGc+dazi1fAL75ozmkzGjWG2pw3ILdT6aaspaa13et9Jm80Rj9i2wZf/8sWyaYsI7VoZM1lFigp46eiOHozZkEDoKw9GUH4KewlBmGmuy2FidhYaKzDFSwVJ5CAsNFdg2RZebe1aR5XGKLO8zZPqc7xeILD+H3qryXJZvnxeBSfc5T4aPwysyfS+Q7nuxnwzfC2T6XiDL7yKZfhfJ9L1Aho8DaT72pPnYk+7rIJXhd4FM30tkBV4hN8qT/IQgyrPiEednUF2aT4OwnKZKkbSFenEB4v9OQBoqhX1EFbwhSPZDkOxHabJ3f0lelDxXnOhJcYIHJYlelCR4UpzgSXGCO0Xxsu5QGHeHwrjblMT2KYq+IVUcdZWiqKsURV6h8I+EX5UqirhGUcQ1CsOvUhDmTFG4E1k+p8n2Pov73ve49Nkczn8yF5dv1vLBBFM05N9CbeibaMoNR/7NfzBjrBEFoW78WpPPj6J8uioyac+MoDLWE0GQKynOxzm4cg4bJ1mwxtqIz2eOY8c8O65+upTko1up9b9IR9R1msNcaA91pjP8Cq3BjjT6nafR7zw1nqcocz1I2ZX9xB9cz/nldpxfNYWDsy1xfn8h3rvWcWfnx5xZu5gPbU15b9xoVtias3ycNQvMzVg0djQLzfVZaW3EzgWTsH9/Pre2rCJg9/v4bluF60fzOPWOHQfnWrBtojZrxqqy3EqTjZNN+cBKh82TzPhiiilHlk/li4n6rLMzYp6BErMMlbFQHo7yoH+gOXIIYzTkMVWXR3/EIMZpqbDMXIflZmpM1pBjkvYoNk3SIfjUp2R5fkeG5ymy/e3J8T0vle17niyfc1LZvhdlOEjJhqof3wtk+l6UyvK7RJbfJbL9L/erUNl+9mT4OpDhd5F0/0tkBDiTE3aLvFgvSlLDKM9JprIwj+rSYhpFFTRXigZc/L1ef5XugBXjedWQ9YY4Nx5xbjzinCQpUU4MouxohM9VZEVRkRlFeWYk5RmRlGVEUJYR3ic9jNK0UErTQilJDUGQIiM5sE+KP6XJfq8oSfKlONFHqiTeW6oo1pOiWE8KYzwoifOgOMqN3CBnUtzP4HHwI25/s4Y7336M8951bF8wHs0R/0BrxCDUhg5i5N//htxb/+DEto/4oTKX1owIqmJ9qY0LQBToSrrzCVIvHyPu7F5iz3xNzOmvubnjA46vnMapZePx3boMkdtJar3O0x7iQsfzkLSFONEc4ECN5ylEbkcpdtlLnsMO0r/bTNSetfhvW47P1lUE/OtDfL7ZwLE1Czjx8QrenTKB8fp62BgaYmusz0xbS+ZOsGWizXhmjBvPbCsrphvq8/5EK/YusOPq+kW4fLyAC2umcWqpNd/MMGDbNGM+Hq/Pu+bqbJtlxfvmmnwx2ZQDSyawZ7YF68cbscZKh0XGKsw3VsdMcTjqg/+JscIQTJSGY6mphLmqPJM1h7LEZCTLLDWYrD6ELVP1iL64lfQ7x8j0Ok223/k/CYjDgP63AhJwmSz/S2T6XyLL35HMQBeyQlzJi7pDYZwfpSnhCLNTkBTepVZQSoOod/G2SCppruo/ZLfUVEn9VwJSIyimRlBMdWmhlKQkH0nJXaqK86Qqi/KoLs5DUpxHVVEuVUU5/VQWZlNZkIU4P7MfYV5af7mpVOSmUpGTIlWek0J5dnKfrDipihc/Z8ZSlhZJWWo4BTG+pPpcIuDsNpx3vsutfRu5fuQzDqychbHCIPTlBqM+5B8ovvk3lIe+xbppY/ihJA5x0DWSHY5wduMaNsycxIbZU9i6YgG73n2HQx+uYv97C7H/bDVRp78l3fkgedcOUX7rBNXe52kMukxHWG9I2kKcaAm8QJ33GYQ3j1By9RvyHLYTf/AjArevIHDXWgL3b8T/wGYufbaaoxveZaKeMtpyw1EaPhQFOTm2bfoM1VFyGOtqY6LR+/2P8XoqTDE2YomlOe+PG83R1XO4+sUK3L5cgsMaO44uNGPfHDO+tNNlnZU2H9nosXO2DdumjOZfM835bvkUNo034NNxBnxoq8daS23sVIYxWlkOU4XhjNNUwVpLGcNRQxinOYpFRgrM1RvBKgtV9sw1IfjsZlLcDpPlfYYs35cC4nOOTO+zUrJhyfKxl5KdTWT9UUAyAhzJCnImO9iF3LDb3I3yoighiNL0KIS5KVQW5CApKaauopw6UQUNVUIaqkQ0SsQ0VIn+ZwPSKKqgQVRBo1iGqIIGUTn1wv7qhGXUCcuofYWA2goBNRWlVJeXUlMho6xPtaCY6tJiJKXFSEqKpKpKCvsrLpCqLM6lsjgXcVEOwruZ1JbkUZQSTUlyCMEX9+Nzcgc+320h/MIhjn00l0kachgrDUd35FuovfV3NIb8k/1r5vBzYSRFvo5c++wDNi+cwbfrP2P6+ImMMdRltI42Y/U0mGSkyea353PlX19w8+sNFHo4kHntGOVe9tQFu3Av/g5d0dd726ygi9R5n0bodoiia3vItf+CyP0fEvCvT/D95jMCjmzDc99mXLd8zBxddf71yUdY6mswe5wFg4cpMs92PDONNQjwi8DB1YXN69ZhZ6iDjboqayeP4/iHy7j1r08IOrCB29uWc33jAhxWjuPoXGPOL7Vi6wwz3rdQ59NxhmyaYMT+xePZPWM0exfastFOmy8mG/DVDGPeGaPL6FEjMR7+N6w1lbHRGoW1+jCs1RWYqSXHYp2RrDBR4vByG5x3vUPSrWNk+TmQ6XuRDL8LpPs9nwV87En3tifd63wvn3OkeZ8lzfss6d7nSPM+R5rX2efHzjx3VuZ3en8v3eccGT7nyPB1INPvEtlBzuSE3uRutCeFcX4UJYcjyIhDeDeVysK7SEoKqSkrpU5YRr24nPrKCuqrhNRLRDRUi5+fCe8LwqvD+asBGWhb98X8IRuOBlEFb0jL1EuaKkWv6DfAVAqpF1f0Uycqp05U3v+48NWg1QvLqaso66e2XCDV73hFCbUVJVSXFVFbVoy4IJuKnFQEaTEk3Lbn+v7N+J/fRdSl45zZtIil5joYKw5Bb8QgNAf/Hc2hb3J60yp+KYklz+cyG2ZMYLqtDbqKIzh0cB/zp0/h7IWLyA8ega2hCePHGLPn43c5/tFyfL75nLxb58m9foqa0Gs8SPHhfpIH9+Ju0hbs+LyCHKb4yh4KLm4l9uinhB3dStDhrQQc3sqtPRtYZ2vA5sUzSQr1YbKhJqssVJimPojtEzVYaWdC3l0Bnhcvsm32PPYunMeRNUu5setTgg5tIuLI50Qe+5zY418Qtu8TfLcsxem9CTgsHcvhuRZsnWzIu+YqbJpgxHorTb6ZM5ZtU035cpIBu2aNZvd8S6apj2K8mjJWikMwkx/CZH0VbNRHYq0mz3wDZdaaq/OuqRL7ltrgfmwj6X6O5IS4khPmRnbYDbJCXXuFXCM7+BpZQVd7BV8hM+gKmUEuZAa5kBHoQkagM5mBTmQEOpIR4Eh6wGWpNP++nzMCHckKvkJuhBtF8d6UJIdSnhGFMDse8d10qgqze7uY0mKqBSW9a0JU3ruAX1SO5+ForBl41+rVkLxuTqn844C01VXTVldNa63kFbLl6mV/ZVfgxV7ygGF7Xrn+jGyAqp8HqDw3A/HdVKJunMfv3D5ib50h5PJ3nPtiEe9Z62GmNBgThSHoDP0HakPe5Pr+L3lSnkR7ThSHNq7BRlcDb4djdDXXcuHEUTbPnIqOmgITjLXZOMWW2EB/UgK9sN+8gqCju7h7+yLiMDe6k314lBXA/RQvusNdaQ64iMT9Oypd91N8YStJZ74k3vEAcRf2E3ZiJx+aa3Bk7mR2T7Xj4mcfEObmxtuWY5ihOYrZY01xOnmWg5s3s2PlYs5s+gCXHR8TfPALEk7tJO3cTtLtd5B6djtpZ7aTeHwzcQc+wW/r27i+PxmXlRM4/Y4N26bo86GFOlunmLB9shGHl0zkqynG7J5pxucTDHjPWJXP7UxZpK+IudybmMkPxk5XDZORg5h1B0uuAAAgAElEQVSjp8AqEyU+HKuM85YVhDgdJzvCh6KkcAqTIylICqcgKYz8xFDyE0LJjw8hPz6Eu3HB5McHcTc+kLy4APLiAsiN9Sc31p+8GF/yon3IjfIhJ8q7T6Q32ZFe5ER5kxvlQ15cIMVpUVTkJlNZkEVV0V2qigupERRSU1ZCzfNQvPjAfbGIm6sraa6p7DsBWNc/DLKPL+h7jMHAu1h/KSC9T+CpeekZbtUD6vfl+tr+WmsktA4UpurKPpLX61fBJH2aKkU0iXt7w4ZKEfXCcmoERVTezSDR24X4WxeIuHGahFtOOO1eweczzbFWG46Vxij0h/8T5UH/wOvkHh5XpCIM86LAz5XaaG9i7E8Q4nSR8uxs3rZVZ8tEQ76aqMv7Uy3JS04hKyYEj1Pb8Pt2CxFn9lIT7U5Hih+/FkTyKCeE7vAbtAa7UO1+iirXgwgcd5B+4StSXA4T4/AtUad3E3JsG6HHdhB0eDtu33zG2fffxmnbZxxYsxzHLz/k3CerubrtU0IO7SLyu69JPLuHdPu9pF/cS47TAXKd9pHvvJe7l/eQe2E3mae3EH/oI0J3r+D2JzO5/v50zi224ssJ+nxqpcn+hbbsmj6a/QusObp0PAcW2XLpvZlcWTuDXVONmKY2HLNRg5luqo+F4jBmaMnxrqkiG2zVcPxiGQkeLpSkx/XOhnmZVORlUJ6XTnlur7KcNMpy0hDkpFL2nCAnhdLsZEqzkijJSkKQmUhpRsKr0hMQZCQiyEikLCuZ8rsZiIryqCor6q0QwnJqhL0dR4NISEOlmLoqIXXP26nGarH0ycnN0rsl9mqtqx6YTED6zyQyAZFU0vSagDSKhbzR0dxAR3MD7U31UrLPNh/oOecDaa/v86Iqva4y/Vl16ud5eJoqRdSLhTRVCqkRFFKZk0FutC+pfq7E3rpI0u1r3Ni/jm+WTWKGvhLWWiqYyA9Ga+gg3I/v5nFlJg+L4vm5PJWKcDdKou7ge+gbrn67lygvHw5/+gHHNrxPkMM53PfuIuncIcpunEcSeJXcm6eojb1De0oAjwsi+aU4ie4oN7piPaj3PUflzSOUOe0i79JOUi58S6L9XhId9hByZBOBBz4n+NBmIk9sJ/jAJlIc9hBy8DOSzu8h/MiXpF/aT9ql/WQ4HiLv2nGKrh+nyPUY+VcOU3L9BOVuJym/cZzSqwcpuPQvMk5/SdyhjwjevgL3DfO4umYKF1dPZMNoeb6002X/fCt2Tzfm2FJbzrw3ncsfzeXO5iU4vjeJDyy1GasynDHyQ7BUHMwMrZGsH6vM9pkGXP5yKYFO3yHOS6c8JxVxYR7i4j6iojxERbmvJSzM+UOigjxEBXcRF+ZTVVKEpKxE2jbJtuQvPs2bJGLpnNFQLR7wFqLSO7K/5nmDsgHpC0rfXNIkqez1vKtpFAul/0orSGdLI50tjbwISq/6AbU31fXzuiDJhkWWbKDa6mVCVFfd7z5HAwWpd4dCQoukksqiPBrLysgM9yM14BbpoXfIDPTC89hGTn2wgFU2ulirj8Rc/k10Rwzh0u4NPBZn8Jswgx9Lkvi+II6mjAC6MsJJuHCC0+uW4bjpExw3vMvtLe+SaP81yY4HSL/+HXk3zyIOu0FDsi+tyV48LY7hWXkO92I96E70pdbnPJJbxxFd3UOhyx4ynPaRffUIGU6HiDv3NakX9pFk/w3RJ3eQcX4XKWe2kn5+O5nnd5F94V8Uuhwg1+UIBa4nuHvlGMXXTyLysEfseYFq70tIPC8gvn2GsmtHEbgcIP/CbtJPfUHC/o8J3r4C788Xceejabisnsg3k3XZaKnG/vmWHFpsifPHczm/ejKO78/A+aM5bLIzZJqGAqNHDWK2kTrLxmjwkdlITqyewJ0jW/G/fIw6QQGi/BzERQVUlRT1U1lc+Ide/hvZ9ySlJUhKS6gpE1Bb0bu582KmeBGCF9/ok7Y+Mq2UbDj+6gM5/ysB6W5rprutma7WJqnOloY/9Up4Wvp0NtZJdTTUSrU29ZE93tZQS0tjjZRsqFrqq2WCU02DqILq0nzaxBIKk6JJD/YiOcyDyswkvE9sxnnzu6wbr4+dxghsVQZjpCjHmS/X8aQyk98rs/mpJIkfihLoSQ+nIyuKuqQgquICEfi7kOF8mKKbZyhwPET+pYPUel2iMdSd6mA3OlKD6cr04WlxNE8FeTxM9OVeShC1vg7U3DlBpeteSq99S8HNoxTdPkn+zdMUutmTd+042S5HyLlylGznk2Q6niD3yncUuB4ny/EABa7HKXE7Remt01T7O1IfeIXm0Os0Bl+jIfAKDf4uSNztkdw5h9D1KKXO35Jnv5OcU1uI+/ZDwnauJujTWQRvmo/LqgmcWjmV9eaKHHnbGscPZuC6fi6nltlx9dPF7Jtjw1wNRcaMepPFFjosMlDgkzEjObBkLK6Hv8L30jHKcjOpKimksrSY2vIyqZoywZ+qFpT2ey3797UVFdRWCKkXiWisrJTOEy01VTTW9Xnxgdgq00L1roH/LBz/vYC0t/FCV1vrK7pb+/QPUeMr+lehV1u3P9LWWEdbY13/J5M29FajF9WkrbaalurenrG1WkJZegIpwT7kxUciyogh0uUYF7atYvM8S+brKzFVTwVblWGc/+oTntbm86wyh19LknhSFM/DnAg6k3xpiLhBle8lyu+cRXD7DILbZyj3tEfsd5WaEHeaY725lxPFvbuxPMzw57eyZJ6Jcrgf70VnvDe1vg5U3z5O1c0jiFwPUX7zOCU3TlHidh7B7cuUuTkg8rpEmft5KtztEXk4ILx1jirvi0i8LlLrfZkmf2fagq/THnKT9jAPWgJv0ux/jUYfZ+o8L1PreQGx22kqb36H0PUIxY7fUHB+J2nHNhK//wMid60g4IuFhO9Yhvunszi1xJLtE/Q4tMAS+1UTubVpIacWj+XwPCuWmqhhpTScKTojWW40ki/GKnJ8qSXXvv6Y3EgfKotyEBXlUFVaSHV5KbXCMupE5a9s7ffbhRQOrLZC0Ls9K+wdtGV3oV53W57+d0zsewBO/3VR1/9ptq953HPf45yr6b/lKxMQmR3blwf0emE5b9zr7OBeZwc9He30dLQjG5ju9jZ62vq8qDYDkQ1OV0uL1J8F6M/C1NFQS1tddb8Wram2itZqCTlRIeQnRCDITKE4KZyYG2fwObGdHUsmsMRIkVlGioxTHsKtw9v5TZLLM8ldnlRk8KwslV+LkvgxN4oHaUF0JQZyPy2MrqQgepKDaI7yoDs5mB/yYnmQE8/PhUk8uhvLz3nh/FuYyZOyHB7EetIZ40m9b++FilV3TlJ5+ztEd04jdD+P4M4FRN5XENxxROzpRL3fVaq8L1HjfZlGPxfqfB2p93Gk2d+F1oBrtAVepyP4Nq3hnrSGedAafIsmv6vUezlS43GBWk8HJLdOIXQ9Qqnzt5Rc/Jr8c9tJP76RhH3riP56NeE7lxO9ZyV+Xy7GceV43L5YxCdjR3Dl4/lcXjebvfMtWaInzwIDJeZoj2SF3lC+GqfCyWWWXN6+jvLsJCQlBdSUlVJVWkyVoJiaCsFrt/VfqK18vReDdkNVJY2VVTRLqmmpfn1FeN3C/28G5EXlaKwS0/g8IC9C8eLfVwLyclBeuNfep6e9pZ/XBUW26si+N1DVGShAsgGRbdPamutoaayhuaGatppqsiKCyE+IoKoon5LUGJI9LuNzahd7V85gwxRT3rFSZ7L6cE5+tqL3Rg01BTwRZfO0PJ0nJan8lBvL9xlh/JwVwb3EAB6kBHEvOZhHWTHcz4zg+7wofhHk8VNBEj/nRfO0OI5/i3J4UpbLgxgP2sJvU+9lT5X7aarcT1N55xSVHueocD9PhcdlKrxcEPlcQ+TuRK2HC40BV2gOuEp70HVag67RGniVNv8rdARcpyvoFt3B7nRGB9Ae6UNHuBctAdd7q4jXReq8LlBz5wyi60cpv3qAMse9FF3YSd7ZLaQdW0/cvrXE7H2PmG9WEvTlAhK/WY3vJ7O59t40vpqgzwYbbd41lWeDnT4rTZRZZ6HDJ+ZK7JqozvElZoQ47EOQm9m71VpWSoNIRK2wjOryUupE5a+cca6X9Kmrfr36GjH1NWIaJS/CUUNrTW1fIF7qGGQXe1tDg9R/OyAvwtEgEw5ZL87XvXG/q5v7Xd3c6+yS6unofI2Bq8zLBmrVXtbZ2vJ6LS10NjfT0dRER1MT7Y2NtDf2huhFG9ZWKyE1zJfCxCgaKkooS48jN+QWES7HOPv5SrbOs2aBsRoLTVT5ZLoFj0WZPK3O51nVXX4T5UBpJo9LMvklL5afMiP4MTOCR+lh/JAVzf2MaH4sSOOXkmx+rSjkh+IUfiqM56kok9+r8/itJJ0HCQE8iPOi0d+RGvcTSNy/Q+JxGonHWaq87KnwvIjIxwWRhzM1Xi40+12j1c+F9oCrdAa50h7gQpu/C51B12kNvcO9UC9aw73oSQqjKzaI9hBPWgLdqPdxot77ArXup5G4995ZXuh6CKHLPkovfU2Rwy5yT28m7dh64g99QNDXqzmzYiKeWxbhsnEBX1qo86GVChtNFVlrNIrP7XTYMsWAHZN02GylwO7JahyapUPiHRfEd3OQlPRuu9Y/rxrSYVoipr6fvoA0VFe+lvRO6bU1NNfW9rZLLy/qhvp+D9J5QTYgL+v397KtmMzrP64gYmlVfLlqvDiRXS8s540H3T086O7hRVBeDkt/fVXmjyrPnwVooBDJBqS7tVWmResLS2dLo3Re6WqqJzs6BGFWGg2iMsoyEymNCyTo0hEctn3AroV2vG2qwkorXRYYyPNMnMXvtYX8LsnnqTiXxxX5PK0R87Mgn1/yEvkxO46fcxP4KS+Bn+4m8XNRBvdzkvi1LJ+fi1J5WprC75XZ/LvmLo+L0niQEMD9WE8a/C5T53mSqjsnqHI/RbXXOSTeDoi8L1PpdxWhhyMS98s0+rjQ4utMZ5ArHYHX6Ay6xv3w23QG3qQz0oe2SG96ksNojwukI9qPjjAPmvxcafB1psHnIrXup6lxP43k1nEqXQ8hvnoAocs+BJf3UODwFdlnvyTpxKcEHFrJlxPtGDl4EJbqyuxcNp9ZZpos1FfiswmGbLBQ4kPDweydZcK3swzYM02Tg3P1SLjjgqSkgKriQqoFJb3nG56f/K0VlknnBqlqidQf3gdX2kbVDlgZ2hqeh6Gp8RUvPhhf9kdh+asBeXHeo17cPxiyV3nUlgsGDsjrdf7XAvJHgelpa+u/OfAiJM/br47mBlprahGkJSPJy6VeWEF5diqCpDACHY/jdmQH5z99m7WWWqyx1WORgRw/lST0qyC/CTN5XFnKk7Iifi1M53FRBj/kJvF9djyPcuK5n53Ab+V5/FKax495iTwpSuTfVTn8Xp3HL/nJ3I/3pyfanTqfS69UEImXPWIfRyQB16hwv0C150UafZ1o8XWmK/g63SE3uB9+m64gNzoDb3Evyp/O1HA6UyJpjPCkMfQ23ZFetAXfpMHXmXrvC9R7nqXm9glqbh6l6tp+Kq8dROiyjwrnbyl2/Jo8hx1knt9G+MEP+cDWgAkacmjIDeNtY02sdZTQGjKCSVoKbJ42mi9tNfnUfBRbx6lwZIEx++focDfCB2FhLg2iCqpKivrdq7axSkSduKJfQJpqavq8Jhz92qj6OtoaGgZe8C8C0dz0lwIyUEhkw/LnAemrHnWicmlAXr70qaaslDfudd/nXvd9HnT16e7skerpuif1cpV5fSv2qu72jn76v9f+l1qxrtYm2hrrelut2kpERXkI8jKpFwmQFOWQHxNETpgHgZeP4/vdv9gw24J14/SYrzcCSbQHv0lyeVxXwLPaYp6K8vm3pIzfa8T8XJLNr8WZ/JiXyPeZEfyYFsKjrDjuF2bwqDCdnwoT+a04nsfCdJ7V5PKkIJFHCV50RXhQ53ORas8zVN45SeWdk4g9zyL2uUBN0BXEfk5UeFyg1tOJFq8rtPk70+bvTE/odbpDXOkKvUF3xG3awr25Fx9CT2I4bWE+tATeoTXwFi1+12jyvkS953lq3U9Tf/skkuuHqXI9iPjqASqcv6XcaS9lTl9T6Pg1uZe+JuHcRlab6SI3bCgn9n3D/Z4ufvzxe9YuX8JoxREsNVHmvTGqbLBR41MLeQ7MMuTEkrHkRftSVVFOc3VV3/AqvSuhhAZJJQ0SCU01fa3SH+ltnRr7Pe75ddqbW/6Cpn4Bkn2u4cvBeRGSttperTW10pC8mD9kA/IiHLLXA764wHbAgMiG4o8C8jqyi1/29esC0tPR8ddasecB6WhuoLW6ipqyUsRFBTSIhVTkZSLKTqQgyo8ot0uEuZ5i62wb1k8xZfkYVeKcjvK0KodnDcX8u7qI3ytyeFaRzzNRCb8W5vBjTho/ZSXTkxLOw7Qo7qVE052dxKP8VH7MT+LnoiSeCDN4VpXN08Ik7sfcoj3EjRqvc73XY906hvjWMSrvfEel+2nK3E5S4HKQwovbKHbZj8TDnmYvB5q9L9Dqc4l2f0c6g67SEXKdtuDrtAbfpCXkNq3Bt2gJvE6TrwsNnhdp9LTnf3F33/E9n/v/x6u1dyRiV41Wa1ObFtV5Oo5Da68YiRWbiBAJQpA9iJgRO5LYm4Ts9cln7z2zY7XV5fH7I0RotT3ze87vj+cNEa0/Pnev63Vdr+v91h/civbgZvT7/FHFrEcSsQpZ1BokEauqErWawqg15ESu4ebOBYzu0JJGdV8j/epVCgRiisvvknEnlXea1+Wv3VvxaafmjH2zGW59WrJ8YCt8PujKzeN7UMtEVTBUVROyT3sIs06NUVP1LCmzVvuHQKqXO7+D48+heBaHxfyrCvMUyT8L5GU41ELBPw7k9/IikD+uNi8H8lxsZix6DUUWIyaFHItSgV4qQS0WoSjIRZmdivDWOVJPH+TqgVBi1y3A44M+TB/yJlvdvuJnRQY/aXP5UZrFY8kdfhbd4SdhJojTuZtylgcpyZRcOkbF5eNUnDtMxbVjlF88RNGFg3yfeY6fJLd5JEnlp9zrlJ/bg+3kLnSHA9Ec9EO+xwfJ7rWIo9YijFiDMHodWTuXc23dLG6tn0HBjgUodvui3bcZS/wOrPE7sBwJxnw0DHP8DsxHgzEeDcVwLBz9kWAM8TvQHQhAt38L2n3+aPZuRLXLB0X0GmSRK5GEL0cSvhxpxApEESsRRntVAdmxhKHtnGhQuxZxIUEU2+wYdHqWe8xmRCdnvuruypg3mvNpFyfm9m/D2mFt8R3TlbOxO5AV5GJWK6tGelRVOAzqp+/cUGPSaH6N4CWp6i1MLwXhsFir82eBPEXyYiX5Z4H8FoyneaW8tILy0gqeQnkxNYG8+PWaS7GaKXaUVKfU/ixljtLq1Px6qf3lgGpWnepm3WzGpJBhezJ6YtUo0IvFaHKzUOekIriazPEdq7m4O4w5o/uybuKHTB3Uhe/FqfyiyuKxLJ1fRKn8kHuVRxnneHj9NA+unuDehcOUJMRQnhxL0akIjHGBGPb5YU0I4WH2GR7LUvgh6zzf3zpFZWI0juMh6A9tQ7nXF/kub8Thy8kPXkp+yHKEoSsRhq7klu9sTnn8lXPz/kKa72ykketQ7w/EeHArpsPb0ccFoj8QgPHQNoyHtqHbvxn9garoDmxBHeuPeo8vmpgNyCNXIotcjihkEaKdHohDFiEOW4IoYhmSXV7kR67lzs4V9HRpTPsm9WlfuxZrZk3m04Fv0699E8Z0aclXvd9gWNtGfPhGE2b3dMZnZAfWjXqdCweCMCurJhWsWjUGddVyyqBSVX/gjGr1MxzPvb7ZWJ2nVeNFHC9WkL8fyLPv+xU4o7k6v9WLmLV/XEGewngOSGHePwfkZamJpSaKfxZIqc1GkdmM3WjEolHhMOgoMRsxq+WY5HIsUhHSjGuIb11iv/8y8s8ew+OjAexe5caMoW9hSznN9+IUfhKl8LPgBt9nXeDb1NPcu3yUivOHKDkdg/VoCKZDgah3b0AasprU1dP4/uZJvs04x0/iWzzKOs+3N05Sfno3tuMRGI+EoD6wGcWeDUgj1yCOWos42ht51Dpyti7m1oY5JHpO4KTbx5xyG82NVRPI3eKBNMwLRfQ6NPv80cRuRBPrh3rPRjSxG1HH+qKKWY9itw+K3T6odq9DGroc4c5FiIIXUrjTA3HQfGThS5BHrUAStQLJLi/yIr24tX05vVwb0ap+Hdo2rEvrenXo3qwhQ1o78WG3Ngxo1YD3OznzUedmzOvtis/IDniP7MCZ2ED0MgVqoaAaiFmrxahWV1eFpxXkRSA1UfxZIH//Eut5IM/9t/6FQNRCQdWFvsICVILcZ0Bq5mVY/q+BlNntFFssVaX0SUkts9sxquVYtWr04gKkmdeRpd3kYmw4t0/F4jfjS+J8F7Hs8yHsWzWT7wuu8nPhDX7IucjD26e5d/Uolef3U5K4C8fxEIyHtqCOWoc4YCEZqyZzccnXPBZl8KP4TtVbcTMv8uDqSUoS9mA9Ho35RDTaw0GoD2xDGeuPeu8mlLH+aPb4kxe4lMzNntzYuJA7m9xJXjyOw9NGkuzxCSle08ndshBxyEqk4WuQRXghDV+DJGwV4tAViEJXIA5bgTBkCaKgRQgC3ckLmIMgcC6infMQ7fRAGuaJPGoFipg1SHZ5kRuxhuuBK3i94Wu0bFCP1nVq8Y5zU/q1bMKHb7ZjUNtmDGrblLED3uGTrk6493FlzbDWbBjTietHIlCLxBjlUrRSMaYn5xYmjab6Q2fWaqs/eC8D8rJ+438RiLIg57eB/FkkfwSltLiM0qLS38xzWBxPkPxWnsNio9hqpdhahcRuMlFksWDWqLGolWiEBQjTUlDn55KWdJS003s5ErCW8IUTWfxxf+aP7MmDvEt8l32WH7LOcu/6MSovHKAkMQrH8RCsh7aijlyLwN+djJWTuDL/Cy6tmsYv2kJ+VOXzsyyXHwszuHsxnorzhyg6F0/R5QSsCfvRxoWh2huAKnYjsqi1KKK8KQhcQlaAJ3khXmTtWEb69hVc3zCHI3M/5eSMD7m0aCxpa6eSuWUeWQHu5AYuQLB9AcIdCyncvoCCbe4Its1FsM2N/C3TyfWbiiBgJuKguUjCFiOLXI5y12oUMWsQRq4mN2INl/0X4dKgNq4N6vFmk9q826oxwzu1oLdzbfq2asigji0Y1K4543q2YV5vJ7yGt8FzYBsu7gtBLRFilEsxq5XolArsJjNmnR6rwYjNaMJqMNaIuTov3aEyWrCbrH+Y55Zbv/M9LwL5TZR/AsjTcxC9XIJWKq7uP57DIchHXfCSCvKvBPKyPuX3K0qN1ABSbLNS6rBXbfk+ORupWm5pKTYZ0ImFKAty0UvFpJ87xe2EA6QeicHz0wGEL57MwjH9uXMgkAeZyTy4cZzy8/spTdpF0YlQTAe2oApfS8FmDzJWTeba/K9InPsxN9a781Bwi18UufwkTONRzg0qLxyiJDmOissJlF49g/XUHtT7dyCNXI9g2xIEWz3J37SA/C2LEISsRhjpjSDSm/xwb7J3LOf6BjfOLfobR6eOInHOx1zxHEvK6klk+swgc+NMMnxnkO3vRs7m2eRsnknOlulkb55KxoaJFO6YgzBoHrLIZVXVI3o1ypg1yGK8yQlbxS73r3FtVJdOTerTq2V9BrVtxtDXW9DHtQH92zenm3NtBrVpwtR3OzC/nzNrRrzOrN4u3DgcU3Ug+ORimlGjwaw3YNLpf3sJZbBU5+VArNhNtj/M80Be/j3/WiBydLI/AJL/n6ggf3Lp9WeAlNhtlDrs1YeJpTZb1SiKyVQ1/KauOhuxa9VkXEwm7/IZ0k/FsWn650Qtn8mB9YtYO2kMZWmJVJzfT8XZWIqOBWM5EIAmwpvCLfPJ9JrGrYVjueDxOTc3TEO+ZzOO80f4LvMC926e5sHlw5SfO0RR0l4cp2KwHItCtc8PSYQXWZvmc3XJRBJnf06Kz2wEwSsRR/sg2r2Bwt3ryQ/3JjdoJXe2zCdl41wur5nKSffPODLlPc66f8aNFd+Q6j2ZLL9ZFGx1Jy9gHvnb3CnYPo+C7XPJ9JtG4U53JBGLUUSvqAYi27UKUdRqssNWMWf0YNo0eo2eTeoxtEMzhrZ3optTQ7q2aEjvdk50d67NiLYNmNrblQXvtmTp0A787c1GXDuyB3l+Pka5FJ1MUvWhMpowaLRYDMbf/PA/Tc2l0P+HQCqpyn8WSKnjhbwUSHGNOCix2ymx2ymyWChzOKp6ErOJIosJvUKKrCAbh16DOP02qsxU0hLiORvmS+jiyZzctgaPzwaguhjH/cuHKD4ZijUuAF30eqSBS8hZP5PbK74hdel4UtZOpTBqNfr4YMrPxVN+9SiVV45QnhiJ40Q0thNB6A5uQhS2nILt88naPJcLnuNJXedG7rYl5IetQbTHF+EunyocUd4URHgjCFtDVuBibgcsJHXjHM6t+oYzyz5n76QhHJgygktLx3J73RQKtnlQuHMRgqCFFAYvRBA8n4Lt7ohCFyOOWII8ajmK6JUoolcjiV5FYfhy7uxYSnfnxnRqWpthrZoxon1zhrZvwdsuTXi9eSPebtWU3i6vMbp9I2b1a8OiQW2YP6gDE3u35HJ8LFqhCKNChlGpwKhWYzOZseifLKmMJmwmS41Yq2M3P8uvv+clMMzP8u8BYvgdIFVPMqkC8uTUXPgUiKAaiCovh1fKS+9SlX+ukvw9jfuv8ntAXrrcslNssz9p4O1YdDrsei3y/FxsWi16mQTJ7SsIrp3nTPgmts36lEM+8wmcN56DfssoTzlN5fkYjIc2YTuwCUXwcrLWTyd7w3SEOxcijfRCGrMB6+kIyq8epeJWMqU3T3L/+jEcJ8KR71xF/kYPCv3cyfV3I9V7Mun+s8kImENB6BKEkV7IYv0o3L0e4e71CCLWUqnsAlgAACAASURBVBjuRX7EKrLDllGwYxE5wYu45TOdc6u+4fzScRye+wGJ8z4hZe0U8rZ6IAhahCjUE1GoJ5LwpQhDFiEO80QWuewJjpXIo1aQH74SUfgSEtbNpVX9V3mn6Wt82LU1Q9u1YECb5nR1akCrBrXo37YZw1rXY3CbBkzr1ZLZA9rj9m475gzuxPWEOKxqNRqZjGKLBZNGg1VvxKo3YtbqsRstL60aNT/IVvNv50UoNVH8o0BehGI1mqr/zlWpMcj4ZNSk5hzW03suNauHslCAsiAPZX426rzM/10gpY4iHBYrJXYHxTYbZp2WErMRo0KKRafFoJKRe/UMijvXuHYggn0+C0gK9edc5CYC5o5Ddu00pTeOUJIQijluM5qYdYiDFyMKXox810oKQ5dQGLYES3Ikd1NPUnk7icr0JEquH6X0SjyOxAjyw1dx028OV31mcdN3FtmB7hSEeCKOXI0kej3i3RsRRK9DvGs9osh1SCLXI45ahzBqLYURqxEGrGHjX0czvPlr7J/1ATdWfkWi+6dk+LlRsHMRhSGeSCOWIQlfWrWdG74EacTS6uohi1yOOGwJgrBl3N7izrQhvXjTuTH9nOsy+g0nBndoQc9Wjenq1IAuzevTp2UTeraozciODfm8UwPchrzBtHfbMmtgR0zSHOQCARqZDItO92RLV1/9YftvA/KyreWaQGpWkJpADIrfAfJkaaXKy0SXe+1/F0gVDDsOy5MxFIsZs1qJXafBqFWjU0gxFGYiT7lI5umDJEVsIePUQU6H+LFt7t84Fx9LaXoSFWeiKUsKw3I0AFOcL6q93qgPrCd7+zyyts3GfCaChxmneZB1jkeZZ7l34xQlF49SdCwMdbQvivC1iPbuQHs4FP2hrch3eyPf7YNstx+ymE0o9vqj2b8Fzd5NyHZvQr5zDRlLpxP34Ug+6fk6g9p2YNvQ4Vxa9BXXfCZzbslYsre6Iwj2RBi6BFnkciThS1FEr0QasfQ5INKIZRQGLyJnx3yu+M2hY506dGj4KsPaNeGD15vSw6U+Pds2pXPz+nRqUoc3XerT06kBE950YlSb15jYry3TB7/BuB7O3Ll0CpVEglIsrh4pcZjMGNVaHCbL/ySQp2MxJo3muXsgTy+A/RYQlSAXdV4Wqtw0jDlneKWirJKKskrKSp7lHwXyhweNNZry3wPzspP4mnk6z1V1wm6kxGLCZtBSbDZiUqlx6LSYFTJEKZfITTpI9tmjpB/dzbXDe9nnNY/jQRtJTzrC3dTT3DsfS/HpUKzHAzAc9ke7fz0FO9xJcB9JXsgyfkhL5se8m3ybf4X7WWf4MeMcpVeP4DgTi+1kJJYjYZSdjqH0eBTWmEDM4ZvQbvdBuckL8Yol5M1zI3PaRDImjOfOxK+46recm/uD+eT1NmwfPYp0n0Wk+kzjps9ErnlPIjdwPoXBnojDliIJX1IdacRSZJHLkUetQh6+DFGoJ7k7PMgImIPnmL641K1Nx4a1GdWhIaM6NaVTswZ0c6rL641fpV3zhrzTphFDXeoxvE0d3mtXny/fdmHOiK588o4zfbp0QJmfhVYixaRUYVQosRvNT/4lNmCrAeT3Gu4/C+RP5QWET///VsPzQJ47ya+uHobfAVL1hBydTIJW8jwQRUFe1RIr7zbWzORnQJ5Vkn9NNflPAnFYzBTbrNWzOg6DkWKDHnVhATZ5IQXXz5N74TjX9u3CmJvOQV934rwWkHn9LMbb57h7LY7Sc7soSwzBejQA/UFf8gLncst7HEluH7JlWDeO//UvOLb4Ytm+lbs7/HD4+OLYsAGH/waKNqxGs8QDw9IFKKdPQfrNeATjxlIw9q/c/uZL7nzzBbne85BlXyYz6SDXY3dweas3l77+mqxlSyncvoKMzW6k+k3juvck8rZ7IAxZjDjME1Ho4moc0oilSMKXVs1ghS5BELSQ9C1uJHtN4aM3mtK8di1GtGvCx52d6Otchz4tG9PTpSmvN6xNN+cmdHZ6jS+6ONGr+auMaFuP9zs0YvyAznRrUY+3WzUhITYMq0aLWaXGIFdg0uiw6Ay/WmL9p4DUrCzPcFj+EIhFZ6gGYtJoqipiDSB6uRT9kwNRjUT03PJKUZCHIj8XRW4qpoykZ0Aqyu5VpyaKZ79f+d8LxGqjyGanyGbHbrZQbDJj12owyiToCvMoTE9DdC2ZpMgtCK5fJCnIj6MbF3PjRBy5V5IpvnmEskt7qTwTRcnJIIxxfsgjl5Kybjw3fCaiitlAwhcf4d+jG2VZtxFvXI3GaxmyRXNQuc9C5TYVwfi/kvflZ2SM/YzcGV+TNXsCBcvdKbx8BO2Zw+Tu3k7B+VPknj7OSfdp3JnyNdcnTkcUthFR6DJyd8wl1X8GtzZMIX+HB4XBCxGHeT4XSfgSxGFLEIctQ7hzIVkBc7jlO5UDc8cwe3BHJo0ZiPfEz9njt46CG1eJ2+GPa/1XadGgNp1b1Kdn24b8pUN9ernUZWjrOrzrWo8RXVrh2rg+fds1Zf64D1EWCjGr1Dj0hueA2Izm/9MK8gyHBcvvAHmGQ199X+W3gDzd4tWIhc8BkefnosirAmLMSq4J5Pm8rIr8vVXluWngorI/BaQmpJdhKbE7qqeEq4cZrTaKrDbsRjPFRhNGuQyTVIBGkI0yL4OcpHjSTuxHfv0MySEbuRW3i9wLp8lJOEbR1T08PL+fotPbsRzxRx2zgrytMykIW1T1erXYIBSLFmHMvUNmYjyVJg2G43v4Nuc6jsvxmAI3ofFyR3v+CIa0S6guHEV2fBfywhyUKde4HhvE7cR4xMd2c3X8F4jmLaBgnTeikHWIwleTF+TJnc2zSdsyi7wd8xCHLEAc4oEkdCGS0EVIQhcjC1+CNMwTccgi8gMWcNvfjYs+E9g79wMWjerG7TMJZF++xPULZzEqlMQGBtLitVdwqluLtg3rMLCjMyPaN6Bn89cY1LIWg1s3oWuLhrRvVp/ebRvz+dA+5N1OxaJWYzOasBlMmDS6JyMcL5x9vOxffbP9T+XvxfKyCmIxGLHozZh1Jsw6U43l1TMgBpXqN4CI0UiEqMWFKIUFz1KYWx1H/o2XA/mzSP6vgPzWrNbTbd8ii5VSc1UVKTXq0AgLMMrEiK6eIyv5JOo7N7hzNJaUI3tIS4gj8+huUmK8uX/zFBUXo7Cf2o5231rEYQuQxqzAdjaKB1eOc29/LMbLp8m/eZmHxWVYRQLKlUpMOinGgjwEyYexKmRoZDK0MiEFl89gzC9EkX6buDXLSF2+CNFGb4yrVlO4eDGSbeuQRK5DGL6a/JClZAZ6kBU4l7yd7oiC5yMO8XgCZSHikCok4pBFCHZ4kO7nxi3fqVzy/pqDHh+y/ou+HN3pR86VS2ikQnQyCXeSEnB6rRatG9emY5O6dHOux+D2zRjYqj5D29ZjQKvGvN60Hq83rkO/1o0Z3NkVnUSMTavFojdiM5iwG81VPch/CsgLVePF/BkgVTh01Ussg0r1Qv8hee4RRhqJsPrnBpkEk0KGRaXEoVP8NpDK8rt/Gsn/FZCyouKX3lIsttgos1go0uuwazVoRELsWg36vAzSzpxCkXaLrKRjnArbiuDccRTnDpByaDP6C8couxRF2dlwzPH+6PauRX3QG9ulGO7eOsWj80mUJZ2iwGMW9+QiHBY1poJc7ul1OPRa7iQcoFijxKpWUiwVccJvLZK4GC7PnIl44iTKt4Yh9FxO3vTZ5K9ZhizSC1GUF8JoLwoiVpAXtoS8nfPJD/JAGOTxqwryFEfmppmk+E0n1W8aV9eOI37BR2z6ohcxq+aQmnSK3LSbKIUFSFNv0LFJXdo1rUPP1s3p7FSPd1o2oV/zV+jbohZvNaxFqwa1ece5EUPbN2Vg22bopRL0MnnVDJbeiMNkwWYwVc1c/UeAmJ7d+fgHgDyrHlXj+UZ11T2WmgeFL75PxKpVYdOpcRi0FBv0lJqMlJlNlNrNv19BXuw7/lks5UVlL83Lpn7/qIL81vRvmb2IEqudEqsd05Pn+1pUMkwKKcKrl1Ck3yDr7Bluxe8hZf82sg5sRZB0gNzkeAQnY6m4sIeyU1vRxW/Gcmwz9rMRVKQe435qIj9cuMKDYyepWLOeu2tXUrDQHf31C5hzUjjqtQrT8ROojhxCvt4H9fip6CfMQOm2iKJd+xB4rkQwaRaF82YjClmFPNIb+S4fpHt8EEavRhC5nILg+QiCPRCFzEMc4o4keAHSkIVIghcg2O5B9hY3Un2ncXvTZO5snsLFNV9ybP4HbB/Xj9BZH3Pr5GHkwnxkedmocrKYM/YLujV7jYHtGvO2U126N32Vbs0b8E7zurSp/ypvNqvLgDea8fGbrfio15toREKUhUIsekPVnNXTD6bx2RTu723H/lk4f7SUellqzoBZDRYsejMWgxGz3lCVJ1XDpNGgV6swaqq2/l980ufTXxebDJRaTJRZzZRZzVTYLVQ6rNwtslHpsP4xkD/bi/w3ASmx2im1OaqB2LVqbBo5do0Ko7CA9LMJGApyEV5KIO3ADtJit6C8dorCywmkn9qL43Yi9y7t5e7JYGzHA6i4Gsu3WYk8up1IedIxvjt1ip+VWkoPxPP95mAeLPKkbPkS7q9ayXfeG/humRdlc+ZimDoV9axFVJ48TtosTwrGTSPfbRaibatQRPsgjVyLItYXWex6xLu9EO1ahTDME2HYIiSh85GELkAWughpyEJEOz3I2ezG7Q1TuOM3ndubJpPqP4kLq7/gxOJPCJnwLnvmfcLF3UHkpd0kPysbYVoa0js3Gfx6C/q2rEtvl7oMb9+EoW+40rnRq7jWrUXvNi147+12fN69HZNHD0ItLERZWIj1harxdGr3fwGIUa3GoFKhU1U9vbHYqKfMaqLcZqbMaqr+eYXdQoXdQrnNQoXdSqXD9vcD+Xuw/DcAKXUUVQNxmCyUWE1VT4dXSijS6jAqpSgyUtEU5JCVGM+tXZu4GuVL4YVjyFMukXv2OJJr59BdiOPehUjKk4MpvhDN99lJfJd1mke3jlMZHMaD4BjK9hymfMtOHq72566nDw+Xb6R05UZKF6+jZM5KjNMWopm/mMK/TSHnqwnkzp2F2H8Z4vDVyKLXIdu9HtmeDSj2+SKLXYd0jxeSqOVIIpYiC/dEGroQcdB8BIFzyQtwI23jZNL9ppAZMIP0gGmk+E3k4povSVj2JSFf9+fIos9I3jAb8bWTFKanoszNQZubwcT3+9Oj2at8/E4rPnvLhY+6taNvO2faN21Ev9db80m/d/iiewcmje6HSSGven6uRvt8BXmyrKm+y/FfDMSgUqGVy1HLZRg1SkqM+moQT5HUBPIUx0uAPNvefZZ/P5Dntn9rbAG/uJ1bYS2j1F5GSVE5FaYiymxlOBwV2EuKsRUV4ygpp8xaTLmtiCJHEaXFRVSYzZRbLdhNeqxFWtRaOQ6FmCKDHrtCgU4rQ5t5Ddm1qyTu8CJ17zZE508iu3IB2eXTZJ1NQHr5DI47R6m8GkfJ5VgeZR7ju9xEfshM5P6VI5QFbqZ88WqKPL1xLPHCtnAVtnnLsM3yRD9pHspvZqD4ZhqCv47j9tdfkb9wJgXbPKsuRUWsQbLbB3msL8p9fkj2bUC6zwdZ7FqkMauQ7VqBLHwxkiAPCnfMIXvLdFI3TuT2pslkbptB7s7ZZAZM5Y7/FC6s+SuJK8ay/auenFr6Jde2zOZy8AqKNTLybt5AL0wn79oZ3mxQl4/eceGL/m/wVa8e9OvgQs/WzejRqinDu3Rg3LudmfJBf+xaHWalCoNM/uT8w/ykDzFjN1qxGSw4fvXBdtTIP7ed++ea9F8DMen0GLU6jFodOqUSrVSMSi5Cr5JRZNBRbrNUp8JufS41sZTazZQXWakotlFh/x8AYrcXU1RUSpGjBIfNTpHdQZHNQVmRnRKblTKrHYejBKu9lOKichzWEkptJThMDkqtJZQaHNiUGix6A0UGIxa9hhK1kiKpBJUgi5vRvmSdiESaehbBzWQyzh1Dk5+D7vYFUqO9KD0bxsNbB/ku/Rjf5ybyKDOR+zePU3oplnu7tmNdsQTDwsXo3eejmzUX9dRZyCZOpfDr8eR/PY5ct0nkr/UgP3AZouAVSCLWIItaizRmPYq9G1Hu80O2zxf5/vXIY9ci27USaeQyxMELEAbOIWfLdNL9JnPHfzLZ22eRHzyXgpB55GyfSdqWaVxaN46zq8ex46senFryOTc2TuZ20HzSjoSiyk0j59Y18q9foGu9Wnz6pgsfdW/NoC5t6e7ahHc7utLdtQnDOrdl4uBurJo6FpNGi0Wnx6zVYdLoqpFY9ab/CSAGjRatQoFGIkIhLUSnlP4KyIupdFirgVQ6rNW/rrRZ/vuBFNkdlNuKuG8vwVpWSWVxOfd1Jh4qdFQaLdgdDkodxZTZHNisVqx2K3ZH1cWqcquNhxkZWMOD0O+KprhQgOPYIU6824Njndtyff54csPXkbDWHfOlExQejyI9fCWGk/5o41Yg2j6FtM0TeHhjD99nJPBT/hm+y0rk7p1T3LsWR3FiJOZDARh2eiH0dqdw5Wxyl84ge+k0clbOIN97NrmbFpIRMJ+ckCWIwlYh37UOWYxPNQ7lPj8U+3xR7l2PIsYLWfQKJGFLEG6bS57/dNI3TiLDfwo5gbPIC5qDINSd/OC55Aa7cTtgGpc3fMP51WOJ+LoPp5d8xpX1E0kJmEGC73TyToRgyL5GuK83nRvX4v2OTvzlLVf6tGtMN+eG9GjVlLddGjG0syuTh/bkVNgOzFINVrkeu9KAWaPDZjBRZLZiN1r+J4Do1Ro0cjlqsRCpKB+NXIxDr/1dIOU2M6UWIyVmAyVGPUV6LXatmiKdilcqy+8+2datmX/9wWE1hCcpKXmypfvk98qLyyktKqfYUUZJSRl3HaVU6iw8EAr47uINKsIP8eCbpTjeHUtJu/ewuQ7D3nEUZX2+pOiTOVTM8ub+igAe+Yfz0Gsn3y7dQrHbauzvfoD8jS4Iu/akcvBHJLm2YUeHJlz1/AxlxHxkUR7cWvU5+Vsmot27AHGkG+JIN6TR7ljjvMje8lfEEfP5LiWe77IS+CHvLA9yk7h3J5HSywexngxGF7cZ+W5vlLu9EEesIj9kGXmhy8gLW0Z+xCrEu7xQxa5HuXcjitgNqPb7ojq4CdV+P5T7fFHErkexxxtZ1CpkoUsoDPQgy3cqaT4TyPCbTO4THIXh8xGGz0cQ6k528GxSAqZxecMEkld+QdSkfiSv/IIrG6dx1XcyZ/1ncTFgJtkxK5j78XC6tmrIW01e48Murozs6ErX5nV406ke3ZwbMLiDMxOG9UR/Ox1zmghbjhx7oRqrTINFocNmMGMxmLEYzdiMZhxP7oE4TDaKjHasJhs2c9WPv9uHPMmLvcbzM1fPrtn+FgyL3vwMxtPt3Sc3H006PQaN9hkQYT4auQSHXkuF3UKZ1USpxUiRyYDDoMNh0GDXqqpew6aQYZSK0UkKUAuyUeSmI824VRPIv2Y368+ch5QWl3HfUk6lvYJiR9WztO5bzfx4K52H2/dQ8tVsSnr9hQrX4dx3GcV9l/e55zICS6sRmJ0HY3UegMVpALYWAyl2Hkyly3AqXN+jtM37lHQYjd11OHfbvs+jbp9g6zYIQes3+HbYZzi6DyKmT2syvcdhPLgaS/xaDAdWoYlaTKrXZ6ii3dEeXE5+0DTUMfMpProWQeBksjf9Dd3hNTzKOMbDjBN8n3eGR3lXeJRzkYpbJyi7Gk/JpYM4zsRQnBSJ9UQQ9lMh2BNCMZ8Mwnh8B4Zj2zHEb8dwZBuGI1vRHtqCav9G1HvXo4r1QRa1CmHIYgq2zSPTbzppvhPJ2jSVnMBZFITMozB8PqLIhYgiFyII8yArZA4pAdO5tH4CZ9d8RcTEPpxd8xVXN07h1qbpnPGdwfXt87i+5RtGt2tCh+av8Uaz2rzdojZ9WzWjm3N9Ojd9jbda1OP9Lm2YNKInyktXsZzPQX8hG8NNAeZ8OVaxGrvWhFVf1aBbtQbMKg1mlRabxkiR/lkT/mIz/ls4/hjIbzfsz1WMGvktIGqZDJWoEKmw4AkQHeU2M8UmPTadGoNCikYkQC3IQZGbjiTzFoWpl8m9mkT2xZOkJceRciKW6/HR/3dAyu0l2O+W8kiq4LvAA3w3aj4/vfEFpZ1H8227T7jbdgylbUZS0e59SlwHU9J6MMWtR+JoNQyz60D0zfphat4fe4tBlLoOo7Ld+5S0GYHVZRA250E42gyhovenWNu+S3m3Idx9YwS2twcQM7YrknB3zEe8McWvxXZ8PYa41RRsm4gq2h3LkXVIoxag2bMIbYwH4u0zyQ/4G5qDi3AkBfJj+lEepZ/m2+yzPMw+z3f5V7iffoFvMy9SfvMkd6/GU5wcgz0hGltCNNbT0VgSIjGdjMB+KgLL8SCMRwJR7/dHuccHebRX1WxVyGJyA2aT7jeVO76TyNoyhfwdVT1HYfh8RNGLEEdVpSDUnayQOaRuncHlDRM5v3Yse2cN4fzasVzxncztgFkcXzOB61vncNbrM0Y416Vd01p0aFaPLk616djgNd5q0YiOjV6ju2tThr/hyvgBb3DKbz2yw8nITlxAcvoS+ju5mAskmCUKzAolNpUKm1yBWSjBmC/EIJRhVemrl10vLr2eQ/BCXnqn/XeWU38GiF6tQS2ToRQKngNSZjXhMGjRyyXIcjMQ3r5O/o0LZF06zZ3kI9xJPMSt41XTFbcOR3PzUDjX9of854CUFVelvLic8qJS7sqVPFobCT2n8Ev3b3j49pfc7/oF91t9SHHrYZS1H05R68GUu7xHqcswilsOoaTlCKzOQzC1HIjBdRDq5n3RNOuDxak/la5DKW85mLuuw7jfejj3O43C+sZQTM1783PPj/ixwygULbqTNG0gkp3zMRxegzF+LY5TGyk67Y96z0IkobOwxHljjvPGeGApql2zEe+YhDpyJpb4NejjVnPvym6+vXmMR2lH+D4jgYcZSTzKucSDO0ncu3WCysvxFCXHUpQciz0xBkdSLLbEGKwJuzDEB6HavxlpzAZku32QRKxGFLocwY755ATMJmPjVNI3TyUzYBq5O2YiCJmLKHIhkl2eiHd5ItnliTByIQWhHmSHzn0CZALJq77k6MIxXPL5mmt+U0kPnMMJryogZ1Z/wscdmtK2cW06N6tPt6a16dawDp2b1qNj4zr0auvM+93aM6hlXYJnfENadBQ3Y8K5cSgG0ZWbGLIKMImkWCUyDIJCtJk5KO6kI712C0VmDmaZEpvGgENvwWF42fas5UkP8/ReieV3gFiq8zIgv7fE0qnUqKRSlEIBkuolVhUQu16DViJEmnUH0e1rFN68SO7lJHLOJZJ75iRZiUdJP32EtBOHuH10LylH9v55IP9ok15aUkqlvZRKRxmW0jIeOGz8En6UR+978Eu/mfDW1/z85pd82/FjHnQYQ2WbUZS2eo/ilsOxtxiC3XkQRS0GUew0CGvzQZibDsDafBDWFoMxNOuHtllvtE17YWreF6tTfypaDaW87XAedv2QytbDsDbrw889/sL37d9H5tKd5GmDydk6FcNhL0zH1uNIDKDs7HasR32Qhs/FccQbx7EN6Pd6IgufhTx0BoqomZgOrKQoeQvGY/6UX9zN/Wv7+fbWYe6nHOFuylHu3zpG5bXDlJ6JxX4iEsepCMxHgjEfCcNweCfag1tR7vVDtmsdwrAViIKWIti+gPzAeeT4zyTddwoZm6aQvW0GOdvdyA+ZhyR6MfKY5chjlqPYswJJzDKE0Z7khy8gM2gut7fN5IrvBE4v+5zTyz7nss8ErvlN5daWGST4TOX6NjfOrfiMz15vSOuGdXm7ZWN6OdWlr1NtujZ5lR6tmtLVuRG92jvxQYdmxK2ayaWd3pxeNZWb/quQJBzDIsmlQC7AmJ2H9OpV8k8kkHUgHmHcSVSJl1Fm5WIUS7FqqipJzSphM1QNPD5/DfbXedmTGZ+b2H2hcrwI5OkO1vNA8lDLRE+adDMOnQaDVIw8LwtJdjqitFQKU28guH6ZgivnKbh0huwLCWSfOUFW0nEyEw7/+4HcLanEXOqguNzBTwUyfp7ky0/DZkC/mfzcezKPuo/lu44fcbfVe5S7DKW4+UCKnYdS2nI4RS2GYGraD2vT/hQ7DcLcuD+G+n2wNxtEifMIrM0Gom/cB32T3pia98XcrC/FzgO59/pIiloPodx1CLamffil+1/4ueMHKFv24NSEfmT6T0R/yAvbyU2UJO+gOHkHpcnbcBz3QRIxj5JTvqh3L8KwdynKqLmoY+ZiivPClhiIPn4D5ngf7p6LpPxsJJUXYig5t4uSM9FYjwfjOBaKNT4IU9xWdPs3od3njyLGB2n0GmThqxDuXIxgmzt5AXPJ2TyLTL9pZPnPJHPzdLK2TScncBaCJzgk0Z7Idi9Dumsp8pjlSGKWURi1mLyw+WQGzSUlYDo3N08lcfkXJC7/gss+E7juP41bW2aQtGE6F/xncGHlF3zTpSlvOVVdnhrQuhFDWtXn/Y6NeKf5a7zZogH9WtZjwltOXNnkRmaQBzfmfMrOlg3Z06gpN9r2xLQlCF3UHoSfzsQ6x4tkXy/O740g6+Zl1GnZaPMLMCtU2AzGahQ1YTwdQX9p/kEgZp0Jk/b5HSytUoVSIkFRWIC4MBe1TIRdp6laYlUDyUaak4Ek4w7itFREt28gvHWZwusXyLtyltxLyeSeTyT7zMn/QAUpqqDCXsRPu5L54aOFMGYZPwzy4Jfuk3j81nged/qcu67DKHceRLnzIIqa9sPRfDAVru9R3nIE5mb9MTTohbVxPyyN+qOt3QNbkwHcd/2AkhbDsTUbiKFJn+oKUtRiAHaXARS3GcrdNsOxNe7N43c+4/EbH6Ju2YuT43qT6j0W7QEvHKcCKD0TRFHyLncH0AAAIABJREFUTu5eDKEscTOGgyvQH1iGPX4tlgOrMR1chiTKDesRHyyng9Ad8sYWv4rSk9t4cC6CkoQg7CeDMB0OQLfPD81ef9Sxfsh3+SCL9kYcuYLCME8KwzwRBc4nZ+NMcjZMJcdvOjn+U8nxn0zW5plkb3MjL2g2hSHuCELcnzTki56rIOLdSymMWkxu6Hwyds4hbbsbNzZN4cr6iSSv/IqrGyZxdeMUUrfO4vT6aZzzm86lFZ+z+Yt36efaiK6NX2FY+6Z80LEZX7zZmMHtGtKleV0+7uzE3N4tuB0wBXHwHNKjF5O1cz5HOrTjdv3WpNZvg7xZdxztRuJ4fTT210dhbjccTZ9xFO8+irGwEKNEglWjfe5dHTXvZvxunp6C65/HUjNPhxFrxqQ1YtIaq6vHbwFRSYXYdWpKLUYcuqo7QsqCHOS5Wciz0pFm3kGSnoLkzjVEKVcQ3LxEwbUL5F8+R96FpH/PqMndojJKSku5X1zOj3IT3y8P4fEHy2DUUhjmweNeU+DtcdDla+gyljKXIRQ7DaLcaSgVTiMwNejD3ZYj+a7Nh5Q5D8fQoDf6Rj3R1+2B+tVuaOp1567L+1S6vE+Z8wjKWgylwnkYpc0HU9RkAGVOgylzGUxZy0GUuAzk5zc/5PFbH1HaZiAJ4weSsuJz5JEeFCdtp+RsMOXngyk/F0R58laKT27EengtRSf8sB/3w7zfE0X4bGwnN2NMDsN42Bv9gRWUnvanImkHlUmhlJ0IRB/jjSRoCeLtCync5oEgYAGFWxdSsMWD7I1uZPm6kec3C/nO+QgD3Mj1n0q2/1Rytkwna+sMcre7IQieR2GYB8Lw+YgjFyKN9kS+axmymOVI9yxHEr0EQeQickI9yAyaS/qO2dzYNIWb/tM47zWOaxuncG2zO6mbp3M9Yi0XNkzi0spPOeIxhoFNa/FOi7r0bduAj99yZXy3ZnzYpR5fdHFhap/WLHvXhXT/ieRGeJATMpdUn2840bAJl19pQs5r7cmv0wWD8yBMzoPRN+2Prvm7KBr0Qu80APt70zBePI9BWEiR2oBeX9UPaDUajDo9Bp0ek1qDTV2182VQaqvfM1KVP8ZS8+tPe46nJ+dPcehUarRKBQqJELkgD5Eg5xmQJ5fo9NKqNwHI8nKQZWchy8pAkpmCJO0Wkts3Ed26QuGNKiR5V87+m2axrKWUlZXyUKTk3oQ1MHI1jz5Yzc/DFvJj35k8fmcivDWeX96axE9d/4atYV8sjfpS7jSMey4jMdTrRVGTwTxwHc13bT+iuOlg9HV7on6tG4rXuiGu1QV7syFUuLzPg1Yf8KDlKB64jqa8edWff9ByJJXOw6lwHkpR84E8aDMC3vyUsjYDOTdpODeXfoYodDa2UwFUXAyn4mIEpeeCqTgXzN0LQdhP+FNyaiP2eG80uxdhPrgC26kAlEf8sB/zwXJoDWWJWyg5tYWy04EUHd9C0bHN2OM2Yt7vg36PF9rda9DFeGPc74Nhvw/a2LWoIpcjDVlI4Y45FGybRd62WeTvmIMgeN6zhLojDJ+PJGoR8l1LUexejnT3MsS7lyKJXkJBxELywheQtt2NtO1unFnzFSnbZnFu3dfc2DKdlO3zuOo/g5yDAVz2Gc/5lX/h8LzRrBz9Fv1d6zOsswvD2zfnr2+7MLZbU6b0e515A1uzpG9zcoPcSNs6hcwwd65PHsO1xi25VqcFqa+0QlCnK8qGvbG0GIS2YR809XqhqtMDVZ0e6Fr0w9FyBCV/mcf9fUmUmHTotGrschVGrQa9Vo1eKUetlmPQarHINc+NotcE8rTZNun0vwJRMzVxPO09tEoVarkMhbgQWUEuhflZqCSFvwlEnp+LPKcKiDTrNtL0VGRpKUhvX6+B5Py/B8iPBgs/J13j8XhvGLaYXz705vGoJTBkAb/0ngHdJkCncfzSczo/d5+IuU4v1K92o8J5OA9cR2Os3xtT3b5UOL3Hz20/5VHrjyhuPBBN/R5IX30TUa3OqOv3odhpGN+1GsOjVh9y1+k9vm/9Ed+2/IAf2nzEw1ajeNhqJOUthnHXZRi/dPyQu20Hkzx+MKlLP0McOpuixEDKL4RReSWa8ovhVFwI5e7lCBxJgRSf8sV+eCXqPZ4UnViPPWk7koNeWA97UXzEl/LEQBwnNlJ8yg/7cV+sR9djPuSN6cBaTAe8scVtxB7vjzl+I8a4DegOeKPZswZppCeSiIWIgt0RhXhQEDS3GkdhiHs1EGn0YuS7lj5XQUSRixFELiIvfEF1FTnv/TdubXfjkv9krm+dwc2tM0haP5WsvVu4vm4sScv+wv5Zw1kzvA39WrzK4I5ODG7bgi/edmVyd2emD2jPmtGd8BrWiuyQueQHzyQ12I24bh24WasZNxq05Ha99kgavI2yfk9MzQagb9gXRf2eKOv3RFa3O/JGPbA1fhdjy2HY247E+uZXlOzYR5FYhk2toihPRNmVdEqE0qrXKiiU6JVKDCrVEyS6Z/k7gDzF8ax6qFDJpMhEAqT5OQjyMlGKBTh0mueAKAV5T4BkI8/ORJZ9B1nmbeTpqcju3ECcchXhzcsIrl/4x8fdK0orKC2pOgG/V1yBvayUh6VlPL6Sx/2lQZS0HsP33cfB8AU8/mgNDF0AfedCrxn80vVr6DyWX/rN5ufeU7DUfQf5K52xN32Xn1qPobjRYMx1emOp35sfWn/I4/Z/4YdWn+Bo8i7SWp0pqPU6klpdMTfuzwPX0Xzr+gEPXEbxuMNn/OA6hu9ajubntp/xY+tPedByFLZ6Pfm54yi+7TSMqx/05+KqzxCGzKX0XCjll8IpuxTBvavRVFwI4e6FUCrObKc0YRPWeG/McasoSdhESXIg2qObscR5YTy4mvKkAEoSNlF00o+Sk/44jvliObwO88G1mA94Yznsi+2oP5b4jVjiN2I8tB79fi8Uu5ZVIQlzRxQyF1HIXMQhHtU4BGELEEd5Io9ZjnLPChS7lyN/0n+Idi0hP2IhWWEeZAV7kB0yn4yd87gTPI/rW2eQsmM2aQGTSd7qycWtC7jmM56E5R9zaMowxrz+Gj2d6jKkQwuGdXRhfE9npvVqw+LhnfAa1Yn1o9qSEzaPjNC5JK8dT1K9plx7tRk3a7Ugo1Z7RA27I2/aB3OzgRjr9UFarweihj2Q1+2OsHY3VA16Y2jUD03DXmib9UXl1I+clv2RvP0Bqtffo6T1KCxtR6EYNR371t1U3MikWKtBYdGg12qQ61SY9HpMCjUmvQH1CyBMOi1GrQaDRv1c9GoVerUKrVKBRiFHJZOiFAmQ5mYjzM5AJRJg1aooMxuxaVTopWKUTx7MoMzJRpmdhSwrHVlmGvL0O8jTUpCk3kCccp3CW5f/cSBl5Q9wlFVSWVLOI42Jn+PO8niSL98OmwMj12BuNZKHriNhsDu/jFzO43fn8rjPHOgxncedx0OXcTx+14PHfWdirdsdVa0uaOt056HL+1Q6vUdx44EYanfnofNIHrf/C7+0+5yyFkMQv/IG+a90IP+VjpiavMtdl/e55zyyGsiPrT/ku5ajedz+cx63/4If232CpU5Pfuk4hvutB5Hbrw83Vn6OIGQe5ZeiKL8SRcm5EO5fjeLuxVBKErdx99xOyk5vxhrvTdExH8pOb8V+aiu64wHYjvlgP7a+aon1BIjjmC/2oxuwxvtgOeSN5ZAP1viN2I9twn5sE9YjfpjiNmA84INmzxqUu1YiC1+EOGQ+omAPRMHuCEOeLq2WItu9AmXsalSxq6uWWE+2d4XRnuRHLCQ7fD5ZQR7cCZxNfsRi0kM9SNkxm9Sdc7i+eQbnty3k8uZZXPX+G/ELRhHwwVsMaV2bvi0bMqBNU0Z0cmXCOy6M69KEZZ90wfuTt5nWvTGHPUaTFj6PhK8Gku7UgWuvNCXllZbkvtqJ/Fpd0TsNwNhsANr6vZDWeQdx/R4o6nRH+OpbFL76FtK63ZHWe5uCOl3Jr/8W8ub9UbUagrJRXxTN+6Bs2htT8wEYmg/A7joCa5ePqRg6hbLVO6m8koZFb0avtWJQG7CqNdXLqKpongPyFIZOpUSnUqJVKlDLZSilEuTCAiTZWRRmpaMUFvwmEGV+LqqcHJTZWcizM5BnpaPISEOeloL09k0kqTcQplz5x4FUlpTzg9XO46hTfDfEnV/6zeHH/tOh1zR+/GAtpR0/xdqgFwyYx+MRy3jcxw16usE703jcaVzVEmvAAn55dzbWuj1QvdIZ+atvYmvYn0qnEZQ3H4qxTg8qmgzlpzafQKe/UdlyONJancl9pT0Fr3RC16gvZc4juN9yFN+1GsPP7T7hkesYvnUZxeMOn0OHL/ml45fY6vXlp9fH8G2roTi6D+Kax0dkb59D2eVdVFzfw4Orkdy7GMq98zupSA6kNHEr5YkBWOO9qTi9uarPOB2INM6X4gQ/LEfXUZKwidLTmyk+5U/xCT+KT/hhO7Iea5w3trj12I764Ti+GcfxzdiPbcISvxHzIV8M+33Q7PFCFb0MeYQn0ieXo8ThC5BELUIRsxpVrBfqvWtR7VmNLHop0t3LEO1aQmHUYvIjFpITsYD8iMWkBMwkP2IxmeELuBM8j7QQd5L9Z3FlqztXfSeQuOgDYqYPYuWAjvRtWZvezvXp41Kfnk51eb9DXSb3+H/E3WV0m2e26HHJzMzMzHbYsWPHiYNNkyZtsGnKNMUUp23SMJPtMKMTY+I4zIyOmZlBsiUzSf/7Qa5nembOvWtm1j3nw16v9C4vf5F+2s/eD7xG/Bhpw/fR3kxx0GHzTG+SPp3IWQczHpjacUfVjLsCC16peZAhcKFQ05ca41EUaviQq+ROjqonhSqe5Ci780LownMVVzLU3Xip4cYLXU8KDQMo0PYhX9OLUi1/8lS9KdD1I1/HlzKdIMoMRlJsMJIKm3BEjlNoG7OY1k0HEZUUUlhUNDyEUsQ/wigtLBjOHMX5eRTl5ZKfnUVexguyHj/k5cN7/xRIUcYLxeOunz2j6OmTPwEpeHCHvHu3yLlzg6w7V/81IKIWCe0tEprELXQXlDHw6VYGA5fS47OIfr8F4LWU/uD3Ifwbulxfo0bTh0H/d5CN+wt4LGDQ+x3wXIjMdjrYvcZgyEf0+y+jXs2PEoEzhUInytQ8EOmPps1oHNWqfrQbjqPPZgoylzdoMw4jT+BMhsCODKEDZVr+NBuG0m02kT6LKPotJ9FrNpFuk0gGbGcgc5oDLrNp0RlJj2UYXVZj6XUI58qSiTxa+RYtl2OR3NhH9/XddF2NQZyyDumFDTSc/gVJynoaTq9Emr4DyaUdNKRupPD0WuqTNihQnPt9GElj/CqaziqutSdXUH38F2pO/Eb9md9piF9LQ/xa6s+sofbkSiqP/kLpwR8p3v89BXu+JS/ua/J3fUlB3DcU7/uegv3fUXz4JwoOfE/Bge/J27ecnD3fkBU3NAey8xOe7vqEZzs/4+rqRTzc8QkPdv2FZ9s/5OHmD0n59UOur3+f9J/nkfBBFCsnWfPNKAc8jNUJstLBz1gFPyMlvEw1+GqkAT+G2xPlqMsCVzU+9tXm1DtjSTXS56GeFTc1zHmi4ki2kisvlRzIVvGgWieIcq0AXql5kKviQaGSBwVCdx4qOfFUxZVXGp7k6vmTq+dPtooH+Ro+ZKt4kKvuTYG2H0W6AYqrtj8luoGU6gVRaRBCrclomq3CkHq/hnjMEhoOnKKqtJjykmJKysqoGirqK4qKqCgqorywkLKCAkrz8ynNz6ckL4/iXAWQnJfPePXwPi8e3CU/4zk1Q5um6kuLFUBevfw7IE8pfPqIgiEk+Q/ukHtP0dHKufUvAmkSS5E0iOlpbqN70ykY8TEDXnPo83iDAZ+F4L4YQr9gYOSnDHrNpUbdiwHPRTD6U+TObwwD6beaArYzkQd/hCzgXRrV/SkTulIocKJIyYUmnRG0GY2jRs2fLpMJ9NlOA7f5tJtMoEjoRqbAjhcCOwpVvWgyGEevxST6LSfRYxZJt0kEPaYTwWk2cpe5yOym024SRofpWPqtwuizCePe5DHc/mYGNQkbkdzYh/RqLG3p25Gkb0VyXgFEnLiG1qT1SNN30HpxGy0Xt1J6eg2NKZtoTFo7jEOUtIaWhLU0n1szjKT+9ErqT6+kMX41jWfX0Xh2HQ3xa6k7vZrqEyupOPorpQd/pHDvcor2fUfx3u8o3Lucwr3LKT70E6VHf6HkyF8pPPjjPwB5GfMZT3Z+TEbsF9ze+C73t33Ik5gveL7zE+5s+oTUX9/n6uqlJH49laOLxrLxNTc+9zdhhKU2ASZqjLXVJdBYmRHWenw+xoqPQ0yY5qzFMm9tPgs2Yme4LbkBftzVseCa0IgCXT8K1bx5LnTglZIb1TpB5AndyVL1IEfZnVwld7KV3LgvsOeO0IGn6m5kanmTpeGl+Bs1T7JUPSjQ9qNA249CHX+K9QKHcZToBlI+hKTaaCTVluNpsJhIb8DbVC/8KzU1RRSV5FE1hKO8sPAfcJTm51Ocm0tRTg55WZlkv3hKxoN7PL9/518GUvDw7r8PpFnURkezhNYWEfLLT5F5LEHm+gbYv8mAxwLwWIos/GsGR3yKzGsuNaqeyNznw4gPkNu/xqCPAki32SSwnMZgwAfI/N6hUc2PMqErRQInCoXO1Kj506QzgjqNQHrNopA5vA7ui+gyjaBcxZMsgT0ZQgfylT0QGYfRZzmZXnNFcd5tEkGvWZQCiPMb9FtPYdBuCo1a/sitJzJgM4FsHz9ufTqZmvj1dN49RNftA3Te2EvH1RhaUzfQeOZXxIlraD+/GcnF7Ugv76QueT0Vp1ZSfXYNjee3DuMQJ69FnLR+GEnzuTU0xq+i4czvNMSvpv7cOuoT1lN3bi218euoPr2GypOrqDz6C2WHflJkkt3fULhvOWXHfqHy5CrKj6+k7NgKCg788Ccgf1+DZMR+weOdn/Jo5yc8i/0Lr+K+5Nqmz7m54S9cWbmQC99OZ//80exdMoKfRlsR5WRAsJEykQ76RNhqEeVswsIAM+Z5ajHbRZ2vxpjxnrcOsSEWZLq4ct/IlicqNpRoBVCs7sczgQNZKh7U6AZTqOJFltCVPDUvslU8eKHsymOBI5eFNtxVceK5ugdZKh5kqnvySs2DLA0v8rX9yNfyJV/Ll0Jtf4p1AoaBVOgHU2U4girDETTrj6HFLIwm0/G0Ok5HHPYBksfPKS8q/G8zxx/ZozA7m9xXr8h6/oSX9+/y9O4t8l4+o7a06F8Cknf/Nrn3bpF7+9q/BqSt+W/RVdVA/4hP6XOZCw5vgNcSBgI+Qjb2W2RBHyH3f5cqVT/kbvPB911k9tPAdxl4LKTXdCJ95pMZ8H2XQd+lNKj6UyV0o0TgQpGSC+XKHtRpBNKgEUKPRTQypzfAbRHdVpMpVfchS+BAjsCBXBVXWk3D6TOPotdcUXv0mUcyaB3NoMs8Bp1n02s1iX7LiYi1gsAygj7rMF7pu3Hx7bGUHf4e6f3T9N07Ssf1fXRei0OSth1R8npak9fSmrQaSfpWOq/FUpe0Aem1A+Qe+oXWtJ2IL2ylJXkjkvObaDu/AXHKOlqS1tB09m/Drcb41TSeW0tDwnrqzm2g9swGqk+to+rkWiqOrqDs8K+UH/mNyqO/UHnsN6pOraEifiPlp9dSemwF+ft/IHfvt4rsEfMFr+K+5MWuz3kZ+xcebfmIZzFf8Cz2Cx7s+pKMfX/h8roPubPpA66uXEjqN9M5tGQM+xeOYst0bxY7qhJuo0W0sxGTndR5w9uCOd5WLHbXYpGPLt+FmvGulw6HPG155GTDQ3tHcg09KVH3pUwzkMdCezKV3KjSDqRQxYscgSsZSq680vAiQ8OTO0q2XBKYcV/owAtVN7JUPcjQ8CRL05s8dW/yNX3I0/QhV8ObAi1fCrX8KNENHI4y/WBK9YKo0g+h2mAENYYjqTAZhdgqkpaAOdQ9eU5ZcQG1uXm8qMqjMi+PyuxsXpRnU5SbRWFOJgXZr8h99Zzsp494ce8OT+7cHHq0dQFNFWXDQEoyXlL84jlFz59R+Owphc8eU/D00VAtco+8+7fJ+0+BtIjEyL+OBad5yJzngffbEPwZ8rHLkQV/ijzoI+q0R9BjMxWZx0Lk9jOQeS0F9wV0G0fQZxbFoM8y5D5LaVD1pUroRukQkFKhG9WqftSrB9NjEY3ceS64L6bXZgplaj5kCxzIEtiRo+yCyHj8n4D0W0Qhs50J7gvB+XW6zSPpNo+k1zIKmVUkA+bjadbz487EEbxY9zbiW8fpvn2I7lsH6bgaO9zmFSWtQZy4irbzmxTdrdTNtFyMpSJ+PZL0GFrOb6MldTOStK20nd9Aa+p6WpLW0Jywmqazq/+G5Nxa6s+to/bsemrPbqQmfgPVZ9ZTfXotNafXUX1qLZXHV1B1ajW1CZtpPL+LmoRNVJ5aTfHhn8nbt5zs3V+TFfcVGbFfkBH7BS9j/sK1lYt4uusvPI/7kue7v+HO9o+5ve0Lbm14l+urFpPy9TQSP4/mxHvhxLwRyPJRlkTZajLNw5S3/M15b4wzS4Os+GKMJcsjHfkxzJqfRltzztqCh6ZWPLdzp8jKj3JtfwpVvXggsCFD4EKFpj95QndyhG5kqLjxWOjEQ6Ejt5VtuSy04IHQkReqbrxSduOFihu5Gt4UqvuQq+JJrpoX+Ro+5A/NoZRo+1Oi7U/Z0DCrfAhIlYECSalRCPV6I6kzHofILIrqv24mrzSHioJCCvNzKcjLpzy/mKLcLAqyX5GflUHuq+dkPXnEszu3eHz7xn8EJO/O9X8fSLNIzMCtxwx4LqDX7S3kHosg5HPk45YjH/UljPyMdqvJNOoEMej6JtjOZNBjCXgspNMwnF6jCQx4vY3MayENyt5/AlIscKFS2Yc6tSC6zSeDyzzwWEKfVTSVar7kCx3JFtiTreRMg94oekwjFfWHaQT9VtHInd4Ej8XIbKfSYzaBDrMoZC5z6TAYw6BlBINmoRS6jODOV9MQXd1P7/2j9Nw+RNf13Ugvbqf94lbF0ClxFdLzm5GmbaP1wjbqkrfTkLqd+oSNNF/YSdP5bbSmbaft/Ia/IUlYM1yPNJ1dTVPCuuEMUn1u43DUJ2ymPmEzdec2UX1uPfWp22hMi6Hx/C7qkrZQcXIVBQcUGSR799dk7/6azN1f8SruS17FfcnDLR/xZOfnPIv9gszdX3Np8+c82LGcB9s+5s76ZVxYPpO05TOI/ziSA4tGsWWGN296GjLVx5yFvla8HWTOd+E2/BzlxKa5fnwfasvGcXZcNbfikbY9RUYeFFn5UK7vT56SK4+V7MhUcqNSK0BRgyi58UToxH2BA/eEDlwXWpE2lEGeq7jyStmNbBUPCtV9KFbzIV/Fk3w1LwqHcBRr+FKs4UuZdgClWv6U6wRSqResAKIfQqVeMJUGgdQYBFOjE0Kprh9lWgG0TvqY6m/W0/syi9z8bGqf5Q1nj7zMl+RkPOPVowc8vX2Thzevkfvi6f8fIMMTgs1/F03iv4tWemrr6Y3+hl7/Jcjd5yMP+ZiB0B+Qj/qSgVGf0+exkAoVZ+QubyK3eQ25xxLwXESnYTid+mMYcF+AzOVN6pW8qBa6UypwoVjoQpHAhTIlT2rU/Og0iUTuMh+8ltBrMYlKFR+Khc7kCBzJVnKmVjuELuMJCiBmExmwmQ4ui8BtPn2WUUj0R9JrNQW8ltCmNxaZ/ST6zMNosxzLjcXjaUrexsDj03TdPkT39b10XN5FR/o22lLW0ZrwO61J6xGnbKQ5eSOiCztovLKX0mO/0pgWgyh9F6ILW2m7uIXWoaGWKHkdzQlraEpYQ0P8KpoS1lF/TgGkLnET9UlbaEjeRkPidhoSt9OYtIOG87toubQH0ZW9tKTHUpu4mYqTv1Nw8Ady931L1hCOPyIj9gsy4r7i1d7lvNr3HRlx3/Do4O88jv2OR9s+4e66ZdxcMZ9LP7xO2rczOP1hJDtn+fHlGCem+pgz19+a76I8WBXtyM+T7Fk/zZkVMwKI9bXklrEtrww8KdfypswmmGrjIF4K7XggtCFT6EKFuh8FQg9eCZx5LHDgrsCO2wIbrgosuaRkoQCi7EK2igcl6j6UqPtSqOJFkZrPUPhSquE/HOVagZRq+lOm5U+lbjCVeiFU6oVQoRtMtX4QlQbBVOgHU6wXSLG6HxL7SXTaTUE8ajGtcScoK8oiNy+LkhcZ5GW8JO/lC54/vM/T27d5cPMKOc+fUFWUT1NF2XCbtzjjBcUvng8jKRoCUvDkIfnDM+q3yLv7/wAiahb/KWv8CUhjK83NTci3ngW/DxXFeNAHDIz/AUZ9wcDIzxgM+pgSJSf6rKcit50F7gogHQZhSHRHMOg2n0GHN2hQ9qZG6E6ZwJUSoQuFQjdKhe5U/jFR6LIQuffb9FlFU6XiQ7FAASRL6EyNVhBdRuH0mEXSYxHNoMPr4PE2uMyl0zQCkU4QvRbRyDwW0Ws3nUGLcLCdxIDtBJ6PDKDgwE903T9B952jdF3bR9fV3XRe2klr8lpEZ39DdG414qT1iJM3IUrdQs2lOCrjN1KbuBVxeiwtadtpvbid1rRttKZuRJyygebEtTQlrKF+aIhVd3YttWcVSBoSt9CYtJ36pB00JO+kMWUXzRf30nbtAG3X9tF6ZTd1SVsoO7GC/APfk7t/Odl7vxnG8SruS17G/IWM2C/JPvgj2Qd/5taWL3i4+xce7fiK5zs/5/7693iwbik3f5vPrd8WkPrVTGLmhRBtpcrsIAeWjXFj57wgYt5wJ+Ytb1ZEO/HjOGcSzEy5rWZNqUUwxdp+VJqPoFjPlycCW+4LbchScqFCzZcioRcvBI48FNhxR2jLLYEV1wUWXBZa8EjoSIaSK4Xq3pSr+VKi6k2BsiclGv6UqPtTrOZHiZofpRoBlGkGUqkTQpmmPxV5xJ00AAAgAElEQVTagUMRTLXeSKp0R1CpF0yN4UiKNXx5IXSmzXoi7XbRiB2j6XV6jW7HOfSEfojk4jWeZz4l62U2BU+eknfvAU9v3uT+jUtkP3tMZeE/Ail5+QcSBZA/CvWCh0NAhtZl/dtARI1imltEdOWXwtgfGPRYjNx/GfJxX8OYr5AHfox89OfUagQh0h/FoNVU5G6LwWMBUt1xtGgEMuD6Fr02s/4BSJHQjRKBGxXKnnQYhSF3XYTMawm9lpOpVP4bkEyhE1UaAXQYjKfHLJJ+66ngMhe830Fu/zodeqGItEcgs5kF3svAawmdJqHIHSchc5hEvYU/GV8vpPXmIXofnKL3zjG6bxyg61IMkpSNiM/9jih+FS3n1iBO2khrymYa0nbQdOUo5cdXIL4UQ/OlOFovxyC9EkvbxW20nd9MS/J6WpLW0Xhu9T8AqU/YTEPiNupTdtKQuoumC7GILx9AeuMQkusHEF2KpS5pC5Wnf6fw0I9/AvIq7ksyYhXFes6+5eQe+onM/T/y9MhGMvb/TEbsNzzb8RkvdnzG083v82Dt29xbtYSLy2fzgZcWo601GG2jw3sjnIl9y5uT7wax+y0fPhljw+axLtzWMuGluiNVpiMo1wqiSsePIn1fXmi6cF9gTabQmQo1XwoFnjwXOHJPYMstgQ13BVbcEFhwVWDBcyUX8tS8qND0p1rdnzJVH8rUfSlT86NCPYAqzSCqtIKp0gqmQj1AcU87kFq9EKq0A6nWDqFKK1hx1Q+hQjeIfBVPKg1H0GEVRZfVZDrNJ9JjEYXULppO5xl0+L+J9KvNlD17wsvMpzx6eIcnN69z99pFsp4++peAFD669zck9/4vp7v/v4DUt4jorWuloVWE7J0YZL7vgf87MOpzGPMlcr8PkY/8lG6r6ZQpudBnMWkYiER7DI0qvvQ5z6PLYjr1Sl7/FEi5kgfthmHI3RYz6LmYTtNIypW8KBE6ky1wJFPgRKW6P+36ofSaTWTQZjpyt7eQe73NoM1MpDpjadEagdx29hCQdxDrj0HmPAmZfTR9FqFkRYRSnRZD1/1TdN85Rtf1g3Rf2Y30/BakSetoPbsaUfxqROfW0Zywnppz62i4eoqmc+tpSt1K/cVY2m/sp/36XjquxdGWthVR8npEyetpPLdmCMgfRfp66hI2UZ+4ldrk7TRciKHl0h7EVw4OAdlP29U9NKRspeLUSvIP/EDu/uVkDQH5o0h/tfsrcvd/R+HxFTyLW05mwl6yDvzEi52fk7n7a7LivubVzs94uvkDnmx4l5PvT2CBnQq+BsoEWGrw+bQRbJjtStxbXvww3pJlwXb84qbHYyMbSnV9qDZQfEGrNXzI0/bkkYYT9wU2ZAqdKVf1oVDgyROhA3cEttwU2HBHYMVNgSXXBZbkqnpSqulPrVYQteoBVKv7U60VSJVmEDXaIdRoh1CtFUytzghqdUZQpzuSWt0QanSDqdYJosFgDLW6I6nVHUmJhi+Fat7kq3gitZtIh1kEbUZhiM0jaLWJQmw+ni67iQw4zEIa+BaDAUto2HyUgru3eXzzCrevXCDz8QMqC/5DIP+1AP/jvaT5z/f/hKRRcXyPuLmJnjXxDIZ8xoDXO8i9l0LIJwwGfADBHyNzX0iVshsivVHInecx6PIWHeojaRF60us8l07zKbQIPKgTuFMhcKVU4EKJ0IVSgRtVyj50mExE5r4Y3BfTbhpBicCDIiVnspScyRG4UqsZTIdhGDKzycjtZoPXEnBbRK/pJMR6o5HqjUNm8zoy77eRey9hwGYa7cZjwHEacrsJ1NkHkL/xa1ofnUH+MIH2u4fpvHUA6cXttCatQ3z2d1riV9ISv4KWc2uoO/07LdcP05yyi+oTK2m+GIP0xkHab+xHen0P7VfiEF/YijhlEy1J66lLWEt94gZqz66nOn4d1QkbqU3aRtP5GFou7qbt8n4kN4/ScecYbTcP0HZ1D42p24aB5Oz/juy935I1VKxn7fmG7P2Kc3xzjvzO/bhfyDq2noIjv/Aq7hsKDv5M/v4fyIn7ipe7Pufeqrc5tSyUzwO1meGozTgLNX6YPZbVU2z5OcyYxR5GzHRQY2OoHZkmLhSpelOtF0KFdiCl6t5kqzjzTNOJu0IbXgldKVL2JE/ozj2BHdcF1twWWHNbaMtNoQ2PlRyo1AikViuEes0QajSCqNUMpk4rhLohDHW6I6nTGUGDzkgadUcpwmAMdbojqdEOoV5v1PDrCg0/itR9aDEZi8Q4jHbTCbSbTqDDPFKxrcEsgm7LKMS2kxSfq+M02n3m0jjrMx7ev8btSylkPrpHZX4uDWUl1BYXKor0Vy8pefkHkmcUPX/yt0L9sQJIwYM75N+/+R8AqW+hpUWMuLmZwesvkY36in6fZfR7LoaAD5H7fYA84EPweZc2w/GUKbmB61sMDAFpErgz4PYWHabRtAg8/ymQahVfuk0jwW0huM5HajKBMiUvCoXOZAucKRR60Kg9UrH2ymoqOM5F7rUYudNcegzDadUZQZdRONjPQe79NnK/ZeA4B7HeSGTOU+m1jaDXZDT5ISFIbh2l7+5ZpI9P0XXnKO2XY5Gc30JbwjrEZ9fQcmYVdSdW0nDyN2oTN1ObvJ2aU78jurALyfWDtN84pMgk1/bSdjmWltQttKRupj5xAw2Jf+tY1SRupS5lpwLHlf20Xz80DKT9zmHaru2hPnkL5Sf/mCj8juzd35C7dzk5e74ld9+PFBz5jfwDP/Hq0O9UXzlO2dmN5O/7joLDf6X02AqKDv1Mwb7lZOz8nPsrl5DwQQTbZrnxRYghi/2MecNNk18mObA8womZHsa876fLjnA78q0UQ6Na3RDKNfwoUHbnmcCW57pu3FW2JVPZnWIVL7IFLtwV2A4Duatszx2BDfkanoovvvZI6tWDadAaQaP2SJp0RtOsN4YmvdE06Y2mWX+MYkLQYCwtBmMRGY6jQXsk9VohNOmNplF3FHWawdRqBFKh6U+7WRjtJuG0GY2nwywCqXEYUqMwOkwm0GUWSa9JBLUWYzmhasI5JSMea3qRe/UKt9KTefXwLhV5/wtAJA0imppFiJqb6KqqYyDiW7p9lyH3ehu57/vg9wFy3/eRe73LgN1sSoROdFrNYMDlLdrVRtAs9ETmuRCJcdQ/ACkWOFMqcKNG1Y9e00jkrvORO85FajKBcmVvCoVO5Cm5UqHuh0hnNJ0mEchtpyN3nofMaxFyhzl064+nTTeEXtNIBRyfpQy4L6HPcga4vobEaAzYTqbTcgKDrmMo/uQdmp8n0XfvDB13j9J5bR+d6TvpSNlCe/JmRPFraDi1muYTv1JzYiUNl+KoObOa5sRttF45iOTaQdqvH0R6bR8dN/YjTttBc+pmGhI30ZS8TVF3JG6jLnkHDSmxtFzao4B18zAdd07Qde8E7XcO03p1N7WJmyg59gsF+7+nYN/35O1ZTk7cN+Tt+4Giw79RemIt+Qd+IuPQGnLO7qbwyC+UHv6BkuOrqDy1mooTKyk59COZu/7Cq00fkfZpNHvm+bB7fjBL/I15f7Qd0520edPNkDe8tVkRZcvOUEsKrLyoUPejSjOAIqEH+SruPBfa80TbmQdqjmQquVGk7EmOwJX7QjtuCG24I7DhrrI9DwS2VOkE0KQzikbNETSoBSHWG4tYbyxtBqG0GoQi0h+LSH8sYsNQREahiI1CaTUeT6thKPWaITRqj0RsMI4WvTE0aI2gSTOYbuuJtBuNo90kHIlxGG1G42kzDKXDKIwukwl0mUxAYhbOPlU9flUVclBFnYuqtjy9dYmbF5OGgOT8+0AkLW3/gOBPIJpb/i6aaG1uprVJjLSxSXGET5OYroZa+j/eCP4fMei7CLyXQsD7imGW9zJwXUCduh8N2mPA8Q0aVX2pFdoh936Hbv2xNCj70SD0oErgRpnAZbj+qFbzodtqMji+hcz+dTpNI6lS8adU6EWJkicNWiOQ6o+n1zSKQbuZyD0XMeC5GLndDDr0xiDWG0+f+WRFmzjgY2RuC5CZTwanOXRbTUFmO4VemzC6nMbT7D6C+l0rkNw/g+TOETpvH0Fy/SCdl+PoSo+lLWkrLWfX0xy/jpaz66lNi6Px3CZEx1fQdnE3bZf20nHjIJ3XD9J59QCtaXE0p+ygIWUbDck7qE/aocCRuouWi7sRXdyH5NphpLeOIb11gs67J5HePkLblTjqEzdScuRnig58T/7+78jf/wN5+36g+PBKio+tpuj4ampS9lP5/CqFx9ZQsv8nqo+vourEOqpPr6Pq1FrKjq0id+8PPNv8KWlfzeTgmyHsfTOQ1a95sXyKDxG2mkx11ufbCQ4cf8eHvaG2lJgGUa0bTKWqL4XKnrwU2PNUYMMTNUcydDzJFLhQqOTBK4ET9wS2iqGVwIZbAkueq7oi0h9Hi1YITRohiLXHINEfj9QoHIlxOGL9cbTqh9JmMJ42g6H7hmF0mkYiMRxPo+YIRLpjaNEZjVhvLC06o2nTG0u74Xg6jcPpNI1AahSGxHA8UsPxSAxCkRiE0m44nuLR0SzXVGW7UINDAk0eWo7mxs1UbqQlkvHgDuW5OdSXFv8NSMY/AhlG8uQ+hY/uUfjw7n8GpK1JcWyopKmJnoYS5CfPQPAn9Pi8zaD7IuR+7yIP/Ah8liJzWUiHaQQlyu7InWbRpBZAhdAW/N+lR3cMzf8XIH1W0eDwJtjPpsdiErXqQZQr+1Cs5EmTzig6jSYwYB4N9rPB+236PRYxYBWNRCuYVp2xDFhOAdcFEPAJctcFilrFfhZ4L6BZexT9NpHIXCYz4DCBer/R1J5eR+OjE/TcPYnozjE6r++n48pepGmxiBO3IEnZTlvyNmoTNtOQvIvmkysRJ2+n9fwupJd203l1P51XDyBJ34PofMwwjobkGBrPx9CSFocofQ9tlw8ivX4E6a1jtN8+qQBy6zCtl2OpPbeeokM/UnzwR4oP/0zpkd8oPbKS8uNrKDu5jpKTa2murOD+7h95de0CxYd+pSlpO7XntlKbsIWas5spO7mW/EO/8nTr56Qvn8OB+aP4LdSGVa/5sWykPWNsNflmohOxb3qyfY4LiaFulBn4UWswkjIlLwqUPchUcuaFwIHnQkcy1NzIELiQr+RBhsCJuwIbbglsuCGw5pbAnFJtP0S6Y2nSCKJeNZAOw3A6DMLoNJqAxDCM1iEU7cYTkBqF02YwHolhGO3GE2jVH0eT1kha9ccNZ51W/XHDk7/dphF0mExAahRGu3E4UotIuqyi6DAKo0lvNFl/fZ+Hq99nraYGewUaZI6Zw53raVy/kMDL+7cpz82mrqSImqICynKy/meAtDaJETW30d5Yj6wuh76ca8jHfwZeHyB3W4Tcayn4f8ig50JwWYzc4Q2KhA70WEQh0gihWGiFPOgDerRHI1L674EMWEYjt54DtrPos4qmUXskFSq+lKv50qI/hm6TSAYtpoLjPPB+hz7XRfSbT0SqGUSHQSgy62mKGibgEwYd5jFoNBG57SwGvBcgd3oNqeFoBpzH0mcXjixwKlWjx1OTtBPpreNIbhyl7dp+Om8cQnp5H+1psbSnxdKasoOWs5toSDtA3YlfESdspi15G22p22m/vJeOK/uRXtpL28XdNKXG0JASQ3PqXpouxNJ0IRZR+h6kVw/Tees4HXdO0HHnFF33TiG5dRhR+i5q4tdScuRnyo/9RsWJ36k+tZ7aM5upO7uZ2oStlJ1ez9OTm6h4dpmXcT9SHb+R2sRt1KfEUJO4jeqErRQdX0POgV95suULLv84nwPzx/J1gCk/TPJgtocJ30X7svN1D04sG8m66c5cDHKl1sCPMk1/SoWe5AoUIDIELuQI3chUdSdTxZ1soSsvBc7DGeSWwIa7QitaDEfTojmKRvVAqoW+dBpNoNcogh6TSDoMw5EahtFhEkGnaSSdppFIjcKHX4t0xwwPxdoMQmnVH0eHyQQ6jMKGlxANZw+jMDrMIug3j6LVKBSRz0zyYz7lWcwnXF72GluUtSh852suXUrh+oUEXty/pXju4r8L5J/CaBENx58mB/+EpRlRUytdjTUMVj9hsPweve+tYMD3PeSeS5F7LgW/9xUrfJ3ng9M8GjUCadLyo00rlHyBEzLf9+jSDKLxv2SQMqEbpQIPatQC6TGdiNxmxhCQqTTrjqFS1Z8SDV/ajcOQW0Qjt5qOzHUhMt9lyJzm0WkcRpveKDqNIpDZzELutQz83mXAdgZ9JuEM2kxH5jaXAY85dNtMotNyNP0OE+i3iwDnaPLCJ1B2YhWSq8fovHwQyY2DdF7cTfvlPXRd248kPY62hI2UXDlC5fE1iJI2IU7aRFvSZiSpW+m8uIv2i3GIz++iJXknzam7aD4fQ1PqLkQX9yK6dADp9WN03zlNz90zdN87S9ftU7RfO4Lo/HaqTq2m8uQqxfqs+HXUn9tAY+ImGpJ3IU7dgbgsn8aX9yg5tJLK+E3Dk471STuoTdlBxdnNFB5bTebeH3i28TPSflzIwWA3doa7sMRbj0hnS2LeCuHgokDWzXLh6Fxfsux8KNXxpkYrkCKhYo9HpsCFPIEbOUI3nqm58UzoTLaSK1lCV+4p2XJDyYrbAiueKjnToT8WsdYIGtUDqVHyo8s4gl7TifSYTlRkCqNwuk0iFXDMoug2iWLAciq9ZpNp0RuL2CB0OCQG4xmwjKbbNIIes0jaDcfTZqSoVaQm4XRZTKDDcAItxmOo2vY1+Qe+ofDw9+Qe+p4Lo0dStWE3l9MSuZp6luf3bv4DkD8e+Vz8/xtIa6OI3voy5BX3GCy+hmxHHAR8jNxzKTKPtxX1h9sSBRCXt+ixnEaxwIYWzZGUKLkh815Gt9Y/AikVuFIicKdaNQCp/ngGLKcit3mNfutpiPTHUa0RSI12CN2mkcitpyO3ncmA+yLwfQ/s59JpEIpUbyS9JlHI7GYz6L0M/N+l33o6fSbh9FtNBa9FDHrOQ+Y8kz6riXRbhNNpOpZ+h8n0WYWRP248RbuX05i2k84rB2i/dpCO64dov3YQyZX9tKbuoObaafJS9tCWupXWlC1IkrfQnrwVafJWJMk7aEvegShxB62pMYhSdiFKjaHlwm5a0w/Qfu0o3bdO0XP7FD13T9N18xiSS/toTt5Kbfw66s6uH4bRnLyFlpStNKXspCx+O2X302m+l0Rjwg6aL8TRmLJrGEhN8nbKzmwg/8jvvNi1nAebPufC1DAuCY04HO7OXydbMM3Xhj3LQoldEsDRt0dxeaQXJYY+1OsHUasTTIGSB9kCF7KErhQoeZAjdOOxsjMvVN3IFLrwQuDEfYE1NwSW3BNYU64TQpveOESao6hT8aNeVfHD1mcWNQykyySSbpNIxX3zyfSYTkJmPZ0+82ja9McjMQij3WgCnUP7eXqMI+g1nzgMpFVvLFKjMDpNJiA1DEVkFkb9pNfJPvwtJUd/oPT4zxQd/ytl+34lLzmFa5dS/neBiFtEtDU2M1ibD2XXoPgy3DjHYMBH4PUOg+5LFFnEYyly5wXgNI9B+4WUCK2pVvGmTMWTAfcldGoG0qDk+08zSLVqAGLtMQxaTQO71xmwmY7YIJQ6rRBE+uPoN49Gbvc6MsfXkXu/DT7vgvVsuvTHIdUZyYDpZOSObyD3fx+Z3zL6rKbRYzSePsspDLrOB9/FyFxeB9tZdBlF0GM2nkG7MGQ2E2g3HkFF8GhKV39MS8oOJNeP0H7tCJ03j9F54yitl/dRl36Kiuw7SM5vQ3p+G9KUrUgTNiE9u5G2c1toO7cN0ZmtiBN20Jq0UwElNQ5J+kE6rh2i++Yxuof+X/vVg0jSdyNK3UZT0mYFiKFrS8pWRKnbaEnZQUXacXJT9lFyaj1V8VtpPK8AUpe4nbrE7VQlbqX45DryDq3k2dZvuTlrCs+UrEhWMuHQBE9OvzeGdwP02TU3iPWvOXJymjdPbb0o0/SnUjeAcq0A8pU9yBoCUqjsSa6SO0/VFCt3Xym58kzozAOBDbcEVjxSsqPVOByR/jia1EKoVfalXjWQPvNJDFhMptskEolhGN1mE+k1i2LAMpoe0yj6zKOR28ygy3giHQZhwxmnwzCcAYvJDJhG0WcRRadxOBL9cUj1Q+k0CqPHJIIuk4k02IynbNf3VJz+mcpTv1B+8hdKT/1GwcGvyTy9mXsX/5eBtIjEdDTUMVj1koHy68iLLyLPvchg+MfIXZci93wHmfvfgMgd54LzfJpVQigSOlJqFIHM9S0k6iG0CLxoFHhRK/CkUuBOhdCVcoE7VcpeiLRGI7OZAXav02c1lTajMOq1R9CqH0af1TTk9m8gc3gTud/7yD0WI7eIpkN3HO36ofRZRIHTfGRBHyHzWsSg1RQ6jccp6hrX+eC9jEGnucgdpiG3m0OHaRQdFmOQ2U+gzzoUqXEIhebuVP6wjJqUzUhunEJ07zhttw4huX6Q+sv76C58QPPJtbSlx9CeuoP2+C1IT22m4/QWpMfWIzm5lpZT6xGd3UJbUgzilDja0g/Rce0IXTeOKeKaovMlvbQXUfJWWlO2IU7eiihpC6KUHTSnKIZpotQdFFw+Q97x36iM30p9cgyNqXHUJe2iNnEn1ee2U3ZyK0VH15EZ8wP3pkeTreLAfWVLzinrcyjYmfQVb7FraQDrpjqyY2kw8Z4W5FoHUKsaTJVOIOUCT4o1fXkpdKFQ4EW5ki+5Qg9e6njxRMmZlwJnnguceCi04a7AlkxVN6QmExDpjKZZM5gqVW+qlf0ZsJjCoNU0ekwn0mEURo/ZZAatZjBgOZ0e02j6zKYjs55Jp1EknUaRdBhG0G8xhR6TSAYsJtNnFkWf2UQ6DcOQ6o2j0zCSPpNJ9JpPotsonLoFi8k7/QuV51ZRF7+S6lO/UHXqJ8rO/EzZib/yIvEot1JSeXH/FuW5OX+uQf5Jm/cPIIVPH1D46B5Fj+5R8ODWvw9E1NxKV0MF8srHyEqvIS+9grwgnb7Pf1EsY3dehNxtCbgtQe4yBMRlAd0G4eQJbGl2eA2Z8zzaNUfSquz7X4C4DwHxoUVzlAKIwxz6rKYiNgilUXcUEqMIBm1mgsNc5M7zkfu+j8xtIXKzyXTojqPLKJwBq8nguhB50EfI3RcyYBlNh9FY+i0nM+g8D7zeQe7yJj1mkQzaTge3efRZTaZdfyw4TKbXbBwtuoH0+I+l+LUoKo79lba0GNrT9yG+fZSuq4cQPzxP9Yk1SNJi6UqLoyNpJ+3xW5Gc3ETzodU0H15By6n1tMRvpuXcNkTJMbSm76f90n46rxyk6+qhPwFpO79T0RVL2a5oBqTuojk1BlHabsoSdlBy/iD5x1dRm7iT+uQYGlJiqUnYQW3iTspObSLz9DpK9qziyoRQSlScKVZy5raSJYfVzPE20cfOyZCpge68HWTDu/5WXHT0pUl3BMW6QYi0gigWuJOv5kW2sjslyr6UCX3IEXrwUtuLx0InngsceS5w4omSPc+EjpRrBdBlNhGxzmia1YOoUPakQujDgMVU5LYz6TKORKI/bhjIHyG3fh2Z9Uw6DCPoMZ1Et0kUXcYTGbSMpt98kmJ4ZhJBh8F4OgzGIzOaRK9VNP3GEdRZjqX0+DpqT66k+swqauJXURO/kqrTv1B+ZiU1J3+i7ORqHl84yZOHNygpyP2fB9La1EpvfSFU3Ibia8hKrtCbl85g8gE6/RYjs5+H3OktZC6LhoHInN4Eq2kUCuzp9VuCzHHuEBCfPwNR8qRCqPglatEcxYDlVGTWM+k2n4zYIJQmvdG0G0cOA8FlAXLf9xlwmc+gSRSdeqGKCUbbqYqsEvQRuLxFn/lk2g3H0Gc+6U9ABq2n0GUeDk6vI3deSL/9bLqsJtLvEEmzvh8St7H0mo2mxnMkRT99TH1aLG3Xj9F+8wiNFw/RfDEGceJ2ei/vpz01hvaE7UhOb0Z0dC2iY6sQn95Aa8I2xIlbaU2NoTV9Dx2X9tJ1Zb8i/g6I5OJuWi/E0pKyg6bk7TSn7EKUtpfG87upuh5P+ZktVMRvpz45ZjhzVMZvpersNoqOraNkx0888wiiTOhMprIzj4Q2pAvM+FxTBy93DxwMLTA2tcDUTA9zGyMcDHW5ZhRMpX4QLdrB5AndyBS6UqTmTZVGMJUq/uQKPXii5spjJWcyldx4KXThmdCRbKE7bbpj6TWLolV7NGKNYCpVvCgXetNnNplBq2l0GkUgNQil12wyMuuZ9JlPZdBqBtjOYdBqBp1GkQxYKs4w6zKeqBheDWWQbuMJtOuH0m08AbnZZLrNI2k3CqXus88pPr6C6oTVNJ7bRPXZNdQmrKX67O9Ux/9O1ZmVVJ7+lfz4bby6f52KvLz/AMjfYRhG8adi/J9He2Mb/XUvofQ+lFyCwsvI8y8hy75AT+hSup0XgssbDLotBNdFYP8WMts3GLCZRoOqBwMhnyG3m027WggtSn40CryoEXhQJfCgQuhOhdCLamV/WnXGIredCbaz6LacpJh0MgilxyQK7F4Hx7kMer4DPsuQO8ymzziCLv3x9FlMRGY/G7zeA78PGXSeQ695JB3GYfRbTAaXN8FrGXK3hfRZTqLLJFxxSJ3zXAbdFiJ3mUebzkh6bMIYcB2P1CiEfvPxiMxHUjR1FgUHv0N8MRbxxUOIr52l6djvdNw+gDR9D9LUHbQlbqE1fpMiErfQlrwNUWosbWl7kKbvQ5q+j/ZL+5Gm76Pr6iHaLytet12MQ3R+J80p22lJ2YUofTd1aTFUnN1JccoBig+soDR+AxXnd1CZsJWS1G0UJmyi4MQa8r79iAI1V4pUXMlVdaVIYM8NgSXP1Fx5T1cHdwc7HGytsLe2wNzMBEtzM8zNTDmi4UK5XgDl6t7kCdzIFbhSqu5LhYo/RcreZApdeSx05JHAkUxlN7KFbmQLXSgSeCMxUhTVbdqjaVELpFrfUCUAACAASURBVFLoTrHQhX6TycispiLVG0+7/nhk1jORWc1i0Ho6MpuZYDsHmeUMugwiGLCcTp/pZGTmitpDZj6ZPpOJdBqG02U0gT6zKOR6EfQYR1NjOZayo6upPbOe2nMbqIlfR3XiOqoT1lB7bhXV8SupPLOCytO/UXZqJYXpR6nMyaS+tPhfbvP+R0A6G1oYrHsMpXeRl1xWAMlLR56ThvyHVcgdFiBzeH2og7UQnOYjt5mDzH4mEq0RyEI+R2b7OlJVBZAmgTe1As8/AalRCaBNdxxyG0ValhiHIzWZQKvheHpMopHbz0Hu+CYyr2WKjpn96/QZRdBtEIbMJhq54xvg9yH4fYDMaTbdpuFIDULpt5iM3GkueL+L3H0Rg9ZTkBqE0mMWicxuBv2O88BtAdjPpM14HD0OYUiNR9JrHobcLIwu7UAq9L3ImTebuiOrqUvdR9nZjTQnrKcjfR+d6btpT92FJGkH0uSdSFJ3ITm/C/H5OCQX9w4D+fuQXNyL5OJexBfiEJ2PoSU1hsYLcYhSY6lLjqHgwkFKzsVQfmwNZWc2Upuwjcb4rVSe3Uxt3CoejxpHpdCJImXXoa0AjjwT2PFKx4P7Si5M19HFw9kBW0szzEwN0dXRQldHC00NNXbruFCt7keZsge5AjeyhyYEi5V8yBV68FzgzEOB/TCQHKEbecrulKsG0Gk6mQ7DcMRao2hWDaBc6E6R0Jl+02gGLaOR6I5DqheK3Po1ZFazkFlPR2Y9A7ndHHpNouk1jkJmPZMeYwWMQbNJCiDGkbTrj6fXVJFVei0m0aofStnyLyk5tpqqsxuoPreBuqRNNJzfTF3yeuoSVlN7bhU1Z39XQDn9G0XHfqH85aP/eSA9dbXIqm8jL7lJf3E6svx0BnPSkOek0Zd6QFEPuMxDbv8mOC9A5rIAue0c5PZv0GMwCUK+YNBmFlLVEETK/sNAqoWeVCh5UKnkTY2Kos2L7UxFOjafiNRkAhLjcHotZiiWoDjNR+71HnguRWY1g179cPpNIpHZRIPzPAj6BJn3e8htX6PLJGwYiMzpDfB6FzwWg910pEPLFgYsJyN3nIvcfTG4zkPuMIteh0mIdUfTYzqeTutwOizG0aodQqeKN8Va9rx6fRLV8XtoOfA9jSkxtJ6PpS0lhrbkXUguxCFJ240kfc9w9vgjc/z9+z+AtKXtQZQaS1PSTppSYmhM2UVZ4m4q7qVRdmoTZafWUHVqC1VJ2yg4vY6MWVPJUrahRuBCofCPjWSOPBPaUqs7ggyhE9tUrbAxN8HKzBgba3P09LXQ19NBX08HYyMDVhrYk6/jS7HQjWyBq6KDJXAhR+BJhtCdRwJH7v8XIPlKbtRqhNBrFk27QRgtGiNoUvGnTMmNfIETvRZTGLCYTKv2GKR6oWDzX4DYzKbTYCKD5lPAdha9JpOGccjMJ9NrFEHnUEdr0DKaXpNJNNqNpfDQ79Se2EhN0mbqUrbQeGEbdSkbqU/ZQGPyuuEsUh2/kopTK2g+9xt5SbH/M0AkTU2ImxXLTPpri6DiFvLi6wwWXUKWdwlZThry7PPIXiTQP+ED+uznIrebq+gkuSxEbj8Pud0c+o2nQ9CnDFrPRKIWjEjZn2ahD3VCL6qFnlQqeVAh9KJePZhu4whktjPot5pBu2kkXZaT6bacwqD1LHCez6DrIuQ+74HrIgYtp9JpGEq/2UQGrKaA63wI/ASZ2xJkVjPpMgn/GwKnucg931bsXbebTofxBNr0xtJvEUW/zQwGnN5k0PFNRZvY+XXkdq/RbTyRdp0x9FqMp910NO2GIVSputJq7kX1V99TExJC3V+/puXMFkTpcYjPxyBOiaHtwm46Lu1Hkr6f9suHkKQfQJK+l9YLcUgu7Kbtwj5aL+xFdH4PzamxNKXE0JCyi7rkndSe2krZg0uUnNtBxcmNlB/6nbJNP5EZOpFCdSeqBA6UKblQLHQiX+hMpsCJXGU3yvUCKdUM4I6GAxvULDG3MsfOzgprc1MsbK2wtLVAx9To/9D2ltFt3WnfriQzkyRLZmbGmJkdhwtpilOYTtuBd+jpM1NMIWWGQClpmNMwt2kY6zipncQxg8DMlrSv82HLTjLtzDtnnXU+3GvvaC07Xva+9u/mPypHVy7ZxnNDGkGdJNgMRyiXpKFclIZxVhrCj9JAfpD6c1ISyE+ycOplUTRaxqB1zMSgrmTIPZ8euzQ6LKK5IQvlqjSIMa9yDJ7l9NinM+Sai+BdMx2Ym3xqELxnMexagEFdjcmrGoNnOZOKEgRVGUZlCSMuuUwoijEoS5hQlzAoL+Ta7x7l+lcv0LDxTTq2vYdm5wdodr6PZud7dG9/i64tr9O56VXaNyymfcNiWje8QtPqf9K0+jlunjpCc30DLbXnuWaG41+bFX8VkF6t7r9SjR6NVmxQ1PYw0N2Nse0CNB6F+v3w8x5MdbsRLn+H6dJWhs6uw/C3lyFoEUafGkz+8xAC70Lwuwd8ZmNUzoT4xzF5V9Fnk4zeIuEOQKZcLI19GhPKYgzelYx7VdHvXsCwsoxRVRUm39kQfDfGsPsR4h6F0HsxqEoZkWczKs8X/wiRiyDxSYTQhQg+NYzI8xl0y2FSXQJBC8TZkcgHmfSrYlhRON0cN+pZjClgLkb/+RB2FwTPx+g7C3zmgH8NE6pCep1SGVVmobGLpcUxjM6HnqDBwptJtxm0O0ZTn1yA/pln0H71Jprtn9K653P6dy9lYMenjO5cinbP53Tv+hTN7s/Q7P6M9u8+on3Hh3Rt+5COze/Tsek9Gta8TO1Xn3N5/2ra3vlfTibO4JJdADrLMFrsY2i1iaLVMpKbNpGiWyULpNU5jSaHZOotY7gqjeC4VRCHrSPIc3FB7a0kMMAPuY8nnko59zvK+d4qiCbLGBqk5tqHJJhaMyDnpSGclgZzzDx7fkoaRK0knBsWcbRZJ9HnmofJeyaDHvn02aXRYhHBDVkIV2RBjPlUMC4vQ2+XyrBbLiZ1DfjORfCeLcYfXtWMuuVj9J2LwbMco6oCg2c5qMsZdy9gxCUXo1sxBlUZgqqUduUMGj59nuurXqF52/t07fwE3e5P0O36CN3uj9F89x5dW9+ia/PrtG94hfYNr0y7Wk2rn+PGqpfpqP+Zpit1XP+XgalpOE6f+P8GSE+3Dn23nuGuFkwtZxFuHPlVQMYvbsK4bTnjcQvBf5Y4jx64AFPgveA7C6NqFsQ+hsm7mn7blF8FpMUiBr1ThpjyU5czpq5k1LOUSa9qjD6zIWABhCxEiHoEIfYxhMC7MSiKGZPnYPAowuQ3FyH2YUh8AlPI3Qg+1YwqCqYBMQXMwxB+L0TcjzFgJiPKIvpdsuixT2XIPZdJ7ypM/nMRwu+C8LshZD6C3yxM3tXgWwPB8xjxKETvkI7OKYXmkAx+nnMv/W6pDNomobeKpdctjTG3NNqDsujMraH1oUV0/u1pupb8D23vP492xRK0X72JfvU7aL96g5YPnqP1f/5E66OP0lQ6i0tRM7jw+YdctwxEb5dIu00k7RZhNFqG0GoVRatNFDetI7gsCaXRNp52l3RabBO5bhnLZWkEV2SRXLWKo1YWzqsWDvwmLpyH8uNYEKPmvhhHtgUE0CKL5aYsip8l4dRKQrksCRV7r/4FkB8kfpyWBXNZGkGjVTwdtikMuBdg9KpmSF5An10aTdIw6qXBXJL4MelfxYSiHL1dCsNuuQhes+4AZNitiFG3fAw+c5hQlGJUVWBSV2JUljDmls+ERyEmz0qMqjJG5QW0PvYoF1f8g+sbltC5eymavcvQ719Gz97P0e/5BO3O99Fsf5vuLUtESG4P2tc8T/e3z9Kw82saamu5fv7M/z+A6DTiFOFo501MzacwXT8sAlK/9w5AJk6vZ/z410zMeQoC5mD0rgK/uQhBCyFgLkb1LIh5FMG7mgHb1F8A0iyLoMUihh7nTMYVRYyrypjwrp5uORF85kDQPRC6CGIeg7jHIOAuDPIiJjxyEOSlEHgXQuLjkPAbDIHzMHlX3AaIGGcYwxdC5AMQNJsRZREDrtn0OqYy6JLJqLIY/OcwGTSHyYDZ4mlYgXMwetVg8poDvvNFSP3mMOpfjsY5mtr1S2mUBTDslkKbRSidtpH0uKQw5J7OmDKLbudEuu3j0dsnMGgbQ49dFN2OUbTbxdJtG4vOKgadTSwddtHcdIymtvhejkUncNUqinbrADosIrlpGU6XJJxWWTiNsjCa7WPoccsRK9l2adyQRHNVEs5PknBuyKLpdsnjlGUIXzo5se+JKtb9TwXvVvnx+2QXVsWpaJNE0iiL4qoZjp8tIrliEfELQKbW+VyxiKLJOhGN4wxGlCUIPjUMyQvotUulSRrGVWkg5yU+TAZUMy4vo9Minn7HTBEQv3ngOxf85jHoko9BWYrRZy5jHsUYVRUYVRVMyosYdy8QK+meZaAoQ+OVz5kP/8bFr55lZOsntO//As3+FegOLEe3d+kdgGi2vkH3ljfo2PjqdMDevOZ5rq99g4av/0HzxVNcO/f/BpBuLf3a/y4w79F009vdy3jnDYSbPyBcP4hQvxd+3oNQtxNqt2O6uJmxC1sYPr4G4f0lELwQg38leFZi8puPEDAbo3o2RD+GSV1Jn3UyeotEtNI4OqQxtEqjabaIotMqkWH3PMbkBYx5FjOqKsOgrmJcPROD71wIvBdTxAMI8Y8hRN+P4D8bg6KEcUUBgmcpQuDdkPI7MT7xn8+kdwVjykJGPArErFjAPAi5B8IWQfA9jKoq6HGeQY9TMj2OaQy65YBvlVjgjFwoBu4B8zD6zsGorkHwElPPJv/ZEDwXo38NXbMe52p8BSP2M9A7ptDjnILeKZFh93QGnVPoc0mhxykJvWMCOvtYehzi0dnHonOIR2svWrttDNcdwmiziqD1hRc5K/Wm1TKSLotI2q2jabOKodM2YXq6bkhZQL97Fh2OydRbR3NZGsFVWRTXLWPRO2bS7jaDHyXeLLVx5NDvytnyVDYfzQrm99H2vJulpMEqmBvSSK5LImiURdFoEcfPkkh+koRwWhbMSWkQJySBnJaEUGcRTbNNEu024ijBpKock89MRpQl9NnNoFkWyVVpMGckSgx+FYy7F6K3SWbYORfBZy74L4CAuxB856C3S8fgWYFJXY2gKsPkWSpeFSVMeBRjUldj9C7H4FJG2+y7ufjZszSte5OeAyvQHlyO7tAKdIfE+959S9Ht+gjtjvfRbH+Xzi1v0L5ZTP+2bFhM69oXaFr7Ih2rnqdu/Uc0XjwrAnJb7DE9MHX6GFdOfG8emjID0qf5v8PRq9Wh02no6dZhaK9DaDxsBmQPws+7oW4nwk/bMF7YxMTFzYyeWsfIvi8wZN0PvrNAVQk+80WXK+AuiHwEk7qSAdtUeiyT0Mni6ZTF0iaLoUkWRbdNMsNuuYx65DOiKGJMXS42LHrVIJjdK6IfEicXIxch+M/GqCxl0rMYvCoh9D6ElKcg6mHwncukqlzc3ysXC1MELUAIEZMHBN+D0a+Gfvcsep1T6HFMmz52YdJ/FiQ+gDFoDgTOh8D5mLxmMS4vZkxRgsG3msmAuRh9ZjOpmsnQP97BGDAfk3oWPaoShj3yGHDOYsAxE71jEj1Ooukc4ulxSjTDEYfGLha9YwI3lUnobZO4uuARjniEU28ZRKN9HFrHDAY8shmSFzDokc+wZyGj6mL63HO4aRvHNcsorkjCuCKNpMk2kQ4ncb7iJ4sw9ksUrA8JYO3CeI4+W8bb1QE8GevAG3kKzqiCaZBGcE0WyQ3LaBqk0dRJxL1Xp8xwnJAEck4aSr1VHG12KXTZpjLomjtdwB1RltBrm0aLRRRXJEGcliiY9ClnzK0QnXUS/fYZmLxmQ+DdEHg3k1416O3SwbeGUfdbmSujsgSDvFjMbHnXYFSXoXFK4+KSP3J5xXNodn1K3/dfozv8BT1HvqTnyJfoD39Bz4Hloors+hDtjvfo2vomHVtep23z67RufIW2dS/SvOpvdH77LA0rX6Dlh23cOH+Gn8+d48a5E/8ZkJ4uzX8NiFavo7e7C2PrebhxENO1A5h+NgNyZRfCT9swnN/I8KUNCMfXMnx8FeNP/QWC7wbPKvCcjcmrClPgXRD+EIK66g5AuiziaJPF0GwRjc4+jSFXsTltVFHEpE8Vgk8NE14zEQLEVaRC7CMQ8yim8IUYfWswKEpEQLxnQvhDGJOfhkgREIOqnFGFuNja5F2FKWCeOEgVdh+ELsToV8OgPBetXQIa2yR6HGcw4JrDuH81JC3CGDIbIWCeOHfiPx+DqpRB11yGlYWYfER1MniX0/mnF7iRPA8C5yJ4VWHwqgLvmQheM5nwLGdcWcqovJhBjwIGPQoZ9ChgyC2XfudsBt1yGfPMQuOey9mn/kyTUwaDbiVMuBfS65ZJn2sOgx6FTHhVoXFMZ1CRT6tVAnXm+kWjTSxtjql0Oqejc82kxS6JY1aBbLdXsas4na2Pp7DnqUw+viuS38Q68FKuM8djoqiXRdBgEUmDRSRXJZHUSsI5LwnmpBmOk9IgzsvCuG6TgNYpgwGXHEblhZi8qzB6VTOiLKHH5hYgZyQKDL4VjLkVorVMYMgpG6PXbHHwLfBuDFOA+M2aBmQqe2WUF4NXFQbPSgbVJXTmzeTYB7/nxurX6DkgKkfP0a/oNVvPkS/pPfQFPQc+R7tbBESz/W06ty6hfcsS2je9Rvv6l2jd8Dwta1/i5uoXubjmbW5eOM2VcxdoPPvjfwZE361B/38Lzs3W19XBQKcOY/NxuL4fru1GuPodQt0OTJe3Y7q0FcP5TUye28j4ybWMHvsWw6q3GI9aAPIqUJQgqMtEqQ29B0FVxZBdJjrLRDQy0cVqk0RPAzLsJs4QiJ2fNQg+NYx7zUQIuRsh6n6E2CfEQ3mC5iH4zsKoLAV1JYLfHISYhyH+txBxP4LPLCZUZYwpC28DZIEISLhYxMR/LuPKYnR2qWjtktHaJTPkno3JqxxjQA3GyLvAfx6C31wImI/Rt5Jht1z0rjOYVJcwoSrG6F3GSFA1vZu3MKqqQVCUY1BXMOFZJr5tfaqn2yqmzKCuwGTO4owpShgJKqel6jEuWcWit0+h1y2HHucs+pyyGFOIv4dJVSXdDmnoXDNpkEbRIIvmpnU8XY5p6F2z6XHPQeeWyVVZJCel/uz0C2B7dTKr74tj++8LWDo3gmfSXPmgJojtWSFctgqjQRrNJUkwtTJxUOqcJJiTUj9OSgM4LQniJ8tIbtok0GWfTr9bPmOKMoxe1aKCeBShs0nlhiSMq7JgfpDIMXqViYBYxaGzTkLwmonRdz5C0D0Mu+bSZ5eOUVmKoKpAUFVgVJYxKS+Z/l0YVOWMupZQ9/uHuPL2H2nd8SE9B1fQf+QrBo5+Td/hL+k7LMKhO7QCvTke0e76CM1379G55Q26Nr9O1+bX6dz0Gu0bXqF13cs0rX6Bm9/8D/UH1lF38QINZ4/9ApCpufSrx82A6DTa/woQvaaTofZWTM1H7gTk8vY7AJk4u4GxE2sY+WEV2qPLMVU+yqTPTAxuhRgURZh854mAqKsYccimxzoFrYXoYrVLY2ixjJlWkBEPsctT8KlB8J3FpM8shJC7MUXdLwIQ/ZCYhvWpQVCXg7pS3Daf8CjG2MfFirhXNZOqUvGQHVUpgk81QuBdEHovQvhCCLwLAuZhUJfR55QxDUivUzojHgXiOtPQBeJYr/8cCJwHgXOYVJbS5y7OTI8qCjB4lWJUlaN76zOaU+5F8K1hUlXOqLyYYXcx/hl2z2fILY9B11xRgdzzGTHPQQzKCxhwLeD4g49yTRZDk00iHbYpdNqkMOyej9GrkklVOQMuebRZJ9Ioi+GaLJoWuyR0bpniUJFrDj0eOVy3juOyNIwDMk/2psez9Z4MPqrwYc1v0kRA0t14uyqML3J9OekeKE4K3tate1oSxInbAKm1iqLJNhGNY6aoYp6iezXVcKi1TqFRGs5VWQjHZAomVcWMuOShtYpHa5WA4FWNyW8+BMxn0CmLIacsJuXF04BMyksYdy/CqCzDpK7EoCpHp8rj7OInuLr0WXT7ltF76Av6j3xF3+Evp699h7+cVhH9vmX07P30lxmtDa/Qtn4xLWtfonnNi7St+weXvl1My9lj1J8+958B0XV1/0dA9N2aadNquxlvbYCmfSIgDbswXdnxq4CMHl/NyA+r6Dm8nOE3F0PAXAR5CSMuOYyrasQHV13NsH0WeutktBaii9UujaHVagqQHPEBNfu6gk8NBt/ZEHoPxohFEP+kONobvACj90zwrgQvcbuJkPAYhrgnEIIXgLoCg7KISXWJeJybXw0E3yOO4oYvhKC7EfzmYvKuYMQjD61dMt02iWjtkqf/f/xmQ9AcTH4zEfxrEPzngG8NQlANfc6ZYkOeZxGj3mVM+s7j2sqvGXMvwuhVyai8mAGXPIY9xEKl3iEdvUM6WrtUNLYpdNum0GGdRJtNEmfvfZKbsmh+touhWZZAl30aQ/ICjF7lTHiWMOCSQ5dVMs0WcbTbJdPtKq7QGZDniSOprjloXTOpt4njjFUIh70iWBUbwNFHS/ikyo/1j2eyclESjyc78b/ZfnxSHczBwADOSf05JQ3grCSIM9JgTsuCfwFIs13SNCAGtejymnxmMuiafxsgwfxooWRcWUi/fRZaq3g0lvEIqkrR1fWaSZc0lgGHDHPfVTlGpag2k/ISERivKsaVpbQnlXNqyeO0bHybnkNf0HNwBYPff0P/ka+mre+wOQ45uALd3qW/AGQKkrb1i2lbv5jWdS/TuuZlmle/RP13K7h69pcxyL8oSBdaTdcdSnGHatwGSHd3HxMtl8zqsQd+3gl1O+DyDoSftmG6uAXj2Y1MnFrH2I+rGf1+JYMHv6Rr25uY4ucjqMsZssthQFUAoYsQ1DWMO+egt05AYxkvwiGNpt0iBq1dKgMu2eYJNLOce9Vg8p8r9nfFPAEJT2CKXARBC8Q/mO8s8J2NKWwRhpSnMMY+CEHzwKuKCXPLglFdgclXTBSYwhcihN4LQXOZ9BYPCjWoStHYJtFtE4/OIeFW75ZPNULALISAWZj8a8B/DgbfGghdwIBrNn3OGYzIcxnzyGdcXo72s6+5nLCAUa8yxtRVDHjmMOCSQ79ztrjQwD3X/HWZ9DrmoHdOpcspg47Zj9LrmEG9dRzdlkkMu+eL6udZQr9bLt12aXRYJ9PtkE6vWw5DSnGMdUhegN4li16PHHR2mTTYxPODWxAn49NYmRDAlnuSeaU4hK1PZbNiURR/zlbzTJIHS4q82Rqu4oTEj9OSIE5ZBE7bVIB+RhrMJcsImu2S0DtnMeZRzKSqEsGnRuyRc85Gb5PCTVkYVyXBHJd50KfKZcQxH511HB0W0Ri9qsBnHpOqKtqkUejtUkFdhqAsxSgvZtQ5V4w/FCWMqSoZc8vnyl01nPrwz/Ts+JRes2oMHP36F4D0HfyC3gMr6Nm/HO2ez9Hu+hjtzg/p2v4OndvepPM2N6tt/WJa1r9M59p/UrvyNW6e/oGG8z9y7dRR6k/9yM+nRECunPieOlFBOv8jILqu7ttMg6H5HFzbh2AGRLi8XUzv/rQV44XNGM6K8cfYj6sZOfoNQ/uXo939IWNP/ZGJgEqGbbPp88hBCF+EyauGUefs6bdMp0WceSItDq1dKv0u2Ux4ljCuLBUB8J4lZpJCF/4CEKNPDYL/bPHNHv0gQurT4vqhgDmgrvy3gBB6L0KAOIw1qSrHqC5H75BOt00CnVax9DplMKYQlcDoU43RpwoCZmEyp3iNAbMZV5Yw5J7HgGsmve7ZGHwq6PapomHTGoZcixj3rsDoUcaoeYHBoGsuwx4iJINuOfQ7ZaFX5NP5j1fQeOYx5JJNm2s6A45iK/m4sphh93z0TploHWbcWpkjLxAXIbjn0+uSjdYpA61rJs2WidS6xXAmKoGNam9WxPuw4aFU/pDkytf3xfDFvRH8MUPJXzK9eCHLg/XxXvxoF8SPEj9OygKmbSpAPysL4ZJlBDdtEtA5ZzGhKGVSVYnJeyYGdRX9ztnobJJplIVRJwnkhIWcXs8cRp0K0VrG0iqJZMKzDJP3XIbcCmmVRKC1SUZQlWLwKGLCrYARpxxMihKM3uVMqivp9cjgzN8foPbbl+jds/RXAZlysQYOfzUNyVRdRKywf4jmu3foMitJx8ZXaV33Mi0bXqVlzT9pXvVPrq1/l8azZ7h6/gxXzn7/64BoujvvUIp/B0h/RyumptMI1w9gatgzHX9Qux3jpS0Yzm/CcFv8MXT4K/QHP0W/9X00X76MMX4BBscC9M4zIOoBTL6zGXHJQWMtAtIhi6VVGk2nVRxd1kn0OmUypijCoK64AxAh5N5/AWQ+mE/OJXAuxD8ipnjDFomAeFVh8Cq7AxAC7zYryD0IAbMZV5eLc9JeVQy759Ntk0S3TSI9jjPE1UJqsdIreFWBz0wEv9kY/WdjCpwjHjetKheVwXkG/Y4zmFCW0//XJdQnz8bgXY6gmoNBXca4sliMRTzypq3fLYuGgApuLvwDvQ4z0Nml0W2fyrCiQBxFVRaLYHnkT28CGVeIw0UTymIGXXPROsxA55xJl8sMGu0SqQ1K5GhIKLuS41hVEcue3+Xy5wxP1j6YyOpFsfxhhoKnk9x5NsWRDQXBHHIO5LDM5w5ATkqDOCUN4pxFKD9ZRtDqkEKfW65Y2PMSF2kY1NX0OWWhtU6iURoqpnmtPel2S2fctRidVRytkghG5YXgO5texyyaJaHo7VMxKIoweBQx5prPmEseeJYhqCoxepbRFJLBj88/SMfmN9EdWDodd0wBcnuQ3n/oThXp2fsZ+t0fo9v9AZrv3kGz/U26zGtgRRV5maY1L9G0+kUav3mOm0c2c/X0KRpOHfs1QLrQdHXfAcjtUGi7utF3x64pQAAAIABJREFUd9Hb1c5wRwPGmyehYT9Cw35MV3dhuLwN4fI2DJe2YLiwmbEz6xg/9i1jP6xi8NCX9Oz9nJ7tH9K15jX0D94PHjVoXdMh9glMvjWMuuTQbZlIu4VYA5maae62SRYfTo888e2trsHkVS02PIY9AIm/FWfQwxeKVe4g0UzBCyD5dwgJTyKE3Stmt1QVCF7lmNSVTKrLRRcpyFxLCbkPwbeGcaV4zqHJu5wxRREa22S6rBPQ2qWI62eUxeZkQTWCTzUG32oInC1+L78aTN6i3zzgnM2gSzYj7nkMqkvoWr2WRstkJvyKMXpVYlCL2aoe91wm3QsZUeXR65RH65nD9Lpl0WmVKC5dc85mxKOAUfOygxGPgjtsXFHEmLyQMXkhfa7Z9Lhm0eWYRrt9FlccIrgam8Ye72A25EexcUEsyxdG8dtYJ9YviuPTu4J5LNGNv2cr+GuyG1+XhrFVruCo1ItjMn+OSfw4IfXnhNSX09IAzktDuCyNpNUuhT63HPNLSwTE5D2TfqcsNFaJNFqGUScN4JJlAA1OYYy55aO3SKJVEkW/Rx54z6LHNpXrsiCGXLLAs5pJeRFjTvkY5aWYPMsRFDOZUJZyM6+UY4sfQLPzY3oPLmfw6Jf0H/6CgSNfMnD4S/oP3VKO2wHp27+cnr1L6d23DN3uT8UC4nfvo9v+Nl2bl9Cx8TU6Nr5K2/rFYkbr2+f4ad2bNJz5nmtn/lVBjt4CRPdv7HZAxttqERqPITQcxFS/H1PdTky12xBqt2K4sBnDOTH+GD/2LSNHv2Hg4Bf07P0c3db36FzzKi3v/hXBt5IBxyyIeRyTbw0T7vnobFLosBTdqw5LUT00tin0OmWYu28rxFZpnxqx6THiIXF7SswjmMLvQwi5C4JFE0LvgZSnEBKehIj7MPnUmPt8ysRWBnWFuIXRPAIsBIv9YhOepWItw6uMSVUZvY4ZaGyT0dqliCOjiiJz3t8cq/hUIfjXYPKbCf6zzN+jjBF5wXR8Me5RSPPr73E9eT79rpnTad1JVTmTHgXovQoZVRRyfdGfOJU5hxG3HPpcshl2z2fQNZchtzyG3fPFTNdtsEwBM5UR63XJmgakUxpHg38ydf5x7PML4evcELYuSmHp3bE8HGHP2vui+WheGL9LU/BCiR+vFASwZm4cm/zUHLES58yPT6uIH6elAVyQhXLFMpp2hzT63fMwqMWYcDoGccpCY5lIo0UYdbJALloEUGsbwIRHIXqLJFokkeidZoDXTDTWidRJfRmX52NSVjLuXsCoYx4mRRmCqgI8qxhU5HPlntmcfO1htDs/oefAUvoPLGfw0BcMHPqC/oMr6D/05R12OyC9+5bRu28Z+j2ikmjNa2C1296ia/MS2taLKd/mNS/SvPp5Glb+g4ZDG7l67uwvAdF2dtLd2fVfAWJsOQs3jmCqP4Dp5/1QtxPTpa0Il7ZgOLcJw+kNjB9fw9gPqxg+8vUtire9T8e3r3B9+d/pL5rPoEcJxD6O4DeLSY+CaUDaZDHTa2OmFGTANZsJVTn4zMHkNxsh5B6E6EcwJTyJKfYxsd0kTIwlxLrGfZDyFIbYxyHiPnHriboSwcvcDOddhdFvphjLhNwLIQsx+cxkTCEeI230Ft25AZdcdHbpaGyT6XXKYMSjwJwsqJw2wbsKk7d45rtgrnGMqUoYlOfT75bDkKIAnVsBw2s30m6TMr3qxqCuwKQsYlBeSJdXOW0bNtFik8ykXxnDHuKE3hQUU2CMKYruAGTQXFEf8MinxzkTrdMMuhzTuOkQTW1YIpcV4XwXEszH2T6sX5jMO9URPJOuZPX9ETybpeCxRFdeLPXjncpIvp4TyVdBCvZae/KD1I8fpf6ckPpzUubHGZl4IM4VCxGQAXk+Ju+K6RrIuLKcfqcsui0TuCELpU4WwEWLAM5K1Yy7F6C3SKJdFoPONhnUVbRZRHNe4smkZxEGeTljbvkMO+QiKMvFdK+qBJ0yg31Pz+L0kt+g3fkJ+v1LGTq4gqGDXzB08AsGzUBMqcftgPSbIRFBWToNiH7HO2i3vTXdpzWV9m1a8yJtq5/j6sqXqD9x5JeA9HR00tPRjb7zlt0OSG9HJ5ouPQPtTRhvHkO4cRSh4SBC3V6o/Q7h0la4KAIyeXo94z+at6Mf+pK+/cvQ7/wY7Za3aVv1IjeX/pXWp+9jwrcKU+JjmIIWMCkvQmeVjMYykQ6LGNpkUTRbxNAki6XLPs2cRaoAnzkIQXdhCrlPbFBMfhrin8AU/Sim8EXiaqHQReLC7KTfIcQ8jCnsXrFu4Tcbk28NeItugRAwV0zzhtwLwfdg8pnJuLKEcc8iJtViUW/ILW86FTvl6o0ri81wVE+7WvjVgO/MaXWZVJUzpiwRW+vleQgepegKHqYl816G7NLBq5pxnxomlcUM+FXR8ulyTgXlMOqSS59vCSPmGGNYUciIsuhWa4niTkiG3PMZkOfT555Lr1s6WsdM2p3TOBsSRmNAEsddg9gaFszqmng2LErl3ZpI/lkUxNp7g3gmzonH4914Nl/F4nw/luR6sSJWzS5HFT9aBEy7WMct/DltEcQFSQjXLGPROM1gSF4ovhx8au5wsdos42m0CKNeEsIlqR+nJAqGPPLRWyXTIhH/piaPcpol4RyXOjPhVYrRvZghhywmXAoxKcpAXcmkspib8Rl8939mcfbNJ9Ht/Aj9ns/o37+UgQNLxQ36B1cweOiLaZsCpP/Ql6KKHFhB74EVaPd+Ru++z9Hv/AT9TtHN0mxeQuem16YD9uY1L9K65iVurnqe62uXcOXUUWpPfM+Vkz+YAWnvpKe9698CojcDMtRWj+nmDwg3jkL9AYTLu6H2O0wXtyCYq+eTp9YxeuxbRo5+zcDBFWIT2Xcfot38Fq0rX6Dhwz9S+88HGIqdiTHmAYTAeYy55dFtnUC7NJoWWQRNsjBapRG0SqPQ2CbT75LJqLwYfGcjBItLIIh+TJzziHscIfZxhKgHxMxWxIMI8Y9D4pMQ+SDGkLuni3sm31m3ATIPgu4WIQm+B8H3FiATniXiAgF5Af0uWWjtUtHZi82LY4pCJlVlGL2qbqmITzX4zkTwqZ5WhwnPMsYUhQwrRBdo3L2Ivo8+o9MmmQFVEQZlBZPuxfRHz6H2uZdoU2RjkpcwETVnWhluX9M5dT9izliNeBQw6JpLj4u4ibDPPROt4wya3JK5GpHAVdcIjrgEsjUmjC33Z7PlkUw+mhfD8gczWTXfh98nuvGHDB/+ka/ixXwflmSqWRzpxCZXT7638OcHqR/HJH4ck/lyShbIBUkI161i6XZIY9RTVMGpzoYJzwr6nbJoNQPSIAnlsjSAUxIlg+5504DcsIhgxCmPm9IwfpS5MqEsZtK1gEHHLAxuxaKLpa4EpxyOzMrn4DMzOfPGE3Ruexvdro/p3/c5AwdESAYOLmfg4Ippu11Neg+suJXR2ve5qCK7PkW360O0O95Fs/UNuja9Pq0irWtfomnV89z89gUavnmeG0e3cPHUKepPHBQB0be1o2/rvAMQbWfXLesQXbCxlouYrh9FaDgCV/cj1O5G+GkHxgubEczFwfGTaxn5YZV5M/py9Hs+E0+D3fQmLd88z/X3/8CpFxfSnVGBEL6AcVUpGpt4bkiCuSEJ5pokgHqpH9ckgVyTBNJkGUGPYyojHvkIPjMRgu+BsPsh+jGE+CcwxT4O8b9FiHkIIWIRRD4oLsyOfwIiHhBPu/03gJgCFtyCxK+GcaXoYo0pihhXljKmLJpeWjYVCw25ZzNqhmRKQX7NjF4VjHsWM6LIx+CaR3tQCT0J8+gofpAh63TGfcsYdyvhxrtvcdUhgREPcR3nkE8pw0oRiCkoRj2LGVEWiffm2GMqXTzgIc7n97lm0+WQzg11PNe9E6iVBfG9RzDb0mJY/2AW3y5M4vVSP1b9JpPN94fypzQVD0Y58nKeNy8U+vD3eEdeSnLnS19v8cQomZ8YrMt8OWURyEVpKDes48Vl4eas4lThdlxZTp9jJq2WcdyQhVIvCaFOGshZmRqNfTo6yyTaZDFckfrT65jODVkEJ608mXQvZNIlj0GXHIzuJdMuVq8yg/WPl3D0d2WcfesJOre+gW73h/Tt+4z+/Z/Tv/9zBg4s+wUgt4Mxde09uJy+/cvo2f0Z2l2foPlOPJm4e+sbtwar1i+mbe3LtKx5mcbVL3P561e5euIoV08eMgfprW3oWjvQdXRO2+2AaDo60Xa2YWg6g+n6EYSGQwh1exBqv8P00zaMFzZjPLeR8VPrGDu+muHvVzJ05Cv69i9Ht+tTNNvfp3vjG7R88zxX3nmaU3+eR0tWIYTNxeBZRJ9jCo2yUOql/lyR+HBZoqZW6k2txIc6aSAt0jD6HFMxqoohcI5YgY96BCHmMdHif4sp7hFMkfdjin4IIf5RcZNJ5APisQcBcxH852DyE90BwW82Jv+5GP3niEXE4PlmQEoZM6/KnPAUC3MjHvniEJXjDPpdshh0y2LYI0/cq+UlzlYb1JXT96KJ7RcTqlJGFYX0e+YzIS9k1C2f3sUf0GqXxohbLt3FD3EjfwEDrpmMe5Ywri7DoC43f10RY8piRpXFjKlKGPUsFhXktsB8yC2PPrcccZ+tczbtrinc8E/gmm0kly3DOaEIZ3NGNN89U86y2ZG8Ux3CN/fFs/WBCP6aqebBGCeWFPnwl3RPnsuW816KitfkTuyTqDhi6cdxmR/HLHw5YxnMZYupGkgmgx4FTKrKMHnPNKd5q+hzzKTZIobrshDqJeLI7QWZL40W0eitkumUxVJn4Y/WMYk6qwCuOkZhcC1kzDGXEdd8BI8SBGUVBnUldVHpbHw4jz1PF3H69d/Qsfl1NDveoXfvp7cgMQftU9Zndqv6D305fS/++wsxFtm7FM3uT9Du+pju7e/TvfVtOjebY5F1i2ld+zJNq1/k5uqXaPzmRRp2rKD25PfUnvgeiba1BV1rG9r29lt2GyC6jk562xoxNh5HuH4I4ed95uyV2FpivLAZw5kNTJwQmxMHj3wt/qD7l6Pb+al4PsaGJTR//Rx17z/D6T8u4FpmNkJgJZPyfAYc02myiKReGiACIvWiTuJNncSXq9JAWq0iGHZNxyDPxSjPxqQqYtKrHHxrMPnXYAycxWRADRM+VUx4VWLwqsTkX4MpYCZG/ypMftUI/tWY/KrAd6ZY5POvQfCbDf5zRGC8q5nwLDN32op+/qSqlDGFOEQ1ZUPuudMbx6ceEKNX9XTRTDDPWgves5lUVWBQl0+/7ccURfT5FdBcfS+X3WLp+ftLtMpimXArMNd5xOzWhGcJE54l4n5az2JGzTYFyIhHAUNu+eJKT3dxy0u3fQat7vE0BaTSIo3msk0Mx92D2VGcyNanSlk2K4oP5kXy7cIYttwfxV/S3Lg3wo43ynz4Q4KCT6vDWZ7qzZt2VnzhqOCoxJMfpb4ck/lyxjKIKxYRtNgm0ecuHlcgpnmrprck9jlmclMWyTVJkHi+pDSEC1J/6mRB6K1T6JTFcNkygA6HeM5ZKehwzmTStYhBW3P84VGMUVnNpEchh3JTWXt/FluezOPEyw/SseFVtNvepWfPJ/Ts+WRaQabgGDgoBuYDB78wn/O4Yvraf0fQvgz97s/QfidC0rX1HTo3vk7H+ldpXbeYlilIvn2Bum9epOHoTi7/eOj/DoimvYPR5p8Qrn+Pqf4AwtW9CLU7MF3aiuniFkxnN2I4tZ7x42sY/n4lA4e/EuVt3zI0Oz6mc8s7dKx7jRsrnuXyB89w8k8L+DkjE4NvKaOu2Qw6zaDVOobr0mB+lvhzVerLZakPtRJfaiX+NFtGMOCWgUlVBN6lonmVIPiWgHcxeBVhUhciqAsRPAswyfMweuYz5p7BsGsqA05pDLnMYMApjUHHGYy65zDuWYBBWYZJVYGgrsSgLmNCZX4ozTYFyFTFe8A1e/p+VFGAQV2OybsSo1cFE54V060XJm9xtFSMR2498KPyQvpcCmlev4FLPx7mql0cddYxjMsLxBqMspQJzzJzDFTKuLL4F4BMBejD7vkMueczKC+g3yMPnUcWGq80mn3S6LRNocEmllNeIWwrT2TbM+V8OTeOxSU+rH4giY2Lovl7tpp7whz5dH4ET8U68Wq2iuUZHiyzs+dZKysOW/lyUOrFjzI/TluIgLTaJYutLfKCW2le31mMysXNJY3SCBokgXcAclHiT6elGF/WWgTQYBXGCakrgy75TLoWMWCTyYSLuFIUeSUaVQYrKmJYdVcqGx7K5vD/3k3b+lfQbHsH/e6P6dnziagiB5bSZwZk8NCdMPw7QKZjke8+RrPjQ7q3vUf35ql45DVa1y2mec1LNK38J41rFlO7ZgmNP+5DomlpRtvSegcgmo7Oaetua2ey8QxCw0GoP4Cpbg+mS9sxXtiCcH4zxtMbMJwUe6+Gv19J/6Ev6dm/HP2ez+ne/hHtm96ibc0rXFv2dy6++ySn/nI3VzOzmPQpMS+ZTqfNOpZGaSjXJEHUSwOolflwSeLDJYkfNy0iGfLIweRVhsFvDkLAHAioYSJ0AYYQccpPCKzBFFSNyb8Sk18lgncZJu8ixhQ5jLmlM+KSyrBzCv22CQw5pTDims6gYzJDTikMOibT65hOr1MGOvs0eh3FIt30g60omF72MGVTcyVTIE14VjCuLBch8Z4FPqKCGL0qzav+zQ+3WypXZz3MT2vX0eaVTacshg7PTMaVpWKbi1fldN+VQV0mLnxWlzKuLhVBuQ2QEY8CBjzyGVIWolHOQOszg3bfLBql4lnkZwNC2TU7jeV3J7F20Qz+nunG1idzWX9fNI9G2XJvuCvL7onh6XgHnstR8kWpkq8cHPnQ3pVVLl4clXrzo6U/Z8yAdDqlM6gQEwiCTyWTKnGh+O0K8q+AXJD40yKJoUUSxWXLQC5KAzghc2XMSQSk3zpDBMSzApyKOOQVwQclwaypjufb+zLZ/7d5tK1/Be3299Dt+gj97o/p2/cZffs/v009xLrH7WD07V/+q4D071tG396l6HZ+JMbGW99Cs/kNujYvoX3DqzSveYn21S9w7Zt/cmPls9R+t+bXAekyw6Ft76S/rRGui6ldrtxK7ZoubBZnP06tY/y42Fpyu3ul3/WZuHV8w5u0rHyJ+k//woW3nuD4H+dyLisFo3cRQ24Z6O2T6LKOo9kygp+l/tRJvamT+HFJ4sN5qQ/XrcLRu2cwpirG6F8JwbMwhcxBCJ0LYfMQQucihMyCkBrRgmeCXykmdT5Gzxwm5FmMuWcw4prOkHMqY+4Z5s+yGHHNYNApjX77JHpt49FYxdBhEUmbLIJOqyi6bWLpto6nwzqeFqsY2qxj0Dqm0OeayYhHPmOKQsYUhYzKixhTFIsZrtsyWeJVfNgnPEsYUZXSvWUtZ+/9LSf90mm3TWZYWWjuNZv6miomVeIDaFBX3jE7MqVEt2oh+QwqctG4pdEsT0XnncN1uwTabRI4ExnF+qIwvp43g40PJPOXLF/2/C6TzYvCWRhmz/wQB76cHcSfExx5OcuLdQsCWOftwQaZKx95KDku9eWExJdTsgDqZOFonWbQay5iGtVl031YIx4lDLrl0GAhHrx6TRrBVUkIlyT+XJL60ygNpV0WxRVZGOctPDgicaPXfgZDNjMYtc/C5CYuZ5jwLOCfrg68mOTFR8URrJ6fzr7/M4eWtS/Ttf0d9Ls+QLfrQ3r3fjr9oA/sX87Av8Dwb23/Unr3fkbfvs/R7/4M3c5PzCoiniPZvkHMajWbW1BurHyOupXPIelubkLT3IKmrW3autvFq661jYmmS5iu/wD1++CymLkyXdyC8fwmJs9uZMLcmPiv7pX2u0/E8yrWLaHp6xf4+ZM/c/HNJzjxp3mczknB6F3MkFsGvY4paOwSaLGK5KrEzxyD3ALkmmUYOvcZjHoWYQqoguBZ03AQPl+8hs6G0FmihdRAYAUm30IM6jzGldmMyjMZ8chgxCODMUUW48psxpW5jMqzGXbPZNgljQEncV681yGRXtt49Nax6K1j6bKJpNkihJsWwbRahdBhG0m7TRTdNvF0WcfRYRlDl3WCuW8rjUE3cau8wauUcU/xkJip6ntn+CzOPf8uDZ98xXqHKHocUhlTiS0s0wVE84M3BYjodpWZVUa0aUAU+fR7ZKNRZtDlloreJ5d2x1RaHRK5EBvHmnRfvp2TzoqaYP6a6cWRP+XxxZwgFoU7MCvAkq8XhvNyppIX0j1ZfZc/u5ID2Wuh4FM7V/Y6+HNS4stJaQC1klA0juniMQbyQjMg4tkeAy5504A0SsO5IYmgXhJKrSSAi7IArklDaJVGckUSygmpK/skLvTbpDNsm8GofRYGl3zGvUq54prIHLklf4tS8UZ2MF/PSWTnM1Xc/PYFura/g3bn++h3fyQG67fB8V8Dcpuy6Pd8jm7nJ2h3fIBu27t0bXpbPMd+w6t3xCLNK//n1wHRtLega2tB39oCN45jvPY9wtW9mH7aOZ3anTy7QUztnljD6LFvGTr6zR3ulWbHx7RvfJfWta9z86vnufLRn7jw2qMc++Mcvs9KwOhdxLB7Jn1OqWjsEmmyCOeKxIc62S8VpMcjk3F1iQhIyOxfB2RKQUJqEALLMfoWMumVy7gqh1FlFsPyDEYUmYx5ZjPmmc24Zx6jihyG3DMZdE2j3yWVHudk9M7J6JyS0DklondORmuXSItFFM0WUTRbRNBhE0eHTSLdtjFo7GLpto2Zvtc7JtDjlIzOPgmNbYJodvFobOMZcE3nyqN/YUDXT9tgF5veeI2fLIPocZgx7WJNKYhBXWXegn5LjcQ4pdjc3Sx29w545NLjmkG3YgbdTsl0ydPRO2fQrcjkRHgEu/MjWZoXwWdlvjxfFMiBpzJYOjec36YomeVnwdcPhPN2kR/PpXqyYraS78ti2WetYruDN9/aKjkpE+dBfpKEiCO+HmLby6hHwbQq9juLLfs/S4O4IQmjURLJNUkolyUBXLAIoF4SRLMsknppGD/IXNghcaTPIoU+ixQGrNIwuRdhci/kA2s37rG34PdBcl7NCGRZTTQ7nqrgxsrn6NjyllgNNwPSu+dz84nCZkjMAfq/xh63W++BL+k7+BV9B79Cv2cqHvkQ/XbxeInuzSIkbesW07T6RZpWv8i1b55D0nmzEW1zi+hmmU3T3oKmpY3hlsuYbnyP6dpBhKu7p2c+TOc2YTq9AePJdUyY5z6m1EO/b5k5e/UBHevfoeXbV2lc8U/q3vs9F155lBNPz+RgVgJGVT4jbpn0O6ehtU+gQRbMTxIfrki9+EnqzUWJNz9J/GmyiqDXLYNxdQkE1kDwXAi/CyHyboi8C8Lm3KkeITMhsALBrwijVz4T6lzGPLOnIRlVZk1DMqLIZFiewaB7On1uaehcktG6JKF1Fk3jlEiHQyyN1uFcswrlpk0kHQ5xaJwS0Ton0WkfR4ddLJ32cXQ5xIufOyXS65zMgEsqg84pDLvPYNh9BuOeOTS+8DYjej29A718+8wfOCFT0GIXi8Y2gW6beDqtYtE7pNHnnEG/S5aYELitzUSsrovXXvOqnx7XbLQuGXS7ZtDpMgONOosW10TO+YWzKcyXr7MCeLdIxeZHMjj4h3Teqgrnd0lyZgVYs/LhVN7OV/JiugvLK+R8f1cyhxQhHHMKYKXEkVN2QZyS+XFO4ku9dQR6J3GN6KCymBFXscW+zTaRDpskLkn8uCQJoEEays/SUGqlwZyTBFInCxWzlBahnJLIWSu1o9syEq00jgHLVAzyEoZds3hYJuNxqZTfye14NtmfjyvC2PxEBTe+eYGOTW+g2/Yuuu8+ELNZez+nb/+tTFbP/uWi53LgVtHw9u7ef21B6dkrNjTqdn6CbseHaLe+S/eWN+jc9Dpt61+ZVpGmlWZAum+aVcRsXa3N9DQ3M3HzDKZrRxHqD0DdLhEOc2BuPLmOyam+q9vUQ7d3qehebXmf9nVv07zqFa4v+18uv/sM5xf/hh+fqmJ/RhyTnrmMuGUy4JKOxjaeemkQP0l8qJOopwG5LAuk1TaaPvfMW4CEzUOIvBtTxF0IEQsQQmcj/AdADN4iJFNKMgXH7YAMecyg3z0dvWsKWtdkERQzJO32MTRah3PdOoxmu2g6HOLockxA65xEl0P8tHWbP9O7ptDnlsagezqDbukMesxg0GMG4+pcWt/+lMFePf1D/ax86HFOSxW0OySgd0wU3TvnZIZcU+h3SqDHPo4e+zj6HMX7fqdEehxS0JjnVDps42m3jqPdOo4ue/FnaLePo8kukut2UdSro9iv9mLdjEDeK/Zi2yOZHP5TOv+Y4c5TSe7MDnRg6T0xrJgTxJJ8b5YVu3HsN+lstHPnoIOaFRJr9spcOSRz54DEhWNSOY1WIWgto9BbxdLnkEyXXSw3rUK5IQvjvFTFeYkvddIQ6mShXJYGUysJ5ookhOsycdLwlETBN1JbbsiCaZNG0WuZjEFexGWPJB6QSHhCIuU5awv+GOLBO/khrHukmGtfPUf7xv8MyB3FwdtAmYKjZ/+tQL5n71J69y6nZ8/n6Hd9iv67j9Bt+xDNlnfo3izGIlMZreZvX7gFSHdT87R1tTbR13wD4cYPmOoPI/y8H2p3wgUxrWs6tR7DibVMTA1FmduO9fuWoTW7Vx2b36Nt7Vs0rVzMtaXP8tM7T3P+5d9w8vc17M+Ix+CZx6h7Fn1OqXRYRfOzJJBaqS91EjWXzIBcsQymwyGOfnkWY6piMf4In4cp6u7/WkFuB+R2OP6dgmjMyqFxSqTbMYE2u2garcO5YRN+CxCzWkyBMQWHziUZvVsqve5pDJjBGFBkMKjMZESdQ8vHy+nv0zMyMcKy2fdwUaZC45ZKn0syfS7J9DglMuScxqBTKr12iehsYtFaR6O1jkZjFUW3dTQ1GhPdAAAgAElEQVQdsnBaJCHclATRIg2lwyqSNmkYrbIwmmShtFoHUW8ZwhWbAE46qdmaEsjnM4PZ+VAGP/w5necz5Tyd6MpMH3venxXEijn+vFkczFdlSnY/HM9SF0e22bmyTmbLAakrByRuHJS6c8HGH719EgMO6fQ4ZzLgnEa7dQw3ZCHUWwRzxlLBSYknF2TB1MpCqJOGcFUSwhVJMPWyMC5LgjgpUbBMasVFiQ/XpWH0Wicx6pLDBqdAHpFKeFIi422pJc+6OfJCuj+rHsij4Yt/0LZhyX8E5NcU4/b7HnPsMd3EaFaQKUD02z9Gt+0DNFvevUNFWla/iKSj8RqapkY0Zjg6m5tpb2llrPGy6Fpd249wZRfU7oDzmxDObcRweh0Tx1cz9sNKhg5/yaC5Ytmzdym63Z/Rvf0j2ja+w//D2luGR3XvbdtrrZkk41GSECFC3B0rdaNCjerurtxtN7RQ3XVvcbcAIURwlwCBEBLcJcQg7i4TQdtSyPl8WDOTQLvvdx/P8364jjUZogdzzvXT/2raOMcCSNG8Dzn3yzucnjiWvSPCuel6L9fsRtCljaVJGUqFMJQiYQgXJE8KRE+KhSFUWwXSpouSb0Hg9gi3A56nL/hl+kJeoy/0JfpCxtEX+CwEPEdfwDMw9EkYOoY+78fpG/IQt93/MyA3nEdZwq5exwS67eMw2sbQYRtNu200rfpImjRh1KlDqFUFU2MTRK0qhCZNOG26KFq1EbTpIi1q10fRaRuD0TaGbvs4LjsN47LTMK44jeDqoJFccx5F4/ZdXDcauXy9l10xYziv9KTHYRTXnIZz1XEYVxwSuOY0nGtOw7lsH0+3QT4/y6iLks/PUoXToQqnRRlMncIEhFUQTVIgDVIANaIf5Qo/yiVfStVDOe8czP4Yd9LGRXB0wggy3o3iuwRbPo1y4lkvLUkvRbLhBTfmPeJKymPuZL0eziYfB/bbDGa3pOWIMIgD4iAOCa5cVPjRaRhGt+0IegzD6TTEU2sVRInoQ5lVAAWiCydFZ06ILhSL3pSI/hSKPhRLvlwSfSmUvDguDGKtoOSgZKBE8KZHkUCvYTS/ChreFEU+FwRmihLLrLV85+9M6rgRFC39isYN02nfPoeOXQvp2ruM7uxkS8J92QRH1/6/gmKWMTuZnuw0i7qzV9zxeu3MXEL7zgV07JhHy5aZplxkGnXrf0FoqiqnrabqDkA6aqu5WX2e2xUH5erVxUz6CjIgbyt/ntnIn2c38tuxNdw4soqrB9NMg4nJGLOS6Niz1NT/mEfjhtnUrPqV8qSvKZo3ibM/vs2piWPJvCeC351Hc9V2OEZNDE3KUCpFP4oELwsgFwUvam2CaddH0+s0it/dH+V2wPMQ8sr/L4AMzEvuBqTNEEWLLoImTRj1mlALJHXqUJo04Sbn6AfDfO0wRNNpAqTXMYFeR5OTmCDpOnyEG7099FzpYnvAPRRZD+HKoHu4PmgEVx2HcdVxGDecR1o+vmwfT5c+mm5DDF36aLq0UXRpo+hQhdNgFUSdIoAGqyAaFYHUKQKoFv2osPKTe0lWnpy39uTM6CBSnwri0Kf3s+6VYH4a6cSnUfa8GerMomdD2fZ6IImPebDptTB2vOBHZqg7+5Qu7LexvwOQYoUf7YYEuuxG0GU7nHZdHFVWgRQLPlxU+HBEMHDYypGjkiMXhMEUCEMoEodQpPCiUOHFGYU7uYIdKaJEhmDNeeUQflPfg1E9jI8EgX9JEt8qJGZIClZLOuY42DL30RDylnxO9ebptG6bTVvGfIx7lloWosyQ3D2HdTckxuxkuvelWNQzABC5oiWPRHVmzKd16yyaN8+gadN0GjZORmisLKOtpoq2mlpaa2pprq3lck0Zt6uPcrtcrl71Fe6CCzu4dXYTN09v4PeT67hxdLVlardnf7KFxvbMJbRmLKJp6zzq1820AFI4dxLnf3ibU5OeYfcD0fzuMtriIM1WYVQrAigSvMgTPSgUTWMm6lA6DDFcHjSaPzweoy/wBQh5BUL/8f8MyO+uoy0hVq9DPF12sXQaoukwyO7RrA2nWRtOgzbsDkAa1WGmxDycVm0ErdoI2vVRFlA69FF02cXS4xBPrynU6nUYRq/DMK7m53H96mV6rnSxdUg0FRofrjqPskAxUGZX6TbE0G2Qjyvt0kbRrYu+A5B6ZSD1ykBqFQFUSX6UiJ5cEtwoVA7mnNaLk2NjWfN0KDmf3c/Ch9yZ/qAHn8XY8XawE/OeDmHty4Ese9SDtJcD2PmCP1t9HMgU7Diqdb4DkELJlyZdLB22w+g0DKNFF0upwo8i0ZsCyY0MUcku0Yb9goYzohN5khv5git5oisnJWcOSY7sFNQsEUU2CCLnFe5cUQ2nTBfFO6LAREHgO0lgjqBgnaBltZWBXyNdOD39farWTaFl6yxad8yjY3cixqykOyAxw/C/OUjXvuUW9easuGPz0LhnqankO5/27XMskDRumiI7SGt1Ja01lTTUVNNSU8fN6nxuVxyDsixuFWfKnfPzW7h9eiM3T6zj92NruHF4FdcOpMl16P3y9lbHniW07V5M07b5NG6cTf3aGVSl/0zZsq8omjeJgh//hyMfjWP3Q/HccL+Hy/YJdBtiabYOk+8rIfhQLPhQJPhQJvjTaBNFt108113u40+Px+kLeoG+iLcg/J8Q8hIEj4PAZ+kLGEtfwNPg9xR9PmO47fWwCZAHuOl2H38MvtdSzTI7x28uoyzhTLdDPF32cXTaxlhyC3NlqlETRoMqhAZVCI3qUJo0YTRpwmjRhtKqC5NlCrfa9VG06yLpNETLgDgmcNlpGL2OCfQ4xFP9/NtcmP0Lx5NnkOsaRLttNDdcRvG76z3ccB4py2kEN5xGcN1Rvv/IZbsYem2j6bWNpkcfQ5c2ik51BM1WgTQq/GlU+NOk8KdB8qNG8qVK6Uul5MUF0ZUzGh8uvPMIyx4LJOPdBOY96M3qVyP5PtaWD8KcmBjvScpzAax40JX0Z3zZ8kwAe8O9yNa5cEh04YDoyGHRmRPiYIqUQ2nSRdNuiKPbYTh1mnAuSUMplnw4LtizVRBZIyjYrFCTLeo5ItpxSnDijDCIs6ILJyVHtgkqlgoiSxUK8kRPrqkS2KwazHuCwKeCwE+SggWCFasFDRsFPSlqF/Z+Oo7q5F+oWz+V1u0L6Ni9hPbMZZatwd4Bifnd6sqVD5QzmrrtXfuWm3KQZMvXd+9bTlfmUroyl9KxczGd2+fTtmUOTRtMgNSVyTc4bKmqpLG2ko7qam5Vn6Wv4giU7KOvOJO+fPmmOLdObeCmKfe4fmglV3NTLV1NY9Yy2jMTad21iOZt82nYMJu6NdOpTPuJkiVfUDhnIud+fIujk14g47EErrqNpNcuni59zF8AKRblkYUmVRQ99gnccL2fW55j/ntAvB+xJOkDATFDIpd7R1rCmm77OLrs4+gwRNOuj/q/AsQCiQmQbvs4uu3j6HGIp8fkUF2OcfTaxdKljeCqbRzX7BO44TyS31xG9buH03BuOI2QD7weAEiPQXYPoyaSTnUELdZBfw+IwpcK0YtLKi9O2wyh+J3H2DgugawJ9zBlmBsb34hnzsOeTAxz5LO4wSx42I0Vz/iR+oQvWa/EsivYnSy1E4clVw6LzhwTXTkluHNR6UezPoYO23iMdgnUqEIpEry5qPDloGDLFlFkjSCxWVCRJWjJEfTkirbkiHbsFfRsFGxIk6xIkZSkChIFkhe92gRmSWo+EAS+EiUmixKLBCvWCFo2CXp22Lkw9+UAShN/pHrtrzRvnUfbzsW0Zy7DmJWEMSuJy3dVrwbKmLOCjuzldJoiHHMaYIHjbwDp2DGftm1zad4sV7SE2tKLtFZX0lRdRUttOZerS7ldfYK+skNwMZu+wt3cvrCDvjOb+93jyCquHZTdo2ffcrqykizu0bJzIY1b51G3bgZV6ZMpW/E9Fxf/m7yZEzjx/escn/g8254cQY/LMFNs/XeA+JoAiabXYRh/uD8kz1j9l4D0+ciA/Dn4vv8KkC77OIx2sf/XgNwdbnUaomUg7GItoBhtY+ixjcHoGEvHoDg6nRPoch7OZYcES0h1zWk41x1lXXMYxmW7WAscPYYoi3t0qMJpsQ6iSRkg6y5AapRDKVF7c97Gm0NPRpHyUCB73hnJj1GD2f/p4ywc48WHIQ7MfMCbWfc6s+a1WDY/GsTO+wPJjvIlR+/KMaUbxwVXTgseXBC8KbcKpkkXTaddAh2GOCqtguT/K8mHLEHHJlFgjSCxVVCRKWjYK+rIFnXsFrVsEm1IFiQWSiKJokiqoOCSwoc2bRyfWCv5VBT5SZKYIQgkCtZsEHVsFQxs83Rm9/Z4Tk35H8rSfqB+4yyats2nZWcinXtlSHoGVK3u7oMYc1bQuT/Z4iDyCvgyCyx/B0jbzvm07phH87Y5tGydjlB1sZDm6gqaqqporSrnt9qL3K46zO3SHIt79J3fRt/pjfx5cr0FkKsHUuUa9D7zbIucnDfvWED9Rtk9KlJ+pnTZtxQt+Izz0ydw/IfXOfLBM2wfO4KGwXFc08TQaoim0SacSkUgJcJQigRfSgU/KqRAGtSR9DgM53e3h+UuevArEP5P+iL+CWEvQsgLMiDmLrrvk+A7hj6fx7jt+SC33O77Sw5yw3mUKfeQX5BXHBIsL+ZOQzRtukhatRG0aMJpVofTpAqlSRVKo00IDTbBNKlCaVaH0aQKpUUTRqsuwvI15hykwwRJpyEao6myZbSNoVcXQ7dtLD2GWC7bxnHFLt70ewzjmlMC15wSuDFoGNedErjmGP8XB+nRRdOliaTTBIg5zBoISKXkQ406gEtqLy7YDuHEQ3Gkjwlm6yuxTIl2I+ejh1n8+FA+D7Zj6j0uzBzpTMZbI9n1aBAZ3oPY6+nJoUFeHFUN5oTCkzOSF0WKoTToo2i3jafdEEeLNpoyKYAi0Yd8wZNdgprNohWrBYlNghWZgoY9go5MUctuQcNmSUWSIDFfEpktCCyWFFyUvKnQhPGpUuRbQWSqKDFLEFgmWrNW0rNNsGNnjC+5ez3YNjueS8u+omrtNJoyZtG6fTkdmUkY95p6GvvNnfK0O10kN8WSg3RmJcmPTWHWwCTduGepKQ9ZTEfGPNp3zKV122wZkNL88zRWltFUVUFndSk3ay7QV3GYvpL99BXvhgsZ9J3byq1T67l5Yh03jqyyJOfmrcHOvUvl5uCOhTRtm0/9hlnUrJpKafKPlCz5hsJ5n3J++gRO/vgGhz94ju3Pj6bKI45r2lha9FE02oRTLQVRKvhzSRhKhRRItTKYJm00vU4j+cPjUfp8noKQ1yDsdfoiXv//AORxU4jV7yB/B4ilUmQXK1ew9FG0WeAIuwOORpsQGqyDabQJoVkdZrkOdA9ziNU+AJSBgJgT7m5DDL12cVy2j+eqYz8cAwG56hDHFfvYO0MsTSRd6gg6bcJotQmm1SaYZqvAfkAUQ6lXBVJl40eZzpdTusEcGxXL+rHRbPvHcGZFeXDkszEsHxvGtGg3Zt43mNkjXVj1bAg5z0RxINCLI/rBZEm2nNB5clzyJM/Kl3J1MI36KNr0sbTpY2nWRFEi+lMkenNeGMxuUc1W0Zq1goINgpJMQc0eQcduScduQcMmsR+QWSZA8gQPCtSB/FsU+EEQmCkqWCQoSBatWSPo2CrYkfNKEJnb3NmxNoD901/kUspk6jZPpWnbEtp3L6MjM4murBUYs1Po2p9Kd07aX/MQc5JuuhpNztFjGokyz2V17V0mV8h2LehP1rfNQCg+d1p2kMpyLldfhMrj8lrtxWz6CnfRl7dDHmk/uY4/jsv75tcOpZsqV0kyIKbSbvP2BTRsmUvN2hlUpv1K6fIfKV70JRdmf8S5aeM5+u3rZI9/hg3j7iXfNZzL+lha9VG0WEdQpwyhWgqiUhFEnTKEBptwOgxxXB40ij+HPA5Dx/6XgDxhaRTedpdzkIEVLDMg5vDqsn285QXcfod7hN0BhhmOgTIDZP78Fk04bdoI2rQRfwGlQx8ll2pN6jbE0GOBpF9m9zADYoFDH2kBpEsdQbs6lDZViOwkygAaFf7UKoZSI/pSLnlRrvHljMaN46Eh7HgsmtVjQkmK82P/vx5g+dhwpvrbsfThIaQ84c+6cRGceHUkBwO9OWjtzFGbwRxXunNKHEKB9VBq9RE066JoN8TRpo+lwSacYtGHfIV8OMMeQc0O0YZ1dwGyS9SyS1CzUbC5A5BEScFp0Y1T2gC+kkR+EUQWCEpWCipWCSrWCzq2Sg4c/jGIPdu82LDegQ1zvTmz+AOqVk2mZvNcmncspm3XUox7k+nISqZz3woTJP85ae/ct1yGxZSw3w2IuR/SljGflu1zZUDyThylobKMpooyfqvJh4pDpvxjH30FO7l9bhu3Tm/i5vG1/H5M3je/kptKj+XcoaV0WEq782nYNIeq1VOpSP2ZsuQfKVz4OXmzPuTs1PEc++YN9n3wLOtefoDcQX5066Jo1UXRah1Bo3UYdVah1FqFUm8dRrM6EqNdAlcG3SMD4jcWQl6F8L8Cwl0Ogu8Y+rwe5pb7A38p8V4fNNICyBWHBHrt4v4CyN2hVb1VkAWQv4OlWR1mkRkOMxQDHw8EpEsfTY9tLJft4+4A5JpJV+xjuWIXy2XbGHoN0XTrZEC6NRF0ayJoU4X8FRClH7UKP6qt/Ci19uacwpVDLkPIfSCO1aP8SAz2YO+b97P2pXhS4r1IesiTxaPdWf98OJljgtnr7cKRQd4cN3hxxsqL8wpvChW+1GrCaNXH0GmXQJs+lhplCIWCF/kKD44K9uwRtewQVWwQlGwUrNgtqNkjaNklatgpqNggWLNUEJkjicwQBJaIEsdEVw7rhvK1JDBZlFgiWLFe1LJZ1LFe1LBNYc+xxFB2rHdlwxon1qWo2D1tJIWLv6Rq/Uyati2kJSOR9szldO5NxrhPdpLunNQBGugkKRj3r6BjX5IFEAske5dZtg07difSvmsxbTsW0rZtJsLJgznUlF+iraKEW9Wn6as8TF9JLn3F8uyVee7qj6Nr+c1U2r2Sk0KvqX7cmbmE9l2L5fBqi9z7qFr5K2UrfqRk6bcUzP+UC7M/4uzUCZz49k2yJj3NqnH3strVA6NGvjdfm004jTbh1NuEU6eS1aKNxmiXwDXn0dzyGiOPkoS8AhH/oC/iNfpCx0Hw86YRk2dkh/GV+yD4PM5tr0e56fGQxUHMkPTPX8mAXLaPtyTR7bpIWjURliHERpu7Q6yBCv6Lk1hCLk24BYy/A0QuTkTSbYii1y6Gy/axXHGI44pDHFcH6IpdLFcMsVzWx9CjjaJHG4FRFYpRFWoBpNUmmBarQJqUAdRZ+cv9EKU/pZIv5yQ3Tjp6sS/En1X+Liz3dGDXM6NY+Zg/SVGDWf3oUNY/FkLyKHcyxwRzLHwoJ+09OWo9mJOiO/niEEqUftSrI2jXx9FhG0+LIZYKZRAFwhDyFR7kCgYyBR3bRTUbRCu2CCoyBA17BC07JTU7BBvWiVYsFgWmiQJTBYFkUeSowpWDGm9+kARmiCJJghWbRC2Zgj0bJBVbBDVZ6X6sWeVA2gotyxdqSZ9mxaEZz1Ca8isNm+fQsiOR9t3L6dqTjHGv7CJymJVmykn6IenKWYkxJ5XO/cl07ku6A5AOU/PRmJUkQ7JzMR07FtK+fQ7CoaxMKi4VcrmqiL7K49wuP0TfJXN4tdUUXm3gj6NruX4wnau5qZbqVWfmEjozl9CSIVeu6jfOpmb1NCrSfqZk+fcUL/6KgrmfcGHmJM5OHs+Jb95g78SnWDnuXma7DqJFG0abdRhtqgia1ZE0qCNo0ETSqJXj3S77YVx3uZdb3k/II+0hr0D4a9wOf5W+kBcg8Dl5QcrXrCfp832cPu/H/iMg5uFEMxy9dnF02cbICbo24m8BsSTp1kEWDXSVv4Rc6jBa/ybcMuqiTCPx0RZAemyjLZBcto/lin2sJby6YnsnIN2acAsg5hCrTRVCqylhr7cOMAESQJliKIUKLy6oPMnWOZET4Mse7yFkjApn88MBrI4bQvoIN3Y/HMbhZ0ax774gjgcM5ajWlbNab85LXhRK3pRa+VOvjqBNH0eLIZYGbRSlUgAFohfnFe7sFw3sFfTsFNVsEv4zIIkDAEmRJI6JLhxSe/OzQmSOKJEqWLNd0JMtOLJDdGCtUsnWlW6kJalIXmTN0pkqFv0qkPipHWcWTqJq5RQaN8+ndcdSOncn0blnOR1ZyXTtT/3bfOQOQLKWWZqNZnXuXUaH6Q2/Y5cMSMeOuQj7MrZxqeA8v1Xn01dxmFtlB6F4L7cLMug7v4k/TYOJvx9Zw2+HV3E1N1Xue5i/2e5EmrfPp37zHGrXz6Rq5RTKUn/iUtJ3FC36ksI5H5M37QPO/PQux756nb0Tn2LVi/fxg7sDNZpg2hQhdGiiaNVG06SJokkXTbM+xtKQuu5yL7e9n4CAfkBuhb0CQc/L0Pg8TZ/3k9z2fpJbXo9zy/tRbnvJ+tPz4TsAMY+W3A1Ihy7K8iJu10XRoomgSRVmgiSEOmWgqYoVaFG9VT8kA8OuJpPMkAzMRcxzVV36aIy6CLr0kfTYRlsg6bWLkcEwJeeXbWP+AkinTQidNiGWJL3FOog207XBJpA6ZSDVViZAJC+KBTdOSo6cHOLLEU9vtob6knG/PyuCndg82pvMe4LIiglkX7gXxwa5c97Rh+MKVwpt/ChW+lJmHUiDJpJWfRwNuiiqVWEUC0PJE4ZwRhpMtmggWzCwW9KwRbD+j4AskWRApggCqQolx0UXTuj9+VkUmS8pSBds2CkYOCA4s0d0Jd1GwYplKlYsElg8Q2DBzwK//lvHLxMFlr4XSPHSb6leM4OmzYtoy1hC557ldO5bMSAXSbMMK/bkptKdu4qu3DS5cWhyEDMU5sfmfKRzVyKdGYto2zYbYfvmTVSeOc6titOye5TIt3Puy9vOrbObLKVdc3Iu7wAvx7hnGR27TbnHtvnUb5pN7ZrpVKVPpiL5Ry4lfk3B3M8onDWJ/CnjOfPj2xz7/EX2jH+S9BdG8YWfK9XWQTRow+mwCadFF0mzIYomQxRtdvF02iXQ4ziC3wbfz62hT9IX9Bx9oS9B+CvyNfB5+vyeBt8nuOX1GLe9x3DT81H+HPIYNz0f5qbHQ/zh8RA33e/nD7f7+M11NNecR3F10Eh67BPodYinxz6OLkPMHeGQOQeR85CwAe4R3A+HdcAdYNRbB8jP2QTSaCNvHDarQmlWhVqcpF0XablhZ4cmgk5tuMVFzE7SYxttAcSsXttouvWRGLXhGLXhdGrCaB8QXrXaBNNkE0STTQiNVnK+VGcVSIXCjxLRh3zBnXMKN07buJGtdSJn6FB2xgazPdCDjGBvDnp6c9jejTy3QM5KrpyTPMiXhnBJOZQqqwDqNWHym5YuliZ9DBWqIApEL/LEIZwUnMkS9ewVdOwUNGwV1WwRVOwQNWSIGraLNmwX5OrWElFkqiDwvSSwWVBxQuHFUX0g06ysWSxZsVKwYbugJ0t0IUcaxC6dDQtmCcydLjD1R5GvPxP49wSBz15T8NZoiS1fjaMk6Weq1k+neWsibRnLMO5NwZidYqlqdeWspDt3lawD6RhzUjHmpMr5SHYy3VnL6dqbZEnQLeVeU4jVmbEIYUN6MnVnDtFXeYzbl3LgYja3C3Zy+9zWOzrn1w6lc+VAKt3Zy+nal0T77kT51JIdcnhVu2EW1aumUpH6C6XLvqNo4RdcmP0J+TM+4MLkf3Hq+zc5/OkL7HpvDCnPjuCzAFfOKn1osA6hWRVGszbCAkiHwzCM9sPocRzB724PcNvvKQh6DsJe/ltA/hzyKDc9H+UPj0f4ze1Bbrjdz2/uD/Cb+wNcHzyaG273cn3waK4OGskVpxH0Ogyj2yEeo10snbYxlhdw2x39j7C/ANKoCrIAYnaQequgOwGxDqLR+q+QmAEx6qJMkITRqQ23OIklJzGNlQzUQEA61KF0mMKr/wiIdRCVSn/KJXlC+pzozinFYM7oPchU2pLh4Eyusxv7rey4oHTlvNqLYpUPxaI3ecIQLln5UW0dQr0mlGZDFK22cbTaJtCgi6JY8iVPGMI5yZ1jgiN7pTsB2SzYsF1QkyH8FZApgsAPksBWUcNJpTfnbMOYI1mTKtqwXtCwU9CTIbmzS2HLfmc3fv3WiV++GcT3/3bks/dd+fS9QUx81ZlXH3bmsRAdZ5f8QMvqqdRvXEDztkQ6MvsrWsZsOayyQHIgvV85pl2RfTIgZjDMEVHn7iUYd8p7IkJa4lxazx3gVlkOfRdz6CvK5nbeDm6f2cKt43Jp1zy1OxCQjt1L5L2P7Quo3zyHmvUzqEyfTNmKnyhZ+i1FC78gb9bH5E2bQN7kf3Hi239y6JPnyHjnMZLHDuMTfxdyFO40KoJoUMlDgE36SJpto+l0HI7RfhjdDsP7AQl+3gLI7ZAX73QQ78f53f1hbno+ym9uD3Hd7X6uut7LVdd7ueIykquu93DFZZRlsrbXwdQ9t5e753cAMgCOgUn6QKeos/L/rwAxQ2IOt8y3ezY7SD8cd7rI/wZIuyrkL4A0WgfSYBVEg9LsaEFUWQVQofDjouBDvuTFKcmNUzpPciQ7jjl7cUTtwgmlM2es3Ck2BFKq8KNQ9KXEyp9adTjNmmia9ZG02sXQZhdPsyGeSlUoBZIP5wRPzigGc0SwI1Oh/VtAdgjqvwAy2QTIdknHCXEIZ9SBJClMVStRT6ZkxxaFga1KLYc941k64x0Sp73Nkulvs3TaeJZOe5elUyey6MdPWPLjv8mY8TVFS76nas1sGjYvpHXnMtr2JNGRlSw7yf50CyRduWn0HJSvRtMQY0/2Cnr2Jd9R5u3YnUj7zkV0mcIsYcWMKTSfyODWxSz6ivZwq2AnfXnb+CUJYNMAACAASURBVPP0Jm6eGNA5P5gmz72Y2vXtmUv6K1frZ1GzZhqVab9SlvQDFxO/pnDepxTMnEjelHc59/PbnPj6NXI/fJatbz7M0jGxfDLUlbWSgWrBh0ZlCPU2ITTqI2m1j6XTKQGjQzw9jsO44XYvt/ye4HbwcxDxCoS/RF/I8xAwFvyfpm/ok9z0eozfPB7mhvtDXHd/iMuD76fH5V66nUdjdBpBt/Mo+eownB7HEfQ4jqDTtn9zsFUbYRkzadEMdI+wO5JwS0hlFUSt0k8G5S43ubsMfDcg/SFWv6MMdBHzWIlZ3YYouvSRsuNowuhQh5pCrDCazQUE08+ss5Z3VmpVIVRbB1FiGiYsEL04L3hwVunOQcmZw1oPjincOC15cl7hQ7FiKBcVQylR+lFjHU6jNoYmXSxtdsNotU2g1X4YdfpoLln5kyd5cUr04LToSo5kxz5Bwy5Bxw5Ryw5Ry2bRmi2SDdslFRmiii2iNasFBcmiwFRR4DtRJFPQc1Ly5LjSh0PaILYJ9mwTNOwXHNkp6FlvpSJn2BOsXzqTDctmsWn5HLauWMy2lCVkpCeRmb6czHUryVqXwsFlMyhP+5XqdfNo2ryI1p3L6dibRmf2Soz7V9GVs5ru3DV05aZZ1J0jHyRnfrMfmIN07ZUX/swSUqf9TOOBVfyet4u+wkxuXcjg1rkt3Dwl3+fjxpFVlvCq13xiyZ6ltO5a3F+5WjONqlVTZPdY9h1Fi74gf87H5M/4gPOT3+HU9//kyOcvkf3+U2z8xwMsejSK7/zdmWNtTZnoSY0UQK0ykEZdBG32sXQ4xmN0iKfXaTi/ud/Hbf8nZSgGAuL/NPg/zW3fJ/hjyKP85vEw190e5Lrbg/8RkHb7BDochtFun0C7bQzttjG0GaJp0kfSqo+iVRVOm7q/gtVg3V+ZuiMXGeAm9dYB1CkDLbq7uvWfABkIyt2AdOsjZZng6NLLn9OuDaNNE0qrWi4CNKlDadCE0qAKpdYmmBpVCFU2wVSpgqmwDqTUyp+LSj8KFL5ckLw5I3lwSunJYXEwx0Q3Toue5Im+FEu+lCr85ZxQE02zPo4WQzytdsNosUug0S6eSnU4BZIPZ8UhnJI8OSG6sFcysFfUsFPQskPQsl3QsEW0YZtoww7Rhh2CDVtEa9YICpIF0QLILkHHSSsvTip8OKUPY4/Cle0KAxmCPRske3aLjhx670NWzpnO6nkzWL9oDhuXzGPTknlsSVrI1uWL2ZKewo7V6WStTuLksimUr5xG7cZ5tGYspyMzhfa9qRZIunPX9DtJzkpLpatrfwrGff0zWvLYiZxbd+xeQvvuJQhJP3xBzc5FXD+1jb783XLn/NwW/ji5wXQjnJVcPZh2xwx9x56ltOxcRMOWudRtmEX16mmUp/3KpaTvuZj4Dfnz/03erA+5MP19zv36Pxz7+lUOfPI8e/41hnUvj2b+g2F86+nEyrhgLkiuVCsDqZMCaVSF0qqPot0hji7HBC4PGsHvHvdz2/9JCH3hr4D4PWUB5Ib7Q1x3e5Br/wsgLY4JtDgm0GQfJ+c7+kia9JHUuMTTNfQhmm1jaVL1J+kDG4Z3j5yYE/a7w63/Vwfp0kVYAOka8LxRFyEPRmpDadbIzckGTSj1mlBqVGGUWwdToQqlXB1MhSaEcnUw5epQLqmCKbIOpFAVxAUrfwpsAjmvGMoZhRd5oi9FikDKrAKosgqkXhNGozaGVtsEWgzxNNklUG+Io0YXzUWrIM4KnpwSPTmh8OSY4EymoGO3qGanCY7tprxjh2BDhiCHV5tFa9aKSpIFkWmSyPeSgp2CluMKD84p/TirCiHXxostki3bRCeyJFcOD72X1Bnfs2Lqt6RM+460GT+wcuYvrJr1K2vmTGHNvMlsXjqHjYnzWZ80mz0Lp1Gc9C3la2bSuGkxrTuS6MhMucNFBsqYk26qaKXSmd1/FJAZkM7MpRZQhGkfT6Bo43x6jq3nz/Pb+fP8Fm6elpPz34/Iybl5Kco8Lty2O5GmHaaxknUzqFo5hfKUn7iY+DUXF3/Fhbkfkz/rQy5MeZ8zP77N0S9e5eBHL5D5zhjWvXgvs0eH8FXwYI588ggnRCfKJW9qJH9qrIJp0ETSaR+H0SGeK66j+MPzIW77jzU5yEsQPo6+kOcgUJ7gvek7ht+HPMrvno9w3e1Brrjez+XB91sgMTqPxOg8ks5BI2hxGkGz43Aa7OKpM0RTq4+iRhdJnSGaZod4GnRRNGojadJFyEUDdThNppzkzsQ9zNL3GDijdfe8VrM6jBZVOK3qCFrVEX9pGhp1UfLIiV5WryHWom5dNF062U069RG0acPkHo0uknp1KLXaCOp0kdRqI6jRRVJtuparQ6nSRVCli6BSHUaFOpRSdSiX1CEUqoLItw4gT+lHntKPfIUfRVYBVKhCqVWH06CJpFkXS6ttAk228TTp4qnVRFOqDuGc5MVJwZ2TgjunRA+yBDu2CxoyBLXJQTRsE9RsH6BNkpqtgooNoooUUWKOIPCjKLJZ0nJc4clpaShnNGEcMIRwQOnNaeVQDrrEsPmXb0iZ/D1JU75h6a9fkTTlG5ZP/Zbkad+TPO0nVs6ZwtoF01m/aCablsxh06KZHFwwmbKUn6heO4fm7XKHvWNvGsZ9KzHuW0n3/tV056zGeGANnbnpdOam0ZmbRsf+FHkc3jybtXe5ab4wkc49ixG+fOs1jq2YTGtOGr+f2cLNc5vlrcFjct+jP7zq3+Ft3bWYhm3zqN88h+q106lI+8XSGCxa+AUX5n7MhZmTOP/reE59/yZHPn+F3EnPkfHmQ6SNjWfGSH/SxsVzceGb7BLsKJDcKJd8qFL406AKpc0QTad9nAWQvoCxsoNEvgzh47gV9Ax9AU9z2/8pEyCPWEKsKy73cXnw/fS63icD4jKKDqfhtDkk0OIkQ9Jon0CDXSw1ukhq9VHyC0oTToNtDHWaCBq04TRqw2nWRtCoCZcLCH+Tmwx0FTMQA+ezWjThtGkiadNE0q69c8rXPLTYYxtrGVw092V67eLosY3FaJoGbjdvOeojadRHUqcLp04fRb0hmjp9FHWG6H5IDFHUGOS/qVIbTqU2nFJNKBdNgBTYBJJvHcAFK3+KrAMpUYdQqQ6jVhth6kHF0WwbT70hllptNOWqUPKVvpwSPDgpuHNCcOOU6MEe0ZatooYdgpoMc3glyGVeszaKKrYINqwXbEgRRBYICn4WJDYIKk4oh3BS8OGCbTTF9rHkS0FkecSy9ucvWTjtS5ZN/Y6kX79i2S9fkjzlG1Jm/EDarJ9ZOWcq6xfNZsuyBWxNWsj25MVsT1rEjiUzOJf4E2Vp02jcvJC2XUm070nFuG8lXdmr6MlZQ0/uWroOrsV4YBXGAyZITM3D/wjI+y8+R+a8r6nZmci1Exv448wm/ji1nhtHVnHjUH941Z3dv1LbnLGQui1zqN04i4pVUyhL+ZmLy+TKVf68zzg/+0POTXuf0z++w/FvXufQZy+R/f5Ytrw2mhVPRjFtuC/np7/K+RVvky6pOC46UCx5UC76UK8MlM+eso3hiusofvN4kNv+T3M7+Dn6wl/kdujz3A5+ltv+T3HL70l+936M3zwf5jePh7k2+AEuu9xLr+t99LreR7fzaNoGDafFaRjNjgk0OQyj2XE4jfYJ1NvGUKuPolYfRaUhkgpNGFWacKo1YdRqw2jQhtOkk2Gp18gf3x163Q1Emy7SAoZl/F0XTYcuWj6MzvSC77KLtYBw2T6ebtNSVY9jAj2mXXZzGbrdPpZW+1gabaNoto+h3jaKBvtoam2jqbOLka8mQGp0kVTrZVXpIqjUR1KmC6dYE0KROvgO5VsHUGwTJAOiCadGF0mDIZom23jq9LHU6KIp14ZTYO3HacUQjgmDOSa4cUxw47jozm7Rls2Cmm2Cih2ilq2ihs2Cms2iyqKNoorNgrUFkIWCgsmixGZBzUmlF+esAih0iCPPLpL9wfeS9PF4Fnz9CYu/+oRl337Kwm8+ZuE3H5P4/Wcsm/w1ydO+J23WZNYtnM2mxPlsSpzP5iUL2LpsMZsT57J1zvcUJn5D7dqZNG9dQMuuZAsksoOswXhgDV0HV1sAMR5Il3dGzAOMAwAx7k1EeHncGDb++BnlWxdx9Vg6Nwc0Bq8eTOPagTR6s5PpzpJLu+ap3frNc6haM5WK9J8oTf6Gi0u+JH/uJ5yfOYmzMz7g9K/vcfK7tzn25Ssc+OhZ9r73OOvHDSf18Rim3e/N0UUvk7fsXWZrFJwSHCkU3bkkeFOiCKDRJtR0WMNwfve4nz99HuWW35MQ8oK8ex74LLf8xvCHz6P87v0I1zwe4Lrng1xxu49e19F0u95jCa1anIZZAGm0l9XkMMwUZsVSZ4ijUh9NuTaSSn00FVr5nbdaG0GNKYxp0ETSqImk0RR6mUdRzGozRMtTybpImjXyQXLm44DMh8yZq2ZGuzi67OPptoun13Tc0GV7eXf98qARXHFJoMc5HuOgBDqchtHmkGBRs6PsfGbVGaJNiqVWH0OdIZYaQwzV+miqdFGUaSMo1UZQogmnWBVCoSqEAptgCmyCKbYJoVQbQbk+ihpdtOXr620TqLeLp1QTQoGNH2ekIRwXXDkquHJEcOGI4MRR0UmuWAkqtkpaGQyTNgk2Fm0Q5JmqtYINSyUF85QS060U7BHsOa4N4Jw6hNMuYRwKvZeZ773A7A9fYcGnb7DwszdZ8OmbzPn0n8z97A0WfP42id+MZ/E340n6YRKpv35G+pSvWDXtG1ZP/5bVM74lbfKXJP/0GZnzv6Aq5Vcq18ymZfsSORfJWkX3fjn/6MxdjTF3LcbcdRgPrMZ4YKUMSs4KOrOT7hhBMe5bjPD8c2NY/OF7FKyZSdeB5fx2fO0djcErOSl0m5ZK2nclykf6bJ1H3abZVK6aTFnqD1xa/hVFiz/nwpyPOT9zEqenjufUj29z/Bu5epUzaSw733qIjS+OIPGhMFb8YwR7pzzDodn/ZLqdkhzBQJ7owiVhCKWSH7WKQFo0EfQ4DuP64NHc9HqYW35P0uf3JLd8x/Cnzxh+83qY654PctX9fi673UuP62i6nEfR5TySLpdRdA4aQYfTcJodE0zuEU+DnSwzKLX6GGp00VRoIynTRFChi6JME0651uwm4dRoI6jXyvNhjaakvkX3v8i0ifh3cHTaxspwOCTQ6zBMhsJ86onzKC67jOSy63CMTvG0O8bT7jycVqdhlsJCk0M8TQ7x1NvFWACpt425A5Bq21iqDDFU6qOpso2lVBtBsU0IF9VhFKpCKFKHckkXYYGj0jaGWttYqvXR8lUXS7kmgiLrAM4pfTgpenBEcOGwRU4cEhzYIWrlkMrsHGYNcJCBgCSLCpIEBbMliR0KBwokP/INcRQ6xpEz6SVWf/0Sa398jXU//YP1P7/Oup/+wYYfZG36+Q22/Po2W355m21T3mXn9PHsnD6BXTPeZ/eMD9g98wMypo1n2+R32TXlXfIXfUrNmuk0bllA+67ldO5NpytbTtaNB9ZgzF1LZ85aOnNXmcKtVXTlptK1P7k/Wc9KomPPYoRnnn+Kn95+g5PLf6JtXyLXj66+4zify/tXWJoobTvlqd2GLXOp2TCTsvRfKFnxHcVLv6Bg4Wecn/Uh52ZM5Mzk/+HUD//kxFevcuizceRMGsuONx5g3XMJzL0vkF3fvkjuzH+SPft/mOKhZaug5qTgyCXBg3JpKHXKIJrV4XTZx3PFeSQ3PO7nD5/HuTnkYf7wfIjfPR6k13U0V9zuo8flHrpc5QOc2wYNp8NlJK1Ow2h2iJcTb9O7bb1tzB2A1NvK1ZlqbRRlmghKVGGUayMpUYdRogmlXBNGhSaMSk04tbpIGnRR1BsiLZAMlBmOVn0UrbpIy8Fy7froO5zD4h4mQHoGOEev8wi6nIfT4RhHh1MCrU7DaHKQwW50iKPRPo4Gu1jLtd42xvQ3xVJvG2dyw1iq7GKptI2hwhBNuT6KUm0EF1WhFNkEU2hykWJNGGW6SMr1UVQYoqnUy5LfIKIoUYeRb+PPSdGTY6I7hwUXDgjOHJJcOSg6kSPY3RlW/ZeALBUEpikl0hV6julCOGAYSsW0jzmdPJH8FR9xNukD8pIncmHFJC4kTyR/xSSLilI/oSj1U4rTPqU47ROK0z7uV/onFKV+RGHqRxQmf0jBsomULP+WmjXTad2+mI7dy+nMSseYvZLO3NV0DgBEhmQNXTnp8rh8dvKAOa0lCM8/9xTvvDyOrLlfULd1Fj25ydw4nM61gylczk3mcnYy3XuW0bl7iXzermnuqmrtNMrSf+Fi0rcULP6cC/M+4vysiZyf/j6nf3qLk9+9zrEvXubgR8+R9e7jbH5pJOljYkh+OYG85C84n/I1+alfMi/ei9WCNYcke4oEd6oV/tQqAu8Is664jOLa4Hu56jKKy4NGcHnQCIwOCXQ7Dcc4aDjtjgm0OcbTYBdNo30M9XbR1NtGUWcbZUnEa3SR1OljqNPFUKuLptrkHCWqMErV4RaVqEIpU4eZQq1IKrWR1OiiqNVFU2sIp84QQb0hgiZDNE2GaBr1UbQYzJJDrVZ9FO2GaDpsY+i0i6PTXpbRLo5uhwS6HYfR6RCP0TGBLqdhdA0aQbvTMFoc4ml1SqDZIb4fBJNbNNjH3hFe1duaFUe9bZzFQSoM0RY4SnQRFGvCKLAJJt8qkHzrIApVIVzUhnNRE06JLoJSgwyRGaRCm2DylEM5LQ3hqOjOEdGNw+JgDgkuHBGdyRXs2S3q2WZykE2iOTmXtVFQWbRetGGTqGa1qGK5oGC5Ssuhtx9hiaDmgFcoTQsnUrL6Q8pXfUrZyk+oWP0Z5as+tqhs1YeUrvqQslUfUrbq4wH6yPSc6d9XTpKVPomKlRMpSf2QwqUfU5n2Cw2bFtK6axnte9Joz0qnPXsVnTmr6cpZQ1fuarpy12DMWU1XziqM+9Mx7kuRd0v2Lce4NwnhhWef5JVxz7L+p0mUrZ9GT/Yyrh5cweWc5fTuT6IrcymduxJp3b6Ath0Ladw8h7oNM6lY9QtlqT9QvPQrChZ8yvnZEzk7fQJnprzHqR/+yfFvXuPQZ+PInTiWzLceZsPzCSx/JIxzs/6HqvXfU7npZ2o2/cjKJ6NJE6zZKxm4ILhRofCzOEiHIab/HddpOF328ZYzc9t0UbQbYmixi6bFNpoWuxhqdeHUGiKo0YdTow+nWmcKlbRylapSHUGFKlyWJoJSdThF1sGUqMIsKlWFUaGR4ajQRFCpi6JaG0WtNpoavfz962wjaTLEWNRsiLKo1RBNm2007XaxdJjK1WaZ/5ZuhwQ6nBLocIynzSFOzi9M4VOTfRyNdrHy1QTJwHCqX/2uUWsr5x41hhhKtRGU6SIp00VSpAoh3zpIBsQ6iAsmQMy6pIuQYVGHUawKocAqiHPKoZxWeHHMBMcR0Y3DwmAOCy4cFQaRK9iRIfS7x0ZRfQcgGwSVRWtFazYIKlYKKlKsVGQ9NZzz6f/i1L9fpSb9cwrT3qU49UNK02WVrfyIspUf9mvVxH4NfH7lJEpXfmBRWXq/StMmUJIykeKkSRQt/TfVa2bTsHUhHbtTad+TTse+VRhN+YjcQBzQH9m/is59qaZZrmS69iYhjHvuKV589imWfjGBovRf6Ny9kN79SfRkL5PPQTWd9tC6fQGt2xdQv3EWNeumU5b6AyXLv6Zo0WfkzZnEmRkTODNtPCd+fpsT373OkS9fJuejZ9k3/gkyXr+f1U9Hs3xMKNVpH1Ke/gEVqz+ics0n7H7rQZaIEltEDWeFwZSIPtQqAmlShdGqjeyP4e3i5NPWzf0IdTjNGrnCVKsKoUYdSrl1IBXqYCrUwZSpgihTBVFqFUSZdTClVkGU2oRSahNKiXUIl6yCuWgdQqFVEMXW8uNLNqGUqsIoV8sAlavDqdBGUqWJpEYTZek1yG4kl1kb7eQKk1lNtjKwrfaxtDnEybmESZ2O8XQ4xNHhEEerYxzNDrE0GKJoMsTQaAqXmuzj5HKzPkr+GSYgzBW3fsn5U40umipDDOXaSMq1kVxSh3FJHUahVRB5VoGcswrgjMKP09JQzir9ybMJIs8myOImBTbB5NsEccE6kHMKf05J3hwTPSxwmAE5JLhwSHAiW7BjuyQDsklQsVG8E4r/BMhGQU/NL29wKXk8ZSvfpyzlXcpS/kVRyvtcTJ3ApbT3uZT2PiVpE/uV/r5FpemTBuiuf0vrV0nKB6brBC4tm0hZyg/Ub5xL8/YltO9Opn1vCh370i1NRHOn3QyLMTvNNDYvDzIKL70wlnHPPsW0CW9xeul3NO+YS2/2MrqzlmLcm0jnrsW0bV9Ay9a58mmJm2ZRuXoKpcnfUrL0c/Lnf8i5mRM4O2M8Z6a+x/Gf3uTEd//g8Ocvsn/SWDLfeYRtr4wmfUwkez98lPwFr3Mx6Q2KlrxO0dK3OPLxEywURNaKNpwQnbkoeFMt+tNoE0qzKlye9DVVixptQqlVBFItyWFYrVUQlcoASiU/ypT+XJSGcknpR4mVP5eUflxU+lEs+VGs8KdY8qNAEUCB5E+B5E+h5E+RMpBCq0AKlUEUWQVz0UaGpOwuFzEDUqmWH1dp5J5DrakHUW+IsqjBEEWjIYpmuxha7GNpc4g3KY42hzha7GJpsY+lwTaaRrto6g2RNOijqTcBUauLpEYbIV//RtW6SKpM0FZpIqnURFKqjeCSOoyLqlAKFIEUKAPJk/w5q/DjtGIopyRfTkm+nFGYILEO4oJVIBes5Ot5ZQDnlP6ckYZyQvTiqOjBYXEwh03h1WHBlUOCMwcFJ7IEW7aZwqqNpibgQCjWD5SkYoOkZrWoZqduCOVL36d0+ftcWPkuBcvf5VLKB1Qkv8fFlPFcSptASdr7XEr9wKKS9H7dDYgMiUlp71t0KeV9StImUJI+ntIVH5Cf+DHVa2ZSv2kBrRnL6MiUIenMTpe1fyXduQPcZL8MSEfWcrqzliOMe2EsLzz/NF++8SL7Z31C2abpdO9dQteeRIyZi+nMWEDr1jnyrdS2zKRmwzQqV/1C0YrvKEj8ggtzP+L8nEmcnfYOp395ixPf/4NjX73M4U+fJ2fCE2S8dT+bnruH5CfCODPnRS4sfI2Cxa+Tv+gfFCx6k4KpLzBblFghSBwQDRQL3lSKcpjVoAymURlMo3UI9dbB1CoCqZT8KROHUiH5USb5mU7386VI9KFAku+DVyB4c0H05pwwhDzJ26LzYr/yRF8uSEPJV/iRrwigQBlIkclJSm1CKVeHyw6ikkMzc3hmvpbbhFChCqVSHWZp0lWZEvp6QzQNtrIrNNvG0mwbS6M+2tLYa7CN6W/y6aOoMZWUzapSh1GtCadSHSZ3w1Wh8s9Syb9TiSqMS1bBXLIOocgqmCJlEAXKQC5YBZInDuWc6Mtp0YdTCm9OSEM4LnlyQhrCCcmbM9JQzkoBnFcEkKcM5LwigHOSL2ckH05J3hwXPDgquHFYdCVXGkyu4MIBwYnDwiByBEd2CwbTzJWG9YIN6+7SGsHaolWCNRtENWtEK06/MIYLqZMoTX6HM2kfUJD6AYVpEylKn0Tpin9RsuK9v6h0xb8oS/kXZanjKU+bQHnqeMpTx1OWOoHy1PcpS5lA6YoJ8uf8jUpXTODS8gmULv+WmvVzad6WSPvOJDp2L6crK5WOrBQ6s9PumPo175N07lshO8iL455h3AtjGf/Ks2z/+QOKVk2hY9dCGY7di2jbNpeWLbPlW6ltmEr1ml8pT/uBkqRJ5M+ZQNHsD7kw9S3OTH6bUz+8zolvX+PIFy9y8ONnyf7X4+z4x32sGRvP1nfusYAh61XOL3yd4vmvMl0hskgQyBA1FAlelAq+VEr+VEsB1IoBVCsCKJf8KBV9uCh4UWRSoTCEfHEIF8QhnBPcOSd6ckpw45TgzknRnWPCYE4J7hadFj0tOi/49EMi+lMgBVBsFcxFq2BKTS5Spgqj3CaMMutQyqxDKbcJM8ERRpl1sAWSClUo5TYhlNuEUKkKpdoESp0ukkZ9tFwB00ZaHMJ8NZeRq9RhVKnDqFSFUqUOo8L0fcqs5BCxRBkoSxHMJatgy+9ZqAwkTxlAnujHOcmPM9JQTolDOCl6clT0+D+lnXlwVOeZr9/vSMJs2heQEIjNgJNU7j93qubWTd26dXOrUkm8gHG8xJlKnIzHibN5d2xsjNkxIHYkAUK7WvvWWlrqRa21tW8ttZZuCRACbHBqKpkkvmOW5/5xTrdagJPMzB9PqVuou6uo8/Tvfd/vO+fQpiXrjbYk0apW0apW0a5ScKl1dGnr6A5ZT5e2ji7jNW0qmRZZhVMlYddW0BSykia1ApuKw67iaFKxVEuE3msofTqVd58U2RIWIFPC9BJryTJ8Z3/NyLmfMHnmR4xmvoTn/E/wnH+J8Qsv6QmS+QpjmT9nNPOVAJ6L/vJqvt/wP9eT41XGLr66oNxaUKJd/BUT2b9mJO01JrL2cqXoKDcqTvFp5Vk+rz3PrXpdEL8knzdlBc5KvNlg9CDP/mArz2x/kheffpzcd/+Z/vMfc61cv9T8p1XHuF56mOulh5k1HeBS/m682TuZOP8eYyffZbQyh9keJ62pO+j5+Cd07niRjvdewP7G0zT98nHqfvp/KXv2W1z83n/Dte/5gBy6KM/Re+IFRs68yLGIpRxRgkn0e0d4ZD2T2ka8aqN+91ttI+OyXr81tFrDoCQzKMkMafrJQF2yki5Jol1W0KES9UUttRKHJNAuKwN0yKoAvbI2IMmwepQRbROjoVsYMwTx9yrjYV/DE/oYYyFb8IQ+FnjuNm4U4wndfN9BvImJsC34lnyDmaXfZGbxN5hZ/A2mH/n6AgkCKbH467psix5j6pGv4Vuibzz0Lv4646GbGQvZxFjIJv2zQrbgDtnMoHqU4F50FAAAF99JREFUQfUoA6Gb6FEb6FEbDDnW02aI4JBEHCoJhyRil5U4JJFmlUirSqZdpdCpVuPSdDE6VbIxzk3EKfprbSoBi7YSi0qgScViU3E0SAxVKpwSWYJJWxJIiWApLkpogCwVQqE8QvO3v4XPdobpxgwmGtOZNB/HW3eCiZpjjFenMlO5G1/5LrylHzFu2hFgrOA9xgrew1P4PqP5v2Mk7x2d3HcYyXuX4dx3GM59Z/73ee/gzns/gKfwA9x5bzOav5ORs+8znbOP6yWpXC89yc2qdD4zZ/B5/QVuWjLnRbk/QZ7/wVae3f4kP9z6FKmvvkTLiTeZKT6kXxeo4jBzxQe4UriX6dxdTGXvYOri+4ynv83YyZ3cvvt7Lo2OcWlykNYLR2nf+VNcbz+H842tNPzLd6h/6f9Q9Mw/Uvzc/6D32Iv0H/9hgL7j/8RA6rMMHP8R6eujOC0hpEkY3RLHkCQzIevwyHo8sh63pDAsq+mTxCAS6JEEOlQ8LRJDi0TTItE4VTTNKjaATcXQLDE4JRanJNCmEulUybhUMt3aGvrVOgY0/YBzh2xmLGQL42FfY2LR13UZwr6GO+wxhkL0g3XUOFiHjN5Gv5vSPMMheu/jCXuUibDNTIRtYSJsC5OGBPczEbaFUe1RJhY9tkA2vxRutZFhtYFBbQPD2gYG1Dp61Vp6tBS61Br9IJfVemmkknGoJOyyElsQdpWIQ+kHf5sk034fbUp/bauswqrFYdX0tPA/tmpx2FQcdWLsv1JLKZTFgcTIlTCyDDJVGOcllHMqlDQVRpFawu+rzdzyuPjc08WtMRe3Rl3cGu3kpruDm+4Obg23cmu4lZtDLdwacXJzyMGng3Y+G2ji0/5GbvRZuNZTy9XuGmZdVVzuqGSmrRxfSwlTzcV47CZGrQWMNOYx1JDNQF0W/eZM+mpz6DVn01OTRXdZBpMXdjOeu5e50tP6KntNhp4kdef103XrLwQSRE+RIEGefepxfvfSs1j2/5aJnF1cLzvIp2UHuWbaw9X8j5nJ/pCpi+8zee5dRk+/zmDqm/RWpFOfd56udiszUx5GHA2Y9/6Gxp8/hePl71D+w/9N/uPfxPb64/SlPrdAkK6TP2Lo6HN0H3uegv+5iTMSykkJoSk0lh5Zidu4T/qIIcegJNErKwN0SywuFUuLRONQUdiDsMo8jRKFTaJxSDROiafNSBKXSqZbrTH6kY0LBPGXU57QxxgL3cJI6BYGtU0MhWzUV4A1/f57A2o9w2oDA2rtPNpaBrV1jGj6eRZutTFwW7Kvwq02Mh62ZUFauNVGRmSD8f7r6Vfr6VX6nWc7ZTUdsoo2mR/FOiQRu0qkSeJplDiaJH4BVpWgy2KkSfCUqtl4vUMSA3Lcj1XFUiMRlCj9zEGT0XPkGyVWtiHIeQklXTTSVAhnQhaRIWH8aaCba71WrvXamOvRudbrYK7HzlyPnWvd1gBXemwLmO21M9ffzGyvndleO1f77Fztc3BtoJm5fp2rw64AsyMuZod1ZoY6mB5sx9vfynh/B715B5nL28dsUSpzZSeMcus0N2vS9CujGFdHCVCfNi/I9m3f49UfbqX8vV8wfPYtZk17uGbazeXcD5nOep/J8+/gSXsL96nXGEr9FUNHXqb74Mu4cj+hOucUtioTziYLg119NJ0/Rs2/fJfKZ75F1lP/QNfRV+k9+zN6zr4SoCXjF/Sf+mecp35GzfPf5pQK5bjSKA2JwCXxDEkS/SqZIUlmUBLpUysWCOKSaDokGqeKxCbzWCWSJomaR0VjlWjsKoZmiaNVVtBhbNvuktX0Sgp9soEB2choqF5GBeMO2cxwyGYG1EYGtPmDtVtS6JW19Ms6+mRNgB61hj6VQr+kMChrGRJdomGl35rMj/+5P4X8LEgO0T+vT9bRo9bhUsm0i95TOGUFDlmBTSVglwRsKoFGiadexVAn0dSrGBpUDA2iY1GxNKi4gCwOtWIBdtHfxy9Eo8Q8IEm1iqBI6avlRcZeq0K1mAK1mBy1iCwJI0NCOCsaZ0TjvFrEBW0R17uczDnNzLSYmWmpYdpZg7fZjLfZzJSjBq+jiil7JZO2Cny2Eny2Yny2YqZspXjtZXjtZUw3VzDdXIGvuQKfo5zp5gpmnJVcaqnicmsVV1qrudxaxeUOM1dctVztquNqTwNXexuY62vkWn89V4btDJz6mJncfVw1HeZG6TFulB3n08qTfFZ1is+qTvF5bUaAW7VnkRee3cZzzzzFtm1P8tL2J8h6+8e4jv+G6ax38GV/gPfCO4ylv8XI2bfoO/krBo79gt59LzFw5GUG9/2Mjl0/o+3cTjqt1VRXF9HX1cFAfzfu1ibKX3mRkp8/haPgELacg1izdmPL3oc95wDNWYewZx2iKfsQ5o9+y0VZxjGluBAaRYuWQJfE0aPF06+tNORIWIBLVtAusTRLFFYViVVF0iT6JWjqJZwGFUGDiqDJuM+eXeJwaLG0SHygH3HJarpVSiANRrT5vsITulk/SLVNDMhG+tVG+o2DtU/W4ZIUukR/bZ9KoUet0UseWY1LVtMja+iVNfRoKfSpFAbUWoZkHSOyAbfaGOhh9KR4lFFtM261ibGgsmpAW0+fSqFbJeNSSbRKki6CiqVJRWNRUdSrKBq0WOpVDPUqhmqJDFArUdRJNHUSTa1EY1aR+t+rKCxadACbigtg0aJpMP6m3qBJRdOkYgKC+Dci+pv0LAnjgoSSpkI4LSpAhtI4ry1jrqUZn7MGn8OM117DlK2KSVsFE9ZyJqzlTDWWMGkpDjDRUPQA4/UFjNcX4KnLDzz2M2kxMWkxMdVYhNdahs9WzrS9Aq+jgmlnFZdaa7jUUcNkex0z5hzc6R/gK9zPbNEn3Cg+yrXyk9yoPM0NI038fFZzOliQJ3hh6xMc/cXz2A6+ynj6G0yee5vhU7/GffKXjBx9mdFDL9G976f0HXuDadNBPi0/xvWKE1ytO89wQwkZR/dTfPEik1NDjHrHGenuwJGZQX/RaQaKz9FddIKWwrNYTFnUF+dRV5SNxXSBpoyjnNaWc0ZCOCOLadTi6JQ4ulUcPRIfREKAvyWIX5L/jCD+b/FRozfplw30iV5W9cpaemUtXWot3cbjXiM59PIn2UinZLpltZFSeroMy3pGZMMDaREsiMfodUa0jfRr6+jRUnCpVXQY2z2sEku9RGKRKOokErOKpEZFGVJEUBVEtUQECRNBtYqgRkVSK5GBg18XICZAQA6JpE4iqZdIGiWKRhVDlYqg0EiPXFlEtiziolFWpUkIp0XjhEiADKW4uCiCudZmvM5qfA4zU7ZqJoMEGW8qWyDGeL2J8XoTnrrCBYzV5jFqzn0oY7V5jNXm4anLZ6yukPGGIiYsxXgaixlvKmHSVsaMpQyfsxKvs5ThzIP4zu3mcvY+ZksOca00letlqVwrTeVG5al5Ko4FC/I4z2x9gnd/9CS5b/yQ7k9ewZf+JqMnXqb78Cu0HXmNtuM7uO22cc/bwu0RC3/pr+aPrhL+0mHiT90VeForqcxJw3TqGMM9XYyPDzLu7qe3JJvZ0lN8Xp3G1dKTTOYfxpV/nFZTOo2ludQXXSQ9PIksWczJkDBqtGjaJJYuiaFTonGpGB2JD+KrBamT5QFJ/qOCBJc4ejP+8ATpCVlPj1oXEKTbSI42STQGAUm41Cq6lZ4k/ZISSA+/HP5m3K02MRayhVFtM+Ohm/XPlfX0ylpcspp2SaJVVmKTOBpUFGZZTq1EUCMRVEl44IIJgdNev5JwqiScGonArCID+P+v9C8VXY56iaRWIqgzBLFINOUqnHx5hAJZRKaE6s24UVKdFOGYEo7LPOmiyF0Sw7U2J97maiM9qpm0Vgbk8AuyMC0eLsjfkuR+QcabSpiwljJhLWXKUc2EzcS4o5QJq4mB9N1cvriHmYI9XCs6xI2SwzplqfOUHEaee3YbP3jmKZ7e/iRPP/EdXn1uO6deeQbzjn/CkbaXC0f2MtFax60hW+DK73cn7HzptnDb3cg9dxP3Rix80VvG5+3FTNVfoCrvDDmpB+hy1DM+6WbcM8BwYwMTmUe4WXmcufJUfKb9+M7vZjjrE1xlaWR8879TLlGcXBRCsRZJi4qjS2JoVTG0qRg6VSydEoNLYnFJLO0STYtEYZN5MSwSjkXCqZPl1MlyGlQEVqNHaZYoWmSF0YPo5zd0qmS61Bq6tNX0amsYkrXGNGoTQ8YodTCoB+jVdCm6Za3+Oj+ShEsl0aF0Odq0JNq0JNpVIi5JokdWz5dZai0jap0uSsgm3GojY9qjeEI26XKozQzLBnplDS7/VnO1EpvEY1F6auhiLAvsqK2UcMpkOSWy7IHdtaVqKeWylEq1jCqZpzqIWln+UOoknHoVToOml6vVajl5EsZFbVGgGT8jihN+KTTFMSUB0kTIW57AdLuZabteXk1aq3SCEmTCUsx4QxGeetOCFPFL8dfEeFiCeOpNCxJEl6ScSVuFjrWMyYpsRjN2MZOzgyuFB5krPszVok+4XnqYueJDzBUf4rpp/7wg259+km3bvstPf7CVo794DmtJIY6qcu5c6ueOz8Vtj517U+3cnWzhzoSDu5MO7k02c2/Mxp0hC//uquAvHWX8a7OJSXMOdUVnSDuyi8aaIqa9I4yND+Dp7qHz7BGu5+3HV/wxV3J3cTVXP599Yv9bZK5aTaYspkTCqZNl2LQo48COpl3F0CE6nervF6RRgiWJo0XiaZP4BwTpUbog/slRf0CMNYGFtGApXMao2KWS6TDWWfQTinT5/HRKIl2STI+RIkOylmHjc/yTquCeZETbyIC2ni5tNW0qEZvEYpVYLBJNvUQFUiNYkDJZTqlaTrFaRpFasoASWaL/jVqYJsGy1MjyhxIQRYVTp8KpVsvJl0WBUa5fkJOiOG4kyNEgzoqQ90gsV5w1TDv+PkGCS6z/iCCeuvwHEmTMUhQkybwgHkc5Pmcl/Rn7mD73ITM5u7mSv4/Zgv1cKz7AXNF+Zgv3cq1g97wgP3j6SbZt/z4vbP8+O15/jf2/e52/TLTAlT5uT7Vz29vBnckO7nk7uOttBV8b+Nq4N97MbbeVfx+s54vuCv6trYA/tBYwas7EWnCW86kfY867wMhQD57xETwDvXTmpDGVuQtv9kd4M3cwk/MRvqK9zObsYWLvr6n+x3+gfHE0dk0vnRwShVOiaDNEaVcxf7cgCyRRMTgkBqeKXSCISyXTo1YzKCkMGlOpbrWGLllNp6yiXa2iVSXRLkl0qmQ6VTLtKnEBrbISp3pQkDZZSafon6NPtlICggzJOoZlPUPaBgbVBgZlPX3aWl0OScSh4vXyRoum1iiLqiScClm+QJASWUaxWkahLKVQLV6ASS3Wk+Q+gmXxl2j3E5w2ZllOjRZOgTzCBaO88gtySmkcFyFVhMNqnuNKyJdwrjVV/t0JElxe/b2CBIviNuczWlvAWF0how0mRhtMhiileBpL9c9rKmfEVs6UxcRQ2i58mR8wk7WTK7kfM1ewm2uFe7iS+xGz2R/OC/LM9id5etvjbH3qe5ze+xE9pjT+OGrjjs8Fl3physW9qVaY6YLLvdyb7uCer4Xbkw6+HLfz5aid/zfUwB+7q/hDRwn/2lLAXF0aTtMZMk5+RNbZQ7g67Yy6B/CMDNNebKLr6FtMnv41Exd2MJG5k7miI9wsPsxs8WEuZe2hcfu3qVschV2LxKyWYw2NxiUxtITG0ibRtEo0zRJFk4qkQUVQp8IXfPPVGr1Ik0TQJBFBpVY0LVocbdoKOrUkY01kNX1qjSHHalyGCG1qlb46bVyswI9fAD015mmVFbQtYCUdKhGXSgr0IkOy1pDRz1r6JYVe0dOpQyVjlwSsEkOTig5MlMz+nsPoO/xbzk1qGSa/IEGYlL7ibdKWUKTNJ0lZ0Dkcwc/1RcAHRdEFWUaDiqBIFpOuzfcepw05DotwQAmfyDxH5REytSXcaGhgqrlywTjXL4ensTQgx9iCnqPgoWK4a3L+Oub8gCQjdTru+kJGG4oZs5QwZikJiDLeVIbHXIA7bSe+C7/Dm/kRV7J3cTVvF5ezP2Dm3LsPF+Slp76Lz1LIn8ds3Jt2wbSLe5PtuiDTLrjUw73pTu752rgz1cLtSSd3JloDkvy5z8wfOsv5vTOfuYZM2k1nyDtxkPRje2lpqmbCPYB7sJ/+JjPWQ+8ymfY242mvMZ2zk5mSw3xacZzLZUe4mrOfK5l7cP14G7ZHommXGFpUNHZNTw+nRGGXSBrvEySYeiNVmowUsYtetjlVLK3GLY4DDbWsokdWGVOjJNpVEm0qiVZJpFUSjQsX6LSoBJySQLPE45SEAPcLEyyIf41kQFIWLC72GU1+l9ITq1VW6nufJBpLUMP8XxXk/hR5mCDlQZT5+xdZSpUspVaWUyJLAs35GdE4qRSpIhwSYZ8o9gdxQMK4qBZz2VLHlKMyIMffEkSXo2CBFP6fI9XZf52avIAkw7U6uiRFjDYUPyiKtZT+nMN4T72HL3MHly5+yOXsD5jO/B3e9DcfLsibP36evsJT/L6nUpdisoV7Y83cnWzRZZnp5t50F/g6uTPZzp2pdu56O7k72cbdCSdfuO18MdjIH7ur+beOEm7aCugynSD/xG7OHd5JbXkuntFB3MMjeNqbsaTuZPT0u3jTX2c852Nmiz7havlRrphPcMN0GN+FXYzt/y0liyNwSBQ2LQqHsTDYJBFYjHtU1MpyqmXZA/V1nYTTIOH39SMxtKp4fe+WSqBDraBTVuBSK+lQK2hVCbSoBFoNWiQeu8QFcGix2FXMAzgknmZJCBAsiD4106dafSolQKckzu8hM867sEo0jUqfIPlHrv8VQUzawt7kqwQpfQjlRilWLcsoV0vJklDSVQgnRXFMhCOiOCAae0VjdxC7QkIpVOF4HRa898nxVYLMy5H/0MR4mBTDVVkBRmryApIMmfMYMucZkphw1xctYLShGLelmClLCX1ndjGe9gYT6W/hOfsao2d+hSftN8FN+hNs2/p9tj71PV5+5klsafu40VHMl2N2bo/ZuT1q495UO/g6YdrFXd88d7wu7npd3PN2cs/byd3Jdr4ca+a2x8kXbit/dlXwWWMG/fnHKEn9gFMHdlCWm85wVwtjwwMMd3dgP3MQz7G3uJTxOt6cXXjz9zFb+glX8vdxOX8fVzI/pueXL2JTETTIchpVhNF7zPccZllGzX2C1Br/Vh8siUTgULE4VRxtKoE2SaBdEugwaJd4WiTOuIJHAk6Jp1nF06SCV+ijaJJIgxisEotdYrEZ2zJsEotDGUMBtYJ2bSUutYoug27Rf7rUKtrUCpwqAZuKp1GLo1GLpTGwNqGXWPPTK12QMrWUYuNgN8nDeVg/4sd/WmxxYOKl9yrFap6ioMelaikV2jIq1DKK5BHStBCOKUWqKA4qxV7R2KVC2KkUu40LxH0QpmF+ZBWzzY147TWM26sYt1Uw0Vi6QBBPQxGj9SbcdQWM1uXjrs3TeYgQw1VZDFVmMVSZHcTFAMNVOQxX5zJSnYu7OouR6lyGqgsYqsnGXZeHu74Ad0OxLkxdAeN1BYyXZzCavYuJs79k6tybTJ1/k6nzbzB17rWHC/LCk9+j/JP3mXUU8sVwE7fHHHw5atfl8HXqjbqvk7vTXdyd7uKOz8U9bxBT7dyZaNUTZdTOnzrKuFV7lqslh+nP2k/p0fc4+tFvyTp7iM42K+7hfiYG+3FmnaHj8LtMnX8HX/ZOfAUHuJS7h0u5e7ict5fL2Xuxf/d/YVPLaJFIXQ61nFrRSys9PRZOaMxBY8zgcsumYnBosThVLG1aAm3aCh2VQLvE4ZRYY5Ojnhw2FUeTigwMAhqNwUCjRNBgbMuwSixW46C2SXRg3aVV6e/fKYkB/GPhVlmJU+KwG9Mqu/HYZryXVYsJCFKtIoJGuvoBXHjfCUvB52bcL8gCWYJeUxzE/VOwoiBRApLIUtKMSVWqKA4ojY9FsVNC+FApdhmC7NEUVVEbudppwWurwttUhbehlDFr2QJBxixFuOsL9VKoNhd3bS4j5pyHJoQuwlcL4v/dcFUOQ7VZDNZkM1iTz0CtiQFzIYPmAtzmXMaq0hnL389wxruMpb3ORPrreM+/iffCm/gy38J74U2mL7zF/wciavvuP1UD6gAAAABJRU5ErkJggg==','1',51,'2016-06-09 19:09:57',51,'2016-06-09 19:18:41','0000-00-00 00:00:00'),(89,'a85d2423-1878-5854-aeb2-5b4cded8d7a3','8f340ea7-274f-5bf3-9930-f104254870f6',NULL,'K.0000002',68,'2016-06-09 19:27:56','Miss.','Juliee iii','stark',NULL,NULL,NULL,NULL,'1984-07-03','O',NULL,NULL,NULL,NULL,NULL,'OP',NULL,NULL,NULL,'9896451203',NULL,'data:image/png;base64,iVBORw0KGgoAAAANSUhEUgAAAMgAAADICAYAAACtWK6eAAAgAElEQVR4nNTcZ1Sc9b7wfV896z73VhM6w/TeYGBgYOhlGHoPJATSe68mIUCqiWar23IsUbfdqNsSjYnpgYRUUyCFFEIfeoc0o8bA93mBGxPLPp5zP/dZz3nxXbCu6+31Wb/f/5qBR1qaG2hpbqCtqYH25ka62pq53dHC3a5m7nW38FNvB/f7e7g30McP/b3c7e3gTncT33U08F2ng9udzdzubuVWVzvdnS20tztoa/2l9ramkTrbHHS0NtLe0kCbow5HzVUcF8poPv4hzSUv0rL3Ka5/8gRHn8vmQEEEJUWRHFtr4/i62J9/JnLthSXc/OQzBveehpLzUFLBUMn5n38fbujwBThyEcouQdllOHpluGNXuL//ND2f/J3yZ/I5vTmRkqezWTE+jr+tWcr8qeNYPX8KM8elMH1sKktmTWRiWjwZ0aGMjY8iJTyQpNAA0sIsJAT5kBFpIdsWTEa4mdRgH6K95YR7KzArvTDJPPBTCvBXi7Dq5fjKhRjEHqgELigEzqi9XPBRiDBIPLFopfirxQTp5fjIvIgN9CXCW0WoXkFCoIlYPy1RRjnJQUYSLXpifBTYvKUk+avIDNKSF2VgYVY0syeOZ2xGNjlj8olNnUhEylTCEyePFJE0jaiUqQTFjsMnNB57YhxjM1KwxcXiEx6PNiIZbXY+lkWriVy/iYhVBdifWELckgVELVxI6LTJjJ2WxWdvraPm28/ouXaA/msHab20k4azn9F2fjsdl76h9vDbfPz8YsZEW8iN9mVhhpXlWYFMSw/i31/cREVFOR1tnXS2d9HV0U13Zw9dHd10dXTT2d5FZ3vXyP2Otk7aWzt+VTvtrW0jdbS0/od1traN9Nv7zX/YI60tjbS2NNLR3Ehni4PejlZ+7GjiflczdDUz2NPGUF8XQwO9DN68wU/9nfzQXcfdtut811rDnfZ6brc7uNHeSk97Mx3tTX8IZARHcz2tjbU0Vl+h8cIRmo59QHPJizTveYqqj5dT9twY9q8Kp6QoghPr7ZxYb+f4uliOFtsofyqPznf+zv1vTsGhigc6P9zPQP6JZOhI5TCSsstw/Ao/Haig79MPKX9xEWUbUvlkbS6vrl/D4hnjWTk3l5Uzc1kwOYc0WwgRAd5k2SIYGx9DSriVeROzSQr2I98eQXxoIEmRIUQF+GKzmLBZTMRZzaREBJIYaibYIMeiEeGvEuAr98QocsMkF2LWyFAInNF6OaMTuqAXuRKok2FWifCWehBiVBOiVxLtoyE1NBCbnzcpwf7YTFpifJTY/TTE+qqxmZQkBWhIC9IxPtrARKuO6VlJTMqdQH5mFolpuYQnTyIscQKhCfmEJU4kMnkqkSmTMEdmYAmzk56WwNRxaWQlp2AJScBgTUAzJu8hILHLFxO3ZAHRi4aB5EzN5B9vrqH61KcjQNoqd+M4t532CzvouLib6pK3+ei5xeTYghgfY2ZRZjCrcoKZkRXClqcKKT93lvbWjhEgD8J4EMXv4/hvBtLX2shASz23Whq41VzPnVYHP7Y1MNTcwGBXM4O9rdDfweBAH/dv3GSwv5d7Pc380H6Vuy2X+a6pijuOWgZaGultdtDZMjwlOlobRybGr2trrqetvhZHVSUNFQdxHH13ZIJUfbyco89kcWhVBGVroji5IY6TG+I4uiaGI0UxHF+bSsvW5/hu+044cAYOnmewpILBkvMMlf4TxgU4fBEOV8LhC3D4AkOlFQzuO86PXx6k+b3XOfvqCvb++2Le+utqVs0az6KJ6ayaO4lMWyi5STZSI61EmY1EmLQE6mREWozEBpmwGhSE+qhJjwkjwxZOdnw0OcnxJEQEE272IcriR0yQP0FGLRadEj+FAI3nKPxVQswKIUaRGwahKwaxGxqRCyqhMwaRO6FGDVadkiCdHItWSqRZj1UnIzHIl1xbMIn+WqK95YRqhMT4KIgLUBPjLSXWR0aSr4KxIUYmRJqYnplIelImeakZxCWOIzwunzB7HtFxuUQkTSE8cTLB9nwsYfFMzE5k9eRUZoxLwhIeh96agC49F8vcVUSveZrIgiJily/Bvng+kYsWEDxlOtmTsvnH66uoP/UJ/VX76bt6gPZLu2mu+IrWiztov/A11w+9ybZnF5EV4U++zY+lY6wUjQ9mdrqFDYWLOX7qFC1Nrb9B8WC/RtHW0jpS+58A8R89+A/W2fzHPfJdm4Mf2h3ca2ngvqOeoYZ6BmtqGaqpY7C1mcGedob6Ornf38FQfyf0tTPU3cJPnfXcba7iVsNVbjdWcaOpjp6mOjqb6mlvafhdGO0tDSMTpK2+lsaqSurLD9BY9g5Nh16gec9mrm5bStkzWRxcGU5ZcRQn1ts5uSGOY2ttHCmKpqzITvWLq7n1yeew9+Tw9DhYDgcqYH8F7C9naP9Z7u89xf29x7n/9SG+376LW599TsdH79H03otcfncDJ9/fyAebVrFsSjbLpuUwbUwCq+ZNZVpuFuNSk0mJiSLUz0RSaADRAUYSIwNJjQkjzRZOlMVEemwUcaGBjEuJJyLYn0A/AxZfPYHeWix6NT4KCf4aOSaZB4FaCT5Sd/zkXoQYlPgrRRiErvgqvDDIPDDJheiEbgTplYT7ajHJBfjIPAnzURPtpyfOYiQ5xJcxkQEkBxmJ9pYT5SPF7je8atkMYmw6IWNDjYyN1jMlOY3xqWNJiU8hInoMwdFjibTnEpE4kcikyYTG5REQFsfEsckUz8hkbn4aQeEJeAcnok0bh//sFUSveYrwgrXELF9G9NKFhC1eSPDU6YyZnM22rSupPfERfdf2jQBpKv+S1os7aLuwg6qDb/D+lvkPASnOC2FeZhBrVi3g2MkTNDtafhfFgzjaWtof6L8HSEdT00M98kNLA/dbGhhy1EH1dYYuVsLJK3DqCkNX6rhf2wQOB7Q5uNdRz/1OB0PtzfzU5uCH1nruNldz23GNW0019DXV0t1UNwLhQRT/hNHe0kBrUx2tdTU0XLtEffkBGo68jePg8zTt3sSVD5dw5K+ZHFwZzpGiSI6uiRler9bEUFYcRWlhBBeenkPX2+9xf8dh2HeGob3HGdxdxo87S7j71QFufb6Lno8/puODt2l8+0Vq3niSq6+uovzF2Rx/djKn3ljN6xuXsWHhNGaPS2TmuBQWTx1HZnwEaTEhTEqPZ+74LKZlJTM2PorcZBvp9jCyk+PISowlLtzKmMR4YqyBBJu8MasVhPjo8VFIMCmlKD1d0Uu80Ik8MIpd8Za4YZJ5YBC64if3IspPT5RJi4/EA4tWirdciJ9aikboRpBeTrivlnBfLUrP0Zg1MkJ91ET760kP9SUrwp8xkQHY/VUkBKiJMYhJCtCRHKDBbhAzIcKHOfFBjE0Zw5TMcURHphEaPY7wmHFEJeRjS55ESEwO5vA4xmbaWT09g7njUwgJT8THmogmdSy+M5cRVfwUoavXEbliOZFLFxGyZBHB02aQOTmb915bTvWxD+m9upe+qwdoOb+T+tOf0VSxnbYLO7h24HXefWouGWF+jI82sSQziMJcK7NS/dlQuITjp07+BshvJ0b7/zGQ9uamP9WDINodjod65H5TNTRUMVh9ncHyKjhwkaGvjsOe03C8kqHyS3DlGtTVca+pjsHmWgabqrnvqOZ+Uy33mmr4oamG71sauNHioKupkY7mhpEeBNLR3EB70/D5o7WuhvqrF6k9u4/Gn4E4vtnI5Q8WUvZ0GgdWhFG6Jpqja2J+Xq+iOLzaRslqK6fWj6Hh5afoef99bv1jB/2ffEHXhx/S/t6bON58nrqta6h8aTFnn53OiU1jObopi6NPZVK2OZtDz09m9xvreXrJNBaMTyY3IZQp47NYOHMysydmk5dqIz0igPSYYMbERaBXiPA3qgkN8CHE4keExZ9gkzeJsVEkRoQR6WsiQCMlQCXFW+iO3G0URoUQuacTGpEbJqkn3uLh6eGvFGGSeuIrExBm0hHhZ8CskuCnFOIj88SsEqEXuWPRyjHJhYQYtfgppBhkIsw6JRa1hJRQM4lB3oyzR2LzUZIaqCHFpCLJpCTZX4NNL2GCVcWUhAiy0zMYlzIWW/QYQuy5xCdOwJY0kWBbLpbQRLLSk1k9LZNFE1MIi4pBF5yIJiEH86xFRK7ZRHjhWsJXFRC1bCmRixZgnTWLtGnZfPjKcq4f/ZCeK3voqvyGxrNfcP34RzSe/YK2iq+5un8rb22eS2aoD7mRJmanBrJkTBBTkgPYsGYJJ0+foKWpdWRi/DkkrQ8jaW55oAce9j+YIH8E4te1NzWM1OaoHwYyVH8NKq/AoW/h/b3w9x0MHfiW++euMVhxmR+/PQ/llxmqvAxXKxmqOsfQtdMM1pRzr/4SPzRe44eWem63OuhtdtDeVD9SW/Mv/fNaa2MtLbXV1F25QO3ZfTQceeshIMf+msGhVREcXhvzEJDS1dGUFoZRWmCnYvM0rjy7nKvPr+bis4sp3zKLs1vG8+3TGZzYlErZpkTKNidQtjmDgxvSKNmUxf7n5vLhlgX8tWAOyyakkx7uS1ZsMGMSYxiXEkt+mp2MqCCyooOIs/oSZtKgFLihlwoJ8tERFuRPbGgwcWEhRFkthJl9sQUHEWo24qeWEaCRoRO6oxW5o5d6ohI4oxe5YlaJCNBIsKglhHmriTBpCdDI8FdLiTQbCdAMI7FopfjIvAjx1mBWSfBXSTGIBPhpFPhq5JjVUkwyT+yBRuwWFeNirKQH+pER7E2GRU+qnwabr4EUk4w5CYFMSbKTk5BMemIOsbE5xMaNx546hVB7Hv6hiaSlJrBiajrLpqQSGROL3pqAKm4MpunziSja+DCQxQsInj2b9Ok5fPjqE1Qf20bPlT10X95N49kvqDq27WcgO7iy7zXe2DiL9GAj4yJ8mJbgx7xkM/lxfjy59glOnfn2N0B+7zD+IJDW5paR2h7C0fKrifD719uaHCP9eko81K+BDDbXgKOaoUuXGdxdyuBL2xh8/3MGz1ZAVSNU1jB04gIcPMPgoZNw8iRD5aUMlu9h6NIhfqw6xd2a89xtrOJWcx29jrp/CaTNUUdLQw3NNdepu3yBmjN7fxdISUEkpWuiKSse7nBhJKWrIzhcaOPQqnCOFERwZHUcpattHCqM5MhaO0fWxHFsQxJl65M4vD6ZQ+uS2bcui73rx/HN2nw+e3I2L21YzKIJ6UxICGdyqo0xceEsnzmRlbMns2RSNrOyk8hLjCQ+xI/oACMWvRqLXo1RJkLs6YpG7IXFoMNmDSTcYiY8NJBAXyO+WhXBJiNGqRe+ChFqT2cUbqNQC53xVgjQiFzwV4oI99EQ6asj3FeP1aDCXy0lxFtFiLcKX8UwDqtBhUUrJ1CnJMSowygX46OSopZ4opN6YtHLiPHTkRxoJCvUB7tZSYbVSKaflsxALckmBdmBKqZGW5mQHEd6XBLptkzsCfnYkiYSFpeHJSqFtIxEVs7IZOX0NGLtsRiC7ChiMzFOmUN44YaHgEQtXkjw7NlkTM9h289Aeq/upefKnl9NkB1c3vsqr66bTprVQG6kD9MTzcxNMpMXa+apDas5dfr0Q0D+aK1qbW4bqaWpeaTWfwGkran5gRy/278C0uaof6hHhprrGWyth2vXoKyMwe1fMLh7P4MVFxmqaYTK2uG3Qt+cYujAMQaPH2fo2zKGTu1h6NTXcKGEH66e5G79BQYaamirv0ZrYy1tjrrhHgDyz2stDTW01VZTf/U8tWd201D6Jk37/0bz7o1c27aYo8+kD0+QwsiRSldHUFIQ/jOSSI4URlK6OpJDhdEcLorlyJo4ytYncPzpVA4/lcqRTWMoWZ/NnvXZ7C1O4f0NM1m/cg7rFk1laV4K4xMiiDJpmJ83hjkTs5mYlUhWQiT2UH8SwoNIjQkjKTJ4+LOP8ED8dTKsGikGuRCDRolI4IpOLUOrkqISCVCLvfDTqfE1ajCopPgpxXgLXVG7j8IgdCVQI8WsUeCjkGD11hGsVxDjbyTUqEInl2H11hOiVxBsVBJm0hDqoyZQJ8co8STEW4OPzAtvhQyVSIBOKcVPIybcR0VCoJFMqxF7kIYp8aFMtgeSF2UiXu/B9FAl8xOtjElIwW4fi92ehz1lElbbGCxhycTZE1g+LYOVUzOIS7ChD7KjikrFe+Jsggs2EPEzkPClSwhftICQ2bPJnD6Oba+uoOboNvqu7KX38h6az22n5vhHNJ39gtaK7Zzf9TwvFuaRHmwkL8aXOal+LE6zMN7ux+YnCzlz5gwtTa20tbT/DpLhFerBidHa3PKrB7/5ISAPPfz/lanhcNDW2DjcAzg6Gut55H5THYPtDeCog4tnGTp2EM6ehCuX4HIVQxevMHTsLBw9C6fPwqVyqDjG/VP7GDy1k/vn9/D9tWN813CRfkctrY3DQEaQ/AGQ1prr1F2p+JdASgrCR1AMr1gRvwFSWhzzEJAjGxI4tjmVg5tz+aQghy9WZvLRmhk8U7CU1fMns2RKFulh3uQmRTI+OYbZuZlMykwkJyGKDFso8SH+2K1mEkItZMZGkBIZjEWvxGrSEqCWYlLJ8NUr0cjFwxNFLkYjEWLSKBG7OSMVuCN0GY23XIRJIcKsEKL3csEk9STC34SfWk6ATkWEn4Fwkw5boAlvuQQfhYQQHy1BOjmhRhVBWhkhRhXhJh1+chFBOgV6iRdqkQd6hQizTo5FIyHMIMdukpMV6UesXkK6RUt6gIocq4Ycs5S5dgvzUm3kxUSSmZhFcsp4wuzZ+IclERefyNJpGRRMzyI+MRaDNQ5lZAqGCTOxFmwgomg94asKCVu2jLDFiwieNZeM6bl8+Nqqh4C0X/iahm8/HQZS/iUVX7/A8wV5pFsN5Nt8mZ8ewLJMKxMSLTy9ufg3QB6eHr/geHBq/BrIn5kUf3pq/IyjtaHht0DuNdVyr72eweZ6hqovMnThOIMVZfx0tZyhq5eh8jxDFWcZunwerl1iqOYCQ5XHGDx9kMEzu/jh/NfcrS7lTuNF+prqaGmsGgbwM5LWprqRHgTS8jOQmtPf0FDyWyAHV4ZzaFXYCJIHp8mRoijKiqIoXR3JwdWRHC6K5XCxnSPr4jm4Jp6967L5ZHkSX6zJ5uN1M3i6cCkrZuYzb1wK4xNCWTQpjfGp0Uwfm8qs8ZlMSI1jXEI0cUG+RPkZCDGoifH3IS0yhBCTkQC9Gp1chL9ei04qQCt2RScV46NW4OU0CrnAHbNeg1LoidDZCbnAA7fRf0EqcCZIKyPMW41ZIcRfqyTMzxt/rZIgoxqzRk6QUU2IQYFB4olC4EGgWkK4UUWsvxGrWkaEUUu4QYNZKsSilaMTeyDzGI1S5I5JKcKiEhMboCLBW06in5IEbzlp/moyA9TkWjWMC9QwNdpCQV4m0zJTSE/OIiVjCuaIFGITEpk/KZnlk1OJi7dhtMajjExBlzedoJXrCCt6krCCNYQ+sYLQJUuxzllA+ox8Ptha+BCQjos7aSn/ktaKr2g9t4PyHS/y3IpfJsjcNH+WpAUyIdHCX7es5dzZcw8BeXil+i2O/w4grQ0NwzXWjdTeUMcjd1tr+KG1mqHmeqi5xE8Xj0NFKUOXvmWw6gpUXeL+tQp+qimH2itQVcFPlw7z4+ld3Du9k+/Of8P3VaXcbLhIR3MDzY01DwEZWbUcvwJSXUXt5fKfgbxB875naf7mSS5/sJhjf03n0IpwDq76ZYKUFIRzeHUERwojh3EUxVJaFEtJoY0DRfEcLbZxbE0su9ek8eW6PD4vHMOnm+ewYdkcihfPIjcxksmJoUxMCiM7NohJOankJNnITbaTnxTJjDEJJIX6kxRqJtsWQlJYABF+OoJN3vhpVATotciEbuhVEuRCN+Se7liMOjRiLzQCZ1RebiiFArRSCXKBO2J3F5z+9//CrNMQ7K0m2k+Dj1xEuFFLsEqOj0JCoEGDRa/GrJbjp5KhEwuQCFwJMKiICzIT7WsgzFuLVasg2s+ITuCKVa/EVy5EKxp+GeCrFGPViInxVhKjl5LpqyHNamBsmC/5wTrG+YuZmxBMblQws7LHMDFzDJPSMwm1JRGTYGfhhFRWTk0mPdmOtzUObUQK+nHTCHxiDWHFmwkpWEvIylUEL1lK0Nz5ZMzM54OtBdQc3Ub/1X30VO6m9cLXNJV/SdvFnTSXf8m5r19iy7JcMoJ9yI8xMy8tkMVpgeTFmYeBlJ/7ZXVqaR3B0dLU+hCOPwbx8PrU6mj83UbWpv+gB1E8WEdjPY/82N7Aj211DLbUQ/1lhq59C+cPQ+UpqL4E16/A9fMMVX3L/eul3D+zix+OfMp3xz7i+3M7uH2hhJtXT9FTV0lrYy3NDcMT5J9Ifg9Ic331QytW489AmnZtpPL9RRx9Oo2DT4Rx8IEzx0PrVVEUh4vtHC62U1oUy5GiaI4URnFgbQrbCzP4Zt04/vHkbNbNG8+c8Rnk2MOYnp3EotxkZmcnEGcxkJdmJznCQmKwH+PjQsmKspARbSUtykpGTASJkaGMSYwnQK8myFuHQSZCrxAhdh+N3MsVqYcrAqfHMSikGGQCTEoJWpEAg0SIXuyJr1KCTuSJUS4lQCPDZjESazVjVkoI0akwSIV4y8UEGjT4KCSYNQp8VTKUYgE6iQCLRkaC1YyfXESIQU2gRk58kBm122iCdQpMChFqgQtakTtBOhnBGgmReikJBhl2HznJ/hrGBmuZFKZlYriBKbEhzEqOYVpmFtnp40hJyyEu0c6yKRkUzkglOy0BkzUWTUgi+pwpBC4rJmLNJkIK1hC6YiUhS5ZinTefjFn5vP/aKqrLPqTvyl66Lu6iqfxLGs58Tsv5HTSXb+fMjhd4eukDQFItLEodPoM889f1nP3/FZCGPwTS3lDHI4PdrQx2NfNjUy2D9ZVQcw6unICrJ+H6GQavnebexf18f+ZTbh1/kxv7tnJjzzv0l33KzXN76b90lJ4r52ipvoyj9jqttZdpqrtOc301zfXVD8H451Rprq9+eIIcep2mvc/g2LmByvcXUfbUMJBDD4IojKSkKJLS4igOr4l+CMjR4hj2FcaxvSCF7auS+Gp9Ps+vmMKKGeNYMCGDKRk2JqREkhcbzPi4cMbaw1kxM5eC2fnMH5fCtJRo8uLCmJAYw7SMRCYk2rCZjQSopPirpWgELpjkQqTuTmglAoTOjyFwehyB0+OI3ZyRC9zxVoiw6uQEq6WEaIbzl3qicnmUIL2cAL2MtMgQLDoFFqMKs0aBRuiBt1yMv1aJwsMFo0xEmMkH4ehHMSnFRPjpseqU+CslBGkVWJRCMqOs6DxGEaiR4yMR4K+UoBA44a8WE6gSEWEQkeynIs5HToy3hByrgrEWGTMTw1mQEsXs1FjSk7JItiWTkpzA/LwEimemMD4zEd+gaFRB8eizJhG0pIjotZsIKygk7InlhCxeRPD8BWTMmsC7r6yg6vD79FTupvPCThrOfE7dt5/iOLcdx9nPObX9OTYtyhkBMjclgIUpAYyL9eW5Zzdy5uzZ/zSQVkfTQ/1ngYysUL/XAyhaGmpHaquv5ZFbtZXcqrnErdrLfF97gZ9qyxm8fpr7VacYvHaCHyoPcOvbT7h55DXuHnmbu8c+4W75QW5fOc3Nq2fovXKSjssnaLp6kYaqSppqL9FUU0VTTRXNtddpqr/6c9doqr9OU/01HDWXcVytpO78SWqOb6dh/6s0ffM0TTuKqXxnNseeTuXAqnBKiqMoK47maHEUZcWRlBRGUFocRUlxNEeKhg/nBwtj2bvKxtfFmXy9Kp6dxRm8WzSZDUunUjAvnyWTxjAtLYYJ8aHMGZfErKwE8mLDyI4KwO6rZLwtiMnJEUxPjWaCLZSsQG+STEom2EOwm9X4yTzRC5zRCVxQuI9G5emCt1yMzGN4zRK7OiFxd0bq8hhmmQC7SU2inw6bXkqE0otInQxvLxf8VVLsFhNRFh98tDJC/AyYFBI0nu7oxAIMUiEqgRveUjG+ShkKT2dMagkJwQEEaxRY9UrCDQqsKhGxvhpMEg9C9EosKjFGqSfeUk/8lF74yVyI91Vh95GSZNGQEaAgL0TNhAgf8qOCWDY2hdlZKYyNTyYzJYH5+YkUTksmPzMeszUGTWAchqyJWJcWEb1uM+EFxYQ/sYLQn4Gkz5rAWy+v4Frpe3Rf+ob2ih00nv6MupOf4Dj7BQ2n/sHxT7ewYX4WmSG+5EWbmZ0cwPwkM2NjTTz/tyc5d+7cyOvaYSRttDa30tLU8i+AOB7qPw2kseGXGuof6FeTo6F2pLb6Wh65Xvop1Yc/w/HtbvorT/Fd1XnuVp/jh+tn+f7aSe5WlnCn/Bu+P/cVP1UeYbD2HD85rvO9o5aBaxdoO3eY2rJvuHZsH1eP7+PKqQNUfbt/pOsnj4xUfeoY1SeOUH2shMrj+7lQ8jnlO1+l4rNNXPx4NZe2LeHbrRM5/FQ6B9bZKd2QQOmGZErWJ3JgTSxH18RSWhxDaXEMZUVRlKyOYd/qWPYVxvNlQRolaxJ5b1U2Hz27jHl5aUzPSuCJqbksHp/GxvmTmTsmjkW5ycwdm0CGRU92sA8TY4JYlJNGkllPVoSFRXnpTEoIJc2iI1olIMFPR6LFB4tciNp9FDKXx5C5OaEReaEUeCB2cULp6YrM9XHU7qMI14rJthoZa9GQZZJi10sI10gIVkuJNmkJNagJMRkI9FETZNTgLRKh9HTFRyFB6emK1HU0Zo0CrcgTjdgTP6WYUK0Cg9CVEIOcQKWAEI0XCUEmdB6j8JcLCFAICVCJ8ZZ6YJZ5EqaTkGhWkmJWkWySkWtVMT5IyezkaGak2lmcGceU5ARSk5NYMSWV4pmp5GXa8A+MQhcUhy49j8AlBURteJrw1WuJeGLl8Fus+QtImz2BN19exdWSd+m6uIu28q9oPPUptcc+wvHtZ9Qf/5iybZspnp1KZrAfedH+zE4KYMdFq34AACAASURBVG6SmbF2X154fjMV58ppdjT95lXurw/mD0+N30fwp6fGH0yJlobah+611dc+UA2P1J36hpoTu2g6f4i+q2e5ff0K3zVc44eGK/xQV8n3tRX8UFPBvfoL/NhUxY9tDdxpaaS/poq2C2eoPraP8j3/4PCnWyn95FVObX+LE1+9wfEvX+fY9q0c+/w5jn72LGWfPkPZx1so++gpjnywgbK3CznyxlJKX5lO6YsTKHsxj2PPj6NsSwYl6+MpWRvL4TU2StbGcaAomkNrhteog0WxHC6K4vDqCA4WRLFvdSy7VtjYXZDIgdWxbC2cwtOrZjMpJYYV41OYl5vGxgVTmZwQxsQoC6n+alIC1CzNiWP1hFTmpUWSHWgkRiMiQuNFtLeUtGAjuRFm0nzVJJoUJAfoCFF4EuNvJNioRivyRCcR4a/ToBR4IHQejdrLE4W7E95CN6J1YsYHqsn1FZPhIyfNT02kUkS4Xk6svwF/tYQwHy06sScWgxYfhQS5uzNakSdqL3fUXu4EGbXI3Z0xSAVEm42EKCWoPEZjD/QmSCXEohQSblSi8xiFn9QTH4kH/moxMuf/jZ/UnVC1gNRAHZlBGjLMEvKClcywBTAvK5kZSVHMzkglNyORFVMz2DA/g5kTUggMicHbmog5Zyphy9cQs/GvRBSuI+KJlYQu+mMg9Sc+obrsQxpO/oOasg8peW89q6YmkG71JS/KzJxkC3OTzIyL8+OlF5/+DZB/gmh2NP1pIC2NDb/bfwXIr9eqf9ZaV80jN5qbuNHcRLejnv6mGm631/N9awP32hv5qbWOwdZ67rU38mN7M/fa67nbUseNhuu0Xa+k/vJZairKqDy5m28PfMLJXR9w/cjX1J06SM3J/Vw/vpfr35ZSdbKEaycOcv3YPqrKdnP9yE4qj+zk0uEdVB75lIuln3Cx5GMu7dvGpT3bqNj7HhW73+bMjtc4/dnznPr0WQ5/sJ7Sp3LYW2AbPo+sCqOkMIYDRXHsXR3PvtVx7C+wsW5WDksnj+OJmfkUzxlL0ZxJTEuJZm6WnZRgLbkh3mQapcxPDmZGrJkpUT5smpPN5tlZLEsOYXq4L9PjQ7H7KpicFkman5KMQB2xBgk2fyN6kTsGqRCtWIhS4IFZq0Yl8kLm4YZG6IHYxRmjyIskHyUTrDomBGpJ0YtJ9lZglXsSbdLgJ/ciTK/CIPZELRZgUkoJ1KtRCdxQeLigErih9nLHolEidn0MH7kXNq0Ko8QDncAZq0aCWeaJv1xAiE6GzmM0gRop3lJ3Is1G1G6P4S9xIUztSbpVS7ZVSZ5VwbQob6YnRzMpPoLpqSnMSg1hweQs1s5JZmpuPIEh0RgC7OhTxhOyeDW2J58hsmj9fwik7vjHVB15n7rjH1NT9iEH31nHE5PtpFlNw0BSLMxLNjM+wZ+X/30LFeW/BdLsaPq/CuRfofiXQO4M9HK3v5c7fd1819fBdz1tfN/bwb2eDgZ7Ovmpt5N7PZ380NXG9+2N3GppoK+xjs6Gajobq+louE5b3TWuXzhL9aVztNVdo7u5ge7mBnpaGultdYz0z+vdzQ10O2rpdtT8UmMNXQ3VdDVU01l/nY7aKtprrtJWc4WW65U0nDtC+faXKNmYwJGiSEoLwyktjmF/QQz7CmLZW2znnYJsiuZMYGFeCssnZ1MwI4+N8yYyL8tOws+fEWT4yliUYGFNZhgvz8xg45gwts7P5rV5ObwyP5e/zsxkdoKFRenR5IX6MiZIz9ggHVkBCuK9ZYTp5QR56zFKvfBRSNBKRRiVMjQSIWI3Z/QiD1RCF/RiF6I1UnItOrKMUpKNQuK0IsIUQgIVQkxiN6w6OSoPJ/Qid3xkXoT6aAnQKkemiFrgilHiidbLFW+pALNCiEHoilkhJNRbibfQhSCliGC1CK3bXwhUCrCqhfhK3IfBCEcTqfUiL8KbsUFKJoZpmZVgZWZGMvnxUUxJiWFhXjIbZqUzL89OYEgEGnMs2pRcLAsLiH3yb0QVbyByxQoiFy4gdMFckudO4s2XV3O55F06LuyitWIHtSc+5tqR96k7+Qk1Rz/i4NsbWDohntRgHybYzCxMC2Bxui+5dn9efflvVJwv/8069U8gf3Qw/yMQv+6PpsZDWOrrH+7BdauuZqSW2us8cnuglzsDvdy50c+dgR6+6+/ibm83P/T1cL+/j5/6evmpr5cfuru409bAjZZ6epsa6G1x0NvaRF9bM10tjVRdu0T19cu0tTbS29VGf3cHAz2dD3Wjt2ukvr5Oen+ur6+b/t6+kW729HGju5cb3b3cHLhBf18/3Y5arh3+kv0bsyhdHc3B1REcKrLxzYpodq6I4rOibF4omMnc/DSmpEawbv4UiudMZlaGnRijjBijjOwgIzNjzTyRYuWFyQk8N8HO9qKpHNqykC+LprJlbCRvLRzLy3OyWJ+fwLKMSApzE1ieEc70CAPJ3iLSgg34SNxICrMgcX4UX7Ucg0KKj1qBRiJEInBFLxOiETjjq/QiSCVkrK+GDK2QNB85dp0Uf4k7fmJ3TOLhP5RSezpjlHgSqFOg9HIjzN8HldAdrcgDg9gDtaczOqEbfnIvtJ5OqNweJ9ggJ1QvR+PyKP4yd4I1Iry9RhOiFWPVSFC7j0LnOQqL1BWbVsjESD9ygtTMSbAyJz2eWVnJ5MWFsWB8EptmpbB8ahIRUTb0/rFoEnMInP8E9k1/I3rNRiJXrCBi0UJCFswnef5U/v7qWi4f3kb7pb20XPiGhlOfU330Y+pOfEr10Y/Y//d1LMmPIzPExBR7AEszg1ie6U9+QiCvvfLC/1Ugf/TgP3i9ua7u4eprRvoNkFs3+7hzo4/bNwb47kYfd/p7uNXXzZ3ebr7r6eZu93B3Oju53d5Af3Mdfa2N9LW30tvRSk97C50tDmqrrlB3/SqdLQ66uzvo6+2iv7/nDxvo72Ogv5+B/n5u9Pdxs7+HWwO93L7Rx8BALwM3hrsz0MeNvj56Hde5cnwHe5/K4FBhCAcLo9i7OoZ9hfHs3jSWbZuX8PSy2SzIiWT1rFxWz8xjcnI0SYFGwnVS4v11jLFomRdnYUNuDLufnEvZ88s5+2oBe4om8dWK8Rx9ZjFfFUxi57rZvDIvm7X5cSxJsvK3GRmsTA5iQ04sE4MN5AT7EO6jxk8hJCrAhNjNGYNCikmjRKdTYJCLMcmEaBVemCQCwsRupHiLSDWKidEICRA7Y/JywcfLFR+hB95SAUr30ZjkQtRiDzRSAX56JVK3UehF7uhF7ijdRw//2a7UE72XC3qhM8FaKVHeagLkHvhJXIn0VgznoyJAJcYgdMXoOZpIlRcJRhljgrRMCNUzLzWa6ekJTE6OYmFeMhtnJFE4K53o6BiMAbGo7BkEzl06AiRq5cphIAsXkbJwBm9t3cDlI5/QXnmAlgt7cZz+itrjn1F/8guqy7ax9401LM6zkxVsYmpsAE9kWlkxxsLExCC2vvoi5y9U/E8CMsCtmwPcHugd6bu+Hu709XCnt5vb3W3c6mrlVlcrA61NDLQ3M9DZzEB3G32drfR1ttLZ0kh9zVUa66ro6Wyhr7eTgf5u+vu6GOjv/t1uDPT9qW7e6Kd/oJseRwNXj33JwY0ZlBREUFIUzcFCG/uLEvi6OJNXV01hzvgMVkwdy9KJWSzITWViYgTT0mKZk5HChNhg5iSE8sr0BMpfWc7V9zdwbmsBp19exZX3t3Dm1WIuvL6Wqnef5MIbRZQ+u5R/rJrCmjHRrBsTxaZxMTyba+OZPDu5gXrSzCrizBo0Xi4Y1QoirQEYFWJUXu54K2T4KOVoxV6ovVxRuI3GIPIgSOpMqlFOsNSJIOFozEIX1G6P4yPzQunhgkrogU4sQCVwRSVwQ+7pgpfLY+iFnvh4DcPwkXig9XRC4fIoPhIPgvUKAlVe6Dwew0/qRrBWjJ/EFZtJjVUhROsxmgCRMzblaNK8haQavZiTEEReoo206AgKJiSxdkYmT85OJjMpHlNQNEZ7BoFzlxO7+XliN2whdlURkUuWETJ/MenzZ7H1tQ1Uln1Cx+WDtF3YR+PZHdSe+oK6b7dz/chH7Hm9mAXjYskINzEpzszSMUGszAogPzmIrVtf4lJF+QOfZzwM5M+cM37TH0D4IywPgvh1LbXVD/QAkDs3+h7q9kAvt/p7uN3Xza3eLm71dnGnZ/jnzd5ObvZ2caOngxs9HfS0N+Oov05TQzW9Xa1/COPGQM8D/eeBXDv2FfvXp1FSEM6+lZEcKI7jwPpUdj2Zz+b541g+PZ/5YxPJjw9jvD2EFKs3dn8dqQHe5ARq2Jhp5eiWWdR9sI7G7c9T//nztO7cSuOXr9G6803qP3uJun88z+V3NnH+jbUcf+EJ9jy5gI2ZoTw3MZGtk5N5aVIcq8ZEMC3cyJgADUkWPUaxBzqhO1I3J8xaNRaDDqNciszDFYm7M0qBOyrP4QO4yWs08QYRIXIhFok7Bo/HUbo9il7khkrgil4iQCtyRyN0Q+o+GrXYA7HL42i83PGReKD3csEockMjcBn+Or3n8KHdXy5A7zkaP7k7vhJXAmQeRBukWDVijB6PE6l0IdUkIckoZGKkicXjM8mKt7FwbDxzxqezID+ZrAQ7+oBQtLHJ+M9ZTMLmF0h88lliVhcTtmQpoQuWkD5/Fq+8so5Lh7fRXrmftot7cZz7mrpvt1N/+kuulW5j12uFzM+JITPczOQ4C0vHWFmZZSE/2crW11+i8nzF/zGQ5ob6kf7bgXx3s38EyS9Yernb38ft/mE4twZ6uNXXxa2+Lvq6Woe/g+Wopb+nnf6+Lm4M9PwGxc0bvSP9V4BcKdvO3rUpHFwZyr7VNg6sSWTPmlS2rc5h06KJLJ8+niXjksiPDyPRoidUIyRYKyXJR83kUDUfLEyn+r31tH3zBn0l7zJQ+iF9hz6k++A2eg5+RPe+92jZ+XdqPn2R6x9s5upbazm8aS6Vb29mS24sz05L4osVebwxJYnF0UYWxlnIDfYm3k+N3mM0BqkYmbsrJpUCb4UMvUyC1NMdofNoPB9/DIX7aDxc/oLK1Ql/qQA/oSuBUmf0nqPReI5C7emEyssJheeo4X/o4OWC3NMFiYcTYoHzyAQxCF1ReLig8HBBK/LE6OVCpI8GncdovGWuWPUStO6PEqZ0x+arwlfsTpROiE3tQYpJRk6wgRkpUUzITGNKajRj0tJIS7AxIS2VyDA7PhEJhM5cRNpTL5G44RkiVxcRsnQYSNq8Wfz7S2uoOPQOrZe+oeX8zocmyNWSD/n65VXMzY4mMzyACbYA5qcGsDjZh7ykQN5885X/aUD6+G39D/TL9dsD/b/bQG83Lc0Ompoa6enp4mZ/z8iZ4sFu/MsehPELqoEbPfT1d9HVVMuVo9vZuy6dg4Ux7FsRTWlxHF8Xp/LhxnkUzc9j6dQs8qOCSPTXkhRoJEwvJUQrwip0oTjVwokXFtK953VuHP2YW2WfcOfEl9w+sZO+I9vpP/IFfaX/oG33uzR+uZXWL7dy/d0tXHpjLWf/fQWHn5rD03kJFGWFsG3+GF6eHM2MCCOL4wPICzGS6KvAT+qKRuiBWiRELfLEX6cYPmQL3ZG6ueAy+i+IXZ2QujghGf0oKrdReAtdCZQ4Y/B4DJ2nMzK3UagELsjcRqEVuaP8+Zrg8f+FQew5fBaRuKPzckLh/jheo/4NrZcrRpEboXo5atdH8ZW4E6DwwiR2xiJzI1InJkjqRqDMBbvGk7F+cqbZA5iSnkaOLZqMtFRibZmkJSWQmphIlM1O8JRZ2Dc+i/2pZ4ksKCRi2TKi5i4kfuEsXn5xLef3v0Pr2Z04KnbRcOYrqk98RvWJz7hy6H12vlLAzPQwMkO8GRdlJs/mzwSbP9lxQbz795e5fKGcVkcjzQ31/yUQf7p/AeHBmuqqf7eW2uvDr3l/U3//7zfQ80v93dzp7+Z2fzc3etrpaG2gvbme/p52bvZ1D0+ZP10vt/r7HuiXezdv9NLf30VPUx3XSr+gZF0mh1ZEsWtlFIfWpfD56iyeWTyeZ1fNYWJiKKlBRhL9tYRqhBgFo7BqxIQKnXl/YRa1Hz/FrbJt3Dm5nR/Pfs2P53Zz9+w+fiwv4ebxXQyUfUlv6Wd0HthGy1dvUv/xi1x9ZzMX31jL2VdWcnTLUl6dmsHaDBtfPjGFp3NjmRVjID9ASW6QjkRfJValCJXrKLRCd+QeTgRoZAToVKiFAmTurng+/igaoQCZuwsKD2fkLo+iFzihEzijcnsclaczEpfHkLo+jtx9NBqhGyKnv6D0dEbl7oxJLkTh9hi+EncMIjckTn9B5vLY8L8SEjgRZ/HGIHBC7zmaML0Ui8yNUJWAUIUnYUoPYtTupHoLWZgayqKcVKakJpNjjycqKoPw2HFEx8QTHZdEYP5U0tf9jZSnnieiqJiQ5UuJnLOAuAUzeen5Isr3vkXbuV00X9xN49kd1Jz8nNpTX3Dl0Pvs+PeVzEgPIyvEhzFhJrJCjWQFG8iMCeS9t17l8oWK/zlAbnXW8+tudzkeqOmXun/bre4mBjoa6HJU0emoYqC9gZs9bdzqaedW78Pd7Ot4uN5/1vmrHrjX181AXyc9DbVcPPI5BzZns2dVJF8X2dlZlMyXG6fx1NKJLMtPxW6UYvNXE6kTESB1JUwvRe3+OOnecko3zaBt1yvcPfkZ35/bxb3yPdyr2MePFw5z52wp3505xK0Te7h1Yhc3j31F26536dr1LtXbnqPqgy1ce38zFa+sZE/BFHZtnE9Bajh/n51OcUoQRckh5JkkjAvSkuQtJ0YrxSh0w1smQuk+GoNUiFmrJlinI0Cnwenf/h+83JyHPzeReiF2d0bi9jg6oTMy18dRCVwQOz+KzG0UUtfHkbo+PjxZ3J3RCFwwq0QYPEbjJ/VEJ3BF7emMxmM0BoETBoET/nIBvhJ3/GVuhGlFBIidCVd6Ea3yIkzqRKpZQq5FxtyEICYkxJGTlEpsQirRCWMJDE/AGhVP1Mx5JBRvIXXLC9iL1xG1fDnR8xYRt2AmL/6tiPK9bw8DufALkJqTn3P54Htsf+EJpqeGkBMWQHaYmQyrkfRAPZkxVj54502uXLz4/ymQpvq63++Bh/3PgPhdIDcdp7jpOMXNptO/5Dj/u91yXBrpZnMlN1p+rrmS/roK+usquOm4xEBr1Ug3266PdKu1ZqQbbXUPVM/NtsaRbrU7RrrZ0cStjka6667gOLWDczvWcW5bIcdfW8CBl2ez941VbF4ymcmpkcT5KYjzVRChERCkEqD3GoVW4MLMGG8uvV1Mz8G3uFexk58uHWDwwj5+On+AH8+Xcu/yKb6/dIyb3+6j99jX9B/9is592+je+wFtu96h4fNXqfrgGa68sY6LrxZRunEOW+eM47n8RF6dmsr8cD2rkoKYbtUwJUhPgklKqE6Iv8B5GIpcjEbihZ9SjEUrJ0ivROTyOFJ3J7ycHkXu6YJC4IrnqP+NUuCEUuCEzO0xFB6jETn9Ba3IHa9R/4bI6S+oPJxQuzthVggxid0JkHnhLXDGR+yGQeSCSeZBtK+WAJkAk8gNi1xIhF5GiFxAtEaAXeeFTe1OXqiGuUmBrBxnIyUxnRhbBgm2dIJCU/CPiMY8Pp+kNZtJ++srhBduxLZqJRGLF5OyZDZbXinizL53aDu3i6YLO3Gc3UXtyS+pPfkl1/a/yyfPL2dKShg5EYHkRASQHuxDWpCe9BgL773zOpUXz/+pt1MPQ6h9oLpfAakZ6T87JX6do/b6SM01VTzSV3eMvrpj9NUe/6W6o3/Q8Yfq/bm++l+uDTSc5EbdL/U2/FK/4/QvNZ6hv/Hsz52j31H+u/U6zjPQVE5v3Sk6zpfQcvpTuk5/zvUDb1G573WOffEKRXPGE+0jJcWiI0onIljpiZ/MHYXboyjdHmPd2DCav3qem8c+5t753QxePQyVhxisPMxPl45y7/K33L96hu8rjnC3/BA3TnxDz6FP6d67jc4979O+622avniF2vee4uqb6zn/8mqOb1nAK5PiKUoJ47mJicy0Klls82V2uDfjApTEGyXEaMX4i93RuI8a+cq8WSUZ/sRcp0Ir8kTl5Y7Syw2puxNC58cQOf0FsfOjSFweQ+4+Grn7aCQuj6H0dEbh4YTc9XG0ni5oPZ3wFroSqpVjErr+v9zdZXxU5/rv/24pxRPi7gYJMYK7S4u3QBVKCy1SZJdS3IonSAQIECDu7u5CfJLMTDJxV6RUodD9OQ8CkwmEtvuc/Tvn//o/eL/IrEmetPd3ruu615q1sNVTw0xdHkPl4YzVUmKioRZ2BpqM1VDCTk+N6cZaLBqrz/JxxkzTlWephTqfz7Vm73tzWLf0bebMXsjixctYvPA9TMdNw+a9j1lw8DQLTzkz48hZJu3Zy8Rde1ixcxeOl7+jIP4ObYWRtJRF0VQQTl1uMLU5QQhj3PA+v4v1b09l7axJrJk1gRVTLHlnvNlfCsjrK8X/o4A8rM/mYX02j+qyZGQP6PvazD/0sCaDB9XpPKrNlHpQmyEjU+phTcZLMgdWm8ODmky+r07jQVUaD8SpPKxKoTk/mursQLwvHuDjhZNZNsmct62NmW6ojq2uCvqKQzFUlcNSVwW3rUvojL3KL3dDeFaewDNxBs/Kk3lans7jsgx+LcvjcVkePxem8UN+Eg+yo+lJCeZeUiDdcZ48SPSmKciZVv+L1HmcocrtBKXO+8ix/xqnD+ezc4YZ5z9cwHobHb6abcn26WNZY6nHXBN1ZhtrMl5HGVPFYVjoqjNGWw0LXXXsTAwZb2qEtYEupjrqGKgrYaCuhMaoEajKDUVLUQ51uaHoPm+5dJVGPj+nIoeRsjw2BpoYK41gvIEWE/U1MVeVx0pLGVN1eax0VJhgqIWNrhqWmsqYq8oxxUCd2aaaLLUxZMU4Q5aYKrFuvAF7V89i94cf8PbCFUycsZDVi+eja2HNuNVrmLt7L0tPXWTGvsNM+9cubLdtZ8G2zZy+eIC8GDea8kJpKo2gOT+ExtxA6rL8KI+6jsfZr1j/zjQ+mDuVdXMmsXzyWN62M2HZ7PG433b9LwSk5qV26n8yIHU5PKzL4UVQXvagLmtAD2uz+F7Gg7osHjyvRt+/9N4LD2tkZfCwJv01+gLyfW229OcH1ak8qE6npyqZJkEMwnRfTmxZzafzx/HulDHMNNFghqkWFlqK6CgOxUhJjgl6SoQf+5R7SW78kh/Js8pU/l2Zyb8F6fxWmspTURaPSzN4UprJTwUp/JiXwA/Z0TzKDOdRRig98d50xrjTEXOLlmAXmgMuU+t1lrIrB6hwPUjOua3Yr5nO7unGHF06kc/s9Flvo8/nUy1410afOfoKTNVTYpK+KqPV5LAz0ma0hhLjTY2wMdJjtKYatiZ6jNXrvfv7GH2t3pCMHILKiMFoK8mhrSTX+5VeNQX0VeR75xHlkVgbqGGlp8IUE03s9JSx0hyFhbo8FuryWGspMsFIHXN1+d4Ko6OKnY4ik3VG8e5EU5aO1eEdc1W2LrHh7NaV3L6wj2un9+F8ZAenD3zF8eO7Oep0imPXznPQ6RS7zx9i25lv+frUbhzdvqMg7ib1dwNpLAikIdeP2ixvqtLcEUQ64m2/gy/enc76t6exbp4d70w2Y8FEfZbOH4en+w0EAgFNjTU0N9bS3FhLY0ONVEPjwPoHokb6hbzmOgktdbU01UtoaKj8S6Fo7reVK6G5ukpGpVSTRPzfDcj9Pw2IbHV4XTheDkiWTEDS6BIlcl+SSkt5LMI0P/a8P4/1c61ZamvAnNHaTNBXwURNDpURb2KsNIqpRiqkX97N92nuPC6M5mllKs+E6fxbkMKT4kSelqXwpDSNx8VpPMyJ5UFGFA/SwvgxO5J7KQHcT/TlXoI3XXHudERcpz30Cg2+9tTcOUXlzaOUuuwl69xOnD6YxZGFVnw9w5xvF4znPTM11o83YtVYbWboKjJJW4FxOspYayljZ6DFWF0NbAy1pffQGm9mwDgTPUw0lLDQ00BPWQ4NuSGojhiMuvwwNBVGYKyhJB3gDZVGYqg8grG6ytjqKDLP2hg7PWUmGWlioSbHFBNtzJSHMsFAFXNVOaw0lRivp8IMEzUWjdVmmY0hK6y0WGWlSvTVbylMuIE4w4+KuNuUxN2hKNkLQWoQpSlBFCX6czfOl7w4H/KibyOId0eSG9B7P97iEFoKgmi8G0B9rh+SlNvkhV4m3O04wc778bu4B48zO3A7/QU3z+4gI9ILSWkOzbVVtNT1aq2TSLXUVQ+spkaqqbaahro+rTU1tNTW0FRX85eqxP9nA/KgOu0vypDqDcaL12l0i5O4L0mlU5hAUbQb+z5cyEczLVgx3ohpRqpM0FNBS34ICkP/iZGqMlMMVbh7/QCP0j14WhzL08oUfhem83tFCk9LEvitMI7HRUk8Lk7mh7xYfslP4IesKL7PCONBWhAPkvzojvOkK86d+3F3aAtxoT3EiRa/S9R7nkXoeogi+53knt6G35YV2K+cyoklEzi8ZCIbbXVZZarKu5YGzNFTxlZtBNMMNZlqrM1YLWUstVWw1lVjtJaK9ILFyWMMMddS7r1dkKYyhsoKaAwfgo78CDTlh2KsoYSJpjKGSqPQVxiOkfJIrDTlmWSkzkRDNWy0lZhkpImNthIT9JWx1hjBZEN1bDQVsTNQZ4qhGvPGaDPVQJkVljqsH29IzLUDFCfdoKMiii5BJF2CaO4JE+moTKRNnEirKJ42cQKtolhahLG0iRPoEMbRWRFNd0UUHeVRtJdF0l4WSUdpFE35IdTl+lGb4UV1mgeSVHckSbeoSvWgJjeE5vIUOirvSnVWFUi1VxUNqE1SItUqKaG5qlSqpaqElqoKWiSV/5cCUpf1ige1WTysy+wjO3vUZr4UEFkyAalJ7fOHAUmXejHX3JekrX8gvAAAIABJREFUc1/S+3c9lcl0CROIdjvJ4fVv8/lCO96x1mOGkQZWmoqoDBvEqGFvYaymynRjVQrcDvNTjj9PBfE8Fafy78os/i1M5WlJAk8LYvn1bhy/FSbyc24Mv+TF8SgzgvupwfycG8W9JF8eJPnSE+/BvTh3uiJu0BV+jc6QazT7XqTe4wyiK/spvbyH9OObSTy4kWPzxnJgjhVfTTZh+xRzVpppsMxCj5n6qtiqjGS6sQ42uqpY66hiq6/BBFM9xmgpY6quiKWOKtPGGDLRWBs7fU3GG+lhY6CNobI8uooj0JIfhqGaIqYaKhipKaAx8i3GqMtjra3I3LF62GmPYqK+ChZqI7HWlGeinhJTjTSYpK+OhYYiE/SUmGGixkxTLdZMGM0aczV2LZ2IMM2LLmEsnRVxtJfH0SNK5r4wiQfCJB6IkrkvTOS+KJF74mS6hIl0ixO5V5nAPXE83aIEesSJ9IgT6RIm0COMo0cYS9dznRWxdJfF0F0eR3tFAh2iJDpFiTKSpDpEKVLtomQZqf0J06RaRam0inNoqiqlqaaSpuczxB8FpE8VTdVVfV8TfyUgA1SK72szZPS1R7LH+7dEGf2ry2vapb9aQe5LUqVePt5TmUxPZTKSnEBibp9myzsT2bxkIkvH6jJFTw1TtVEoDH0LuSGDMFFXY6aJKjnXDvC4MJKnFYk8FaXxrDKbp4IUnhQl8KQgnt9L03hckMiv+Qk8yorih+wofsiO5kF6OA/TAnmQ5MuDRG/uJ3jTHXWbnig3uiJu0Bl6lTa/i9R6nkN04xgljt+Qf3Yb6cc+x2vTUo7NteKbmWP50FKHt01UWGSiwUxDNSboqjJJXx0bbRVsddWx1VPBzlATS1213m8HaigxfbQ+c82NmGyghYnicMYba2OiPAIzdSVMNZTRVRjeu+WrpoCO/FDM1UYxXkeBZbZGzDJRZ5qJOuN0FJmgp4yNpjwWqiOYYW6AmcJbzDLTZI6ZNpN1FFhno8mHtuqIk2/TUhRClzCOjvIYukXx9IgT/kDSgLpF8TISpbqECXTK6HqNztfoqIiXEUuHMFqqrSKaNmEijeK7tFSLaKqpokEmJL3zSJWU7CDeq5KGajEN1WKaJP29MVD79J8HJF1aPe7X9p8v+s8gfcf/akBe1lOZTLc4iabiSNxOfcXHsyz4aLo5q8YZMdFADVW5QYwa/Cbyw97CSFWF+Ra6ZLoc4ElRDL+LknkmTudZZTa/laXwrDyNX/Jj+bkgkaeCdH7KT+Cn/AR+yIvjXkYE9zMj+T49iJ54L7pj3XmY5Mv9WA+6I2/SE+VGZ8gVOoMcaQ64QqOvIzV3ziK6dogih93kntxCxM73uLJ2JvtmjmaTlRbvW+mwxFiV6ToKTDdQY4qeOhN11bHTU2WikRbWOqqMM9DEVlcdG20l5o41ZLGtCVP0VbDTkGeqoQYWKnKYKY3ERFUOM/VRGCgMY7TaKAxGDcFcXYFJOorMG63DXBMNJukoMF5LnpnGGkzRV2G8riK2OkqM01VljpEq49VHsspKi88m65PhfZbKVHc6K3o/8XvECXSLYmXEvXbx9/eagLzk5fD85wGJkmqviKCjIoYmcc7/fwLysr8SEGl7JUqkVRDDxW/Xs2aKMR9MMWOVrRHjDFVRlPsnowYPQn7YWxgoKTLbTJOYMzt4WhLPv8Up0oA8qUjlt7IUfimM51lZBk9K03hSmsajvDge5cXRkxHBj/kJPEgN4Mf0ILpj3bkX78X3Cd7cj7nNvehbdIe70hXsTEvQDVqDXKn3vkytz2XKb56m2u00BWd3kbjvIyJ2rsFp5VS+njyazTZGrBujw1xjTSZrKTHdQJNpxtqM19fAWluVqWMMmWSiyzhdFcZpKTDTTIPltibMM1Bjmp4y79iYYauugKH8EMzVRmGlpYyVljJjtZTRUxjJZAMNFpjr8Y65DkutDZljpskUPUUm647CWnUYk421sdRVY/FodWYaqbPARIUNtppEOH9LbsglOiti6RLG9QZEHCMj9v96QGR/v39AEuioSJTqqoijqyKZVnHhfz8gneJkOsXJdItTBtRTKSt5QPeqUrhXlSYjVeq+JF06ZPfOEb36t16vryj9AiJJpUecRJcwgbaKWE58/g7b3p7AZ3MsmT9GAwsdZUYNfRP5wW+iOGwwGgpyTDbU4OaeT/itKJynolSeVWXxtCqbZ1WZ/CJI4ml5Kr8UpfBEkMUvpdn8UJTJD0UZPMyJ7W2zUoN6r/ZN8uZBog+PEn16wxF5nZ5wV7qCr9AeepXO8Bs0+rnQHnKDJv8rNAReodrXkco75ym88C0RO9/H67NlnFw8nq8mGrLOQo1VVnpMM1BlqrEGE/TVsNVRwUxVATsDTcbpKDNZT5UZhmrMM9XkbUs9FpqossBYg8Vj9JmgLs9Y5eFYaShgqjQUC3UFTFXlMVQczHg9ZeabarPYTIullvpM1pZjnrkWk7UVGKc1ijHPr/R9Z4w2cwwUWGmuxNnPl1CScJ02QQTdolh6xHF/UkFk3/srx+PpFsYNqH9wen+3Sxj3kvh+OiviZMTQJkykXZRPs0RIc62ExpfnDplBvKlaQmN1tTQcL+aNgbzRUBBGQ0EY9TIaCsOlGovD+hRFSDUVR9JcEiXVUhot1SqIkWov7x36OiripT+/rKMi/rWfHP0IE2gTxNBaGk2LIJzLu9eye/lkti22ZeFoNax0lVGVG4zcW/9EafgQ1EeNxEZXna+WTORJSUy/gDytzOBxeQq/liTymyCDX4rT+bk0m8cV+fxQlMHjkjR6UkJ4mBrEo4wgHqb50xl9h4fxXjyMc6cnypWu8Ct0BzvTEXqFtiAXusNv0BbkSlfELVpCb1AfcIWGoOtUel4g7/JB0h32kHBsO2G7N+CwYg5fThrNEmNlFppoMl1PmUn6qkwx0cZGWwVLTSVmjTZgkrYCU3UVWTBak1U2xrxrbcDqsXosMlJjotoIJmjKM15bkdEKQzGUG4ylphJmCkOZZ6HPDANlZhursthChxl6ikzWkmeyriIzzDSx1VbgndGarLXTY4WZAofXTCc/wonGwuABwvF/HpBXF7yMfv+Pe4+9aPX6RL9WR3nvDNImvPvfD0hFqgcVqR6Upw2sIt29T5r3wNK9EWZ49Un3kRJleiPO8nlFZbavDD8qs/ylJDmBUtW5QX1yAqnPD6Uqy5+8SEcu7VjNrnfs+GqxLcustBijOhzVEW+hoSDHyEH/QH7wm5hrqTHHYBRPKpJ4Jk7jiSidZ5IcfhOn81SUzm9lKTwpTee3six+EeTwqCiT7wvSeJgdy/20MB6mBvFDZjBdCV58n+xHT/QdOsOv0xXpQleYE51Bl2gPvExXyBXaApzoCLlOe0hvONoiblMdcIOaoOuUuDtQ6u5Irqs9KY6niDm3lzu7P+G7VbNYbzealZYGTDdSZZKeMtNMdbDSVsNGW5U5plpM1h7FbCMVlpjrstbWgA+tdPl4ginvmGkwQWUIk7UVsFUdyVQDTcYoyTFaeSSWGqOYoKfADCNllpjrsNhEg4VmmkzQGMk0Y1VMlIczT1+R9+20WWYkx/b5FhRGOtNSEkZHedR/VEH6L/gYGXF/sOD7yLZPr//daDqFUXQKo+ioiKK9PFKqozya1oqE/5mAiJO9ECd7IUzyQJjoQUWCO8LEO1Qk3B6A+19WHn/nFWVxt6UEsbf6xN1CEH9bqjTupoxbUoLYW5TH36Ek+iYpbgdx+dd77Fw6nq0LrFk72QQL9ZGojxyM/KB/MGLIIIYPG4yu8iisVIbwiyCeH0sT+E2UyVNxNr8J0/hNmMavZck8FWTxa3E6P5ek8HNxCo+LU3iUFUV3UgD3UwJ4kOTL/QQv7kXf4kHMbbpDXLkXfpWesCt0hlyiI/gi7YEXafW/SLu/E63+zrQEu1IfeJW6oBsIfa4g8HQmz82BtCtn8Dq4E8cvPmL/qgV8Nmcc708xZ7mVHsut9VlgpMFsfXUWjTVhjIoCk3TVWTJai4maCiww02aVlRafzzJly1QLNtgZ8J6FGtM05DCWH8YYlVHYqsoxRVcFC6WhzDbTxmz435ipp8g7Y7RYYKDEXFN1ZpiqM05TAVuNkay20mKZiQJfTtWjKMqFpruB9FT0bvfK7mR1i/sqe6cwgU5RjFT/UPw1HeVRUv3CInO8SxgjrRJd5VFSnTLnXdrLIukQRNIpiKVZmPNSQPrmjoHOdbwIwctbu41VIhoqhf95QAZa9K/zSghib1Ea4/YX3ZAqib4pJYh2ozTqJgWhV0m8vg/Hnas49MFsti+w4oMpJoxRHYqO4jDk3vwHI4cM4p//+BvyQ95knJYcv0uyeFaVyeOKdH4tT+eX0hR+KU3lUWECPxen8WtRKj/lxfEoK5JHWRE8Sg/mfpIf9xN9uBfvQU/MLXqibtAV7kpnsAs9YVfpDnWhI7g3IG0BF2gLuERbgDP13hep83OiytcRoY8Td2+cx+/ANg6vWciWeRPZNGs8a6fZsHrSWFaOH8NKa2NWWhuz2taUhUbKzNFXYJ6ZJrNNtbBRGcFcEy3mGKoxz1idlWN1WDFGjU2TTNk114otU4xYMVYdC7WR6CsMQ1NeDl25IUw1UMVadRjzzHUZrzKMhSbqrLDUYckYTSaoDWW8xgjstEaxaLQaH9npsHmiBlHOe5Ck3qa9OJTWojBaCsNoLQqnrTiCttJI2gQRtAkiaS/rv0D7LVaZBd4/BH0tUddLC/51OgQRr9VZFinVIYigUxBLizD3/21A/qxCvK5aDFg1ZMW4IYjuUxLl2ifyhpQg8gbFYdcoCr1K0o0DXP1mLSc3LmbHIms+m22BteYItEYOQn7QP6UBGf7Wm0w10eCZJIf7+VHUxnnTkhpMa0ow93KieXg3jnu50TzKi+P7tFC+Tw3iXoI3j1J8+SHZm/vxnvTE3KIz/BptIU50hV+hI8iRrhAXukKcaQ+8QIv/eVr87Gn2daDe+wISD3sq7pwn8fw3uG5bx465tnw+ZTQbplnyrq0JK6yNWTfRjO3zJnH245X4HNhKrP1BQk/u4drm99g124b3xmjwjokK80frMFFblWVjdVhgpsGyMTqstjBg/QQ9ds4cw+EFNuyYbsJcQ3XGqimgrzAcjeGDUB36T8zVFbBQGcYMA1Uma45knqE875iqscRIlQVm6pgrDmGKjgKfTNBh8zhlbu1ZS3H4ZUqinSmLv4Ew8U6f5DsIU24jTnOnMt2jv0wvKUm2j1RNrp9UbZ4/dXcDpBrz+jTnB0q1FAS/orUwhLbi0N7njxSH0lYcSltRn9biUNpLommu+B+oIKIkd0RJ7oiTPRAluff/j/LcwGGREX+rn/I4N8pib1IWe5PyODepF8fKYm8iiHV7bWUpibraJ/q6VPHz0BSGXyHD/ThOu1ZzftPbfLXImr2rp2KnK4/KiCEoDxvC8H/+nTf/9jf+8fe/sXLmRERhboSeP8TNvVtw/Xoz13ZvIOrsXjIuHUDoe5XmWB+60wLpSvKjPcqde3GefJ/gTXe0G92RN+kIudY7lEdcpTPMhY6Ay3QFOdHqe4HWoEs0B1yk3tuBiiuHSDq+BadPFvH1PGvW2hmyxEqP1TamvD/RmvfHmXBo+UwS7Q9S7OOMMPIWVdHeVEZ5UR56m3wfJxIvH+bKxuVsn2zManN15huqMU1HjZXjjHnPyoC1Frp8aGfIJ3YGHF42jX1LxrF+gh5T9JSx0lZBa8RbKA5+Ew25YeiPGoqthhLT9DWZoaPMElNV3jFTYraeIhO15BmjNJx14/X4cqIaLl8tIuXmUbJ9zpHt50B2wMU+gZf6yQ12lMoLduRuiBP5oc4UhDlJFYY7UxThTFGECyXRVymJuSZVGn2V0uhrCGJcKY13RZBwnbLEG5Qn3KQi0Y2KRDeESbcQJd9GlHybijQvKlI9EKfeoSrtDlUZ7ogzvKnODaa6MJQGQTLNwjyaJJUvfa/8xeUkla94ed5orBL1P1Yp4o2BwjBQOMrjb/2h1wVEEHNDql9AZI6XRl/vRzYg/Y5HXqMkypW7IU6k3DiA886VnPxkLkffn8mR92cx1UARDbmhqI0Ygtybf2fo399gxD//juvBHdzYuxnHr9ZzbtNaTm18l0tb13F03UIcPl2J65fruL5pNZEHvkBw/RQ1/s60R9ygM7JXR5gr7cFX6Qh1piPUmfYQJ9oDL9MeeJkmH3uaAxyo9TpL6ZXDROz7FMcPF3Bo6VS2zLLmXRtjllsasnysAbvn2BJ2dBt3rxzj7o3zFHs5UujjREnIDfL9r1AU5EpxoAvpN04S/t12Ln44n6+nm/OepSZLLDVZbKbOu1a6LDNT4bNp5mycZMpXMyw4unwKW6YasdJSl5mjdbBQk0dXfhjq8sNQlx+C2vB/YqIqxxRDDRaYabDERIk5uvJM0RmF6ahBLBujytezjXHatohM95NkeJ4m29+BLP8L/WT6OUhl+NpLpfucl8rwPSeV7nNW5rU96bJ8zpLu0/temu9Z0v3Oke53jgy/82T4nSfT355Mf3uyAhzICnQgL9CB3AAHcgIvkB3sxN3oW5QkBSLMikZSmE59WRFNYuH/cUD6EQt5Q3aRl8W5vUIQexNB7M1+c8HLBDIL/8Xi713orq9VGnmV0sgrUiURfUrDXfpEXpMSRFyjNPwaeX4XyfU6xs29a7DfuICDqyZh//kSFlvpoDFiEOrD30R56CCG/e0NJhlrEX1hH02pkbTnxtGcGUWy2wUubF3LgbWL2LlsDhvnjmfbgkkcWDqTU6vncHPLKtLt/0WtrwPt4a60h16jM9SV9hAnOkKdaQt2pDXYkebAS1R7nqHa4yTiWydIPPYlDmvm8O2iiXw2ZSxrbYz42EqfI4smc337Wvz3b8Jv3yYCDmzB89vN+O3fQsiRHcTbHyTe/iDJl46SdvkwSQ57CTmyGc+dazi1fAL75ozmkzGjWG2pw3ILdT6aaspaa13et9Jm80Rj9i2wZf/8sWyaYsI7VoZM1lFigp46eiOHozZkEDoKw9GUH4KewlBmGmuy2FidhYaKzDFSwVJ5CAsNFdg2RZebe1aR5XGKLO8zZPqc7xeILD+H3qryXJZvnxeBSfc5T4aPwysyfS+Q7nuxnwzfC2T6XiDL7yKZfhfJ9L1Aho8DaT72pPnYk+7rIJXhd4FM30tkBV4hN8qT/IQgyrPiEednUF2aT4OwnKZKkbSFenEB4v9OQBoqhX1EFbwhSPZDkOxHabJ3f0lelDxXnOhJcYIHJYlelCR4UpzgSXGCO0Xxsu5QGHeHwrjblMT2KYq+IVUcdZWiqKsURV6h8I+EX5UqirhGUcQ1CsOvUhDmTFG4E1k+p8n2Pov73ve49Nkczn8yF5dv1vLBBFM05N9CbeibaMoNR/7NfzBjrBEFoW78WpPPj6J8uioyac+MoDLWE0GQKynOxzm4cg4bJ1mwxtqIz2eOY8c8O65+upTko1up9b9IR9R1msNcaA91pjP8Cq3BjjT6nafR7zw1nqcocz1I2ZX9xB9cz/nldpxfNYWDsy1xfn8h3rvWcWfnx5xZu5gPbU15b9xoVtias3ycNQvMzVg0djQLzfVZaW3EzgWTsH9/Pre2rCJg9/v4bluF60fzOPWOHQfnWrBtojZrxqqy3EqTjZNN+cBKh82TzPhiiilHlk/li4n6rLMzYp6BErMMlbFQHo7yoH+gOXIIYzTkMVWXR3/EIMZpqbDMXIflZmpM1pBjkvYoNk3SIfjUp2R5fkeG5ymy/e3J8T0vle17niyfc1LZvhdlOEjJhqof3wtk+l6UyvK7RJbfJbL9L/erUNl+9mT4OpDhd5F0/0tkBDiTE3aLvFgvSlLDKM9JprIwj+rSYhpFFTRXigZc/L1ef5XugBXjedWQ9YY4Nx5xbjzinCQpUU4MouxohM9VZEVRkRlFeWYk5RmRlGVEUJYR3ic9jNK0UErTQilJDUGQIiM5sE+KP6XJfq8oSfKlONFHqiTeW6oo1pOiWE8KYzwoifOgOMqN3CBnUtzP4HHwI25/s4Y7336M8951bF8wHs0R/0BrxCDUhg5i5N//htxb/+DEto/4oTKX1owIqmJ9qY0LQBToSrrzCVIvHyPu7F5iz3xNzOmvubnjA46vnMapZePx3boMkdtJar3O0x7iQsfzkLSFONEc4ECN5ylEbkcpdtlLnsMO0r/bTNSetfhvW47P1lUE/OtDfL7ZwLE1Czjx8QrenTKB8fp62BgaYmusz0xbS+ZOsGWizXhmjBvPbCsrphvq8/5EK/YusOPq+kW4fLyAC2umcWqpNd/MMGDbNGM+Hq/Pu+bqbJtlxfvmmnwx2ZQDSyawZ7YF68cbscZKh0XGKsw3VsdMcTjqg/+JscIQTJSGY6mphLmqPJM1h7LEZCTLLDWYrD6ELVP1iL64lfQ7x8j0Ok223/k/CYjDgP63AhJwmSz/S2T6XyLL35HMQBeyQlzJi7pDYZwfpSnhCLNTkBTepVZQSoOod/G2SCppruo/ZLfUVEn9VwJSIyimRlBMdWmhlKQkH0nJXaqK86Qqi/KoLs5DUpxHVVEuVUU5/VQWZlNZkIU4P7MfYV5af7mpVOSmUpGTIlWek0J5dnKfrDipihc/Z8ZSlhZJWWo4BTG+pPpcIuDsNpx3vsutfRu5fuQzDqychbHCIPTlBqM+5B8ovvk3lIe+xbppY/ihJA5x0DWSHY5wduMaNsycxIbZU9i6YgG73n2HQx+uYv97C7H/bDVRp78l3fkgedcOUX7rBNXe52kMukxHWG9I2kKcaAm8QJ33GYQ3j1By9RvyHLYTf/AjArevIHDXWgL3b8T/wGYufbaaoxveZaKeMtpyw1EaPhQFOTm2bfoM1VFyGOtqY6LR+/2P8XoqTDE2YomlOe+PG83R1XO4+sUK3L5cgsMaO44uNGPfHDO+tNNlnZU2H9nosXO2DdumjOZfM835bvkUNo034NNxBnxoq8daS23sVIYxWlkOU4XhjNNUwVpLGcNRQxinOYpFRgrM1RvBKgtV9sw1IfjsZlLcDpPlfYYs35cC4nOOTO+zUrJhyfKxl5KdTWT9UUAyAhzJCnImO9iF3LDb3I3yoighiNL0KIS5KVQW5CApKaauopw6UQUNVUIaqkQ0SsQ0VIn+ZwPSKKqgQVRBo1iGqIIGUTn1wv7qhGXUCcuofYWA2goBNRWlVJeXUlMho6xPtaCY6tJiJKXFSEqKpKpKCvsrLpCqLM6lsjgXcVEOwruZ1JbkUZQSTUlyCMEX9+Nzcgc+320h/MIhjn00l0kachgrDUd35FuovfV3NIb8k/1r5vBzYSRFvo5c++wDNi+cwbfrP2P6+ImMMdRltI42Y/U0mGSkyea353PlX19w8+sNFHo4kHntGOVe9tQFu3Av/g5d0dd726ygi9R5n0bodoiia3vItf+CyP0fEvCvT/D95jMCjmzDc99mXLd8zBxddf71yUdY6mswe5wFg4cpMs92PDONNQjwi8DB1YXN69ZhZ6iDjboqayeP4/iHy7j1r08IOrCB29uWc33jAhxWjuPoXGPOL7Vi6wwz3rdQ59NxhmyaYMT+xePZPWM0exfastFOmy8mG/DVDGPeGaPL6FEjMR7+N6w1lbHRGoW1+jCs1RWYqSXHYp2RrDBR4vByG5x3vUPSrWNk+TmQ6XuRDL8LpPs9nwV87En3tifd63wvn3OkeZ8lzfss6d7nSPM+R5rX2efHzjx3VuZ3en8v3eccGT7nyPB1INPvEtlBzuSE3uRutCeFcX4UJYcjyIhDeDeVysK7SEoKqSkrpU5YRr24nPrKCuqrhNRLRDRUi5+fCe8LwqvD+asBGWhb98X8IRuOBlEFb0jL1EuaKkWv6DfAVAqpF1f0Uycqp05U3v+48NWg1QvLqaso66e2XCDV73hFCbUVJVSXFVFbVoy4IJuKnFQEaTEk3Lbn+v7N+J/fRdSl45zZtIil5joYKw5Bb8QgNAf/Hc2hb3J60yp+KYklz+cyG2ZMYLqtDbqKIzh0cB/zp0/h7IWLyA8ega2hCePHGLPn43c5/tFyfL75nLxb58m9foqa0Gs8SPHhfpIH9+Ju0hbs+LyCHKb4yh4KLm4l9uinhB3dStDhrQQc3sqtPRtYZ2vA5sUzSQr1YbKhJqssVJimPojtEzVYaWdC3l0Bnhcvsm32PPYunMeRNUu5setTgg5tIuLI50Qe+5zY418Qtu8TfLcsxem9CTgsHcvhuRZsnWzIu+YqbJpgxHorTb6ZM5ZtU035cpIBu2aNZvd8S6apj2K8mjJWikMwkx/CZH0VbNRHYq0mz3wDZdaaq/OuqRL7ltrgfmwj6X6O5IS4khPmRnbYDbJCXXuFXCM7+BpZQVd7BV8hM+gKmUEuZAa5kBHoQkagM5mBTmQEOpIR4Eh6wGWpNP++nzMCHckKvkJuhBtF8d6UJIdSnhGFMDse8d10qgqze7uY0mKqBSW9a0JU3ruAX1SO5+ForBl41+rVkLxuTqn844C01VXTVldNa63kFbLl6mV/ZVfgxV7ygGF7Xrn+jGyAqp8HqDw3A/HdVKJunMfv3D5ib50h5PJ3nPtiEe9Z62GmNBgThSHoDP0HakPe5Pr+L3lSnkR7ThSHNq7BRlcDb4djdDXXcuHEUTbPnIqOmgITjLXZOMWW2EB/UgK9sN+8gqCju7h7+yLiMDe6k314lBXA/RQvusNdaQ64iMT9Oypd91N8YStJZ74k3vEAcRf2E3ZiJx+aa3Bk7mR2T7Xj4mcfEObmxtuWY5ihOYrZY01xOnmWg5s3s2PlYs5s+gCXHR8TfPALEk7tJO3cTtLtd5B6djtpZ7aTeHwzcQc+wW/r27i+PxmXlRM4/Y4N26bo86GFOlunmLB9shGHl0zkqynG7J5pxucTDHjPWJXP7UxZpK+IudybmMkPxk5XDZORg5h1B0uuAAAgAElEQVSjp8AqEyU+HKuM85YVhDgdJzvCh6KkcAqTIylICqcgKYz8xFDyE0LJjw8hPz6Eu3HB5McHcTc+kLy4APLiAsiN9Sc31p+8GF/yon3IjfIhJ8q7T6Q32ZFe5ER5kxvlQ15cIMVpUVTkJlNZkEVV0V2qigupERRSU1ZCzfNQvPjAfbGIm6sraa6p7DsBWNc/DLKPL+h7jMHAu1h/KSC9T+CpeekZbtUD6vfl+tr+WmsktA4UpurKPpLX61fBJH2aKkU0iXt7w4ZKEfXCcmoERVTezSDR24X4WxeIuHGahFtOOO1eweczzbFWG46Vxij0h/8T5UH/wOvkHh5XpCIM86LAz5XaaG9i7E8Q4nSR8uxs3rZVZ8tEQ76aqMv7Uy3JS04hKyYEj1Pb8Pt2CxFn9lIT7U5Hih+/FkTyKCeE7vAbtAa7UO1+iirXgwgcd5B+4StSXA4T4/AtUad3E3JsG6HHdhB0eDtu33zG2fffxmnbZxxYsxzHLz/k3CerubrtU0IO7SLyu69JPLuHdPu9pF/cS47TAXKd9pHvvJe7l/eQe2E3mae3EH/oI0J3r+D2JzO5/v50zi224ssJ+nxqpcn+hbbsmj6a/QusObp0PAcW2XLpvZlcWTuDXVONmKY2HLNRg5luqo+F4jBmaMnxrqkiG2zVcPxiGQkeLpSkx/XOhnmZVORlUJ6XTnlur7KcNMpy0hDkpFL2nCAnhdLsZEqzkijJSkKQmUhpRsKr0hMQZCQiyEikLCuZ8rsZiIryqCor6q0QwnJqhL0dR4NISEOlmLoqIXXP26nGarH0ycnN0rsl9mqtqx6YTED6zyQyAZFU0vSagDSKhbzR0dxAR3MD7U31UrLPNh/oOecDaa/v86Iqva4y/Vl16ud5eJoqRdSLhTRVCqkRFFKZk0FutC+pfq7E3rpI0u1r3Ni/jm+WTWKGvhLWWiqYyA9Ga+gg3I/v5nFlJg+L4vm5PJWKcDdKou7ge+gbrn67lygvHw5/+gHHNrxPkMM53PfuIuncIcpunEcSeJXcm6eojb1De0oAjwsi+aU4ie4oN7piPaj3PUflzSOUOe0i79JOUi58S6L9XhId9hByZBOBBz4n+NBmIk9sJ/jAJlIc9hBy8DOSzu8h/MiXpF/aT9ql/WQ4HiLv2nGKrh+nyPUY+VcOU3L9BOVuJym/cZzSqwcpuPQvMk5/SdyhjwjevgL3DfO4umYKF1dPZMNoeb6002X/fCt2Tzfm2FJbzrw3ncsfzeXO5iU4vjeJDyy1GasynDHyQ7BUHMwMrZGsH6vM9pkGXP5yKYFO3yHOS6c8JxVxYR7i4j6iojxERbmvJSzM+UOigjxEBXcRF+ZTVVKEpKxE2jbJtuQvPs2bJGLpnNFQLR7wFqLSO7K/5nmDsgHpC0rfXNIkqez1vKtpFAul/0orSGdLI50tjbwISq/6AbU31fXzuiDJhkWWbKDa6mVCVFfd7z5HAwWpd4dCQoukksqiPBrLysgM9yM14BbpoXfIDPTC89hGTn2wgFU2ulirj8Rc/k10Rwzh0u4NPBZn8Jswgx9Lkvi+II6mjAC6MsJJuHCC0+uW4bjpExw3vMvtLe+SaP81yY4HSL/+HXk3zyIOu0FDsi+tyV48LY7hWXkO92I96E70pdbnPJJbxxFd3UOhyx4ynPaRffUIGU6HiDv3NakX9pFk/w3RJ3eQcX4XKWe2kn5+O5nnd5F94V8Uuhwg1+UIBa4nuHvlGMXXTyLysEfseYFq70tIPC8gvn2GsmtHEbgcIP/CbtJPfUHC/o8J3r4C788Xceejabisnsg3k3XZaKnG/vmWHFpsifPHczm/ejKO78/A+aM5bLIzZJqGAqNHDWK2kTrLxmjwkdlITqyewJ0jW/G/fIw6QQGi/BzERQVUlRT1U1lc+Ide/hvZ9ySlJUhKS6gpE1Bb0bu582KmeBGCF9/ok7Y+Mq2UbDj+6gM5/ysB6W5rprutma7WJqnOloY/9Up4Wvp0NtZJdTTUSrU29ZE93tZQS0tjjZRsqFrqq2WCU02DqILq0nzaxBIKk6JJD/YiOcyDyswkvE9sxnnzu6wbr4+dxghsVQZjpCjHmS/X8aQyk98rs/mpJIkfihLoSQ+nIyuKuqQgquICEfi7kOF8mKKbZyhwPET+pYPUel2iMdSd6mA3OlKD6cr04WlxNE8FeTxM9OVeShC1vg7U3DlBpeteSq99S8HNoxTdPkn+zdMUutmTd+042S5HyLlylGznk2Q6niD3yncUuB4ny/EABa7HKXE7Remt01T7O1IfeIXm0Os0Bl+jIfAKDf4uSNztkdw5h9D1KKXO35Jnv5OcU1uI+/ZDwnauJujTWQRvmo/LqgmcWjmV9eaKHHnbGscPZuC6fi6nltlx9dPF7Jtjw1wNRcaMepPFFjosMlDgkzEjObBkLK6Hv8L30jHKcjOpKimksrSY2vIyqZoywZ+qFpT2ey3797UVFdRWCKkXiWisrJTOEy01VTTW9Xnxgdgq00L1roH/LBz/vYC0t/FCV1vrK7pb+/QPUeMr+lehV1u3P9LWWEdbY13/J5M29FajF9WkrbaalurenrG1WkJZegIpwT7kxUciyogh0uUYF7atYvM8S+brKzFVTwVblWGc/+oTntbm86wyh19LknhSFM/DnAg6k3xpiLhBle8lyu+cRXD7DILbZyj3tEfsd5WaEHeaY725lxPFvbuxPMzw57eyZJ6Jcrgf70VnvDe1vg5U3z5O1c0jiFwPUX7zOCU3TlHidh7B7cuUuTkg8rpEmft5KtztEXk4ILx1jirvi0i8LlLrfZkmf2fagq/THnKT9jAPWgJv0ux/jUYfZ+o8L1PreQGx22kqb36H0PUIxY7fUHB+J2nHNhK//wMid60g4IuFhO9Yhvunszi1xJLtE/Q4tMAS+1UTubVpIacWj+XwPCuWmqhhpTScKTojWW40ki/GKnJ8qSXXvv6Y3EgfKotyEBXlUFVaSHV5KbXCMupE5a9s7ffbhRQOrLZC0Ls9K+wdtGV3oV53W57+d0zsewBO/3VR1/9ptq953HPf45yr6b/lKxMQmR3blwf0emE5b9zr7OBeZwc9He30dLQjG5ju9jZ62vq8qDYDkQ1OV0uL1J8F6M/C1NFQS1tddb8Wram2itZqCTlRIeQnRCDITKE4KZyYG2fwObGdHUsmsMRIkVlGioxTHsKtw9v5TZLLM8ldnlRk8KwslV+LkvgxN4oHaUF0JQZyPy2MrqQgepKDaI7yoDs5mB/yYnmQE8/PhUk8uhvLz3nh/FuYyZOyHB7EetIZ40m9b++FilV3TlJ5+ztEd04jdD+P4M4FRN5XENxxROzpRL3fVaq8L1HjfZlGPxfqfB2p93Gk2d+F1oBrtAVepyP4Nq3hnrSGedAafIsmv6vUezlS43GBWk8HJLdOIXQ9Qqnzt5Rc/Jr8c9tJP76RhH3riP56NeE7lxO9ZyV+Xy7GceV43L5YxCdjR3Dl4/lcXjebvfMtWaInzwIDJeZoj2SF3lC+GqfCyWWWXN6+jvLsJCQlBdSUlVJVWkyVoJiaCsFrt/VfqK18vReDdkNVJY2VVTRLqmmpfn1FeN3C/28G5EXlaKwS0/g8IC9C8eLfVwLyclBeuNfep6e9pZ/XBUW26si+N1DVGShAsgGRbdPamutoaayhuaGatppqsiKCyE+IoKoon5LUGJI9LuNzahd7V85gwxRT3rFSZ7L6cE5+tqL3Rg01BTwRZfO0PJ0nJan8lBvL9xlh/JwVwb3EAB6kBHEvOZhHWTHcz4zg+7wofhHk8VNBEj/nRfO0OI5/i3J4UpbLgxgP2sJvU+9lT5X7aarcT1N55xSVHueocD9PhcdlKrxcEPlcQ+TuRK2HC40BV2gOuEp70HVag67RGniVNv8rdARcpyvoFt3B7nRGB9Ae6UNHuBctAdd7q4jXReq8LlBz5wyi60cpv3qAMse9FF3YSd7ZLaQdW0/cvrXE7H2PmG9WEvTlAhK/WY3vJ7O59t40vpqgzwYbbd41lWeDnT4rTZRZZ6HDJ+ZK7JqozvElZoQ47EOQm9m71VpWSoNIRK2wjOryUupE5a+cca6X9Kmrfr36GjH1NWIaJS/CUUNrTW1fIF7qGGQXe1tDg9R/OyAvwtEgEw5ZL87XvXG/q5v7Xd3c6+yS6unofI2Bq8zLBmrVXtbZ2vJ6LS10NjfT0dRER1MT7Y2NtDf2huhFG9ZWKyE1zJfCxCgaKkooS48jN+QWES7HOPv5SrbOs2aBsRoLTVT5ZLoFj0WZPK3O51nVXX4T5UBpJo9LMvklL5afMiP4MTOCR+lh/JAVzf2MaH4sSOOXkmx+rSjkh+IUfiqM56kok9+r8/itJJ0HCQE8iPOi0d+RGvcTSNy/Q+JxGonHWaq87KnwvIjIxwWRhzM1Xi40+12j1c+F9oCrdAa50h7gQpu/C51B12kNvcO9UC9aw73oSQqjKzaI9hBPWgLdqPdxot77ArXup5G4995ZXuh6CKHLPkovfU2Rwy5yT28m7dh64g99QNDXqzmzYiKeWxbhsnEBX1qo86GVChtNFVlrNIrP7XTYMsWAHZN02GylwO7JahyapUPiHRfEd3OQlPRuu9Y/rxrSYVoipr6fvoA0VFe+lvRO6bU1NNfW9rZLLy/qhvp+D9J5QTYgL+v397KtmMzrP64gYmlVfLlqvDiRXS8s540H3T086O7hRVBeDkt/fVXmjyrPnwVooBDJBqS7tVWmResLS2dLo3Re6WqqJzs6BGFWGg2iMsoyEymNCyTo0hEctn3AroV2vG2qwkorXRYYyPNMnMXvtYX8LsnnqTiXxxX5PK0R87Mgn1/yEvkxO46fcxP4KS+Bn+4m8XNRBvdzkvi1LJ+fi1J5WprC75XZ/LvmLo+L0niQEMD9WE8a/C5T53mSqjsnqHI/RbXXOSTeDoi8L1PpdxWhhyMS98s0+rjQ4utMZ5ArHYHX6Ay6xv3w23QG3qQz0oe2SG96ksNojwukI9qPjjAPmvxcafB1psHnIrXup6lxP43k1nEqXQ8hvnoAocs+BJf3UODwFdlnvyTpxKcEHFrJlxPtGDl4EJbqyuxcNp9ZZpos1FfiswmGbLBQ4kPDweydZcK3swzYM02Tg3P1SLjjgqSkgKriQqoFJb3nG56f/K0VlknnBqlqidQf3gdX2kbVDlgZ2hqeh6Gp8RUvPhhf9kdh+asBeXHeo17cPxiyV3nUlgsGDsjrdf7XAvJHgelpa+u/OfAiJM/br47mBlprahGkJSPJy6VeWEF5diqCpDACHY/jdmQH5z99m7WWWqyx1WORgRw/lST0qyC/CTN5XFnKk7Iifi1M53FRBj/kJvF9djyPcuK5n53Ab+V5/FKax495iTwpSuTfVTn8Xp3HL/nJ3I/3pyfanTqfS69UEImXPWIfRyQB16hwv0C150UafZ1o8XWmK/g63SE3uB9+m64gNzoDb3Evyp/O1HA6UyJpjPCkMfQ23ZFetAXfpMHXmXrvC9R7nqXm9glqbh6l6tp+Kq8dROiyjwrnbyl2/Jo8hx1knt9G+MEP+cDWgAkacmjIDeNtY02sdZTQGjKCSVoKbJ42mi9tNfnUfBRbx6lwZIEx++focDfCB2FhLg2iCqpKivrdq7axSkSduKJfQJpqavq8Jhz92qj6OtoaGgZe8C8C0dz0lwIyUEhkw/LnAemrHnWicmlAXr70qaaslDfudd/nXvd9HnT16e7skerpuif1cpV5fSv2qu72jn76v9f+l1qxrtYm2hrrelut2kpERXkI8jKpFwmQFOWQHxNETpgHgZeP4/vdv9gw24J14/SYrzcCSbQHv0lyeVxXwLPaYp6K8vm3pIzfa8T8XJLNr8WZ/JiXyPeZEfyYFsKjrDjuF2bwqDCdnwoT+a04nsfCdJ7V5PKkIJFHCV50RXhQ53ORas8zVN45SeWdk4g9zyL2uUBN0BXEfk5UeFyg1tOJFq8rtPk70+bvTE/odbpDXOkKvUF3xG3awr25Fx9CT2I4bWE+tATeoTXwFi1+12jyvkS953lq3U9Tf/skkuuHqXI9iPjqASqcv6XcaS9lTl9T6Pg1uZe+JuHcRlab6SI3bCgn9n3D/Z4ufvzxe9YuX8JoxREsNVHmvTGqbLBR41MLeQ7MMuTEkrHkRftSVVFOc3VV3/AqvSuhhAZJJQ0SCU01fa3SH+ltnRr7Pe75ddqbW/6Cpn4Bkn2u4cvBeRGSttperTW10pC8mD9kA/IiHLLXA764wHbAgMiG4o8C8jqyi1/29esC0tPR8ddasecB6WhuoLW6ipqyUsRFBTSIhVTkZSLKTqQgyo8ot0uEuZ5i62wb1k8xZfkYVeKcjvK0KodnDcX8u7qI3ytyeFaRzzNRCb8W5vBjTho/ZSXTkxLOw7Qo7qVE052dxKP8VH7MT+LnoiSeCDN4VpXN08Ik7sfcoj3EjRqvc73XY906hvjWMSrvfEel+2nK3E5S4HKQwovbKHbZj8TDnmYvB5q9L9Dqc4l2f0c6g67SEXKdtuDrtAbfpCXkNq3Bt2gJvE6TrwsNnhdp9LTnf3F33/E9n/v/x6u1dyRiV41Wa1ObFtV5Oo5Da68YiRWbiBAJQpA9iJgRO5LYm4Ts9cln7z2zY7XV5fH7I0RotT3ze87vj+cNEa0/Pnev63Vdr+v91h/civbgZvT7/FHFrEcSsQpZ1BokEauqErWawqg15ESu4ebOBYzu0JJGdV8j/epVCgRiisvvknEnlXea1+Wv3VvxaafmjH2zGW59WrJ8YCt8PujKzeN7UMtEVTBUVROyT3sIs06NUVP1LCmzVvuHQKqXO7+D48+heBaHxfyrCvMUyT8L5GU41ELBPw7k9/IikD+uNi8H8lxsZix6DUUWIyaFHItSgV4qQS0WoSjIRZmdivDWOVJPH+TqgVBi1y3A44M+TB/yJlvdvuJnRQY/aXP5UZrFY8kdfhbd4SdhJojTuZtylgcpyZRcOkbF5eNUnDtMxbVjlF88RNGFg3yfeY6fJLd5JEnlp9zrlJ/bg+3kLnSHA9Ec9EO+xwfJ7rWIo9YijFiDMHodWTuXc23dLG6tn0HBjgUodvui3bcZS/wOrPE7sBwJxnw0DHP8DsxHgzEeDcVwLBz9kWAM8TvQHQhAt38L2n3+aPZuRLXLB0X0GmSRK5GEL0cSvhxpxApEESsRRntVAdmxhKHtnGhQuxZxIUEU2+wYdHqWe8xmRCdnvuruypg3mvNpFyfm9m/D2mFt8R3TlbOxO5AV5GJWK6tGelRVOAzqp+/cUGPSaH6N4CWp6i1MLwXhsFir82eBPEXyYiX5Z4H8FoyneaW8tILy0gqeQnkxNYG8+PWaS7GaKXaUVKfU/ixljtLq1Px6qf3lgGpWnepm3WzGpJBhezJ6YtUo0IvFaHKzUOekIriazPEdq7m4O4w5o/uybuKHTB3Uhe/FqfyiyuKxLJ1fRKn8kHuVRxnneHj9NA+unuDehcOUJMRQnhxL0akIjHGBGPb5YU0I4WH2GR7LUvgh6zzf3zpFZWI0juMh6A9tQ7nXF/kub8Thy8kPXkp+yHKEoSsRhq7klu9sTnn8lXPz/kKa72ykketQ7w/EeHArpsPb0ccFoj8QgPHQNoyHtqHbvxn9garoDmxBHeuPeo8vmpgNyCNXIotcjihkEaKdHohDFiEOW4IoYhmSXV7kR67lzs4V9HRpTPsm9WlfuxZrZk3m04Fv0699E8Z0aclXvd9gWNtGfPhGE2b3dMZnZAfWjXqdCweCMCurJhWsWjUGddVyyqBSVX/gjGr1MxzPvb7ZWJ2nVeNFHC9WkL8fyLPv+xU4o7k6v9WLmLV/XEGewngOSGHePwfkZamJpSaKfxZIqc1GkdmM3WjEolHhMOgoMRsxq+WY5HIsUhHSjGuIb11iv/8y8s8ew+OjAexe5caMoW9hSznN9+IUfhKl8LPgBt9nXeDb1NPcu3yUivOHKDkdg/VoCKZDgah3b0AasprU1dP4/uZJvs04x0/iWzzKOs+3N05Sfno3tuMRGI+EoD6wGcWeDUgj1yCOWos42ht51Dpyti7m1oY5JHpO4KTbx5xyG82NVRPI3eKBNMwLRfQ6NPv80cRuRBPrh3rPRjSxG1HH+qKKWY9itw+K3T6odq9DGroc4c5FiIIXUrjTA3HQfGThS5BHrUAStQLJLi/yIr24tX05vVwb0ap+Hdo2rEvrenXo3qwhQ1o78WG3Ngxo1YD3OznzUedmzOvtis/IDniP7MCZ2ED0MgVqoaAaiFmrxahWV1eFpxXkRSA1UfxZIH//Eut5IM/9t/6FQNRCQdWFvsICVILcZ0Bq5mVY/q+BlNntFFssVaX0SUkts9sxquVYtWr04gKkmdeRpd3kYmw4t0/F4jfjS+J8F7Hs8yHsWzWT7wuu8nPhDX7IucjD26e5d/Uolef3U5K4C8fxEIyHtqCOWoc4YCEZqyZzccnXPBZl8KP4TtVbcTMv8uDqSUoS9mA9Ho35RDTaw0GoD2xDGeuPeu8mlLH+aPb4kxe4lMzNntzYuJA7m9xJXjyOw9NGkuzxCSle08ndshBxyEqk4WuQRXghDV+DJGwV4tAViEJXIA5bgTBkCaKgRQgC3ckLmIMgcC6infMQ7fRAGuaJPGoFipg1SHZ5kRuxhuuBK3i94Wu0bFCP1nVq8Y5zU/q1bMKHb7ZjUNtmDGrblLED3uGTrk6493FlzbDWbBjTietHIlCLxBjlUrRSMaYn5xYmjab6Q2fWaqs/eC8D8rJ+438RiLIg57eB/FkkfwSltLiM0qLS38xzWBxPkPxWnsNio9hqpdhahcRuMlFksWDWqLGolWiEBQjTUlDn55KWdJS003s5ErCW8IUTWfxxf+aP7MmDvEt8l32WH7LOcu/6MSovHKAkMQrH8RCsh7aijlyLwN+djJWTuDL/Cy6tmsYv2kJ+VOXzsyyXHwszuHsxnorzhyg6F0/R5QSsCfvRxoWh2huAKnYjsqi1KKK8KQhcQlaAJ3khXmTtWEb69hVc3zCHI3M/5eSMD7m0aCxpa6eSuWUeWQHu5AYuQLB9AcIdCyncvoCCbe4Its1FsM2N/C3TyfWbiiBgJuKguUjCFiOLXI5y12oUMWsQRq4mN2INl/0X4dKgNq4N6vFmk9q826oxwzu1oLdzbfq2asigji0Y1K4543q2YV5vJ7yGt8FzYBsu7gtBLRFilEsxq5XolArsJjNmnR6rwYjNaMJqMNaIuTov3aEyWrCbrH+Y55Zbv/M9LwL5TZR/AsjTcxC9XIJWKq7uP57DIchHXfCSCvKvBPKyPuX3K0qN1ABSbLNS6rBXbfk+ORupWm5pKTYZ0ImFKAty0UvFpJ87xe2EA6QeicHz0wGEL57MwjH9uXMgkAeZyTy4cZzy8/spTdpF0YlQTAe2oApfS8FmDzJWTeba/K9InPsxN9a781Bwi18UufwkTONRzg0qLxyiJDmOissJlF49g/XUHtT7dyCNXI9g2xIEWz3J37SA/C2LEISsRhjpjSDSm/xwb7J3LOf6BjfOLfobR6eOInHOx1zxHEvK6klk+swgc+NMMnxnkO3vRs7m2eRsnknOlulkb55KxoaJFO6YgzBoHrLIZVXVI3o1ypg1yGK8yQlbxS73r3FtVJdOTerTq2V9BrVtxtDXW9DHtQH92zenm3NtBrVpwtR3OzC/nzNrRrzOrN4u3DgcU3Ug+ORimlGjwaw3YNLpf3sJZbBU5+VArNhNtj/M80Be/j3/WiBydLI/AJL/n6ggf3Lp9WeAlNhtlDrs1YeJpTZb1SiKyVQ1/KauOhuxa9VkXEwm7/IZ0k/FsWn650Qtn8mB9YtYO2kMZWmJVJzfT8XZWIqOBWM5EIAmwpvCLfPJ9JrGrYVjueDxOTc3TEO+ZzOO80f4LvMC926e5sHlw5SfO0RR0l4cp2KwHItCtc8PSYQXWZvmc3XJRBJnf06Kz2wEwSsRR/sg2r2Bwt3ryQ/3JjdoJXe2zCdl41wur5nKSffPODLlPc66f8aNFd+Q6j2ZLL9ZFGx1Jy9gHvnb3CnYPo+C7XPJ9JtG4U53JBGLUUSvqAYi27UKUdRqssNWMWf0YNo0eo2eTeoxtEMzhrZ3optTQ7q2aEjvdk50d67NiLYNmNrblQXvtmTp0A787c1GXDuyB3l+Pka5FJ1MUvWhMpowaLRYDMbf/PA/Tc2l0P+HQCqpyn8WSKnjhbwUSHGNOCix2ymx2ymyWChzOKp6ErOJIosJvUKKrCAbh16DOP02qsxU0hLiORvmS+jiyZzctgaPzwaguhjH/cuHKD4ZijUuAF30eqSBS8hZP5PbK74hdel4UtZOpTBqNfr4YMrPxVN+9SiVV45QnhiJ40Q0thNB6A5uQhS2nILt88naPJcLnuNJXedG7rYl5IetQbTHF+EunyocUd4URHgjCFtDVuBibgcsJHXjHM6t+oYzyz5n76QhHJgygktLx3J73RQKtnlQuHMRgqCFFAYvRBA8n4Lt7ohCFyOOWII8ajmK6JUoolcjiV5FYfhy7uxYSnfnxnRqWpthrZoxon1zhrZvwdsuTXi9eSPebtWU3i6vMbp9I2b1a8OiQW2YP6gDE3u35HJ8LFqhCKNChlGpwKhWYzOZseifLKmMJmwmS41Yq2M3P8uvv+clMMzP8u8BYvgdIFVPMqkC8uTUXPgUiKAaiCovh1fKS+9SlX+ukvw9jfuv8ntAXrrcslNssz9p4O1YdDrsei3y/FxsWi16mQTJ7SsIrp3nTPgmts36lEM+8wmcN56DfssoTzlN5fkYjIc2YTuwCUXwcrLWTyd7w3SEOxcijfRCGrMB6+kIyq8epeJWMqU3T3L/+jEcJ8KR71xF/kYPCv3cyfV3I9V7Mun+s8kImENB6BKEkV7IYv0o3L0e4e71CCLWUqnsAlgAACAASURBVBjuRX7EKrLDllGwYxE5wYu45TOdc6u+4fzScRye+wGJ8z4hZe0U8rZ6IAhahCjUE1GoJ5LwpQhDFiEO80QWuewJjpXIo1aQH74SUfgSEtbNpVX9V3mn6Wt82LU1Q9u1YECb5nR1akCrBrXo37YZw1rXY3CbBkzr1ZLZA9rj9m475gzuxPWEOKxqNRqZjGKLBZNGg1VvxKo3YtbqsRstL60aNT/IVvNv50UoNVH8o0BehGI1mqr/zlWpMcj4ZNSk5hzW03suNauHslCAsiAPZX426rzM/10gpY4iHBYrJXYHxTYbZp2WErMRo0KKRafFoJKRe/UMijvXuHYggn0+C0gK9edc5CYC5o5Ddu00pTeOUJIQijluM5qYdYiDFyMKXox810oKQ5dQGLYES3Ikd1NPUnk7icr0JEquH6X0SjyOxAjyw1dx028OV31mcdN3FtmB7hSEeCKOXI0kej3i3RsRRK9DvGs9osh1SCLXI45ahzBqLYURqxEGrGHjX0czvPlr7J/1ATdWfkWi+6dk+LlRsHMRhSGeSCOWIQlfWrWdG74EacTS6uohi1yOOGwJgrBl3N7izrQhvXjTuTH9nOsy+g0nBndoQc9Wjenq1IAuzevTp2UTeraozciODfm8UwPchrzBtHfbMmtgR0zSHOQCARqZDItO92RLV1/9YftvA/KyreWaQGpWkJpADIrfAfJkaaXKy0SXe+1/F0gVDDsOy5MxFIsZs1qJXafBqFWjU0gxFGYiT7lI5umDJEVsIePUQU6H+LFt7t84Fx9LaXoSFWeiKUsKw3I0AFOcL6q93qgPrCd7+zyyts3GfCaChxmneZB1jkeZZ7l34xQlF49SdCwMdbQvivC1iPbuQHs4FP2hrch3eyPf7YNstx+ymE0o9vqj2b8Fzd5NyHZvQr5zDRlLpxP34Ug+6fk6g9p2YNvQ4Vxa9BXXfCZzbslYsre6Iwj2RBi6BFnkciThS1FEr0QasfQ5INKIZRQGLyJnx3yu+M2hY506dGj4KsPaNeGD15vSw6U+Pds2pXPz+nRqUoc3XerT06kBE950YlSb15jYry3TB7/BuB7O3Ll0CpVEglIsrh4pcZjMGNVaHCbL/ySQp2MxJo3muXsgTy+A/RYQlSAXdV4Wqtw0jDlneKWirJKKskrKSp7lHwXyhweNNZry3wPzspP4mnk6z1V1wm6kxGLCZtBSbDZiUqlx6LSYFTJEKZfITTpI9tmjpB/dzbXDe9nnNY/jQRtJTzrC3dTT3DsfS/HpUKzHAzAc9ke7fz0FO9xJcB9JXsgyfkhL5se8m3ybf4X7WWf4MeMcpVeP4DgTi+1kJJYjYZSdjqH0eBTWmEDM4ZvQbvdBuckL8Yol5M1zI3PaRDImjOfOxK+46recm/uD+eT1NmwfPYp0n0Wk+kzjps9ErnlPIjdwPoXBnojDliIJX1IdacRSZJHLkUetQh6+DFGoJ7k7PMgImIPnmL641K1Nx4a1GdWhIaM6NaVTswZ0c6rL641fpV3zhrzTphFDXeoxvE0d3mtXny/fdmHOiK588o4zfbp0QJmfhVYixaRUYVQosRvNT/4lNmCrAeT3Gu4/C+RP5QWET///VsPzQJ47ya+uHobfAVL1hBydTIJW8jwQRUFe1RIr7zbWzORnQJ5Vkn9NNflPAnFYzBTbrNWzOg6DkWKDHnVhATZ5IQXXz5N74TjX9u3CmJvOQV934rwWkHn9LMbb57h7LY7Sc7soSwzBejQA/UFf8gLncst7HEluH7JlWDeO//UvOLb4Ytm+lbs7/HD4+OLYsAGH/waKNqxGs8QDw9IFKKdPQfrNeATjxlIw9q/c/uZL7nzzBbne85BlXyYz6SDXY3dweas3l77+mqxlSyncvoKMzW6k+k3juvck8rZ7IAxZjDjME1Ho4moc0oilSMKXVs1ghS5BELSQ9C1uJHtN4aM3mtK8di1GtGvCx52d6Otchz4tG9PTpSmvN6xNN+cmdHZ6jS+6ONGr+auMaFuP9zs0YvyAznRrUY+3WzUhITYMq0aLWaXGIFdg0uiw6Ay/WmL9p4DUrCzPcFj+EIhFZ6gGYtJoqipiDSB6uRT9kwNRjUT03PJKUZCHIj8XRW4qpoykZ0Aqyu5VpyaKZ79f+d8LxGqjyGanyGbHbrZQbDJj12owyiToCvMoTE9DdC2ZpMgtCK5fJCnIj6MbF3PjRBy5V5IpvnmEskt7qTwTRcnJIIxxfsgjl5Kybjw3fCaiitlAwhcf4d+jG2VZtxFvXI3GaxmyRXNQuc9C5TYVwfi/kvflZ2SM/YzcGV+TNXsCBcvdKbx8BO2Zw+Tu3k7B+VPknj7OSfdp3JnyNdcnTkcUthFR6DJyd8wl1X8GtzZMIX+HB4XBCxGHeT4XSfgSxGFLEIctQ7hzIVkBc7jlO5UDc8cwe3BHJo0ZiPfEz9njt46CG1eJ2+GPa/1XadGgNp1b1Kdn24b8pUN9ernUZWjrOrzrWo8RXVrh2rg+fds1Zf64D1EWCjGr1Dj0hueA2Izm/9MK8gyHBcvvAHmGQ199X+W3gDzd4tWIhc8BkefnosirAmLMSq4J5Pm8rIr8vVXluWngorI/BaQmpJdhKbE7qqeEq4cZrTaKrDbsRjPFRhNGuQyTVIBGkI0yL4OcpHjSTuxHfv0MySEbuRW3i9wLp8lJOEbR1T08PL+fotPbsRzxRx2zgrytMykIW1T1erXYIBSLFmHMvUNmYjyVJg2G43v4Nuc6jsvxmAI3ofFyR3v+CIa0S6guHEV2fBfywhyUKde4HhvE7cR4xMd2c3X8F4jmLaBgnTeikHWIwleTF+TJnc2zSdsyi7wd8xCHLEAc4oEkdCGS0EVIQhcjC1+CNMwTccgi8gMWcNvfjYs+E9g79wMWjerG7TMJZF++xPULZzEqlMQGBtLitVdwqluLtg3rMLCjMyPaN6Bn89cY1LIWg1s3oWuLhrRvVp/ebRvz+dA+5N1OxaJWYzOasBlMmDS6JyMcL5x9vOxffbP9T+XvxfKyCmIxGLHozZh1Jsw6U43l1TMgBpXqN4CI0UiEqMWFKIUFz1KYWx1H/o2XA/mzSP6vgPzWrNbTbd8ii5VSc1UVKTXq0AgLMMrEiK6eIyv5JOo7N7hzNJaUI3tIS4gj8+huUmK8uX/zFBUXo7Cf2o5231rEYQuQxqzAdjaKB1eOc29/LMbLp8m/eZmHxWVYRQLKlUpMOinGgjwEyYexKmRoZDK0MiEFl89gzC9EkX6buDXLSF2+CNFGb4yrVlO4eDGSbeuQRK5DGL6a/JClZAZ6kBU4l7yd7oiC5yMO8XgCZSHikCok4pBFCHZ4kO7nxi3fqVzy/pqDHh+y/ou+HN3pR86VS2ikQnQyCXeSEnB6rRatG9emY5O6dHOux+D2zRjYqj5D29ZjQKvGvN60Hq83rkO/1o0Z3NkVnUSMTavFojdiM5iwG81VPch/CsgLVePF/BkgVTh01Ussg0r1Qv8hee4RRhqJsPrnBpkEk0KGRaXEoVP8NpDK8rt/Gsn/FZCyouKX3lIsttgos1go0uuwazVoRELsWg36vAzSzpxCkXaLrKRjnArbiuDccRTnDpByaDP6C8couxRF2dlwzPH+6PauRX3QG9ulGO7eOsWj80mUJZ2iwGMW9+QiHBY1poJc7ul1OPRa7iQcoFijxKpWUiwVccJvLZK4GC7PnIl44iTKt4Yh9FxO3vTZ5K9ZhizSC1GUF8JoLwoiVpAXtoS8nfPJD/JAGOTxqwryFEfmppmk+E0n1W8aV9eOI37BR2z6ohcxq+aQmnSK3LSbKIUFSFNv0LFJXdo1rUPP1s3p7FSPd1o2oV/zV+jbohZvNaxFqwa1ece5EUPbN2Vg22bopRL0MnnVDJbeiMNkwWYwVc1c/UeAmJ7d+fgHgDyrHlXj+UZ11T2WmgeFL75PxKpVYdOpcRi0FBv0lJqMlJlNlNrNv19BXuw7/lks5UVlL83Lpn7/qIL81vRvmb2IEqudEqsd05Pn+1pUMkwKKcKrl1Ck3yDr7Bluxe8hZf82sg5sRZB0gNzkeAQnY6m4sIeyU1vRxW/Gcmwz9rMRVKQe435qIj9cuMKDYyepWLOeu2tXUrDQHf31C5hzUjjqtQrT8ROojhxCvt4H9fip6CfMQOm2iKJd+xB4rkQwaRaF82YjClmFPNIb+S4fpHt8EEavRhC5nILg+QiCPRCFzEMc4o4keAHSkIVIghcg2O5B9hY3Un2ncXvTZO5snsLFNV9ybP4HbB/Xj9BZH3Pr5GHkwnxkedmocrKYM/YLujV7jYHtGvO2U126N32Vbs0b8E7zurSp/ypvNqvLgDea8fGbrfio15toREKUhUIsekPVnNXTD6bx2RTu723H/lk4f7SUellqzoBZDRYsejMWgxGz3lCVJ1XDpNGgV6swaqq2/l980ufTXxebDJRaTJRZzZRZzVTYLVQ6rNwtslHpsP4xkD/bi/w3ASmx2im1OaqB2LVqbBo5do0Ko7CA9LMJGApyEV5KIO3ADtJit6C8dorCywmkn9qL43Yi9y7t5e7JYGzHA6i4Gsu3WYk8up1IedIxvjt1ip+VWkoPxPP95mAeLPKkbPkS7q9ayXfeG/humRdlc+ZimDoV9axFVJ48TtosTwrGTSPfbRaibatQRPsgjVyLItYXWex6xLu9EO1ahTDME2HYIiSh85GELkAWughpyEJEOz3I2ezG7Q1TuOM3ndubJpPqP4kLq7/gxOJPCJnwLnvmfcLF3UHkpd0kPysbYVoa0js3Gfx6C/q2rEtvl7oMb9+EoW+40rnRq7jWrUXvNi147+12fN69HZNHD0ItLERZWIj1harxdGr3fwGIUa3GoFKhU1U9vbHYqKfMaqLcZqbMaqr+eYXdQoXdQrnNQoXdSqXD9vcD+Xuw/DcAKXUUVQNxmCyUWE1VT4dXSijS6jAqpSgyUtEU5JCVGM+tXZu4GuVL4YVjyFMukXv2OJJr59BdiOPehUjKk4MpvhDN99lJfJd1mke3jlMZHMaD4BjK9hymfMtOHq72566nDw+Xb6R05UZKF6+jZM5KjNMWopm/mMK/TSHnqwnkzp2F2H8Z4vDVyKLXIdu9HtmeDSj2+SKLXYd0jxeSqOVIIpYiC/dEGroQcdB8BIFzyQtwI23jZNL9ppAZMIP0gGmk+E3k4povSVj2JSFf9+fIos9I3jAb8bWTFKanoszNQZubwcT3+9Oj2at8/E4rPnvLhY+6taNvO2faN21Ev9db80m/d/iiewcmje6HSSGven6uRvt8BXmyrKm+y/FfDMSgUqGVy1HLZRg1SkqM+moQT5HUBPIUx0uAPNvefZZ/P5Dntn9rbAG/uJ1bYS2j1F5GSVE5FaYiymxlOBwV2EuKsRUV4ygpp8xaTLmtiCJHEaXFRVSYzZRbLdhNeqxFWtRaOQ6FmCKDHrtCgU4rQ5t5Ddm1qyTu8CJ17zZE508iu3IB2eXTZJ1NQHr5DI47R6m8GkfJ5VgeZR7ju9xEfshM5P6VI5QFbqZ88WqKPL1xLPHCtnAVtnnLsM3yRD9pHspvZqD4ZhqCv47j9tdfkb9wJgXbPKsuRUWsQbLbB3msL8p9fkj2bUC6zwdZ7FqkMauQ7VqBLHwxkiAPCnfMIXvLdFI3TuT2pslkbptB7s7ZZAZM5Y7/FC6s+SuJK8ay/auenFr6Jde2zOZy8AqKNTLybt5AL0wn79oZ3mxQl4/eceGL/m/wVa8e9OvgQs/WzejRqinDu3Rg3LudmfJBf+xaHWalCoNM/uT8w/ykDzFjN1qxGSw4fvXBdtTIP7ed++ea9F8DMen0GLU6jFodOqUSrVSMSi5Cr5JRZNBRbrNUp8JufS41sZTazZQXWakotlFh/x8AYrcXU1RUSpGjBIfNTpHdQZHNQVmRnRKblTKrHYejBKu9lOKichzWEkptJThMDkqtJZQaHNiUGix6A0UGIxa9hhK1kiKpBJUgi5vRvmSdiESaehbBzWQyzh1Dk5+D7vYFUqO9KD0bxsNbB/ku/Rjf5ybyKDOR+zePU3oplnu7tmNdsQTDwsXo3eejmzUX9dRZyCZOpfDr8eR/PY5ct0nkr/UgP3AZouAVSCLWIItaizRmPYq9G1Hu80O2zxf5/vXIY9ci27USaeQyxMELEAbOIWfLdNL9JnPHfzLZ22eRHzyXgpB55GyfSdqWaVxaN46zq8ex46senFryOTc2TuZ20HzSjoSiyk0j59Y18q9foGu9Wnz6pgsfdW/NoC5t6e7ahHc7utLdtQnDOrdl4uBurJo6FpNGi0Wnx6zVYdLoqpFY9ab/CSAGjRatQoFGIkIhLUSnlP4KyIupdFirgVQ6rNW/rrRZ/vuBFNkdlNuKuG8vwVpWSWVxOfd1Jh4qdFQaLdgdDkodxZTZHNisVqx2K3ZH1cWqcquNhxkZWMOD0O+KprhQgOPYIU6824Njndtyff54csPXkbDWHfOlExQejyI9fCWGk/5o41Yg2j6FtM0TeHhjD99nJPBT/hm+y0rk7p1T3LsWR3FiJOZDARh2eiH0dqdw5Wxyl84ge+k0clbOIN97NrmbFpIRMJ+ckCWIwlYh37UOWYxPNQ7lPj8U+3xR7l2PIsYLWfQKJGFLEG6bS57/dNI3TiLDfwo5gbPIC5qDINSd/OC55Aa7cTtgGpc3fMP51WOJ+LoPp5d8xpX1E0kJmEGC73TyToRgyL5GuK83nRvX4v2OTvzlLVf6tGtMN+eG9GjVlLddGjG0syuTh/bkVNgOzFINVrkeu9KAWaPDZjBRZLZiN1r+J4Do1Ro0cjlqsRCpKB+NXIxDr/1dIOU2M6UWIyVmAyVGPUV6LXatmiKdilcqy+8+2datmX/9wWE1hCcpKXmypfvk98qLyyktKqfYUUZJSRl3HaVU6iw8EAr47uINKsIP8eCbpTjeHUtJu/ewuQ7D3nEUZX2+pOiTOVTM8ub+igAe+Yfz0Gsn3y7dQrHbauzvfoD8jS4Iu/akcvBHJLm2YUeHJlz1/AxlxHxkUR7cWvU5+Vsmot27AHGkG+JIN6TR7ljjvMje8lfEEfP5LiWe77IS+CHvLA9yk7h3J5HSywexngxGF7cZ+W5vlLu9EEesIj9kGXmhy8gLW0Z+xCrEu7xQxa5HuXcjitgNqPb7ojq4CdV+P5T7fFHErkexxxtZ1CpkoUsoDPQgy3cqaT4TyPCbTO4THIXh8xGGz0cQ6k528GxSAqZxecMEkld+QdSkfiSv/IIrG6dx1XcyZ/1ncTFgJtkxK5j78XC6tmrIW01e48Murozs6ErX5nV406ke3ZwbMLiDMxOG9UR/Ox1zmghbjhx7oRqrTINFocNmMGMxmLEYzdiMZhxP7oE4TDaKjHasJhs2c9WPv9uHPMmLvcbzM1fPrtn+FgyL3vwMxtPt3Sc3H006PQaN9hkQYT4auQSHXkuF3UKZ1USpxUiRyYDDoMNh0GDXqqpew6aQYZSK0UkKUAuyUeSmI824VRPIv2Y368+ch5QWl3HfUk6lvYJiR9WztO5bzfx4K52H2/dQ8tVsSnr9hQrX4dx3GcV9l/e55zICS6sRmJ0HY3UegMVpALYWAyl2Hkyly3AqXN+jtM37lHQYjd11OHfbvs+jbp9g6zYIQes3+HbYZzi6DyKmT2syvcdhPLgaS/xaDAdWoYlaTKrXZ6ii3dEeXE5+0DTUMfMpProWQeBksjf9Dd3hNTzKOMbDjBN8n3eGR3lXeJRzkYpbJyi7Gk/JpYM4zsRQnBSJ9UQQ9lMh2BNCMZ8Mwnh8B4Zj2zHEb8dwZBuGI1vRHtqCav9G1HvXo4r1QRa1CmHIYgq2zSPTbzppvhPJ2jSVnMBZFITMozB8PqLIhYgiFyII8yArZA4pAdO5tH4CZ9d8RcTEPpxd8xVXN07h1qbpnPGdwfXt87i+5RtGt2tCh+av8Uaz2rzdojZ9WzWjm3N9Ojd9jbda1OP9Lm2YNKInyktXsZzPQX8hG8NNAeZ8OVaxGrvWhFVf1aBbtQbMKg1mlRabxkiR/lkT/mIz/ls4/hjIbzfsz1WMGvktIGqZDJWoEKmw4AkQHeU2M8UmPTadGoNCikYkQC3IQZGbjiTzFoWpl8m9mkT2xZOkJceRciKW6/HR/3dAyu0l2O+W8kiq4LvAA3w3aj4/vfEFpZ1H8227T7jbdgylbUZS0e59SlwHU9J6MMWtR+JoNQyz60D0zfphat4fe4tBlLoOo7Ld+5S0GYHVZRA250E42gyhovenWNu+S3m3Idx9YwS2twcQM7YrknB3zEe8McWvxXZ8PYa41RRsm4gq2h3LkXVIoxag2bMIbYwH4u0zyQ/4G5qDi3AkBfJj+lEepZ/m2+yzPMw+z3f5V7iffoFvMy9SfvMkd6/GU5wcgz0hGltCNNbT0VgSIjGdjMB+KgLL8SCMRwJR7/dHuccHebRX1WxVyGJyA2aT7jeVO76TyNoyhfwdVT1HYfh8RNGLEEdVpSDUnayQOaRuncHlDRM5v3Yse2cN4fzasVzxncztgFkcXzOB61vncNbrM0Y416Vd01p0aFaPLk616djgNd5q0YiOjV6ju2tThr/hyvgBb3DKbz2yw8nITlxAcvoS+ju5mAskmCUKzAolNpUKm1yBWSjBmC/EIJRhVemrl10vLr2eQ/BCXnqn/XeWU38GiF6tQS2ToRQKngNSZjXhMGjRyyXIcjMQ3r5O/o0LZF06zZ3kI9xJPMSt41XTFbcOR3PzUDjX9of854CUFVelvLic8qJS7sqVPFobCT2n8Ev3b3j49pfc7/oF91t9SHHrYZS1H05R68GUu7xHqcswilsOoaTlCKzOQzC1HIjBdRDq5n3RNOuDxak/la5DKW85mLuuw7jfejj3O43C+sZQTM1783PPj/ixwygULbqTNG0gkp3zMRxegzF+LY5TGyk67Y96z0IkobOwxHljjvPGeGApql2zEe+YhDpyJpb4NejjVnPvym6+vXmMR2lH+D4jgYcZSTzKucSDO0ncu3WCysvxFCXHUpQciz0xBkdSLLbEGKwJuzDEB6HavxlpzAZku32QRKxGFLocwY755ATMJmPjVNI3TyUzYBq5O2YiCJmLKHIhkl2eiHd5ItnliTByIQWhHmSHzn0CZALJq77k6MIxXPL5mmt+U0kPnMMJryogZ1Z/wscdmtK2cW06N6tPt6a16dawDp2b1qNj4zr0auvM+93aM6hlXYJnfENadBQ3Y8K5cSgG0ZWbGLIKMImkWCUyDIJCtJk5KO6kI712C0VmDmaZEpvGgENvwWF42fas5UkP8/ReieV3gFiq8zIgv7fE0qnUqKRSlEIBkuolVhUQu16DViJEmnUH0e1rFN68SO7lJHLOJZJ75iRZiUdJP32EtBOHuH10LylH9v55IP9ok15aUkqlvZRKRxmW0jIeOGz8En6UR+978Eu/mfDW1/z85pd82/FjHnQYQ2WbUZS2eo/ilsOxtxiC3XkQRS0GUew0CGvzQZibDsDafBDWFoMxNOuHtllvtE17YWreF6tTfypaDaW87XAedv2QytbDsDbrw889/sL37d9H5tKd5GmDydk6FcNhL0zH1uNIDKDs7HasR32Qhs/FccQbx7EN6Pd6IgufhTx0BoqomZgOrKQoeQvGY/6UX9zN/Wv7+fbWYe6nHOFuylHu3zpG5bXDlJ6JxX4iEsepCMxHgjEfCcNweCfag1tR7vVDtmsdwrAViIKWIti+gPzAeeT4zyTddwoZm6aQvW0GOdvdyA+ZhyR6MfKY5chjlqPYswJJzDKE0Z7khy8gM2gut7fN5IrvBE4v+5zTyz7nss8ErvlN5daWGST4TOX6NjfOrfiMz15vSOuGdXm7ZWN6OdWlr1NtujZ5lR6tmtLVuRG92jvxQYdmxK2ayaWd3pxeNZWb/quQJBzDIsmlQC7AmJ2H9OpV8k8kkHUgHmHcSVSJl1Fm5WIUS7FqqipJzSphM1QNPD5/DfbXedmTGZ+b2H2hcrwI5OkO1vNA8lDLRE+adDMOnQaDVIw8LwtJdjqitFQKU28guH6ZgivnKbh0huwLCWSfOUFW0nEyEw7/+4HcLanEXOqguNzBTwUyfp7ky0/DZkC/mfzcezKPuo/lu44fcbfVe5S7DKW4+UCKnYdS2nI4RS2GYGraD2vT/hQ7DcLcuD+G+n2wNxtEifMIrM0Gom/cB32T3pia98XcrC/FzgO59/pIiloPodx1CLamffil+1/4ueMHKFv24NSEfmT6T0R/yAvbyU2UJO+gOHkHpcnbcBz3QRIxj5JTvqh3L8KwdynKqLmoY+ZiivPClhiIPn4D5ngf7p6LpPxsJJUXYig5t4uSM9FYjwfjOBaKNT4IU9xWdPs3od3njyLGB2n0GmThqxDuXIxgmzt5AXPJ2TyLTL9pZPnPJHPzdLK2TScncBaCJzgk0Z7Idi9Dumsp8pjlSGKWURi1mLyw+WQGzSUlYDo3N08lcfkXJC7/gss+E7juP41bW2aQtGE6F/xncGHlF3zTpSlvOVVdnhrQuhFDWtXn/Y6NeKf5a7zZogH9WtZjwltOXNnkRmaQBzfmfMrOlg3Z06gpN9r2xLQlCF3UHoSfzsQ6x4tkXy/O740g6+Zl1GnZaPMLMCtU2AzGahQ1YTwdQX9p/kEgZp0Jk/b5HSytUoVSIkFRWIC4MBe1TIRdp6laYlUDyUaak4Ek4w7itFREt28gvHWZwusXyLtyltxLyeSeTyT7zMn/QAUpqqDCXsRPu5L54aOFMGYZPwzy4Jfuk3j81nged/qcu67DKHceRLnzIIqa9sPRfDAVru9R3nIE5mb9MTTohbVxPyyN+qOt3QNbkwHcd/2AkhbDsTUbiKFJn+oKUtRiAHaXARS3GcrdNsOxNe7N43c+4/EbH6Ju2YuT43qT6j0W7QEvHKcCKD0TRFHyLncH0AAAIABJREFUTu5eDKEscTOGgyvQH1iGPX4tlgOrMR1chiTKDesRHyyng9Ad8sYWv4rSk9t4cC6CkoQg7CeDMB0OQLfPD81ef9Sxfsh3+SCL9kYcuYLCME8KwzwRBc4nZ+NMcjZMJcdvOjn+U8nxn0zW5plkb3MjL2g2hSHuCELcnzTki56rIOLdSymMWkxu6Hwyds4hbbsbNzZN4cr6iSSv/IqrGyZxdeMUUrfO4vT6aZzzm86lFZ+z+Yt36efaiK6NX2FY+6Z80LEZX7zZmMHtGtKleV0+7uzE3N4tuB0wBXHwHNKjF5O1cz5HOrTjdv3WpNZvg7xZdxztRuJ4fTT210dhbjccTZ9xFO8+irGwEKNEglWjfe5dHTXvZvxunp6C65/HUjNPhxFrxqQ1YtIaq6vHbwFRSYXYdWpKLUYcuqo7QsqCHOS5Wciz0pFm3kGSnoLkzjVEKVcQ3LxEwbUL5F8+R96FpH/PqMndojJKSku5X1zOj3IT3y8P4fEHy2DUUhjmweNeU+DtcdDla+gyljKXIRQ7DaLcaSgVTiMwNejD3ZYj+a7Nh5Q5D8fQoDf6Rj3R1+2B+tVuaOp1567L+1S6vE+Z8wjKWgylwnkYpc0HU9RkAGVOgylzGUxZy0GUuAzk5zc/5PFbH1HaZiAJ4weSsuJz5JEeFCdtp+RsMOXngyk/F0R58laKT27EengtRSf8sB/3w7zfE0X4bGwnN2NMDsN42Bv9gRWUnvanImkHlUmhlJ0IRB/jjSRoCeLtCync5oEgYAGFWxdSsMWD7I1uZPm6kec3C/nO+QgD3Mj1n0q2/1Rytkwna+sMcre7IQieR2GYB8Lw+YgjFyKN9kS+axmymOVI9yxHEr0EQeQickI9yAyaS/qO2dzYNIWb/tM47zWOaxuncG2zO6mbp3M9Yi0XNkzi0spPOeIxhoFNa/FOi7r0bduAj99yZXy3ZnzYpR5fdHFhap/WLHvXhXT/ieRGeJATMpdUn2840bAJl19pQs5r7cmv0wWD8yBMzoPRN+2Prvm7KBr0Qu80APt70zBePI9BWEiR2oBeX9UPaDUajDo9Bp0ek1qDTV2182VQaqvfM1KVP8ZS8+tPe46nJ+dPcehUarRKBQqJELkgD5Eg5xmQJ5fo9NKqNwHI8nKQZWchy8pAkpmCJO0Wkts3Ed26QuGNKiR5V87+m2axrKWUlZXyUKTk3oQ1MHI1jz5Yzc/DFvJj35k8fmcivDWeX96axE9d/4atYV8sjfpS7jSMey4jMdTrRVGTwTxwHc13bT+iuOlg9HV7on6tG4rXuiGu1QV7syFUuLzPg1Yf8KDlKB64jqa8edWff9ByJJXOw6lwHkpR84E8aDMC3vyUsjYDOTdpODeXfoYodDa2UwFUXAyn4mIEpeeCqTgXzN0LQdhP+FNyaiP2eG80uxdhPrgC26kAlEf8sB/zwXJoDWWJWyg5tYWy04EUHd9C0bHN2OM2Yt7vg36PF9rda9DFeGPc74Nhvw/a2LWoIpcjDVlI4Y45FGybRd62WeTvmIMgeN6zhLojDJ+PJGoR8l1LUexejnT3MsS7lyKJXkJBxELywheQtt2NtO1unFnzFSnbZnFu3dfc2DKdlO3zuOo/g5yDAVz2Gc/5lX/h8LzRrBz9Fv1d6zOsswvD2zfnr2+7MLZbU6b0e515A1uzpG9zcoPcSNs6hcwwd65PHsO1xi25VqcFqa+0QlCnK8qGvbG0GIS2YR809XqhqtMDVZ0e6Fr0w9FyBCV/mcf9fUmUmHTotGrschVGrQa9Vo1eKUetlmPQarHINc+NotcE8rTZNun0vwJRMzVxPO09tEoVarkMhbgQWUEuhflZqCSFvwlEnp+LPKcKiDTrNtL0VGRpKUhvX6+B5Py/B8iPBgs/J13j8XhvGLaYXz705vGoJTBkAb/0ngHdJkCncfzSczo/d5+IuU4v1K92o8J5OA9cR2Os3xtT3b5UOL3Hz20/5VHrjyhuPBBN/R5IX30TUa3OqOv3odhpGN+1GsOjVh9y1+k9vm/9Ed+2/IAf2nzEw1ajeNhqJOUthnHXZRi/dPyQu20Hkzx+MKlLP0McOpuixEDKL4RReSWa8ovhVFwI5e7lCBxJgRSf8sV+eCXqPZ4UnViPPWk7koNeWA97UXzEl/LEQBwnNlJ8yg/7cV+sR9djPuSN6cBaTAe8scVtxB7vjzl+I8a4DegOeKPZswZppCeSiIWIgt0RhXhQEDS3GkdhiHs1EGn0YuS7lj5XQUSRixFELiIvfEF1FTnv/TdubXfjkv9krm+dwc2tM0haP5WsvVu4vm4sScv+wv5Zw1kzvA39WrzK4I5ODG7bgi/edmVyd2emD2jPmtGd8BrWiuyQueQHzyQ12I24bh24WasZNxq05Ha99kgavI2yfk9MzQagb9gXRf2eKOv3RFa3O/JGPbA1fhdjy2HY247E+uZXlOzYR5FYhk2toihPRNmVdEqE0qrXKiiU6JVKDCrVEyS6Z/k7gDzF8ax6qFDJpMhEAqT5OQjyMlGKBTh0mueAKAV5T4BkI8/ORJZ9B1nmbeTpqcju3ECcchXhzcsIrl/4x8fdK0orKC2pOgG/V1yBvayUh6VlPL6Sx/2lQZS0HsP33cfB8AU8/mgNDF0AfedCrxn80vVr6DyWX/rN5ufeU7DUfQf5K52xN32Xn1qPobjRYMx1emOp35sfWn/I4/Z/4YdWn+Bo8i7SWp0pqPU6klpdMTfuzwPX0Xzr+gEPXEbxuMNn/OA6hu9ajubntp/xY+tPedByFLZ6Pfm54yi+7TSMqx/05+KqzxCGzKX0XCjll8IpuxTBvavRVFwI4e6FUCrObKc0YRPWeG/McasoSdhESXIg2qObscR5YTy4mvKkAEoSNlF00o+Sk/44jvliObwO88G1mA94Yznsi+2oP5b4jVjiN2I8tB79fi8Uu5ZVIQlzRxQyF1HIXMQhHtU4BGELEEd5Io9ZjnLPChS7lyN/0n+Idi0hP2IhWWEeZAV7kB0yn4yd87gTPI/rW2eQsmM2aQGTSd7qycWtC7jmM56E5R9zaMowxrz+Gj2d6jKkQwuGdXRhfE9npvVqw+LhnfAa1Yn1o9qSEzaPjNC5JK8dT1K9plx7tRk3a7Ugo1Z7RA27I2/aB3OzgRjr9UFarweihj2Q1+2OsHY3VA16Y2jUD03DXmib9UXl1I+clv2RvP0Bqtffo6T1KCxtR6EYNR371t1U3MikWKtBYdGg12qQ61SY9HpMCjUmvQH1CyBMOi1GrQaDRv1c9GoVerUKrVKBRiFHJZOiFAmQ5mYjzM5AJRJg1aooMxuxaVTopWKUTx7MoMzJRpmdhSwrHVlmGvL0O8jTUpCk3kCccp3CW5f/cSBl5Q9wlFVSWVLOI42Jn+PO8niSL98OmwMj12BuNZKHriNhsDu/jFzO43fn8rjPHOgxncedx0OXcTx+14PHfWdirdsdVa0uaOt056HL+1Q6vUdx44EYanfnofNIHrf/C7+0+5yyFkMQv/IG+a90IP+VjpiavMtdl/e55zyyGsiPrT/ku5ajedz+cx63/4If232CpU5Pfuk4hvutB5Hbrw83Vn6OIGQe5ZeiKL8SRcm5EO5fjeLuxVBKErdx99xOyk5vxhrvTdExH8pOb8V+aiu64wHYjvlgP7a+aon1BIjjmC/2oxuwxvtgOeSN5ZAP1viN2I9twn5sE9YjfpjiNmA84INmzxqUu1YiC1+EOGQ+omAPRMHuCEOeLq2WItu9AmXsalSxq6uWWE+2d4XRnuRHLCQ7fD5ZQR7cCZxNfsRi0kM9SNkxm9Sdc7i+eQbnty3k8uZZXPX+G/ELRhHwwVsMaV2bvi0bMqBNU0Z0cmXCOy6M69KEZZ90wfuTt5nWvTGHPUaTFj6PhK8Gku7UgWuvNCXllZbkvtqJ/Fpd0TsNwNhsANr6vZDWeQdx/R4o6nRH+OpbFL76FtK63ZHWe5uCOl3Jr/8W8ub9UbUagrJRXxTN+6Bs2htT8wEYmg/A7joCa5ePqRg6hbLVO6m8koZFb0avtWJQG7CqNdXLqKpongPyFIZOpUSnUqJVKlDLZSilEuTCAiTZWRRmpaMUFvwmEGV+LqqcHJTZWcizM5BnpaPISEOeloL09k0kqTcQplz5x4FUlpTzg9XO46hTfDfEnV/6zeHH/tOh1zR+/GAtpR0/xdqgFwyYx+MRy3jcxw16usE703jcaVzVEmvAAn55dzbWuj1QvdIZ+atvYmvYn0qnEZQ3H4qxTg8qmgzlpzafQKe/UdlyONJancl9pT0Fr3RC16gvZc4juN9yFN+1GsPP7T7hkesYvnUZxeMOn0OHL/ml45fY6vXlp9fH8G2roTi6D+Kax0dkb59D2eVdVFzfw4Orkdy7GMq98zupSA6kNHEr5YkBWOO9qTi9uarPOB2INM6X4gQ/LEfXUZKwidLTmyk+5U/xCT+KT/hhO7Iea5w3trj12I764Ti+GcfxzdiPbcISvxHzIV8M+33Q7PFCFb0MeYQn0ieXo8ThC5BELUIRsxpVrBfqvWtR7VmNLHop0t3LEO1aQmHUYvIjFpITsYD8iMWkBMwkP2IxmeELuBM8j7QQd5L9Z3FlqztXfSeQuOgDYqYPYuWAjvRtWZvezvXp41Kfnk51eb9DXSb3+H/E3WV0m2e26HHJzMzMzHbYsWPHiYNNkyZtsGnKNMUUp23SMJPtMKMTY+I4zIyOmZlBsiUzSf/7Qa5nembOvWtm1j3nw16v9C4vf5F+2s/eD7xG/Bhpw/fR3kxx0GHzTG+SPp3IWQczHpjacUfVjLsCC16peZAhcKFQ05ca41EUaviQq+ROjqonhSqe5Ci780LownMVVzLU3Xip4cYLXU8KDQMo0PYhX9OLUi1/8lS9KdD1I1/HlzKdIMoMRlJsMJIKm3BEjlNoG7OY1k0HEZUUUlhUNDyEUsQ/wigtLBjOHMX5eRTl5ZKfnUVexguyHj/k5cN7/xRIUcYLxeOunz2j6OmTPwEpeHCHvHu3yLlzg6w7V/81IKIWCe0tEprELXQXlDHw6VYGA5fS47OIfr8F4LWU/uD3Ifwbulxfo0bTh0H/d5CN+wt4LGDQ+x3wXIjMdjrYvcZgyEf0+y+jXs2PEoEzhUInytQ8EOmPps1oHNWqfrQbjqPPZgoylzdoMw4jT+BMhsCODKEDZVr+NBuG0m02kT6LKPotJ9FrNpFuk0gGbGcgc5oDLrNp0RlJj2UYXVZj6XUI58qSiTxa+RYtl2OR3NhH9/XddF2NQZyyDumFDTSc/gVJynoaTq9Emr4DyaUdNKRupPD0WuqTNihQnPt9GElj/CqaziqutSdXUH38F2pO/Eb9md9piF9LQ/xa6s+sofbkSiqP/kLpwR8p3v89BXu+JS/ua/J3fUlB3DcU7/uegv3fUXz4JwoOfE/Bge/J27ecnD3fkBU3NAey8xOe7vqEZzs/4+rqRTzc8QkPdv2FZ9s/5OHmD0n59UOur3+f9J/nkfBBFCsnWfPNKAc8jNUJstLBz1gFPyMlvEw1+GqkAT+G2xPlqMsCVzU+9tXm1DtjSTXS56GeFTc1zHmi4ki2kisvlRzIVvGgWieIcq0AXql5kKviQaGSBwVCdx4qOfFUxZVXGp7k6vmTq+dPtooH+Ro+ZKt4kKvuTYG2H0W6AYqrtj8luoGU6gVRaRBCrclomq3CkHq/hnjMEhoOnKKqtJjykmJKysqoGirqK4qKqCgqorywkLKCAkrz8ynNz6ckL4/iXAWQnJfPePXwPi8e3CU/4zk1Q5um6kuLFUBevfw7IE8pfPqIgiEk+Q/ukHtP0dHKufUvAmkSS5E0iOlpbqN70ykY8TEDXnPo83iDAZ+F4L4YQr9gYOSnDHrNpUbdiwHPRTD6U+TObwwD6beaArYzkQd/hCzgXRrV/SkTulIocKJIyYUmnRG0GY2jRs2fLpMJ9NlOA7f5tJtMoEjoRqbAjhcCOwpVvWgyGEevxST6LSfRYxZJt0kEPaYTwWk2cpe5yOym024SRofpWPqtwuizCePe5DHc/mYGNQkbkdzYh/RqLG3p25Gkb0VyXgFEnLiG1qT1SNN30HpxGy0Xt1J6eg2NKZtoTFo7jEOUtIaWhLU0n1szjKT+9ErqT6+kMX41jWfX0Xh2HQ3xa6k7vZrqEyupOPorpQd/pHDvcor2fUfx3u8o3Lucwr3LKT70E6VHf6HkyF8pPPjjPwB5GfMZT3Z+TEbsF9ze+C73t33Ik5gveL7zE+5s+oTUX9/n6uqlJH49laOLxrLxNTc+9zdhhKU2ASZqjLXVJdBYmRHWenw+xoqPQ0yY5qzFMm9tPgs2Yme4LbkBftzVseCa0IgCXT8K1bx5LnTglZIb1TpB5AndyVL1IEfZnVwld7KV3LgvsOeO0IGn6m5kanmTpeGl+Bs1T7JUPSjQ9qNA249CHX+K9QKHcZToBlI+hKTaaCTVluNpsJhIb8DbVC/8KzU1RRSV5FE1hKO8sPAfcJTm51Ocm0tRTg55WZlkv3hKxoN7PL9/518GUvDw7r8PpFnURkezhNYWEfLLT5F5LEHm+gbYv8mAxwLwWIos/GsGR3yKzGsuNaqeyNznw4gPkNu/xqCPAki32SSwnMZgwAfI/N6hUc2PMqErRQInCoXO1Kj506QzgjqNQHrNopA5vA7ui+gyjaBcxZMsgT0ZQgfylT0QGYfRZzmZXnNFcd5tEkGvWZQCiPMb9FtPYdBuCo1a/sitJzJgM4FsHz9ufTqZmvj1dN49RNftA3Te2EvH1RhaUzfQeOZXxIlraD+/GcnF7Ugv76QueT0Vp1ZSfXYNjee3DuMQJ69FnLR+GEnzuTU0xq+i4czvNMSvpv7cOuoT1lN3bi218euoPr2GypOrqDz6C2WHflJkkt3fULhvOWXHfqHy5CrKj6+k7NgKCg788Ccgf1+DZMR+weOdn/Jo5yc8i/0Lr+K+5Nqmz7m54S9cWbmQC99OZ//80exdMoKfRlsR5WRAsJEykQ76RNhqEeVswsIAM+Z5ajHbRZ2vxpjxnrcOsSEWZLq4ct/IlicqNpRoBVCs7sczgQNZKh7U6AZTqOJFltCVPDUvslU8eKHsymOBI5eFNtxVceK5ugdZKh5kqnvySs2DLA0v8rX9yNfyJV/Ll0Jtf4p1AoaBVOgHU2U4girDETTrj6HFLIwm0/G0Ok5HHPYBksfPKS8q/G8zxx/ZozA7m9xXr8h6/oSX9+/y9O4t8l4+o7a06F8Cknf/Nrn3bpF7+9q/BqSt+W/RVdVA/4hP6XOZCw5vgNcSBgI+Qjb2W2RBHyH3f5cqVT/kbvPB911k9tPAdxl4LKTXdCJ95pMZ8H2XQd+lNKj6UyV0o0TgQpGSC+XKHtRpBNKgEUKPRTQypzfAbRHdVpMpVfchS+BAjsCBXBVXWk3D6TOPotdcUXv0mUcyaB3NoMs8Bp1n02s1iX7LiYi1gsAygj7rMF7pu3Hx7bGUHf4e6f3T9N07Ssf1fXRei0OSth1R8npak9fSmrQaSfpWOq/FUpe0Aem1A+Qe+oXWtJ2IL2ylJXkjkvObaDu/AXHKOlqS1tB09m/Drcb41TSeW0tDwnrqzm2g9swGqk+to+rkWiqOrqDs8K+UH/mNyqO/UHnsN6pOraEifiPlp9dSemwF+ft/IHfvt4rsEfMFr+K+5MWuz3kZ+xcebfmIZzFf8Cz2Cx7s+pKMfX/h8roPubPpA66uXEjqN9M5tGQM+xeOYst0bxY7qhJuo0W0sxGTndR5w9uCOd5WLHbXYpGPLt+FmvGulw6HPG155GTDQ3tHcg09KVH3pUwzkMdCezKV3KjSDqRQxYscgSsZSq680vAiQ8OTO0q2XBKYcV/owAtVN7JUPcjQ8CRL05s8dW/yNX3I0/QhV8ObAi1fCrX8KNENHI4y/WBK9YKo0g+h2mAENYYjqTAZhdgqkpaAOdQ9eU5ZcQG1uXm8qMqjMi+PyuxsXpRnU5SbRWFOJgXZr8h99Zzsp494ce8OT+7cHHq0dQFNFWXDQEoyXlL84jlFz59R+Owphc8eU/D00VAtco+8+7fJ+0+BtIjEyL+OBad5yJzngffbEPwZ8rHLkQV/ijzoI+q0R9BjMxWZx0Lk9jOQeS0F9wV0G0fQZxbFoM8y5D5LaVD1pUroRukQkFKhG9WqftSrB9NjEY3ceS64L6bXZgplaj5kCxzIEtiRo+yCyHj8n4D0W0Qhs50J7gvB+XW6zSPpNo+k1zIKmVUkA+bjadbz487EEbxY9zbiW8fpvn2I7lsH6bgaO9zmFSWtQZy4irbzmxTdrdTNtFyMpSJ+PZL0GFrOb6MldTOStK20nd9Aa+p6WpLW0Jywmqazq/+G5Nxa6s+to/bsemrPbqQmfgPVZ9ZTfXotNafXUX1qLZXHV1B1ajW1CZtpPL+LmoRNVJ5aTfHhn8nbt5zs3V+TFfcVGbFfkBH7BS9j/sK1lYt4uusvPI/7kue7v+HO9o+5ve0Lbm14l+urFpPy9TQSP4/mxHvhxLwRyPJRlkTZajLNw5S3/M15b4wzS4Os+GKMJcsjHfkxzJqfRltzztqCh6ZWPLdzp8jKj3JtfwpVvXggsCFD4EKFpj95QndyhG5kqLjxWOjEQ6Ejt5VtuSy04IHQkReqbrxSduOFihu5Gt4UqvuQq+JJrpoX+Ro+5A/NoZRo+1Oi7U/Z0DCrfAhIlYECSalRCPV6I6kzHofILIrqv24mrzSHioJCCvNzKcjLpzy/mKLcLAqyX5GflUHuq+dkPXnEszu3eHz7xn8EJO/O9X8fSLNIzMCtxwx4LqDX7S3kHosg5HPk45YjH/UljPyMdqvJNOoEMej6JtjOZNBjCXgspNMwnF6jCQx4vY3MayENyt5/AlIscKFS2Yc6tSC6zSeDyzzwWEKfVTSVar7kCx3JFtiTreRMg94oekwjFfWHaQT9VtHInd4Ej8XIbKfSYzaBDrMoZC5z6TAYw6BlBINmoRS6jODOV9MQXd1P7/2j9Nw+RNf13Ugvbqf94lbF0ClxFdLzm5GmbaP1wjbqkrfTkLqd+oSNNF/YSdP5bbSmbaft/Ia/IUlYM1yPNJ1dTVPCuuEMUn1u43DUJ2ymPmEzdec2UX1uPfWp22hMi6Hx/C7qkrZQcXIVBQcUGSR799dk7/6azN1f8SruS17FfcnDLR/xZOfnPIv9gszdX3Np8+c82LGcB9s+5s76ZVxYPpO05TOI/ziSA4tGsWWGN296GjLVx5yFvla8HWTOd+E2/BzlxKa5fnwfasvGcXZcNbfikbY9RUYeFFn5UK7vT56SK4+V7MhUcqNSK0BRgyi58UToxH2BA/eEDlwXWpE2lEGeq7jyStmNbBUPCtV9KFbzIV/Fk3w1LwqHcBRr+FKs4UuZdgClWv6U6wRSqResAKIfQqVeMJUGgdQYBFOjE0Kprh9lWgG0TvqY6m/W0/syi9z8bGqf5Q1nj7zMl+RkPOPVowc8vX2Thzevkfvi6f8fIMMTgs1/F03iv4tWemrr6Y3+hl7/Jcjd5yMP+ZiB0B+Qj/qSgVGf0+exkAoVZ+QubyK3eQ25xxLwXESnYTid+mMYcF+AzOVN6pW8qBa6UypwoVjoQpHAhTIlT2rU/Og0iUTuMh+8ltBrMYlKFR+Khc7kCBzJVnKmVjuELuMJCiBmExmwmQ4ui8BtPn2WUUj0R9JrNQW8ltCmNxaZ/ST6zMNosxzLjcXjaUrexsDj03TdPkT39b10XN5FR/o22lLW0ZrwO61J6xGnbKQ5eSOiCztovLKX0mO/0pgWgyh9F6ILW2m7uIXWoaGWKHkdzQlraEpYQ0P8KpoS1lF/TgGkLnET9UlbaEjeRkPidhoSt9OYtIOG87toubQH0ZW9tKTHUpu4mYqTv1Nw8Ady931L1hCOPyIj9gsy4r7i1d7lvNr3HRlx3/Do4O88jv2OR9s+4e66ZdxcMZ9LP7xO2rczOP1hJDtn+fHlGCem+pgz19+a76I8WBXtyM+T7Fk/zZkVMwKI9bXklrEtrww8KdfypswmmGrjIF4K7XggtCFT6EKFuh8FQg9eCZx5LHDgrsCO2wIbrgosuaRkoQCi7EK2igcl6j6UqPtSqOJFkZrPUPhSquE/HOVagZRq+lOm5U+lbjCVeiFU6oVQoRtMtX4QlQbBVOgHU6wXSLG6HxL7SXTaTUE8ajGtcScoK8oiNy+LkhcZ5GW8JO/lC54/vM/T27d5cPMKOc+fUFWUT1NF2XCbtzjjBcUvng8jKRoCUvDkIfnDM+q3yLv7/wAiahb/KWv8CUhjK83NTci3ngW/DxXFeNAHDIz/AUZ9wcDIzxgM+pgSJSf6rKcit50F7gogHQZhSHRHMOg2n0GHN2hQ9qZG6E6ZwJUSoQuFQjdKhe5U/jFR6LIQuffb9FlFU6XiQ7FAASRL6EyNVhBdRuH0mEXSYxHNoMPr4PE2uMyl0zQCkU4QvRbRyDwW0Ws3nUGLcLCdxIDtBJ6PDKDgwE903T9B952jdF3bR9fV3XRe2klr8lpEZ39DdG414qT1iJM3IUrdQs2lOCrjN1KbuBVxeiwtadtpvbid1rRttKZuRJyygebEtTQlrKF+aIhVd3YttWcVSBoSt9CYtJ36pB00JO+kMWUXzRf30nbtAG3X9tF6ZTd1SVsoO7GC/APfk7t/Odl7vxnG8SruS17G/IWM2C/JPvgj2Qd/5taWL3i4+xce7fiK5zs/5/7693iwbik3f5vPrd8WkPrVTGLmhRBtpcrsIAeWjXFj57wgYt5wJ+Ytb1ZEO/HjOGcSzEy5rWZNqUUwxdp+VJqPoFjPlycCW+4LbchScqFCzZcioRcvBI48FNhxR2jLLYEV1wUWXBZa8EjoSIaSK4Xq3pSr+VKi6k2BsiclGv6UqPtTrOZHiZofpRoBlGkGUqkTQpmmPxV5xJ00AAAgAElEQVTagUMRTLXeSKp0R1CpF0yN4UiKNXx5IXSmzXoi7XbRiB2j6XV6jW7HOfSEfojk4jWeZz4l62U2BU+eknfvAU9v3uT+jUtkP3tMZeE/Ail5+QcSBZA/CvWCh0NAhtZl/dtARI1imltEdOWXwtgfGPRYjNx/GfJxX8OYr5AHfox89OfUagQh0h/FoNVU5G6LwWMBUt1xtGgEMuD6Fr02s/4BSJHQjRKBGxXKnnQYhSF3XYTMawm9lpOpVP4bkEyhE1UaAXQYjKfHLJJ+66ngMhe830Fu/zodeqGItEcgs5kF3svAawmdJqHIHSchc5hEvYU/GV8vpPXmIXofnKL3zjG6bxyg61IMkpSNiM/9jih+FS3n1iBO2khrymYa0nbQdOUo5cdXIL4UQ/OlOFovxyC9EkvbxW20nd9MS/J6WpLW0Xhu9T8AqU/YTEPiNupTdtKQuoumC7GILx9AeuMQkusHEF2KpS5pC5Wnf6fw0I9/AvIq7ksyYhXFes6+5eQe+onM/T/y9MhGMvb/TEbsNzzb8RkvdnzG083v82Dt29xbtYSLy2fzgZcWo601GG2jw3sjnIl9y5uT7wax+y0fPhljw+axLtzWMuGluiNVpiMo1wqiSsePIn1fXmi6cF9gTabQmQo1XwoFnjwXOHJPYMstgQ13BVbcEFhwVWDBcyUX8tS8qND0p1rdnzJVH8rUfSlT86NCPYAqzSCqtIKp0gqmQj1AcU87kFq9EKq0A6nWDqFKK1hx1Q+hQjeIfBVPKg1H0GEVRZfVZDrNJ9JjEYXULppO5xl0+L+J9KvNlD17wsvMpzx6eIcnN69z99pFsp4++peAFD669zck9/4vp7v/v4DUt4jorWuloVWE7J0YZL7vgf87MOpzGPMlcr8PkY/8lG6r6ZQpudBnMWkYiER7DI0qvvQ5z6PLYjr1Sl7/FEi5kgfthmHI3RYz6LmYTtNIypW8KBE6ky1wJFPgRKW6P+36ofSaTWTQZjpyt7eQe73NoM1MpDpjadEagdx29hCQdxDrj0HmPAmZfTR9FqFkRYRSnRZD1/1TdN85Rtf1g3Rf2Y30/BakSetoPbsaUfxqROfW0Zywnppz62i4eoqmc+tpSt1K/cVY2m/sp/36XjquxdGWthVR8npEyetpPLdmCMgfRfp66hI2UZ+4ldrk7TRciKHl0h7EVw4OAdlP29U9NKRspeLUSvIP/EDu/uVkDQH5o0h/tfsrcvd/R+HxFTyLW05mwl6yDvzEi52fk7n7a7LivubVzs94uvkDnmx4l5PvT2CBnQq+BsoEWGrw+bQRbJjtStxbXvww3pJlwXb84qbHYyMbSnV9qDZQfEGrNXzI0/bkkYYT9wU2ZAqdKVf1oVDgyROhA3cEttwU2HBHYMVNgSXXBZbkqnpSqulPrVYQteoBVKv7U60VSJVmEDXaIdRoh1CtFUytzghqdUZQpzuSWt0QanSDqdYJosFgDLW6I6nVHUmJhi+Fat7kq3gitZtIh1kEbUZhiM0jaLWJQmw+ni67iQw4zEIa+BaDAUto2HyUgru3eXzzCrevXCDz8QMqC/5DIP+1AP/jvaT5z/f/hKRRcXyPuLmJnjXxDIZ8xoDXO8i9l0LIJwwGfADBHyNzX0iVshsivVHInecx6PIWHeojaRF60us8l07zKbQIPKgTuFMhcKVU4EKJ0IVSgRtVyj50mExE5r4Y3BfTbhpBicCDIiVnspScyRG4UqsZTIdhGDKzycjtZoPXEnBbRK/pJMR6o5HqjUNm8zoy77eRey9hwGYa7cZjwHEacrsJ1NkHkL/xa1ofnUH+MIH2u4fpvHUA6cXttCatQ3z2d1riV9ISv4KWc2uoO/07LdcP05yyi+oTK2m+GIP0xkHab+xHen0P7VfiEF/YijhlEy1J66lLWEt94gZqz66nOn4d1QkbqU3aRtP5GFou7qbt8n4kN4/ScecYbTcP0HZ1D42p24aB5Oz/juy935I1VKxn7fmG7P2Kc3xzjvzO/bhfyDq2noIjv/Aq7hsKDv5M/v4fyIn7ipe7Pufeqrc5tSyUzwO1meGozTgLNX6YPZbVU2z5OcyYxR5GzHRQY2OoHZkmLhSpelOtF0KFdiCl6t5kqzjzTNOJu0IbXgldKVL2JE/ozj2BHdcF1twWWHNbaMtNoQ2PlRyo1AikViuEes0QajSCqNUMpk4rhLohDHW6I6nTGUGDzkgadUcpwmAMdbojqdEOoV5v1PDrCg0/itR9aDEZi8Q4jHbTCbSbTqDDPFKxrcEsgm7LKMS2kxSfq+M02n3m0jjrMx7ev8btSylkPrpHZX4uDWUl1BYXKor0Vy8pefkHkmcUPX/yt0L9sQJIwYM75N+/+R8AqW+hpUWMuLmZwesvkY36in6fZfR7LoaAD5H7fYA84EPweZc2w/GUKbmB61sMDAFpErgz4PYWHabRtAg8/ymQahVfuk0jwW0huM5HajKBMiUvCoXOZAucKRR60Kg9UrH2ymoqOM5F7rUYudNcegzDadUZQZdRONjPQe79NnK/ZeA4B7HeSGTOU+m1jaDXZDT5ISFIbh2l7+5ZpI9P0XXnKO2XY5Gc30JbwjrEZ9fQcmYVdSdW0nDyN2oTN1ObvJ2aU78jurALyfWDtN84pMgk1/bSdjmWltQttKRupj5xAw2Jf+tY1SRupS5lpwLHlf20Xz80DKT9zmHaru2hPnkL5Sf/mCj8juzd35C7dzk5e74ld9+PFBz5jfwDP/Hq0O9UXzlO2dmN5O/7joLDf6X02AqKDv1Mwb7lZOz8nPsrl5DwQQTbZrnxRYghi/2MecNNk18mObA8womZHsa876fLjnA78q0UQ6Na3RDKNfwoUHbnmcCW57pu3FW2JVPZnWIVL7IFLtwV2A4Duatszx2BDfkanoovvvZI6tWDadAaQaP2SJp0RtOsN4YmvdE06Y2mWX+MYkLQYCwtBmMRGY6jQXsk9VohNOmNplF3FHWawdRqBFKh6U+7WRjtJuG0GY2nwywCqXEYUqMwOkwm0GUWSa9JBLUWYzmhasI5JSMea3qRe/UKt9KTefXwLhV5/wtAJA0imppFiJqb6KqqYyDiW7p9lyH3ehu57/vg9wFy3/eRe73LgN1sSoROdFrNYMDlLdrVRtAs9ETmuRCJcdQ/ACkWOFMqcKNG1Y9e00jkrvORO85FajKBcmVvCoVO5Cm5UqHuh0hnNJ0mEchtpyN3nofMaxFyhzl064+nTTeEXtNIBRyfpQy4L6HPcga4vobEaAzYTqbTcgKDrmMo/uQdmp8n0XfvDB13j9J5bR+d6TvpSNlCe/JmRPFraDi1muYTv1JzYiUNl+KoObOa5sRttF45iOTaQdqvH0R6bR8dN/YjTttBc+pmGhI30ZS8TVF3JG6jLnkHDSmxtFzao4B18zAdd07Qde8E7XcO03p1N7WJmyg59gsF+7+nYN/35O1ZTk7cN+Tt+4Giw79RemIt+Qd+IuPQGnLO7qbwyC+UHv6BkuOrqDy1mooTKyk59COZu/7Cq00fkfZpNHvm+bB7fjBL/I15f7Qd0520edPNkDe8tVkRZcvOUEsKrLyoUPejSjOAIqEH+SruPBfa80TbmQdqjmQquVGk7EmOwJX7QjtuCG24I7DhrrI9DwS2VOkE0KQzikbNETSoBSHWG4tYbyxtBqG0GoQi0h+LSH8sYsNQREahiI1CaTUeT6thKPWaITRqj0RsMI4WvTE0aI2gSTOYbuuJtBuNo90kHIlxGG1G42kzDKXDKIwukwl0mUxAYhbOPlU9flUVclBFnYuqtjy9dYmbF5OGgOT8+0AkLW3/gOBPIJpb/i6aaG1uprVJjLSxSXGET5OYroZa+j/eCP4fMei7CLyXQsD7imGW9zJwXUCduh8N2mPA8Q0aVX2pFdoh936Hbv2xNCj70SD0oErgRpnAZbj+qFbzodtqMji+hcz+dTpNI6lS8adU6EWJkicNWiOQ6o+n1zSKQbuZyD0XMeC5GLndDDr0xiDWG0+f+WRFmzjgY2RuC5CZTwanOXRbTUFmO4VemzC6nMbT7D6C+l0rkNw/g+TOETpvH0Fy/SCdl+PoSo+lLWkrLWfX0xy/jpaz66lNi6Px3CZEx1fQdnE3bZf20nHjIJ3XD9J59QCtaXE0p+ygIWUbDck7qE/aocCRuouWi7sRXdyH5NphpLeOIb11gs67J5HePkLblTjqEzdScuRnig58T/7+78jf/wN5+36g+PBKio+tpuj4ampS9lP5/CqFx9ZQsv8nqo+vourEOqpPr6Pq1FrKjq0id+8PPNv8KWlfzeTgmyHsfTOQ1a95sXyKDxG2mkx11ufbCQ4cf8eHvaG2lJgGUa0bTKWqL4XKnrwU2PNUYMMTNUcydDzJFLhQqOTBK4ET9wS2iqGVwIZbAkueq7oi0h9Hi1YITRohiLXHINEfj9QoHIlxOGL9cbTqh9JmMJ42g6H7hmF0mkYiMRxPo+YIRLpjaNEZjVhvLC06o2nTG0u74Xg6jcPpNI1AahSGxHA8UsPxSAxCkRiE0m44nuLR0SzXVGW7UINDAk0eWo7mxs1UbqQlkvHgDuW5OdSXFv8NSMY/AhlG8uQ+hY/uUfjw7n8GpK1JcWyopKmJnoYS5CfPQPAn9Pi8zaD7IuR+7yIP/Ah8liJzWUiHaQQlyu7InWbRpBZAhdAW/N+lR3cMzf8XIH1W0eDwJtjPpsdiErXqQZQr+1Cs5EmTzig6jSYwYB4N9rPB+236PRYxYBWNRCuYVp2xDFhOAdcFEPAJctcFilrFfhZ4L6BZexT9NpHIXCYz4DCBer/R1J5eR+OjE/TcPYnozjE6r++n48pepGmxiBO3IEnZTlvyNmoTNtOQvIvmkysRJ2+n9fwupJd203l1P51XDyBJ34PofMwwjobkGBrPx9CSFocofQ9tlw8ivX4E6a1jtN8+qQBy6zCtl2OpPbeeokM/UnzwR4oP/0zpkd8oPbKS8uNrKDu5jpKTa2murOD+7h95de0CxYd+pSlpO7XntlKbsIWas5spO7mW/EO/8nTr56Qvn8OB+aP4LdSGVa/5sWykPWNsNflmohOxb3qyfY4LiaFulBn4UWswkjIlLwqUPchUcuaFwIHnQkcy1NzIELiQr+RBhsCJuwIbbglsuCGw5pbAnFJtP0S6Y2nSCKJeNZAOw3A6DMLoNJqAxDCM1iEU7cYTkBqF02YwHolhGO3GE2jVH0eT1kha9ccNZ51W/XHDk7/dphF0mExAahRGu3E4UotIuqyi6DAKo0lvNFl/fZ+Hq99nraYGewUaZI6Zw53raVy/kMDL+7cpz82mrqSImqICynKy/meAtDaJETW30d5Yj6wuh76ca8jHfwZeHyB3W4Tcayn4f8ig50JwWYzc4Q2KhA70WEQh0gihWGiFPOgDerRHI1L674EMWEYjt54DtrPos4qmUXskFSq+lKv50qI/hm6TSAYtpoLjPPB+hz7XRfSbT0SqGUSHQSgy62mKGibgEwYd5jFoNBG57SwGvBcgd3oNqeFoBpzH0mcXjixwKlWjx1OTtBPpreNIbhyl7dp+Om8cQnp5H+1psbSnxdKasoOWs5toSDtA3YlfESdspi15G22p22m/vJeOK/uRXtpL28XdNKXG0JASQ3PqXpouxNJ0IRZR+h6kVw/Tees4HXdO0HHnFF33TiG5dRhR+i5q4tdScuRnyo/9RsWJ36k+tZ7aM5upO7uZ2oStlJ1ez9OTm6h4dpmXcT9SHb+R2sRt1KfEUJO4jeqErRQdX0POgV95suULLv84nwPzx/J1gCk/TPJgtocJ30X7svN1D04sG8m66c5cDHKl1sCPMk1/SoWe5AoUIDIELuQI3chUdSdTxZ1soSsvBc7DGeSWwIa7QitaDEfTojmKRvVAqoW+dBpNoNcogh6TSDoMw5EahtFhEkGnaSSdppFIjcKHX4t0xwwPxdoMQmnVH0eHyQQ6jMKGlxANZw+jMDrMIug3j6LVKBSRz0zyYz7lWcwnXF72GluUtSh852suXUrh+oUEXty/pXju4r8L5J/CaBENx58mB/+EpRlRUytdjTUMVj9hsPweve+tYMD3PeSeS5F7LgW/9xUrfJ3ng9M8GjUCadLyo00rlHyBEzLf9+jSDKLxv2SQMqEbpQIPatQC6TGdiNxmxhCQqTTrjqFS1Z8SDV/ajcOQW0Qjt5qOzHUhMt9lyJzm0WkcRpveKDqNIpDZzELutQz83mXAdgZ9JuEM2kxH5jaXAY85dNtMotNyNP0OE+i3iwDnaPLCJ1B2YhWSq8fovHwQyY2DdF7cTfvlPXRd248kPY62hI2UXDlC5fE1iJI2IU7aRFvSZiSpW+m8uIv2i3GIz++iJXknzam7aD4fQ1PqLkQX9yK6dADp9WN03zlNz90zdN87S9ftU7RfO4Lo/HaqTq2m8uQqxfqs+HXUn9tAY+ImGpJ3IU7dgbgsn8aX9yg5tJLK+E3Dk471STuoTdlBxdnNFB5bTebeH3i28TPSflzIwWA3doa7sMRbj0hnS2LeCuHgokDWzXLh6Fxfsux8KNXxpkYrkCKhYo9HpsCFPIEbOUI3nqm58UzoTLaSK1lCV+4p2XJDyYrbAiueKjnToT8WsdYIGtUDqVHyo8s4gl7TifSYTlRkCqNwuk0iFXDMoug2iWLAciq9ZpNp0RuL2CB0OCQG4xmwjKbbNIIes0jaDcfTZqSoVaQm4XRZTKDDcAItxmOo2vY1+Qe+ofDw9+Qe+p4Lo0dStWE3l9MSuZp6luf3bv4DkD8e+Vz8/xtIa6OI3voy5BX3GCy+hmxHHAR8jNxzKTKPtxX1h9sSBRCXt+ixnEaxwIYWzZGUKLkh815Gt9Y/AikVuFIicKdaNQCp/ngGLKcit3mNfutpiPTHUa0RSI12CN2mkcitpyO3ncmA+yLwfQ/s59JpEIpUbyS9JlHI7GYz6L0M/N+l33o6fSbh9FtNBa9FDHrOQ+Y8kz6riXRbhNNpOpZ+h8n0WYWRP248RbuX05i2k84rB2i/dpCO64dov3YQyZX9tKbuoObaafJS9tCWupXWlC1IkrfQnrwVafJWJMk7aEvegShxB62pMYhSdiFKjaHlwm5a0w/Qfu0o3bdO0XP7FD13T9N18xiSS/toTt5Kbfw66s6uH4bRnLyFlpStNKXspCx+O2X302m+l0Rjwg6aL8TRmLJrGEhN8nbKzmwg/8jvvNi1nAebPufC1DAuCY04HO7OXydbMM3Xhj3LQoldEsDRt0dxeaQXJYY+1OsHUasTTIGSB9kCF7KErhQoeZAjdOOxsjMvVN3IFLrwQuDEfYE1NwSW3BNYU64TQpveOESao6hT8aNeVfHD1mcWNQykyySSbpNIxX3zyfSYTkJmPZ0+82ja9McjMQij3WgCnUP7eXqMI+g1nzgMpFVvLFKjMDpNJiA1DEVkFkb9pNfJPvwtJUd/oPT4zxQd/ytl+34lLzmFa5dS/neBiFtEtDU2M1ibD2XXoPgy3DjHYMBH4PUOg+5LFFnEYyly5wXgNI9B+4WUCK2pVvGmTMWTAfcldGoG0qDk+08zSLVqAGLtMQxaTQO71xmwmY7YIJQ6rRBE+uPoN49Gbvc6MsfXkXu/DT7vgvVsuvTHIdUZyYDpZOSObyD3fx+Z3zL6rKbRYzSePsspDLrOB9/FyFxeB9tZdBlF0GM2nkG7MGQ2E2g3HkFF8GhKV39MS8oOJNeP0H7tCJ03j9F54yitl/dRl36Kiuw7SM5vQ3p+G9KUrUgTNiE9u5G2c1toO7cN0ZmtiBN20Jq0UwElNQ5J+kE6rh2i++Yxuof+X/vVg0jSdyNK3UZT0mYFiKFrS8pWRKnbaEnZQUXacXJT9lFyaj1V8VtpPK8AUpe4nbrE7VQlbqX45DryDq3k2dZvuTlrCs+UrEhWMuHQBE9OvzeGdwP02TU3iPWvOXJymjdPbb0o0/SnUjeAcq0A8pU9yBoCUqjsSa6SO0/VFCt3Xym58kzozAOBDbcEVjxSsqPVOByR/jia1EKoVfalXjWQPvNJDFhMptskEolhGN1mE+k1i2LAMpoe0yj6zKOR28ygy3giHQZhwxmnwzCcAYvJDJhG0WcRRadxOBL9cUj1Q+k0CqPHJIIuk4k02IynbNf3VJz+mcpTv1B+8hdKT/1GwcGvyTy9mXsX/5eBtIjEdDTUMVj1koHy68iLLyLPvchg+MfIXZci93wHmfvfgMgd54LzfJpVQigSOlJqFIHM9S0k6iG0CLxoFHhRK/CkUuBOhdCVcoE7VcpeiLRGI7OZAXav02c1lTajMOq1R9CqH0af1TTk9m8gc3gTud/7yD0WI7eIpkN3HO36ofRZRIHTfGRBHyHzWsSg1RQ6jccp6hrX+eC9jEGnucgdpiG3m0OHaRQdFmOQ2U+gzzoUqXEIhebuVP6wjJqUzUhunEJ07zhttw4huX6Q+sv76C58QPPJtbSlx9CeuoP2+C1IT22m4/QWpMfWIzm5lpZT6xGd3UJbUgzilDja0g/Rce0IXTeOKeKaovMlvbQXUfJWWlO2IU7eiihpC6KUHTSnKIZpotQdFFw+Q97x36iM30p9cgyNqXHUJe2iNnEn1ee2U3ZyK0VH15EZ8wP3pkeTreLAfWVLzinrcyjYmfQVb7FraQDrpjqyY2kw8Z4W5FoHUKsaTJVOIOUCT4o1fXkpdKFQ4EW5ki+5Qg9e6njxRMmZlwJnnguceCi04a7AlkxVN6QmExDpjKZZM5gqVW+qlf0ZsJjCoNU0ekwn0mEURo/ZZAatZjBgOZ0e02j6zKYjs55Jp1EknUaRdBhG0G8xhR6TSAYsJtNnFkWf2UQ6DcOQ6o2j0zCSPpNJ9JpPotsonLoFi8k7/QuV51ZRF7+S6lO/UHXqJ8rO/EzZib/yIvEot1JSeXH/FuW5OX+uQf5Jm/cPIIVPH1D46B5Fj+5R8ODWvw9E1NxKV0MF8srHyEqvIS+9grwgnb7Pf1EsY3dehNxtCbgtQe4yBMRlAd0G4eQJbGl2eA2Z8zzaNUfSquz7X4C4DwHxoUVzlAKIwxz6rKYiNgilUXcUEqMIBm1mgsNc5M7zkfu+j8xtIXKzyXTojqPLKJwBq8nguhB50EfI3RcyYBlNh9FY+i0nM+g8D7zeQe7yJj1mkQzaTge3efRZTaZdfyw4TKbXbBwtuoH0+I+l+LUoKo79lba0GNrT9yG+fZSuq4cQPzxP9Yk1SNJi6UqLoyNpJ+3xW5Gc3ETzodU0H15By6n1tMRvpuXcNkTJMbSm76f90n46rxyk6+qhPwFpO79T0RVL2a5oBqTuojk1BlHabsoSdlBy/iD5x1dRm7iT+uQYGlJiqUnYQW3iTspObSLz9DpK9qziyoRQSlScKVZy5raSJYfVzPE20cfOyZCpge68HWTDu/5WXHT0pUl3BMW6QYi0gigWuJOv5kW2sjslyr6UCX3IEXrwUtuLx0InngsceS5w4omSPc+EjpRrBdBlNhGxzmia1YOoUPakQujDgMVU5LYz6TKORKI/bhjIHyG3fh2Z9Uw6DCPoMZ1Et0kUXcYTGbSMpt98kmJ4ZhJBh8F4OgzGIzOaRK9VNP3GEdRZjqX0+DpqT66k+swqauJXURO/kqrTv1B+ZiU1J3+i7ORqHl84yZOHNygpyP2fB9La1EpvfSFU3Ibia8hKrtCbl85g8gE6/RYjs5+H3OktZC6LhoHInN4Eq2kUCuzp9VuCzHHuEBCfPwNR8qRCqPglatEcxYDlVGTWM+k2n4zYIJQmvdG0G0cOA8FlAXLf9xlwmc+gSRSdeqGKCUbbqYqsEvQRuLxFn/lk2g3H0Gc+6U9ABq2n0GUeDk6vI3deSL/9bLqsJtLvEEmzvh8St7H0mo2mxnMkRT99TH1aLG3Xj9F+8wiNFw/RfDEGceJ2ei/vpz01hvaE7UhOb0Z0dC2iY6sQn95Aa8I2xIlbaU2NoTV9Dx2X9tJ1Zb8i/g6I5OJuWi/E0pKyg6bk7TSn7EKUtpfG87upuh5P+ZktVMRvpz45ZjhzVMZvpersNoqOraNkx0888wiiTOhMprIzj4Q2pAvM+FxTBy93DxwMLTA2tcDUTA9zGyMcDHW5ZhRMpX4QLdrB5AndyBS6UqTmTZVGMJUq/uQKPXii5spjJWcyldx4KXThmdCRbKE7bbpj6TWLolV7NGKNYCpVvCgXetNnNplBq2l0GkUgNQil12wyMuuZ9JlPZdBqBtjOYdBqBp1GkQxYKs4w6zKeqBheDWWQbuMJtOuH0m08AbnZZLrNI2k3CqXus88pPr6C6oTVNJ7bRPXZNdQmrKX67O9Ux/9O1ZmVVJ7+lfz4bby6f52KvLz/AMjfYRhG8adi/J9He2Mb/XUvofQ+lFyCwsvI8y8hy75AT+hSup0XgssbDLotBNdFYP8WMts3GLCZRoOqBwMhnyG3m027WggtSn40CryoEXhQJfCgQuhOhdCLamV/WnXGIredCbaz6LacpJh0MgilxyQK7F4Hx7kMer4DPsuQO8ymzziCLv3x9FlMRGY/G7zeA78PGXSeQ695JB3GYfRbTAaXN8FrGXK3hfRZTqLLJFxxSJ3zXAbdFiJ3mUebzkh6bMIYcB2P1CiEfvPxiMxHUjR1FgUHv0N8MRbxxUOIr52l6djvdNw+gDR9D9LUHbQlbqE1fpMiErfQlrwNUWosbWl7kKbvQ5q+j/ZL+5Gm76Pr6iHaLytet12MQ3R+J80p22lJ2YUofTd1aTFUnN1JccoBig+soDR+AxXnd1CZsJWS1G0UJmyi4MQa8r79iAI1V4pUXMlVdaVIYM8NgSXP1Fx5T1cHdwc7HGytsLe2wNzMBEtzM8zNTDmi4UK5XgDl6t7kCdzIFbhSqu5LhYo/RcreZApdeSx05JHAkUxlN7KFbmQLXSgSeCMxUhTVbdqjaVELpFrfUCUAACAASURBVFLoTrHQhX6TycispiLVG0+7/nhk1jORWc1i0Ho6MpuZYDsHmeUMugwiGLCcTp/pZGTmitpDZj6ZPpOJdBqG02U0gT6zKOR6EfQYR1NjOZayo6upPbOe2nMbqIlfR3XiOqoT1lB7bhXV8SupPLOCytO/UXZqJYXpR6nMyaS+tPhfbvP+R0A6G1oYrHsMpXeRl1xWAMlLR56ThvyHVcgdFiBzeH2og7UQnOYjt5mDzH4mEq0RyEI+R2b7OlJVBZAmgTe1As8/AalRCaBNdxxyG0ValhiHIzWZQKvheHpMopHbz0Hu+CYyr2WKjpn96/QZRdBtEIbMJhq54xvg9yH4fYDMaTbdpuFIDULpt5iM3GkueL+L3H0Rg9ZTkBqE0mMWicxuBv2O88BtAdjPpM14HD0OYUiNR9JrHobcLIwu7UAq9L3ImTebuiOrqUvdR9nZjTQnrKcjfR+d6btpT92FJGkH0uSdSFJ3ITm/C/H5OCQX9w4D+fuQXNyL5OJexBfiEJ2PoSU1hsYLcYhSY6lLjqHgwkFKzsVQfmwNZWc2Upuwjcb4rVSe3Uxt3CoejxpHpdCJImXXoa0AjjwT2PFKx4P7Si5M19HFw9kBW0szzEwN0dXRQldHC00NNXbruFCt7keZsge5AjeyhyYEi5V8yBV68FzgzEOB/TCQHKEbecrulKsG0Gk6mQ7DcMRao2hWDaBc6E6R0Jl+02gGLaOR6I5DqheK3Po1ZFazkFlPR2Y9A7ndHHpNouk1jkJmPZMeYwWMQbNJCiDGkbTrj6fXVJFVei0m0aofStnyLyk5tpqqsxuoPreBuqRNNJzfTF3yeuoSVlN7bhU1Z39XQDn9G0XHfqH85aP/eSA9dbXIqm8jL7lJf3E6svx0BnPSkOek0Zd6QFEPuMxDbv8mOC9A5rIAue0c5PZv0GMwCUK+YNBmFlLVEETK/sNAqoWeVCh5UKnkTY2Kos2L7UxFOjafiNRkAhLjcHotZiiWoDjNR+71HnguRWY1g179cPpNIpHZRIPzPAj6BJn3e8htX6PLJGwYiMzpDfB6FzwWg910pEPLFgYsJyN3nIvcfTG4zkPuMIteh0mIdUfTYzqeTutwOizG0aodQqeKN8Va9rx6fRLV8XtoOfA9jSkxtJ6PpS0lhrbkXUguxCFJ240kfc9w9vgjc/z9+z+AtKXtQZQaS1PSTppSYmhM2UVZ4m4q7qVRdmoTZafWUHVqC1VJ2yg4vY6MWVPJUrahRuBCofCPjWSOPBPaUqs7ggyhE9tUrbAxN8HKzBgba3P09LXQ19NBX08HYyMDVhrYk6/jS7HQjWyBq6KDJXAhR+BJhtCdRwJH7v8XIPlKbtRqhNBrFk27QRgtGiNoUvGnTMmNfIETvRZTGLCYTKv2GKR6oWDzX4DYzKbTYCKD5lPAdha9JpOGccjMJ9NrFEHnUEdr0DKaXpNJNNqNpfDQ79Se2EhN0mbqUrbQeGEbdSkbqU/ZQGPyuuEsUh2/kopTK2g+9xt5SbH/M0AkTU2ImxXLTPpri6DiFvLi6wwWXUKWdwlZThry7PPIXiTQP+ED+uznIrebq+gkuSxEbj8Pud0c+o2nQ9CnDFrPRKIWjEjZn2ahD3VCL6qFnlQqeVAh9KJePZhu4whktjPot5pBu2kkXZaT6bacwqD1LHCez6DrIuQ+74HrIgYtp9JpGEq/2UQGrKaA63wI/ASZ2xJkVjPpMgn/GwKnucg931bsXbebTofxBNr0xtJvEUW/zQwGnN5k0PFNRZvY+XXkdq/RbTyRdp0x9FqMp910NO2GIVSputJq7kX1V99TExJC3V+/puXMFkTpcYjPxyBOiaHtwm46Lu1Hkr6f9suHkKQfQJK+l9YLcUgu7Kbtwj5aL+xFdH4PzamxNKXE0JCyi7rkndSe2krZg0uUnNtBxcmNlB/6nbJNP5EZOpFCdSeqBA6UKblQLHQiX+hMpsCJXGU3yvUCKdUM4I6GAxvULDG3MsfOzgprc1MsbK2wtLVAx9To/9D2ltFt3WnfriQzkyRLZmbGmJkdhwtpilOYTtuBd+jpM1NMIWWGQClpmNMwt2kY6zipncQxg8DMlrSv82HLTjLtzDtnnXU+3GvvaC07Xva+9u/mPypHVy7ZxnNDGkGdJNgMRyiXpKFclIZxVhrCj9JAfpD6c1ISyE+ycOplUTRaxqB1zMSgrmTIPZ8euzQ6LKK5IQvlqjSIMa9yDJ7l9NinM+Sai+BdMx2Ym3xqELxnMexagEFdjcmrGoNnOZOKEgRVGUZlCSMuuUwoijEoS5hQlzAoL+Ta7x7l+lcv0LDxTTq2vYdm5wdodr6PZud7dG9/i64tr9O56VXaNyymfcNiWje8QtPqf9K0+jlunjpCc30DLbXnuWaG41+bFX8VkF6t7r9SjR6NVmxQ1PYw0N2Nse0CNB6F+v3w8x5MdbsRLn+H6dJWhs6uw/C3lyFoEUafGkz+8xAC70Lwuwd8ZmNUzoT4xzF5V9Fnk4zeIuEOQKZcLI19GhPKYgzelYx7VdHvXsCwsoxRVRUm39kQfDfGsPsR4h6F0HsxqEoZkWczKs8X/wiRiyDxSYTQhQg+NYzI8xl0y2FSXQJBC8TZkcgHmfSrYlhRON0cN+pZjClgLkb/+RB2FwTPx+g7C3zmgH8NE6pCep1SGVVmobGLpcUxjM6HnqDBwptJtxm0O0ZTn1yA/pln0H71Jprtn9K653P6dy9lYMenjO5cinbP53Tv+hTN7s/Q7P6M9u8+on3Hh3Rt+5COze/Tsek9Gta8TO1Xn3N5/2ra3vlfTibO4JJdADrLMFrsY2i1iaLVMpKbNpGiWyULpNU5jSaHZOotY7gqjeC4VRCHrSPIc3FB7a0kMMAPuY8nnko59zvK+d4qiCbLGBqk5tqHJJhaMyDnpSGclgZzzDx7fkoaRK0knBsWcbRZJ9HnmofJeyaDHvn02aXRYhHBDVkIV2RBjPlUMC4vQ2+XyrBbLiZ1DfjORfCeLcYfXtWMuuVj9J2LwbMco6oCg2c5qMsZdy9gxCUXo1sxBlUZgqqUduUMGj59nuurXqF52/t07fwE3e5P0O36CN3uj9F89x5dW9+ia/PrtG94hfYNr0y7Wk2rn+PGqpfpqP+Zpit1XP+XgalpOE6f+P8GSE+3Dn23nuGuFkwtZxFuHPlVQMYvbsK4bTnjcQvBf5Y4jx64AFPgveA7C6NqFsQ+hsm7mn7blF8FpMUiBr1ThpjyU5czpq5k1LOUSa9qjD6zIWABhCxEiHoEIfYxhMC7MSiKGZPnYPAowuQ3FyH2YUh8AlPI3Qg+1YwqCqYBMQXMwxB+L0TcjzFgJiPKIvpdsuixT2XIPZdJ7ypM/nMRwu+C8LshZD6C3yxM3tXgWwPB8xjxKETvkI7OKYXmkAx+nnMv/W6pDNomobeKpdctjTG3NNqDsujMraH1oUV0/u1pupb8D23vP492xRK0X72JfvU7aL96g5YPnqP1f/5E66OP0lQ6i0tRM7jw+YdctwxEb5dIu00k7RZhNFqG0GoVRatNFDetI7gsCaXRNp52l3RabBO5bhnLZWkEV2SRXLWKo1YWzqsWDvwmLpyH8uNYEKPmvhhHtgUE0CKL5aYsip8l4dRKQrksCRV7r/4FkB8kfpyWBXNZGkGjVTwdtikMuBdg9KpmSF5An10aTdIw6qXBXJL4MelfxYSiHL1dCsNuuQhes+4AZNitiFG3fAw+c5hQlGJUVWBSV2JUljDmls+ERyEmz0qMqjJG5QW0PvYoF1f8g+sbltC5eymavcvQ719Gz97P0e/5BO3O99Fsf5vuLUtESG4P2tc8T/e3z9Kw82saamu5fv7M/z+A6DTiFOFo501MzacwXT8sAlK/9w5AJk6vZ/z410zMeQoC5mD0rgK/uQhBCyFgLkb1LIh5FMG7mgHb1F8A0iyLoMUihh7nTMYVRYyrypjwrp5uORF85kDQPRC6CGIeg7jHIOAuDPIiJjxyEOSlEHgXQuLjkPAbDIHzMHlX3AaIGGcYwxdC5AMQNJsRZREDrtn0OqYy6JLJqLIY/OcwGTSHyYDZ4mlYgXMwetVg8poDvvNFSP3mMOpfjsY5mtr1S2mUBTDslkKbRSidtpH0uKQw5J7OmDKLbudEuu3j0dsnMGgbQ49dFN2OUbTbxdJtG4vOKgadTSwddtHcdIymtvhejkUncNUqinbrADosIrlpGU6XJJxWWTiNsjCa7WPoccsRK9l2adyQRHNVEs5PknBuyKLpdsnjlGUIXzo5se+JKtb9TwXvVvnx+2QXVsWpaJNE0iiL4qoZjp8tIrliEfELQKbW+VyxiKLJOhGN4wxGlCUIPjUMyQvotUulSRrGVWkg5yU+TAZUMy4vo9Minn7HTBEQv3ngOxf85jHoko9BWYrRZy5jHsUYVRUYVRVMyosYdy8QK+meZaAoQ+OVz5kP/8bFr55lZOsntO//As3+FegOLEe3d+kdgGi2vkH3ljfo2PjqdMDevOZ5rq99g4av/0HzxVNcO/f/BpBuLf3a/y4w79F009vdy3jnDYSbPyBcP4hQvxd+3oNQtxNqt2O6uJmxC1sYPr4G4f0lELwQg38leFZi8puPEDAbo3o2RD+GSV1Jn3UyeotEtNI4OqQxtEqjabaIotMqkWH3PMbkBYx5FjOqKsOgrmJcPROD71wIvBdTxAMI8Y8hRN+P4D8bg6KEcUUBgmcpQuDdkPI7MT7xn8+kdwVjykJGPArErFjAPAi5B8IWQfA9jKoq6HGeQY9TMj2OaQy65YBvlVjgjFwoBu4B8zD6zsGorkHwElPPJv/ZEDwXo38NXbMe52p8BSP2M9A7ptDjnILeKZFh93QGnVPoc0mhxykJvWMCOvtYehzi0dnHonOIR2svWrttDNcdwmiziqD1hRc5K/Wm1TKSLotI2q2jabOKodM2YXq6bkhZQL97Fh2OydRbR3NZGsFVWRTXLWPRO2bS7jaDHyXeLLVx5NDvytnyVDYfzQrm99H2vJulpMEqmBvSSK5LImiURdFoEcfPkkh+koRwWhbMSWkQJySBnJaEUGcRTbNNEu024ijBpKock89MRpQl9NnNoFkWyVVpMGckSgx+FYy7F6K3SWbYORfBZy74L4CAuxB856C3S8fgWYFJXY2gKsPkWSpeFSVMeBRjUldj9C7H4FJG2+y7ufjZszSte5OeAyvQHlyO7tAKdIfE+959S9Ht+gjtjvfRbH+Xzi1v0L5ZTP+2bFhM69oXaFr7Ih2rnqdu/Uc0XjwrAnJb7DE9MHX6GFdOfG8emjID0qf5v8PRq9Wh02no6dZhaK9DaDxsBmQPws+7oW4nwk/bMF7YxMTFzYyeWsfIvi8wZN0PvrNAVQk+80WXK+AuiHwEk7qSAdtUeiyT0Mni6ZTF0iaLoUkWRbdNMsNuuYx65DOiKGJMXS42LHrVIJjdK6IfEicXIxch+M/GqCxl0rMYvCoh9D6ElKcg6mHwncukqlzc3ysXC1MELUAIEZMHBN+D0a+Gfvcsep1T6HFMmz52YdJ/FiQ+gDFoDgTOh8D5mLxmMS4vZkxRgsG3msmAuRh9ZjOpmsnQP97BGDAfk3oWPaoShj3yGHDOYsAxE71jEj1Ooukc4ulxSjTDEYfGLha9YwI3lUnobZO4uuARjniEU28ZRKN9HFrHDAY8shmSFzDokc+wZyGj6mL63HO4aRvHNcsorkjCuCKNpMk2kQ4ncb7iJ4sw9ksUrA8JYO3CeI4+W8bb1QE8GevAG3kKzqiCaZBGcE0WyQ3LaBqk0dRJxL1Xp8xwnJAEck4aSr1VHG12KXTZpjLomjtdwB1RltBrm0aLRRRXJEGcliiY9ClnzK0QnXUS/fYZmLxmQ+DdEHg3k1416O3SwbeGUfdbmSujsgSDvFjMbHnXYFSXoXFK4+KSP3J5xXNodn1K3/dfozv8BT1HvqTnyJfoD39Bz4Hloors+hDtjvfo2vomHVtep23z67RufIW2dS/SvOpvdH77LA0rX6Dlh23cOH+Gn8+d48a5E/8ZkJ4uzX8NiFavo7e7C2PrebhxENO1A5h+NgNyZRfCT9swnN/I8KUNCMfXMnx8FeNP/QWC7wbPKvCcjcmrClPgXRD+EIK66g5AuiziaJPF0GwRjc4+jSFXsTltVFHEpE8Vgk8NE14zEQLEVaRC7CMQ8yim8IUYfWswKEpEQLxnQvhDGJOfhkgREIOqnFGFuNja5F2FKWCeOEgVdh+ELsToV8OgPBetXQIa2yR6HGcw4JrDuH81JC3CGDIbIWCeOHfiPx+DqpRB11yGlYWYfER1MniX0/mnF7iRPA8C5yJ4VWHwqgLvmQheM5nwLGdcWcqovJhBjwIGPQoZ9ChgyC2XfudsBt1yGfPMQuOey9mn/kyTUwaDbiVMuBfS65ZJn2sOgx6FTHhVoXFMZ1CRT6tVAnXm+kWjTSxtjql0Oqejc82kxS6JY1aBbLdXsas4na2Pp7DnqUw+viuS38Q68FKuM8djoqiXRdBgEUmDRSRXJZHUSsI5LwnmpBmOk9IgzsvCuG6TgNYpgwGXHEblhZi8qzB6VTOiLKHH5hYgZyQKDL4VjLkVorVMYMgpG6PXbHHwLfBuDFOA+M2aBmQqe2WUF4NXFQbPSgbVJXTmzeTYB7/nxurX6DkgKkfP0a/oNVvPkS/pPfQFPQc+R7tbBESz/W06ty6hfcsS2je9Rvv6l2jd8Dwta1/i5uoXubjmbW5eOM2VcxdoPPvjfwZE361B/38Lzs3W19XBQKcOY/NxuL4fru1GuPodQt0OTJe3Y7q0FcP5TUye28j4ybWMHvsWw6q3GI9aAPIqUJQgqMtEqQ29B0FVxZBdJjrLRDQy0cVqk0RPAzLsJs4QiJ2fNQg+NYx7zUQIuRsh6n6E2CfEQ3mC5iH4zsKoLAV1JYLfHISYhyH+txBxP4LPLCZUZYwpC28DZIEISLhYxMR/LuPKYnR2qWjtktHaJTPkno3JqxxjQA3GyLvAfx6C31wImI/Rt5Jht1z0rjOYVJcwoSrG6F3GSFA1vZu3MKqqQVCUY1BXMOFZJr5tfaqn2yqmzKCuwGTO4owpShgJKqel6jEuWcWit0+h1y2HHucs+pyyGFOIv4dJVSXdDmnoXDNpkEbRIIvmpnU8XY5p6F2z6XHPQeeWyVVZJCel/uz0C2B7dTKr74tj++8LWDo3gmfSXPmgJojtWSFctgqjQRrNJUkwtTJxUOqcJJiTUj9OSgM4LQniJ8tIbtok0GWfTr9bPmOKMoxe1aKCeBShs0nlhiSMq7JgfpDIMXqViYBYxaGzTkLwmonRdz5C0D0Mu+bSZ5eOUVmKoKpAUFVgVJYxKS+Z/l0YVOWMupZQ9/uHuPL2H2nd8SE9B1fQf+QrBo5+Td/hL+k7LMKhO7QCvTke0e76CM1379G55Q26Nr9O1+bX6dz0Gu0bXqF13cs0rX6Bm9/8D/UH1lF38QINZ4/9ApCpufSrx82A6DTa/woQvaaTofZWTM1H7gTk8vY7AJk4u4GxE2sY+WEV2qPLMVU+yqTPTAxuhRgURZh854mAqKsYccimxzoFrYXoYrVLY2ixjJlWkBEPsctT8KlB8J3FpM8shJC7MUXdLwIQ/ZCYhvWpQVCXg7pS3Daf8CjG2MfFirhXNZOqUvGQHVUpgk81QuBdEHovQvhCCLwLAuZhUJfR55QxDUivUzojHgXiOtPQBeJYr/8cCJwHgXOYVJbS5y7OTI8qCjB4lWJUlaN76zOaU+5F8K1hUlXOqLyYYXcx/hl2z2fILY9B11xRgdzzGTHPQQzKCxhwLeD4g49yTRZDk00iHbYpdNqkMOyej9GrkklVOQMuebRZJ9Ioi+GaLJoWuyR0bpniUJFrDj0eOVy3juOyNIwDMk/2psez9Z4MPqrwYc1v0kRA0t14uyqML3J9OekeKE4K3tate1oSxInbAKm1iqLJNhGNY6aoYp6iezXVcKi1TqFRGs5VWQjHZAomVcWMuOShtYpHa5WA4FWNyW8+BMxn0CmLIacsJuXF04BMyksYdy/CqCzDpK7EoCpHp8rj7OInuLr0WXT7ltF76Av6j3xF3+Evp699h7+cVhH9vmX07P30lxmtDa/Qtn4xLWtfonnNi7St+weXvl1My9lj1J8+958B0XV1/0dA9N2aadNquxlvbYCmfSIgDbswXdnxq4CMHl/NyA+r6Dm8nOE3F0PAXAR5CSMuOYyrasQHV13NsH0WeutktBaii9UujaHVagqQHPEBNfu6gk8NBt/ZEHoPxohFEP+kONobvACj90zwrgQvcbuJkPAYhrgnEIIXgLoCg7KISXWJeJybXw0E3yOO4oYvhKC7EfzmYvKuYMQjD61dMt02iWjtkqf/f/xmQ9AcTH4zEfxrEPzngG8NQlANfc6ZYkOeZxGj3mVM+s7j2sqvGXMvwuhVyai8mAGXPIY9xEKl3iEdvUM6WrtUNLYpdNum0GGdRJtNEmfvfZKbsmh+touhWZZAl30aQ/ICjF7lTHiWMOCSQ5dVMs0WcbTbJdPtKq7QGZDniSOprjloXTOpt4njjFUIh70iWBUbwNFHS/ikyo/1j2eyclESjyc78b/ZfnxSHczBwADOSf05JQ3grCSIM9JgTsuCfwFIs13SNCAGtejymnxmMuiafxsgwfxooWRcWUi/fRZaq3g0lvEIqkrR1fWaSZc0lgGHDHPfVTlGpag2k/ISERivKsaVpbQnlXNqyeO0bHybnkNf0HNwBYPff0P/ka+mre+wOQ45uALd3qW/AGQKkrb1i2lbv5jWdS/TuuZlmle/RP13K7h69pcxyL8oSBdaTdcdSnGHatwGSHd3HxMtl8zqsQd+3gl1O+DyDoSftmG6uAXj2Y1MnFrH2I+rGf1+JYMHv6Rr25uY4ucjqMsZssthQFUAoYsQ1DWMO+egt05AYxkvwiGNpt0iBq1dKgMu2eYJNLOce9Vg8p8r9nfFPAEJT2CKXARBC8Q/mO8s8J2NKWwRhpSnMMY+CEHzwKuKCXPLglFdgclXTBSYwhcihN4LQXOZ9BYPCjWoStHYJtFtE4/OIeFW75ZPNULALISAWZj8a8B/DgbfGghdwIBrNn3OGYzIcxnzyGdcXo72s6+5nLCAUa8yxtRVDHjmMOCSQ79ztrjQwD3X/HWZ9DrmoHdOpcspg47Zj9LrmEG9dRzdlkkMu+eL6udZQr9bLt12aXRYJ9PtkE6vWw5DSnGMdUhegN4li16PHHR2mTTYxPODWxAn49NYmRDAlnuSeaU4hK1PZbNiURR/zlbzTJIHS4q82Rqu4oTEj9OSIE5ZBE7bVIB+RhrMJcsImu2S0DtnMeZRzKSqEsGnRuyRc85Gb5PCTVkYVyXBHJd50KfKZcQxH511HB0W0Ri9qsBnHpOqKtqkUejtUkFdhqAsxSgvZtQ5V4w/FCWMqSoZc8vnyl01nPrwz/Ts+JRes2oMHP36F4D0HfyC3gMr6Nm/HO2ez9Hu+hjtzg/p2v4OndvepPM2N6tt/WJa1r9M59p/UrvyNW6e/oGG8z9y7dRR6k/9yM+nRECunPieOlFBOv8jILqu7ttMg6H5HFzbh2AGRLi8XUzv/rQV44XNGM6K8cfYj6sZOfoNQ/uXo939IWNP/ZGJgEqGbbPp88hBCF+EyauGUefs6bdMp0WceSItDq1dKv0u2Ux4ljCuLBUB8J4lZpJCF/4CEKNPDYL/bPHNHv0gQurT4vqhgDmgrvy3gBB6L0KAOIw1qSrHqC5H75BOt00CnVax9DplMKYQlcDoU43RpwoCZmEyp3iNAbMZV5Yw5J7HgGsmve7ZGHwq6PapomHTGoZcixj3rsDoUcaoeYHBoGsuwx4iJINuOfQ7ZaFX5NP5j1fQeOYx5JJNm2s6A45iK/m4sphh93z0TploHWbcWpkjLxAXIbjn0+uSjdYpA61rJs2WidS6xXAmKoGNam9WxPuw4aFU/pDkytf3xfDFvRH8MUPJXzK9eCHLg/XxXvxoF8SPEj9OygKmbSpAPysL4ZJlBDdtEtA5ZzGhKGVSVYnJeyYGdRX9ztnobJJplIVRJwnkhIWcXs8cRp0K0VrG0iqJZMKzDJP3XIbcCmmVRKC1SUZQlWLwKGLCrYARpxxMihKM3uVMqivp9cjgzN8foPbbl+jds/RXAZlysQYOfzUNyVRdRKywf4jmu3foMitJx8ZXaV33Mi0bXqVlzT9pXvVPrq1/l8azZ7h6/gxXzn7/64BoujvvUIp/B0h/RyumptMI1w9gatgzHX9Qux3jpS0Yzm/CcFv8MXT4K/QHP0W/9X00X76MMX4BBscC9M4zIOoBTL6zGXHJQWMtAtIhi6VVGk2nVRxd1kn0OmUypijCoK64AxAh5N5/AWQ+mE/OJXAuxD8ipnjDFomAeFVh8Cq7AxAC7zYryD0IAbMZV5eLc9JeVQy759Ntk0S3TSI9jjPE1UJqsdIreFWBz0wEv9kY/WdjCpwjHjetKheVwXkG/Y4zmFCW0//XJdQnz8bgXY6gmoNBXca4sliMRTzypq3fLYuGgApuLvwDvQ4z0Nml0W2fyrCiQBxFVRaLYHnkT28CGVeIw0UTymIGXXPROsxA55xJl8sMGu0SqQ1K5GhIKLuS41hVEcue3+Xy5wxP1j6YyOpFsfxhhoKnk9x5NsWRDQXBHHIO5LDM5w5ATkqDOCUN4pxFKD9ZRtDqkEKfW65Y2PMSF2kY1NX0OWWhtU6iURoqpnmtPel2S2fctRidVRytkghG5YXgO5texyyaJaHo7VMxKIoweBQx5prPmEseeJYhqCoxepbRFJLBj88/SMfmN9EdWDodd0wBcnuQ3n/oThXp2fsZ+t0fo9v9AZrv3kGz/U26zGtgRRV5maY1L9G0+kUav3mOm0c2c/X0KRpOHfs1QLrQdHXfAcjtUGi7utF3x64pQAAAIABJREFUd9Hb1c5wRwPGmyehYT9Cw35MV3dhuLwN4fI2DJe2YLiwmbEz6xg/9i1jP6xi8NCX9Oz9nJ7tH9K15jX0D94PHjVoXdMh9glMvjWMuuTQbZlIu4VYA5maae62SRYfTo888e2trsHkVS02PIY9AIm/FWfQwxeKVe4g0UzBCyD5dwgJTyKE3Stmt1QVCF7lmNSVTKrLRRcpyFxLCbkPwbeGcaV4zqHJu5wxRREa22S6rBPQ2qWI62eUxeZkQTWCTzUG32oInC1+L78aTN6i3zzgnM2gSzYj7nkMqkvoWr2WRstkJvyKMXpVYlCL2aoe91wm3QsZUeXR65RH65nD9Lpl0WmVKC5dc85mxKOAUfOygxGPgjtsXFHEmLyQMXkhfa7Z9Lhm0eWYRrt9FlccIrgam8Ye72A25EexcUEsyxdG8dtYJ9YviuPTu4J5LNGNv2cr+GuyG1+XhrFVruCo1ItjMn+OSfw4IfXnhNSX09IAzktDuCyNpNUuhT63HPNLSwTE5D2TfqcsNFaJNFqGUScN4JJlAA1OYYy55aO3SKJVEkW/Rx54z6LHNpXrsiCGXLLAs5pJeRFjTvkY5aWYPMsRFDOZUJZyM6+UY4sfQLPzY3oPLmfw6Jf0H/6CgSNfMnD4S/oP3VKO2wHp27+cnr1L6d23DN3uT8UC4nfvo9v+Nl2bl9Cx8TU6Nr5K2/rFYkbr2+f4ad2bNJz5nmtn/lVBjt4CRPdv7HZAxttqERqPITQcxFS/H1PdTky12xBqt2K4sBnDOTH+GD/2LSNHv2Hg4Bf07P0c3db36FzzKi3v/hXBt5IBxyyIeRyTbw0T7vnobFLosBTdqw5LUT00tin0OmWYu28rxFZpnxqx6THiIXF7SswjmMLvQwi5C4JFE0LvgZSnEBKehIj7MPnUmPt8ysRWBnWFuIXRPAIsBIv9YhOepWItw6uMSVUZvY4ZaGyT0dqliCOjiiJz3t8cq/hUIfjXYPKbCf6zzN+jjBF5wXR8Me5RSPPr73E9eT79rpnTad1JVTmTHgXovQoZVRRyfdGfOJU5hxG3HPpcshl2z2fQNZchtzyG3fPFTNdtsEwBM5UR63XJmgakUxpHg38ydf5x7PML4evcELYuSmHp3bE8HGHP2vui+WheGL9LU/BCiR+vFASwZm4cm/zUHLES58yPT6uIH6elAVyQhXLFMpp2hzT63fMwqMWYcDoGccpCY5lIo0UYdbJALloEUGsbwIRHIXqLJFokkeidZoDXTDTWidRJfRmX52NSVjLuXsCoYx4mRRmCqgI8qxhU5HPlntmcfO1htDs/oefAUvoPLGfw0BcMHPqC/oMr6D/05R12OyC9+5bRu28Z+j2ikmjNa2C1296ia/MS2taLKd/mNS/SvPp5Glb+g4ZDG7l67uwvAdF2dtLd2fVfAWJsOQs3jmCqP4Dp5/1QtxPTpa0Il7ZgOLcJw+kNjB9fw9gPqxg+8vUtire9T8e3r3B9+d/pL5rPoEcJxD6O4DeLSY+CaUDaZDHTa2OmFGTANZsJVTn4zMHkNxsh5B6E6EcwJTyJKfYxsd0kTIwlxLrGfZDyFIbYxyHiPnHriboSwcvcDOddhdFvphjLhNwLIQsx+cxkTCEeI230Ft25AZdcdHbpaGyT6XXKYMSjwJwsqJw2wbsKk7d45rtgrnGMqUoYlOfT75bDkKIAnVsBw2s30m6TMr3qxqCuwKQsYlBeSJdXOW0bNtFik8ykXxnDHuKE3hQUU2CMKYruAGTQXFEf8MinxzkTrdMMuhzTuOkQTW1YIpcV4XwXEszH2T6sX5jMO9URPJOuZPX9ETybpeCxRFdeLPXjncpIvp4TyVdBCvZae/KD1I8fpf6ckPpzUubHGZl4IM4VCxGQAXk+Ju+K6RrIuLKcfqcsui0TuCELpU4WwEWLAM5K1Yy7F6C3SKJdFoPONhnUVbRZRHNe4smkZxEGeTljbvkMO+QiKMvFdK+qBJ0yg31Pz+L0kt+g3fkJ+v1LGTq4gqGDXzB08AsGzUBMqcftgPSbIRFBWToNiH7HO2i3vTXdpzWV9m1a8yJtq5/j6sqXqD9x5JeA9HR00tPRjb7zlt0OSG9HJ5ouPQPtTRhvHkO4cRSh4SBC3V6o/Q7h0la4KAIyeXo94z+at6Mf+pK+/cvQ7/wY7Za3aVv1IjeX/pXWp+9jwrcKU+JjmIIWMCkvQmeVjMYykQ6LGNpkUTRbxNAki6XLPs2cRaoAnzkIQXdhCrlPbFBMfhrin8AU/Sim8EXiaqHQReLC7KTfIcQ8jCnsXrFu4Tcbk28NeItugRAwV0zzhtwLwfdg8pnJuLKEcc8iJtViUW/ILW86FTvl6o0ri81wVE+7WvjVgO/MaXWZVJUzpiwRW+vleQgepegKHqYl816G7NLBq5pxnxomlcUM+FXR8ulyTgXlMOqSS59vCSPmGGNYUciIsuhWa4niTkiG3PMZkOfT555Lr1s6WsdM2p3TOBsSRmNAEsddg9gaFszqmng2LErl3ZpI/lkUxNp7g3gmzonH4914Nl/F4nw/luR6sSJWzS5HFT9aBEy7WMct/DltEcQFSQjXLGPROM1gSF4ovhx8au5wsdos42m0CKNeEsIlqR+nJAqGPPLRWyXTIhH/piaPcpol4RyXOjPhVYrRvZghhywmXAoxKcpAXcmkspib8Rl8939mcfbNJ9Ht/Aj9ns/o37+UgQNLxQ36B1cweOiLaZsCpP/Ql6KKHFhB74EVaPd+Ru++z9Hv/AT9TtHN0mxeQuem16YD9uY1L9K65iVurnqe62uXcOXUUWpPfM+Vkz+YAWnvpKe9698CojcDMtRWj+nmDwg3jkL9AYTLu6H2O0wXtyCYq+eTp9YxeuxbRo5+zcDBFWIT2Xcfot38Fq0rX6Dhwz9S+88HGIqdiTHmAYTAeYy55dFtnUC7NJoWWQRNsjBapRG0SqPQ2CbT75LJqLwYfGcjBItLIIh+TJzziHscIfZxhKgHxMxWxIMI8Y9D4pMQ+SDGkLuni3sm31m3ATIPgu4WIQm+B8H3FiATniXiAgF5Af0uWWjtUtHZi82LY4pCJlVlGL2qbqmITzX4zkTwqZ5WhwnPMsYUhQwrRBdo3L2Ivo8+o9MmmQFVEQZlBZPuxfRHz6H2uZdoU2RjkpcwETVnWhluX9M5dT9izliNeBQw6JpLj4u4ibDPPROt4wya3JK5GpHAVdcIjrgEsjUmjC33Z7PlkUw+mhfD8gczWTXfh98nuvGHDB/+ka/ixXwflmSqWRzpxCZXT7638OcHqR/HJH4ck/lyShbIBUkI161i6XZIY9RTVMGpzoYJzwr6nbJoNQPSIAnlsjSAUxIlg+5504DcsIhgxCmPm9IwfpS5MqEsZtK1gEHHLAxuxaKLpa4EpxyOzMrn4DMzOfPGE3Ruexvdro/p3/c5AwdESAYOLmfg4Ippu11Neg+suJXR2ve5qCK7PkW360O0O95Fs/UNuja9Pq0irWtfomnV89z89gUavnmeG0e3cPHUKepPHBQB0be1o2/rvAMQbWfXLesQXbCxlouYrh9FaDgCV/cj1O5G+GkHxgubEczFwfGTaxn5YZV5M/py9Hs+E0+D3fQmLd88z/X3/8CpFxfSnVGBEL6AcVUpGpt4bkiCuSEJ5pokgHqpH9ckgVyTBNJkGUGPYyojHvkIPjMRgu+BsPsh+jGE+CcwxT4O8b9FiHkIIWIRRD4oLsyOfwIiHhBPu/03gJgCFtyCxK+GcaXoYo0pihhXljKmLJpeWjYVCw25ZzNqhmRKQX7NjF4VjHsWM6LIx+CaR3tQCT0J8+gofpAh63TGfcsYdyvhxrtvcdUhgREPcR3nkE8pw0oRiCkoRj2LGVEWiffm2GMqXTzgIc7n97lm0+WQzg11PNe9E6iVBfG9RzDb0mJY/2AW3y5M4vVSP1b9JpPN94fypzQVD0Y58nKeNy8U+vD3eEdeSnLnS19v8cQomZ8YrMt8OWURyEVpKDes48Vl4eas4lThdlxZTp9jJq2WcdyQhVIvCaFOGshZmRqNfTo6yyTaZDFckfrT65jODVkEJ608mXQvZNIlj0GXHIzuJdMuVq8yg/WPl3D0d2WcfesJOre+gW73h/Tt+4z+/Z/Tv/9zBg4s+wUgt4Mxde09uJy+/cvo2f0Z2l2foPlOPJm4e+sbtwar1i+mbe3LtKx5mcbVL3P561e5euIoV08eMgfprW3oWjvQdXRO2+2AaDo60Xa2YWg6g+n6EYSGQwh1exBqv8P00zaMFzZjPLeR8VPrGDu+muHvVzJ05Cv69i9Ht+tTNNvfp3vjG7R88zxX3nmaU3+eR0tWIYTNxeBZRJ9jCo2yUOql/lyR+HBZoqZW6k2txIc6aSAt0jD6HFMxqoohcI5YgY96BCHmMdHif4sp7hFMkfdjin4IIf5RcZNJ5APisQcBcxH852DyE90BwW82Jv+5GP3niEXE4PlmQEoZM6/KnPAUC3MjHvniEJXjDPpdshh0y2LYI0/cq+UlzlYb1JXT96KJ7RcTqlJGFYX0e+YzIS9k1C2f3sUf0GqXxohbLt3FD3EjfwEDrpmMe5Ywri7DoC43f10RY8piRpXFjKlKGPUsFhXktsB8yC2PPrcccZ+tczbtrinc8E/gmm0kly3DOaEIZ3NGNN89U86y2ZG8Ux3CN/fFs/WBCP6aqebBGCeWFPnwl3RPnsuW816KitfkTuyTqDhi6cdxmR/HLHw5YxnMZYupGkgmgx4FTKrKMHnPNKd5q+hzzKTZIobrshDqJeLI7QWZL40W0eitkumUxVJn4Y/WMYk6qwCuOkZhcC1kzDGXEdd8BI8SBGUVBnUldVHpbHw4jz1PF3H69d/Qsfl1NDveoXfvp7cgMQftU9Zndqv6D305fS/++wsxFtm7FM3uT9Du+pju7e/TvfVtOjebY5F1i2ld+zJNq1/k5uqXaPzmRRp2rKD25PfUnvgeiba1BV1rG9r29lt2GyC6jk562xoxNh5HuH4I4ed95uyV2FpivLAZw5kNTJwQmxMHj3wt/qD7l6Pb+al4PsaGJTR//Rx17z/D6T8u4FpmNkJgJZPyfAYc02myiKReGiACIvWiTuJNncSXq9JAWq0iGHZNxyDPxSjPxqQqYtKrHHxrMPnXYAycxWRADRM+VUx4VWLwqsTkX4MpYCZG/ypMftUI/tWY/KrAd6ZY5POvQfCbDf5zRGC8q5nwLDN32op+/qSqlDGFOEQ1ZUPuudMbx6ceEKNX9XTRTDDPWgves5lUVWBQl0+/7ccURfT5FdBcfS+X3WLp+ftLtMpimXArMNd5xOzWhGcJE54l4n5az2JGzTYFyIhHAUNu+eJKT3dxy0u3fQat7vE0BaTSIo3msk0Mx92D2VGcyNanSlk2K4oP5kXy7cIYttwfxV/S3Lg3wo43ynz4Q4KCT6vDWZ7qzZt2VnzhqOCoxJMfpb4ck/lyxjKIKxYRtNgm0ecuHlcgpnmrprck9jlmclMWyTVJkHi+pDSEC1J/6mRB6K1T6JTFcNkygA6HeM5ZKehwzmTStYhBW3P84VGMUVnNpEchh3JTWXt/FluezOPEyw/SseFVtNvepWfPJ/Ts+WRaQabgGDgoBuYDB78wn/O4Yvraf0fQvgz97s/QfidC0rX1HTo3vk7H+ldpXbeYlilIvn2Bum9epOHoTi7/eOj/DoimvYPR5p8Qrn+Pqf4AwtW9CLU7MF3aiuniFkxnN2I4tZ7x42sY/n4lA4e/EuVt3zI0Oz6mc8s7dKx7jRsrnuXyB89w8k8L+DkjE4NvKaOu2Qw6zaDVOobr0mB+lvhzVerLZakPtRJfaiX+NFtGMOCWgUlVBN6lonmVIPiWgHcxeBVhUhciqAsRPAswyfMweuYz5p7BsGsqA05pDLnMYMApjUHHGYy65zDuWYBBWYZJVYGgrsSgLmNCZX4ozTYFyFTFe8A1e/p+VFGAQV2OybsSo1cFE54V060XJm9xtFSMR2498KPyQvpcCmlev4FLPx7mql0cddYxjMsLxBqMspQJzzJzDFTKuLL4F4BMBejD7vkMueczKC+g3yMPnUcWGq80mn3S6LRNocEmllNeIWwrT2TbM+V8OTeOxSU+rH4giY2Lovl7tpp7whz5dH4ET8U68Wq2iuUZHiyzs+dZKysOW/lyUOrFjzI/TluIgLTaJYutLfKCW2le31mMysXNJY3SCBokgXcAclHiT6elGF/WWgTQYBXGCakrgy75TLoWMWCTyYSLuFIUeSUaVQYrKmJYdVcqGx7K5vD/3k3b+lfQbHsH/e6P6dnziagiB5bSZwZk8NCdMPw7QKZjke8+RrPjQ7q3vUf35ql45DVa1y2mec1LNK38J41rFlO7ZgmNP+5DomlpRtvSegcgmo7Oaetua2ey8QxCw0GoP4Cpbg+mS9sxXtiCcH4zxtMbMJwUe6+Gv19J/6Ev6dm/HP2ez+ne/hHtm96ibc0rXFv2dy6++ySn/nI3VzOzmPQpMS+ZTqfNOpZGaSjXJEHUSwOolflwSeLDJYkfNy0iGfLIweRVhsFvDkLAHAioYSJ0AYYQccpPCKzBFFSNyb8Sk18lgncZJu8ixhQ5jLmlM+KSyrBzCv22CQw5pTDims6gYzJDTikMOibT65hOr1MGOvs0eh3FIt30g60omF72MGVTcyVTIE14VjCuLBch8Z4FPqKCGL0qzav+zQ+3WypXZz3MT2vX0eaVTacshg7PTMaVpWKbi1fldN+VQV0mLnxWlzKuLhVBuQ2QEY8CBjzyGVIWolHOQOszg3bfLBql4lnkZwNC2TU7jeV3J7F20Qz+nunG1idzWX9fNI9G2XJvuCvL7onh6XgHnstR8kWpkq8cHPnQ3pVVLl4clXrzo6U/Z8yAdDqlM6gQEwiCTyWTKnGh+O0K8q+AXJD40yKJoUUSxWXLQC5KAzghc2XMSQSk3zpDBMSzApyKOOQVwQclwaypjufb+zLZ/7d5tK1/Be3299Dt+gj97o/p2/cZffs/v009xLrH7WD07V/+q4D071tG396l6HZ+JMbGW99Cs/kNujYvoX3DqzSveYn21S9w7Zt/cmPls9R+t+bXAekyw6Ft76S/rRGui6ldrtxK7ZoubBZnP06tY/y42Fpyu3ul3/WZuHV8w5u0rHyJ+k//woW3nuD4H+dyLisFo3cRQ24Z6O2T6LKOo9kygp+l/tRJvamT+HFJ4sN5qQ/XrcLRu2cwpirG6F8JwbMwhcxBCJ0LYfMQQucihMyCkBrRgmeCXykmdT5Gzxwm5FmMuWcw4prOkHMqY+4Z5s+yGHHNYNApjX77JHpt49FYxdBhEUmbLIJOqyi6bWLpto6nwzqeFqsY2qxj0Dqm0OeayYhHPmOKQsYUhYzKixhTFIsZrtsyWeJVfNgnPEsYUZXSvWUtZ+/9LSf90mm3TWZYWWjuNZv6miomVeIDaFBX3jE7MqVEt2oh+QwqctG4pdEsT0XnncN1uwTabRI4ExnF+qIwvp43g40PJPOXLF/2/C6TzYvCWRhmz/wQB76cHcSfExx5OcuLdQsCWOftwQaZKx95KDku9eWExJdTsgDqZOFonWbQay5iGtVl031YIx4lDLrl0GAhHrx6TRrBVUkIlyT+XJL60ygNpV0WxRVZGOctPDgicaPXfgZDNjMYtc/C5CYuZ5jwLOCfrg68mOTFR8URrJ6fzr7/M4eWtS/Ttf0d9Ls+QLfrQ3r3fjr9oA/sX87Av8Dwb23/Unr3fkbfvs/R7/4M3c5PzCoiniPZvkHMajWbW1BurHyOupXPIelubkLT3IKmrW3autvFq661jYmmS5iu/wD1++CymLkyXdyC8fwmJs9uZMLcmPiv7pX2u0/E8yrWLaHp6xf4+ZM/c/HNJzjxp3mczknB6F3MkFsGvY4paOwSaLGK5KrEzxyD3ALkmmUYOvcZjHoWYQqoguBZ03AQPl+8hs6G0FmihdRAYAUm30IM6jzGldmMyjMZ8chgxCODMUUW48psxpW5jMqzGXbPZNgljQEncV681yGRXtt49Nax6K1j6bKJpNkihJsWwbRahdBhG0m7TRTdNvF0WcfRYRlDl3WCuW8rjUE3cau8wauUcU/xkJip6ntn+CzOPf8uDZ98xXqHKHocUhlTiS0s0wVE84M3BYjodpWZVUa0aUAU+fR7ZKNRZtDlloreJ5d2x1RaHRK5EBvHmnRfvp2TzoqaYP6a6cWRP+XxxZwgFoU7MCvAkq8XhvNyppIX0j1ZfZc/u5ID2Wuh4FM7V/Y6+HNS4stJaQC1klA0juniMQbyQjMg4tkeAy5504A0SsO5IYmgXhJKrSSAi7IArklDaJVGckUSygmpK/skLvTbpDNsm8GofRYGl3zGvUq54prIHLklf4tS8UZ2MF/PSWTnM1Xc/PYFura/g3bn++h3fyQG67fB8V8Dcpuy6Pd8jm7nJ2h3fIBu27t0bXpbPMd+w6t3xCLNK//n1wHRtLega2tB39oCN45jvPY9wtW9mH7aOZ3anTy7QUztnljD6LFvGTr6zR3ulWbHx7RvfJfWta9z86vnufLRn7jw2qMc++Mcvs9KwOhdxLB7Jn1OqWjsEmmyCOeKxIc62S8VpMcjk3F1iQhIyOxfB2RKQUJqEALLMfoWMumVy7gqh1FlFsPyDEYUmYx5ZjPmmc24Zx6jihyG3DMZdE2j3yWVHudk9M7J6JyS0DklondORmuXSItFFM0WUTRbRNBhE0eHTSLdtjFo7GLpto2Zvtc7JtDjlIzOPgmNbYJodvFobOMZcE3nyqN/YUDXT9tgF5veeI2fLIPocZgx7WJNKYhBXWXegn5LjcQ4pdjc3Sx29w545NLjmkG3YgbdTsl0ydPRO2fQrcjkRHgEu/MjWZoXwWdlvjxfFMiBpzJYOjec36YomeVnwdcPhPN2kR/PpXqyYraS78ti2WetYruDN9/aKjkpE+dBfpKEiCO+HmLby6hHwbQq9juLLfs/S4O4IQmjURLJNUkolyUBXLAIoF4SRLMsknppGD/IXNghcaTPIoU+ixQGrNIwuRdhci/kA2s37rG34PdBcl7NCGRZTTQ7nqrgxsrn6NjyllgNNwPSu+dz84nCZkjMAfq/xh63W++BL+k7+BV9B79Cv2cqHvkQ/XbxeInuzSIkbesW07T6RZpWv8i1b55D0nmzEW1zi+hmmU3T3oKmpY3hlsuYbnyP6dpBhKu7p2c+TOc2YTq9AePJdUyY5z6m1EO/b5k5e/UBHevfoeXbV2lc8U/q3vs9F155lBNPz+RgVgJGVT4jbpn0O6ehtU+gQRbMTxIfrki9+EnqzUWJNz9J/GmyiqDXLYNxdQkE1kDwXAi/CyHyboi8C8Lm3KkeITMhsALBrwijVz4T6lzGPLOnIRlVZk1DMqLIZFiewaB7On1uaehcktG6JKF1Fk3jlEiHQyyN1uFcswrlpk0kHQ5xaJwS0Ton0WkfR4ddLJ32cXQ5xIufOyXS65zMgEsqg84pDLvPYNh9BuOeOTS+8DYjej29A718+8wfOCFT0GIXi8Y2gW6beDqtYtE7pNHnnEG/S5aYELitzUSsrovXXvOqnx7XbLQuGXS7ZtDpMgONOosW10TO+YWzKcyXr7MCeLdIxeZHMjj4h3Teqgrnd0lyZgVYs/LhVN7OV/JiugvLK+R8f1cyhxQhHHMKYKXEkVN2QZyS+XFO4ku9dQR6J3GN6KCymBFXscW+zTaRDpskLkn8uCQJoEEays/SUGqlwZyTBFInCxWzlBahnJLIWSu1o9syEq00jgHLVAzyEoZds3hYJuNxqZTfye14NtmfjyvC2PxEBTe+eYGOTW+g2/Yuuu8+ELNZez+nb/+tTFbP/uWi53LgVtHw9u7ef21B6dkrNjTqdn6CbseHaLe+S/eWN+jc9Dpt61+ZVpGmlWZAum+aVcRsXa3N9DQ3M3HzDKZrRxHqD0DdLhEOc2BuPLmOyam+q9vUQ7d3qehebXmf9nVv07zqFa4v+18uv/sM5xf/hh+fqmJ/RhyTnrmMuGUy4JKOxjaeemkQP0l8qJOopwG5LAuk1TaaPvfMW4CEzUOIvBtTxF0IEQsQQmcj/AdADN4iJFNKMgXH7YAMecyg3z0dvWsKWtdkERQzJO32MTRah3PdOoxmu2g6HOLockxA65xEl0P8tHWbP9O7ptDnlsagezqDbukMesxg0GMG4+pcWt/+lMFePf1D/ax86HFOSxW0OySgd0wU3TvnZIZcU+h3SqDHPo4e+zj6HMX7fqdEehxS0JjnVDps42m3jqPdOo4ue/FnaLePo8kukut2UdSro9iv9mLdjEDeK/Zi2yOZHP5TOv+Y4c5TSe7MDnRg6T0xrJgTxJJ8b5YVu3HsN+lstHPnoIOaFRJr9spcOSRz54DEhWNSOY1WIWgto9BbxdLnkEyXXSw3rUK5IQvjvFTFeYkvddIQ6mShXJYGUysJ5ookhOsycdLwlETBN1JbbsiCaZNG0WuZjEFexGWPJB6QSHhCIuU5awv+GOLBO/khrHukmGtfPUf7xv8MyB3FwdtAmYKjZ/+tQL5n71J69y6nZ8/n6Hd9iv67j9Bt+xDNlnfo3izGIlMZreZvX7gFSHdT87R1tTbR13wD4cYPmOoPI/y8H2p3wgUxrWs6tR7DibVMTA1FmduO9fuWoTW7Vx2b36Nt7Vs0rVzMtaXP8tM7T3P+5d9w8vc17M+Ix+CZx6h7Fn1OqXRYRfOzJJBaqS91EjWXzIBcsQymwyGOfnkWY6piMf4In4cp6u7/WkFuB+R2OP6dgmjMyqFxSqTbMYE2u2garcO5YRN+CxCzWkyBMQWHziUZvVsqve5pDJjBGFBkMKjMZESdQ8vHy+nv0zMyMcKy2fdwUaZC45ZKn0syfS7J9DglMuScxqBTKr12iehsYtFaR6O1jkZjFUW3dTQ1GhPdAAAgAElEQVQdsnBaJCHclATRIg2lwyqSNmkYrbIwmmShtFoHUW8ZwhWbAE46qdmaEsjnM4PZ+VAGP/w5necz5Tyd6MpMH3venxXEijn+vFkczFdlSnY/HM9SF0e22bmyTmbLAakrByRuHJS6c8HGH719EgMO6fQ4ZzLgnEa7dQw3ZCHUWwRzxlLBSYknF2TB1MpCqJOGcFUSwhVJMPWyMC5LgjgpUbBMasVFiQ/XpWH0Wicx6pLDBqdAHpFKeFIi422pJc+6OfJCuj+rHsij4Yt/0LZhyX8E5NcU4/b7HnPsMd3EaFaQKUD02z9Gt+0DNFvevUNFWla/iKSj8RqapkY0Zjg6m5tpb2llrPGy6Fpd249wZRfU7oDzmxDObcRweh0Tx1cz9sNKhg5/yaC5Ytmzdym63Z/Rvf0j2ja+w//D2luGR3XvbdtrrZkk41GSECFC3B0rdaNCjerurtxtN7RQ3XVvcbcAIURwlwCBEBLcJcQg7i4TQdtSyPl8WDOTQLvvdx/P8364jjUZogdzzvXT/2raOMcCSNG8Dzn3yzucnjiWvSPCuel6L9fsRtCljaVJGUqFMJQiYQgXJE8KRE+KhSFUWwXSpouSb0Hg9gi3A56nL/hl+kJeoy/0JfpCxtEX+CwEPEdfwDMw9EkYOoY+78fpG/IQt93/MyA3nEdZwq5exwS67eMw2sbQYRtNu200rfpImjRh1KlDqFUFU2MTRK0qhCZNOG26KFq1EbTpIi1q10fRaRuD0TaGbvs4LjsN47LTMK44jeDqoJFccx5F4/ZdXDcauXy9l10xYziv9KTHYRTXnIZz1XEYVxwSuOY0nGtOw7lsH0+3QT4/y6iLks/PUoXToQqnRRlMncIEhFUQTVIgDVIANaIf5Qo/yiVfStVDOe8czP4Yd9LGRXB0wggy3o3iuwRbPo1y4lkvLUkvRbLhBTfmPeJKymPuZL0eziYfB/bbDGa3pOWIMIgD4iAOCa5cVPjRaRhGt+0IegzD6TTEU2sVRInoQ5lVAAWiCydFZ06ILhSL3pSI/hSKPhRLvlwSfSmUvDguDGKtoOSgZKBE8KZHkUCvYTS/ChreFEU+FwRmihLLrLV85+9M6rgRFC39isYN02nfPoeOXQvp2ruM7uxkS8J92QRH1/6/gmKWMTuZnuw0i7qzV9zxeu3MXEL7zgV07JhHy5aZplxkGnXrf0FoqiqnrabqDkA6aqu5WX2e2xUH5erVxUz6CjIgbyt/ntnIn2c38tuxNdw4soqrB9NMg4nJGLOS6Niz1NT/mEfjhtnUrPqV8qSvKZo3ibM/vs2piWPJvCeC351Hc9V2OEZNDE3KUCpFP4oELwsgFwUvam2CaddH0+s0it/dH+V2wPMQ8sr/L4AMzEvuBqTNEEWLLoImTRj1mlALJHXqUJo04Sbn6AfDfO0wRNNpAqTXMYFeR5OTmCDpOnyEG7099FzpYnvAPRRZD+HKoHu4PmgEVx2HcdVxGDecR1o+vmwfT5c+mm5DDF36aLq0UXRpo+hQhdNgFUSdIoAGqyAaFYHUKQKoFv2osPKTe0lWnpy39uTM6CBSnwri0Kf3s+6VYH4a6cSnUfa8GerMomdD2fZ6IImPebDptTB2vOBHZqg7+5Qu7LexvwOQYoUf7YYEuuxG0GU7nHZdHFVWgRQLPlxU+HBEMHDYypGjkiMXhMEUCEMoEodQpPCiUOHFGYU7uYIdKaJEhmDNeeUQflPfg1E9jI8EgX9JEt8qJGZIClZLOuY42DL30RDylnxO9ebptG6bTVvGfIx7lloWosyQ3D2HdTckxuxkuvelWNQzABC5oiWPRHVmzKd16yyaN8+gadN0GjZORmisLKOtpoq2mlpaa2pprq3lck0Zt6uPcrtcrl71Fe6CCzu4dXYTN09v4PeT67hxdLVlardnf7KFxvbMJbRmLKJp6zzq1820AFI4dxLnf3ibU5OeYfcD0fzuMtriIM1WYVQrAigSvMgTPSgUTWMm6lA6DDFcHjSaPzweoy/wBQh5BUL/8f8MyO+uoy0hVq9DPF12sXQaoukwyO7RrA2nWRtOgzbsDkAa1WGmxDycVm0ErdoI2vVRFlA69FF02cXS4xBPrynU6nUYRq/DMK7m53H96mV6rnSxdUg0FRofrjqPskAxUGZX6TbE0G2Qjyvt0kbRrYu+A5B6ZSD1ykBqFQFUSX6UiJ5cEtwoVA7mnNaLk2NjWfN0KDmf3c/Ch9yZ/qAHn8XY8XawE/OeDmHty4Ese9SDtJcD2PmCP1t9HMgU7Diqdb4DkELJlyZdLB22w+g0DKNFF0upwo8i0ZsCyY0MUcku0Yb9goYzohN5khv5git5oisnJWcOSY7sFNQsEUU2CCLnFe5cUQ2nTBfFO6LAREHgO0lgjqBgnaBltZWBXyNdOD39farWTaFl6yxad8yjY3cixqykOyAxw/C/OUjXvuUW9easuGPz0LhnqankO5/27XMskDRumiI7SGt1Ja01lTTUVNNSU8fN6nxuVxyDsixuFWfKnfPzW7h9eiM3T6zj92NruHF4FdcOpMl16P3y9lbHniW07V5M07b5NG6cTf3aGVSl/0zZsq8omjeJgh//hyMfjWP3Q/HccL+Hy/YJdBtiabYOk+8rIfhQLPhQJPhQJvjTaBNFt108113u40+Px+kLeoG+iLcg/J8Q8hIEj4PAZ+kLGEtfwNPg9xR9PmO47fWwCZAHuOl2H38MvtdSzTI7x28uoyzhTLdDPF32cXTaxlhyC3NlqlETRoMqhAZVCI3qUJo0YTRpwmjRhtKqC5NlCrfa9VG06yLpNETLgDgmcNlpGL2OCfQ4xFP9/NtcmP0Lx5NnkOsaRLttNDdcRvG76z3ccB4py2kEN5xGcN1Rvv/IZbsYem2j6bWNpkcfQ5c2ik51BM1WgTQq/GlU+NOk8KdB8qNG8qVK6Uul5MUF0ZUzGh8uvPMIyx4LJOPdBOY96M3qVyP5PtaWD8KcmBjvScpzAax40JX0Z3zZ8kwAe8O9yNa5cEh04YDoyGHRmRPiYIqUQ2nSRdNuiKPbYTh1mnAuSUMplnw4LtizVRBZIyjYrFCTLeo5ItpxSnDijDCIs6ILJyVHtgkqlgoiSxUK8kRPrqkS2KwazHuCwKeCwE+SggWCFasFDRsFPSlqF/Z+Oo7q5F+oWz+V1u0L6Ni9hPbMZZatwd4Bifnd6sqVD5QzmrrtXfuWm3KQZMvXd+9bTlfmUroyl9KxczGd2+fTtmUOTRtMgNSVyTc4bKmqpLG2ko7qam5Vn6Wv4giU7KOvOJO+fPmmOLdObeCmKfe4fmglV3NTLV1NY9Yy2jMTad21iOZt82nYMJu6NdOpTPuJkiVfUDhnIud+fIujk14g47EErrqNpNcuni59zF8AKRblkYUmVRQ99gnccL2fW55j/ntAvB+xJOkDATFDIpd7R1rCmm77OLrs4+gwRNOuj/q/AsQCiQmQbvs4uu3j6HGIp8fkUF2OcfTaxdKljeCqbRzX7BO44TyS31xG9buH03BuOI2QD7weAEiPQXYPoyaSTnUELdZBfw+IwpcK0YtLKi9O2wyh+J3H2DgugawJ9zBlmBsb34hnzsOeTAxz5LO4wSx42I0Vz/iR+oQvWa/EsivYnSy1E4clVw6LzhwTXTkluHNR6UezPoYO23iMdgnUqEIpEry5qPDloGDLFlFkjSCxWVCRJWjJEfTkirbkiHbsFfRsFGxIk6xIkZSkChIFkhe92gRmSWo+EAS+EiUmixKLBCvWCFo2CXp22Lkw9+UAShN/pHrtrzRvnUfbzsW0Zy7DmJWEMSuJy3dVrwbKmLOCjuzldJoiHHMaYIHjbwDp2DGftm1zad4sV7SE2tKLtFZX0lRdRUttOZerS7ldfYK+skNwMZu+wt3cvrCDvjOb+93jyCquHZTdo2ffcrqykizu0bJzIY1b51G3bgZV6ZMpW/E9Fxf/m7yZEzjx/escn/g8254cQY/LMFNs/XeA+JoAiabXYRh/uD8kz1j9l4D0+ciA/Dn4vv8KkC77OIx2sf/XgNwdbnUaomUg7GItoBhtY+ixjcHoGEvHoDg6nRPoch7OZYcES0h1zWk41x1lXXMYxmW7WAscPYYoi3t0qMJpsQ6iSRkg6y5AapRDKVF7c97Gm0NPRpHyUCB73hnJj1GD2f/p4ywc48WHIQ7MfMCbWfc6s+a1WDY/GsTO+wPJjvIlR+/KMaUbxwVXTgseXBC8KbcKpkkXTaddAh2GOCqtguT/K8mHLEHHJlFgjSCxVVCRKWjYK+rIFnXsFrVsEm1IFiQWSiKJokiqoOCSwoc2bRyfWCv5VBT5SZKYIQgkCtZsEHVsFQxs83Rm9/Z4Tk35H8rSfqB+4yyats2nZWcinXtlSHoGVK3u7oMYc1bQuT/Z4iDyCvgyCyx/B0jbzvm07phH87Y5tGydjlB1sZDm6gqaqqporSrnt9qL3K46zO3SHIt79J3fRt/pjfx5cr0FkKsHUuUa9D7zbIucnDfvWED9Rtk9KlJ+pnTZtxQt+Izz0ydw/IfXOfLBM2wfO4KGwXFc08TQaoim0SacSkUgJcJQigRfSgU/KqRAGtSR9DgM53e3h+UuevArEP5P+iL+CWEvQsgLMiDmLrrvk+A7hj6fx7jt+SC33O77Sw5yw3mUKfeQX5BXHBIsL+ZOQzRtukhatRG0aMJpVofTpAqlSRVKo00IDTbBNKlCaVaH0aQKpUUTRqsuwvI15hykwwRJpyEao6myZbSNoVcXQ7dtLD2GWC7bxnHFLt70ewzjmlMC15wSuDFoGNedErjmGP8XB+nRRdOliaTTBIg5zBoISKXkQ406gEtqLy7YDuHEQ3Gkjwlm6yuxTIl2I+ejh1n8+FA+D7Zj6j0uzBzpTMZbI9n1aBAZ3oPY6+nJoUFeHFUN5oTCkzOSF0WKoTToo2i3jafdEEeLNpoyKYAi0Yd8wZNdgprNohWrBYlNghWZgoY9go5MUctuQcNmSUWSIDFfEpktCCyWFFyUvKnQhPGpUuRbQWSqKDFLEFgmWrNW0rNNsGNnjC+5ez3YNjueS8u+omrtNJoyZtG6fTkdmUkY95p6GvvNnfK0O10kN8WSg3RmJcmPTWHWwCTduGepKQ9ZTEfGPNp3zKV122wZkNL88zRWltFUVUFndSk3ay7QV3GYvpL99BXvhgsZ9J3byq1T67l5Yh03jqyyJOfmrcHOvUvl5uCOhTRtm0/9hlnUrJpKafKPlCz5hsJ5n3J++gRO/vgGhz94ju3Pj6bKI45r2lha9FE02oRTLQVRKvhzSRhKhRRItTKYJm00vU4j+cPjUfp8noKQ1yDsdfoiXv//AORxU4jV7yB/B4ilUmQXK1ew9FG0WeAIuwOORpsQGqyDabQJoVkdZrkOdA9ziNU+AJSBgJgT7m5DDL12cVy2j+eqYz8cAwG56hDHFfvYO0MsTSRd6gg6bcJotQmm1SaYZqvAfkAUQ6lXBVJl40eZzpdTusEcGxXL+rHRbPvHcGZFeXDkszEsHxvGtGg3Zt43mNkjXVj1bAg5z0RxINCLI/rBZEm2nNB5clzyJM/Kl3J1MI36KNr0sbTpY2nWRFEi+lMkenNeGMxuUc1W0Zq1goINgpJMQc0eQcduScduQcMmsR+QWSZA8gQPCtSB/FsU+EEQmCkqWCQoSBatWSPo2CrYkfNKEJnb3NmxNoD901/kUspk6jZPpWnbEtp3L6MjM4murBUYs1Po2p9Kd07aX/MQc5JuuhpNztFjGokyz2V17V0mV8h2LehP1rfNQCg+d1p2kMpyLldfhMrj8lrtxWz6CnfRl7dDHmk/uY4/jsv75tcOpZsqV0kyIKbSbvP2BTRsmUvN2hlUpv1K6fIfKV70JRdmf8S5aeM5+u3rZI9/hg3j7iXfNZzL+lha9VG0WEdQpwyhWgqiUhFEnTKEBptwOgxxXB40ij+HPA5Dx/6XgDxhaRTedpdzkIEVLDMg5vDqsn285QXcfod7hN0BhhmOgTIDZP78Fk04bdoI2rQRfwGlQx8ll2pN6jbE0GOBpF9m9zADYoFDH2kBpEsdQbs6lDZViOwkygAaFf7UKoZSI/pSLnlRrvHljMaN46Eh7HgsmtVjQkmK82P/vx5g+dhwpvrbsfThIaQ84c+6cRGceHUkBwO9OWjtzFGbwRxXunNKHEKB9VBq9RE066JoN8TRpo+lwSacYtGHfIV8OMMeQc0O0YZ1dwGyS9SyS1CzUbC5A5BEScFp0Y1T2gC+kkR+EUQWCEpWCipWCSrWCzq2Sg4c/jGIPdu82LDegQ1zvTmz+AOqVk2mZvNcmncspm3XUox7k+nISqZz3woTJP85ae/ct1yGxZSw3w2IuR/SljGflu1zZUDyThylobKMpooyfqvJh4pDpvxjH30FO7l9bhu3Tm/i5vG1/H5M3je/kptKj+XcoaV0WEq782nYNIeq1VOpSP2ZsuQfKVz4OXmzPuTs1PEc++YN9n3wLOtefoDcQX5066Jo1UXRah1Bo3UYdVah1FqFUm8dRrM6EqNdAlcG3SMD4jcWQl6F8L8Cwl0Ogu8Y+rwe5pb7A38p8V4fNNICyBWHBHrt4v4CyN2hVb1VkAWQv4OlWR1mkRkOMxQDHw8EpEsfTY9tLJft4+4A5JpJV+xjuWIXy2XbGHoN0XTrZEC6NRF0ayJoU4X8FRClH7UKP6qt/Ci19uacwpVDLkPIfSCO1aP8SAz2YO+b97P2pXhS4r1IesiTxaPdWf98OJljgtnr7cKRQd4cN3hxxsqL8wpvChW+1GrCaNXH0GmXQJs+lhplCIWCF/kKD44K9uwRtewQVWwQlGwUrNgtqNkjaNklatgpqNggWLNUEJkjicwQBJaIEsdEVw7rhvK1JDBZlFgiWLFe1LJZ1LFe1LBNYc+xxFB2rHdlwxon1qWo2D1tJIWLv6Rq/Uyati2kJSOR9szldO5NxrhPdpLunNQBGugkKRj3r6BjX5IFEAske5dZtg07difSvmsxbTsW0rZtJsLJgznUlF+iraKEW9Wn6as8TF9JLn3F8uyVee7qj6Nr+c1U2r2Sk0KvqX7cmbmE9l2L5fBqi9z7qFr5K2UrfqRk6bcUzP+UC7M/4uzUCZz49k2yJj3NqnH3strVA6NGvjdfm004jTbh1NuEU6eS1aKNxmiXwDXn0dzyGiOPkoS8AhH/oC/iNfpCx0Hw86YRk2dkh/GV+yD4PM5tr0e56fGQxUHMkPTPX8mAXLaPtyTR7bpIWjURliHERpu7Q6yBCv6Lk1hCLk24BYy/A0QuTkTSbYii1y6Gy/axXHGI44pDHFcH6IpdLFcMsVzWx9CjjaJHG4FRFYpRFWoBpNUmmBarQJqUAdRZ+cv9EKU/pZIv5yQ3Tjp6sS/En1X+Liz3dGDXM6NY+Zg/SVGDWf3oUNY/FkLyKHcyxwRzLHwoJ+09OWo9mJOiO/niEEqUftSrI2jXx9FhG0+LIZYKZRAFwhDyFR7kCgYyBR3bRTUbRCu2CCoyBA17BC07JTU7BBvWiVYsFgWmiQJTBYFkUeSowpWDGm9+kARmiCJJghWbRC2Zgj0bJBVbBDVZ6X6sWeVA2gotyxdqSZ9mxaEZz1Ca8isNm+fQsiOR9t3L6dqTjHGv7CJymJVmykn6IenKWYkxJ5XO/cl07ku6A5AOU/PRmJUkQ7JzMR07FtK+fQ7CoaxMKi4VcrmqiL7K49wuP0TfJXN4tdUUXm3gj6NruX4wnau5qZbqVWfmEjozl9CSIVeu6jfOpmb1NCrSfqZk+fcUL/6KgrmfcGHmJM5OHs+Jb95g78SnWDnuXma7DqJFG0abdRhtqgia1ZE0qCNo0ETSqJXj3S77YVx3uZdb3k/II+0hr0D4a9wOf5W+kBcg8Dl5QcrXrCfp832cPu/H/iMg5uFEMxy9dnF02cbICbo24m8BsSTp1kEWDXSVv4Rc6jBa/ybcMuqiTCPx0RZAemyjLZBcto/lin2sJby6YnsnIN2acAsg5hCrTRVCqylhr7cOMAESQJliKIUKLy6oPMnWOZET4Mse7yFkjApn88MBrI4bQvoIN3Y/HMbhZ0ax774gjgcM5ajWlbNab85LXhRK3pRa+VOvjqBNH0eLIZYGbRSlUgAFohfnFe7sFw3sFfTsFNVsEv4zIIkDAEmRJI6JLhxSe/OzQmSOKJEqWLNd0JMtOLJDdGCtUsnWlW6kJalIXmTN0pkqFv0qkPipHWcWTqJq5RQaN8+ndcdSOncn0blnOR1ZyXTtT/3bfOQOQLKWWZqNZnXuXUaH6Q2/Y5cMSMeOuQj7MrZxqeA8v1Xn01dxmFtlB6F4L7cLMug7v4k/TYOJvx9Zw2+HV3E1N1Xue5i/2e5EmrfPp37zHGrXz6Rq5RTKUn/iUtJ3FC36ksI5H5M37QPO/PQux756nb0Tn2LVi/fxg7sDNZpg2hQhdGiiaNVG06SJokkXTbM+xtKQuu5yL7e9n4CAfkBuhb0CQc/L0Pg8TZ/3k9z2fpJbXo9zy/tRbnvJ+tPz4TsAMY+W3A1Ihy7K8iJu10XRoomgSRVmgiSEOmWgqYoVaFG9VT8kA8OuJpPMkAzMRcxzVV36aIy6CLr0kfTYRlsg6bWLkcEwJeeXbWP+AkinTQidNiGWJL3FOog207XBJpA6ZSDVViZAJC+KBTdOSo6cHOLLEU9vtob6knG/PyuCndg82pvMe4LIiglkX7gXxwa5c97Rh+MKVwpt/ChW+lJmHUiDJpJWfRwNuiiqVWEUC0PJE4ZwRhpMtmggWzCwW9KwRbD+j4AskWRApggCqQolx0UXTuj9+VkUmS8pSBds2CkYOCA4s0d0Jd1GwYplKlYsElg8Q2DBzwK//lvHLxMFlr4XSPHSb6leM4OmzYtoy1hC557ldO5bMSAXSbMMK/bkptKdu4qu3DS5cWhyEDMU5sfmfKRzVyKdGYto2zYbYfvmTVSeOc6titOye5TIt3Puy9vOrbObLKVdc3Iu7wAvx7hnGR27TbnHtvnUb5pN7ZrpVKVPpiL5Ry4lfk3B3M8onDWJ/CnjOfPj2xz7/EX2jH+S9BdG8YWfK9XWQTRow+mwCadFF0mzIYomQxRtdvF02iXQ4ziC3wbfz62hT9IX9Bx9oS9B+CvyNfB5+vyeBt8nuOX1GLe9x3DT81H+HPIYNz0f5qbHQ/zh8RA33e/nD7f7+M11NNecR3F10Eh67BPodYinxz6OLkPMHeGQOQeR85CwAe4R3A+HdcAdYNRbB8jP2QTSaCNvHDarQmlWhVqcpF0XablhZ4cmgk5tuMVFzE7SYxttAcSsXttouvWRGLXhGLXhdGrCaB8QXrXaBNNkE0STTQiNVnK+VGcVSIXCjxLRh3zBnXMKN07buJGtdSJn6FB2xgazPdCDjGBvDnp6c9jejTy3QM5KrpyTPMiXhnBJOZQqqwDqNWHym5YuliZ9DBWqIApEL/LEIZwUnMkS9ewVdOwUNGwV1WwRVOwQNWSIGraLNmwX5OrWElFkqiDwvSSwWVBxQuHFUX0g06ysWSxZsVKwYbugJ0t0IUcaxC6dDQtmCcydLjD1R5GvPxP49wSBz15T8NZoiS1fjaMk6Weq1k+neWsibRnLMO5NwZidYqlqdeWspDt3lawD6RhzUjHmpMr5SHYy3VnL6dqbZEnQLeVeU4jVmbEIYUN6MnVnDtFXeYzbl3LgYja3C3Zy+9zWOzrn1w6lc+VAKt3Zy+nal0T77kT51JIdcnhVu2EW1aumUpH6C6XLvqNo4RdcmP0J+TM+4MLkf3Hq+zc5/OkL7HpvDCnPjuCzAFfOKn1osA6hWRVGszbCAkiHwzCM9sPocRzB724PcNvvKQh6DsJe/ltA/hzyKDc9H+UPj0f4ze1Bbrjdz2/uD/Cb+wNcHzyaG273cn3waK4OGskVpxH0Ogyj2yEeo10snbYxlhdw2x39j7C/ANKoCrIAYnaQequgOwGxDqLR+q+QmAEx6qJMkITRqQ23OIklJzGNlQzUQEA61KF0mMKr/wiIdRCVSn/KJXlC+pzozinFYM7oPchU2pLh4Eyusxv7rey4oHTlvNqLYpUPxaI3ecIQLln5UW0dQr0mlGZDFK22cbTaJtCgi6JY8iVPGMI5yZ1jgiN7pTsB2SzYsF1QkyH8FZApgsAPksBWUcNJpTfnbMOYI1mTKtqwXtCwU9CTIbmzS2HLfmc3fv3WiV++GcT3/3bks/dd+fS9QUx81ZlXH3bmsRAdZ5f8QMvqqdRvXEDztkQ6MvsrWsZsOayyQHIgvV85pl2RfTIgZjDMEVHn7iUYd8p7IkJa4lxazx3gVlkOfRdz6CvK5nbeDm6f2cKt43Jp1zy1OxCQjt1L5L2P7Quo3zyHmvUzqEyfTNmKnyhZ+i1FC78gb9bH5E2bQN7kf3Hi239y6JPnyHjnMZLHDuMTfxdyFO40KoJoUMlDgE36SJpto+l0HI7RfhjdDsP7AQl+3gLI7ZAX73QQ78f53f1hbno+ym9uD3Hd7X6uut7LVdd7ueIykquu93DFZZRlsrbXwdQ9t5e753cAMgCOgUn6QKeos/L/rwAxQ2IOt8y3ezY7SD8cd7rI/wZIuyrkL4A0WgfSYBVEg9LsaEFUWQVQofDjouBDvuTFKcmNUzpPciQ7jjl7cUTtwgmlM2es3Ck2BFKq8KNQ9KXEyp9adTjNmmia9ZG02sXQZhdPsyGeSlUoBZIP5wRPzigGc0SwI1Oh/VtAdgjqvwAy2QTIdknHCXEIZ9SBJClMVStRT6ZkxxaFga1KLYc941k64x0Sp73Nkulvs3TaeJZOe5elUyey6MdPWPLjv8mY8TVFS76nas1sGjYvpHXnMtr2JNGRlSw7yf50CyRduWn0HJSvRtMQY0/2Cnr2Jd9R5u3YnUj7zkV0mcIsYcWMKTSfyODWxSz6ivZwq2AnfXnb+CUJYNMAACAASURBVPP0Jm6eGNA5P5gmz72Y2vXtmUv6K1frZ1GzZhqVab9SlvQDFxO/pnDepxTMnEjelHc59/PbnPj6NXI/fJatbz7M0jGxfDLUlbWSgWrBh0ZlCPU2ITTqI2m1j6XTKQGjQzw9jsO44XYvt/ye4HbwcxDxCoS/RF/I8xAwFvyfpm/ok9z0eozfPB7mhvtDXHd/iMuD76fH5V66nUdjdBpBt/Mo+eownB7HEfQ4jqDTtn9zsFUbYRkzadEMdI+wO5JwS0hlFUSt0k8G5S43ubsMfDcg/SFWv6MMdBHzWIlZ3YYouvSRsuNowuhQh5pCrDCazQUE08+ss5Z3VmpVIVRbB1FiGiYsEL04L3hwVunOQcmZw1oPjincOC15cl7hQ7FiKBcVQylR+lFjHU6jNoYmXSxtdsNotU2g1X4YdfpoLln5kyd5cUr04LToSo5kxz5Bwy5Bxw5Ryw5Ry2bRmi2SDdslFRmiii2iNasFBcmiwFRR4DtRJFPQc1Ly5LjSh0PaILYJ9mwTNOwXHNkp6FlvpSJn2BOsXzqTDctmsWn5HLauWMy2lCVkpCeRmb6czHUryVqXwsFlMyhP+5XqdfNo2ryI1p3L6dibRmf2Soz7V9GVs5ru3DV05aZZ1J0jHyRnfrMfmIN07ZUX/swSUqf9TOOBVfyet4u+wkxuXcjg1rkt3Dwl3+fjxpFVlvCq13xiyZ6ltO5a3F+5WjONqlVTZPdY9h1Fi74gf87H5M/4gPOT3+HU9//kyOcvkf3+U2z8xwMsejSK7/zdmWNtTZnoSY0UQK0ykEZdBG32sXQ4xmN0iKfXaTi/ud/Hbf8nZSgGAuL/NPg/zW3fJ/hjyKP85vEw190e5Lrbg/8RkHb7BDochtFun0C7bQzttjG0GaJp0kfSqo+iVRVOm7q/gtVg3V+ZuiMXGeAm9dYB1CkDLbq7uvWfABkIyt2AdOsjZZng6NLLn9OuDaNNE0qrWi4CNKlDadCE0qAKpdYmmBpVCFU2wVSpgqmwDqTUyp+LSj8KFL5ckLw5I3lwSunJYXEwx0Q3Toue5Im+FEu+lCr85ZxQE02zPo4WQzytdsNosUug0S6eSnU4BZIPZ8UhnJI8OSG6sFcysFfUsFPQskPQsl3QsEW0YZtoww7Rhh2CDVtEa9YICpIF0QLILkHHSSsvTip8OKUPY4/Cle0KAxmCPRske3aLjhx670NWzpnO6nkzWL9oDhuXzGPTknlsSVrI1uWL2ZKewo7V6WStTuLksimUr5xG7cZ5tGYspyMzhfa9qRZIunPX9DtJzkpLpatrfwrGff0zWvLYiZxbd+xeQvvuJQhJP3xBzc5FXD+1jb783XLn/NwW/ji5wXQjnJVcPZh2xwx9x56ltOxcRMOWudRtmEX16mmUp/3KpaTvuZj4Dfnz/03erA+5MP19zv36Pxz7+lUOfPI8e/41hnUvj2b+g2F86+nEyrhgLkiuVCsDqZMCaVSF0qqPot0hji7HBC4PGsHvHvdz2/9JCH3hr4D4PWUB5Ib7Q1x3e5Br/wsgLY4JtDgm0GQfJ+c7+kia9JHUuMTTNfQhmm1jaVL1J+kDG4Z3j5yYE/a7w63/Vwfp0kVYAOka8LxRFyEPRmpDadbIzckGTSj1mlBqVGGUWwdToQqlXB1MhSaEcnUw5epQLqmCKbIOpFAVxAUrfwpsAjmvGMoZhRd5oi9FikDKrAKosgqkXhNGozaGVtsEWgzxNNklUG+Io0YXzUWrIM4KnpwSPTmh8OSY4EymoGO3qGanCY7tprxjh2BDhiCHV5tFa9aKSpIFkWmSyPeSgp2CluMKD84p/TirCiHXxostki3bRCeyJFcOD72X1Bnfs2Lqt6RM+460GT+wcuYvrJr1K2vmTGHNvMlsXjqHjYnzWZ80mz0Lp1Gc9C3la2bSuGkxrTuS6MhMucNFBsqYk26qaKXSmd1/FJAZkM7MpRZQhGkfT6Bo43x6jq3nz/Pb+fP8Fm6elpPz34/Iybl5Kco8Lty2O5GmHaaxknUzqFo5hfKUn7iY+DUXF3/Fhbkfkz/rQy5MeZ8zP77N0S9e5eBHL5D5zhjWvXgvs0eH8FXwYI588ggnRCfKJW9qJH9qrIJp0ETSaR+H0SGeK66j+MPzIW77jzU5yEsQPo6+kOcgUJ7gvek7ht+HPMrvno9w3e1Brrjez+XB91sgMTqPxOg8ks5BI2hxGkGz43Aa7OKpM0RTq4+iRhdJnSGaZod4GnRRNGojadJFyEUDdThNppzkzsQ9zNL3GDijdfe8VrM6jBZVOK3qCFrVEX9pGhp1UfLIiV5WryHWom5dNF062U069RG0acPkHo0uknp1KLXaCOp0kdRqI6jRRVJtuparQ6nSRVCli6BSHUaFOpRSdSiX1CEUqoLItw4gT+lHntKPfIUfRVYBVKhCqVWH06CJpFkXS6ttAk228TTp4qnVRFOqDuGc5MVJwZ2TgjunRA+yBDu2CxoyBLXJQTRsE9RsH6BNkpqtgooNoooUUWKOIPCjKLJZ0nJc4clpaShnNGEcMIRwQOnNaeVQDrrEsPmXb0iZ/D1JU75h6a9fkTTlG5ZP/Zbkad+TPO0nVs6ZwtoF01m/aCablsxh06KZHFwwmbKUn6heO4fm7XKHvWNvGsZ9KzHuW0n3/tV056zGeGANnbnpdOam0ZmbRsf+FHkc3jybtXe5ab4wkc49ixG+fOs1jq2YTGtOGr+f2cLNc5vlrcFjct+jP7zq3+Ft3bWYhm3zqN88h+q106lI+8XSGCxa+AUX5n7MhZmTOP/reE59/yZHPn+F3EnPkfHmQ6SNjWfGSH/SxsVzceGb7BLsKJDcKJd8qFL406AKpc0QTad9nAWQvoCxsoNEvgzh47gV9Ax9AU9z2/8pEyCPWEKsKy73cXnw/fS63icD4jKKDqfhtDkk0OIkQ9Jon0CDXSw1ukhq9VHyC0oTToNtDHWaCBq04TRqw2nWRtCoCZcLCH+Tmwx0FTMQA+ezWjThtGkiadNE0q69c8rXPLTYYxtrGVw092V67eLosY3FaJoGbjdvOeojadRHUqcLp04fRb0hmjp9FHWG6H5IDFHUGOS/qVIbTqU2nFJNKBdNgBTYBJJvHcAFK3+KrAMpUYdQqQ6jVhth6kHF0WwbT70hllptNOWqUPKVvpwSPDgpuHNCcOOU6MEe0ZatooYdgpoMc3glyGVeszaKKrYINqwXbEgRRBYICn4WJDYIKk4oh3BS8OGCbTTF9rHkS0FkecSy9ucvWTjtS5ZN/Y6kX79i2S9fkjzlG1Jm/EDarJ9ZOWcq6xfNZsuyBWxNWsj25MVsT1rEjiUzOJf4E2Vp02jcvJC2XUm070nFuG8lXdmr6MlZQ0/uWroOrsV4YBXGAyZITM3D/wjI+y8+R+a8r6nZmci1Exv448wm/ji1nhtHVnHjUH941Z3dv1LbnLGQui1zqN04i4pVUyhL+ZmLy+TKVf68zzg/+0POTXuf0z++w/FvXufQZy+R/f5Ytrw2mhVPRjFtuC/np7/K+RVvky6pOC46UCx5UC76UK8MlM+eso3hiusofvN4kNv+T3M7+Dn6wl/kdujz3A5+ltv+T3HL70l+936M3zwf5jePh7k2+AEuu9xLr+t99LreR7fzaNoGDafFaRjNjgk0OQyj2XE4jfYJ1NvGUKuPolYfRaUhkgpNGFWacKo1YdRqw2jQhtOkk2Gp18gf3x163Q1Emy7SAoZl/F0XTYcuWj6MzvSC77KLtYBw2T6ebtNSVY9jAj2mXXZzGbrdPpZW+1gabaNoto+h3jaKBvtoam2jqbOLka8mQGp0kVTrZVXpIqjUR1KmC6dYE0KROvgO5VsHUGwTJAOiCadGF0mDIZom23jq9LHU6KIp14ZTYO3HacUQjgmDOSa4cUxw47jozm7Rls2Cmm2Cih2ilq2ihs2Cms2iyqKNoorNgrUFkIWCgsmixGZBzUmlF+esAih0iCPPLpL9wfeS9PF4Fnz9CYu/+oRl337Kwm8+ZuE3H5P4/Wcsm/w1ydO+J23WZNYtnM2mxPlsSpzP5iUL2LpsMZsT57J1zvcUJn5D7dqZNG9dQMuuZAsksoOswXhgDV0HV1sAMR5Il3dGzAOMAwAx7k1EeHncGDb++BnlWxdx9Vg6Nwc0Bq8eTOPagTR6s5PpzpJLu+ap3frNc6haM5WK9J8oTf6Gi0u+JH/uJ5yfOYmzMz7g9K/vcfK7tzn25Ssc+OhZ9r73OOvHDSf18Rim3e/N0UUvk7fsXWZrFJwSHCkU3bkkeFOiCKDRJtR0WMNwfve4nz99HuWW35MQ8oK8ex74LLf8xvCHz6P87v0I1zwe4Lrng1xxu49e19F0u95jCa1anIZZAGm0l9XkMMwUZsVSZ4ijUh9NuTaSSn00FVr5nbdaG0GNKYxp0ETSqImk0RR6mUdRzGozRMtTybpImjXyQXLm44DMh8yZq2ZGuzi67OPptoun13Tc0GV7eXf98qARXHFJoMc5HuOgBDqchtHmkGBRs6PsfGbVGaJNiqVWH0OdIZYaQwzV+miqdFGUaSMo1UZQogmnWBVCoSqEAptgCmyCKbYJoVQbQbk+ihpdtOXr620TqLeLp1QTQoGNH2ekIRwXXDkquHJEcOGI4MRR0UmuWAkqtkpaGQyTNgk2Fm0Q5JmqtYINSyUF85QS060U7BHsOa4N4Jw6hNMuYRwKvZeZ773A7A9fYcGnb7DwszdZ8OmbzPn0n8z97A0WfP42id+MZ/E340n6YRKpv35G+pSvWDXtG1ZP/5bVM74lbfKXJP/0GZnzv6Aq5Vcq18ymZfsSORfJWkX3fjn/6MxdjTF3LcbcdRgPrMZ4YKUMSs4KOrOT7hhBMe5bjPD8c2NY/OF7FKyZSdeB5fx2fO0djcErOSl0m5ZK2nclykf6bJ1H3abZVK6aTFnqD1xa/hVFiz/nwpyPOT9zEqenjufUj29z/Bu5epUzaSw733qIjS+OIPGhMFb8YwR7pzzDodn/ZLqdkhzBQJ7owiVhCKWSH7WKQFo0EfQ4DuP64NHc9HqYW35P0uf3JLd8x/Cnzxh+83qY654PctX9fi673UuP62i6nEfR5TySLpdRdA4aQYfTcJodE0zuEU+DnSwzKLX6GGp00VRoIynTRFChi6JME0651uwm4dRoI6jXyvNhjaakvkX3v8i0ifh3cHTaxspwOCTQ6zBMhsJ86onzKC67jOSy63CMTvG0O8bT7jycVqdhlsJCk0M8TQ7x1NvFWACpt425A5Bq21iqDDFU6qOpso2lVBtBsU0IF9VhFKpCKFKHckkXYYGj0jaGWttYqvXR8lUXS7kmgiLrAM4pfTgpenBEcOGwRU4cEhzYIWrlkMrsHGYNcJCBgCSLCpIEBbMliR0KBwokP/INcRQ6xpEz6SVWf/0Sa398jXU//YP1P7/Oup/+wYYfZG36+Q22/Po2W355m21T3mXn9PHsnD6BXTPeZ/eMD9g98wMypo1n2+R32TXlXfIXfUrNmuk0bllA+67ldO5NpytbTtaNB9ZgzF1LZ85aOnNXmcKtVXTlptK1P7k/Wc9KomPPYoRnnn+Kn95+g5PLf6JtXyLXj66+4zify/tXWJoobTvlqd2GLXOp2TCTsvRfKFnxHcVLv6Bg4Wecn/Uh52ZM5Mzk/+HUD//kxFevcuizceRMGsuONx5g3XMJzL0vkF3fvkjuzH+SPft/mOKhZaug5qTgyCXBg3JpKHXKIJrV4XTZx3PFeSQ3PO7nD5/HuTnkYf7wfIjfPR6k13U0V9zuo8flHrpc5QOc2wYNp8NlJK1Ow2h2iJcTb9O7bb1tzB2A1NvK1ZlqbRRlmghKVGGUayMpUYdRogmlXBNGhSaMSk04tbpIGnRR1BsiLZAMlBmOVn0UrbpIy8Fy7froO5zD4h4mQHoGOEev8wi6nIfT4RhHh1MCrU7DaHKQwW50iKPRPo4Gu1jLtd42xvQ3xVJvG2dyw1iq7GKptI2hwhBNuT6KUm0EF1WhFNkEU2hykWJNGGW6SMr1UVQYoqnUy5LfIKIoUYeRb+PPSdGTY6I7hwUXDgjOHJJcOSg6kSPY3RlW/ZeALBUEpikl0hV6julCOGAYSsW0jzmdPJH8FR9xNukD8pIncmHFJC4kTyR/xSSLilI/oSj1U4rTPqU47ROK0z7uV/onFKV+RGHqRxQmf0jBsomULP+WmjXTad2+mI7dy+nMSseYvZLO3NV0DgBEhmQNXTnp8rh8dvKAOa0lCM8/9xTvvDyOrLlfULd1Fj25ydw4nM61gylczk3mcnYy3XuW0bl7iXzermnuqmrtNMrSf+Fi0rcULP6cC/M+4vysiZyf/j6nf3qLk9+9zrEvXubgR8+R9e7jbH5pJOljYkh+OYG85C84n/I1+alfMi/ei9WCNYcke4oEd6oV/tQqAu8Is664jOLa4Hu56jKKy4NGcHnQCIwOCXQ7Dcc4aDjtjgm0OcbTYBdNo30M9XbR1NtGUWcbZUnEa3SR1OljqNPFUKuLptrkHCWqMErV4RaVqEIpU4eZQq1IKrWR1OiiqNVFU2sIp84QQb0hgiZDNE2GaBr1UbQYzJJDrVZ9FO2GaDpsY+i0i6PTXpbRLo5uhwS6HYfR6RCP0TGBLqdhdA0aQbvTMFoc4ml1SqDZIb4fBJNbNNjH3hFe1duaFUe9bZzFQSoM0RY4SnQRFGvCKLAJJt8qkHzrIApVIVzUhnNRE06JLoJSgwyRGaRCm2DylEM5LQ3hqOjOEdGNw+JgDgkuHBGdyRXs2S3q2WZykE2iOTmXtVFQWbRetGGTqGa1qGK5oGC5Ssuhtx9hiaDmgFcoTQsnUrL6Q8pXfUrZyk+oWP0Z5as+tqhs1YeUrvqQslUfUrbq4wH6yPSc6d9XTpKVPomKlRMpSf2QwqUfU5n2Cw2bFtK6axnte9Joz0qnPXsVnTmr6cpZQ1fuarpy12DMWU1XziqM+9Mx7kuRd0v2Lce4NwnhhWef5JVxz7L+p0mUrZ9GT/Yyrh5cweWc5fTuT6IrcymduxJp3b6Ath0Ladw8h7oNM6lY9QtlqT9QvPQrChZ8yvnZEzk7fQJnprzHqR/+yfFvXuPQZ+PInTiWzLceZsPzCSx/JIxzs/6HqvXfU7npZ2o2/cjKJ6NJE6zZKxm4ILhRofCzOEiHIab/HddpOF328ZYzc9t0UbQbYmixi6bFNpoWuxhqdeHUGiKo0YdTow+nWmcKlbRylapSHUGFKlyWJoJSdThF1sGUqMIsKlWFUaGR4ajQRFCpi6JaG0WtNpoavfz962wjaTLEWNRsiLKo1RBNm2007XaxdJjK1WaZ/5ZuhwQ6nBLocIynzSFOzi9M4VOTfRyNdrHy1QTJwHCqX/2uUWsr5x41hhhKtRGU6SIp00VSpAoh3zpIBsQ6iAsmQMy6pIuQYVGHUawKocAqiHPKoZxWeHHMBMcR0Y3DwmAOCy4cFQaRK9iRIfS7x0ZRfQcgGwSVRWtFazYIKlYKKlKsVGQ9NZzz6f/i1L9fpSb9cwrT3qU49UNK02WVrfyIspUf9mvVxH4NfH7lJEpXfmBRWXq/StMmUJIykeKkSRQt/TfVa2bTsHUhHbtTad+TTse+VRhN+YjcQBzQH9m/is59qaZZrmS69iYhjHvuKV589imWfjGBovRf6Ny9kN79SfRkL5PPQTWd9tC6fQGt2xdQv3EWNeumU5b6AyXLv6Zo0WfkzZnEmRkTODNtPCd+fpsT373OkS9fJuejZ9k3/gkyXr+f1U9Hs3xMKNVpH1Ke/gEVqz+ics0n7H7rQZaIEltEDWeFwZSIPtQqAmlShdGqjeyP4e3i5NPWzf0IdTjNGrnCVKsKoUYdSrl1IBXqYCrUwZSpgihTBVFqFUSZdTClVkGU2oRSahNKiXUIl6yCuWgdQqFVEMXW8uNLNqGUqsIoV8sAlavDqdBGUqWJpEYTZek1yG4kl1kb7eQKk1lNtjKwrfaxtDnEybmESZ2O8XQ4xNHhEEerYxzNDrE0GKJoMsTQaAqXmuzj5HKzPkr+GSYgzBW3fsn5U40umipDDOXaSMq1kVxSh3FJHUahVRB5VoGcswrgjMKP09JQzir9ybMJIs8myOImBTbB5NsEccE6kHMKf05J3hwTPSxwmAE5JLhwSHAiW7BjuyQDsklQsVG8E4r/BMhGQU/NL29wKXk8ZSvfpyzlXcpS/kVRyvtcTJ3ApbT3uZT2PiVpE/uV/r5FpemTBuiuf0vrV0nKB6brBC4tm0hZyg/Ub5xL8/YltO9Opn1vCh370i1NRHOn3QyLMTvNNDYvDzIKL70wlnHPPsW0CW9xeul3NO+YS2/2MrqzlmLcm0jnrsW0bV9Ay9a58mmJm2ZRuXoKpcnfUrL0c/Lnf8i5mRM4O2M8Z6a+x/Gf3uTEd//g8Ocvsn/SWDLfeYRtr4wmfUwkez98lPwFr3Mx6Q2KlrxO0dK3OPLxEywURNaKNpwQnbkoeFMt+tNoE0qzKlye9DVVixptQqlVBFItyWFYrVUQlcoASiU/ypT+XJSGcknpR4mVP5eUflxU+lEs+VGs8KdY8qNAEUCB5E+B5E+h5E+RMpBCq0AKlUEUWQVz0UaGpOwuFzEDUqmWH1dp5J5DrakHUW+IsqjBEEWjIYpmuxha7GNpc4g3KY42hzha7GJpsY+lwTaaRrto6g2RNOijqTcBUauLpEYbIV//RtW6SKpM0FZpIqnURFKqjeCSOoyLqlAKFIEUKAPJk/w5q/DjtGIopyRfTkm+nFGYILEO4oJVIBes5Ot5ZQDnlP6ckYZyQvTiqOjBYXEwh03h1WHBlUOCMwcFJ7IEW7aZwqqNpibgQCjWD5SkYoOkZrWoZqduCOVL36d0+ftcWPkuBcvf5VLKB1Qkv8fFlPFcSptASdr7XEr9wKKS9H7dDYgMiUlp71t0KeV9StImUJI+ntIVH5Cf+DHVa2ZSv2kBrRnL6MiUIenMTpe1fyXduQPcZL8MSEfWcrqzliOMe2EsLzz/NF++8SL7Z31C2abpdO9dQteeRIyZi+nMWEDr1jnyrdS2zKRmwzQqV/1C0YrvKEj8ggtzP+L8nEmcnfYOp395ixPf/4NjX73M4U+fJ2fCE2S8dT+bnruH5CfCODPnRS4sfI2Cxa+Tv+gfFCx6k4KpLzBblFghSBwQDRQL3lSKcpjVoAymURlMo3UI9dbB1CoCqZT8KROHUiH5USb5mU7386VI9KFAku+DVyB4c0H05pwwhDzJ26LzYr/yRF8uSEPJV/iRrwigQBlIkclJSm1CKVeHyw6ikkMzc3hmvpbbhFChCqVSHWZp0lWZEvp6QzQNtrIrNNvG0mwbS6M+2tLYa7CN6W/y6aOoMZWUzapSh1GtCadSHSZ3w1Wh8s9Syb9TiSqMS1bBXLIOocgqmCJlEAXKQC5YBZInDuWc6Mtp0YdTCm9OSEM4LnlyQhrCCcmbM9JQzkoBnFcEkKcM5LwigHOSL2ckH05J3hwXPDgquHFYdCVXGkyu4MIBwYnDwiByBEd2CwbTzJWG9YIN6+7SGsHaolWCNRtENWtEK06/MIYLqZMoTX6HM2kfUJD6AYVpEylKn0Tpin9RsuK9v6h0xb8oS/kXZanjKU+bQHnqeMpTx1OWOoHy1PcpS5lA6YoJ8uf8jUpXTODS8gmULv+WmvVzad6WSPvOJDp2L6crK5WOrBQ6s9PumPo175N07lshO8iL455h3AtjGf/Ks2z/+QOKVk2hY9dCGY7di2jbNpeWLbPlW6ltmEr1ml8pT/uBkqRJ5M+ZQNHsD7kw9S3OTH6bUz+8zolvX+PIFy9y8ONnyf7X4+z4x32sGRvP1nfusYAh61XOL3yd4vmvMl0hskgQyBA1FAlelAq+VEr+VEsB1IoBVCsCKJf8KBV9uCh4UWRSoTCEfHEIF8QhnBPcOSd6ckpw45TgzknRnWPCYE4J7hadFj0tOi/49EMi+lMgBVBsFcxFq2BKTS5Spgqj3CaMMutQyqxDKbcJM8ERRpl1sAWSClUo5TYhlNuEUKkKpdoESp0ukkZ9tFwB00ZaHMJ8NZeRq9RhVKnDqFSFUqUOo8L0fcqs5BCxRBkoSxHMJatgy+9ZqAwkTxlAnujHOcmPM9JQTolDOCl6clT0+D+lnXlwVOeZr9/vSMJs2heQEIjNgJNU7j93qubWTd26dXOrUkm8gHG8xJlKnIzHibN5d2xsjNkxIHYkAUK7WvvWWlrqRa21tW8ttZZuCRACbHBqKpkkvmOW5/5xTrdagJPMzB9PqVuou6uo8/Tvfd/vO+fQpiXrjbYk0apW0apW0a5ScKl1dGnr6A5ZT5e2ji7jNW0qmRZZhVMlYddW0BSykia1ApuKw67iaFKxVEuE3msofTqVd58U2RIWIFPC9BJryTJ8Z3/NyLmfMHnmR4xmvoTn/E/wnH+J8Qsv6QmS+QpjmT9nNPOVAJ6L/vJqvt/wP9eT41XGLr66oNxaUKJd/BUT2b9mJO01JrL2cqXoKDcqTvFp5Vk+rz3PrXpdEL8knzdlBc5KvNlg9CDP/mArz2x/kheffpzcd/+Z/vMfc61cv9T8p1XHuF56mOulh5k1HeBS/m682TuZOP8eYyffZbQyh9keJ62pO+j5+Cd07niRjvdewP7G0zT98nHqfvp/KXv2W1z83n/Dte/5gBy6KM/Re+IFRs68yLGIpRxRgkn0e0d4ZD2T2ka8aqN+91ttI+OyXr81tFrDoCQzKMkMafrJQF2yki5Jol1W0KES9UUttRKHJNAuKwN0yKoAvbI2IMmwepQRbROjoVsYMwTx9yrjYV/DE/oYYyFb8IQ+FnjuNm4U4wndfN9BvImJsC34lnyDmaXfZGbxN5hZ/A2mH/n6AgkCKbH467psix5j6pGv4Vuibzz0Lv4646GbGQvZxFjIJv2zQrbgDtnMoHqU4F50FAAAF99JREFUQfUoA6Gb6FEb6FEbDDnW02aI4JBEHCoJhyRil5U4JJFmlUirSqZdpdCpVuPSdDE6VbIxzk3EKfprbSoBi7YSi0qgScViU3E0SAxVKpwSWYJJWxJIiWApLkpogCwVQqE8QvO3v4XPdobpxgwmGtOZNB/HW3eCiZpjjFenMlO5G1/5LrylHzFu2hFgrOA9xgrew1P4PqP5v2Mk7x2d3HcYyXuX4dx3GM59Z/73ee/gzns/gKfwA9x5bzOav5ORs+8znbOP6yWpXC89yc2qdD4zZ/B5/QVuWjLnRbk/QZ7/wVae3f4kP9z6FKmvvkTLiTeZKT6kXxeo4jBzxQe4UriX6dxdTGXvYOri+4ynv83YyZ3cvvt7Lo2OcWlykNYLR2nf+VNcbz+H842tNPzLd6h/6f9Q9Mw/Uvzc/6D32Iv0H/9hgL7j/8RA6rMMHP8R6eujOC0hpEkY3RLHkCQzIevwyHo8sh63pDAsq+mTxCAS6JEEOlQ8LRJDi0TTItE4VTTNKjaATcXQLDE4JRanJNCmEulUybhUMt3aGvrVOgY0/YBzh2xmLGQL42FfY2LR13UZwr6GO+wxhkL0g3XUOFiHjN5Gv5vSPMMheu/jCXuUibDNTIRtYSJsC5OGBPczEbaFUe1RJhY9tkA2vxRutZFhtYFBbQPD2gYG1Dp61Vp6tBS61Br9IJfVemmkknGoJOyyElsQdpWIQ+kHf5sk034fbUp/bauswqrFYdX0tPA/tmpx2FQcdWLsv1JLKZTFgcTIlTCyDDJVGOcllHMqlDQVRpFawu+rzdzyuPjc08WtMRe3Rl3cGu3kpruDm+4Obg23cmu4lZtDLdwacXJzyMGng3Y+G2ji0/5GbvRZuNZTy9XuGmZdVVzuqGSmrRxfSwlTzcV47CZGrQWMNOYx1JDNQF0W/eZM+mpz6DVn01OTRXdZBpMXdjOeu5e50tP6KntNhp4kdef103XrLwQSRE+RIEGefepxfvfSs1j2/5aJnF1cLzvIp2UHuWbaw9X8j5nJ/pCpi+8zee5dRk+/zmDqm/RWpFOfd56udiszUx5GHA2Y9/6Gxp8/hePl71D+w/9N/uPfxPb64/SlPrdAkK6TP2Lo6HN0H3uegv+5iTMSykkJoSk0lh5Zidu4T/qIIcegJNErKwN0SywuFUuLRONQUdiDsMo8jRKFTaJxSDROiafNSBKXSqZbrTH6kY0LBPGXU57QxxgL3cJI6BYGtU0MhWzUV4A1/f57A2o9w2oDA2rtPNpaBrV1jGj6eRZutTFwW7Kvwq02Mh62ZUFauNVGRmSD8f7r6Vfr6VX6nWc7ZTUdsoo2mR/FOiQRu0qkSeJplDiaJH4BVpWgy2KkSfCUqtl4vUMSA3Lcj1XFUiMRlCj9zEGT0XPkGyVWtiHIeQklXTTSVAhnQhaRIWH8aaCba71WrvXamOvRudbrYK7HzlyPnWvd1gBXemwLmO21M9ffzGyvndleO1f77Fztc3BtoJm5fp2rw64AsyMuZod1ZoY6mB5sx9vfynh/B715B5nL28dsUSpzZSeMcus0N2vS9CujGFdHCVCfNi/I9m3f49UfbqX8vV8wfPYtZk17uGbazeXcD5nOep/J8+/gSXsL96nXGEr9FUNHXqb74Mu4cj+hOucUtioTziYLg119NJ0/Rs2/fJfKZ75F1lP/QNfRV+k9+zN6zr4SoCXjF/Sf+mecp35GzfPf5pQK5bjSKA2JwCXxDEkS/SqZIUlmUBLpUysWCOKSaDokGqeKxCbzWCWSJomaR0VjlWjsKoZmiaNVVtBhbNvuktX0Sgp9soEB2choqF5GBeMO2cxwyGYG1EYGtPmDtVtS6JW19Ms6+mRNgB61hj6VQr+kMChrGRJdomGl35rMj/+5P4X8LEgO0T+vT9bRo9bhUsm0i95TOGUFDlmBTSVglwRsKoFGiadexVAn0dSrGBpUDA2iY1GxNKi4gCwOtWIBdtHfxy9Eo8Q8IEm1iqBI6avlRcZeq0K1mAK1mBy1iCwJI0NCOCsaZ0TjvFrEBW0R17uczDnNzLSYmWmpYdpZg7fZjLfZzJSjBq+jiil7JZO2Cny2Eny2Yny2YqZspXjtZXjtZUw3VzDdXIGvuQKfo5zp5gpmnJVcaqnicmsVV1qrudxaxeUOM1dctVztquNqTwNXexuY62vkWn89V4btDJz6mJncfVw1HeZG6TFulB3n08qTfFZ1is+qTvF5bUaAW7VnkRee3cZzzzzFtm1P8tL2J8h6+8e4jv+G6ax38GV/gPfCO4ylv8XI2bfoO/krBo79gt59LzFw5GUG9/2Mjl0/o+3cTjqt1VRXF9HX1cFAfzfu1ibKX3mRkp8/haPgELacg1izdmPL3oc95wDNWYewZx2iKfsQ5o9+y0VZxjGluBAaRYuWQJfE0aPF06+tNORIWIBLVtAusTRLFFYViVVF0iT6JWjqJZwGFUGDiqDJuM+eXeJwaLG0SHygH3HJarpVSiANRrT5vsITulk/SLVNDMhG+tVG+o2DtU/W4ZIUukR/bZ9KoUet0UseWY1LVtMja+iVNfRoKfSpFAbUWoZkHSOyAbfaGOhh9KR4lFFtM261ibGgsmpAW0+fSqFbJeNSSbRKki6CiqVJRWNRUdSrKBq0WOpVDPUqhmqJDFArUdRJNHUSTa1EY1aR+t+rKCxadACbigtg0aJpMP6m3qBJRdOkYgKC+Dci+pv0LAnjgoSSpkI4LSpAhtI4ry1jrqUZn7MGn8OM117DlK2KSVsFE9ZyJqzlTDWWMGkpDjDRUPQA4/UFjNcX4KnLDzz2M2kxMWkxMdVYhNdahs9WzrS9Aq+jgmlnFZdaa7jUUcNkex0z5hzc6R/gK9zPbNEn3Cg+yrXyk9yoPM0NI038fFZzOliQJ3hh6xMc/cXz2A6+ynj6G0yee5vhU7/GffKXjBx9mdFDL9G976f0HXuDadNBPi0/xvWKE1ytO89wQwkZR/dTfPEik1NDjHrHGenuwJGZQX/RaQaKz9FddIKWwrNYTFnUF+dRV5SNxXSBpoyjnNaWc0ZCOCOLadTi6JQ4ulUcPRIfREKAvyWIX5L/jCD+b/FRozfplw30iV5W9cpaemUtXWot3cbjXiM59PIn2UinZLpltZFSeroMy3pGZMMDaREsiMfodUa0jfRr6+jRUnCpVXQY2z2sEku9RGKRKOokErOKpEZFGVJEUBVEtUQECRNBtYqgRkVSK5GBg18XICZAQA6JpE4iqZdIGiWKRhVDlYqg0EiPXFlEtiziolFWpUkIp0XjhEiADKW4uCiCudZmvM5qfA4zU7ZqJoMEGW8qWyDGeL2J8XoTnrrCBYzV5jFqzn0oY7V5jNXm4anLZ6yukPGGIiYsxXgaixlvKmHSVsaMpQyfsxKvs5ThzIP4zu3mcvY+ZksOca00letlqVwrTeVG5al5Ko4FC/I4z2x9gnd/9CS5b/yQ7k9ewZf+JqMnXqb78Cu0HXmNtuM7uO22cc/bwu0RC3/pr+aPrhL+0mHiT90VeForqcxJw3TqGMM9XYyPDzLu7qe3JJvZ0lN8Xp3G1dKTTOYfxpV/nFZTOo2ludQXXSQ9PIksWczJkDBqtGjaJJYuiaFTonGpGB2JD+KrBamT5QFJ/qOCBJc4ejP+8ATpCVlPj1oXEKTbSI42STQGAUm41Cq6lZ4k/ZISSA+/HP5m3K02MRayhVFtM+Ohm/XPlfX0ylpcspp2SaJVVmKTOBpUFGZZTq1EUCMRVEl44IIJgdNev5JwqiScGonArCID+P+v9C8VXY56iaRWIqgzBLFINOUqnHx5hAJZRKaE6s24UVKdFOGYEo7LPOmiyF0Sw7U2J97maiM9qpm0Vgbk8AuyMC0eLsjfkuR+QcabSpiwljJhLWXKUc2EzcS4o5QJq4mB9N1cvriHmYI9XCs6xI2SwzplqfOUHEaee3YbP3jmKZ7e/iRPP/EdXn1uO6deeQbzjn/CkbaXC0f2MtFax60hW+DK73cn7HzptnDb3cg9dxP3Rix80VvG5+3FTNVfoCrvDDmpB+hy1DM+6WbcM8BwYwMTmUe4WXmcufJUfKb9+M7vZjjrE1xlaWR8879TLlGcXBRCsRZJi4qjS2JoVTG0qRg6VSydEoNLYnFJLO0STYtEYZN5MSwSjkXCqZPl1MlyGlQEVqNHaZYoWmSF0YPo5zd0qmS61Bq6tNX0amsYkrXGNGoTQ8YodTCoB+jVdCm6Za3+Oj+ShEsl0aF0Odq0JNq0JNpVIi5JokdWz5dZai0jap0uSsgm3GojY9qjeEI26XKozQzLBnplDS7/VnO1EpvEY1F6auhiLAvsqK2UcMpkOSWy7IHdtaVqKeWylEq1jCqZpzqIWln+UOoknHoVToOml6vVajl5EsZFbVGgGT8jihN+KTTFMSUB0kTIW57AdLuZabteXk1aq3SCEmTCUsx4QxGeetOCFPFL8dfEeFiCeOpNCxJEl6ScSVuFjrWMyYpsRjN2MZOzgyuFB5krPszVok+4XnqYueJDzBUf4rpp/7wg259+km3bvstPf7CVo794DmtJIY6qcu5c6ueOz8Vtj517U+3cnWzhzoSDu5MO7k02c2/Mxp0hC//uquAvHWX8a7OJSXMOdUVnSDuyi8aaIqa9I4yND+Dp7qHz7BGu5+3HV/wxV3J3cTVXP599Yv9bZK5aTaYspkTCqZNl2LQo48COpl3F0CE6nervF6RRgiWJo0XiaZP4BwTpUbog/slRf0CMNYGFtGApXMao2KWS6TDWWfQTinT5/HRKIl2STI+RIkOylmHjc/yTquCeZETbyIC2ni5tNW0qEZvEYpVYLBJNvUQFUiNYkDJZTqlaTrFaRpFasoASWaL/jVqYJsGy1MjyhxIQRYVTp8KpVsvJl0WBUa5fkJOiOG4kyNEgzoqQ90gsV5w1TDv+PkGCS6z/iCCeuvwHEmTMUhQkybwgHkc5Pmcl/Rn7mD73ITM5u7mSv4/Zgv1cKz7AXNF+Zgv3cq1g97wgP3j6SbZt/z4vbP8+O15/jf2/e52/TLTAlT5uT7Vz29vBnckO7nk7uOttBV8b+Nq4N97MbbeVfx+s54vuCv6trYA/tBYwas7EWnCW86kfY867wMhQD57xETwDvXTmpDGVuQtv9kd4M3cwk/MRvqK9zObsYWLvr6n+x3+gfHE0dk0vnRwShVOiaDNEaVcxf7cgCyRRMTgkBqeKXSCISyXTo1YzKCkMGlOpbrWGLllNp6yiXa2iVSXRLkl0qmQ6VTLtKnEBrbISp3pQkDZZSafon6NPtlICggzJOoZlPUPaBgbVBgZlPX3aWl0OScSh4vXyRoum1iiLqiScClm+QJASWUaxWkahLKVQLV6ASS3Wk+Q+gmXxl2j3E5w2ZllOjRZOgTzCBaO88gtySmkcFyFVhMNqnuNKyJdwrjVV/t0JElxe/b2CBIviNuczWlvAWF0how0mRhtMhiileBpL9c9rKmfEVs6UxcRQ2i58mR8wk7WTK7kfM1ewm2uFe7iS+xGz2R/OC/LM9id5etvjbH3qe5ze+xE9pjT+OGrjjs8Fl3physW9qVaY6YLLvdyb7uCer4Xbkw6+HLfz5aid/zfUwB+7q/hDRwn/2lLAXF0aTtMZMk5+RNbZQ7g67Yy6B/CMDNNebKLr6FtMnv41Exd2MJG5k7miI9wsPsxs8WEuZe2hcfu3qVschV2LxKyWYw2NxiUxtITG0ibRtEo0zRJFk4qkQUVQp8IXfPPVGr1Ik0TQJBFBpVY0LVocbdoKOrUkY01kNX1qjSHHalyGCG1qlb46bVyswI9fAD015mmVFbQtYCUdKhGXSgr0IkOy1pDRz1r6JYVe0dOpQyVjlwSsEkOTig5MlMz+nsPoO/xbzk1qGSa/IEGYlL7ibdKWUKTNJ0lZ0Dkcwc/1RcAHRdEFWUaDiqBIFpOuzfcepw05DotwQAmfyDxH5REytSXcaGhgqrlywTjXL4ensTQgx9iCnqPgoWK4a3L+Oub8gCQjdTru+kJGG4oZs5QwZikJiDLeVIbHXIA7bSe+C7/Dm/kRV7J3cTVvF5ezP2Dm3LsPF+Slp76Lz1LIn8ds3Jt2wbSLe5PtuiDTLrjUw73pTu752rgz1cLtSSd3JloDkvy5z8wfOsv5vTOfuYZM2k1nyDtxkPRje2lpqmbCPYB7sJ/+JjPWQ+8ymfY242mvMZ2zk5mSw3xacZzLZUe4mrOfK5l7cP14G7ZHommXGFpUNHZNTw+nRGGXSBrvEySYeiNVmowUsYtetjlVLK3GLY4DDbWsokdWGVOjJNpVEm0qiVZJpFUSjQsX6LSoBJySQLPE45SEAPcLEyyIf41kQFIWLC72GU1+l9ITq1VW6nufJBpLUMP8XxXk/hR5mCDlQZT5+xdZSpUspVaWUyJLAs35GdE4qRSpIhwSYZ8o9gdxQMK4qBZz2VLHlKMyIMffEkSXo2CBFP6fI9XZf52avIAkw7U6uiRFjDYUPyiKtZT+nMN4T72HL3MHly5+yOXsD5jO/B3e9DcfLsibP36evsJT/L6nUpdisoV7Y83cnWzRZZnp5t50F/g6uTPZzp2pdu56O7k72cbdCSdfuO18MdjIH7ur+beOEm7aCugynSD/xG7OHd5JbXkuntFB3MMjeNqbsaTuZPT0u3jTX2c852Nmiz7havlRrphPcMN0GN+FXYzt/y0liyNwSBQ2LQqHsTDYJBFYjHtU1MpyqmXZA/V1nYTTIOH39SMxtKp4fe+WSqBDraBTVuBSK+lQK2hVCbSoBFoNWiQeu8QFcGix2FXMAzgknmZJCBAsiD4106dafSolQKckzu8hM867sEo0jUqfIPlHrv8VQUzawt7kqwQpfQjlRilWLcsoV0vJklDSVQgnRXFMhCOiOCAae0VjdxC7QkIpVOF4HRa898nxVYLMy5H/0MR4mBTDVVkBRmryApIMmfMYMucZkphw1xctYLShGLelmClLCX1ndjGe9gYT6W/hOfsao2d+hSftN8FN+hNs2/p9tj71PV5+5klsafu40VHMl2N2bo/ZuT1q495UO/g6YdrFXd88d7wu7npd3PN2cs/byd3Jdr4ca+a2x8kXbit/dlXwWWMG/fnHKEn9gFMHdlCWm85wVwtjwwMMd3dgP3MQz7G3uJTxOt6cXXjz9zFb+glX8vdxOX8fVzI/pueXL2JTETTIchpVhNF7zPccZllGzX2C1Br/Vh8siUTgULE4VRxtKoE2SaBdEugwaJd4WiTOuIJHAk6Jp1nF06SCV+ijaJJIgxisEotdYrEZ2zJsEotDGUMBtYJ2bSUutYoug27Rf7rUKtrUCpwqAZuKp1GLo1GLpTGwNqGXWPPTK12QMrWUYuNgN8nDeVg/4sd/WmxxYOKl9yrFap6ioMelaikV2jIq1DKK5BHStBCOKUWqKA4qxV7R2KVC2KkUu40LxH0QpmF+ZBWzzY147TWM26sYt1Uw0Vi6QBBPQxGj9SbcdQWM1uXjrs3TeYgQw1VZDFVmMVSZHcTFAMNVOQxX5zJSnYu7OouR6lyGqgsYqsnGXZeHu74Ad0OxLkxdAeN1BYyXZzCavYuJs79k6tybTJ1/k6nzbzB17rWHC/LCk9+j/JP3mXUU8sVwE7fHHHw5atfl8HXqjbqvk7vTXdyd7uKOz8U9bxBT7dyZaNUTZdTOnzrKuFV7lqslh+nP2k/p0fc4+tFvyTp7iM42K+7hfiYG+3FmnaHj8LtMnX8HX/ZOfAUHuJS7h0u5e7ict5fL2Xuxf/d/YVPLaJFIXQ61nFrRSys9PRZOaMxBY8zgcsumYnBosThVLG1aAm3aCh2VQLvE4ZRYY5Ojnhw2FUeTigwMAhqNwUCjRNBgbMuwSixW46C2SXRg3aVV6e/fKYkB/GPhVlmJU+KwG9Mqu/HYZryXVYsJCFKtIoJGuvoBXHjfCUvB52bcL8gCWYJeUxzE/VOwoiBRApLIUtKMSVWqKA4ojY9FsVNC+FApdhmC7NEUVVEbudppwWurwttUhbehlDFr2QJBxixFuOsL9VKoNhd3bS4j5pyHJoQuwlcL4v/dcFUOQ7VZDNZkM1iTz0CtiQFzIYPmAtzmXMaq0hnL389wxruMpb3ORPrreM+/iffCm/gy38J74U2mL7zF/wciavvuP1UD6gAAAABJRU5ErkJggg==','1',51,'2016-06-09 19:27:56',51,'2016-06-09 19:29:29','0000-00-00 00:00:00');

/*Table structure for table `pat_patient_address` */

DROP TABLE IF EXISTS `pat_patient_address`;

CREATE TABLE `pat_patient_address` (
  `addr_id` int(11) NOT NULL AUTO_INCREMENT,
  `patient_id` int(11) NOT NULL,
  `addr_current_address` text,
  `addr_country_id` int(11) DEFAULT NULL,
  `addr_state_id` int(11) DEFAULT NULL,
  `addr_city_id` int(11) DEFAULT NULL,
  `addr_zip` varchar(10) DEFAULT NULL,
  `addr_perm_address` text,
  `addr_perm_country_id` int(11) DEFAULT NULL,
  `addr_perm_state_id` int(11) DEFAULT NULL,
  `addr_perm_city_id` int(11) DEFAULT NULL,
  `addr_perm_zip` varchar(10) DEFAULT NULL,
  `created_by` int(11) NOT NULL,
  `created_at` timestamp NOT NULL DEFAULT CURRENT_TIMESTAMP,
  `modified_by` int(11) DEFAULT NULL,
  `modified_at` timestamp NULL DEFAULT NULL,
  `deleted_at` timestamp NULL DEFAULT '0000-00-00 00:00:00',
  PRIMARY KEY (`addr_id`),
  KEY `FK_pat_addr_address_patient` (`patient_id`),
  KEY `FK_pat_patient_address_country` (`addr_country_id`),
  KEY `FK_pat_patient_address_state` (`addr_state_id`),
  KEY `FK_pat_patient_address_city` (`addr_city_id`),
  KEY `FK_pat_patient_address_perm_country` (`addr_perm_country_id`),
  KEY `FK_pat_patient_address_perm_state` (`addr_perm_state_id`),
  KEY `FK_pat_patient_address_perm_city` (`addr_perm_city_id`),
  CONSTRAINT `FK_pat_addr_address_patient` FOREIGN KEY (`patient_id`) REFERENCES `pat_patient` (`patient_id`) ON DELETE CASCADE ON UPDATE CASCADE,
  CONSTRAINT `FK_pat_patient_address_city` FOREIGN KEY (`addr_city_id`) REFERENCES `co_master_city` (`city_id`) ON DELETE SET NULL ON UPDATE CASCADE,
  CONSTRAINT `FK_pat_patient_address_country` FOREIGN KEY (`addr_country_id`) REFERENCES `co_master_country` (`country_id`) ON DELETE SET NULL ON UPDATE CASCADE,
  CONSTRAINT `FK_pat_patient_address_perm_city` FOREIGN KEY (`addr_perm_city_id`) REFERENCES `co_master_city` (`city_id`) ON DELETE SET NULL ON UPDATE CASCADE,
  CONSTRAINT `FK_pat_patient_address_perm_country` FOREIGN KEY (`addr_perm_country_id`) REFERENCES `co_master_country` (`country_id`) ON DELETE SET NULL ON UPDATE CASCADE,
  CONSTRAINT `FK_pat_patient_address_perm_state` FOREIGN KEY (`addr_perm_state_id`) REFERENCES `co_master_state` (`state_id`) ON DELETE SET NULL ON UPDATE CASCADE,
  CONSTRAINT `FK_pat_patient_address_state` FOREIGN KEY (`addr_state_id`) REFERENCES `co_master_state` (`state_id`) ON DELETE SET NULL ON UPDATE CASCADE
) ENGINE=InnoDB AUTO_INCREMENT=54 DEFAULT CHARSET=latin1;

/*Data for the table `pat_patient_address` */

insert  into `pat_patient_address`(`addr_id`,`patient_id`,`addr_current_address`,`addr_country_id`,`addr_state_id`,`addr_city_id`,`addr_zip`,`addr_perm_address`,`addr_perm_country_id`,`addr_perm_state_id`,`addr_perm_city_id`,`addr_perm_zip`,`created_by`,`created_at`,`modified_by`,`modified_at`,`deleted_at`) values (52,80,NULL,NULL,NULL,NULL,NULL,NULL,NULL,NULL,NULL,NULL,51,'2016-06-04 19:04:52',51,'2016-06-04 19:04:52','0000-00-00 00:00:00'),(53,82,'aaaaa',7,8,1,'625002','aaaaa',7,8,1,'625002',51,'2016-06-07 12:15:18',51,'2016-06-07 17:56:26','0000-00-00 00:00:00');

/*Table structure for table `pat_patient_casesheet` */

DROP TABLE IF EXISTS `pat_patient_casesheet`;

CREATE TABLE `pat_patient_casesheet` (
  `casesheet_id` int(11) NOT NULL AUTO_INCREMENT,
  `tenant_id` int(11) NOT NULL,
  `patient_id` int(11) NOT NULL,
  `casesheet_no` varchar(50) NOT NULL,
  `start_date` date NOT NULL,
  `end_date` date DEFAULT NULL,
  `status` enum('0','1') DEFAULT '1',
  `created_by` int(11) NOT NULL,
  `created_at` timestamp NOT NULL DEFAULT CURRENT_TIMESTAMP,
  `modified_by` int(11) DEFAULT NULL,
  `modified_at` timestamp NULL DEFAULT NULL,
  `deleted_at` timestamp NULL DEFAULT '0000-00-00 00:00:00',
  PRIMARY KEY (`casesheet_id`),
  UNIQUE KEY `PatPatientCasesheetUnique` (`tenant_id`,`patient_id`,`casesheet_no`),
  KEY `FK_pat_patient_casesheet_patient` (`patient_id`),
  CONSTRAINT `FK_pat_patient_casesheet_patient` FOREIGN KEY (`patient_id`) REFERENCES `pat_patient` (`patient_id`) ON DELETE CASCADE ON UPDATE CASCADE,
  CONSTRAINT `FK_pat_patient_casesheet_tenant` FOREIGN KEY (`tenant_id`) REFERENCES `co_tenant` (`tenant_id`) ON DELETE CASCADE ON UPDATE CASCADE
) ENGINE=InnoDB AUTO_INCREMENT=3 DEFAULT CHARSET=latin1;

/*Data for the table `pat_patient_casesheet` */

insert  into `pat_patient_casesheet`(`casesheet_id`,`tenant_id`,`patient_id`,`casesheet_no`,`start_date`,`end_date`,`status`,`created_by`,`created_at`,`modified_by`,`modified_at`,`deleted_at`) values (1,60,82,'1122','2016-06-07',NULL,'1',51,'2016-06-07 18:00:37',51,'2016-06-07 18:00:37','0000-00-00 00:00:00'),(2,60,87,'8888','2016-06-09',NULL,'1',51,'2016-06-09 19:11:22',51,'2016-06-09 19:11:22','0000-00-00 00:00:00');

/*Table structure for table `pat_prescription` */

DROP TABLE IF EXISTS `pat_prescription`;

CREATE TABLE `pat_prescription` (
  `pres_id` int(11) NOT NULL AUTO_INCREMENT,
  `tenant_id` int(11) NOT NULL,
  `encounter_id` int(11) NOT NULL,
  `patient_id` int(11) NOT NULL,
  `pres_date` datetime NOT NULL,
  `consultant_id` int(11) NOT NULL,
  `number_of_days` smallint(6) DEFAULT NULL,
  `notes` text,
  `next_visit` date DEFAULT NULL,
  `status` enum('0','1') DEFAULT '1',
  `created_by` int(11) NOT NULL,
  `created_at` timestamp NOT NULL DEFAULT CURRENT_TIMESTAMP,
  `modified_by` int(11) DEFAULT NULL,
  `modified_at` timestamp NULL DEFAULT NULL,
  `deleted_at` timestamp NULL DEFAULT '0000-00-00 00:00:00',
  PRIMARY KEY (`pres_id`),
  KEY `FK_pat_prescription_tenant` (`tenant_id`),
  KEY `FK_pat_prescription_patient` (`patient_id`),
  KEY `FK_pat_prescription_encounter` (`encounter_id`),
  CONSTRAINT `FK_pat_prescription_encounter` FOREIGN KEY (`encounter_id`) REFERENCES `pat_encounter` (`encounter_id`) ON DELETE CASCADE ON UPDATE CASCADE,
  CONSTRAINT `FK_pat_prescription_patient` FOREIGN KEY (`patient_id`) REFERENCES `pat_patient` (`patient_id`) ON DELETE CASCADE ON UPDATE CASCADE,
  CONSTRAINT `FK_pat_prescription_tenant` FOREIGN KEY (`tenant_id`) REFERENCES `co_tenant` (`tenant_id`) ON DELETE CASCADE ON UPDATE CASCADE
) ENGINE=InnoDB DEFAULT CHARSET=latin1;

/*Data for the table `pat_prescription` */

/*Table structure for table `pat_prescription_favourite` */

DROP TABLE IF EXISTS `pat_prescription_favourite`;

CREATE TABLE `pat_prescription_favourite` (
  `pres_fav_id` int(11) NOT NULL AUTO_INCREMENT,
  `tenant_id` int(11) NOT NULL,
  `encounter_id` int(11) NOT NULL,
  `patient_id` int(11) NOT NULL,
  `product_id` int(11) NOT NULL,
  `product_name` varchar(255) NOT NULL,
  `generic_id` int(11) NOT NULL,
  `drug_class_id` int(11) NOT NULL,
  `consultant_id` int(11) NOT NULL,
  `pres_id` int(11) NOT NULL,
  `status` enum('0','1') DEFAULT '1',
  `created_by` int(11) NOT NULL,
  `created_at` timestamp NOT NULL DEFAULT CURRENT_TIMESTAMP,
  `modified_by` int(11) DEFAULT NULL,
  `modified_at` timestamp NULL DEFAULT NULL,
  `deleted_at` timestamp NULL DEFAULT '0000-00-00 00:00:00',
  PRIMARY KEY (`pres_fav_id`),
  KEY `FK_pat_prescription_favourite_tenant` (`tenant_id`),
  KEY `FK_pat_prescription_favourite_encounter` (`encounter_id`),
  KEY `FK_pat_prescription_favourite_product` (`product_id`),
  KEY `FK_pat_prescription_favourite_generic` (`generic_id`),
  KEY `FK_pat_prescription_favourite_drug_class` (`drug_class_id`),
  KEY `FK_pat_prescription_favourite_consultant` (`consultant_id`),
  KEY `FK_pat_prescription_favourite_prescription` (`pres_id`),
  CONSTRAINT `FK_pat_prescription_favourite_consultant` FOREIGN KEY (`consultant_id`) REFERENCES `co_user` (`user_id`) ON DELETE CASCADE ON UPDATE CASCADE,
  CONSTRAINT `FK_pat_prescription_favourite_drug_class` FOREIGN KEY (`drug_class_id`) REFERENCES `pha_drug_class` (`drug_class_id`) ON DELETE CASCADE ON UPDATE CASCADE,
  CONSTRAINT `FK_pat_prescription_favourite_encounter` FOREIGN KEY (`encounter_id`) REFERENCES `pat_encounter` (`encounter_id`) ON DELETE CASCADE ON UPDATE CASCADE,
  CONSTRAINT `FK_pat_prescription_favourite_generic` FOREIGN KEY (`generic_id`) REFERENCES `pha_generic` (`generic_id`) ON DELETE CASCADE ON UPDATE CASCADE,
  CONSTRAINT `FK_pat_prescription_favourite_prescription` FOREIGN KEY (`pres_id`) REFERENCES `pat_prescription` (`pres_id`) ON DELETE CASCADE ON UPDATE CASCADE,
  CONSTRAINT `FK_pat_prescription_favourite_product` FOREIGN KEY (`product_id`) REFERENCES `pha_product` (`product_id`) ON DELETE CASCADE ON UPDATE CASCADE,
  CONSTRAINT `FK_pat_prescription_favourite_tenant` FOREIGN KEY (`tenant_id`) REFERENCES `co_tenant` (`tenant_id`) ON DELETE CASCADE ON UPDATE CASCADE
) ENGINE=InnoDB DEFAULT CHARSET=latin1;

/*Data for the table `pat_prescription_favourite` */

/*Table structure for table `pat_prescription_frequency` */

DROP TABLE IF EXISTS `pat_prescription_frequency`;

CREATE TABLE `pat_prescription_frequency` (
  `freq_id` int(11) NOT NULL AUTO_INCREMENT,
  `tenant_id` int(11) NOT NULL,
  `freq_name` varchar(20) NOT NULL,
  `status` enum('0','1') DEFAULT '1',
  `created_by` int(11) NOT NULL,
  `created_at` timestamp NOT NULL DEFAULT CURRENT_TIMESTAMP,
  `modified_by` int(11) DEFAULT NULL,
  `modified_at` timestamp NULL DEFAULT NULL,
  `deleted_at` timestamp NULL DEFAULT '0000-00-00 00:00:00',
  PRIMARY KEY (`freq_id`),
  KEY `FK_pat_prescription_frequency_tenant` (`tenant_id`),
  FULLTEXT KEY `FreqNameFulltext` (`freq_name`),
  CONSTRAINT `FK_pat_prescription_frequency_tenant` FOREIGN KEY (`tenant_id`) REFERENCES `co_tenant` (`tenant_id`) ON DELETE CASCADE ON UPDATE CASCADE
) ENGINE=InnoDB AUTO_INCREMENT=8 DEFAULT CHARSET=latin1;

/*Data for the table `pat_prescription_frequency` */

insert  into `pat_prescription_frequency`(`freq_id`,`tenant_id`,`freq_name`,`status`,`created_by`,`created_at`,`modified_by`,`modified_at`,`deleted_at`) values (1,58,'2-9-6','1',51,'2016-04-02 16:28:04',51,'2016-04-02 16:28:04','0000-00-00 00:00:00'),(2,58,'4-8-6','1',51,'2016-04-02 16:34:53',51,'2016-04-02 16:34:53','0000-00-00 00:00:00'),(3,58,'2-5-1','1',51,'2016-04-02 17:30:34',51,'2016-04-02 17:30:34','0000-00-00 00:00:00'),(4,58,'1-5-4','1',51,'2016-04-02 17:34:11',51,'2016-04-02 17:34:11','0000-00-00 00:00:00'),(5,58,'1-1-1','1',51,'2016-04-04 10:30:35',51,'2016-04-04 10:30:35','0000-00-00 00:00:00'),(6,58,'1-5-1','1',51,'2016-04-19 16:08:42',51,'2016-04-19 16:08:42','0000-00-00 00:00:00'),(7,58,'1-1-5','1',51,'2016-04-23 15:52:10',51,'2016-04-23 15:52:10','0000-00-00 00:00:00');

/*Table structure for table `pat_prescription_items` */

DROP TABLE IF EXISTS `pat_prescription_items`;

CREATE TABLE `pat_prescription_items` (
  `pres_item_id` int(11) NOT NULL AUTO_INCREMENT,
  `tenant_id` int(11) NOT NULL,
  `pres_id` int(11) NOT NULL,
  `product_id` int(11) NOT NULL,
  `product_name` varchar(255) NOT NULL,
  `generic_id` int(11) NOT NULL,
  `generic_name` varchar(255) NOT NULL,
  `drug_class_id` int(11) NOT NULL,
  `drug_name` varchar(255) NOT NULL,
  `route_id` int(11) NOT NULL,
  `freq_id` int(11) NOT NULL,
  `number_of_days` smallint(6) NOT NULL,
  `status` enum('0','1') DEFAULT '1',
  `created_by` int(11) NOT NULL,
  `created_at` timestamp NOT NULL DEFAULT CURRENT_TIMESTAMP,
  `modified_by` int(11) DEFAULT NULL,
  `modified_at` timestamp NULL DEFAULT NULL,
  `deleted_at` timestamp NULL DEFAULT '0000-00-00 00:00:00',
  PRIMARY KEY (`pres_item_id`),
  KEY `FK_pat_prescription_items_tenant` (`tenant_id`),
  KEY `FK_pat_prescription_items_pres` (`pres_id`),
  KEY `FK_pat_prescription_items_prodduct` (`product_id`),
  KEY `FK_pat_prescription_items_generic` (`generic_id`),
  KEY `FK_pat_prescription_items_drug_class` (`drug_class_id`),
  KEY `FK_pat_prescription_items_frequency` (`freq_id`),
  KEY `FK_pat_prescription_items_route` (`route_id`),
  CONSTRAINT `FK_pat_prescription_items_drug_class` FOREIGN KEY (`drug_class_id`) REFERENCES `pha_drug_class` (`drug_class_id`) ON UPDATE CASCADE,
  CONSTRAINT `FK_pat_prescription_items_frequency` FOREIGN KEY (`freq_id`) REFERENCES `pat_prescription_frequency` (`freq_id`) ON UPDATE CASCADE,
  CONSTRAINT `FK_pat_prescription_items_generic` FOREIGN KEY (`generic_id`) REFERENCES `pha_generic` (`generic_id`) ON UPDATE CASCADE,
  CONSTRAINT `FK_pat_prescription_items_pres` FOREIGN KEY (`pres_id`) REFERENCES `pat_prescription` (`pres_id`) ON DELETE CASCADE ON UPDATE CASCADE,
  CONSTRAINT `FK_pat_prescription_items_prodduct` FOREIGN KEY (`product_id`) REFERENCES `pha_product` (`product_id`) ON UPDATE CASCADE,
  CONSTRAINT `FK_pat_prescription_items_route` FOREIGN KEY (`route_id`) REFERENCES `pat_prescription_route` (`route_id`) ON UPDATE CASCADE,
  CONSTRAINT `FK_pat_prescription_items_tenant` FOREIGN KEY (`tenant_id`) REFERENCES `co_tenant` (`tenant_id`) ON DELETE CASCADE ON UPDATE CASCADE
) ENGINE=InnoDB DEFAULT CHARSET=latin1;

/*Data for the table `pat_prescription_items` */

/*Table structure for table `pat_prescription_route` */

DROP TABLE IF EXISTS `pat_prescription_route`;

CREATE TABLE `pat_prescription_route` (
  `route_id` int(11) NOT NULL AUTO_INCREMENT,
  `tenant_id` int(11) NOT NULL,
  `route_name` varchar(50) NOT NULL,
  `status` enum('0','1') DEFAULT '1',
  `created_by` int(11) NOT NULL,
  `created_at` timestamp NOT NULL DEFAULT CURRENT_TIMESTAMP,
  `modified_by` int(11) DEFAULT NULL,
  `modified_at` timestamp NULL DEFAULT NULL,
  `deleted_at` timestamp NULL DEFAULT '0000-00-00 00:00:00',
  PRIMARY KEY (`route_id`),
  KEY `FK_pat_prescription_route_tenant` (`tenant_id`),
  FULLTEXT KEY `RouteNameFulltext` (`route_name`),
  CONSTRAINT `FK_pat_prescription_route_tenant` FOREIGN KEY (`tenant_id`) REFERENCES `co_tenant` (`tenant_id`) ON DELETE CASCADE ON UPDATE CASCADE
) ENGINE=InnoDB AUTO_INCREMENT=6 DEFAULT CHARSET=latin1;

/*Data for the table `pat_prescription_route` */

insert  into `pat_prescription_route`(`route_id`,`tenant_id`,`route_name`,`status`,`created_by`,`created_at`,`modified_by`,`modified_at`,`deleted_at`) values (1,58,'oral','1',51,'2016-04-02 16:28:23',51,'2016-04-02 16:28:23','0000-00-00 00:00:00'),(2,58,'P/O','1',51,'2016-04-02 16:34:53',51,'2016-04-02 16:34:53','0000-00-00 00:00:00'),(3,58,'IV','1',51,'2016-04-02 17:30:34',51,'2016-04-02 17:30:34','0000-00-00 00:00:00'),(4,58,'Mouth','1',51,'2016-04-02 17:34:11',51,'2016-04-02 17:34:11','0000-00-00 00:00:00'),(5,58,'ARM','1',51,'2016-04-04 10:30:35',51,'2016-04-04 10:30:35','0000-00-00 00:00:00');

/*Table structure for table `pat_procedure` */

DROP TABLE IF EXISTS `pat_procedure`;

CREATE TABLE `pat_procedure` (
  `proc_id` int(11) NOT NULL AUTO_INCREMENT,
  `tenant_id` int(11) NOT NULL,
  `encounter_id` int(11) NOT NULL,
  `patient_id` int(11) NOT NULL,
  `charge_subcat_id` int(11) NOT NULL,
  `proc_date` timestamp NOT NULL DEFAULT '0000-00-00 00:00:00',
  `proc_consultant_ids` text,
  `proc_description` text,
  `charge_amount` decimal(10,2) DEFAULT '0.00',
  `status` enum('0','1') DEFAULT '1',
  `created_by` int(11) NOT NULL,
  `created_at` timestamp NOT NULL DEFAULT CURRENT_TIMESTAMP,
  `modified_by` int(11) DEFAULT NULL,
  `modified_at` timestamp NULL DEFAULT NULL,
  `deleted_at` timestamp NULL DEFAULT '0000-00-00 00:00:00',
  PRIMARY KEY (`proc_id`),
  KEY `FK_pat_procedure_tenant` (`tenant_id`),
  KEY `FK_pat_procedure_encounter` (`encounter_id`),
  KEY `FK_pat_procedure_room_charge_subcategory` (`charge_subcat_id`),
  KEY `FK_pat_procedure_patient` (`patient_id`),
  CONSTRAINT `FK_pat_procedure_encounter` FOREIGN KEY (`encounter_id`) REFERENCES `pat_encounter` (`encounter_id`) ON DELETE CASCADE ON UPDATE CASCADE,
  CONSTRAINT `FK_pat_procedure_patient` FOREIGN KEY (`patient_id`) REFERENCES `pat_patient` (`patient_id`) ON DELETE CASCADE ON UPDATE CASCADE,
  CONSTRAINT `FK_pat_procedure_room_charge_subcategory` FOREIGN KEY (`charge_subcat_id`) REFERENCES `co_room_charge_subcategory` (`charge_subcat_id`) ON UPDATE CASCADE,
  CONSTRAINT `FK_pat_procedure_tenant` FOREIGN KEY (`tenant_id`) REFERENCES `co_tenant` (`tenant_id`) ON DELETE CASCADE ON UPDATE CASCADE
) ENGINE=InnoDB DEFAULT CHARSET=latin1;

/*Data for the table `pat_procedure` */

/*Table structure for table `pat_timeline` */

DROP TABLE IF EXISTS `pat_timeline`;

CREATE TABLE `pat_timeline` (
  `timeline_id` int(11) NOT NULL AUTO_INCREMENT,
  `tenant_id` int(11) NOT NULL,
  `patient_id` int(11) NOT NULL,
  `date_time` datetime NOT NULL,
  `header` varchar(100) NOT NULL,
  `header_sub` varchar(100) DEFAULT NULL,
  `message` varchar(255) NOT NULL,
  `ip_adderss` varchar(50) DEFAULT NULL,
  `status` enum('0','1') DEFAULT '1',
  `created_by` int(11) NOT NULL,
  `created_at` timestamp NOT NULL DEFAULT CURRENT_TIMESTAMP,
  `modified_by` int(11) DEFAULT NULL,
  `modified_at` timestamp NULL DEFAULT NULL,
  `deleted_at` timestamp NULL DEFAULT '0000-00-00 00:00:00',
  PRIMARY KEY (`timeline_id`),
  KEY `FK_pat_timeline_tenant` (`tenant_id`),
  KEY `FK_pat_timeline_patient` (`patient_id`),
  CONSTRAINT `FK_pat_timeline_patient` FOREIGN KEY (`patient_id`) REFERENCES `pat_patient` (`patient_id`) ON DELETE CASCADE ON UPDATE CASCADE,
  CONSTRAINT `FK_pat_timeline_tenant` FOREIGN KEY (`tenant_id`) REFERENCES `co_tenant` (`tenant_id`) ON DELETE CASCADE ON UPDATE CASCADE
) ENGINE=InnoDB AUTO_INCREMENT=447 DEFAULT CHARSET=latin1;

/*Data for the table `pat_timeline` */

insert  into `pat_timeline`(`timeline_id`,`tenant_id`,`patient_id`,`date_time`,`header`,`header_sub`,`message`,`ip_adderss`,`status`,`created_by`,`created_at`,`modified_by`,`modified_at`,`deleted_at`) values (363,58,80,'2016-06-04 19:04:52','Patient Registration','','Mr. Nadesh Registered Successfully.','127.0.0.1','1',51,'2016-06-04 19:04:52',51,'2016-06-04 19:04:52','0000-00-00 00:00:00'),(365,60,82,'2016-06-04 19:09:27','Patient Registration','','Mr. Nadesh Registered Successfully.','127.0.0.1','1',51,'2016-06-04 19:09:28',51,'2016-06-04 19:09:28','0000-00-00 00:00:00'),(366,60,82,'2016-06-04 19:09:27','Patient Update','','Patient Details Updated Successfully.','127.0.0.1','1',51,'2016-06-04 19:23:23',51,'2016-06-04 19:23:23','0000-00-00 00:00:00'),(367,60,82,'2016-06-04 19:09:27','Patient Update','','Patient Details Updated Successfully.','127.0.0.1','1',51,'2016-06-04 19:24:03',51,'2016-06-04 19:24:03','0000-00-00 00:00:00'),(368,60,82,'2016-06-04 19:09:27','Patient Update','','Patient Details Updated Successfully.','127.0.0.1','1',51,'2016-06-06 15:34:51',51,'2016-06-06 15:34:51','0000-00-00 00:00:00'),(369,60,82,'2016-06-04 19:09:27','Patient Update','','Patient Details Updated Successfully.','127.0.0.1','1',51,'2016-06-06 15:35:09',51,'2016-06-06 15:35:09','0000-00-00 00:00:00'),(370,60,82,'2016-06-04 19:09:27','Patient Update','','Patient Details Updated Successfully.','127.0.0.1','1',51,'2016-06-06 15:36:02',51,'2016-06-06 15:36:02','0000-00-00 00:00:00'),(371,60,82,'2016-06-04 19:09:27','Patient Update','','Patient Details Updated Successfully.','127.0.0.1','1',51,'2016-06-06 15:42:13',51,'2016-06-06 15:42:13','0000-00-00 00:00:00'),(372,60,82,'2016-06-04 19:09:27','Patient Update','','Patient Details Updated Successfully.','127.0.0.1','1',51,'2016-06-07 11:29:39',51,'2016-06-07 11:29:39','0000-00-00 00:00:00'),(373,60,82,'2016-06-04 19:09:27','Patient Update','','Patient Details Updated Successfully.','127.0.0.1','1',51,'2016-06-07 11:29:53',51,'2016-06-07 11:29:53','0000-00-00 00:00:00'),(374,60,82,'2016-06-04 19:09:27','Patient Update','','Patient Details Updated Successfully.','127.0.0.1','1',51,'2016-06-07 11:31:24',51,'2016-06-07 11:31:24','0000-00-00 00:00:00'),(375,60,82,'2016-06-07 11:32:54','Patient Update','','Patient Details Updated Successfully.','127.0.0.1','1',51,'2016-06-07 11:32:54',51,'2016-06-07 11:32:54','0000-00-00 00:00:00'),(376,60,82,'2016-06-07 11:35:23','Patient Update','','Patient Details Updated Successfully.','127.0.0.1','1',51,'2016-06-07 11:35:23',51,'2016-06-07 11:35:23','0000-00-00 00:00:00'),(377,60,82,'2016-06-07 11:37:24','Patient Update','','Patient Details Updated Successfully.','127.0.0.1','1',51,'2016-06-07 11:37:24',51,'2016-06-07 11:37:24','0000-00-00 00:00:00'),(378,60,82,'2016-06-07 11:39:05','Patient Update','','Patient Details Updated Successfully.','127.0.0.1','1',51,'2016-06-07 11:39:05',51,'2016-06-07 11:39:05','0000-00-00 00:00:00'),(379,60,82,'2016-06-07 11:39:59','Patient Update','','Patient Details Updated Successfully.','127.0.0.1','1',51,'2016-06-07 11:39:59',51,'2016-06-07 11:39:59','0000-00-00 00:00:00'),(380,60,82,'2016-06-07 11:40:48','Patient Update','','Patient Details Updated Successfully.','127.0.0.1','1',51,'2016-06-07 11:40:48',51,'2016-06-07 11:40:48','0000-00-00 00:00:00'),(381,60,82,'2016-06-07 11:44:34','Patient Update','','Patient Details Updated Successfully.','127.0.0.1','1',51,'2016-06-07 11:44:34',51,'2016-06-07 11:44:34','0000-00-00 00:00:00'),(382,60,82,'2016-06-07 11:45:40','Patient Update','','Patient Details Updated Successfully.','127.0.0.1','1',51,'2016-06-07 11:45:41',51,'2016-06-07 11:45:41','0000-00-00 00:00:00'),(383,60,82,'2016-06-07 12:01:32','Patient Update','','Patient Details Updated Successfully.','127.0.0.1','1',51,'2016-06-07 12:01:32',51,'2016-06-07 12:01:32','0000-00-00 00:00:00'),(384,60,82,'2016-06-07 12:02:32','Patient Update','','Patient Details Updated Successfully.','127.0.0.1','1',51,'2016-06-07 12:02:32',51,'2016-06-07 12:02:32','0000-00-00 00:00:00'),(385,60,82,'2016-06-07 12:15:18','Patient Update','','Patient Details Updated Successfully.','127.0.0.1','1',51,'2016-06-07 12:15:18',51,'2016-06-07 12:15:18','0000-00-00 00:00:00'),(386,60,82,'2016-06-07 12:16:14','Patient Update','','Patient Details Updated Successfully.','127.0.0.1','1',51,'2016-06-07 12:16:14',51,'2016-06-07 12:16:14','0000-00-00 00:00:00'),(387,60,82,'2016-06-07 17:25:29','Patient Update','','Patient Details Updated Successfully.','127.0.0.1','1',51,'2016-06-07 17:25:29',51,'2016-06-07 17:25:29','0000-00-00 00:00:00'),(388,60,82,'2016-06-07 17:28:05','Patient Update','','Patient Details Updated Successfully.','127.0.0.1','1',51,'2016-06-07 17:28:05',51,'2016-06-07 17:28:05','0000-00-00 00:00:00'),(389,60,82,'2016-06-07 17:34:56','Patient Update','','Patient Details Updated Successfully.','127.0.0.1','1',51,'2016-06-07 17:34:56',51,'2016-06-07 17:34:56','0000-00-00 00:00:00'),(390,60,82,'2016-06-07 17:35:04','Patient Update','','Patient Details Updated Successfully.','127.0.0.1','1',51,'2016-06-07 17:35:04',51,'2016-06-07 17:35:04','0000-00-00 00:00:00'),(391,60,82,'2016-06-07 17:36:33','Patient Update','','Patient Details Updated Successfully.','127.0.0.1','1',51,'2016-06-07 17:36:33',51,'2016-06-07 17:36:33','0000-00-00 00:00:00'),(392,60,82,'2016-06-07 17:37:48','Patient Update','','Patient Details Updated Successfully.','127.0.0.1','1',51,'2016-06-07 17:37:48',51,'2016-06-07 17:37:48','0000-00-00 00:00:00'),(393,60,82,'2016-06-07 17:38:42','Patient Update','','Patient Details Updated Successfully.','127.0.0.1','1',51,'2016-06-07 17:38:42',51,'2016-06-07 17:38:42','0000-00-00 00:00:00'),(394,60,82,'2016-06-07 17:40:32','Patient Update','','Patient Details Updated Successfully.','127.0.0.1','1',51,'2016-06-07 17:40:32',51,'2016-06-07 17:40:32','0000-00-00 00:00:00'),(395,60,82,'2016-06-07 17:43:05','Patient Update','','Patient Details Updated Successfully.','127.0.0.1','1',51,'2016-06-07 17:43:05',51,'2016-06-07 17:43:05','0000-00-00 00:00:00'),(396,60,82,'2016-06-07 17:43:14','Patient Update','','Patient Details Updated Successfully.','127.0.0.1','1',51,'2016-06-07 17:43:14',51,'2016-06-07 17:43:14','0000-00-00 00:00:00'),(397,60,82,'2016-06-07 17:49:53','Patient Update','','Patient Details Updated Successfully.','127.0.0.1','1',51,'2016-06-07 17:49:53',51,'2016-06-07 17:49:53','0000-00-00 00:00:00'),(398,60,82,'2016-06-07 17:56:25','Patient Update','','Patient Details Updated Successfully.','127.0.0.1','1',51,'2016-06-07 17:56:26',51,'2016-06-07 17:56:26','0000-00-00 00:00:00'),(399,60,82,'2016-06-07 18:00:37','Casesheet No.','','Casesheet No.: 1122 Added.','127.0.0.1','1',51,'2016-06-07 18:00:37',51,'2016-06-07 18:00:37','0000-00-00 00:00:00'),(400,60,82,'2016-06-07 18:00:25','Patient Admission','Encounter # 1','Patient Admitted. <br /> Bed No: <b>4234 (NON AC)</b>','127.0.0.1','1',51,'2016-06-07 18:00:38',51,'2016-06-07 18:00:38','0000-00-00 00:00:00'),(401,60,82,'2016-06-07 18:02:56','Admission Cancel','Encounter # 1','Admission Cancelled','127.0.0.1','1',51,'2016-06-07 18:02:56',51,'2016-06-07 18:02:56','0000-00-00 00:00:00'),(402,60,82,'2016-06-07 09:00:00','Appoinment Booked','Encounter # 2','Appoinment Booked. <br />Consultant : <b>Dr. Gayatri</b>','127.0.0.1','1',51,'2016-06-07 18:05:59',51,'2016-06-07 18:05:59','0000-00-00 00:00:00'),(403,60,82,'2016-06-07 09:00:00','Patient Arrived','Encounter # 2','Patient Arrived. <br />Consultant : <b>Dr. Gayatri</b>','127.0.0.1','1',51,'2016-06-07 18:05:59',51,'2016-06-07 18:05:59','0000-00-00 00:00:00'),(404,60,82,'2016-06-07 18:10:00','Doctor Seen','Encounter # 2','Seen by Consultant. <br />Consultant : <b>Dr. Gayatri</b>','127.0.0.1','1',51,'2016-06-07 18:10:05',51,'2016-06-07 18:10:05','0000-00-00 00:00:00'),(405,60,82,'2016-06-07 18:11:04','Patient Admission','Encounter # 3','Patient Admitted. <br /> Bed No: <b>4234 (NON AC)</b>','127.0.0.1','1',51,'2016-06-07 18:11:15',51,'2016-06-07 18:11:15','0000-00-00 00:00:00'),(406,60,82,'2016-06-07 18:13:51','Admission Cancel','Encounter # 3','Admission Cancelled','127.0.0.1','1',51,'2016-06-07 18:13:52',51,'2016-06-07 18:13:52','0000-00-00 00:00:00'),(407,60,82,'2016-06-07 18:16:08','Patient Admission','Encounter # 4','Patient Admitted. <br /> Bed No: <b>4234 (NON AC)</b>','127.0.0.1','1',51,'2016-06-07 18:16:20',51,'2016-06-07 18:16:20','0000-00-00 00:00:00'),(408,60,82,'2016-06-07 18:16:35','Admission Cancel','Encounter # 4','Admission Cancelled','127.0.0.1','1',51,'2016-06-07 18:16:35',51,'2016-06-07 18:16:35','0000-00-00 00:00:00'),(409,60,82,'2016-06-07 18:20:32','Patient Admission','Encounter # 5','Patient Admitted. <br /> Bed No: <b>4234 (NON AC)</b>','127.0.0.1','1',51,'2016-06-07 18:20:42',51,'2016-06-07 18:20:42','0000-00-00 00:00:00'),(410,60,82,'2016-06-07 18:20:51','Admission Cancel','Encounter # 5','Admission Cancelled','127.0.0.1','1',51,'2016-06-07 18:20:52',51,'2016-06-07 18:20:52','0000-00-00 00:00:00'),(411,60,82,'2016-06-07 18:21:49','Patient Admission','Encounter # 6','Patient Admitted. <br /> Bed No: <b>4234 (GENERAL)</b>','127.0.0.1','1',51,'2016-06-07 18:21:59',51,'2016-06-07 18:21:59','0000-00-00 00:00:00'),(412,60,82,'2016-06-07 18:22:05','Admission Cancel','Encounter # 6','Admission Cancelled','127.0.0.1','1',51,'2016-06-07 18:22:05',51,'2016-06-07 18:22:05','0000-00-00 00:00:00'),(413,60,82,'2016-06-07 09:25:00','Appoinment Booked','Encounter # 7','Appoinment Booked. <br />Consultant : <b>Dr. Gayatri</b>','127.0.0.1','1',51,'2016-06-07 19:03:40',51,'2016-06-07 19:03:40','0000-00-00 00:00:00'),(414,60,82,'2016-06-07 19:03:56','Appointment Cancel','Encounter # 7','Appointment Cancelled. <br />Consultant : <b>Dr. Gayatri</b>','127.0.0.1','1',51,'2016-06-07 19:03:56',51,'2016-06-07 19:03:56','0000-00-00 00:00:00'),(415,60,82,'2016-06-07 09:45:00','Appoinment Booked','Encounter # 8','Appoinment Booked. <br />Consultant : <b>Dr. Gayatri</b>','127.0.0.1','1',51,'2016-06-07 19:04:46',51,'2016-06-07 19:04:46','0000-00-00 00:00:00'),(416,60,82,'2016-06-07 09:45:00','Patient Arrived','Encounter # 8','Patient Arrived. <br />Consultant : <b>Dr. Gayatri</b>','127.0.0.1','1',51,'2016-06-07 19:04:46',51,'2016-06-07 19:04:46','0000-00-00 00:00:00'),(417,60,82,'2016-06-07 19:04:56','Appointment Cancel','Encounter # 8','Appointment Cancelled. <br />Consultant : <b>Dr. Gayatri</b>','127.0.0.1','1',51,'2016-06-07 19:04:57',51,'2016-06-07 19:04:57','0000-00-00 00:00:00'),(418,60,82,'2016-06-07 09:20:00','Appoinment Booked','Encounter # 9','Appoinment Booked. <br />Consultant : <b>Dr. Gayatri</b>','127.0.0.1','1',51,'2016-06-07 19:07:47',51,'2016-06-07 19:07:47','0000-00-00 00:00:00'),(419,60,82,'2016-06-07 19:07:57','Appointment Cancel','Encounter # 9','Appointment Cancelled. <br />Consultant : <b>Dr. Gayatri</b>','127.0.0.1','1',51,'2016-06-07 19:07:58',51,'2016-06-07 19:07:58','0000-00-00 00:00:00'),(420,60,82,'2016-06-07 19:10:18','Patient Admission','Encounter # 10','Patient Admitted. <br /> Bed No: <b>4234 (NON AC)</b>','127.0.0.1','1',51,'2016-06-07 19:10:30',51,'2016-06-07 19:10:30','0000-00-00 00:00:00'),(421,60,82,'2016-06-07 19:10:40','Admission Cancel','Encounter # 10','Admission Cancelled','127.0.0.1','1',51,'2016-06-07 19:10:41',51,'2016-06-07 19:10:41','0000-00-00 00:00:00'),(422,60,82,'2016-06-07 19:31:35','Admission Cancel','Encounter # 10','Admission Cancelled','127.0.0.1','1',51,'2016-06-07 19:31:35',51,'2016-06-07 19:31:35','0000-00-00 00:00:00'),(423,60,82,'2016-06-07 19:32:33','Patient Admission','Encounter # 11','Patient Admitted. <br /> Bed No: <b>4234 (GENERAL)</b>','127.0.0.1','1',51,'2016-06-07 19:32:48',51,'2016-06-07 19:32:48','0000-00-00 00:00:00'),(424,60,82,'2016-06-07 19:32:57','Admission Cancel','Encounter # 11','Admission Cancelled','127.0.0.1','1',51,'2016-06-07 19:32:58',51,'2016-06-07 19:32:58','0000-00-00 00:00:00'),(425,60,82,'2016-06-07 19:35:35','Patient Admission','Encounter # 12','Patient Admitted. <br /> Bed No: <b>4234 (NON AC)</b>','127.0.0.1','1',51,'2016-06-07 19:35:45',51,'2016-06-07 19:35:45','0000-00-00 00:00:00'),(426,60,82,'2016-06-07 19:35:58','Admission Cancel','Encounter # 12','Admission Cancelled','127.0.0.1','1',51,'2016-06-07 19:35:58',51,'2016-06-07 19:35:58','0000-00-00 00:00:00'),(427,60,82,'2016-06-07 19:37:31','Patient Admission','Encounter # 13','Patient Admitted. <br /> Bed No: <b>111 (AC)</b>','127.0.0.1','1',51,'2016-06-07 19:37:45',51,'2016-06-07 19:37:45','0000-00-00 00:00:00'),(428,60,82,'2016-06-07 19:37:56','Admission Cancel','Encounter # 13','Admission Cancelled','127.0.0.1','1',51,'2016-06-07 19:37:56',51,'2016-06-07 19:37:56','0000-00-00 00:00:00'),(429,60,82,'2016-06-07 09:10:00','Appoinment Booked','Encounter # 14','Appoinment Booked. <br />Consultant : <b>Dr. Gayatri</b>','127.0.0.1','1',51,'2016-06-07 19:39:05',51,'2016-06-07 19:39:05','0000-00-00 00:00:00'),(430,60,82,'2016-06-07 19:39:18','Appointment Cancel','Encounter # 14','Appointment Cancelled. <br />Consultant : <b>Dr. Gayatri</b>','127.0.0.1','1',51,'2016-06-07 19:39:19',51,'2016-06-07 19:39:19','0000-00-00 00:00:00'),(431,60,82,'2016-06-08 15:33:52','Patient Admission','Encounter # 15','Patient Admitted. <br /> Bed No: <b>4234 (NON AC)</b>','127.0.0.1','1',51,'2016-06-08 15:33:59',51,'2016-06-08 15:33:59','0000-00-00 00:00:00'),(432,59,83,'2016-06-09 10:41:59','Patient Registration','','Mr. Nadesh Ji Registered Successfully.','127.0.0.1','1',51,'2016-06-09 10:41:59',51,'2016-06-09 10:41:59','0000-00-00 00:00:00'),(433,60,82,'2016-06-09 16:08:00','Patient Update','','Patient Details Updated Successfully.','127.0.0.1','1',51,'2016-06-09 16:08:00',51,'2016-06-09 16:08:00','0000-00-00 00:00:00'),(434,60,87,'2016-06-09 19:09:57','Patient Registration','','Mr. Tony Registered Successfully.','127.0.0.1','1',51,'2016-06-09 19:09:57',51,'2016-06-09 19:09:57','0000-00-00 00:00:00'),(435,60,87,'2016-06-09 19:11:22','Casesheet No.','','Casesheet No.: 8888 Added.','127.0.0.1','1',51,'2016-06-09 19:11:22',51,'2016-06-09 19:11:22','0000-00-00 00:00:00'),(436,60,87,'2016-06-09 09:00:00','Appoinment Booked','Encounter # 16','Appoinment Booked. <br />Consultant : <b>Dr. Gayatri</b>','127.0.0.1','1',51,'2016-06-09 19:11:22',51,'2016-06-09 19:11:22','0000-00-00 00:00:00'),(437,60,87,'2016-06-09 19:12:16','Patient Update','','Patient Details Updated Successfully.','127.0.0.1','1',51,'2016-06-09 19:12:16',51,'2016-06-09 19:12:16','0000-00-00 00:00:00'),(438,60,87,'2016-06-09 19:12:49','Patient Update','','Patient Details Updated Successfully.','127.0.0.1','1',51,'2016-06-09 19:12:50',51,'2016-06-09 19:12:50','0000-00-00 00:00:00'),(439,60,87,'2016-06-09 19:13:52','Patient Update','','Patient Details Updated Successfully.','127.0.0.1','1',51,'2016-06-09 19:13:52',51,'2016-06-09 19:13:52','0000-00-00 00:00:00'),(440,60,87,'2016-06-09 19:15:56','Patient Update','','Patient Details Updated Successfully.','127.0.0.1','1',51,'2016-06-09 19:15:56',51,'2016-06-09 19:15:56','0000-00-00 00:00:00'),(441,60,87,'2016-06-09 19:16:16','Patient Update','','Patient Details Updated Successfully.','127.0.0.1','1',51,'2016-06-09 19:16:16',51,'2016-06-09 19:16:16','0000-00-00 00:00:00'),(442,60,87,'2016-06-09 19:17:46','Patient Update','','Patient Details Updated Successfully.','127.0.0.1','1',51,'2016-06-09 19:17:46',51,'2016-06-09 19:17:46','0000-00-00 00:00:00'),(443,60,87,'2016-06-09 19:18:41','Patient Update','','Patient Details Updated Successfully.','127.0.0.1','1',51,'2016-06-09 19:18:42',51,'2016-06-09 19:18:42','0000-00-00 00:00:00'),(445,68,89,'2016-06-09 19:27:56','Patient Registration','','Miss. Juliee iii Registered Successfully.','127.0.0.1','1',51,'2016-06-09 19:27:57',51,'2016-06-09 19:27:57','0000-00-00 00:00:00'),(446,68,89,'2016-06-09 19:29:29','Patient Update','','Patient Details Updated Successfully.','127.0.0.1','1',51,'2016-06-09 19:29:30',51,'2016-06-09 19:29:30','0000-00-00 00:00:00');

/*Table structure for table `pat_vitals` */

DROP TABLE IF EXISTS `pat_vitals`;

CREATE TABLE `pat_vitals` (
  `vital_id` int(11) NOT NULL AUTO_INCREMENT,
  `tenant_id` int(11) NOT NULL,
  `encounter_id` int(11) NOT NULL,
  `patient_id` int(11) NOT NULL,
  `vital_time` datetime NOT NULL,
  `temperature` varchar(20) DEFAULT NULL,
  `blood_pressure` varchar(20) DEFAULT NULL,
  `pulse_rate` varchar(20) DEFAULT NULL,
  `weight` varchar(10) DEFAULT NULL,
  `status` enum('0','1') DEFAULT '1',
  `created_by` int(11) NOT NULL,
  `created_at` timestamp NOT NULL DEFAULT CURRENT_TIMESTAMP,
  `modified_by` int(11) DEFAULT NULL,
  `modified_at` timestamp NULL DEFAULT NULL,
  `deleted_at` timestamp NULL DEFAULT '0000-00-00 00:00:00',
  PRIMARY KEY (`vital_id`),
  KEY `FK_pat_vitals_tenant` (`tenant_id`),
  KEY `FK_pat_vitals_encounter` (`encounter_id`),
  KEY `FK_pat_vitals_patient` (`patient_id`),
  CONSTRAINT `FK_pat_vitals_encounter` FOREIGN KEY (`encounter_id`) REFERENCES `pat_encounter` (`encounter_id`) ON DELETE CASCADE ON UPDATE CASCADE,
  CONSTRAINT `FK_pat_vitals_patient` FOREIGN KEY (`patient_id`) REFERENCES `pat_patient` (`patient_id`) ON DELETE CASCADE ON UPDATE CASCADE,
  CONSTRAINT `FK_pat_vitals_tenant` FOREIGN KEY (`tenant_id`) REFERENCES `co_tenant` (`tenant_id`) ON DELETE CASCADE ON UPDATE CASCADE
) ENGINE=InnoDB DEFAULT CHARSET=latin1;

/*Data for the table `pat_vitals` */

/*Table structure for table `pat_vitals_users` */

DROP TABLE IF EXISTS `pat_vitals_users`;

CREATE TABLE `pat_vitals_users` (
  `vital_user_id` int(11) NOT NULL AUTO_INCREMENT,
  `tenant_id` int(11) NOT NULL,
  `vital_id` int(11) NOT NULL,
  `user_id` int(11) NOT NULL,
  `patient_id` int(11) NOT NULL,
  `seen` enum('0','1') NOT NULL DEFAULT '0',
  `created_by` int(11) NOT NULL,
  `created_at` timestamp NOT NULL DEFAULT CURRENT_TIMESTAMP,
  `modified_by` int(11) DEFAULT NULL,
  `modified_at` timestamp NULL DEFAULT NULL,
  `deleted_at` timestamp NULL DEFAULT '0000-00-00 00:00:00',
  PRIMARY KEY (`vital_user_id`),
  KEY `FK_pat_vitals_users_user` (`user_id`),
  KEY `FK_pat_vitals_users_vitals` (`vital_id`),
  KEY `FK_pat_vitals_users_tenant` (`tenant_id`),
  CONSTRAINT `FK_pat_vitals_users_tenant` FOREIGN KEY (`tenant_id`) REFERENCES `co_tenant` (`tenant_id`) ON DELETE CASCADE ON UPDATE CASCADE,
  CONSTRAINT `FK_pat_vitals_users_user` FOREIGN KEY (`user_id`) REFERENCES `co_user` (`user_id`) ON DELETE CASCADE ON UPDATE CASCADE,
  CONSTRAINT `FK_pat_vitals_users_vitals` FOREIGN KEY (`vital_id`) REFERENCES `pat_vitals` (`vital_id`) ON DELETE CASCADE ON UPDATE CASCADE
) ENGINE=InnoDB DEFAULT CHARSET=latin1;

/*Data for the table `pat_vitals_users` */

/*Table structure for table `pha_brand` */

DROP TABLE IF EXISTS `pha_brand`;

CREATE TABLE `pha_brand` (
  `brand_id` int(11) NOT NULL AUTO_INCREMENT,
  `tenant_id` int(11) NOT NULL,
  `brand_name` varchar(255) NOT NULL,
  `brand_code` varchar(50) NOT NULL,
  `status` enum('0','1') DEFAULT '1',
  `created_by` int(11) NOT NULL,
  `created_at` timestamp NOT NULL DEFAULT CURRENT_TIMESTAMP,
  `modified_by` int(11) DEFAULT NULL,
  `modified_at` timestamp NULL DEFAULT NULL,
  `deleted_at` timestamp NULL DEFAULT '0000-00-00 00:00:00',
  PRIMARY KEY (`brand_id`),
  UNIQUE KEY `PhaBrandUnique` (`tenant_id`,`brand_name`,`brand_code`,`deleted_at`),
  CONSTRAINT `FK_pha_brand_tenant` FOREIGN KEY (`tenant_id`) REFERENCES `co_tenant` (`tenant_id`) ON DELETE CASCADE ON UPDATE CASCADE
) ENGINE=InnoDB AUTO_INCREMENT=3 DEFAULT CHARSET=latin1;

/*Data for the table `pha_brand` */

insert  into `pha_brand`(`brand_id`,`tenant_id`,`brand_name`,`brand_code`,`status`,`created_by`,`created_at`,`modified_by`,`modified_at`,`deleted_at`) values (1,58,'Brand','0001','1',51,'2016-03-07 15:25:23',51,'2016-03-07 15:25:23','0000-00-00 00:00:00'),(2,58,'New Brand','01841','1',51,'2016-03-16 16:09:06',51,'2016-03-16 16:09:06','0000-00-00 00:00:00');

/*Table structure for table `pha_brand_division` */

DROP TABLE IF EXISTS `pha_brand_division`;

CREATE TABLE `pha_brand_division` (
  `division_id` int(11) NOT NULL AUTO_INCREMENT,
  `tenant_id` int(11) NOT NULL,
  `division_name` varchar(255) NOT NULL,
  `status` enum('0','1') DEFAULT '1',
  `created_by` int(11) NOT NULL,
  `created_at` timestamp NOT NULL DEFAULT CURRENT_TIMESTAMP,
  `modified_by` int(11) DEFAULT NULL,
  `modified_at` timestamp NULL DEFAULT NULL,
  `deleted_at` timestamp NULL DEFAULT '0000-00-00 00:00:00',
  PRIMARY KEY (`division_id`),
  UNIQUE KEY `PhaBrandDivisionUnique` (`tenant_id`,`division_name`,`deleted_at`),
  CONSTRAINT `FK_pha_brand_division_tenant` FOREIGN KEY (`tenant_id`) REFERENCES `co_tenant` (`tenant_id`) ON DELETE CASCADE ON UPDATE CASCADE
) ENGINE=InnoDB AUTO_INCREMENT=3 DEFAULT CHARSET=latin1;

/*Data for the table `pha_brand_division` */

insert  into `pha_brand_division`(`division_id`,`tenant_id`,`division_name`,`status`,`created_by`,`created_at`,`modified_by`,`modified_at`,`deleted_at`) values (1,58,'Division','1',51,'2016-03-07 15:25:35',51,'2016-03-07 15:25:35','0000-00-00 00:00:00'),(2,58,'New Division','1',51,'2016-03-16 16:13:15',51,'2016-03-16 16:13:15','0000-00-00 00:00:00');

/*Table structure for table `pha_brand_representative` */

DROP TABLE IF EXISTS `pha_brand_representative`;

CREATE TABLE `pha_brand_representative` (
  `rep_id` int(11) NOT NULL AUTO_INCREMENT,
  `tenant_id` int(11) NOT NULL,
  `brand_id` int(11) NOT NULL,
  `division_id` int(11) NOT NULL,
  `rep_1_name` varchar(50) NOT NULL,
  `rep_1_contact` varchar(100) NOT NULL,
  `rep_1_designation` varchar(100) NOT NULL,
  `rep_2_name` varchar(50) DEFAULT NULL,
  `rep_2_contact` varchar(100) DEFAULT NULL,
  `rep_2_designation` varchar(100) DEFAULT NULL,
  `status` enum('0','1') DEFAULT '1',
  `created_by` int(11) NOT NULL,
  `created_at` timestamp NOT NULL DEFAULT CURRENT_TIMESTAMP,
  `modified_by` int(11) DEFAULT NULL,
  `modified_at` timestamp NULL DEFAULT NULL,
  `deleted_at` timestamp NULL DEFAULT '0000-00-00 00:00:00',
  PRIMARY KEY (`rep_id`),
  KEY `FK_pha_brand_representative_tenant` (`tenant_id`),
  KEY `FK_pha_brand_representative_division` (`division_id`),
  KEY `FK_pha_brand_representative` (`brand_id`),
  CONSTRAINT `FK_pha_brand_representative` FOREIGN KEY (`brand_id`) REFERENCES `pha_brand` (`brand_id`) ON DELETE CASCADE ON UPDATE CASCADE,
  CONSTRAINT `FK_pha_brand_representative_division` FOREIGN KEY (`division_id`) REFERENCES `pha_brand_division` (`division_id`) ON DELETE CASCADE ON UPDATE CASCADE,
  CONSTRAINT `FK_pha_brand_representative_tenant` FOREIGN KEY (`tenant_id`) REFERENCES `co_tenant` (`tenant_id`) ON DELETE CASCADE ON UPDATE CASCADE
) ENGINE=InnoDB DEFAULT CHARSET=latin1;

/*Data for the table `pha_brand_representative` */

/*Table structure for table `pha_drug_class` */

DROP TABLE IF EXISTS `pha_drug_class`;

CREATE TABLE `pha_drug_class` (
  `drug_class_id` int(11) NOT NULL AUTO_INCREMENT,
  `tenant_id` int(11) NOT NULL,
  `drug_name` varchar(255) NOT NULL,
  `status` enum('0','1') DEFAULT '1',
  `created_by` int(11) NOT NULL,
  `created_at` timestamp NOT NULL DEFAULT CURRENT_TIMESTAMP,
  `modified_by` int(11) DEFAULT NULL,
  `modified_at` timestamp NULL DEFAULT NULL,
  `deleted_at` timestamp NULL DEFAULT '0000-00-00 00:00:00',
  PRIMARY KEY (`drug_class_id`),
  UNIQUE KEY `PhadrugUnique` (`tenant_id`,`drug_name`,`deleted_at`),
  FULLTEXT KEY `DrugNameFulltext` (`drug_name`),
  CONSTRAINT `FK_pha_drug_tenant` FOREIGN KEY (`tenant_id`) REFERENCES `co_tenant` (`tenant_id`) ON DELETE CASCADE ON UPDATE CASCADE
) ENGINE=InnoDB AUTO_INCREMENT=3 DEFAULT CHARSET=latin1;

/*Data for the table `pha_drug_class` */

insert  into `pha_drug_class`(`drug_class_id`,`tenant_id`,`drug_name`,`status`,`created_by`,`created_at`,`modified_by`,`modified_at`,`deleted_at`) values (1,58,'CALCIUM WITH VITAMINS','1',51,'2016-03-03 15:10:20',51,'2016-03-03 15:10:28','0000-00-00 00:00:00'),(2,58,'ANTIPSYCHOTICS','1',51,'2016-03-04 15:11:48',51,'2016-03-04 16:56:57','0000-00-00 00:00:00');

/*Table structure for table `pha_drug_generic` */

DROP TABLE IF EXISTS `pha_drug_generic`;

CREATE TABLE `pha_drug_generic` (
  `drug_generic_id` int(11) NOT NULL AUTO_INCREMENT,
  `tenant_id` int(11) NOT NULL,
  `drug_class_id` int(11) NOT NULL,
  `generic_id` int(11) NOT NULL,
  `status` enum('0','1') DEFAULT '1',
  `created_by` int(11) NOT NULL,
  `created_at` timestamp NOT NULL DEFAULT CURRENT_TIMESTAMP,
  `modified_by` int(11) DEFAULT NULL,
  `modified_at` timestamp NULL DEFAULT NULL,
  `deleted_at` timestamp NULL DEFAULT '0000-00-00 00:00:00',
  PRIMARY KEY (`drug_generic_id`),
  UNIQUE KEY `PhaDrugClassGenericUnique` (`tenant_id`,`generic_id`,`deleted_at`),
  KEY `FK_pha_drug_generic_drug` (`drug_class_id`),
  KEY `FK_pha_drug_generic_generic` (`generic_id`),
  CONSTRAINT `FK_pha_drug_generic_drug` FOREIGN KEY (`drug_class_id`) REFERENCES `pha_drug_class` (`drug_class_id`) ON DELETE CASCADE ON UPDATE CASCADE,
  CONSTRAINT `FK_pha_drug_generic_generic` FOREIGN KEY (`generic_id`) REFERENCES `pha_generic` (`generic_id`) ON DELETE CASCADE ON UPDATE CASCADE,
  CONSTRAINT `FK_pha_drug_generic_tenant` FOREIGN KEY (`tenant_id`) REFERENCES `co_tenant` (`tenant_id`) ON DELETE CASCADE ON UPDATE CASCADE
) ENGINE=InnoDB AUTO_INCREMENT=42 DEFAULT CHARSET=latin1;

/*Data for the table `pha_drug_generic` */

insert  into `pha_drug_generic`(`drug_generic_id`,`tenant_id`,`drug_class_id`,`generic_id`,`status`,`created_by`,`created_at`,`modified_by`,`modified_at`,`deleted_at`) values (40,58,1,2,'1',51,'2016-03-04 19:48:30',51,'2016-03-04 19:48:30','0000-00-00 00:00:00'),(41,58,1,1,'1',51,'2016-03-04 19:48:39',51,'2016-03-04 19:48:39','0000-00-00 00:00:00');

/*Table structure for table `pha_generic` */

DROP TABLE IF EXISTS `pha_generic`;

CREATE TABLE `pha_generic` (
  `generic_id` int(11) NOT NULL AUTO_INCREMENT,
  `tenant_id` int(11) NOT NULL,
  `generic_name` varchar(255) NOT NULL,
  `status` enum('0','1') DEFAULT '1',
  `created_by` int(11) NOT NULL,
  `created_at` timestamp NOT NULL DEFAULT CURRENT_TIMESTAMP,
  `modified_by` int(11) DEFAULT NULL,
  `modified_at` timestamp NULL DEFAULT NULL,
  `deleted_at` timestamp NULL DEFAULT '0000-00-00 00:00:00',
  PRIMARY KEY (`generic_id`),
  UNIQUE KEY `PhaBrandgenericUnique` (`tenant_id`,`generic_name`,`deleted_at`),
  FULLTEXT KEY `GenericNameFulltext` (`generic_name`),
  CONSTRAINT `FK_pha_brand_generic_tenant` FOREIGN KEY (`tenant_id`) REFERENCES `co_tenant` (`tenant_id`) ON DELETE CASCADE ON UPDATE CASCADE
) ENGINE=InnoDB AUTO_INCREMENT=5 DEFAULT CHARSET=latin1;

/*Data for the table `pha_generic` */

insert  into `pha_generic`(`generic_id`,`tenant_id`,`generic_name`,`status`,`created_by`,`created_at`,`modified_by`,`modified_at`,`deleted_at`) values (1,58,'IRON FOLIC ACID VITAMIN B & ZINC','1',51,'2016-03-03 18:20:16',51,'2016-03-03 18:20:16','0000-00-00 00:00:00'),(2,58,'ACAMPROSATECALCIUM','1',51,'2016-03-04 13:48:40',51,'2016-03-04 13:48:40','0000-00-00 00:00:00'),(3,58,'S-ADENOSYL METHIONINE','1',51,'2016-03-16 16:31:27',51,'2016-03-16 16:31:27','0000-00-00 00:00:00'),(4,58,'MEMANTINE HYDROCHLORIDE','1',51,'2016-03-16 16:33:34',51,'2016-03-16 16:33:34','0000-00-00 00:00:00');

/*Table structure for table `pha_package_unit` */

DROP TABLE IF EXISTS `pha_package_unit`;

CREATE TABLE `pha_package_unit` (
  `package_id` int(11) NOT NULL AUTO_INCREMENT,
  `tenant_id` int(11) NOT NULL,
  `package_name` varchar(255) NOT NULL,
  `package_unit` varchar(100) NOT NULL,
  `status` enum('0','1') DEFAULT '1',
  `created_by` int(11) NOT NULL,
  `created_at` timestamp NOT NULL DEFAULT CURRENT_TIMESTAMP,
  `modified_by` int(11) DEFAULT NULL,
  `modified_at` timestamp NULL DEFAULT NULL,
  `deleted_at` timestamp NULL DEFAULT '0000-00-00 00:00:00',
  PRIMARY KEY (`package_id`),
  UNIQUE KEY `PhapackageUnique` (`tenant_id`,`package_name`,`package_unit`,`deleted_at`),
  CONSTRAINT `FK_pha_package_tenant` FOREIGN KEY (`tenant_id`) REFERENCES `co_tenant` (`tenant_id`) ON DELETE CASCADE ON UPDATE CASCADE
) ENGINE=InnoDB AUTO_INCREMENT=6 DEFAULT CHARSET=latin1;

/*Data for the table `pha_package_unit` */

insert  into `pha_package_unit`(`package_id`,`tenant_id`,`package_name`,`package_unit`,`status`,`created_by`,`created_at`,`modified_by`,`modified_at`,`deleted_at`) values (1,58,'10s','10','1',51,'2016-03-07 15:26:15',51,'2016-03-07 15:26:15','0000-00-00 00:00:00'),(2,58,'Paking','10','1',51,'2016-03-16 16:56:01',51,'2016-03-16 16:56:01','0000-00-00 00:00:00'),(3,58,'Packing','1','1',51,'2016-03-16 16:56:56',51,'2016-03-16 16:56:56','0000-00-00 00:00:00'),(4,58,'Unit','5','1',51,'2016-03-16 16:57:33',51,'2016-03-16 16:57:33','0000-00-00 00:00:00'),(5,58,'Sale Unit','10','1',51,'2016-03-16 16:57:43',51,'2016-03-16 16:57:43','0000-00-00 00:00:00');

/*Table structure for table `pha_product` */

DROP TABLE IF EXISTS `pha_product`;

CREATE TABLE `pha_product` (
  `product_id` int(11) NOT NULL AUTO_INCREMENT,
  `tenant_id` int(11) NOT NULL,
  `product_code` varchar(50) NOT NULL,
  `product_name` varchar(255) NOT NULL,
  `product_unit` varchar(25) NOT NULL,
  `product_unit_count` varchar(25) NOT NULL,
  `product_description_id` int(11) NOT NULL,
  `product_reorder_min` smallint(6) NOT NULL,
  `product_reorder_max` smallint(6) NOT NULL,
  `product_price` decimal(10,2) NOT NULL,
  `product_location` varchar(255) DEFAULT NULL,
  `brand_id` int(11) NOT NULL,
  `division_id` int(11) NOT NULL,
  `generic_id` int(11) NOT NULL,
  `drug_class_id` int(11) DEFAULT NULL,
  `purchase_vat_id` int(11) NOT NULL,
  `purchase_package_id` int(11) NOT NULL,
  `sales_vat_id` int(11) NOT NULL,
  `sales_package_id` int(11) NOT NULL,
  `status` enum('0','1') DEFAULT '1',
  `supplier_id_1` int(11) DEFAULT NULL,
  `supplier_id_2` int(11) DEFAULT NULL,
  `supplier_id_3` int(11) DEFAULT NULL,
  `created_by` int(11) NOT NULL,
  `created_at` timestamp NOT NULL DEFAULT CURRENT_TIMESTAMP,
  `modified_by` int(11) DEFAULT NULL,
  `modified_at` timestamp NULL DEFAULT NULL,
  `deleted_at` timestamp NULL DEFAULT '0000-00-00 00:00:00',
  PRIMARY KEY (`product_id`),
  UNIQUE KEY `PhaProductUnique` (`tenant_id`,`product_name`),
  KEY `FK_pha_product_description` (`product_description_id`),
  KEY `FK_pha_product_brand` (`brand_id`),
  KEY `FK_pha_product_division` (`division_id`),
  KEY `FK_pha_product_generic` (`generic_id`),
  KEY `FK_pha_product_purchase_vat` (`purchase_vat_id`),
  KEY `FK_pha_product_sales_vat` (`sales_vat_id`),
  KEY `FK_pha_product_purchase_packing_unit` (`purchase_package_id`),
  KEY `FK_pha_product_sales_packing_unit` (`sales_package_id`),
  FULLTEXT KEY `ProductNameFulltext` (`product_name`),
  FULLTEXT KEY `ProductUnitFulltext` (`product_unit`),
  FULLTEXT KEY `ProductUnitCountFulltext` (`product_unit_count`),
  CONSTRAINT `FK_pha_product_brand` FOREIGN KEY (`brand_id`) REFERENCES `pha_brand` (`brand_id`) ON DELETE CASCADE ON UPDATE CASCADE,
  CONSTRAINT `FK_pha_product_description` FOREIGN KEY (`product_description_id`) REFERENCES `pha_product_description` (`description_id`) ON DELETE CASCADE ON UPDATE CASCADE,
  CONSTRAINT `FK_pha_product_division` FOREIGN KEY (`division_id`) REFERENCES `pha_brand_division` (`division_id`) ON DELETE CASCADE ON UPDATE CASCADE,
  CONSTRAINT `FK_pha_product_generic` FOREIGN KEY (`generic_id`) REFERENCES `pha_generic` (`generic_id`) ON DELETE CASCADE ON UPDATE CASCADE,
  CONSTRAINT `FK_pha_product_purchase_packing_unit` FOREIGN KEY (`purchase_package_id`) REFERENCES `pha_package_unit` (`package_id`) ON DELETE CASCADE ON UPDATE CASCADE,
  CONSTRAINT `FK_pha_product_purchase_vat` FOREIGN KEY (`purchase_vat_id`) REFERENCES `pha_vat` (`vat_id`) ON DELETE CASCADE ON UPDATE CASCADE,
  CONSTRAINT `FK_pha_product_sales_packing_unit` FOREIGN KEY (`sales_package_id`) REFERENCES `pha_package_unit` (`package_id`) ON DELETE CASCADE ON UPDATE CASCADE,
  CONSTRAINT `FK_pha_product_sales_vat` FOREIGN KEY (`sales_vat_id`) REFERENCES `pha_vat` (`vat_id`) ON DELETE CASCADE ON UPDATE CASCADE,
  CONSTRAINT `FK_pha_product_tenant` FOREIGN KEY (`tenant_id`) REFERENCES `co_tenant` (`tenant_id`) ON DELETE CASCADE ON UPDATE CASCADE
) ENGINE=InnoDB AUTO_INCREMENT=5 DEFAULT CHARSET=latin1;

/*Data for the table `pha_product` */

insert  into `pha_product`(`product_id`,`tenant_id`,`product_code`,`product_name`,`product_unit`,`product_unit_count`,`product_description_id`,`product_reorder_min`,`product_reorder_max`,`product_price`,`product_location`,`brand_id`,`division_id`,`generic_id`,`drug_class_id`,`purchase_vat_id`,`purchase_package_id`,`sales_vat_id`,`sales_package_id`,`status`,`supplier_id_1`,`supplier_id_2`,`supplier_id_3`,`created_by`,`created_at`,`modified_by`,`modified_at`,`deleted_at`) values (1,58,'A00001','ABDIFER','MG','1',1,50,0,'50.00',NULL,1,1,1,NULL,1,1,1,1,'1',NULL,NULL,NULL,1,'2016-03-07 15:26:33',51,'2016-03-31 16:57:15','0000-00-00 00:00:00'),(2,58,'VGGU2V','ADESAM','MG','2',1,50,0,'60.00',NULL,1,1,1,1,2,1,2,1,'1',NULL,NULL,NULL,51,'2016-03-09 17:49:04',51,'2016-03-09 17:49:04','0000-00-00 00:00:00'),(3,58,'NGVS0O','ALZIL','MG','10',1,50,0,'0.00',NULL,1,1,1,1,1,1,1,1,'1',NULL,NULL,NULL,51,'2016-03-30 16:20:00',51,'2016-03-30 16:20:00','0000-00-00 00:00:00'),(4,58,'LHCGO9','ATTENTROL','MG','1',1,50,0,'0.00',NULL,1,1,1,1,1,1,1,1,'1',NULL,NULL,NULL,51,'2016-04-21 18:25:00',51,'2016-04-21 18:25:00','0000-00-00 00:00:00');

/*Table structure for table `pha_product_batch` */

DROP TABLE IF EXISTS `pha_product_batch`;

CREATE TABLE `pha_product_batch` (
  `batch_id` int(11) NOT NULL AUTO_INCREMENT,
  `tenant_id` int(11) NOT NULL,
  `product_id` int(11) NOT NULL,
  `batch_no` varchar(255) NOT NULL,
  `expiry_date` date NOT NULL,
  `total_qty` int(11) NOT NULL,
  `available_qty` int(11) NOT NULL,
  `status` enum('0','1') DEFAULT '1',
  `created_by` int(11) NOT NULL,
  `created_at` timestamp NOT NULL DEFAULT CURRENT_TIMESTAMP,
  `modified_by` int(11) DEFAULT NULL,
  `modified_at` timestamp NULL DEFAULT NULL,
  `deleted_at` timestamp NULL DEFAULT '0000-00-00 00:00:00',
  PRIMARY KEY (`batch_id`),
  KEY `FK_pha_product_batch_tenant` (`tenant_id`),
  KEY `FK_pha_product_batch_product` (`product_id`),
  CONSTRAINT `FK_pha_product_batch_product` FOREIGN KEY (`product_id`) REFERENCES `pha_product` (`product_id`) ON DELETE CASCADE ON UPDATE CASCADE,
  CONSTRAINT `FK_pha_product_batch_tenant` FOREIGN KEY (`tenant_id`) REFERENCES `co_tenant` (`tenant_id`) ON DELETE CASCADE ON UPDATE CASCADE
) ENGINE=InnoDB AUTO_INCREMENT=36 DEFAULT CHARSET=latin1;

/*Data for the table `pha_product_batch` */

insert  into `pha_product_batch`(`batch_id`,`tenant_id`,`product_id`,`batch_no`,`expiry_date`,`total_qty`,`available_qty`,`status`,`created_by`,`created_at`,`modified_by`,`modified_at`,`deleted_at`) values (31,58,1,'20015','2016-05-01',264,17,'1',51,'2016-03-10 14:01:01',51,'2016-05-30 11:05:29','0000-00-00 00:00:00'),(32,58,2,'2000','2016-03-01',50,-3,'1',51,'2016-03-10 14:01:02',51,'2016-05-30 10:59:59','0000-00-00 00:00:00'),(33,58,1,'2000','2016-09-01',18,-55,'1',51,'2016-03-10 14:01:26',51,'2016-05-24 14:02:38','0000-00-00 00:00:00'),(34,58,2,'1510','2016-11-01',10,-15,'1',51,'2016-03-11 13:08:10',51,'2016-05-24 13:00:36','0000-00-00 00:00:00'),(35,58,3,'1000','2016-08-01',40,-358,'1',51,'2016-03-31 16:00:45',51,'2016-05-30 11:05:30','0000-00-00 00:00:00');

/*Table structure for table `pha_product_batch_rate` */

DROP TABLE IF EXISTS `pha_product_batch_rate`;

CREATE TABLE `pha_product_batch_rate` (
  `batch_rate_id` int(11) NOT NULL AUTO_INCREMENT,
  `tenant_id` int(11) NOT NULL,
  `batch_id` int(11) NOT NULL,
  `mrp` decimal(10,2) NOT NULL,
  `status` enum('0','1') DEFAULT '1',
  `created_by` int(11) NOT NULL,
  `created_at` timestamp NOT NULL DEFAULT CURRENT_TIMESTAMP,
  `modified_by` int(11) DEFAULT NULL,
  `modified_at` timestamp NULL DEFAULT NULL,
  `deleted_at` timestamp NULL DEFAULT '0000-00-00 00:00:00',
  PRIMARY KEY (`batch_rate_id`),
  KEY `FK_pha_product_batch_rate_tenant` (`tenant_id`),
  KEY `FK_pha_product_batch_rate_batch` (`batch_id`),
  CONSTRAINT `FK_pha_product_batch_rate_batch` FOREIGN KEY (`batch_id`) REFERENCES `pha_product_batch` (`batch_id`) ON DELETE CASCADE ON UPDATE CASCADE,
  CONSTRAINT `FK_pha_product_batch_rate_tenant` FOREIGN KEY (`tenant_id`) REFERENCES `co_tenant` (`tenant_id`) ON DELETE CASCADE ON UPDATE CASCADE
) ENGINE=InnoDB AUTO_INCREMENT=34 DEFAULT CHARSET=latin1;

/*Data for the table `pha_product_batch_rate` */

insert  into `pha_product_batch_rate`(`batch_rate_id`,`tenant_id`,`batch_id`,`mrp`,`status`,`created_by`,`created_at`,`modified_by`,`modified_at`,`deleted_at`) values (29,58,31,'14000.00','1',51,'2016-03-10 14:01:02',51,'2016-04-16 13:33:45','0000-00-00 00:00:00'),(30,58,32,'960.00','1',51,'2016-03-10 14:01:02',51,'2016-03-11 16:32:52','0000-00-00 00:00:00'),(31,58,33,'100.00','1',51,'2016-03-10 14:01:26',51,'2016-04-16 13:31:44','0000-00-00 00:00:00'),(32,58,34,'150.00','1',51,'2016-03-11 13:08:10',51,'2016-03-11 13:08:10','0000-00-00 00:00:00'),(33,58,35,'10.00','1',51,'2016-03-31 16:00:45',51,'2016-03-31 16:01:22','0000-00-00 00:00:00');

/*Table structure for table `pha_product_description` */

DROP TABLE IF EXISTS `pha_product_description`;

CREATE TABLE `pha_product_description` (
  `description_id` int(11) NOT NULL AUTO_INCREMENT,
  `tenant_id` int(11) NOT NULL,
  `description_name` varchar(255) NOT NULL,
  `status` enum('0','1') DEFAULT '1',
  `created_by` int(11) NOT NULL,
  `created_at` timestamp NOT NULL DEFAULT CURRENT_TIMESTAMP,
  `modified_by` int(11) DEFAULT NULL,
  `modified_at` timestamp NULL DEFAULT NULL,
  `deleted_at` timestamp NULL DEFAULT '0000-00-00 00:00:00',
  PRIMARY KEY (`description_id`),
  UNIQUE KEY `PhadescriptionUnique` (`tenant_id`,`description_name`,`deleted_at`),
  CONSTRAINT `FK_pha_description_tenant` FOREIGN KEY (`tenant_id`) REFERENCES `co_tenant` (`tenant_id`) ON DELETE CASCADE ON UPDATE CASCADE
) ENGINE=InnoDB AUTO_INCREMENT=7 DEFAULT CHARSET=latin1;

/*Data for the table `pha_product_description` */

insert  into `pha_product_description`(`description_id`,`tenant_id`,`description_name`,`status`,`created_by`,`created_at`,`modified_by`,`modified_at`,`deleted_at`) values (1,58,'Tablet','1',51,'2016-03-07 15:25:04',51,'2016-03-07 15:25:04','0000-00-00 00:00:00'),(2,58,'New Tablet','1',51,'2016-03-16 15:32:08',51,'2016-03-16 15:32:08','0000-00-00 00:00:00'),(3,58,'New wwee','1',51,'2016-03-16 15:35:25',51,'2016-03-16 15:35:25','0000-00-00 00:00:00'),(4,58,'New Product DESC','1',51,'2016-03-16 15:35:57',51,'2016-03-16 15:35:57','0000-00-00 00:00:00'),(5,58,'Again New','1',51,'2016-03-16 15:38:23',51,'2016-03-16 15:38:23','0000-00-00 00:00:00'),(6,58,'New neeee','1',51,'2016-03-16 15:42:29',51,'2016-03-16 15:42:29','0000-00-00 00:00:00');

/*Table structure for table `pha_purchase` */

DROP TABLE IF EXISTS `pha_purchase`;

CREATE TABLE `pha_purchase` (
  `purchase_id` int(11) NOT NULL AUTO_INCREMENT,
  `tenant_id` int(11) NOT NULL,
  `purchase_code` varchar(50) NOT NULL,
  `invoice_date` date NOT NULL,
  `invoice_no` varchar(50) NOT NULL,
  `payment_type` enum('CA','CR') NOT NULL DEFAULT 'CA' COMMENT 'CA -> Cash, CR -> Credit',
  `supplier_id` int(11) NOT NULL,
  `total_item_purchase_amount` decimal(10,2) DEFAULT NULL,
  `total_item_vat_amount` decimal(10,2) DEFAULT NULL,
  `total_item_discount_amount` decimal(10,2) DEFAULT NULL,
  `before_disc_amount` decimal(10,2) DEFAULT NULL,
  `discount_percent` decimal(10,2) DEFAULT NULL,
  `discount_amount` decimal(10,2) DEFAULT NULL,
  `after_disc_amount` decimal(10,2) DEFAULT NULL,
  `roundoff_amount` decimal(10,2) DEFAULT NULL,
  `net_amount` decimal(10,2) DEFAULT NULL COMMENT '(Total Amount - Discount Amount) +- RoundOff',
  `gr_num` varchar(50) DEFAULT NULL,
  `status` enum('0','1') DEFAULT '1',
  `created_by` int(11) NOT NULL,
  `created_at` timestamp NOT NULL DEFAULT CURRENT_TIMESTAMP,
  `modified_by` int(11) DEFAULT NULL,
  `modified_at` timestamp NULL DEFAULT NULL,
  `deleted_at` timestamp NULL DEFAULT '0000-00-00 00:00:00',
  PRIMARY KEY (`purchase_id`),
  UNIQUE KEY `PhaPurchaseInvoiceUnique` (`tenant_id`,`invoice_no`),
  KEY `FK_pha_purchase_tenant` (`tenant_id`),
  KEY `FK_pha_purchase_supplier` (`supplier_id`),
  CONSTRAINT `FK_pha_purchase_supplier` FOREIGN KEY (`supplier_id`) REFERENCES `pha_supplier` (`supplier_id`) ON DELETE CASCADE ON UPDATE CASCADE,
  CONSTRAINT `FK_pha_purchase_tenant` FOREIGN KEY (`tenant_id`) REFERENCES `co_tenant` (`tenant_id`) ON DELETE CASCADE ON UPDATE CASCADE
) ENGINE=InnoDB AUTO_INCREMENT=39 DEFAULT CHARSET=latin1;

/*Data for the table `pha_purchase` */

insert  into `pha_purchase`(`purchase_id`,`tenant_id`,`purchase_code`,`invoice_date`,`invoice_no`,`payment_type`,`supplier_id`,`total_item_purchase_amount`,`total_item_vat_amount`,`total_item_discount_amount`,`before_disc_amount`,`discount_percent`,`discount_amount`,`after_disc_amount`,`roundoff_amount`,`net_amount`,`gr_num`,`status`,`created_by`,`created_at`,`modified_by`,`modified_at`,`deleted_at`) values (36,58,'AH0000017','2016-03-10','1000','CR',1,'1900.00','100.00','100.00','2000.00',NULL,'0.00','2000.00','0.00','2000.00',NULL,'1',51,'2016-03-10 14:01:01',51,'2016-03-10 17:07:38','0000-00-00 00:00:00'),(37,58,'AH0000018','2016-03-11','10020','CR',1,'1917.00','308.85','213.00','2225.85','10.00','191.70','2034.15','0.15','2034.00',NULL,'1',51,'2016-03-11 13:08:10',51,'2016-03-11 13:08:10','0000-00-00 00:00:00'),(38,58,'AH0000019','2016-03-31','0151','CA',1,'90.00','5.00','10.00','95.00',NULL,'0.00','95.00','0.00','95.00',NULL,'1',51,'2016-03-31 16:00:45',51,'2016-03-31 16:01:22','0000-00-00 00:00:00');

/*Table structure for table `pha_purchase_item` */

DROP TABLE IF EXISTS `pha_purchase_item`;

CREATE TABLE `pha_purchase_item` (
  `purchase_item_id` int(11) NOT NULL AUTO_INCREMENT,
  `tenant_id` int(11) NOT NULL,
  `purchase_id` int(11) NOT NULL,
  `product_id` int(11) NOT NULL,
  `batch_id` int(11) NOT NULL,
  `quantity` int(11) NOT NULL,
  `free_quantity` int(11) DEFAULT '0',
  `free_quantity_unit` int(11) DEFAULT '0',
  `mrp` decimal(10,2) NOT NULL,
  `purchase_rate` decimal(10,2) NOT NULL,
  `purchase_amount` decimal(10,2) NOT NULL COMMENT 'Qty * Purchase Rate',
  `discount_percent` decimal(10,2) DEFAULT '0.00',
  `discount_amount` decimal(10,2) DEFAULT '0.00',
  `total_amount` decimal(10,2) DEFAULT NULL COMMENT '(Purchase Amount - Discount Amount)',
  `package_name` varchar(255) NOT NULL,
  `vat_amount` decimal(10,2) NOT NULL,
  `vat_percent` decimal(10,2) DEFAULT NULL,
  `status` enum('0','1') DEFAULT '1',
  `created_by` int(11) NOT NULL,
  `created_at` timestamp NOT NULL DEFAULT CURRENT_TIMESTAMP,
  `modified_by` int(11) DEFAULT NULL,
  `modified_at` timestamp NULL DEFAULT NULL,
  `deleted_at` timestamp NULL DEFAULT '0000-00-00 00:00:00',
  PRIMARY KEY (`purchase_item_id`),
  KEY `FK_pha_purchase_item_tenant` (`tenant_id`),
  KEY `FK_pha_purchase_item_purchase` (`purchase_id`),
  KEY `FK_pha_purchase_item_product` (`product_id`),
  KEY `FK_pha_purchase_item_batch` (`batch_id`),
  CONSTRAINT `FK_pha_purchase_item_batch` FOREIGN KEY (`batch_id`) REFERENCES `pha_product_batch` (`batch_id`) ON DELETE CASCADE ON UPDATE CASCADE,
  CONSTRAINT `FK_pha_purchase_item_product` FOREIGN KEY (`product_id`) REFERENCES `pha_product` (`product_id`) ON DELETE CASCADE ON UPDATE CASCADE,
  CONSTRAINT `FK_pha_purchase_item_purchase` FOREIGN KEY (`purchase_id`) REFERENCES `pha_purchase` (`purchase_id`) ON DELETE CASCADE ON UPDATE CASCADE,
  CONSTRAINT `FK_pha_purchase_item_tenant` FOREIGN KEY (`tenant_id`) REFERENCES `co_tenant` (`tenant_id`) ON DELETE CASCADE ON UPDATE CASCADE
) ENGINE=InnoDB AUTO_INCREMENT=50 DEFAULT CHARSET=latin1;

/*Data for the table `pha_purchase_item` */

insert  into `pha_purchase_item`(`purchase_item_id`,`tenant_id`,`purchase_id`,`product_id`,`batch_id`,`quantity`,`free_quantity`,`free_quantity_unit`,`mrp`,`purchase_rate`,`purchase_amount`,`discount_percent`,`discount_amount`,`total_amount`,`package_name`,`vat_amount`,`vat_percent`,`status`,`created_by`,`created_at`,`modified_by`,`modified_at`,`deleted_at`) values (45,58,36,1,31,10,10,0,'100.00','100.00','1000.00','0.00','0.00','1000.00','10s','50.00','5.00','1',51,'2016-03-10 14:01:02',51,'2016-03-10 17:07:38','0000-00-00 00:00:00'),(47,58,36,1,33,10,10,0,'100.00','100.00','1000.00','10.00','100.00','900.00','10s','50.00','5.00','1',51,'2016-03-10 14:01:26',51,'2016-03-10 17:07:38','0000-00-00 00:00:00'),(48,58,37,2,34,15,0,0,'150.00','142.00','2130.00','10.00','213.00','1917.00','10s','308.85','14.50','1',51,'2016-03-11 13:08:10',51,'2016-03-11 13:08:10','0000-00-00 00:00:00'),(49,58,38,3,35,10,25,0,'10.00','10.00','100.00','10.00','10.00','90.00','10s','5.00','5.00','1',51,'2016-03-31 16:00:45',51,'2016-03-31 16:01:22','0000-00-00 00:00:00');

/*Table structure for table `pha_purchase_return` */

DROP TABLE IF EXISTS `pha_purchase_return`;

CREATE TABLE `pha_purchase_return` (
  `purchase_ret_id` int(11) NOT NULL AUTO_INCREMENT,
  `tenant_id` int(11) NOT NULL,
  `purchase_ret_code` varchar(50) NOT NULL,
  `invoice_date` date NOT NULL,
  `invoice_no` varchar(50) NOT NULL,
  `supplier_id` int(11) NOT NULL,
  `total_item_purchase_ret_amount` decimal(10,2) DEFAULT NULL,
  `total_item_vat_amount` decimal(10,2) DEFAULT NULL,
  `total_item_discount_amount` decimal(10,2) DEFAULT NULL,
  `before_disc_amount` decimal(10,2) DEFAULT NULL,
  `discount_percent` decimal(10,2) DEFAULT '0.00',
  `discount_amount` decimal(10,2) DEFAULT '0.00',
  `after_disc_amount` decimal(10,2) DEFAULT NULL,
  `roundoff_amount` decimal(10,2) DEFAULT NULL,
  `net_amount` decimal(10,2) DEFAULT NULL COMMENT '(Total Amount - Discount Amount) +- RoundOff',
  `status` enum('0','1') DEFAULT '1',
  `created_by` int(11) NOT NULL,
  `created_at` timestamp NOT NULL DEFAULT CURRENT_TIMESTAMP,
  `modified_by` int(11) DEFAULT NULL,
  `modified_at` timestamp NULL DEFAULT NULL,
  `deleted_at` timestamp NULL DEFAULT '0000-00-00 00:00:00',
  PRIMARY KEY (`purchase_ret_id`),
  KEY `FK_pha_purchase_ret_tenant` (`tenant_id`),
  KEY `FK_pha_purchase_ret_supplier` (`supplier_id`),
  CONSTRAINT `FK_pha_purchase_ret_supplier` FOREIGN KEY (`supplier_id`) REFERENCES `pha_supplier` (`supplier_id`) ON DELETE CASCADE ON UPDATE CASCADE,
  CONSTRAINT `FK_pha_purchase_ret_tenant` FOREIGN KEY (`tenant_id`) REFERENCES `co_tenant` (`tenant_id`) ON DELETE CASCADE ON UPDATE CASCADE
) ENGINE=InnoDB AUTO_INCREMENT=45 DEFAULT CHARSET=latin1;

/*Data for the table `pha_purchase_return` */

insert  into `pha_purchase_return`(`purchase_ret_id`,`tenant_id`,`purchase_ret_code`,`invoice_date`,`invoice_no`,`supplier_id`,`total_item_purchase_ret_amount`,`total_item_vat_amount`,`total_item_discount_amount`,`before_disc_amount`,`discount_percent`,`discount_amount`,`after_disc_amount`,`roundoff_amount`,`net_amount`,`status`,`created_by`,`created_at`,`modified_by`,`modified_at`,`deleted_at`) values (43,58,'PR0000003','2016-03-11','15411',1,'5650.00','752.50','850.00','6402.50',NULL,'0.00','6402.50','0.50','6403.00','1',51,'2016-03-11 13:38:45',51,'2016-03-11 15:14:39','0000-00-00 00:00:00'),(44,58,'PR0000004','2016-03-11','15411',1,'900.00','50.00','100.00','950.00','0.00','0.00','950.00','0.00','950.00','1',51,'2016-03-11 15:15:03',51,'2016-03-11 15:15:03','0000-00-00 00:00:00');

/*Table structure for table `pha_purchase_return_item` */

DROP TABLE IF EXISTS `pha_purchase_return_item`;

CREATE TABLE `pha_purchase_return_item` (
  `purchase_ret_item_id` int(11) NOT NULL AUTO_INCREMENT,
  `tenant_id` int(11) NOT NULL,
  `purchase_ret_id` int(11) NOT NULL,
  `product_id` int(11) NOT NULL,
  `batch_id` int(11) NOT NULL,
  `quantity` int(11) NOT NULL,
  `free_quantity` int(11) DEFAULT '0',
  `free_quantity_unit` int(11) DEFAULT '0',
  `mrp` decimal(10,2) NOT NULL,
  `purchase_ret_rate` decimal(10,2) NOT NULL,
  `purchase_ret_amount` decimal(10,2) NOT NULL COMMENT 'Qty * Purchase Rate',
  `discount_percent` decimal(10,2) DEFAULT '0.00',
  `discount_amount` decimal(10,2) DEFAULT '0.00',
  `total_amount` decimal(10,2) DEFAULT NULL COMMENT '(Purchase Amount - Discount Amount)',
  `package_name` varchar(255) NOT NULL,
  `vat_amount` decimal(10,2) NOT NULL,
  `vat_percent` decimal(10,2) DEFAULT NULL,
  `status` enum('0','1') DEFAULT '1',
  `created_by` int(11) NOT NULL,
  `created_at` timestamp NOT NULL DEFAULT CURRENT_TIMESTAMP,
  `modified_by` int(11) DEFAULT NULL,
  `modified_at` timestamp NULL DEFAULT NULL,
  `deleted_at` timestamp NULL DEFAULT '0000-00-00 00:00:00',
  PRIMARY KEY (`purchase_ret_item_id`),
  KEY `FK_pha_purchase_ret_item_tenant` (`tenant_id`),
  KEY `FK_pha_purchase_ret_item_purchase` (`purchase_ret_id`),
  KEY `FK_pha_purchase_ret_item_product` (`product_id`),
  KEY `FK_pha_purchase_ret_item_batch` (`batch_id`),
  CONSTRAINT `FK_pha_purchase_ret_item_batch` FOREIGN KEY (`batch_id`) REFERENCES `pha_product_batch` (`batch_id`) ON DELETE CASCADE ON UPDATE CASCADE,
  CONSTRAINT `FK_pha_purchase_ret_item_product` FOREIGN KEY (`product_id`) REFERENCES `pha_product` (`product_id`) ON DELETE CASCADE ON UPDATE CASCADE,
  CONSTRAINT `FK_pha_purchase_ret_item_purchase` FOREIGN KEY (`purchase_ret_id`) REFERENCES `pha_purchase_return` (`purchase_ret_id`) ON DELETE CASCADE ON UPDATE CASCADE,
  CONSTRAINT `FK_pha_purchase_ret_item_tenant` FOREIGN KEY (`tenant_id`) REFERENCES `co_tenant` (`tenant_id`) ON DELETE CASCADE ON UPDATE CASCADE
) ENGINE=InnoDB AUTO_INCREMENT=64 DEFAULT CHARSET=latin1;

/*Data for the table `pha_purchase_return_item` */

insert  into `pha_purchase_return_item`(`purchase_ret_item_id`,`tenant_id`,`purchase_ret_id`,`product_id`,`batch_id`,`quantity`,`free_quantity`,`free_quantity_unit`,`mrp`,`purchase_ret_rate`,`purchase_ret_amount`,`discount_percent`,`discount_amount`,`total_amount`,`package_name`,`vat_amount`,`vat_percent`,`status`,`created_by`,`created_at`,`modified_by`,`modified_at`,`deleted_at`) values (61,58,43,2,34,30,0,0,'150.00','150.00','4500.00','10.00','450.00','4050.00','10s','652.50','14.50','1',51,'2016-03-11 13:38:45',51,'2016-03-11 15:14:39','0000-00-00 00:00:00'),(62,58,43,1,31,20,0,0,'100.00','100.00','2000.00','20.00','400.00','1600.00','10s','100.00','5.00','1',51,'2016-03-11 13:38:45',51,'2016-03-11 15:14:39','0000-00-00 00:00:00'),(63,58,44,1,31,10,0,0,'100.00','100.00','1000.00','10.00','100.00','900.00','10s','50.00','5.00','1',51,'2016-03-11 15:15:03',51,'2016-03-11 15:15:03','0000-00-00 00:00:00');

/*Table structure for table `pha_sale` */

DROP TABLE IF EXISTS `pha_sale`;

CREATE TABLE `pha_sale` (
  `sale_id` int(11) NOT NULL AUTO_INCREMENT,
  `tenant_id` int(11) NOT NULL,
  `bill_no` varchar(50) NOT NULL,
  `patient_id` int(11) DEFAULT NULL,
  `mobile_no` varchar(50) DEFAULT NULL,
  `consultant_id` int(11) NOT NULL,
  `sale_date` date NOT NULL,
  `payment_type` enum('CA','CR','COD') NOT NULL DEFAULT 'CA' COMMENT 'CA - Cash, CR - Credit, COD - Cash On delivery',
  `total_item_vat_amount` decimal(10,2) DEFAULT NULL,
  `total_item_sale_amount` decimal(10,2) DEFAULT NULL,
  `total_item_discount_percent` decimal(10,2) DEFAULT NULL,
  `total_item_discount_amount` decimal(10,2) DEFAULT NULL COMMENT 'total_item_sale_amount * discount_percent',
  `total_item_amount` decimal(10,2) DEFAULT NULL COMMENT 'total_item_vat_amount + total_item_sale_amount - discount_amount',
  `welfare_amount` decimal(10,2) DEFAULT NULL,
  `roundoff_amount` decimal(10,2) DEFAULT NULL,
  `bill_amount` decimal(10,2) DEFAULT NULL COMMENT 'total_item_amount + welfare + roundoff',
  `payment_status` enum('P','C','PC') NOT NULL DEFAULT 'C' COMMENT 'P - Pending, C- Completed, PC - Partialy Completed',
  `encounter_id` int(11) DEFAULT NULL,
  `patient_name` varchar(50) DEFAULT NULL,
  `status` enum('0','1') DEFAULT '1',
  `created_by` int(11) NOT NULL,
  `created_at` timestamp NOT NULL DEFAULT CURRENT_TIMESTAMP,
  `modified_by` int(11) DEFAULT NULL,
  `modified_at` timestamp NULL DEFAULT NULL,
  `deleted_at` timestamp NULL DEFAULT '0000-00-00 00:00:00',
  PRIMARY KEY (`sale_id`),
  KEY `FK_pha_sale_tenant` (`tenant_id`),
  KEY `FK_pha_sale_patient` (`patient_id`),
  KEY `FK_pha_sale_consultant` (`consultant_id`),
  CONSTRAINT `FK_pha_sale_consultant` FOREIGN KEY (`consultant_id`) REFERENCES `co_user` (`user_id`) ON UPDATE CASCADE,
  CONSTRAINT `FK_pha_sale_tenant` FOREIGN KEY (`tenant_id`) REFERENCES `co_tenant` (`tenant_id`) ON DELETE CASCADE ON UPDATE CASCADE
) ENGINE=InnoDB AUTO_INCREMENT=45 DEFAULT CHARSET=latin1;

/*Data for the table `pha_sale` */

insert  into `pha_sale`(`sale_id`,`tenant_id`,`bill_no`,`patient_id`,`mobile_no`,`consultant_id`,`sale_date`,`payment_type`,`total_item_vat_amount`,`total_item_sale_amount`,`total_item_discount_percent`,`total_item_discount_amount`,`total_item_amount`,`welfare_amount`,`roundoff_amount`,`bill_amount`,`payment_status`,`encounter_id`,`patient_name`,`status`,`created_by`,`created_at`,`modified_by`,`modified_at`,`deleted_at`) values (30,58,'AH0000036',19,'9898989898',54,'2016-05-23','CR','5.00','100.00',NULL,'0.00','105.00',NULL,'0.00','105.00','C',163,'Gayatri','1',51,'2016-05-23 17:04:18',51,'2016-05-23 17:21:06','0000-00-00 00:00:00'),(31,58,'AH0000037',19,'9898989898',54,'2016-05-23','CR','696.00','4800.00',NULL,'0.00','5496.00',NULL,'0.00','5496.00','C',163,'Gayatri','1',51,'2016-05-23 17:04:36',51,'2016-05-23 17:21:06','0000-00-00 00:00:00'),(32,58,'AH0000038',39,'9566695006',54,'2016-05-23','CR','0.00','14000.00',NULL,'0.00','14000.00',NULL,'0.00','14000.00','PC',172,'Prakash Arul Mani','1',51,'2016-05-23 17:24:27',51,'2016-05-30 11:15:29','0000-00-00 00:00:00'),(33,58,'AH0000039',39,'9566695006',54,'2016-05-23','CA','278.40','1920.00',NULL,'0.00','2198.40',NULL,'0.40','2198.00','C',172,'Prakash Arul Mani','1',51,'2016-05-23 17:24:38',51,'2016-05-23 17:24:38','0000-00-00 00:00:00'),(34,58,'AH0000040',39,'9566695006',54,'2016-05-23','CR','0.00','10.00',NULL,'0.00','10.00',NULL,'0.00','10.00','C',148,'Prakash Arul Mani','1',51,'2016-05-23 17:25:21',51,'2016-05-23 17:27:40','0000-00-00 00:00:00'),(35,58,'AH0000041',39,'9566695006',54,'2016-05-23','CR','696.00','4800.00',NULL,'0.00','5496.00',NULL,'0.00','5496.00','C',148,'Prakash Arul Mani','1',51,'2016-05-23 17:25:32',51,'2016-05-23 17:28:25','0000-00-00 00:00:00'),(36,58,'AH0000042',NULL,NULL,54,'2016-05-23','COD','0.50','10.00',NULL,'0.00','10.50',NULL,'0.50','11.00','P',NULL,'aaaaa','1',51,'2016-05-23 17:59:20',51,'2016-05-23 17:59:20','0000-00-00 00:00:00'),(37,58,'AH0000043',NULL,NULL,56,'2016-05-23','CA','5.00','100.00',NULL,'0.00','105.00',NULL,'0.00','105.00','C',NULL,NULL,'1',51,'2016-05-23 18:28:49',51,'2016-05-23 18:28:50','0000-00-00 00:00:00'),(38,58,'AH0000044',34,'9865565668',54,'2016-05-23','CA','844.20','15060.00',NULL,'0.00','15904.20',NULL,'0.20','15904.00','C',171,'Prakash','1',51,'2016-05-23 18:58:49',51,'2016-05-23 18:58:49','0000-00-00 00:00:00'),(39,58,'AH0000045',20,'676767676',54,'2016-05-23','CA','5.00','100.00',NULL,'0.00','105.00',NULL,'0.00','105.00','C',165,'Rahul','1',51,'2016-05-23 19:07:53',51,'2016-05-23 19:07:53','0000-00-00 00:00:00'),(40,58,'AH0000046',NULL,NULL,54,'2016-05-24','CA','0.00','0.00',NULL,'0.00','0.00',NULL,'0.00','0.00','C',NULL,NULL,'1',51,'2016-05-24 12:59:06',51,'2016-05-24 12:59:06','0000-00-00 00:00:00'),(41,58,'AH0000047',40,'9789741406',56,'2016-05-24','CA','0.00','0.00',NULL,'0.00','0.00',NULL,'0.00','0.00','C',139,'Nadesh','1',51,'2016-05-24 13:00:36',51,'2016-05-24 13:00:36','0000-00-00 00:00:00'),(42,58,'AH0000048',NULL,NULL,58,'2016-05-24','CA','147.50','2950.00','0.00','0.00','3097.50',NULL,'0.50','3098.00','C',NULL,NULL,'1',51,'2016-05-24 14:02:36',51,'2016-05-24 14:02:37','0000-00-00 00:00:00'),(43,58,'AH0000050',NULL,NULL,54,'2016-05-30','CR','2789.00','19300.00',NULL,'0.00','22089.00',NULL,'0.00','22089.00','PC',NULL,'Vinoth','1',51,'2016-05-30 10:59:59',51,'2016-05-30 11:17:49','0000-00-00 00:00:00'),(44,58,'AH0000051',26,NULL,56,'2016-05-30','CR','7007.50','140150.00',NULL,'0.00','147157.50',NULL,'0.50','147158.00','PC',154,'rajesh','1',51,'2016-05-30 11:05:29',51,'2016-05-30 11:09:23','0000-00-00 00:00:00');

/*Table structure for table `pha_sale_billing` */

DROP TABLE IF EXISTS `pha_sale_billing`;

CREATE TABLE `pha_sale_billing` (
  `sale_billing_id` int(11) NOT NULL AUTO_INCREMENT,
  `sale_id` int(11) NOT NULL,
  `tenant_id` int(11) NOT NULL,
  `paid_date` date NOT NULL,
  `paid_amount` decimal(10,2) NOT NULL,
  `status` enum('0','1') DEFAULT '1',
  `created_by` int(11) NOT NULL,
  `created_at` timestamp NOT NULL DEFAULT CURRENT_TIMESTAMP,
  `modified_by` int(11) DEFAULT NULL,
  `modified_at` timestamp NULL DEFAULT NULL,
  `deleted_at` timestamp NULL DEFAULT '0000-00-00 00:00:00',
  PRIMARY KEY (`sale_billing_id`),
  KEY `FK_pha_sale_billing_tenant` (`tenant_id`),
  KEY `FK_pha_sale_billing_sale` (`sale_id`),
  CONSTRAINT `FK_pha_sale_billing_sale` FOREIGN KEY (`sale_id`) REFERENCES `pha_sale` (`sale_id`) ON DELETE CASCADE ON UPDATE CASCADE,
  CONSTRAINT `FK_pha_sale_billing_tenant` FOREIGN KEY (`tenant_id`) REFERENCES `co_tenant` (`tenant_id`) ON DELETE CASCADE ON UPDATE CASCADE
) ENGINE=InnoDB AUTO_INCREMENT=50 DEFAULT CHARSET=latin1;

/*Data for the table `pha_sale_billing` */

insert  into `pha_sale_billing`(`sale_billing_id`,`sale_id`,`tenant_id`,`paid_date`,`paid_amount`,`status`,`created_by`,`created_at`,`modified_by`,`modified_at`,`deleted_at`) values (1,30,58,'2016-05-23','105.00','1',51,'2016-05-23 17:21:06',51,'2016-05-23 17:21:06','0000-00-00 00:00:00'),(2,31,58,'2016-05-23','5496.00','1',51,'2016-05-23 17:21:06',51,'2016-05-23 17:21:06','0000-00-00 00:00:00'),(3,33,58,'2016-05-23','2198.00','1',51,'2016-05-23 17:24:38',51,'2016-05-23 17:24:38','0000-00-00 00:00:00'),(4,34,58,'2016-05-23','10.00','1',51,'2016-05-23 17:27:40',51,'2016-05-23 17:27:40','0000-00-00 00:00:00'),(5,35,58,'2016-05-23','4990.00','1',51,'2016-05-23 17:27:40',51,'2016-05-23 17:27:40','0000-00-00 00:00:00'),(6,35,58,'2016-05-23','400.00','1',51,'2016-05-23 17:28:14',51,'2016-05-23 17:28:14','0000-00-00 00:00:00'),(7,35,58,'2016-05-23','106.00','1',51,'2016-05-23 17:28:25',51,'2016-05-23 17:28:25','0000-00-00 00:00:00'),(8,32,58,'2016-05-23','10000.00','1',51,'2016-05-23 17:30:21',51,'2016-05-23 17:30:21','0000-00-00 00:00:00'),(9,37,58,'2016-05-23','105.00','1',51,'2016-05-23 18:28:50',51,'2016-05-23 18:28:50','0000-00-00 00:00:00'),(10,38,58,'2016-05-23','15904.00','1',51,'2016-05-23 18:58:49',51,'2016-05-23 18:58:49','0000-00-00 00:00:00'),(11,39,58,'2016-05-23','105.00','1',51,'2016-05-23 19:07:53',51,'2016-05-23 19:07:53','0000-00-00 00:00:00'),(12,32,58,'2016-05-23','180.00','1',51,'2016-05-23 19:09:12',51,'2016-05-23 19:09:12','0000-00-00 00:00:00'),(13,32,58,'2016-05-23','222.00','1',51,'2016-05-23 19:10:06',51,'2016-05-23 19:10:06','0000-00-00 00:00:00'),(14,32,58,'2016-05-23','100.00','1',51,'2016-05-23 19:10:41',51,'2016-05-23 19:10:41','0000-00-00 00:00:00'),(15,40,58,'2016-05-24','0.00','1',51,'2016-05-24 12:59:06',51,'2016-05-24 12:59:06','0000-00-00 00:00:00'),(16,41,58,'2016-05-24','0.00','1',51,'2016-05-24 13:00:36',51,'2016-05-24 13:00:36','0000-00-00 00:00:00'),(17,42,58,'2016-05-24','3098.00','1',51,'2016-05-24 14:02:37',51,'2016-05-24 14:02:37','0000-00-00 00:00:00'),(18,32,58,'2016-05-28','200.00','1',51,'2016-05-28 18:52:05',51,'2016-05-28 18:52:05','0000-00-00 00:00:00'),(19,32,58,'2016-05-28','1.00','1',51,'2016-05-28 18:59:27',51,'2016-05-28 18:59:27','0000-00-00 00:00:00'),(20,32,58,'2016-05-28','1.00','1',51,'2016-05-28 19:01:59',51,'2016-05-28 19:01:59','0000-00-00 00:00:00'),(21,32,58,'2016-05-28','1.00','1',51,'2016-05-28 19:13:11',51,'2016-05-28 19:13:11','0000-00-00 00:00:00'),(22,32,58,'2016-05-28','1.00','1',51,'2016-05-28 19:33:05',51,'2016-05-28 19:33:05','0000-00-00 00:00:00'),(23,32,58,'2016-05-28','1.00','1',51,'2016-05-28 19:34:08',51,'2016-05-28 19:34:08','0000-00-00 00:00:00'),(24,32,58,'2016-05-28','1.00','1',51,'2016-05-28 19:40:12',51,'2016-05-28 19:40:12','0000-00-00 00:00:00'),(25,32,58,'2016-05-28','1.00','1',51,'2016-05-28 19:41:21',51,'2016-05-28 19:41:21','0000-00-00 00:00:00'),(26,32,58,'2016-05-28','1.00','1',51,'2016-05-28 19:43:59',51,'2016-05-28 19:43:59','0000-00-00 00:00:00'),(27,32,58,'2016-05-28','1.00','1',51,'2016-05-28 19:45:09',51,'2016-05-28 19:45:09','0000-00-00 00:00:00'),(28,32,58,'2016-05-28','1.00','1',51,'2016-05-28 19:45:52',51,'2016-05-28 19:45:52','0000-00-00 00:00:00'),(29,32,58,'2016-05-30','1.00','1',51,'2016-05-30 10:13:28',51,'2016-05-30 10:13:28','0000-00-00 00:00:00'),(30,32,58,'2016-05-30','1.00','1',51,'2016-05-30 10:18:29',51,'2016-05-30 10:18:29','0000-00-00 00:00:00'),(31,32,58,'2016-05-30','1.00','1',51,'2016-05-30 10:20:29',51,'2016-05-30 10:20:29','0000-00-00 00:00:00'),(32,32,58,'2016-05-30','1.00','1',51,'2016-05-30 10:22:32',51,'2016-05-30 10:22:32','0000-00-00 00:00:00'),(33,32,58,'2016-05-30','1.00','1',51,'2016-05-30 10:23:13',51,'2016-05-30 10:23:13','0000-00-00 00:00:00'),(34,32,58,'2016-05-30','1.00','1',51,'2016-05-30 10:23:26',51,'2016-05-30 10:23:26','0000-00-00 00:00:00'),(35,32,58,'2016-05-30','1.00','1',51,'2016-05-30 10:23:45',51,'2016-05-30 10:23:45','0000-00-00 00:00:00'),(36,44,58,'2016-05-30','1.00','1',51,'2016-05-30 11:05:54',51,'2016-05-30 11:05:54','0000-00-00 00:00:00'),(37,44,58,'2016-05-30','1.00','1',51,'2016-05-30 11:06:07',51,'2016-05-30 11:06:07','0000-00-00 00:00:00'),(38,44,58,'2016-05-30','1.00','1',51,'2016-05-30 11:07:10',51,'2016-05-30 11:07:10','0000-00-00 00:00:00'),(39,44,58,'2016-05-30','1.00','1',51,'2016-05-30 11:08:02',51,'2016-05-30 11:08:02','0000-00-00 00:00:00'),(40,32,58,'2016-05-30','1.00','1',51,'2016-05-30 11:08:11',51,'2016-05-30 11:08:11','0000-00-00 00:00:00'),(41,44,58,'2016-05-30','1.00','1',51,'2016-05-30 11:08:45',51,'2016-05-30 11:08:45','0000-00-00 00:00:00'),(42,32,58,'2016-05-30','1.00','1',51,'2016-05-30 11:08:52',51,'2016-05-30 11:08:52','0000-00-00 00:00:00'),(43,44,58,'2016-05-30','10.00','1',51,'2016-05-30 11:09:23',51,'2016-05-30 11:09:23','0000-00-00 00:00:00'),(44,43,58,'2016-05-30','12.00','1',51,'2016-05-30 11:14:41',51,'2016-05-30 11:14:41','0000-00-00 00:00:00'),(45,43,58,'2016-05-30','12.00','1',51,'2016-05-30 11:14:52',51,'2016-05-30 11:14:52','0000-00-00 00:00:00'),(46,32,58,'2016-05-30','12.00','1',51,'2016-05-30 11:15:29',51,'2016-05-30 11:15:29','0000-00-00 00:00:00'),(47,43,58,'2016-05-30','6.00','1',51,'2016-05-30 11:15:44',51,'2016-05-30 11:15:44','0000-00-00 00:00:00'),(48,43,58,'2016-05-30','20.00','1',51,'2016-05-30 11:16:06',51,'2016-05-30 11:16:06','0000-00-00 00:00:00'),(49,43,58,'2016-05-30','39.00','1',51,'2016-05-30 11:17:49',51,'2016-05-30 11:17:49','0000-00-00 00:00:00');

/*Table structure for table `pha_sale_item` */

DROP TABLE IF EXISTS `pha_sale_item`;

CREATE TABLE `pha_sale_item` (
  `sale_item_id` int(11) NOT NULL AUTO_INCREMENT,
  `tenant_id` int(11) NOT NULL,
  `sale_id` int(11) NOT NULL,
  `product_id` int(11) NOT NULL,
  `batch_id` int(11) NOT NULL,
  `quantity` int(11) NOT NULL,
  `package_name` varchar(255) DEFAULT NULL,
  `mrp` decimal(10,2) NOT NULL,
  `item_amount` decimal(10,2) NOT NULL COMMENT 'qty * mrp',
  `vat_amount` decimal(10,2) DEFAULT NULL,
  `vat_percent` decimal(10,2) DEFAULT NULL,
  `status` enum('0','1') DEFAULT '1',
  `created_by` int(11) NOT NULL,
  `created_at` timestamp NOT NULL DEFAULT CURRENT_TIMESTAMP,
  `modified_by` int(11) DEFAULT NULL,
  `modified_at` timestamp NULL DEFAULT NULL,
  `deleted_at` timestamp NULL DEFAULT '0000-00-00 00:00:00',
  PRIMARY KEY (`sale_item_id`),
  KEY `FK_pha_sale_item_tenant` (`tenant_id`),
  KEY `FK_pha_sale_item` (`sale_id`),
  KEY `FK_pha_sale_item_product` (`product_id`),
  KEY `FK_pha_sale_item_batch` (`batch_id`),
  CONSTRAINT `FK_pha_sale_item` FOREIGN KEY (`sale_id`) REFERENCES `pha_sale` (`sale_id`) ON DELETE CASCADE ON UPDATE CASCADE,
  CONSTRAINT `FK_pha_sale_item_batch` FOREIGN KEY (`batch_id`) REFERENCES `pha_product_batch` (`batch_id`) ON DELETE CASCADE ON UPDATE CASCADE,
  CONSTRAINT `FK_pha_sale_item_product` FOREIGN KEY (`product_id`) REFERENCES `pha_product` (`product_id`) ON DELETE CASCADE ON UPDATE CASCADE,
  CONSTRAINT `FK_pha_sale_item_tenant` FOREIGN KEY (`tenant_id`) REFERENCES `co_tenant` (`tenant_id`) ON DELETE CASCADE ON UPDATE CASCADE
) ENGINE=InnoDB AUTO_INCREMENT=24 DEFAULT CHARSET=latin1;

/*Data for the table `pha_sale_item` */

insert  into `pha_sale_item`(`sale_item_id`,`tenant_id`,`sale_id`,`product_id`,`batch_id`,`quantity`,`package_name`,`mrp`,`item_amount`,`vat_amount`,`vat_percent`,`status`,`created_by`,`created_at`,`modified_by`,`modified_at`,`deleted_at`) values (1,58,30,3,35,10,'10s','10.00','100.00','5.00','5.00','1',51,'2016-05-23 17:04:18',51,'2016-05-23 17:04:18','0000-00-00 00:00:00'),(2,58,31,2,32,5,'10s','960.00','4800.00','696.00','14.50','1',51,'2016-05-23 17:04:36',51,'2016-05-23 17:04:36','0000-00-00 00:00:00'),(3,58,32,1,31,1,'','14000.00','14000.00','0.00','0.00','1',51,'2016-05-23 17:24:27',51,'2016-05-23 17:24:27','0000-00-00 00:00:00'),(4,58,33,2,32,2,'10s','960.00','1920.00','278.40','14.50','1',51,'2016-05-23 17:24:38',51,'2016-05-23 17:24:38','0000-00-00 00:00:00'),(5,58,34,3,35,1,'','10.00','10.00','0.00','0.00','1',51,'2016-05-23 17:25:21',51,'2016-05-23 17:25:21','0000-00-00 00:00:00'),(6,58,35,2,32,5,'10s','960.00','4800.00','696.00','14.50','1',51,'2016-05-23 17:25:32',51,'2016-05-23 17:25:32','0000-00-00 00:00:00'),(7,58,36,3,35,1,'10s','10.00','10.00','0.50','5.00','1',51,'2016-05-23 17:59:20',51,'2016-05-23 17:59:20','0000-00-00 00:00:00'),(8,58,37,3,35,10,'10s','10.00','100.00','5.00','5.00','1',51,'2016-05-23 18:28:50',51,'2016-05-23 18:28:50','0000-00-00 00:00:00'),(9,58,38,3,35,10,'10s','10.00','100.00','5.00','5.00','1',51,'2016-05-23 18:58:49',51,'2016-05-23 18:58:49','0000-00-00 00:00:00'),(10,58,38,2,32,1,'10s','960.00','960.00','139.20','14.50','1',51,'2016-05-23 18:58:49',51,'2016-05-23 18:58:49','0000-00-00 00:00:00'),(11,58,38,1,31,1,'10s','14000.00','14000.00','700.00','5.00','1',51,'2016-05-23 18:58:49',51,'2016-05-23 18:58:49','0000-00-00 00:00:00'),(12,58,39,3,35,10,'10s','10.00','100.00','5.00','5.00','1',51,'2016-05-23 19:07:54',51,'2016-05-23 19:07:54','0000-00-00 00:00:00'),(13,58,40,2,32,10,'10s','960.00','0.00','0.00','14.50','1',51,'2016-05-24 12:59:06',51,'2016-05-24 12:59:06','0000-00-00 00:00:00'),(14,58,40,3,35,10,'10s','10.00','0.00','0.00','5.00','1',51,'2016-05-24 12:59:06',51,'2016-05-24 12:59:06','0000-00-00 00:00:00'),(15,58,40,1,31,15,'10s','14000.00','0.00','0.00','5.00','1',51,'2016-05-24 12:59:06',51,'2016-05-24 12:59:06','0000-00-00 00:00:00'),(16,58,41,3,35,10,'10s','10.00','0.00','0.00','5.00','1',51,'2016-05-24 13:00:36',51,'2016-05-24 13:00:36','0000-00-00 00:00:00'),(17,58,41,2,34,15,'10s','150.00','0.00','0.00','14.50','1',51,'2016-05-24 13:00:37',51,'2016-05-24 13:00:37','0000-00-00 00:00:00'),(18,58,42,3,35,15,'10s','10.00','150.00','7.50','5.00','1',51,'2016-05-24 14:02:37',51,'2016-05-24 14:02:37','0000-00-00 00:00:00'),(19,58,42,1,33,28,'10s','100.00','2800.00','140.00','5.00','1',51,'2016-05-24 14:02:38',51,'2016-05-24 14:02:38','0000-00-00 00:00:00'),(20,58,43,3,35,10,'10s','10.00','100.00','5.00','5.00','1',51,'2016-05-30 10:59:59',51,'2016-05-30 10:59:59','0000-00-00 00:00:00'),(21,58,43,2,32,20,'10s','960.00','19200.00','2784.00','14.50','1',51,'2016-05-30 10:59:59',51,'2016-05-30 10:59:59','0000-00-00 00:00:00'),(22,58,44,1,31,10,'10s','14000.00','140000.00','7000.00','5.00','1',51,'2016-05-30 11:05:30',51,'2016-05-30 11:05:30','0000-00-00 00:00:00'),(23,58,44,3,35,15,'10s','10.00','150.00','7.50','5.00','1',51,'2016-05-30 11:05:30',51,'2016-05-30 11:05:30','0000-00-00 00:00:00');

/*Table structure for table `pha_sale_return` */

DROP TABLE IF EXISTS `pha_sale_return`;

CREATE TABLE `pha_sale_return` (
  `sale_ret_id` int(11) NOT NULL AUTO_INCREMENT,
  `tenant_id` int(11) NOT NULL,
  `bill_no` varchar(50) NOT NULL,
  `patient_id` int(11) NOT NULL,
  `mobile_no` varchar(50) NOT NULL,
  `sale_date` date NOT NULL,
  `total_item_sale_amount` decimal(10,2) DEFAULT NULL,
  `total_item_discount_percent` decimal(10,2) DEFAULT NULL,
  `total_item_discount_amount` decimal(10,2) DEFAULT NULL COMMENT 'total_item_sale_amount * discount_percent',
  `total_item_amount` decimal(10,2) DEFAULT NULL COMMENT 'total_item_sale_amount - discount_amount',
  `roundoff_amount` decimal(10,2) DEFAULT NULL,
  `bill_amount` decimal(10,2) DEFAULT NULL COMMENT 'total_item_amount  + roundoff',
  `status` enum('0','1') DEFAULT '1',
  `created_by` int(11) NOT NULL,
  `created_at` timestamp NOT NULL DEFAULT CURRENT_TIMESTAMP,
  `modified_by` int(11) DEFAULT NULL,
  `modified_at` timestamp NULL DEFAULT NULL,
  `deleted_at` timestamp NULL DEFAULT '0000-00-00 00:00:00',
  PRIMARY KEY (`sale_ret_id`),
  KEY `FK_pha_sale_return_tenant` (`tenant_id`),
  KEY `FK_pha_sale_return_patient` (`patient_id`),
  CONSTRAINT `FK_pha_sale_return_patient` FOREIGN KEY (`patient_id`) REFERENCES `pat_patient` (`patient_id`) ON UPDATE CASCADE,
  CONSTRAINT `FK_pha_sale_return_tenant` FOREIGN KEY (`tenant_id`) REFERENCES `co_tenant` (`tenant_id`) ON DELETE CASCADE ON UPDATE CASCADE
) ENGINE=InnoDB DEFAULT CHARSET=latin1;

/*Data for the table `pha_sale_return` */

/*Table structure for table `pha_sale_return_item` */

DROP TABLE IF EXISTS `pha_sale_return_item`;

CREATE TABLE `pha_sale_return_item` (
  `sale_ret_item_id` int(11) NOT NULL AUTO_INCREMENT,
  `tenant_id` int(11) NOT NULL,
  `sale_ret_id` int(11) NOT NULL,
  `product_id` int(11) NOT NULL,
  `batch_id` int(11) NOT NULL,
  `quantity` int(11) NOT NULL,
  `package_name` varchar(255) DEFAULT NULL,
  `mrp` decimal(10,2) NOT NULL,
  `item_amount` decimal(10,2) NOT NULL COMMENT 'qty * mrp',
  `status` enum('0','1') DEFAULT '1',
  `created_by` int(11) NOT NULL,
  `created_at` timestamp NOT NULL DEFAULT CURRENT_TIMESTAMP,
  `modified_by` int(11) DEFAULT NULL,
  `modified_at` timestamp NULL DEFAULT NULL,
  `deleted_at` timestamp NULL DEFAULT '0000-00-00 00:00:00',
  PRIMARY KEY (`sale_ret_item_id`),
  KEY `FK_pha_sale_ret_item_tenant` (`tenant_id`),
  KEY `FK_pha_sale_ret_item` (`sale_ret_id`),
  KEY `FK_pha_sale_ret_item_product` (`product_id`),
  KEY `FK_pha_sale_ret_item_batch` (`batch_id`),
  CONSTRAINT `FK_pha_sale_ret_item` FOREIGN KEY (`sale_ret_id`) REFERENCES `pha_sale_return` (`sale_ret_id`) ON DELETE CASCADE ON UPDATE CASCADE,
  CONSTRAINT `FK_pha_sale_ret_item_batch` FOREIGN KEY (`batch_id`) REFERENCES `pha_product_batch` (`batch_id`) ON DELETE CASCADE ON UPDATE CASCADE,
  CONSTRAINT `FK_pha_sale_ret_item_product` FOREIGN KEY (`product_id`) REFERENCES `pha_product` (`product_id`) ON DELETE CASCADE ON UPDATE CASCADE,
  CONSTRAINT `FK_pha_sale_ret_item_tenant` FOREIGN KEY (`tenant_id`) REFERENCES `co_tenant` (`tenant_id`) ON DELETE CASCADE ON UPDATE CASCADE
) ENGINE=InnoDB DEFAULT CHARSET=latin1;

/*Data for the table `pha_sale_return_item` */

/*Table structure for table `pha_supplier` */

DROP TABLE IF EXISTS `pha_supplier`;

CREATE TABLE `pha_supplier` (
  `supplier_id` int(11) NOT NULL AUTO_INCREMENT,
  `tenant_id` int(11) NOT NULL,
  `supplier_name` varchar(100) NOT NULL,
  `supplier_code` varchar(50) DEFAULT NULL,
  `supplier_address` text NOT NULL,
  `city_id` int(11) DEFAULT NULL,
  `state_id` int(11) DEFAULT NULL,
  `country_id` int(11) DEFAULT NULL,
  `zip` varchar(30) DEFAULT NULL,
  `supplier_mobile` varchar(50) NOT NULL,
  `supplier_phone` varchar(50) DEFAULT NULL,
  `cst_no` varchar(100) NOT NULL,
  `tin_no` varchar(100) NOT NULL,
  `drug_license` varchar(100) DEFAULT NULL,
  `status` enum('0','1') DEFAULT '1',
  `created_by` int(11) NOT NULL,
  `created_at` timestamp NOT NULL DEFAULT CURRENT_TIMESTAMP,
  `modified_by` int(11) DEFAULT NULL,
  `modified_at` timestamp NULL DEFAULT NULL,
  `deleted_at` timestamp NULL DEFAULT '0000-00-00 00:00:00',
  PRIMARY KEY (`supplier_id`),
  UNIQUE KEY `PhasupplierUnique` (`tenant_id`,`supplier_name`,`deleted_at`),
  KEY `FK_pha_supplier_city` (`city_id`),
  KEY `FK_pha_supplier_state` (`state_id`),
  KEY `FK_pha_supplier_country` (`country_id`),
  CONSTRAINT `FK_pha_supplier_city` FOREIGN KEY (`city_id`) REFERENCES `co_master_city` (`city_id`) ON UPDATE CASCADE,
  CONSTRAINT `FK_pha_supplier_country` FOREIGN KEY (`country_id`) REFERENCES `co_master_country` (`country_id`) ON UPDATE CASCADE,
  CONSTRAINT `FK_pha_supplier_state` FOREIGN KEY (`state_id`) REFERENCES `co_master_state` (`state_id`) ON UPDATE CASCADE,
  CONSTRAINT `FK_pha_supplier_tenant` FOREIGN KEY (`tenant_id`) REFERENCES `co_tenant` (`tenant_id`) ON DELETE CASCADE ON UPDATE CASCADE
) ENGINE=InnoDB AUTO_INCREMENT=4 DEFAULT CHARSET=latin1;

/*Data for the table `pha_supplier` */

insert  into `pha_supplier`(`supplier_id`,`tenant_id`,`supplier_name`,`supplier_code`,`supplier_address`,`city_id`,`state_id`,`country_id`,`zip`,`supplier_mobile`,`supplier_phone`,`cst_no`,`tin_no`,`drug_license`,`status`,`created_by`,`created_at`,`modified_by`,`modified_at`,`deleted_at`) values (1,58,'Supplier 1','0001','Supplier 1',1,8,7,'625002','',NULL,'','',NULL,'1',51,'2016-03-07 15:40:53',51,'2016-03-07 15:40:53','0000-00-00 00:00:00'),(2,58,'supplier 2',NULL,'23123123',NULL,NULL,NULL,NULL,'233213123',NULL,'12323','23231',NULL,'1',51,'2016-05-23 19:26:27',51,'2016-05-23 19:26:27','0000-00-00 00:00:00'),(3,58,'supplier 3',NULL,'23123123',NULL,NULL,NULL,NULL,'233213123',NULL,'12323','23231',NULL,'1',51,'2016-05-23 19:26:33',51,'2016-05-23 19:26:33','0000-00-00 00:00:00');

/*Table structure for table `pha_vat` */

DROP TABLE IF EXISTS `pha_vat`;

CREATE TABLE `pha_vat` (
  `vat_id` int(11) NOT NULL AUTO_INCREMENT,
  `tenant_id` int(11) NOT NULL,
  `vat` decimal(10,2) NOT NULL,
  `status` enum('0','1') DEFAULT '1',
  `created_by` int(11) NOT NULL,
  `created_at` timestamp NOT NULL DEFAULT CURRENT_TIMESTAMP,
  `modified_by` int(11) DEFAULT NULL,
  `modified_at` timestamp NULL DEFAULT NULL,
  `deleted_at` timestamp NULL DEFAULT '0000-00-00 00:00:00',
  PRIMARY KEY (`vat_id`),
  UNIQUE KEY `PhavatUnique` (`tenant_id`,`vat`,`deleted_at`),
  CONSTRAINT `FK_pha_vat_tenant` FOREIGN KEY (`tenant_id`) REFERENCES `co_tenant` (`tenant_id`) ON DELETE CASCADE ON UPDATE CASCADE
) ENGINE=InnoDB AUTO_INCREMENT=5 DEFAULT CHARSET=latin1;

/*Data for the table `pha_vat` */

insert  into `pha_vat`(`vat_id`,`tenant_id`,`vat`,`status`,`created_by`,`created_at`,`modified_by`,`modified_at`,`deleted_at`) values (1,58,'5.00','1',51,'2016-03-07 15:25:56',51,'2016-03-07 15:25:56','0000-00-00 00:00:00'),(2,58,'14.50','1',51,'2016-03-07 15:26:03',51,'2016-03-07 15:26:03','0000-00-00 00:00:00'),(3,58,'12.00','1',51,'2016-03-16 16:47:29',51,'2016-03-16 16:47:29','0000-00-00 00:00:00'),(4,58,'18.00','1',51,'2016-03-16 16:47:39',51,'2016-03-16 16:47:39','0000-00-00 00:00:00');

/*Table structure for table `v_billing_advance_charges` */

DROP TABLE IF EXISTS `v_billing_advance_charges`;

/*!50001 DROP VIEW IF EXISTS `v_billing_advance_charges` */;
/*!50001 DROP TABLE IF EXISTS `v_billing_advance_charges` */;

/*!50001 CREATE TABLE  `v_billing_advance_charges`(
 `tenant_id` int(11) ,
 `encounter_id` int(11) ,
 `patient_id` int(11) ,
 `payment_id` int(11) ,
 `payment_date` datetime ,
 `category` varchar(14) ,
 `headers` varchar(20) ,
 `charge` int(1) ,
 `visit_count` int(1) ,
 `trans_mode` varchar(1) ,
 `total_charge` decimal(10,2) ,
 `extra_amount` int(1) ,
 `concession_amount` int(1) 
)*/;

/*Table structure for table `v_billing_other_charges` */

DROP TABLE IF EXISTS `v_billing_other_charges`;

/*!50001 DROP VIEW IF EXISTS `v_billing_other_charges` */;
/*!50001 DROP TABLE IF EXISTS `v_billing_other_charges` */;

/*!50001 CREATE TABLE  `v_billing_other_charges`(
 `tenant_id` int(11) ,
 `encounter_id` int(11) ,
 `patient_id` int(11) ,
 `category_id` int(11) ,
 `category` varchar(50) ,
 `headers` varchar(50) ,
 `charge` decimal(10,2) ,
 `visit_count` int(1) ,
 `trans_mode` varchar(1) ,
 `total_charge` decimal(10,2) ,
 `extra_amount` int(1) ,
 `concession_amount` int(1) ,
 `other_charge_id` int(11) 
)*/;

/*Table structure for table `v_billing_procedures` */

DROP TABLE IF EXISTS `v_billing_procedures`;

/*!50001 DROP VIEW IF EXISTS `v_billing_procedures` */;
/*!50001 DROP TABLE IF EXISTS `v_billing_procedures` */;

/*!50001 CREATE TABLE  `v_billing_procedures`(
 `tenant_id` int(11) ,
 `encounter_id` int(11) ,
 `patient_id` int(11) ,
 `category_id` int(11) ,
 `category` varchar(17) ,
 `headers` varchar(50) ,
 `charge` decimal(10,2) ,
 `visit_count` bigint(21) ,
 `trans_mode` varchar(1) ,
 `total_charge` decimal(32,2) ,
 `extra_amount` decimal(10,2) ,
 `concession_amount` decimal(10,2) ,
 `ec_id` bigint(11) ,
 `ec_type` varchar(1) 
)*/;

/*Table structure for table `v_billing_professionals` */

DROP TABLE IF EXISTS `v_billing_professionals`;

/*!50001 DROP VIEW IF EXISTS `v_billing_professionals` */;
/*!50001 DROP TABLE IF EXISTS `v_billing_professionals` */;

/*!50001 CREATE TABLE  `v_billing_professionals`(
 `tenant_id` int(11) ,
 `encounter_id` int(11) ,
 `patient_id` int(11) ,
 `category_id` int(11) ,
 `category` varchar(20) ,
 `headers` varchar(61) ,
 `charge` decimal(10,2) ,
 `visit_count` bigint(21) ,
 `trans_mode` varchar(1) ,
 `total_charge` decimal(32,2) ,
 `extra_amount` decimal(10,2) ,
 `concession_amount` decimal(10,2) ,
 `ec_id` bigint(11) ,
 `ec_type` varchar(1) 
)*/;

/*Table structure for table `v_billing_recurring` */

DROP TABLE IF EXISTS `v_billing_recurring`;

/*!50001 DROP VIEW IF EXISTS `v_billing_recurring` */;
/*!50001 DROP TABLE IF EXISTS `v_billing_recurring` */;

/*!50001 CREATE TABLE  `v_billing_recurring`(
 `tenant_id` int(11) ,
 `encounter_id` int(11) ,
 `room_type_id` int(11) ,
 `room_type` varchar(255) ,
 `charge_item_id` int(11) ,
 `charge_item` varchar(255) ,
 `from_date` date ,
 `to_date` date ,
 `duration` int(8) ,
 `charge_amount` decimal(32,2) ,
 `total_charge` decimal(32,2) 
)*/;

/*Table structure for table `v_encounter` */

DROP TABLE IF EXISTS `v_encounter`;

/*!50001 DROP VIEW IF EXISTS `v_encounter` */;
/*!50001 DROP TABLE IF EXISTS `v_encounter` */;

/*!50001 CREATE TABLE  `v_encounter`(
 `id` int(11) ,
 `encounter_id` int(11) ,
 `date` varchar(21) ,
 `type` varchar(24) ,
 `details` varchar(214) ,
 `doctor` varchar(60) ,
 `patient_id` int(11) ,
 `patient_guid` varchar(50) ,
 `encounter_type` varchar(5) ,
 `status` varchar(1) ,
 `date_time` datetime ,
 `row_sts` varchar(2) ,
 `is_swap` bigint(6) ,
 `consultant_id` int(11) 
)*/;

/*View structure for view v_billing_advance_charges */

/*!50001 DROP TABLE IF EXISTS `v_billing_advance_charges` */;
/*!50001 DROP VIEW IF EXISTS `v_billing_advance_charges` */;

/*!50001 CREATE ALGORITHM=UNDEFINED DEFINER=`root`@`localhost` SQL SECURITY DEFINER VIEW `v_billing_advance_charges` AS (select `a`.`tenant_id` AS `tenant_id`,`a`.`encounter_id` AS `encounter_id`,`a`.`patient_id` AS `patient_id`,`a`.`payment_id` AS `payment_id`,`a`.`payment_date` AS `payment_date`,'Advance Charge' AS `category`,concat('Payment(',`a`.`payment_id`,')') AS `headers`,0 AS `charge`,0 AS `visit_count`,'C' AS `trans_mode`,`a`.`payment_amount` AS `total_charge`,0 AS `extra_amount`,0 AS `concession_amount` from `pat_billing_payment` `a` where ((`a`.`status` = '1') and (`a`.`deleted_at` = '0000-00-00 00:00:00'))) */;

/*View structure for view v_billing_other_charges */

/*!50001 DROP TABLE IF EXISTS `v_billing_other_charges` */;
/*!50001 DROP VIEW IF EXISTS `v_billing_other_charges` */;

/*!50001 CREATE ALGORITHM=UNDEFINED DEFINER=`root`@`localhost` SQL SECURITY DEFINER VIEW `v_billing_other_charges` AS (select `a`.`tenant_id` AS `tenant_id`,`a`.`encounter_id` AS `encounter_id`,`a`.`patient_id` AS `patient_id`,`a`.`charge_subcat_id` AS `category_id`,`b`.`charge_cat_name` AS `category`,`c`.`charge_subcat_name` AS `headers`,`a`.`charge_amount` AS `charge`,0 AS `visit_count`,'D' AS `trans_mode`,`a`.`charge_amount` AS `total_charge`,0 AS `extra_amount`,0 AS `concession_amount`,`a`.`other_charge_id` AS `other_charge_id` from ((`pat_billing_other_charges` `a` join `co_room_charge_category` `b` on((`b`.`charge_cat_id` = `a`.`charge_cat_id`))) join `co_room_charge_subcategory` `c` on((`c`.`charge_subcat_id` = `a`.`charge_subcat_id`))) where ((`a`.`status` = '1') and (`a`.`deleted_at` = '0000-00-00 00:00:00'))) */;

/*View structure for view v_billing_procedures */

/*!50001 DROP TABLE IF EXISTS `v_billing_procedures` */;
/*!50001 DROP VIEW IF EXISTS `v_billing_procedures` */;

/*!50001 CREATE ALGORITHM=UNDEFINED DEFINER=`root`@`localhost` SQL SECURITY DEFINER VIEW `v_billing_procedures` AS (select `a`.`tenant_id` AS `tenant_id`,`a`.`encounter_id` AS `encounter_id`,`a`.`patient_id` AS `patient_id`,`a`.`charge_subcat_id` AS `category_id`,'Procedure Charges' AS `category`,`b`.`charge_subcat_name` AS `headers`,truncate(avg(`a`.`charge_amount`),2) AS `charge`,count(`a`.`proc_id`) AS `visit_count`,'D' AS `trans_mode`,sum(`a`.`charge_amount`) AS `total_charge`,ifnull((select `c`.`extra_amount` from `pat_billing_extra_concession` `c` where ((`c`.`encounter_id` = `a`.`encounter_id`) and (`c`.`patient_id` = `a`.`patient_id`) and (`c`.`link_id` = `a`.`charge_subcat_id`) and (`c`.`ec_type` = 'P'))),0) AS `extra_amount`,ifnull((select `c`.`concession_amount` from `pat_billing_extra_concession` `c` where ((`c`.`encounter_id` = `a`.`encounter_id`) and (`c`.`patient_id` = `a`.`patient_id`) and (`c`.`link_id` = `a`.`charge_subcat_id`) and (`c`.`ec_type` = 'P'))),0) AS `concession_amount`,ifnull((select `c`.`ec_id` from `pat_billing_extra_concession` `c` where ((`c`.`encounter_id` = `a`.`encounter_id`) and (`c`.`patient_id` = `a`.`patient_id`) and (`c`.`link_id` = `a`.`charge_subcat_id`) and (`c`.`ec_type` = 'P')) limit 1),0) AS `ec_id`,ifnull((select `c`.`ec_type` from `pat_billing_extra_concession` `c` where ((`c`.`encounter_id` = `a`.`encounter_id`) and (`c`.`patient_id` = `a`.`patient_id`) and (`c`.`link_id` = `a`.`charge_subcat_id`) and (`c`.`ec_type` = 'P')) limit 1),0) AS `ec_type` from (`pat_procedure` `a` join `co_room_charge_subcategory` `b` on((`b`.`charge_subcat_id` = `a`.`charge_subcat_id`))) where ((`a`.`status` = '1') and (`a`.`deleted_at` = '0000-00-00 00:00:00')) group by `a`.`encounter_id`,`a`.`charge_subcat_id`) */;

/*View structure for view v_billing_professionals */

/*!50001 DROP TABLE IF EXISTS `v_billing_professionals` */;
/*!50001 DROP VIEW IF EXISTS `v_billing_professionals` */;

/*!50001 CREATE ALGORITHM=UNDEFINED DEFINER=`root`@`localhost` SQL SECURITY DEFINER VIEW `v_billing_professionals` AS (select `a`.`tenant_id` AS `tenant_id`,`a`.`encounter_id` AS `encounter_id`,`a`.`patient_id` AS `patient_id`,`a`.`consultant_id` AS `category_id`,'Professional Charges' AS `category`,concat(`b`.`title_code`,' ',`b`.`name`) AS `headers`,truncate(avg(`a`.`charge_amount`),2) AS `charge`,count(`a`.`pat_consult_id`) AS `visit_count`,'D' AS `trans_mode`,sum(`a`.`charge_amount`) AS `total_charge`,ifnull((select `c`.`extra_amount` from `pat_billing_extra_concession` `c` where ((`c`.`encounter_id` = `a`.`encounter_id`) and (`c`.`patient_id` = `a`.`patient_id`) and (`c`.`link_id` = `a`.`consultant_id`) and (`c`.`ec_type` = 'C'))),0) AS `extra_amount`,ifnull((select `c`.`concession_amount` from `pat_billing_extra_concession` `c` where ((`c`.`encounter_id` = `a`.`encounter_id`) and (`c`.`patient_id` = `a`.`patient_id`) and (`c`.`link_id` = `a`.`consultant_id`) and (`c`.`ec_type` = 'C'))),0) AS `concession_amount`,ifnull((select `c`.`ec_id` from `pat_billing_extra_concession` `c` where ((`c`.`encounter_id` = `a`.`encounter_id`) and (`c`.`patient_id` = `a`.`patient_id`) and (`c`.`link_id` = `a`.`consultant_id`) and (`c`.`ec_type` = 'C')) limit 1),0) AS `ec_id`,ifnull((select `c`.`ec_type` from `pat_billing_extra_concession` `c` where ((`c`.`encounter_id` = `a`.`encounter_id`) and (`c`.`patient_id` = `a`.`patient_id`) and (`c`.`link_id` = `a`.`consultant_id`) and (`c`.`ec_type` = 'C')) limit 1),0) AS `ec_type` from (`pat_consultant` `a` join `co_user` `b` on((`b`.`user_id` = `a`.`consultant_id`))) where ((`a`.`status` = '1') and (`a`.`deleted_at` = '0000-00-00 00:00:00')) group by `a`.`encounter_id`,`a`.`consultant_id`) */;

/*View structure for view v_billing_recurring */

/*!50001 DROP TABLE IF EXISTS `v_billing_recurring` */;
/*!50001 DROP VIEW IF EXISTS `v_billing_recurring` */;

/*!50001 CREATE ALGORITHM=UNDEFINED DEFINER=`root`@`localhost` SQL SECURITY DEFINER VIEW `v_billing_recurring` AS (select `pat_billing_recurring`.`tenant_id` AS `tenant_id`,`pat_billing_recurring`.`encounter_id` AS `encounter_id`,`pat_billing_recurring`.`room_type_id` AS `room_type_id`,`pat_billing_recurring`.`room_type` AS `room_type`,`pat_billing_recurring`.`charge_item_id` AS `charge_item_id`,`pat_billing_recurring`.`charge_item` AS `charge_item`,min(`pat_billing_recurring`.`recurr_date`) AS `from_date`,max(`pat_billing_recurring`.`recurr_date`) AS `to_date`,((to_days(max(`pat_billing_recurring`.`recurr_date`)) - to_days(min(`pat_billing_recurring`.`recurr_date`))) + 1) AS `duration`,truncate((sum(`pat_billing_recurring`.`charge_amount`) / ((to_days(max(`pat_billing_recurring`.`recurr_date`)) - to_days(min(`pat_billing_recurring`.`recurr_date`))) + 1)),2) AS `charge_amount`,sum(`pat_billing_recurring`.`charge_amount`) AS `total_charge` from `pat_billing_recurring` group by `pat_billing_recurring`.`encounter_id`,`pat_billing_recurring`.`room_type_id`,`pat_billing_recurring`.`recurr_group`,`pat_billing_recurring`.`charge_item_id`,`pat_billing_recurring`.`charge_amount`) */;

/*View structure for view v_encounter */

/*!50001 DROP TABLE IF EXISTS `v_encounter` */;
/*!50001 DROP VIEW IF EXISTS `v_encounter` */;

/*!50001 CREATE ALGORITHM=UNDEFINED DEFINER=`root`@`localhost` SQL SECURITY DEFINER VIEW `v_encounter` AS select `a`.`appt_id` AS `id`,`c`.`encounter_id` AS `encounter_id`,concat(`a`.`status_date`,' ',`a`.`status_time`) AS `date`,(case `a`.`appt_status` when 'B' then 'Booked' when 'A' then 'Arrived' when 'S' then 'Seen' when 'C' then 'Cancelled' else NULL end) AS `type`,'\nOP' AS `details`,concat(`b`.`title_code`,`b`.`name`) AS `doctor`,`c`.`patient_id` AS `patient_id`,`d`.`patient_guid` AS `patient_guid`,`c`.`encounter_type` AS `encounter_type`,`c`.`status` AS `status`,`a`.`status_date` AS `date_time`,`a`.`appt_status` AS `row_sts`,0 AS `is_swap`,`a`.`consultant_id` AS `consultant_id` from (((`pat_appointment` `a` join `co_user` `b` on((`b`.`user_id` = `a`.`consultant_id`))) join `pat_encounter` `c` on((`c`.`encounter_id` = `a`.`encounter_id`))) join `pat_patient` `d` on((`d`.`patient_id` = `c`.`patient_id`))) union all select `a`.`admn_id` AS `id`,`c`.`encounter_id` AS `encounter_id`,`a`.`status_date` AS `date`,(case `a`.`admission_status` when 'A' then 'Admission' when 'D' then 'Administrative Discharge' when 'CD' then 'Clinical Discharge' when 'TR' then 'Transfer (Room)' when 'TD' then 'Transfer (Doctor)' when 'C' then 'Cancelled' else NULL end) AS `type`,concat('IP: ',`d`.`floor_name`,' > ',`e`.`ward_name`,' > ',`f`.`bed_name`,'  (',`g`.`room_type_name`,')') AS `details`,concat(`b`.`title_code`,`b`.`name`) AS `doctor`,`c`.`patient_id` AS `patient_id`,`h`.`patient_guid` AS `patient_guid`,`c`.`encounter_type` AS `encounter_type`,`c`.`status` AS `status`,`a`.`status_date` AS `date_time`,`a`.`admission_status` AS `row_sts`,`a`.`is_swap` AS `is_swap`,`a`.`consultant_id` AS `consultant_id` from (((((((`pat_admission` `a` join `co_user` `b` on((`b`.`user_id` = `a`.`consultant_id`))) join `pat_encounter` `c` on((`c`.`encounter_id` = `a`.`encounter_id`))) left join `co_floor` `d` on((`d`.`floor_id` = `a`.`floor_id`))) left join `co_ward` `e` on((`e`.`ward_id` = `a`.`ward_id`))) left join `co_room` `f` on((`f`.`room_id` = `a`.`room_id`))) left join `co_room_type` `g` on((`g`.`room_type_id` = `a`.`room_type_id`))) join `pat_patient` `h` on((`h`.`patient_id` = `c`.`patient_id`))) where (`a`.`status` = '1') order by `encounter_id` desc,`date_time` */;

/*!40101 SET SQL_MODE=@OLD_SQL_MODE */;
/*!40014 SET FOREIGN_KEY_CHECKS=@OLD_FOREIGN_KEY_CHECKS */;
/*!40014 SET UNIQUE_CHECKS=@OLD_UNIQUE_CHECKS */;
/*!40111 SET SQL_NOTES=@OLD_SQL_NOTES */;
