/*
SQLyog Ultimate v8.55 
MySQL - 5.6.14 : Database - ahana
*********************************************************************
*/

/*!40101 SET NAMES utf8 */;

/*!40101 SET SQL_MODE=''*/;

/*!40014 SET @OLD_UNIQUE_CHECKS=@@UNIQUE_CHECKS, UNIQUE_CHECKS=0 */;
/*!40014 SET @OLD_FOREIGN_KEY_CHECKS=@@FOREIGN_KEY_CHECKS, FOREIGN_KEY_CHECKS=0 */;
/*!40101 SET @OLD_SQL_MODE=@@SQL_MODE, SQL_MODE='NO_AUTO_VALUE_ON_ZERO' */;
/*!40111 SET @OLD_SQL_NOTES=@@SQL_NOTES, SQL_NOTES=0 */;
/*Table structure for table `app_configuration` */

DROP TABLE IF EXISTS `app_configuration`;

CREATE TABLE `app_configuration` (
  `config_id` int(11) NOT NULL AUTO_INCREMENT,
  `tenant_id` int(11) NOT NULL,
  `code` varchar(50) NOT NULL,
  `key` text NOT NULL,
  `value` text NOT NULL,
  `notes` varchar(50) DEFAULT NULL,
  `status` enum('0','1') DEFAULT '1',
  `created_by` int(11) NOT NULL,
  `created_at` timestamp NOT NULL DEFAULT CURRENT_TIMESTAMP,
  `modified_by` int(11) DEFAULT NULL,
  `modified_at` timestamp NULL DEFAULT NULL,
  `deleted_at` timestamp NULL DEFAULT '0000-00-00 00:00:00',
  PRIMARY KEY (`config_id`),
  KEY `FK_app_configuration_tenant` (`tenant_id`),
  CONSTRAINT `FK_app_configuration_tenant` FOREIGN KEY (`tenant_id`) REFERENCES `co_tenant` (`tenant_id`) ON DELETE CASCADE ON UPDATE CASCADE
) ENGINE=InnoDB AUTO_INCREMENT=34 DEFAULT CHARSET=latin1;

/*Data for the table `app_configuration` */

insert  into `app_configuration`(`config_id`,`tenant_id`,`code`,`key`,`value`,`notes`,`status`,`created_by`,`created_at`,`modified_by`,`modified_at`,`deleted_at`) values (24,1,'ET','ELAPSED_TIME','3600','seconds','1',-1,'2016-06-21 13:52:21',-1,'2016-06-21 13:52:21','0000-00-00 00:00:00'),(25,1,'ENCOUNTER','SHARE_ENCOUNTER','0','Share Encounter','1',-1,'2016-06-21 13:52:21',-1,'2016-06-21 13:52:21','0000-00-00 00:00:00'),(26,1,'NOTES','SHARE_NOTES','0','Share Notes','1',-1,'2016-06-21 13:52:21',-1,'2016-06-21 13:52:21','0000-00-00 00:00:00'),(27,1,'CONSULTANT','SHARE_CONSULTANT','0','Share Consultant','1',-1,'2016-06-21 13:52:22',-1,'2016-06-21 13:52:22','0000-00-00 00:00:00'),(28,1,'ALERT','SHARE_ALERT','0','Share Alert','1',-1,'2016-06-21 13:52:22',-1,'2016-06-21 13:52:22','0000-00-00 00:00:00'),(29,1,'VITALS','SHARE_VITALS','0','Share Vitals','1',-1,'2016-06-21 13:52:23',-1,'2016-06-21 13:52:23','0000-00-00 00:00:00'),(30,1,'PRESCRIPTION','SHARE_PRESCRIPTION','0','Share Prescription','1',-1,'2016-06-21 13:52:23',-1,'2016-06-21 13:52:23','0000-00-00 00:00:00'),(31,1,'BILLING','SHARE_BILLING','0','Share Billing','1',-1,'2016-06-21 13:52:23',-1,'2016-06-21 13:52:23','0000-00-00 00:00:00'),(32,1,'PROCEDURE','SHARE_PROCEDURE','0','Share Procedure','1',-1,'2016-06-21 13:52:23',-1,'2016-06-21 13:52:23','0000-00-00 00:00:00'),(33,1,'BASIC','SHARE_BASIC_DATA','1','Share Basic Data','1',-1,'2016-06-21 13:52:23',-1,'2016-06-21 13:52:23','0000-00-00 00:00:00');

/*Table structure for table `co_alert` */

DROP TABLE IF EXISTS `co_alert`;

CREATE TABLE `co_alert` (
  `alert_id` int(11) NOT NULL AUTO_INCREMENT,
  `tenant_id` int(11) NOT NULL,
  `alert_name` varchar(50) NOT NULL,
  `status` enum('0','1') DEFAULT '1',
  `created_by` int(11) NOT NULL,
  `created_at` timestamp NOT NULL DEFAULT CURRENT_TIMESTAMP,
  `modified_by` int(11) DEFAULT NULL,
  `modified_at` timestamp NULL DEFAULT NULL,
  `deleted_at` timestamp NULL DEFAULT '0000-00-00 00:00:00',
  PRIMARY KEY (`alert_id`),
  UNIQUE KEY `CoAlertUnique` (`tenant_id`,`alert_name`,`deleted_at`),
  CONSTRAINT `FK_co_alert_tenant` FOREIGN KEY (`tenant_id`) REFERENCES `co_tenant` (`tenant_id`) ON DELETE CASCADE ON UPDATE CASCADE
) ENGINE=InnoDB AUTO_INCREMENT=2 DEFAULT CHARSET=latin1;

/*Data for the table `co_alert` */

insert  into `co_alert`(`alert_id`,`tenant_id`,`alert_name`,`status`,`created_by`,`created_at`,`modified_by`,`modified_at`,`deleted_at`) values (1,1,'Warning','1',74,'2016-06-24 13:23:01',74,'2016-06-24 13:23:01','0000-00-00 00:00:00');

/*Table structure for table `co_allied_charge` */

DROP TABLE IF EXISTS `co_allied_charge`;

CREATE TABLE `co_allied_charge` (
  `allied_charge_id` int(11) NOT NULL AUTO_INCREMENT,
  `tenant_id` int(11) NOT NULL,
  `allied_charge_name` varchar(50) NOT NULL,
  `status` enum('0','1') DEFAULT '1',
  `created_by` int(11) NOT NULL,
  `created_at` timestamp NOT NULL DEFAULT CURRENT_TIMESTAMP,
  `modified_by` int(11) DEFAULT NULL,
  `modified_at` timestamp NULL DEFAULT NULL,
  PRIMARY KEY (`allied_charge_id`),
  KEY `co_allied_charge_tenant` (`tenant_id`),
  CONSTRAINT `FK_co_allied_charge_tenant` FOREIGN KEY (`tenant_id`) REFERENCES `co_tenant` (`tenant_id`) ON DELETE CASCADE ON UPDATE CASCADE
) ENGINE=InnoDB DEFAULT CHARSET=latin1;

/*Data for the table `co_allied_charge` */

/*Table structure for table `co_charge_per_category` */

DROP TABLE IF EXISTS `co_charge_per_category`;

CREATE TABLE `co_charge_per_category` (
  `charge_id` int(11) NOT NULL AUTO_INCREMENT,
  `tenant_id` int(11) NOT NULL,
  `charge_cat_type` enum('C','P') NOT NULL DEFAULT 'C' COMMENT 'C -> Category, P -> Professional',
  `charge_cat_id` int(11) DEFAULT NULL COMMENT 'If -1 means related to user_id',
  `charge_code_id` int(11) NOT NULL COMMENT 'Link with user_id & room_charge_subcategory_id',
  `charge_default` varchar(255) DEFAULT NULL,
  `created_at` timestamp NOT NULL DEFAULT CURRENT_TIMESTAMP,
  `created_by` int(11) NOT NULL,
  `modified_at` timestamp NOT NULL DEFAULT '0000-00-00 00:00:00',
  `modified_by` int(11) DEFAULT NULL,
  `deleted_at` timestamp NOT NULL DEFAULT '0000-00-00 00:00:00',
  PRIMARY KEY (`charge_id`),
  UNIQUE KEY `CoChargePerCategoryUnique` (`tenant_id`,`charge_cat_type`,`charge_cat_id`,`charge_code_id`,`deleted_at`),
  CONSTRAINT `FK_co_charge_per_category_tenant` FOREIGN KEY (`tenant_id`) REFERENCES `co_tenant` (`tenant_id`) ON DELETE CASCADE ON UPDATE CASCADE
) ENGINE=InnoDB AUTO_INCREMENT=2 DEFAULT CHARSET=latin1;

/*Data for the table `co_charge_per_category` */

insert  into `co_charge_per_category`(`charge_id`,`tenant_id`,`charge_cat_type`,`charge_cat_id`,`charge_code_id`,`charge_default`,`created_at`,`created_by`,`modified_at`,`modified_by`,`deleted_at`) values (1,1,'P',-1,75,'100','2016-06-24 18:09:40',74,'2016-06-24 18:09:40',74,'0000-00-00 00:00:00');

/*Table structure for table `co_charge_per_subcategory` */

DROP TABLE IF EXISTS `co_charge_per_subcategory`;

CREATE TABLE `co_charge_per_subcategory` (
  `sub_charge_id` int(11) NOT NULL AUTO_INCREMENT,
  `charge_id` int(11) NOT NULL,
  `charge_type` enum('IP','OP') NOT NULL,
  `charge_link_id` int(11) NOT NULL COMMENT 'Link with patient_category_id & room_type_id',
  `charge_amount` decimal(10,2) NOT NULL,
  `created_at` timestamp NOT NULL DEFAULT CURRENT_TIMESTAMP,
  `created_by` int(11) NOT NULL,
  `modified_at` timestamp NOT NULL DEFAULT '0000-00-00 00:00:00',
  `modified_by` int(11) DEFAULT NULL,
  `deleted_at` timestamp NOT NULL DEFAULT '0000-00-00 00:00:00',
  PRIMARY KEY (`sub_charge_id`),
  KEY `FK_co_charge_per_subcategory_category` (`charge_id`),
  CONSTRAINT `FK_co_charge_per_subcategory_category` FOREIGN KEY (`charge_id`) REFERENCES `co_charge_per_category` (`charge_id`) ON DELETE CASCADE ON UPDATE CASCADE
) ENGINE=InnoDB DEFAULT CHARSET=latin1;

/*Data for the table `co_charge_per_subcategory` */

/*Table structure for table `co_doctor_schedule` */

DROP TABLE IF EXISTS `co_doctor_schedule`;

CREATE TABLE `co_doctor_schedule` (
  `schedule_id` int(11) NOT NULL AUTO_INCREMENT,
  `tenant_id` int(11) NOT NULL,
  `user_id` int(11) NOT NULL,
  `schedule_day` enum('1','2','3','4','5','6','7','-1') NOT NULL COMMENT '-1 means All day',
  `schedule_time_in` time NOT NULL,
  `schedule_time_out` time NOT NULL,
  `created_at` timestamp NOT NULL DEFAULT CURRENT_TIMESTAMP,
  `created_by` int(11) NOT NULL,
  `modified_at` timestamp NOT NULL DEFAULT '0000-00-00 00:00:00',
  `modified_by` int(11) DEFAULT NULL,
  `deleted_at` timestamp NOT NULL DEFAULT '0000-00-00 00:00:00',
  PRIMARY KEY (`schedule_id`),
  KEY `FK_co_doctor_schedule_tenant` (`tenant_id`),
  KEY `FK_co_doctor_schedule_user` (`user_id`),
  CONSTRAINT `FK_co_doctor_schedule_tenant` FOREIGN KEY (`tenant_id`) REFERENCES `co_tenant` (`tenant_id`) ON DELETE CASCADE ON UPDATE CASCADE,
  CONSTRAINT `FK_co_doctor_schedule_user` FOREIGN KEY (`user_id`) REFERENCES `co_user` (`user_id`) ON DELETE CASCADE ON UPDATE CASCADE
) ENGINE=InnoDB AUTO_INCREMENT=3 DEFAULT CHARSET=latin1;

/*Data for the table `co_doctor_schedule` */

insert  into `co_doctor_schedule`(`schedule_id`,`tenant_id`,`user_id`,`schedule_day`,`schedule_time_in`,`schedule_time_out`,`created_at`,`created_by`,`modified_at`,`modified_by`,`deleted_at`) values (1,1,75,'-1','00:00:00','01:00:00','2016-06-21 15:50:30',74,'2016-06-21 15:50:30',74,'0000-00-00 00:00:00'),(2,1,76,'-1','00:00:00','01:00:00','2016-07-15 10:58:22',74,'2016-07-15 10:58:22',74,'0000-00-00 00:00:00');

/*Table structure for table `co_floor` */

DROP TABLE IF EXISTS `co_floor`;

CREATE TABLE `co_floor` (
  `floor_id` int(11) NOT NULL AUTO_INCREMENT,
  `tenant_id` int(11) NOT NULL,
  `floor_name` varchar(50) NOT NULL,
  `floor_code` char(2) DEFAULT NULL,
  `status` enum('0','1') DEFAULT '1',
  `created_by` int(11) NOT NULL,
  `created_at` timestamp NOT NULL DEFAULT CURRENT_TIMESTAMP,
  `modified_by` int(11) DEFAULT NULL,
  `modified_at` timestamp NULL DEFAULT NULL,
  `deleted_at` timestamp NULL DEFAULT '0000-00-00 00:00:00',
  PRIMARY KEY (`floor_id`),
  UNIQUE KEY `FloorNameUnique` (`floor_name`,`tenant_id`,`deleted_at`),
  KEY `FK_co_floor_tenant` (`tenant_id`),
  CONSTRAINT `FK_co_floor_tenant` FOREIGN KEY (`tenant_id`) REFERENCES `co_tenant` (`tenant_id`) ON DELETE CASCADE ON UPDATE CASCADE
) ENGINE=InnoDB AUTO_INCREMENT=2 DEFAULT CHARSET=latin1;

/*Data for the table `co_floor` */

insert  into `co_floor`(`floor_id`,`tenant_id`,`floor_name`,`floor_code`,`status`,`created_by`,`created_at`,`modified_by`,`modified_at`,`deleted_at`) values (1,1,'Ground','GF','1',74,'2016-06-24 18:02:42',74,'2016-06-24 18:02:42','0000-00-00 00:00:00');

/*Table structure for table `co_internal_code` */

DROP TABLE IF EXISTS `co_internal_code`;

CREATE TABLE `co_internal_code` (
  `internal_code_id` int(11) NOT NULL AUTO_INCREMENT,
  `tenant_id` int(11) NOT NULL,
  `code_type` varchar(2) NOT NULL DEFAULT 'B' COMMENT 'B - Bill, P - Patient, PU -> Purchase, PR->Purchase Return, C->CaseSheet, SA-Sale, SR - SaleReturn',
  `code_prefix` varchar(10) NOT NULL,
  `code` int(11) NOT NULL,
  `code_padding` tinyint(4) NOT NULL DEFAULT '7',
  `code_suffix` varchar(10) DEFAULT NULL,
  `status` enum('0','1') NOT NULL DEFAULT '1',
  `created_at` timestamp NOT NULL DEFAULT CURRENT_TIMESTAMP ON UPDATE CURRENT_TIMESTAMP,
  `created_by` int(11) NOT NULL,
  `modified_at` timestamp NULL DEFAULT NULL,
  `modified_by` int(11) DEFAULT NULL,
  `deleted_at` timestamp NULL DEFAULT '0000-00-00 00:00:00',
  PRIMARY KEY (`internal_code_id`),
  UNIQUE KEY `code_unique` (`tenant_id`,`code_type`),
  KEY `FK_co_internal_code` (`tenant_id`)
) ENGINE=InnoDB AUTO_INCREMENT=29 DEFAULT CHARSET=latin1;

/*Data for the table `co_internal_code` */

insert  into `co_internal_code`(`internal_code_id`,`tenant_id`,`code_type`,`code_prefix`,`code`,`code_padding`,`code_suffix`,`status`,`created_at`,`created_by`,`modified_at`,`modified_by`,`deleted_at`) values (22,1,'B','AH',39,7,NULL,'1','2016-07-13 16:23:42',-1,'2016-07-13 16:23:42',74,'0000-00-00 00:00:00'),(23,1,'P','AH',7,7,NULL,'1','2016-07-14 13:00:41',-1,'2016-07-14 13:00:41',74,'0000-00-00 00:00:00'),(24,1,'PU','AH',6,7,NULL,'1','2016-07-09 15:36:52',-1,'2016-07-09 15:36:52',74,'0000-00-00 00:00:00'),(25,1,'PR','AH',7,7,NULL,'1','2016-06-25 17:07:33',-1,'2016-06-25 17:07:33',74,'0000-00-00 00:00:00'),(26,1,'CS','AH',5,7,NULL,'1','2016-07-14 13:00:43',-1,'2016-07-14 13:00:43',74,'0000-00-00 00:00:00'),(27,1,'SA','AH',14,7,NULL,'1','2016-07-13 16:23:42',74,'2016-07-13 16:23:42',74,'0000-00-00 00:00:00'),(28,1,'PG','AH',2,7,NULL,'1','2016-07-09 15:36:52',-1,'2016-07-09 15:36:52',74,'0000-00-00 00:00:00');

/*Table structure for table `co_login` */

DROP TABLE IF EXISTS `co_login`;

CREATE TABLE `co_login` (
  `login_id` int(11) NOT NULL AUTO_INCREMENT,
  `user_id` int(11) NOT NULL,
  `username` varchar(255) NOT NULL,
  `password` varchar(255) NOT NULL,
  `password_reset_token` varchar(255) DEFAULT NULL,
  `authtoken` varchar(255) DEFAULT NULL,
  `created_by` int(11) NOT NULL,
  `created_at` timestamp NOT NULL DEFAULT CURRENT_TIMESTAMP,
  `modified_by` int(11) DEFAULT NULL,
  `modified_at` timestamp NULL DEFAULT NULL,
  `activation_date` date DEFAULT NULL,
  `Inactivation_date` date DEFAULT NULL,
  `logged_tenant_id` int(11) DEFAULT NULL,
  PRIMARY KEY (`login_id`),
  KEY `FK_co_login_user` (`user_id`),
  CONSTRAINT `FK_co_login_user` FOREIGN KEY (`user_id`) REFERENCES `co_user` (`user_id`) ON DELETE CASCADE ON UPDATE CASCADE
) ENGINE=InnoDB AUTO_INCREMENT=22 DEFAULT CHARSET=latin1;

/*Data for the table `co_login` */

insert  into `co_login`(`login_id`,`user_id`,`username`,`password`,`password_reset_token`,`authtoken`,`created_by`,`created_at`,`modified_by`,`modified_at`,`activation_date`,`Inactivation_date`,`logged_tenant_id`) values (21,74,'vikhram','$2y$13$FBRs0zsVf237PGVZIC.EauMb6oGwiydCk1I2e7EKMkiqCkNrv0Wrm',NULL,'dmlraHJhbTE0Njg0MTQ2MjMyMDA5',-1,'2016-06-21 13:52:25',NULL,'2016-07-13 18:27:03',NULL,NULL,1);

/*Table structure for table `co_master_city` */

DROP TABLE IF EXISTS `co_master_city`;

CREATE TABLE `co_master_city` (
  `city_id` int(11) NOT NULL AUTO_INCREMENT,
  `tenant_id` int(11) DEFAULT NULL,
  `state_id` int(11) NOT NULL,
  `city_name` varchar(50) NOT NULL,
  `status` enum('0','1') DEFAULT '1',
  `created_by` int(11) NOT NULL,
  `created_at` timestamp NOT NULL DEFAULT CURRENT_TIMESTAMP,
  `modified_by` int(11) DEFAULT NULL,
  `modified_at` timestamp NULL DEFAULT NULL,
  `deleted_at` timestamp NULL DEFAULT '0000-00-00 00:00:00',
  PRIMARY KEY (`city_id`),
  UNIQUE KEY `CoMasterCityUnique` (`tenant_id`,`state_id`,`city_name`,`deleted_at`),
  KEY `FK_co_master_city_state` (`state_id`),
  CONSTRAINT `FK_co_master_city_state` FOREIGN KEY (`state_id`) REFERENCES `co_master_state` (`state_id`) ON DELETE CASCADE ON UPDATE CASCADE
) ENGINE=InnoDB AUTO_INCREMENT=4 DEFAULT CHARSET=latin1;

/*Data for the table `co_master_city` */

insert  into `co_master_city`(`city_id`,`tenant_id`,`state_id`,`city_name`,`status`,`created_by`,`created_at`,`modified_by`,`modified_at`,`deleted_at`) values (1,NULL,1,'Madurai','1',-1,'2016-01-22 08:13:06',NULL,NULL,'0000-00-00 00:00:00'),(2,NULL,1,'Chennai','1',-1,'2016-01-22 08:13:06',NULL,NULL,'0000-00-00 00:00:00'),(3,NULL,2,'Cochin','1',-1,'2016-01-22 08:13:06',NULL,NULL,'0000-00-00 00:00:00');

/*Table structure for table `co_master_country` */

DROP TABLE IF EXISTS `co_master_country`;

CREATE TABLE `co_master_country` (
  `country_id` int(10) NOT NULL AUTO_INCREMENT,
  `tenant_id` int(11) DEFAULT NULL,
  `country_name` varchar(50) NOT NULL,
  `status` enum('0','1') DEFAULT '1',
  `created_by` int(11) NOT NULL,
  `created_at` timestamp NOT NULL DEFAULT CURRENT_TIMESTAMP,
  `modified_by` int(11) DEFAULT NULL,
  `modified_at` timestamp NULL DEFAULT NULL,
  `deleted_at` timestamp NULL DEFAULT '0000-00-00 00:00:00',
  PRIMARY KEY (`country_id`),
  UNIQUE KEY `CountryNameUnique` (`country_name`,`tenant_id`,`deleted_at`)
) ENGINE=InnoDB AUTO_INCREMENT=2 DEFAULT CHARSET=latin1;

/*Data for the table `co_master_country` */

insert  into `co_master_country`(`country_id`,`tenant_id`,`country_name`,`status`,`created_by`,`created_at`,`modified_by`,`modified_at`,`deleted_at`) values (1,NULL,'India','1',-1,'2016-01-22 08:11:40',NULL,NULL,'0000-00-00 00:00:00');

/*Table structure for table `co_master_state` */

DROP TABLE IF EXISTS `co_master_state`;

CREATE TABLE `co_master_state` (
  `state_id` int(11) NOT NULL AUTO_INCREMENT,
  `tenant_id` int(11) DEFAULT NULL,
  `country_id` int(11) NOT NULL,
  `state_name` varchar(50) NOT NULL,
  `status` enum('0','1') DEFAULT '1',
  `created_by` int(11) NOT NULL,
  `created_at` timestamp NOT NULL DEFAULT CURRENT_TIMESTAMP,
  `modified_by` int(11) DEFAULT NULL,
  `modified_at` timestamp NULL DEFAULT NULL,
  `deleted_at` timestamp NULL DEFAULT '0000-00-00 00:00:00',
  PRIMARY KEY (`state_id`),
  UNIQUE KEY `CoMasterStateNameUnique` (`tenant_id`,`country_id`,`state_name`,`deleted_at`),
  KEY `FK_co_master_state_country` (`country_id`),
  CONSTRAINT `FK_co_master_state_country` FOREIGN KEY (`country_id`) REFERENCES `co_master_country` (`country_id`) ON DELETE CASCADE ON UPDATE CASCADE
) ENGINE=InnoDB AUTO_INCREMENT=3 DEFAULT CHARSET=latin1;

/*Data for the table `co_master_state` */

insert  into `co_master_state`(`state_id`,`tenant_id`,`country_id`,`state_name`,`status`,`created_by`,`created_at`,`modified_by`,`modified_at`,`deleted_at`) values (1,NULL,1,'Tamilnadu','1',-1,'2016-01-22 08:12:06',NULL,NULL,'0000-00-00 00:00:00'),(2,NULL,1,'Kerala','1',-1,'2016-01-22 08:12:06',NULL,NULL,'0000-00-00 00:00:00');

/*Table structure for table `co_organization` */

DROP TABLE IF EXISTS `co_organization`;

CREATE TABLE `co_organization` (
  `org_id` int(11) NOT NULL AUTO_INCREMENT,
  `org_name` varchar(100) NOT NULL,
  `org_description` text,
  `org_db_host` varchar(255) NOT NULL DEFAULT 'localhost',
  `org_db_username` varchar(255) NOT NULL DEFAULT 'root',
  `org_db_password` varchar(255) DEFAULT NULL,
  `org_database` varchar(255) NOT NULL,
  `org_domain` varchar(255) NOT NULL,
  `status` enum('0','1') DEFAULT '1',
  `created_by` int(11) NOT NULL,
  `created_at` timestamp NOT NULL DEFAULT CURRENT_TIMESTAMP,
  `modified_by` int(11) DEFAULT NULL,
  `modified_at` timestamp NULL DEFAULT NULL,
  `deleted_at` timestamp NULL DEFAULT '0000-00-00 00:00:00',
  PRIMARY KEY (`org_id`),
  UNIQUE KEY `orgNameUnique` (`org_name`)
) ENGINE=InnoDB AUTO_INCREMENT=2 DEFAULT CHARSET=latin1;

/*Data for the table `co_organization` */

insert  into `co_organization`(`org_id`,`org_name`,`org_description`,`org_db_host`,`org_db_username`,`org_db_password`,`org_database`,`org_domain`,`status`,`created_by`,`created_at`,`modified_by`,`modified_at`,`deleted_at`) values (1,'Ahana','Ahana HMS','localhost','root','','ahana','http://hms.ark','1',-1,'2016-06-21 13:52:20',-1,'2016-06-21 13:52:20','0000-00-00 00:00:00');

/*Table structure for table `co_patient_category` */

DROP TABLE IF EXISTS `co_patient_category`;

CREATE TABLE `co_patient_category` (
  `patient_cat_id` int(11) NOT NULL AUTO_INCREMENT,
  `tenant_id` int(11) NOT NULL,
  `patient_cat_name` varchar(50) NOT NULL,
  `patient_short_code` varchar(10) NOT NULL,
  `patient_cat_color` varchar(10) NOT NULL,
  `status` enum('0','1') DEFAULT '1',
  `created_by` int(11) NOT NULL,
  `created_at` timestamp NOT NULL DEFAULT CURRENT_TIMESTAMP,
  `modified_by` int(11) DEFAULT NULL,
  `modified_at` timestamp NULL DEFAULT NULL,
  `deleted_at` timestamp NULL DEFAULT '0000-00-00 00:00:00',
  PRIMARY KEY (`patient_cat_id`),
  UNIQUE KEY `FK_co_patient_category_tenant` (`tenant_id`,`patient_cat_name`,`deleted_at`),
  CONSTRAINT `FK_co_patient_category_tenant` FOREIGN KEY (`tenant_id`) REFERENCES `co_tenant` (`tenant_id`) ON DELETE CASCADE ON UPDATE CASCADE
) ENGINE=InnoDB AUTO_INCREMENT=2 DEFAULT CHARSET=latin1;

/*Data for the table `co_patient_category` */

insert  into `co_patient_category`(`patient_cat_id`,`tenant_id`,`patient_cat_name`,`patient_short_code`,`patient_cat_color`,`status`,`created_by`,`created_at`,`modified_by`,`modified_at`,`deleted_at`) values (1,1,'Free','F','#701212','1',74,'2016-06-28 16:47:51',74,'2016-06-28 16:47:51','0000-00-00 00:00:00');

/*Table structure for table `co_resources` */

DROP TABLE IF EXISTS `co_resources`;

CREATE TABLE `co_resources` (
  `resource_id` int(11) NOT NULL AUTO_INCREMENT,
  `parent_id` int(11) DEFAULT NULL,
  `resource_name` varchar(50) NOT NULL,
  `resource_url` varchar(100) DEFAULT NULL,
  `created_by` int(11) NOT NULL,
  `created_at` timestamp NOT NULL DEFAULT CURRENT_TIMESTAMP,
  `modified_by` int(11) DEFAULT NULL,
  `modified_at` timestamp NULL DEFAULT NULL,
  PRIMARY KEY (`resource_id`)
) ENGINE=InnoDB AUTO_INCREMENT=222 DEFAULT CHARSET=latin1;

/*Data for the table `co_resources` */

insert  into `co_resources`(`resource_id`,`parent_id`,`resource_name`,`resource_url`,`created_by`,`created_at`,`modified_by`,`modified_at`) values (1,NULL,'Configuration','configuration',-1,'2015-12-29 15:11:20',NULL,NULL),(2,1,'Organization Module','organization',-1,'2015-12-29 15:11:42',NULL,NULL),(3,2,'Organization','configuration.organization',-1,'2016-01-19 15:35:50',NULL,NULL),(4,2,'Organization Module','configuration.organizationModule',-1,'2016-01-19 15:36:07',NULL,NULL),(5,1,'Administrative Module','administrative',-1,'2016-01-20 11:11:09',NULL,NULL),(6,5,'Roles','configuration.roles',-1,'2016-01-20 11:11:58',NULL,NULL),(7,5,'Role Rights','configuration.roleRights',-1,'2016-01-20 11:14:04',NULL,NULL),(8,5,'User roles','configuration.userRoles',-1,'2016-01-20 11:14:31',NULL,NULL),(9,5,'Charge Category','configuration.roomChargeCategory',-1,'2016-01-20 11:15:00',NULL,NULL),(10,1,'User Module','userModule',-1,'2016-01-20 11:16:12',NULL,NULL),(11,10,'User Registration','configuration.registration',-1,'2016-01-20 11:16:50',NULL,NULL),(12,1,'Ward Management','wardManagement',-1,'2016-01-20 11:17:42',NULL,NULL),(13,12,'Floors','configuration.floors',-1,'2016-01-20 11:18:10',NULL,NULL),(14,12,'Wards','configuration.wards',-1,'2016-01-20 11:18:25',NULL,NULL),(15,12,'Bed Type','configuration.roomType',-1,'2016-01-20 11:18:48',NULL,NULL),(16,12,'Room','configuration.room',-1,'2016-01-20 11:19:17',NULL,NULL),(17,12,'Room and Bed Type','configuration.roomTypeRoom',-1,'2016-01-20 11:20:39',NULL,NULL),(18,1,'Charges Configuration','chargesConfiguration',-1,'2016-01-20 11:21:17',NULL,NULL),(19,18,'Room Charge','configuration.roomCharge',-1,'2016-01-20 11:21:40',NULL,NULL),(20,18,'Room Maintenance','configuration.roomMaintenance',-1,'2016-01-20 11:21:59',NULL,NULL),(21,18,'Charges for Category','configuration.chargePerCategory',-1,'2016-01-20 11:22:20',NULL,NULL),(22,1,'Doctor’s Configuration','doctorsConfiguration',-1,'2016-01-20 11:22:59',NULL,NULL),(23,22,'Doctors Schedule','configuration.docSchedule',-1,'2016-01-20 11:23:20',NULL,NULL),(24,22,'Specialities','configuration.specialities',-1,'2016-01-20 11:23:39',NULL,NULL),(25,1,'Miscellaneous','miscellaneous',-1,'2016-01-20 11:24:17',NULL,NULL),(26,25,'Alerts','configuration.alerts',-1,'2016-01-20 11:24:32',NULL,NULL),(27,25,'Patient Category','configuration.patientCategories',-1,'2016-01-20 11:24:47',NULL,NULL),(28,25,'Bill-No Prefix','configuration.internalCode',-1,'2016-01-20 11:25:06',NULL,NULL),(29,25,'Master Country','configuration.countries',-1,'2016-01-20 11:25:22',NULL,NULL),(30,25,'Master State','configuration.states',-1,'2016-01-20 11:25:35',NULL,NULL),(31,25,'Master City','configuration.cities',-1,'2016-01-20 11:25:52',NULL,NULL),(32,5,'Room Charge Item','configuration.roomChargeCategoryItem',-1,'2016-02-01 12:04:21',NULL,NULL),(33,5,'Allied Charges','configuration.alliedCharge',-1,'2016-02-03 15:31:05',NULL,NULL),(34,5,'Procedures','configuration.procedure',-1,'2016-02-05 15:43:00',NULL,NULL),(35,6,'Add Role','configuration.role_create',-1,'2016-02-08 15:16:27',NULL,NULL),(36,6,'Update Role','configuration.role_update',-1,'2016-02-08 15:17:21',NULL,NULL),(37,6,'Delete Role','configuration.role_delete',-1,'2016-02-08 15:18:46',NULL,NULL),(38,9,'Add Charge Category','configuration.roomChargeCategoryCreate',-1,'2016-02-08 15:20:26',NULL,NULL),(39,9,'Update Charge Category','configuration.roomChargeCategoryUpdate',-1,'2016-02-08 15:20:26',NULL,NULL),(40,9,'Delete Charge Category','configuration.roomChargeCategoryDelete',-1,'2016-02-08 15:20:27',NULL,NULL),(41,32,'Add Room Charge Item','configuration.roomChargeCategoryItemCreate',-1,'2016-02-08 15:21:56',NULL,NULL),(42,32,'Update Room Charge Item','configuration.roomChargeCategoryItemUpdate',-1,'2016-02-08 15:21:56',NULL,NULL),(43,32,'Delete Room Charge Item','configuration.roomChargeCategoryItemDelete',-1,'2016-02-08 15:21:56',NULL,NULL),(44,33,'Add Allied Charges','configuration.alliedChargeCreate',-1,'2016-02-08 15:31:45',NULL,NULL),(45,33,'Update Allied Charges','configuration.alliedChargeUpdate',-1,'2016-02-08 15:31:45',NULL,NULL),(46,33,'Delete Allied Charges','configuration.alliedChargeDelete',-1,'2016-02-08 15:31:45',NULL,NULL),(47,34,'Add Procedures','configuration.procedureChargeCreate',-1,'2016-02-08 15:38:42',NULL,NULL),(48,34,'Update Procedures','configuration.procedureChargeUpdate',-1,'2016-02-08 15:38:42',NULL,NULL),(49,34,'Delete Procedures','configuration.procedureChargeDelete',-1,'2016-02-08 15:38:42',NULL,NULL),(54,11,'Add User','configuration.user_create',-1,'2016-02-08 15:41:39',NULL,NULL),(55,11,'Update User','configuration.user_update',-1,'2016-02-08 15:41:39',NULL,NULL),(56,11,'Delete User','configuration.user_delete',-1,'2016-02-08 15:41:39',NULL,NULL),(57,11,'Add/Update Login','configuration.login_update',-1,'2016-02-08 15:41:39',NULL,NULL),(58,13,'Add Floor','configuration.floor_create',-1,'2016-02-08 15:49:25',NULL,NULL),(59,13,'Update Floor','configuration.floor_update',-1,'2016-02-08 15:49:25',NULL,NULL),(60,13,'Delete Floor','configuration.floor_delete',-1,'2016-02-08 15:49:25',NULL,NULL),(61,14,'Add Ward','configuration.ward_create',-1,'2016-02-08 15:50:14',NULL,NULL),(62,14,'Update Ward','configuration.ward_update',-1,'2016-02-08 15:50:14',NULL,NULL),(63,14,'Delete Ward','configuration.ward_delete',-1,'2016-02-08 15:50:14',NULL,NULL),(64,15,'Add Bed Type','configuration.roomTypeCreate',-1,'2016-02-08 15:51:19',NULL,NULL),(65,15,'Update Bed Type','configuration.roomTypeUpdate',-1,'2016-02-08 15:51:19',NULL,NULL),(66,15,'Delete Bed Type','configuration.roomTypeDelete',-1,'2016-02-08 15:51:19',NULL,NULL),(67,16,'Add Room','configuration.roomCreate',-1,'2016-02-08 15:52:21',NULL,NULL),(68,16,'Update Room','configuration.roomUpdate',-1,'2016-02-08 15:52:21',NULL,NULL),(69,16,'Delete Room','configuration.roomDelete',-1,'2016-02-08 15:52:21',NULL,NULL),(70,17,'Assign Room and Bed Types','configuration.roomTypeRoomUpdate',-1,'2016-02-08 15:53:47',NULL,NULL),(71,19,'Create RoomCharge','configuration.roomChargeCreate',-1,'2016-02-08 15:55:00',NULL,NULL),(72,19,'Update RoomCharge','configuration.roomChargeUpdate',-1,'2016-02-08 15:55:00',NULL,NULL),(73,19,'Delete RoomCharge','configuration.roomChargeDelete',-1,'2016-02-08 15:55:00',NULL,NULL),(74,20,'Create Room Maintenance','configuration.roomMaintenanceCreate',-1,'2016-02-08 15:55:59',NULL,NULL),(75,20,'Update Room Maintenance','configuration.roomMaintenanceUpdate',-1,'2016-02-08 15:55:59',NULL,NULL),(76,20,'Delete Room Maintenance','configuration.roomMaintenanceDelete',-1,'2016-02-08 15:55:59',NULL,NULL),(77,21,'Create Charges for Category','configuration.chargePerCategoryCreate',-1,'2016-02-08 16:00:51',NULL,NULL),(78,22,'Create Doctor Schedule','configuration.docScheduleCreate',-1,'2016-02-08 16:02:26',NULL,NULL),(79,22,'Update Doctor Schedule','configuration.docScheduleUpdate',-1,'2016-02-08 16:02:26',NULL,NULL),(80,22,'Delete Doctor Schedule','configuration.docScheduleDelete',-1,'2016-02-08 16:02:26',NULL,NULL),(81,24,'Create Speciality','configuration.specialityCreate',-1,'2016-02-08 16:03:14',NULL,NULL),(82,24,'Update Speciality','configuration.specialityUpdate',-1,'2016-02-08 16:03:14',NULL,NULL),(83,24,'Delete Speciality','configuration.specialityDelete',-1,'2016-02-08 16:03:14',NULL,NULL),(84,26,'Create Alerts','configuration.alertCreate',-1,'2016-02-08 16:04:00',NULL,NULL),(85,26,'Update Alerts','configuration.alertUpdate',-1,'2016-02-08 16:04:00',NULL,NULL),(86,26,'Delete Alerts','configuration.alertDelete',-1,'2016-02-08 16:04:00',NULL,NULL),(87,27,'Create Patient Category','configuration.patientCategoryCreate',-1,'2016-02-08 16:04:42',NULL,NULL),(88,27,'Update Patient Category','configuration.patientCategoryUpdate',-1,'2016-02-08 16:04:42',NULL,NULL),(89,27,'Delete Patient Category','configuration.patientCategoryDelete',-1,'2016-02-08 16:04:42',NULL,NULL),(90,29,'Create Country','configuration.countryCreate',-1,'2016-02-08 16:05:26',NULL,NULL),(91,29,'Update Country','configuration.countryUpdate',-1,'2016-02-08 16:05:27',NULL,NULL),(92,29,'Delete Country','configuration.countryDelete',-1,'2016-02-08 16:05:27',NULL,NULL),(93,30,'Create State','configuration.stateCreate',-1,'2016-02-08 16:06:03',NULL,NULL),(94,30,'Update State','configuration.stateUpdate',-1,'2016-02-08 16:06:03',NULL,NULL),(95,30,'Delete State','configuration.stateDelete',-1,'2016-02-08 16:06:03',NULL,NULL),(96,31,'Create City','configuration.cityCreate',-1,'2016-02-08 16:06:59',NULL,NULL),(97,31,'Update City','configuration.cityUpdate',-1,'2016-02-08 16:06:59',NULL,NULL),(98,31,'Delete City','configuration.cityDelete',-1,'2016-02-08 16:06:59',NULL,NULL),(99,NULL,'Patient','patient',-1,'2016-02-09 12:15:31',NULL,NULL),(100,99,'Details','patient.view',-1,'2016-02-09 12:16:49',NULL,NULL),(101,99,'Timeline','patient.timeLine',-1,'2016-02-09 12:17:35',NULL,NULL),(103,99,'Encounter','patient.encounter',-1,'2016-02-09 12:17:57',NULL,NULL),(104,99,'Notes','patient.notes',-1,'2016-02-09 12:18:01',NULL,NULL),(105,99,'Consultant','patient.consultant',-1,'2016-02-09 12:18:12',NULL,NULL),(106,99,'Procedure','patient.procedure',-1,'2016-02-09 12:18:22',NULL,NULL),(107,99,'Prescription','patient.prescription',-1,'2016-02-09 12:18:45',NULL,NULL),(108,99,'Alert','patient.alert',-1,'2016-02-09 12:18:55',NULL,NULL),(109,99,'Update Patient','patient.update',-1,'2016-03-29 19:16:49',NULL,NULL),(110,104,'Create Note','patient.noteCreate',-1,'2016-03-29 19:17:30',NULL,NULL),(111,104,'Update Note','patient.noteUpdate',-1,'2016-03-29 19:17:55',NULL,NULL),(112,104,'View Note','patient.noteView',-1,'2016-03-29 19:18:15',NULL,NULL),(113,105,'Create Consultant','patient.consultantCreate',-1,'2016-03-29 19:18:58',NULL,NULL),(114,105,'Update Consultant','patient.consultantUpdate',-1,'2016-03-29 19:23:26',NULL,NULL),(115,105,'Delete Consultant','patient.consultantDelete',-1,'2016-03-29 19:23:58',NULL,NULL),(116,106,'Add Procedure','patient.add_procedure',-1,'2016-03-29 19:24:29',NULL,NULL),(117,106,'Update Procedure','patient.edit_procedure',-1,'2016-03-29 19:24:54',NULL,NULL),(118,106,'Delete Procedure','patient.delete_procedure',-1,'2016-03-29 19:25:10',NULL,NULL),(119,108,'Create Alert','patient.alertCreate',-1,'2016-03-29 19:25:45',NULL,NULL),(120,108,'Update Alert','patient.alertUpdate',-1,'2016-03-29 19:26:03',NULL,NULL),(121,103,'Create Admission','patient.admission',-1,'2016-03-29 19:30:01',NULL,NULL),(122,103,'Create Appointment','patient.appointment',-1,'2016-03-29 19:30:22',NULL,NULL),(123,103,'Transfer','patient.transfer',-1,'2016-03-29 19:31:07',NULL,NULL),(124,103,'Discharge','patient.discharge',-1,'2016-03-29 19:31:31',NULL,NULL),(125,103,'Swapping','patient.swapping',-1,'2016-03-29 19:31:51',NULL,NULL),(126,103,'Change Appointment status','patient.changeStatus',-1,'2016-03-29 19:32:47',NULL,NULL),(127,103,'Cancel Appointment','patient.cancelAppointment',-1,'2016-03-29 19:33:56',NULL,NULL),(128,103,'Edit Doctor Fee','patient.editDoctorFee',-1,'2016-03-29 19:34:57',NULL,NULL),(129,99,'Billing','patient.billing',-1,'2016-03-29 19:38:05',NULL,NULL),(130,129,'Add Other Charges','patient.addOtherCharge',-1,'2016-03-29 19:38:32',NULL,NULL),(131,129,'Edit Other Charges','patient.editOtherCharge',-1,'2016-03-29 19:39:06',NULL,NULL),(132,129,'Add Extra Amount','patient.addExtraAmount',-1,'2016-03-29 19:39:36',NULL,NULL),(133,129,'Add Concession Amount','patient.addConcessionAmount',-1,'2016-03-29 19:39:59',NULL,NULL),(134,129,'Add Payment','patient.addPayment',-1,'2016-03-29 19:40:24',NULL,NULL),(135,129,'Edit Payment','patient.editPayment',-1,'2016-03-29 19:41:15',NULL,NULL),(136,129,'Delete Payment','patient.deletePayment',-1,'2016-03-29 19:41:53',NULL,NULL),(137,129,'Add Room Concession','patient.roomConcession',-1,'2016-03-29 19:42:17',NULL,NULL),(138,129,'Finalize','patient.finalize',-1,'2016-03-29 19:42:39',NULL,NULL),(139,129,'Unfinalize','patient.unfinalize',-1,'2016-03-29 19:42:54',NULL,NULL),(140,129,'Authorize','patient.authorize',-1,'2016-03-29 19:43:19',NULL,NULL),(141,129,'Unauthorize','patient.unathorize',-1,'2016-03-29 19:44:04',NULL,NULL),(142,99,'In-Patient','patient.inPatients',-1,'2016-05-12 11:20:52',NULL,NULL),(143,99,'Out-Patient','patient.outPatients',-1,'2016-05-12 11:21:47',NULL,NULL),(144,NULL,'Pharmacy','pharmacy',-1,'2016-05-12 12:32:29',NULL,NULL),(145,144,'Purchase','pharmacy.purchase',-1,'2016-05-12 12:43:50',NULL,NULL),(146,145,'Add Purchase','pharmacy.purchaseCreate',-1,'2016-05-12 12:32:51',NULL,NULL),(147,145,'Edit Purchase','pharmacy.purchaseUpdate',-1,'2016-05-12 12:33:27',NULL,NULL),(148,144,'Purchase Return','pharmacy.purchaseReturn',-1,'2016-05-12 12:44:58',NULL,NULL),(149,148,'Add Purchase Return','pharmacy.purchaseReturnCreate',-1,'2016-05-12 12:45:42',NULL,NULL),(150,148,'Edit Purchase Return','pharmacy.purchaseReturnUpdate',-1,'2016-05-12 12:46:08',NULL,NULL),(151,144,'Sale','pharmacy.sales',-1,'2016-05-12 12:46:55',NULL,NULL),(152,151,'Add Sale','pharmacy.saleCreate',-1,'2016-05-12 12:47:06',NULL,NULL),(153,151,'Edit Sale','pharmacy.saleUpdate',-1,'2016-05-12 12:51:53',NULL,NULL),(154,144,'Sale Return','pharmacy.saleReturn',-1,'2016-05-12 12:52:48',NULL,NULL),(155,154,'Add Sale Return','pharmacy.saleReturnCreate',-1,'2016-05-12 12:53:07',NULL,NULL),(156,154,'Edit Sale Return','pharmacy.saleReturnUpdate',-1,'2016-05-12 12:53:49',NULL,NULL),(157,144,'Reports','pharmacy.report',-1,'2016-05-12 12:57:49',NULL,NULL),(158,144,'Stock Detail','pharmacy.stock',-1,'2016-05-12 12:59:19',NULL,NULL),(159,158,'Batch Details','pharmacy.batchDetails',-1,'2016-05-12 12:59:38',NULL,NULL),(160,158,'Stock Adjust','pharmacy.stockAdjust',-1,'2016-05-12 12:59:57',NULL,NULL),(161,144,'Configuration','pharmacy.configuration',-1,'2016-05-12 13:00:41',NULL,NULL),(162,161,'Brand','pharmacy.brand',-1,'2016-05-12 13:01:25',NULL,NULL),(163,161,'Brand Rep','pharmacy.brandrep',-1,'2016-05-12 13:01:45',NULL,NULL),(164,161,'Products','pharmacy.products',-1,'2016-05-12 13:02:11',NULL,NULL),(165,161,'Supplier','pharmacy.supplier',-1,'2016-05-12 13:02:28',NULL,NULL),(166,162,'Add Brand','pharmacy.brandCreate',-1,'2016-05-12 13:03:07',NULL,NULL),(167,162,'Edit Brand','pharmacy.brandUpdate',-1,'2016-05-12 13:03:27',NULL,NULL),(168,163,'Add Brand Rep','pharmacy.brandrepCreate',-1,'2016-05-12 13:03:47',NULL,NULL),(169,163,'Edit Brand Rep','pharmacy.brandrepUpdate',-1,'2016-05-12 13:04:04',NULL,NULL),(170,164,'Add Product','pharmacy.productAdd',-1,'2016-05-12 13:05:09',NULL,NULL),(171,164,'Edit Product','pharmacy.productEdit',-1,'2016-05-12 13:05:22',NULL,NULL),(172,165,'Add Supplier','pharmacy.supplierCreate',-1,'2016-05-12 13:05:46',NULL,NULL),(173,165,'Edit Supplier','pharmacy.supplierUpdate',-1,'2016-05-12 13:05:58',NULL,NULL),(174,161,'Brand Division','pharmacy.brandDivision',-1,'2016-05-12 13:06:54',NULL,NULL),(175,174,'Add Brand Division','pharmacy.brandDivisionCreate',-1,'2016-05-12 13:08:16',NULL,NULL),(176,174,'Edit Brand Division','pharmacy.brandDivisionUpdate',-1,'2016-05-12 13:08:42',NULL,NULL),(177,161,'Drug Class','pharmacy.drugclass',-1,'2016-05-12 13:17:33',NULL,NULL),(178,177,'Add Drug Class','pharmacy.drugclassCreate',-1,'2016-05-12 13:17:58',NULL,NULL),(179,177,'Edit Drug Class','pharmacy.drugclassUpdate',-1,'2016-05-12 13:18:57',NULL,NULL),(180,161,'Generic Names','pharmacy.genericName',-1,'2016-05-12 13:19:41',NULL,NULL),(181,180,'Add Generic Name','pharmacy.genericNameCreate',-1,'2016-05-12 13:20:14',NULL,NULL),(182,180,'Edit Generic Name','pharmacy.genericNameUpdate',-1,'2016-05-12 13:20:32',NULL,NULL),(183,161,'Drug Class & Generic','pharmacy.drugGeneric',-1,'2016-05-12 13:21:01',NULL,NULL),(184,183,'Add Drug Class & Generic','pharmacy.drugGenericCreate',-1,'2016-05-12 13:21:46',NULL,NULL),(185,183,'Edit Drug Class & Generic','pharmacy.drugGenericUpdate',-1,'2016-05-12 13:22:09',NULL,NULL),(186,161,'Product Description','pharmacy.prodesc',-1,'2016-05-12 13:22:52',NULL,NULL),(187,186,'Add Product Description','pharmacy.prodescCreate',-1,'2016-05-12 13:23:15',NULL,NULL),(188,186,'Edit Product Description','pharmacy.prodescUpdate',-1,'2016-05-12 13:23:41',NULL,NULL),(189,161,'Vat','pharmacy.vat',-1,'2016-05-12 13:24:16',NULL,NULL),(190,189,'Add Vat','pharmacy.vatCreate',-1,'2016-05-12 13:24:35',NULL,NULL),(191,189,'Edit Vat','pharmacy.vatUpdate',-1,'2016-05-12 13:24:47',NULL,NULL),(192,161,'Packing Unit','pharmacy.packingUnit',-1,'2016-05-12 13:25:22',NULL,NULL),(193,192,'Add Packing Unit','pharmacy.packingUnitCreate',-1,'2016-05-12 13:25:39',NULL,NULL),(194,192,'Edit Packing Unit','pharmacy.packingUnitUpdate',-1,'2016-05-12 13:25:56',NULL,NULL),(195,99,'Patient Registration','patient.registration',-1,'2016-05-12 17:39:56',NULL,NULL),(196,129,'Administrative Discharge','patient.admindischarge',-1,'2016-05-13 11:16:11',NULL,NULL),(197,103,'Future Appointment','patient.futureAppointment',-1,'2016-05-18 15:24:32',NULL,NULL),(198,103,'Future Appointment List','patient.futureAppointmentList',-1,'2016-05-18 15:24:53',NULL,NULL),(199,99,'Vitals','patient.vitals',-1,'2016-05-18 15:25:36',NULL,NULL),(200,199,'Add Vitals','patient.vitalCreate',-1,'2016-05-18 15:28:20',NULL,NULL),(201,99,'Modify Casesheet No.','patient.modifyCaseSheetNo',-1,'2016-05-20 13:07:44',NULL,NULL),(202,99,'Modify Admission','patient.update_admission',-1,'2016-05-20 13:39:02',NULL,NULL),(203,99,'Backdate Appointments','patient.backdateappointment',-1,'2016-05-21 16:36:48',NULL,NULL),(204,144,'Sale Billing','pharmacy.makePayment',-1,'2016-05-23 12:23:20',NULL,NULL),(205,103,'Cancel Last Encounter','patient.cancelLastEncounter',-1,'2016-05-24 17:34:12',NULL,NULL),(206,103,'Cancel Admission','patient.cancelAdmission',-1,'2016-05-24 17:37:21',NULL,NULL),(207,16,'Room Maintanance','configuration.updateMaintenance',-1,'2016-05-31 15:27:55',NULL,NULL),(208,99,'Documents','patient.document',-1,'2016-05-31 15:28:11',NULL,NULL),(209,208,'Add Document','patient.addDocument',-1,'2016-05-31 16:51:45',NULL,NULL),(210,208,'Edit Document','patient.editDocument',-1,'2016-05-31 16:52:05',NULL,NULL),(211,99,'Assign Patient Share','patient.assignShare',-1,'2016-06-10 12:49:15',NULL,NULL),(212,208,'View Document','patient.viewDocument',-1,'2016-06-13 12:47:51',NULL,NULL),(213,199,'Edit Vital','patient.vitalUpdate',-1,'2016-06-24 11:24:26',NULL,NULL),(214,108,'Delete Alert','patient.alertDelete',-1,'2016-06-24 15:21:53',NULL,NULL),(215,104,'Delete Note','patient.noteDelete',-1,'2016-06-24 16:39:56',NULL,NULL),(216,103,'Past Appointment','patient.pastAppointment',-1,'2016-06-28 11:21:07',NULL,NULL),(217,129,'Edit Extra Amount','patient.editExtraAmount',-1,'2016-07-02 17:03:05',NULL,NULL),(218,129,'Edit Concession Amount','patient.editConcessionAmount',-1,'2016-07-02 17:06:39',NULL,NULL),(219,99,'Backdate Consultant','patient.backdateconsultant',-1,'2016-07-06 11:30:38',NULL,NULL),(220,144,'Reorder','pharmacy.reorder',-1,'2016-07-08 17:09:31',NULL,NULL),(221,144,'Reorder History Update','pharmacy.reorderHistoryUpdate',-1,'2016-07-08 17:29:29',NULL,NULL);

/*Table structure for table `co_role` */

DROP TABLE IF EXISTS `co_role`;

CREATE TABLE `co_role` (
  `role_id` int(11) NOT NULL AUTO_INCREMENT,
  `tenant_id` int(11) NOT NULL,
  `description` varchar(50) NOT NULL,
  `status` enum('0','1') DEFAULT '1',
  `created_by` int(11) NOT NULL,
  `created_at` timestamp NOT NULL DEFAULT CURRENT_TIMESTAMP,
  `modified_by` int(11) DEFAULT NULL,
  `modified_at` timestamp NULL DEFAULT NULL,
  `deleted_at` timestamp NULL DEFAULT '0000-00-00 00:00:00',
  PRIMARY KEY (`role_id`),
  UNIQUE KEY `CoRoleUnique` (`tenant_id`,`description`,`deleted_at`)
) ENGINE=InnoDB AUTO_INCREMENT=102 DEFAULT CHARSET=latin1;

/*Data for the table `co_role` */

insert  into `co_role`(`role_id`,`tenant_id`,`description`,`status`,`created_by`,`created_at`,`modified_by`,`modified_at`,`deleted_at`) values (99,1,'Super Admin','1',-1,'2016-06-21 13:52:25',-1,'2016-06-21 13:52:25','0000-00-00 00:00:00'),(100,1,'Test Role','1',74,'2016-07-04 15:48:29',74,'2016-07-04 15:48:29','0000-00-00 00:00:00'),(101,1,'Test Role2','1',74,'2016-07-04 15:48:46',74,'2016-07-04 15:48:46','0000-00-00 00:00:00');

/*Table structure for table `co_roles_resources` */

DROP TABLE IF EXISTS `co_roles_resources`;

CREATE TABLE `co_roles_resources` (
  `role_perm_id` int(11) NOT NULL AUTO_INCREMENT,
  `tenant_id` int(11) NOT NULL,
  `role_id` int(11) NOT NULL,
  `resource_id` int(11) NOT NULL,
  `status` enum('0','1') NOT NULL DEFAULT '1',
  `created_by` int(11) NOT NULL,
  `created_at` timestamp NOT NULL DEFAULT CURRENT_TIMESTAMP,
  `modified_by` int(11) DEFAULT NULL,
  `modified_at` timestamp NULL DEFAULT NULL,
  PRIMARY KEY (`role_perm_id`),
  KEY `FK_co_role_permissions_role` (`role_id`),
  KEY `FK_co_role_permissions_resource` (`resource_id`),
  KEY `FK_co_role_permissions_tenant` (`tenant_id`),
  CONSTRAINT `FK_co_role_permissions_resource` FOREIGN KEY (`resource_id`) REFERENCES `co_resources` (`resource_id`) ON DELETE CASCADE ON UPDATE CASCADE,
  CONSTRAINT `FK_co_role_permissions_role` FOREIGN KEY (`role_id`) REFERENCES `co_role` (`role_id`) ON DELETE CASCADE ON UPDATE CASCADE
) ENGINE=InnoDB AUTO_INCREMENT=1004 DEFAULT CHARSET=latin1;

/*Data for the table `co_roles_resources` */

insert  into `co_roles_resources`(`role_perm_id`,`tenant_id`,`role_id`,`resource_id`,`status`,`created_by`,`created_at`,`modified_by`,`modified_at`) values (787,1,99,1,'1',-1,'2016-06-21 13:52:26',NULL,NULL),(788,1,99,2,'1',-1,'2016-06-21 13:52:26',NULL,NULL),(789,1,99,3,'1',-1,'2016-06-21 13:52:26',NULL,NULL),(790,1,99,4,'1',-1,'2016-06-21 13:52:26',NULL,NULL),(791,1,99,5,'1',-1,'2016-06-21 13:52:26',NULL,NULL),(792,1,99,6,'1',-1,'2016-06-21 13:52:26',NULL,NULL),(793,1,99,7,'1',-1,'2016-06-21 13:52:26',NULL,NULL),(794,1,99,8,'1',-1,'2016-06-21 13:52:26',NULL,NULL),(795,1,99,9,'1',-1,'2016-06-21 13:52:26',NULL,NULL),(796,1,99,10,'1',-1,'2016-06-21 13:52:26',NULL,NULL),(797,1,99,11,'1',-1,'2016-06-21 13:52:26',NULL,NULL),(798,1,99,12,'1',-1,'2016-06-21 13:52:26',NULL,NULL),(799,1,99,13,'1',-1,'2016-06-21 13:52:26',NULL,NULL),(800,1,99,14,'1',-1,'2016-06-21 13:52:26',NULL,NULL),(801,1,99,15,'1',-1,'2016-06-21 13:52:26',NULL,NULL),(802,1,99,16,'1',-1,'2016-06-21 13:52:26',NULL,NULL),(803,1,99,17,'1',-1,'2016-06-21 13:52:26',NULL,NULL),(804,1,99,18,'1',-1,'2016-06-21 13:52:26',NULL,NULL),(805,1,99,19,'1',-1,'2016-06-21 13:52:26',NULL,NULL),(806,1,99,20,'1',-1,'2016-06-21 13:52:26',NULL,NULL),(807,1,99,21,'1',-1,'2016-06-21 13:52:27',NULL,NULL),(808,1,99,22,'1',-1,'2016-06-21 13:52:27',NULL,NULL),(809,1,99,23,'1',-1,'2016-06-21 13:52:27',NULL,NULL),(810,1,99,24,'1',-1,'2016-06-21 13:52:27',NULL,NULL),(811,1,99,25,'1',-1,'2016-06-21 13:52:27',NULL,NULL),(812,1,99,26,'1',-1,'2016-06-21 13:52:27',NULL,NULL),(813,1,99,27,'1',-1,'2016-06-21 13:52:27',NULL,NULL),(814,1,99,28,'1',-1,'2016-06-21 13:52:27',NULL,NULL),(815,1,99,29,'1',-1,'2016-06-21 13:52:27',NULL,NULL),(816,1,99,30,'1',-1,'2016-06-21 13:52:27',NULL,NULL),(817,1,99,31,'1',-1,'2016-06-21 13:52:27',NULL,NULL),(818,1,99,32,'1',-1,'2016-06-21 13:52:27',NULL,NULL),(819,1,99,33,'1',-1,'2016-06-21 13:52:27',NULL,NULL),(820,1,99,34,'1',-1,'2016-06-21 13:52:27',NULL,NULL),(821,1,99,35,'1',-1,'2016-06-21 13:52:27',NULL,NULL),(822,1,99,36,'1',-1,'2016-06-21 13:52:27',NULL,NULL),(823,1,99,37,'1',-1,'2016-06-21 13:52:27',NULL,NULL),(824,1,99,38,'1',-1,'2016-06-21 13:52:27',NULL,NULL),(825,1,99,39,'1',-1,'2016-06-21 13:52:27',NULL,NULL),(826,1,99,40,'1',-1,'2016-06-21 13:52:27',NULL,NULL),(827,1,99,41,'1',-1,'2016-06-21 13:52:27',NULL,NULL),(828,1,99,42,'1',-1,'2016-06-21 13:52:28',NULL,NULL),(829,1,99,43,'1',-1,'2016-06-21 13:52:28',NULL,NULL),(830,1,99,44,'1',-1,'2016-06-21 13:52:28',NULL,NULL),(831,1,99,45,'1',-1,'2016-06-21 13:52:28',NULL,NULL),(832,1,99,46,'1',-1,'2016-06-21 13:52:28',NULL,NULL),(833,1,99,47,'1',-1,'2016-06-21 13:52:28',NULL,NULL),(834,1,99,48,'1',-1,'2016-06-21 13:52:28',NULL,NULL),(835,1,99,49,'1',-1,'2016-06-21 13:52:28',NULL,NULL),(836,1,99,54,'1',-1,'2016-06-21 13:52:28',NULL,NULL),(837,1,99,55,'1',-1,'2016-06-21 13:52:28',NULL,NULL),(838,1,99,56,'1',-1,'2016-06-21 13:52:28',NULL,NULL),(839,1,99,57,'1',-1,'2016-06-21 13:52:28',NULL,NULL),(840,1,99,58,'1',-1,'2016-06-21 13:52:28',NULL,NULL),(841,1,99,59,'1',-1,'2016-06-21 13:52:28',NULL,NULL),(842,1,99,60,'1',-1,'2016-06-21 13:52:28',NULL,NULL),(843,1,99,61,'1',-1,'2016-06-21 13:52:28',NULL,NULL),(844,1,99,62,'1',-1,'2016-06-21 13:52:28',NULL,NULL),(845,1,99,63,'1',-1,'2016-06-21 13:52:28',NULL,NULL),(846,1,99,64,'1',-1,'2016-06-21 13:52:28',NULL,NULL),(847,1,99,65,'1',-1,'2016-06-21 13:52:28',NULL,NULL),(848,1,99,66,'1',-1,'2016-06-21 13:52:28',NULL,NULL),(849,1,99,67,'1',-1,'2016-06-21 13:52:28',NULL,NULL),(850,1,99,68,'1',-1,'2016-06-21 13:52:29',NULL,NULL),(851,1,99,69,'1',-1,'2016-06-21 13:52:29',NULL,NULL),(852,1,99,70,'1',-1,'2016-06-21 13:52:29',NULL,NULL),(853,1,99,71,'1',-1,'2016-06-21 13:52:29',NULL,NULL),(854,1,99,72,'1',-1,'2016-06-21 13:52:29',NULL,NULL),(855,1,99,73,'1',-1,'2016-06-21 13:52:29',NULL,NULL),(856,1,99,74,'1',-1,'2016-06-21 13:52:29',NULL,NULL),(857,1,99,75,'1',-1,'2016-06-21 13:52:29',NULL,NULL),(858,1,99,76,'1',-1,'2016-06-21 13:52:29',NULL,NULL),(859,1,99,77,'1',-1,'2016-06-21 13:52:29',NULL,NULL),(860,1,99,78,'1',-1,'2016-06-21 13:52:29',NULL,NULL),(861,1,99,79,'1',-1,'2016-06-21 13:52:29',NULL,NULL),(862,1,99,80,'1',-1,'2016-06-21 13:52:29',NULL,NULL),(863,1,99,81,'1',-1,'2016-06-21 13:52:29',NULL,NULL),(864,1,99,82,'1',-1,'2016-06-21 13:52:29',NULL,NULL),(865,1,99,83,'1',-1,'2016-06-21 13:52:29',NULL,NULL),(866,1,99,84,'1',-1,'2016-06-21 13:52:29',NULL,NULL),(867,1,99,85,'1',-1,'2016-06-21 13:52:29',NULL,NULL),(868,1,99,86,'1',-1,'2016-06-21 13:52:29',NULL,NULL),(869,1,99,87,'1',-1,'2016-06-21 13:52:29',NULL,NULL),(870,1,99,88,'1',-1,'2016-06-21 13:52:29',NULL,NULL),(871,1,99,89,'1',-1,'2016-06-21 13:52:29',NULL,NULL),(872,1,99,90,'1',-1,'2016-06-21 13:52:29',NULL,NULL),(873,1,99,91,'1',-1,'2016-06-21 13:52:29',NULL,NULL),(874,1,99,92,'1',-1,'2016-06-21 13:52:29',NULL,NULL),(875,1,99,93,'1',-1,'2016-06-21 13:52:30',NULL,NULL),(876,1,99,94,'1',-1,'2016-06-21 13:52:30',NULL,NULL),(877,1,99,95,'1',-1,'2016-06-21 13:52:30',NULL,NULL),(878,1,99,96,'1',-1,'2016-06-21 13:52:30',NULL,NULL),(879,1,99,97,'1',-1,'2016-06-21 13:52:30',NULL,NULL),(880,1,99,98,'1',-1,'2016-06-21 13:52:30',NULL,NULL),(881,1,99,99,'1',-1,'2016-06-21 13:52:30',NULL,NULL),(882,1,99,100,'1',-1,'2016-06-21 13:52:30',NULL,NULL),(883,1,99,101,'1',-1,'2016-06-21 13:52:30',NULL,NULL),(885,1,99,103,'1',-1,'2016-06-21 13:52:30',NULL,NULL),(886,1,99,104,'1',-1,'2016-06-21 13:52:30',NULL,NULL),(887,1,99,105,'1',-1,'2016-06-21 13:52:30',NULL,NULL),(888,1,99,106,'1',-1,'2016-06-21 13:52:30',NULL,NULL),(889,1,99,107,'1',-1,'2016-06-21 13:52:30',NULL,NULL),(890,1,99,108,'1',-1,'2016-06-21 13:52:30',NULL,NULL),(891,1,99,109,'1',-1,'2016-06-21 13:52:30',NULL,NULL),(892,1,99,110,'1',-1,'2016-06-21 13:52:30',NULL,NULL),(893,1,99,111,'1',-1,'2016-06-21 13:52:30',NULL,NULL),(894,1,99,112,'1',-1,'2016-06-21 13:52:30',NULL,NULL),(895,1,99,113,'1',-1,'2016-06-21 13:52:30',NULL,NULL),(896,1,99,114,'1',-1,'2016-06-21 13:52:30',NULL,NULL),(897,1,99,115,'1',-1,'2016-06-21 13:52:30',NULL,NULL),(898,1,99,116,'1',-1,'2016-06-21 13:52:30',NULL,NULL),(899,1,99,117,'1',-1,'2016-06-21 13:52:30',NULL,NULL),(900,1,99,118,'1',-1,'2016-06-21 13:52:31',NULL,NULL),(901,1,99,119,'1',-1,'2016-06-21 13:52:31',NULL,NULL),(902,1,99,120,'1',-1,'2016-06-21 13:52:31',NULL,NULL),(903,1,99,121,'1',-1,'2016-06-21 13:52:31',NULL,NULL),(904,1,99,122,'1',-1,'2016-06-21 13:52:31',NULL,NULL),(905,1,99,123,'1',-1,'2016-06-21 13:52:31',NULL,NULL),(906,1,99,124,'1',-1,'2016-06-21 13:52:31',NULL,NULL),(907,1,99,125,'1',-1,'2016-06-21 13:52:31',NULL,NULL),(908,1,99,126,'1',-1,'2016-06-21 13:52:31',NULL,NULL),(909,1,99,127,'1',-1,'2016-06-21 13:52:31',NULL,NULL),(910,1,99,128,'1',-1,'2016-06-21 13:52:31',NULL,NULL),(911,1,99,129,'1',-1,'2016-06-21 13:52:31',NULL,NULL),(912,1,99,130,'1',-1,'2016-06-21 13:52:31',NULL,NULL),(913,1,99,131,'1',-1,'2016-06-21 13:52:31',NULL,NULL),(914,1,99,132,'1',-1,'2016-06-21 13:52:31',NULL,NULL),(915,1,99,133,'1',-1,'2016-06-21 13:52:31',NULL,NULL),(916,1,99,134,'1',-1,'2016-06-21 13:52:31',NULL,NULL),(917,1,99,135,'1',-1,'2016-06-21 13:52:31',NULL,NULL),(918,1,99,136,'1',-1,'2016-06-21 13:52:31',NULL,NULL),(919,1,99,137,'1',-1,'2016-06-21 13:52:31',NULL,NULL),(920,1,99,138,'1',-1,'2016-06-21 13:52:31',NULL,NULL),(921,1,99,139,'1',-1,'2016-06-21 13:52:31',NULL,NULL),(922,1,99,140,'1',-1,'2016-06-21 13:52:32',NULL,NULL),(923,1,99,141,'1',-1,'2016-06-21 13:52:32',NULL,NULL),(924,1,99,142,'1',-1,'2016-06-21 13:52:32',NULL,NULL),(925,1,99,143,'1',-1,'2016-06-21 13:52:32',NULL,NULL),(926,1,99,144,'1',-1,'2016-06-21 13:52:32',NULL,NULL),(927,1,99,145,'1',-1,'2016-06-21 13:52:32',NULL,NULL),(928,1,99,146,'1',-1,'2016-06-21 13:52:32',NULL,NULL),(929,1,99,147,'1',-1,'2016-06-21 13:52:32',NULL,NULL),(930,1,99,148,'1',-1,'2016-06-21 13:52:32',NULL,NULL),(931,1,99,149,'1',-1,'2016-06-21 13:52:32',NULL,NULL),(932,1,99,150,'1',-1,'2016-06-21 13:52:32',NULL,NULL),(933,1,99,151,'1',-1,'2016-06-21 13:52:32',NULL,NULL),(934,1,99,152,'1',-1,'2016-06-21 13:52:32',NULL,NULL),(935,1,99,153,'1',-1,'2016-06-21 13:52:32',NULL,NULL),(936,1,99,154,'1',-1,'2016-06-21 13:52:32',NULL,NULL),(937,1,99,155,'1',-1,'2016-06-21 13:52:32',NULL,NULL),(938,1,99,156,'1',-1,'2016-06-21 13:52:32',NULL,NULL),(939,1,99,157,'1',-1,'2016-06-21 13:52:32',NULL,NULL),(940,1,99,158,'1',-1,'2016-06-21 13:52:32',NULL,NULL),(941,1,99,159,'1',-1,'2016-06-21 13:52:32',NULL,NULL),(942,1,99,160,'1',-1,'2016-06-21 13:52:32',NULL,NULL),(943,1,99,161,'1',-1,'2016-06-21 13:52:32',NULL,NULL),(944,1,99,162,'1',-1,'2016-06-21 13:52:33',NULL,NULL),(945,1,99,163,'1',-1,'2016-06-21 13:52:33',NULL,NULL),(946,1,99,164,'1',-1,'2016-06-21 13:52:33',NULL,NULL),(947,1,99,165,'1',-1,'2016-06-21 13:52:33',NULL,NULL),(948,1,99,166,'1',-1,'2016-06-21 13:52:33',NULL,NULL),(949,1,99,167,'1',-1,'2016-06-21 13:52:33',NULL,NULL),(950,1,99,168,'1',-1,'2016-06-21 13:52:33',NULL,NULL),(951,1,99,169,'1',-1,'2016-06-21 13:52:33',NULL,NULL),(952,1,99,170,'1',-1,'2016-06-21 13:52:33',NULL,NULL),(953,1,99,171,'1',-1,'2016-06-21 13:52:33',NULL,NULL),(954,1,99,172,'1',-1,'2016-06-21 13:52:33',NULL,NULL),(955,1,99,173,'1',-1,'2016-06-21 13:52:33',NULL,NULL),(956,1,99,174,'1',-1,'2016-06-21 13:52:33',NULL,NULL),(957,1,99,175,'1',-1,'2016-06-21 13:52:33',NULL,NULL),(958,1,99,176,'1',-1,'2016-06-21 13:52:33',NULL,NULL),(959,1,99,177,'1',-1,'2016-06-21 13:52:33',NULL,NULL),(960,1,99,178,'1',-1,'2016-06-21 13:52:33',NULL,NULL),(961,1,99,179,'1',-1,'2016-06-21 13:52:33',NULL,NULL),(962,1,99,180,'1',-1,'2016-06-21 13:52:33',NULL,NULL),(963,1,99,181,'1',-1,'2016-06-21 13:52:33',NULL,NULL),(964,1,99,182,'1',-1,'2016-06-21 13:52:33',NULL,NULL),(965,1,99,183,'1',-1,'2016-06-21 13:52:33',NULL,NULL),(966,1,99,184,'1',-1,'2016-06-21 13:52:33',NULL,NULL),(967,1,99,185,'1',-1,'2016-06-21 13:52:34',NULL,NULL),(968,1,99,186,'1',-1,'2016-06-21 13:52:34',NULL,NULL),(969,1,99,187,'1',-1,'2016-06-21 13:52:34',NULL,NULL),(970,1,99,188,'1',-1,'2016-06-21 13:52:34',NULL,NULL),(971,1,99,189,'1',-1,'2016-06-21 13:52:34',NULL,NULL),(972,1,99,190,'1',-1,'2016-06-21 13:52:34',NULL,NULL),(973,1,99,191,'1',-1,'2016-06-21 13:52:34',NULL,NULL),(974,1,99,192,'1',-1,'2016-06-21 13:52:34',NULL,NULL),(975,1,99,193,'1',-1,'2016-06-21 13:52:34',NULL,NULL),(976,1,99,194,'1',-1,'2016-06-21 13:52:34',NULL,NULL),(977,1,99,195,'1',-1,'2016-06-21 13:52:34',NULL,NULL),(978,1,99,196,'1',-1,'2016-06-21 13:52:34',NULL,NULL),(979,1,99,197,'1',-1,'2016-06-21 13:52:34',NULL,NULL),(980,1,99,198,'1',-1,'2016-06-21 13:52:34',NULL,NULL),(981,1,99,199,'1',-1,'2016-06-21 13:52:34',NULL,NULL),(982,1,99,200,'1',-1,'2016-06-21 13:52:34',NULL,NULL),(983,1,99,201,'1',-1,'2016-06-21 13:52:34',NULL,NULL),(984,1,99,202,'1',-1,'2016-06-21 13:52:34',NULL,NULL),(985,1,99,203,'1',-1,'2016-06-21 13:52:34',NULL,NULL),(986,1,99,204,'1',-1,'2016-06-21 13:52:34',NULL,NULL),(987,1,99,205,'1',-1,'2016-06-21 13:52:34',NULL,NULL),(988,1,99,206,'1',-1,'2016-06-21 13:52:34',NULL,NULL),(989,1,99,207,'1',-1,'2016-06-21 13:52:34',NULL,NULL),(990,1,99,208,'1',-1,'2016-06-21 13:52:34',NULL,NULL),(991,1,99,209,'1',-1,'2016-06-21 13:52:35',NULL,NULL),(992,1,99,210,'1',-1,'2016-06-21 13:52:35',NULL,NULL),(993,1,99,211,'1',-1,'2016-06-21 13:52:35',NULL,NULL),(994,1,99,212,'1',-1,'2016-06-21 13:52:35',NULL,NULL),(995,1,99,213,'1',-1,'2016-06-24 11:26:13',NULL,NULL),(996,1,99,214,'1',-1,'2016-06-24 15:23:02',NULL,NULL),(997,1,99,215,'1',-1,'2016-06-24 16:47:18',NULL,NULL),(998,1,99,216,'1',-1,'2016-06-28 11:24:12',NULL,NULL),(999,1,99,217,'1',-1,'2016-07-02 17:08:37',NULL,NULL),(1000,1,99,218,'1',-1,'2016-07-02 17:08:45',NULL,NULL),(1001,1,99,219,'1',-1,'2016-07-06 11:32:19',NULL,NULL),(1002,1,99,220,'1',-1,'2016-07-08 17:10:07',NULL,NULL),(1003,1,99,221,'1',-1,'2016-07-08 17:30:18',NULL,NULL);

/*Table structure for table `co_room` */

DROP TABLE IF EXISTS `co_room`;

CREATE TABLE `co_room` (
  `room_id` int(11) NOT NULL AUTO_INCREMENT,
  `tenant_id` int(11) NOT NULL,
  `ward_id` int(11) NOT NULL,
  `bed_name` varchar(50) NOT NULL,
  `maintain_id` int(11) DEFAULT NULL,
  `occupied_status` enum('0','1','2') DEFAULT '0',
  `notes` text,
  `status` enum('0','1') DEFAULT '1',
  `created_by` int(11) NOT NULL,
  `created_at` timestamp NOT NULL DEFAULT CURRENT_TIMESTAMP,
  `modified_by` int(11) DEFAULT NULL,
  `modified_at` timestamp NULL DEFAULT NULL,
  `deleted_at` timestamp NULL DEFAULT '0000-00-00 00:00:00',
  PRIMARY KEY (`room_id`),
  UNIQUE KEY `CoBedUnique` (`tenant_id`,`ward_id`,`bed_name`,`deleted_at`),
  KEY `FK_co_room_maintenance` (`maintain_id`),
  KEY `FK_co_room_ward` (`ward_id`),
  CONSTRAINT `FK_co_rooms_tenant` FOREIGN KEY (`tenant_id`) REFERENCES `co_tenant` (`tenant_id`) ON DELETE CASCADE ON UPDATE CASCADE,
  CONSTRAINT `FK_co_room_ward` FOREIGN KEY (`ward_id`) REFERENCES `co_ward` (`ward_id`) ON DELETE CASCADE ON UPDATE CASCADE
) ENGINE=InnoDB AUTO_INCREMENT=3 DEFAULT CHARSET=latin1;

/*Data for the table `co_room` */

insert  into `co_room`(`room_id`,`tenant_id`,`ward_id`,`bed_name`,`maintain_id`,`occupied_status`,`notes`,`status`,`created_by`,`created_at`,`modified_by`,`modified_at`,`deleted_at`) values (1,1,1,'100',NULL,'2','Room under maintanance','1',74,'2016-06-24 18:04:01',74,'2016-07-06 17:45:56','0000-00-00 00:00:00'),(2,1,1,'101',NULL,'1','','1',74,'2016-06-29 12:07:29',74,'2016-07-07 16:28:54','0000-00-00 00:00:00');

/*Table structure for table `co_room_charge` */

DROP TABLE IF EXISTS `co_room_charge`;

CREATE TABLE `co_room_charge` (
  `charge_id` int(11) NOT NULL AUTO_INCREMENT,
  `tenant_id` int(11) NOT NULL,
  `charge_item_id` int(11) NOT NULL,
  `room_type_id` int(11) NOT NULL,
  `charge` decimal(10,2) NOT NULL DEFAULT '0.00',
  `status` enum('0','1') DEFAULT '1',
  `created_by` int(11) NOT NULL,
  `created_at` timestamp NOT NULL DEFAULT CURRENT_TIMESTAMP,
  `modified_by` int(11) DEFAULT NULL,
  `modified_at` timestamp NULL DEFAULT NULL,
  `deleted_at` timestamp NULL DEFAULT '0000-00-00 00:00:00',
  PRIMARY KEY (`charge_id`),
  UNIQUE KEY `CoRoomChargeUnique` (`tenant_id`,`charge_item_id`,`room_type_id`,`deleted_at`),
  KEY `co_room_charge_tenant` (`tenant_id`),
  KEY `FK_co_room_charge_room_type` (`room_type_id`),
  KEY `FK_co_room_charge_charge_item` (`charge_item_id`),
  CONSTRAINT `FK_co_room_charge_charge_item` FOREIGN KEY (`charge_item_id`) REFERENCES `co_room_charge_item` (`charge_item_id`) ON DELETE CASCADE ON UPDATE CASCADE,
  CONSTRAINT `FK_co_room_charge_room_type` FOREIGN KEY (`room_type_id`) REFERENCES `co_room_type` (`room_type_id`) ON DELETE CASCADE ON UPDATE CASCADE,
  CONSTRAINT `FK_co_room_charge_tenant` FOREIGN KEY (`tenant_id`) REFERENCES `co_tenant` (`tenant_id`) ON DELETE CASCADE ON UPDATE CASCADE
) ENGINE=InnoDB AUTO_INCREMENT=3 DEFAULT CHARSET=latin1;

/*Data for the table `co_room_charge` */

insert  into `co_room_charge`(`charge_id`,`tenant_id`,`charge_item_id`,`room_type_id`,`charge`,`status`,`created_by`,`created_at`,`modified_by`,`modified_at`,`deleted_at`) values (1,1,1,1,'250.00','1',74,'2016-07-02 16:48:19',74,'2016-07-02 16:48:19','0000-00-00 00:00:00'),(2,1,2,1,'150.00','1',74,'2016-07-02 16:48:32',74,'2016-07-02 16:48:32','0000-00-00 00:00:00');

/*Table structure for table `co_room_charge_category` */

DROP TABLE IF EXISTS `co_room_charge_category`;

CREATE TABLE `co_room_charge_category` (
  `charge_cat_id` int(11) NOT NULL AUTO_INCREMENT,
  `tenant_id` int(11) DEFAULT NULL,
  `charge_cat_name` varchar(50) NOT NULL,
  `charge_cat_code` varchar(10) DEFAULT NULL,
  `charge_cat_description` text,
  `status` enum('0','1') DEFAULT '1',
  `created_by` int(11) NOT NULL,
  `created_at` timestamp NOT NULL DEFAULT CURRENT_TIMESTAMP,
  `modified_by` int(11) DEFAULT NULL,
  `modified_at` timestamp NULL DEFAULT NULL,
  `deleted_at` timestamp NULL DEFAULT '0000-00-00 00:00:00',
  PRIMARY KEY (`charge_cat_id`),
  UNIQUE KEY `RoomCatNameUnique` (`tenant_id`,`charge_cat_name`,`deleted_at`),
  KEY `co_room_cat_tenant` (`tenant_id`),
  CONSTRAINT `FK_co_room_cat_tenant` FOREIGN KEY (`tenant_id`) REFERENCES `co_tenant` (`tenant_id`) ON DELETE CASCADE ON UPDATE CASCADE
) ENGINE=InnoDB AUTO_INCREMENT=3 DEFAULT CHARSET=latin1;

/*Data for the table `co_room_charge_category` */

insert  into `co_room_charge_category`(`charge_cat_id`,`tenant_id`,`charge_cat_name`,`charge_cat_code`,`charge_cat_description`,`status`,`created_by`,`created_at`,`modified_by`,`modified_at`,`deleted_at`) values (1,NULL,'Procedures','PRC','Procedures','1',1,'2016-01-28 15:34:22',NULL,NULL,'0000-00-00 00:00:00'),(2,NULL,'Allied Charges','ALC','Allied Charges','1',1,'2016-01-28 15:35:12',NULL,NULL,'0000-00-00 00:00:00');

/*Table structure for table `co_room_charge_item` */

DROP TABLE IF EXISTS `co_room_charge_item`;

CREATE TABLE `co_room_charge_item` (
  `charge_item_id` int(11) NOT NULL AUTO_INCREMENT,
  `tenant_id` int(11) NOT NULL,
  `charge_item_name` varchar(50) NOT NULL,
  `charge_item_code` varchar(10) NOT NULL,
  `charge_item_description` text,
  `status` enum('0','1') DEFAULT '1',
  `created_by` int(11) NOT NULL,
  `created_at` timestamp NOT NULL DEFAULT CURRENT_TIMESTAMP,
  `modified_by` int(11) DEFAULT NULL,
  `modified_at` timestamp NULL DEFAULT NULL,
  `deleted_at` timestamp NULL DEFAULT '0000-00-00 00:00:00',
  PRIMARY KEY (`charge_item_id`),
  UNIQUE KEY `RoomChargeUnique` (`charge_item_name`,`tenant_id`,`deleted_at`),
  KEY `co_charge_tenant` (`tenant_id`),
  CONSTRAINT `FK_co_charge_tenant` FOREIGN KEY (`tenant_id`) REFERENCES `co_tenant` (`tenant_id`) ON DELETE CASCADE ON UPDATE CASCADE
) ENGINE=InnoDB AUTO_INCREMENT=3 DEFAULT CHARSET=latin1;

/*Data for the table `co_room_charge_item` */

insert  into `co_room_charge_item`(`charge_item_id`,`tenant_id`,`charge_item_name`,`charge_item_code`,`charge_item_description`,`status`,`created_by`,`created_at`,`modified_by`,`modified_at`,`deleted_at`) values (1,1,'DMO','','DMO','1',74,'2016-07-02 16:47:48',74,'2016-07-02 16:47:48','0000-00-00 00:00:00'),(2,1,'Cleaning','','Cleaning','1',74,'2016-07-02 16:48:00',74,'2016-07-02 16:48:00','0000-00-00 00:00:00');

/*Table structure for table `co_room_charge_subcategory` */

DROP TABLE IF EXISTS `co_room_charge_subcategory`;

CREATE TABLE `co_room_charge_subcategory` (
  `charge_subcat_id` int(11) NOT NULL AUTO_INCREMENT,
  `tenant_id` int(11) NOT NULL,
  `charge_cat_id` int(11) NOT NULL,
  `charge_subcat_name` varchar(50) NOT NULL,
  `status` enum('0','1') DEFAULT '1',
  `created_by` int(11) NOT NULL,
  `created_at` timestamp NOT NULL DEFAULT CURRENT_TIMESTAMP,
  `modified_by` int(11) DEFAULT NULL,
  `modified_at` timestamp NULL DEFAULT NULL,
  `deleted_at` timestamp NULL DEFAULT '0000-00-00 00:00:00',
  PRIMARY KEY (`charge_subcat_id`),
  UNIQUE KEY `CoRoomChargeSubCategoryUnique` (`tenant_id`,`charge_cat_id`,`charge_subcat_name`,`deleted_at`),
  KEY `co_room_cat_tenant` (`tenant_id`),
  KEY `FK_co_room_charge_subcategory_category` (`charge_cat_id`),
  CONSTRAINT `FK_co_room_charge_subcategory_category` FOREIGN KEY (`charge_cat_id`) REFERENCES `co_room_charge_category` (`charge_cat_id`) ON DELETE CASCADE ON UPDATE CASCADE,
  CONSTRAINT `FK_co_room_subcat_tenant` FOREIGN KEY (`tenant_id`) REFERENCES `co_tenant` (`tenant_id`) ON DELETE CASCADE ON UPDATE CASCADE
) ENGINE=InnoDB AUTO_INCREMENT=4 DEFAULT CHARSET=latin1;

/*Data for the table `co_room_charge_subcategory` */

insert  into `co_room_charge_subcategory`(`charge_subcat_id`,`tenant_id`,`charge_cat_id`,`charge_subcat_name`,`status`,`created_by`,`created_at`,`modified_by`,`modified_at`,`deleted_at`) values (1,1,1,'Procedure1','1',74,'2016-06-24 15:51:53',74,'2016-06-24 15:51:53','0000-00-00 00:00:00'),(2,1,2,'Allied1','1',74,'2016-07-02 16:52:07',74,'2016-07-02 16:52:07','0000-00-00 00:00:00'),(3,1,2,'Allied2','1',74,'2016-07-02 16:52:16',74,'2016-07-02 16:52:16','0000-00-00 00:00:00');

/*Table structure for table `co_room_maintenance` */

DROP TABLE IF EXISTS `co_room_maintenance`;

CREATE TABLE `co_room_maintenance` (
  `maintain_id` int(11) NOT NULL AUTO_INCREMENT,
  `tenant_id` int(11) NOT NULL,
  `maintain_name` varchar(50) NOT NULL,
  `status` enum('0','1') DEFAULT '1',
  `created_by` int(11) NOT NULL,
  `created_at` timestamp NOT NULL DEFAULT CURRENT_TIMESTAMP,
  `modified_by` int(11) DEFAULT NULL,
  `modified_at` timestamp NULL DEFAULT NULL,
  `deleted_at` timestamp NULL DEFAULT '0000-00-00 00:00:00',
  PRIMARY KEY (`maintain_id`),
  UNIQUE KEY `MaintainNameUnique` (`tenant_id`,`maintain_name`,`deleted_at`),
  CONSTRAINT `FK_co_room_maintenance_tenant` FOREIGN KEY (`tenant_id`) REFERENCES `co_tenant` (`tenant_id`) ON DELETE CASCADE ON UPDATE CASCADE
) ENGINE=InnoDB DEFAULT CHARSET=latin1;

/*Data for the table `co_room_maintenance` */

/*Table structure for table `co_room_type` */

DROP TABLE IF EXISTS `co_room_type`;

CREATE TABLE `co_room_type` (
  `room_type_id` int(11) NOT NULL AUTO_INCREMENT,
  `tenant_id` int(11) NOT NULL,
  `room_type_name` varchar(50) NOT NULL,
  `status` enum('0','1') DEFAULT '1',
  `created_by` int(11) NOT NULL,
  `created_at` timestamp NOT NULL DEFAULT CURRENT_TIMESTAMP,
  `modified_by` int(11) DEFAULT NULL,
  `modified_at` timestamp NULL DEFAULT NULL,
  `deleted_at` timestamp NULL DEFAULT '0000-00-00 00:00:00',
  PRIMARY KEY (`room_type_id`),
  UNIQUE KEY `RoomTypeNameUnique` (`tenant_id`,`room_type_name`,`deleted_at`),
  KEY `co_room_type_tenant` (`tenant_id`),
  CONSTRAINT `FK_co_room_type_tenant` FOREIGN KEY (`tenant_id`) REFERENCES `co_tenant` (`tenant_id`) ON DELETE CASCADE ON UPDATE CASCADE
) ENGINE=InnoDB AUTO_INCREMENT=2 DEFAULT CHARSET=latin1;

/*Data for the table `co_room_type` */

insert  into `co_room_type`(`room_type_id`,`tenant_id`,`room_type_name`,`status`,`created_by`,`created_at`,`modified_by`,`modified_at`,`deleted_at`) values (1,1,'Non AC','1',74,'2016-06-24 18:03:05',74,'2016-06-24 18:03:05','0000-00-00 00:00:00');

/*Table structure for table `co_room_types_rooms` */

DROP TABLE IF EXISTS `co_room_types_rooms`;

CREATE TABLE `co_room_types_rooms` (
  `room_type_room_id` int(11) NOT NULL AUTO_INCREMENT,
  `tenant_id` int(11) NOT NULL,
  `room_type_id` int(11) NOT NULL,
  `room_id` int(11) NOT NULL,
  `created_by` int(11) NOT NULL,
  `created_at` timestamp NOT NULL DEFAULT CURRENT_TIMESTAMP ON UPDATE CURRENT_TIMESTAMP,
  `modified_by` int(11) DEFAULT NULL,
  `modified_at` timestamp NULL DEFAULT NULL,
  PRIMARY KEY (`room_type_room_id`),
  KEY `FK_room_types_rooms_tenane` (`tenant_id`),
  KEY `FK_room_types_rooms` (`room_type_id`),
  KEY `FK_room_types_rooms_room` (`room_id`),
  CONSTRAINT `FK_room_types_rooms` FOREIGN KEY (`room_type_id`) REFERENCES `co_room_type` (`room_type_id`) ON DELETE CASCADE ON UPDATE CASCADE,
  CONSTRAINT `FK_room_types_rooms_room` FOREIGN KEY (`room_id`) REFERENCES `co_room` (`room_id`) ON DELETE CASCADE ON UPDATE CASCADE,
  CONSTRAINT `FK_room_types_rooms_tenane` FOREIGN KEY (`tenant_id`) REFERENCES `co_tenant` (`tenant_id`) ON DELETE CASCADE ON UPDATE CASCADE
) ENGINE=InnoDB AUTO_INCREMENT=3 DEFAULT CHARSET=latin1;

/*Data for the table `co_room_types_rooms` */

insert  into `co_room_types_rooms`(`room_type_room_id`,`tenant_id`,`room_type_id`,`room_id`,`created_by`,`created_at`,`modified_by`,`modified_at`) values (1,1,1,1,74,'2016-06-24 18:04:11',74,'2016-06-24 18:04:11'),(2,1,1,2,74,'2016-06-29 12:08:24',74,'2016-06-29 12:08:24');

/*Table structure for table `co_speciality` */

DROP TABLE IF EXISTS `co_speciality`;

CREATE TABLE `co_speciality` (
  `speciality_id` int(11) NOT NULL AUTO_INCREMENT,
  `tenant_id` int(11) NOT NULL,
  `speciality_name` varchar(50) NOT NULL,
  `status` enum('0','1') DEFAULT '1',
  `created_by` int(11) NOT NULL,
  `created_at` timestamp NOT NULL DEFAULT CURRENT_TIMESTAMP,
  `modified_by` int(11) DEFAULT NULL,
  `modified_at` timestamp NULL DEFAULT NULL,
  `deleted_at` timestamp NULL DEFAULT '0000-00-00 00:00:00',
  PRIMARY KEY (`speciality_id`),
  UNIQUE KEY `co_speciality_tenant` (`tenant_id`,`speciality_name`,`deleted_at`),
  CONSTRAINT `FK_co_speciality_tenant` FOREIGN KEY (`tenant_id`) REFERENCES `co_tenant` (`tenant_id`) ON DELETE CASCADE ON UPDATE CASCADE
) ENGINE=InnoDB DEFAULT CHARSET=latin1;

/*Data for the table `co_speciality` */

/*Table structure for table `co_super_admin` */

DROP TABLE IF EXISTS `co_super_admin`;

CREATE TABLE `co_super_admin` (
  `su_id` int(11) NOT NULL AUTO_INCREMENT,
  `username` varchar(100) NOT NULL,
  `password` varchar(255) NOT NULL,
  `authtoken` varchar(255) DEFAULT NULL,
  `last_activity` timestamp NOT NULL DEFAULT '0000-00-00 00:00:00',
  `created_by` int(11) DEFAULT NULL,
  `created_at` timestamp NOT NULL DEFAULT '0000-00-00 00:00:00',
  `modified_by` int(11) DEFAULT NULL,
  `modified_at` timestamp NOT NULL DEFAULT '0000-00-00 00:00:00',
  PRIMARY KEY (`su_id`)
) ENGINE=InnoDB DEFAULT CHARSET=latin1;

/*Data for the table `co_super_admin` */

/*Table structure for table `co_tenant` */

DROP TABLE IF EXISTS `co_tenant`;

CREATE TABLE `co_tenant` (
  `tenant_id` int(11) NOT NULL AUTO_INCREMENT,
  `org_id` int(11) NOT NULL,
  `tenant_guid` varchar(50) DEFAULT NULL,
  `tenant_name` varchar(50) NOT NULL,
  `tenant_address` varchar(100) DEFAULT NULL,
  `tenant_city_id` int(11) DEFAULT NULL,
  `tenant_state_id` int(11) DEFAULT NULL,
  `tenant_country_id` int(11) DEFAULT NULL,
  `tenant_contact1` varchar(20) DEFAULT NULL,
  `tenant_contact2` varchar(20) DEFAULT NULL,
  `tenant_fax` varchar(50) DEFAULT NULL,
  `tenant_mobile` varchar(20) DEFAULT NULL,
  `tenant_email` varchar(50) DEFAULT NULL,
  `tenant_url` varchar(50) DEFAULT NULL,
  `slug` varchar(50) DEFAULT NULL,
  `status` enum('0','1') DEFAULT '1',
  `created_by` int(11) NOT NULL,
  `created_at` timestamp NOT NULL DEFAULT CURRENT_TIMESTAMP,
  `modified_by` int(11) DEFAULT NULL,
  `modified_at` timestamp NULL DEFAULT NULL,
  `deleted_at` timestamp NULL DEFAULT '0000-00-00 00:00:00',
  PRIMARY KEY (`tenant_id`),
  UNIQUE KEY `TenantNameUnique` (`tenant_name`,`org_id`),
  KEY `FK_co_tenant_org` (`org_id`)
) ENGINE=InnoDB AUTO_INCREMENT=2 DEFAULT CHARSET=latin1;

/*Data for the table `co_tenant` */

insert  into `co_tenant`(`tenant_id`,`org_id`,`tenant_guid`,`tenant_name`,`tenant_address`,`tenant_city_id`,`tenant_state_id`,`tenant_country_id`,`tenant_contact1`,`tenant_contact2`,`tenant_fax`,`tenant_mobile`,`tenant_email`,`tenant_url`,`slug`,`status`,`created_by`,`created_at`,`modified_by`,`modified_at`,`deleted_at`) values (1,1,'','Ahana','',0,0,0,'','','','','','','','',-1,'0000-00-00 00:00:00',-1,'0000-00-00 00:00:00','0000-00-00 00:00:00');

/*Table structure for table `co_user` */

DROP TABLE IF EXISTS `co_user`;

CREATE TABLE `co_user` (
  `user_id` int(11) NOT NULL AUTO_INCREMENT,
  `tenant_id` int(11) NOT NULL,
  `org_id` int(11) NOT NULL,
  `title_code` varchar(10) DEFAULT 'Mr.',
  `name` varchar(50) NOT NULL,
  `designation` varchar(25) DEFAULT NULL,
  `address` varchar(100) DEFAULT NULL,
  `city_id` int(11) DEFAULT NULL,
  `state_id` int(11) DEFAULT NULL,
  `zip` varchar(20) DEFAULT NULL,
  `country_id` int(11) DEFAULT NULL,
  `contact1` varchar(50) DEFAULT NULL,
  `contact2` varchar(50) DEFAULT NULL,
  `mobile` varchar(50) DEFAULT NULL,
  `email` varchar(50) DEFAULT NULL,
  `speciality_id` int(11) DEFAULT NULL,
  `care_provider` enum('0','1') NOT NULL DEFAULT '0',
  `status` enum('0','1') DEFAULT '1',
  `created_by` int(11) NOT NULL,
  `created_at` timestamp NOT NULL DEFAULT CURRENT_TIMESTAMP,
  `modified_by` int(11) DEFAULT NULL,
  `modified_at` timestamp NULL DEFAULT NULL,
  `deleted_at` timestamp NULL DEFAULT '0000-00-00 00:00:00',
  PRIMARY KEY (`user_id`),
  KEY `FK_co_user_profile_tenant` (`tenant_id`)
) ENGINE=InnoDB AUTO_INCREMENT=77 DEFAULT CHARSET=latin1;

/*Data for the table `co_user` */

insert  into `co_user`(`user_id`,`tenant_id`,`org_id`,`title_code`,`name`,`designation`,`address`,`city_id`,`state_id`,`zip`,`country_id`,`contact1`,`contact2`,`mobile`,`email`,`speciality_id`,`care_provider`,`status`,`created_by`,`created_at`,`modified_by`,`modified_at`,`deleted_at`) values (74,0,1,'Mr.','Vikhram','Admin','Test',1,1,'123456',1,NULL,NULL,'1234567890','admin@gmail.com',NULL,'0','1',-1,'2016-06-21 13:52:25',-1,'2016-06-21 13:52:25','0000-00-00 00:00:00'),(75,1,1,'Dr.','Doctor1','Doctor','Test',1,1,'123456',1,NULL,NULL,'1234567890','doctor@gmail.com',NULL,'1','1',74,'2016-06-21 15:50:14',74,'2016-06-21 15:50:14','0000-00-00 00:00:00'),(76,1,1,'Dr.','Doctor2','Doctor','Test  address',1,1,'1234560',1,NULL,NULL,'1234567980','doctor2@gmail.com',NULL,'1','1',74,'2016-06-30 18:57:13',74,'2016-06-30 18:57:13','0000-00-00 00:00:00');

/*Table structure for table `co_users_roles` */

DROP TABLE IF EXISTS `co_users_roles`;

CREATE TABLE `co_users_roles` (
  `user_role_id` int(11) NOT NULL AUTO_INCREMENT,
  `tenant_id` int(11) NOT NULL,
  `user_id` int(11) NOT NULL,
  `role_id` int(11) NOT NULL,
  `created_by` int(11) NOT NULL,
  `created_at` timestamp NOT NULL DEFAULT CURRENT_TIMESTAMP,
  `modified_by` int(11) DEFAULT NULL,
  `modified_at` timestamp NULL DEFAULT NULL,
  PRIMARY KEY (`user_role_id`),
  KEY `FK_co_user_roles` (`user_id`),
  KEY `FK_co_user_roles_role` (`role_id`),
  KEY `FK_co_user_roles_tenant` (`tenant_id`),
  CONSTRAINT `FK_co_user_roles` FOREIGN KEY (`user_id`) REFERENCES `co_user` (`user_id`) ON DELETE CASCADE ON UPDATE CASCADE,
  CONSTRAINT `FK_co_user_roles_role` FOREIGN KEY (`role_id`) REFERENCES `co_role` (`role_id`) ON DELETE CASCADE ON UPDATE CASCADE
) ENGINE=InnoDB AUTO_INCREMENT=42 DEFAULT CHARSET=latin1;

/*Data for the table `co_users_roles` */

insert  into `co_users_roles`(`user_role_id`,`tenant_id`,`user_id`,`role_id`,`created_by`,`created_at`,`modified_by`,`modified_at`) values (41,1,74,99,-1,'2016-06-21 13:52:26',NULL,NULL);

/*Table structure for table `co_ward` */

DROP TABLE IF EXISTS `co_ward`;

CREATE TABLE `co_ward` (
  `ward_id` int(11) NOT NULL AUTO_INCREMENT,
  `tenant_id` int(11) NOT NULL,
  `floor_id` int(11) NOT NULL,
  `ward_name` varchar(50) NOT NULL,
  `status` enum('0','1') DEFAULT '1',
  `created_by` int(11) NOT NULL,
  `created_at` timestamp NOT NULL DEFAULT CURRENT_TIMESTAMP,
  `modified_by` int(11) DEFAULT NULL,
  `modified_at` timestamp NULL DEFAULT NULL,
  `deleted_at` timestamp NULL DEFAULT '0000-00-00 00:00:00',
  PRIMARY KEY (`ward_id`),
  UNIQUE KEY `WardNameUnique` (`tenant_id`,`ward_name`,`floor_id`),
  KEY `FK_co_ward_floor` (`floor_id`),
  CONSTRAINT `FK_co_ward_floor` FOREIGN KEY (`floor_id`) REFERENCES `co_floor` (`floor_id`) ON DELETE CASCADE ON UPDATE CASCADE,
  CONSTRAINT `FK_co_ward_tenant` FOREIGN KEY (`tenant_id`) REFERENCES `co_tenant` (`tenant_id`) ON DELETE CASCADE ON UPDATE CASCADE
) ENGINE=InnoDB AUTO_INCREMENT=2 DEFAULT CHARSET=latin1;

/*Data for the table `co_ward` */

insert  into `co_ward`(`ward_id`,`tenant_id`,`floor_id`,`ward_name`,`status`,`created_by`,`created_at`,`modified_by`,`modified_at`,`deleted_at`) values (1,1,1,'Ward1','1',74,'2016-06-24 18:02:53',74,'2016-06-24 18:02:53','0000-00-00 00:00:00');

/*Table structure for table `pat_admission` */

DROP TABLE IF EXISTS `pat_admission`;

CREATE TABLE `pat_admission` (
  `admn_id` int(11) NOT NULL AUTO_INCREMENT,
  `tenant_id` int(11) NOT NULL,
  `patient_id` int(11) NOT NULL,
  `encounter_id` int(11) NOT NULL,
  `status_date` timestamp NOT NULL DEFAULT '0000-00-00 00:00:00',
  `consultant_id` int(11) NOT NULL,
  `floor_id` int(11) NOT NULL,
  `ward_id` int(11) NOT NULL,
  `room_id` int(11) NOT NULL,
  `room_type_id` int(11) NOT NULL,
  `admission_status` varchar(2) NOT NULL DEFAULT 'A' COMMENT 'A - Admission, D-Discharge, TD- Transfer Doctor, TR - Transfer Room, C - Cancelled, CD - Clinical Discharge',
  `status` enum('0','1') DEFAULT '1',
  `notes` text,
  `is_swap` smallint(6) DEFAULT '0',
  `created_by` int(11) NOT NULL,
  `created_at` timestamp NOT NULL DEFAULT CURRENT_TIMESTAMP,
  `modified_by` int(11) DEFAULT NULL,
  `modified_at` timestamp NULL DEFAULT NULL,
  `deleted_at` timestamp NULL DEFAULT '0000-00-00 00:00:00',
  PRIMARY KEY (`admn_id`),
  KEY `FK_pat_admission_tenant` (`tenant_id`),
  KEY `FK_pat_admission_patient` (`patient_id`),
  KEY `FK_pat_admission_encounter` (`encounter_id`),
  CONSTRAINT `FK_pat_admission_encounter` FOREIGN KEY (`encounter_id`) REFERENCES `pat_encounter` (`encounter_id`) ON DELETE CASCADE ON UPDATE CASCADE,
  CONSTRAINT `FK_pat_admission_patient` FOREIGN KEY (`patient_id`) REFERENCES `pat_patient` (`patient_id`) ON DELETE CASCADE ON UPDATE CASCADE,
  CONSTRAINT `FK_pat_admission_tenant` FOREIGN KEY (`tenant_id`) REFERENCES `co_tenant` (`tenant_id`) ON DELETE CASCADE ON UPDATE CASCADE
) ENGINE=InnoDB AUTO_INCREMENT=46 DEFAULT CHARSET=latin1;

/*Data for the table `pat_admission` */

insert  into `pat_admission`(`admn_id`,`tenant_id`,`patient_id`,`encounter_id`,`status_date`,`consultant_id`,`floor_id`,`ward_id`,`room_id`,`room_type_id`,`admission_status`,`status`,`notes`,`is_swap`,`created_by`,`created_at`,`modified_by`,`modified_at`,`deleted_at`) values (1,1,1,3,'2016-06-24 18:06:19',75,1,1,1,1,'A','1',NULL,0,74,'2016-06-24 18:06:30',74,'2016-06-24 18:06:30','0000-00-00 00:00:00'),(2,1,1,3,'2016-06-24 18:34:36',75,1,1,1,1,'AC','1','Admission Cancelled',0,74,'2016-06-24 18:34:36',74,'2016-06-24 18:34:36','0000-00-00 00:00:00'),(3,1,1,7,'2016-06-27 19:16:04',75,1,1,1,1,'A','1',NULL,0,74,'2016-06-27 19:16:14',74,'2016-06-27 19:16:14','0000-00-00 00:00:00'),(4,1,1,7,'2016-06-28 12:54:36',75,1,1,1,1,'AC','1','Admission Cancelled',0,74,'2016-06-28 12:54:36',74,'2016-06-28 12:54:36','0000-00-00 00:00:00'),(5,1,1,9,'2016-06-28 16:13:41',75,1,1,1,1,'A','1',NULL,0,74,'2016-06-28 16:13:53',74,'2016-06-28 16:13:53','0000-00-00 00:00:00'),(6,1,1,9,'2016-06-28 19:23:36',75,1,1,1,1,'AC','1','Admission Cancelled',0,74,'2016-06-28 19:23:37',74,'2016-06-28 19:23:37','0000-00-00 00:00:00'),(7,1,1,27,'2016-06-29 12:05:29',75,1,1,1,1,'A','1',NULL,0,74,'2016-06-29 12:05:40',74,'2016-06-29 12:05:40','0000-00-00 00:00:00'),(8,1,3,28,'2016-06-29 12:08:31',75,1,1,2,1,'A','1',NULL,0,74,'2016-06-29 12:08:41',74,'2016-06-29 12:08:41','0000-00-00 00:00:00'),(9,1,1,27,'2016-06-29 18:11:46',75,1,1,1,1,'AC','1','Admission Cancelled',0,74,'2016-06-29 18:11:46',74,'2016-06-29 18:11:46','0000-00-00 00:00:00'),(10,1,1,31,'2016-06-30 16:34:56',75,1,1,1,1,'A','1',NULL,0,74,'2016-06-30 16:35:07',74,'2016-06-30 16:35:07','0000-00-00 00:00:00'),(11,1,1,31,'2016-06-30 16:42:54',75,1,1,1,1,'AC','1','Admission Cancelled',0,74,'2016-06-30 16:42:54',74,'2016-06-30 16:42:54','0000-00-00 00:00:00'),(12,1,1,33,'2016-06-30 18:55:57',75,1,1,1,1,'A','1',NULL,0,74,'2016-06-30 18:56:07',74,'2016-06-30 18:56:07','0000-00-00 00:00:00'),(13,1,3,28,'2016-07-01 12:09:49',75,1,1,2,1,'AC','1','Admission Cancelled',0,74,'2016-07-01 12:09:50',74,'2016-07-01 12:09:50','0000-00-00 00:00:00'),(14,1,1,33,'2016-07-01 15:23:51',75,1,1,1,1,'AC','1','Admission Cancelled',0,74,'2016-07-01 15:23:51',74,'2016-07-01 15:23:51','0000-00-00 00:00:00'),(15,1,3,35,'2016-07-01 15:29:27',76,1,1,2,1,'A','1',NULL,0,74,'2016-07-01 15:29:36',74,'2016-07-01 15:29:36','0000-00-00 00:00:00'),(16,1,3,35,'2016-07-01 15:30:15',76,1,1,2,1,'AC','1','Admission Cancelled',0,74,'2016-07-01 15:30:15',74,'2016-07-01 15:30:15','0000-00-00 00:00:00'),(17,1,1,38,'2016-07-01 16:24:37',75,1,1,1,1,'A','1',NULL,0,74,'2016-07-01 16:24:46',74,'2016-07-01 16:24:46','0000-00-00 00:00:00'),(18,1,3,39,'2016-07-01 16:24:56',75,1,1,2,1,'A','1',NULL,0,74,'2016-07-01 16:25:06',74,'2016-07-01 16:25:06','0000-00-00 00:00:00'),(19,1,3,39,'2016-07-02 16:48:53',75,1,1,2,1,'AC','1','Admission Cancelled',0,74,'2016-07-02 16:48:54',74,'2016-07-02 16:48:54','0000-00-00 00:00:00'),(20,1,3,44,'2016-07-02 16:49:04',75,1,1,2,1,'A','1',NULL,0,74,'2016-07-02 16:49:14',74,'2016-07-02 16:49:14','0000-00-00 00:00:00'),(21,1,3,44,'2016-07-04 10:44:54',75,1,1,2,1,'AC','1','Admission Cancelled',0,74,'2016-07-04 10:44:54',74,'2016-07-04 10:44:54','0000-00-00 00:00:00'),(22,1,4,45,'2016-07-04 10:45:07',75,1,1,2,1,'A','1',NULL,0,74,'2016-07-04 10:45:17',74,'2016-07-04 10:45:17','0000-00-00 00:00:00'),(23,1,4,45,'2016-07-04 10:46:12',75,1,1,2,1,'CD','1','Test Clinical Discharge',0,74,'2016-07-04 10:46:32',74,'2016-07-04 10:46:32','0000-00-00 00:00:00'),(24,1,1,38,'2016-07-04 16:14:21',75,1,1,1,1,'AC','1','Admission Cancelled',0,74,'2016-07-04 16:14:21',74,'2016-07-04 16:14:21','0000-00-00 00:00:00'),(25,1,1,46,'2016-07-04 16:14:50',75,1,1,1,1,'A','1',NULL,0,74,'2016-07-04 16:15:01',74,'2016-07-04 16:15:01','0000-00-00 00:00:00'),(26,1,1,46,'2016-07-04 16:31:23',75,1,1,1,1,'AC','1','Admission Cancelled',0,74,'2016-07-04 16:31:24',74,'2016-07-04 16:31:24','0000-00-00 00:00:00'),(27,1,1,47,'2016-07-04 16:43:51',75,1,1,1,1,'A','1',NULL,0,74,'2016-07-04 16:44:02',74,'2016-07-04 16:44:02','0000-00-00 00:00:00'),(28,1,1,47,'2016-07-04 16:44:28',75,1,1,1,1,'AC','1','Admission Cancelled',0,74,'2016-07-04 16:44:28',74,'2016-07-04 16:44:28','0000-00-00 00:00:00'),(29,1,4,45,'2016-07-05 11:24:02',75,1,1,2,1,'D','1',NULL,0,74,'2016-07-05 11:24:02',74,'2016-07-05 11:24:02','0000-00-00 00:00:00'),(30,1,4,49,'2016-07-03 04:10:00',75,1,1,1,1,'A','1',NULL,0,74,'2016-07-05 15:15:41',74,'2016-07-05 15:15:41','0000-00-00 00:00:00'),(31,1,4,49,'2016-07-05 15:16:12',76,1,1,1,1,'TD','1',NULL,0,74,'2016-07-05 15:16:28',74,'2016-07-05 15:16:28','0000-00-00 00:00:00'),(32,1,4,49,'2016-07-05 15:16:50',76,1,1,1,1,'CD','1','AAAAAAA',0,74,'2016-07-05 15:16:53',74,'2016-07-05 15:16:53','0000-00-00 00:00:00'),(33,1,4,49,'2016-07-05 15:17:21',76,1,1,1,1,'D','1',NULL,0,74,'2016-07-05 15:17:21',74,'2016-07-05 15:17:21','0000-00-00 00:00:00'),(34,1,1,51,'2016-07-06 12:16:53',75,1,1,1,1,'A','1',NULL,0,74,'2016-07-06 12:17:05',74,'2016-07-06 12:17:05','0000-00-00 00:00:00'),(36,1,1,51,'2016-07-06 12:20:21',76,1,1,1,1,'C','0','Transfer (Doctor) Cancelled',0,74,'2016-07-06 12:20:08',21,'2016-07-06 12:20:21','2016-07-06 12:20:24'),(37,1,1,51,'2016-07-06 13:07:20',76,1,1,1,1,'TD','1',NULL,0,74,'2016-07-06 13:07:23',74,'2016-07-06 13:07:23','0000-00-00 00:00:00'),(39,1,1,51,'2016-07-06 15:38:39',76,1,1,1,1,'C','0','Clinical Discharge Cancelled',0,74,'2016-07-06 15:38:15',21,'2016-07-06 15:38:39','2016-07-06 15:38:39'),(40,1,1,51,'2016-07-06 15:55:41',76,1,1,1,1,'C','0','Clinical Discharge Cancelled',0,74,'2016-07-06 15:40:56',21,'2016-07-06 15:55:41','2016-07-06 15:55:42'),(41,1,1,51,'2016-07-06 15:56:53',76,1,1,1,1,'C','0','Clinical Discharge Cancelled',0,74,'2016-07-06 15:56:33',21,'2016-07-06 15:56:53','2016-07-06 15:56:56'),(42,1,1,51,'2016-07-06 17:45:18',76,1,1,1,1,'CD','1','AAA',0,74,'2016-07-06 17:45:26',74,'2016-07-06 17:45:26','0000-00-00 00:00:00'),(43,1,1,51,'2016-07-06 17:45:56',76,1,1,1,1,'D','1',NULL,0,74,'2016-07-06 17:45:56',74,'2016-07-06 17:45:56','0000-00-00 00:00:00'),(44,1,1,52,'2016-07-07 10:41:15',75,1,1,2,1,'A','1',NULL,0,74,'2016-07-07 10:41:30',74,'2016-07-07 10:41:30','0000-00-00 00:00:00'),(45,1,1,52,'2016-07-07 16:28:52',75,1,1,2,1,'CD','1',NULL,0,74,'2016-07-07 16:28:53',74,'2016-07-07 16:28:53','0000-00-00 00:00:00');

/*Table structure for table `pat_alert` */

DROP TABLE IF EXISTS `pat_alert`;

CREATE TABLE `pat_alert` (
  `pat_alert_id` int(11) NOT NULL AUTO_INCREMENT,
  `tenant_id` int(11) NOT NULL,
  `alert_id` int(11) NOT NULL,
  `patient_id` int(11) NOT NULL,
  `alert_description` text NOT NULL,
  `status` enum('0','1') DEFAULT '1',
  `created_by` int(11) NOT NULL,
  `created_at` timestamp NOT NULL DEFAULT CURRENT_TIMESTAMP,
  `modified_by` int(11) DEFAULT NULL,
  `modified_at` timestamp NULL DEFAULT NULL,
  `deleted_at` timestamp NULL DEFAULT '0000-00-00 00:00:00',
  PRIMARY KEY (`pat_alert_id`),
  KEY `FK_pat_alert_tenant` (`tenant_id`),
  KEY `FK_pat_alert_alert` (`alert_id`),
  KEY `FK_pat_alert_patient` (`patient_id`),
  CONSTRAINT `FK_pat_alert_alert` FOREIGN KEY (`alert_id`) REFERENCES `co_alert` (`alert_id`) ON DELETE CASCADE ON UPDATE CASCADE,
  CONSTRAINT `FK_pat_alert_patient` FOREIGN KEY (`patient_id`) REFERENCES `pat_patient` (`patient_id`) ON DELETE CASCADE ON UPDATE CASCADE,
  CONSTRAINT `FK_pat_alert_tenant` FOREIGN KEY (`tenant_id`) REFERENCES `co_tenant` (`tenant_id`) ON DELETE CASCADE ON UPDATE CASCADE
) ENGINE=InnoDB AUTO_INCREMENT=7 DEFAULT CHARSET=latin1;

/*Data for the table `pat_alert` */

insert  into `pat_alert`(`pat_alert_id`,`tenant_id`,`alert_id`,`patient_id`,`alert_description`,`status`,`created_by`,`created_at`,`modified_by`,`modified_at`,`deleted_at`) values (1,1,1,1,'TEst','1',74,'2016-06-24 15:26:29',21,'2016-06-24 15:26:29','2016-06-24 15:30:52'),(2,1,1,1,'1111111111','1',74,'2016-06-24 15:28:55',21,'2016-06-24 15:28:55','2016-06-24 16:32:10'),(3,1,1,1,'22222222222222','1',74,'2016-06-24 15:29:05',21,'2016-06-24 15:29:05','2016-06-24 15:35:43'),(4,1,1,1,'333333333333333','1',74,'2016-06-24 15:29:11',21,'2016-06-24 15:29:11','2016-06-24 15:36:52'),(5,1,1,1,'sfsfsdf','1',74,'2016-06-24 16:32:18',21,'2016-06-24 16:32:18','2016-06-24 16:32:46'),(6,1,1,1,'aaaaaaaaaaaaaaaaaaa','1',74,'2016-06-24 16:32:35',74,'2016-06-24 16:32:35','0000-00-00 00:00:00');

/*Table structure for table `pat_appointment` */

DROP TABLE IF EXISTS `pat_appointment`;

CREATE TABLE `pat_appointment` (
  `appt_id` int(11) NOT NULL AUTO_INCREMENT,
  `tenant_id` int(11) NOT NULL,
  `patient_id` int(11) NOT NULL,
  `encounter_id` int(11) NOT NULL,
  `status_date` date NOT NULL,
  `status_time` time NOT NULL,
  `consultant_id` int(11) NOT NULL,
  `appt_status` char(1) NOT NULL,
  `status` enum('0','1') DEFAULT '1',
  `amount` decimal(10,2) DEFAULT '0.00' COMMENT 'Doctor Fee',
  `notes` text,
  `patient_cat_id` int(11) DEFAULT NULL,
  `patient_bill_type` varchar(2) DEFAULT NULL,
  `created_by` int(11) NOT NULL,
  `created_at` timestamp NOT NULL DEFAULT CURRENT_TIMESTAMP,
  `modified_by` int(11) DEFAULT NULL,
  `modified_at` timestamp NULL DEFAULT NULL,
  `deleted_at` timestamp NULL DEFAULT '0000-00-00 00:00:00',
  PRIMARY KEY (`appt_id`),
  KEY `FK_pat_appoinment_tenant` (`tenant_id`),
  KEY `FK_pat_appoinment_patient` (`patient_id`),
  KEY `FK_pat_appoinment_counter` (`encounter_id`),
  KEY `FK_pat_appoinment_user` (`consultant_id`),
  CONSTRAINT `FK_pat_appoinment_counter` FOREIGN KEY (`encounter_id`) REFERENCES `pat_encounter` (`encounter_id`) ON DELETE CASCADE ON UPDATE CASCADE,
  CONSTRAINT `FK_pat_appoinment_patient` FOREIGN KEY (`patient_id`) REFERENCES `pat_patient` (`patient_id`) ON DELETE CASCADE ON UPDATE CASCADE,
  CONSTRAINT `FK_pat_appoinment_tenant` FOREIGN KEY (`tenant_id`) REFERENCES `co_tenant` (`tenant_id`) ON DELETE CASCADE ON UPDATE CASCADE,
  CONSTRAINT `FK_pat_appoinment_user` FOREIGN KEY (`consultant_id`) REFERENCES `co_user` (`user_id`) ON DELETE CASCADE ON UPDATE CASCADE
) ENGINE=InnoDB AUTO_INCREMENT=99 DEFAULT CHARSET=latin1;

/*Data for the table `pat_appointment` */

insert  into `pat_appointment`(`appt_id`,`tenant_id`,`patient_id`,`encounter_id`,`status_date`,`status_time`,`consultant_id`,`appt_status`,`status`,`amount`,`notes`,`patient_cat_id`,`patient_bill_type`,`created_by`,`created_at`,`modified_by`,`modified_at`,`deleted_at`) values (1,1,1,1,'2016-06-21','00:25:00',75,'B','1','0.00',NULL,NULL,NULL,74,'2016-06-21 15:51:31',74,'2016-06-21 15:51:31','0000-00-00 00:00:00'),(2,1,1,1,'2016-06-24','13:00:25',75,'C','1','0.00',NULL,NULL,NULL,74,'2016-06-24 13:00:25',74,'2016-06-24 13:00:25','0000-00-00 00:00:00'),(3,1,1,2,'2016-06-24','00:40:00',75,'B','1','0.00',NULL,NULL,NULL,74,'2016-06-24 13:06:18',74,'2016-06-24 13:06:18','0000-00-00 00:00:00'),(4,1,1,2,'2016-06-24','13:07:07',75,'A','1','0.00',NULL,NULL,NULL,74,'2016-06-24 13:09:17',74,'2016-06-24 13:09:17','0000-00-00 00:00:00'),(5,1,1,2,'2016-06-24','18:01:55',75,'C','1','0.00',NULL,NULL,NULL,74,'2016-06-24 18:01:56',74,'2016-06-24 18:01:56','0000-00-00 00:00:00'),(6,1,1,4,'2016-06-24','00:35:00',75,'B','1','0.00',NULL,NULL,NULL,74,'2016-06-24 18:35:00',74,'2016-06-24 18:35:00','0000-00-00 00:00:00'),(7,1,1,4,'2016-06-24','18:39:54',75,'A','1','0.00',NULL,NULL,NULL,74,'2016-06-24 18:39:55',74,'2016-06-24 18:39:55','0000-00-00 00:00:00'),(8,1,1,4,'2016-06-27','13:10:31',75,'S','1','100.00',NULL,0,NULL,74,'2016-06-27 13:10:40',74,'2016-06-27 13:10:40','0000-00-00 00:00:00'),(9,1,1,5,'2016-06-27','00:00:00',75,'B','1','0.00',NULL,NULL,NULL,74,'2016-06-27 15:54:30',74,'2016-06-27 15:54:30','0000-00-00 00:00:00'),(10,1,1,5,'2016-06-27','15:54:50',75,'A','1','0.00',NULL,NULL,NULL,74,'2016-06-27 15:54:53',74,'2016-06-27 15:54:53','0000-00-00 00:00:00'),(11,1,1,5,'2016-06-27','15:54:58',75,'S','1','100.00',NULL,0,'N',74,'2016-06-27 15:55:07',74,'2016-06-27 15:55:07','0000-00-00 00:00:00'),(12,1,1,6,'2016-06-27','00:00:00',75,'B','1','0.00',NULL,NULL,NULL,74,'2016-06-27 15:55:26',74,'2016-06-27 15:55:26','0000-00-00 00:00:00'),(13,1,1,6,'2016-06-27','15:55:00',75,'A','1','0.00',NULL,NULL,NULL,74,'2016-06-27 15:55:33',74,'2016-06-27 15:55:33','0000-00-00 00:00:00'),(14,1,1,6,'2016-06-27','15:55:43',75,'S','1','100.00',NULL,0,NULL,74,'2016-06-27 15:55:56',74,'2016-06-27 15:55:56','0000-00-00 00:00:00'),(15,1,1,8,'2016-06-28','00:55:00',75,'B','1','0.00',NULL,NULL,NULL,74,'2016-06-28 12:55:26',74,'2016-06-28 12:55:26','0000-00-00 00:00:00'),(16,1,1,8,'2016-06-28','12:56:33',75,'A','1','0.00',NULL,NULL,NULL,74,'2016-06-28 12:56:35',74,'2016-06-28 12:56:35','0000-00-00 00:00:00'),(17,1,1,8,'2016-06-28','16:13:29',75,'S','1','100.00',NULL,0,NULL,74,'2016-06-28 16:13:35',74,'2016-06-28 16:13:35','0000-00-00 00:00:00'),(18,1,3,10,'2016-06-28','00:15:00',75,'B','1','0.00',NULL,NULL,NULL,74,'2016-06-28 17:10:35',74,'2016-06-28 17:10:35','0000-00-00 00:00:00'),(19,1,3,10,'2016-06-28','17:10:00',75,'A','1','0.00',NULL,NULL,NULL,74,'2016-06-28 17:10:42',74,'2016-06-28 17:10:42','0000-00-00 00:00:00'),(20,1,3,10,'2016-06-28','17:10:47',75,'S','1','100.00',NULL,0,'N',74,'2016-06-28 17:10:54',74,'2016-06-28 17:10:54','0000-00-00 00:00:00'),(21,1,3,11,'2016-06-28','00:40:00',75,'B','1','0.00',NULL,NULL,NULL,74,'2016-06-28 19:17:35',74,'2016-06-28 19:17:35','0000-00-00 00:00:00'),(22,1,3,11,'2016-06-28','00:40:00',75,'A','1','0.00',NULL,NULL,NULL,74,'2016-06-28 19:17:36',74,'2016-06-28 19:17:36','0000-00-00 00:00:00'),(23,1,3,11,'2016-06-28','19:17:42',75,'S','1','99999999.99',NULL,0,'F',74,'2016-06-28 19:17:51',74,'2016-06-28 19:17:51','0000-00-00 00:00:00'),(24,1,3,12,'2016-06-28','00:50:00',75,'B','1','0.00',NULL,NULL,NULL,74,'2016-06-28 19:52:35',74,'2016-06-28 19:52:35','0000-00-00 00:00:00'),(25,1,3,12,'2016-06-28','00:50:00',75,'A','1','0.00',NULL,NULL,NULL,74,'2016-06-28 19:52:36',74,'2016-06-28 19:52:36','0000-00-00 00:00:00'),(26,1,3,12,'2016-06-28','19:52:50',75,'S','1','100.00',NULL,0,'F',74,'2016-06-28 19:53:41',74,'2016-06-28 19:53:41','0000-00-00 00:00:00'),(27,1,3,13,'2016-06-28','01:00:00',75,'B','1','0.00',NULL,NULL,NULL,74,'2016-06-28 20:10:52',74,'2016-06-28 20:10:52','0000-00-00 00:00:00'),(28,1,3,13,'2016-06-28','01:00:00',75,'A','1','0.00',NULL,NULL,NULL,74,'2016-06-28 20:10:52',74,'2016-06-28 20:10:52','0000-00-00 00:00:00'),(29,1,3,13,'2016-06-28','20:13:30',75,'S','1','500.00',NULL,0,'F',74,'2016-06-28 20:13:37',74,'2016-06-28 20:13:37','0000-00-00 00:00:00'),(30,1,3,14,'2016-06-28','00:35:00',75,'B','1','0.00',NULL,NULL,NULL,74,'2016-06-28 20:14:31',74,'2016-06-28 20:14:31','0000-00-00 00:00:00'),(31,1,3,14,'2016-06-28','00:35:00',75,'A','1','0.00',NULL,NULL,NULL,74,'2016-06-28 20:14:31',74,'2016-06-28 20:14:31','0000-00-00 00:00:00'),(32,1,3,14,'2016-06-28','20:14:44',75,'S','1','100.00',NULL,0,'F',74,'2016-06-28 20:14:52',74,'2016-06-28 20:14:52','0000-00-00 00:00:00'),(33,1,3,15,'2016-06-28','00:55:00',75,'B','1','0.00',NULL,NULL,NULL,74,'2016-06-28 20:16:11',74,'2016-06-28 20:16:11','0000-00-00 00:00:00'),(34,1,3,15,'2016-06-28','20:16:00',75,'A','1','0.00',NULL,NULL,NULL,74,'2016-06-28 20:16:19',74,'2016-06-28 20:16:19','0000-00-00 00:00:00'),(35,1,3,15,'2016-06-28','20:16:29',75,'S','1','101.00',NULL,0,NULL,74,'2016-06-28 20:16:55',74,'2016-06-28 20:16:55','0000-00-00 00:00:00'),(36,1,3,16,'2016-06-28','01:00:00',75,'B','1','0.00',NULL,NULL,NULL,74,'2016-06-28 20:19:13',74,'2016-06-28 20:19:13','0000-00-00 00:00:00'),(37,1,3,16,'2016-06-28','01:00:00',75,'A','1','0.00',NULL,NULL,NULL,74,'2016-06-28 20:19:14',74,'2016-06-28 20:19:14','0000-00-00 00:00:00'),(38,1,3,16,'2016-06-28','20:19:19',75,'S','1','1000.00',NULL,0,NULL,74,'2016-06-28 20:19:31',74,'2016-06-28 20:19:31','0000-00-00 00:00:00'),(39,1,3,17,'2016-06-28','01:00:00',75,'B','1','0.00',NULL,NULL,NULL,74,'2016-06-28 20:20:19',74,'2016-06-28 20:20:19','0000-00-00 00:00:00'),(40,1,3,17,'2016-06-28','01:00:00',75,'A','1','0.00',NULL,NULL,NULL,74,'2016-06-28 20:20:20',74,'2016-06-28 20:20:20','0000-00-00 00:00:00'),(41,1,3,17,'2016-06-28','20:20:27',75,'S','1','22222.00',NULL,0,'F',74,'2016-06-28 20:20:37',74,'2016-06-28 20:20:37','0000-00-00 00:00:00'),(42,1,3,18,'2016-06-28','00:50:00',75,'B','1','0.00',NULL,NULL,NULL,74,'2016-06-28 20:21:04',74,'2016-06-28 20:21:04','0000-00-00 00:00:00'),(43,1,3,18,'2016-06-28','00:50:00',75,'A','1','0.00',NULL,NULL,NULL,74,'2016-06-28 20:21:05',74,'2016-06-28 20:21:05','0000-00-00 00:00:00'),(44,1,3,18,'2016-06-28','20:21:41',75,'S','1','100.00',NULL,0,'F',74,'2016-06-28 20:21:51',74,'2016-06-28 20:21:51','0000-00-00 00:00:00'),(45,1,3,19,'2016-06-28','00:55:00',75,'B','1','0.00',NULL,NULL,NULL,74,'2016-06-28 20:22:27',74,'2016-06-28 20:22:27','0000-00-00 00:00:00'),(46,1,1,20,'2016-06-28','00:45:00',75,'B','1','0.00',NULL,NULL,NULL,74,'2016-06-28 20:31:09',74,'2016-06-28 20:31:09','0000-00-00 00:00:00'),(47,1,1,20,'2016-06-28','00:45:00',75,'A','1','0.00',NULL,NULL,NULL,74,'2016-06-28 20:31:09',74,'2016-06-28 20:31:09','0000-00-00 00:00:00'),(48,1,1,20,'2016-06-28','20:31:27',75,'S','1','20.00',NULL,0,'F',74,'2016-06-28 20:31:37',74,'2016-06-28 20:31:37','0000-00-00 00:00:00'),(49,1,1,21,'2016-06-28','00:45:00',75,'B','1','0.00',NULL,NULL,NULL,74,'2016-06-28 20:32:03',74,'2016-06-28 20:32:03','0000-00-00 00:00:00'),(50,1,1,21,'2016-06-28','00:45:00',75,'A','1','0.00',NULL,NULL,NULL,74,'2016-06-28 20:32:03',74,'2016-06-28 20:32:03','0000-00-00 00:00:00'),(51,1,1,21,'2016-06-28','20:32:23',75,'S','1','100.00',NULL,0,NULL,74,'2016-06-28 20:32:30',74,'2016-06-28 20:32:30','0000-00-00 00:00:00'),(52,1,1,22,'2016-06-28','00:15:00',75,'B','1','0.00',NULL,NULL,NULL,74,'2016-06-28 20:33:06',74,'2016-06-28 20:33:06','0000-00-00 00:00:00'),(53,1,1,22,'2016-06-28','00:15:00',75,'A','1','0.00',NULL,NULL,NULL,74,'2016-06-28 20:33:09',74,'2016-06-28 20:33:09','0000-00-00 00:00:00'),(54,1,1,22,'2016-06-28','20:33:16',75,'S','1','100.00',NULL,0,'N',74,'2016-06-28 20:33:22',74,'2016-06-28 20:33:22','0000-00-00 00:00:00'),(55,1,1,23,'2016-06-29','00:10:00',75,'B','1','0.00',NULL,NULL,NULL,74,'2016-06-29 10:42:31',74,'2016-06-29 10:42:31','0000-00-00 00:00:00'),(56,1,1,23,'2016-06-29','00:10:00',75,'A','1','0.00',NULL,NULL,NULL,74,'2016-06-29 10:42:31',74,'2016-06-29 10:42:31','0000-00-00 00:00:00'),(57,1,3,19,'2016-06-29','10:42:59',75,'C','1','0.00',NULL,NULL,NULL,74,'2016-06-29 10:42:59',74,'2016-06-29 10:42:59','0000-00-00 00:00:00'),(58,1,1,23,'2016-06-29','10:53:15',75,'S','1','10.00',NULL,0,'F',74,'2016-06-29 10:53:21',74,'2016-06-29 10:53:21','0000-00-00 00:00:00'),(59,1,1,24,'2016-06-29','00:00:00',75,'B','1','0.00',NULL,NULL,NULL,74,'2016-06-29 10:55:43',74,'2016-06-29 10:55:43','0000-00-00 00:00:00'),(60,1,1,24,'2016-06-29','10:55:00',75,'A','1','0.00',NULL,NULL,NULL,74,'2016-06-29 10:55:48',74,'2016-06-29 10:55:48','0000-00-00 00:00:00'),(61,1,1,24,'2016-06-29','10:56:02',75,'S','1','100.00',NULL,0,NULL,74,'2016-06-29 10:56:06',74,'2016-06-29 10:56:06','0000-00-00 00:00:00'),(62,1,1,25,'2016-06-29','00:45:00',75,'B','1','0.00',NULL,NULL,NULL,74,'2016-06-29 10:56:36',74,'2016-06-29 10:56:36','0000-00-00 00:00:00'),(63,1,1,25,'2016-06-29','00:45:00',75,'A','1','0.00',NULL,NULL,NULL,74,'2016-06-29 10:56:36',74,'2016-06-29 10:56:36','0000-00-00 00:00:00'),(64,1,1,25,'2016-06-29','10:56:40',75,'S','1','100.00',NULL,0,NULL,74,'2016-06-29 10:58:05',74,'2016-06-29 10:58:05','0000-00-00 00:00:00'),(65,1,1,26,'2016-07-01','00:20:00',75,'B','1','0.00','Appointment rescheduled',NULL,NULL,74,'2016-06-29 11:09:48',74,'2016-06-29 11:22:59','0000-00-00 00:00:00'),(66,1,1,26,'2016-06-29','12:05:27',75,'C','1','0.00',NULL,NULL,NULL,74,'2016-06-29 12:05:27',74,'2016-06-29 12:05:27','0000-00-00 00:00:00'),(67,1,1,29,'2016-06-29','00:20:00',75,'B','1','0.00',NULL,NULL,NULL,74,'2016-06-29 18:11:57',74,'2016-06-29 18:11:57','0000-00-00 00:00:00'),(68,1,1,29,'2016-06-30','11:58:42',75,'C','1','0.00',NULL,NULL,NULL,74,'2016-06-30 11:58:43',74,'2016-06-30 11:58:43','0000-00-00 00:00:00'),(69,1,1,30,'2016-06-30','01:00:00',75,'B','1','0.00',NULL,NULL,NULL,74,'2016-06-30 11:58:53',74,'2016-06-30 11:58:53','0000-00-00 00:00:00'),(70,1,1,30,'2016-06-30','16:34:50',75,'C','1','0.00',NULL,NULL,NULL,74,'2016-06-30 16:34:50',74,'2016-06-30 16:34:50','0000-00-00 00:00:00'),(71,1,1,32,'2016-06-30','00:55:00',75,'B','1','0.00',NULL,NULL,NULL,74,'2016-06-30 16:43:03',74,'2016-06-30 16:43:03','0000-00-00 00:00:00'),(72,1,1,32,'2016-06-30','00:55:00',75,'A','1','0.00',NULL,NULL,NULL,74,'2016-06-30 16:43:03',74,'2016-06-30 16:43:03','0000-00-00 00:00:00'),(73,1,1,32,'2016-06-30','18:55:42',75,'C','1','0.00',NULL,NULL,NULL,74,'2016-06-30 18:55:43',74,'2016-06-30 18:55:43','0000-00-00 00:00:00'),(74,1,1,34,'2016-07-01','00:30:00',75,'B','1','0.00',NULL,NULL,NULL,74,'2016-07-01 15:23:58',74,'2016-07-01 15:23:58','0000-00-00 00:00:00'),(75,1,3,36,'2016-07-01','00:55:00',75,'B','1','0.00',NULL,NULL,NULL,74,'2016-07-01 15:30:24',74,'2016-07-01 15:30:24','0000-00-00 00:00:00'),(76,1,2,37,'2016-07-22','00:30:00',75,'B','1','0.00',NULL,NULL,NULL,74,'2016-07-01 15:34:34',74,'2016-07-01 15:34:34','0000-00-00 00:00:00'),(77,1,1,34,'2016-07-01','16:24:23',75,'C','1','0.00',NULL,NULL,NULL,74,'2016-07-01 16:24:23',74,'2016-07-01 16:24:23','0000-00-00 00:00:00'),(78,1,3,36,'2016-07-01','16:24:23',75,'C','1','0.00',NULL,NULL,NULL,74,'2016-07-01 16:24:23',74,'2016-07-01 16:24:23','0000-00-00 00:00:00'),(79,1,4,40,'2016-07-01','00:50:00',75,'B','1','0.00',NULL,NULL,NULL,74,'2016-07-01 16:35:54',74,'2016-07-01 16:35:54','0000-00-00 00:00:00'),(80,1,4,40,'2016-07-01','18:15:40',75,'C','1','0.00',NULL,NULL,NULL,74,'2016-07-01 18:15:40',74,'2016-07-01 18:15:40','0000-00-00 00:00:00'),(81,1,4,41,'2016-07-22','00:35:00',75,'B','1','0.00',NULL,NULL,NULL,74,'2016-07-01 18:16:01',74,'2016-07-01 18:16:01','0000-00-00 00:00:00'),(82,1,2,37,'2016-07-01','19:10:02',75,'C','1','0.00',NULL,NULL,NULL,74,'2016-07-01 19:10:03',74,'2016-07-01 19:10:03','0000-00-00 00:00:00'),(83,1,2,42,'2016-07-01','00:45:00',75,'B','1','0.00',NULL,NULL,NULL,74,'2016-07-01 19:10:09',74,'2016-07-01 19:10:09','0000-00-00 00:00:00'),(84,1,2,42,'2016-07-01','19:13:05',75,'C','1','0.00',NULL,NULL,NULL,74,'2016-07-01 19:13:05',74,'2016-07-01 19:13:05','0000-00-00 00:00:00'),(85,1,2,43,'2016-07-30','00:40:00',75,'B','1','0.00',NULL,NULL,NULL,74,'2016-07-01 19:13:14',74,'2016-07-01 19:13:14','0000-00-00 00:00:00'),(86,1,4,41,'2016-07-04','10:43:43',75,'C','1','0.00',NULL,NULL,NULL,74,'2016-07-04 10:43:44',74,'2016-07-04 10:43:44','0000-00-00 00:00:00'),(87,1,1,48,'2016-07-04','00:35:00',75,'B','1','0.00',NULL,NULL,NULL,74,'2016-07-04 16:44:35',74,'2016-07-04 16:44:35','0000-00-00 00:00:00'),(88,1,4,50,'2016-07-05','00:05:00',75,'B','1','0.00',NULL,NULL,NULL,74,'2016-07-05 18:18:34',74,'2016-07-05 18:18:34','0000-00-00 00:00:00'),(89,1,1,48,'2016-07-06','12:16:48',75,'C','1','0.00',NULL,NULL,NULL,74,'2016-07-06 12:16:49',74,'2016-07-06 12:16:49','0000-00-00 00:00:00'),(90,1,4,50,'2016-07-08','12:55:18',75,'C','1','0.00',NULL,NULL,NULL,74,'2016-07-08 12:55:18',74,'2016-07-08 12:55:18','0000-00-00 00:00:00'),(91,1,3,53,'2016-07-23','00:25:00',75,'B','1','0.00',NULL,NULL,NULL,74,'2016-07-08 12:59:16',74,'2016-07-08 12:59:16','0000-00-00 00:00:00'),(92,1,4,54,'2016-07-16','00:15:00',75,'B','1','0.00',NULL,NULL,NULL,74,'2016-07-08 13:00:52',74,'2016-07-08 13:00:52','0000-00-00 00:00:00'),(93,1,4,54,'2016-07-14','10:44:20',75,'C','1','0.00',NULL,NULL,NULL,74,'2016-07-14 10:44:21',74,'2016-07-14 10:44:21','0000-00-00 00:00:00'),(94,1,4,55,'2016-07-14','00:35:00',75,'B','1','0.00',NULL,NULL,NULL,74,'2016-07-14 10:58:20',74,'2016-07-14 10:58:20','0000-00-00 00:00:00'),(95,1,4,55,'2016-07-14','11:03:45',75,'C','1','0.00',NULL,NULL,NULL,74,'2016-07-14 11:03:45',74,'2016-07-14 11:03:45','0000-00-00 00:00:00'),(96,1,4,56,'2016-07-15','00:35:00',75,'B','1','0.00',NULL,NULL,NULL,74,'2016-07-15 10:56:51',74,'2016-07-15 10:56:51','0000-00-00 00:00:00'),(97,1,5,57,'2016-07-15','00:40:00',75,'B','1','0.00',NULL,NULL,NULL,74,'2016-07-15 10:57:09',74,'2016-07-15 10:57:09','0000-00-00 00:00:00'),(98,1,6,58,'2016-07-15','00:05:00',76,'B','1','0.00',NULL,NULL,NULL,74,'2016-07-15 10:58:28',74,'2016-07-15 10:58:28','0000-00-00 00:00:00');

/*Table structure for table `pat_billing_extra_concession` */

DROP TABLE IF EXISTS `pat_billing_extra_concession`;

CREATE TABLE `pat_billing_extra_concession` (
  `ec_id` int(11) NOT NULL AUTO_INCREMENT,
  `tenant_id` int(11) NOT NULL,
  `encounter_id` int(11) NOT NULL,
  `patient_id` int(11) NOT NULL,
  `ec_type` enum('P','C') NOT NULL COMMENT 'P -> Procedures, C -> Consultant',
  `link_id` int(11) NOT NULL COMMENT 'P -> charge_subcat_id, C -> user_id',
  `extra_amount` decimal(10,2) DEFAULT '0.00',
  `concession_amount` decimal(10,2) DEFAULT '0.00',
  `status` enum('0','1') DEFAULT '1',
  `created_by` int(11) NOT NULL,
  `created_at` timestamp NOT NULL DEFAULT CURRENT_TIMESTAMP,
  `modified_by` int(11) DEFAULT NULL,
  `modified_at` timestamp NULL DEFAULT NULL,
  `deleted_at` timestamp NULL DEFAULT '0000-00-00 00:00:00',
  PRIMARY KEY (`ec_id`),
  UNIQUE KEY `PatBillingExtraConcessionUnique` (`tenant_id`,`encounter_id`,`patient_id`,`ec_type`,`link_id`,`deleted_at`),
  KEY `FK_pat_billing_extra_concession_encounter` (`encounter_id`),
  KEY `FK_pat_billing_extra_concession_patient` (`patient_id`),
  CONSTRAINT `FK_pat_billing_extra_concession_encounter` FOREIGN KEY (`encounter_id`) REFERENCES `pat_encounter` (`encounter_id`) ON DELETE CASCADE ON UPDATE CASCADE,
  CONSTRAINT `FK_pat_billing_extra_concession_patient` FOREIGN KEY (`patient_id`) REFERENCES `pat_patient` (`patient_id`) ON DELETE CASCADE ON UPDATE CASCADE,
  CONSTRAINT `FK_pat_billing_extra_concession_tenant` FOREIGN KEY (`tenant_id`) REFERENCES `co_tenant` (`tenant_id`) ON DELETE CASCADE ON UPDATE CASCADE
) ENGINE=InnoDB AUTO_INCREMENT=2 DEFAULT CHARSET=latin1;

/*Data for the table `pat_billing_extra_concession` */

insert  into `pat_billing_extra_concession`(`ec_id`,`tenant_id`,`encounter_id`,`patient_id`,`ec_type`,`link_id`,`extra_amount`,`concession_amount`,`status`,`created_by`,`created_at`,`modified_by`,`modified_at`,`deleted_at`) values (1,1,44,3,'C',75,'25.00','20.00','1',74,'2016-07-02 16:53:15',74,'2016-07-02 16:53:33','0000-00-00 00:00:00');

/*Table structure for table `pat_billing_other_charges` */

DROP TABLE IF EXISTS `pat_billing_other_charges`;

CREATE TABLE `pat_billing_other_charges` (
  `other_charge_id` int(11) NOT NULL AUTO_INCREMENT,
  `tenant_id` int(11) NOT NULL,
  `encounter_id` int(11) NOT NULL,
  `patient_id` int(11) NOT NULL,
  `charge_cat_id` int(11) NOT NULL,
  `charge_subcat_id` int(11) NOT NULL,
  `charge_amount` decimal(10,2) DEFAULT '0.00',
  `status` enum('0','1') DEFAULT '1',
  `created_by` int(11) NOT NULL,
  `created_at` timestamp NOT NULL DEFAULT CURRENT_TIMESTAMP,
  `modified_by` int(11) DEFAULT NULL,
  `modified_at` timestamp NULL DEFAULT NULL,
  `deleted_at` timestamp NULL DEFAULT '0000-00-00 00:00:00',
  PRIMARY KEY (`other_charge_id`),
  UNIQUE KEY `patBillingOtherChargeUnique` (`tenant_id`,`encounter_id`,`patient_id`,`charge_cat_id`,`charge_subcat_id`,`deleted_at`),
  KEY `FK_pat_billing_other_charges_charge_category` (`charge_cat_id`),
  KEY `FK_pat_billing_other_charges_encounter` (`encounter_id`),
  KEY `FK_pat_billing_other_charges_patient` (`patient_id`),
  KEY `FK_pat_billing_other_charges_sub_category` (`charge_subcat_id`),
  CONSTRAINT `FK_pat_billing_other_charges_charge_category` FOREIGN KEY (`charge_cat_id`) REFERENCES `co_room_charge_category` (`charge_cat_id`) ON UPDATE CASCADE,
  CONSTRAINT `FK_pat_billing_other_charges_encounter` FOREIGN KEY (`encounter_id`) REFERENCES `pat_encounter` (`encounter_id`) ON DELETE CASCADE ON UPDATE CASCADE,
  CONSTRAINT `FK_pat_billing_other_charges_patient` FOREIGN KEY (`patient_id`) REFERENCES `pat_patient` (`patient_id`) ON DELETE CASCADE ON UPDATE CASCADE,
  CONSTRAINT `FK_pat_billing_other_charges_sub_category` FOREIGN KEY (`charge_subcat_id`) REFERENCES `co_room_charge_subcategory` (`charge_subcat_id`) ON UPDATE CASCADE,
  CONSTRAINT `FK_pat_billing_other_charges_tenant` FOREIGN KEY (`tenant_id`) REFERENCES `co_tenant` (`tenant_id`) ON DELETE CASCADE ON UPDATE CASCADE
) ENGINE=InnoDB AUTO_INCREMENT=2 DEFAULT CHARSET=latin1;

/*Data for the table `pat_billing_other_charges` */

insert  into `pat_billing_other_charges`(`other_charge_id`,`tenant_id`,`encounter_id`,`patient_id`,`charge_cat_id`,`charge_subcat_id`,`charge_amount`,`status`,`created_by`,`created_at`,`modified_by`,`modified_at`,`deleted_at`) values (1,1,44,3,2,2,'250.00','1',74,'2016-07-02 16:52:25',74,'2016-07-02 16:52:25','0000-00-00 00:00:00');

/*Table structure for table `pat_billing_payment` */

DROP TABLE IF EXISTS `pat_billing_payment`;

CREATE TABLE `pat_billing_payment` (
  `payment_id` int(11) NOT NULL AUTO_INCREMENT,
  `tenant_id` int(11) NOT NULL,
  `encounter_id` int(11) NOT NULL,
  `patient_id` int(11) NOT NULL,
  `payment_date` datetime NOT NULL,
  `payment_amount` decimal(10,2) DEFAULT '0.00',
  `payment_mode` enum('CA','CD','ON','CH') NOT NULL DEFAULT 'CA' COMMENT 'CA - Cash, CD - Card, ON - Online, CH - Cheque',
  `card_type` varchar(50) DEFAULT NULL,
  `card_number` int(11) DEFAULT NULL,
  `bank_name` varchar(100) DEFAULT NULL,
  `bank_number` varchar(100) DEFAULT NULL,
  `bank_date` datetime DEFAULT NULL,
  `status` enum('0','1') DEFAULT '1',
  `created_by` int(11) NOT NULL,
  `created_at` timestamp NOT NULL DEFAULT CURRENT_TIMESTAMP,
  `modified_by` int(11) DEFAULT NULL,
  `modified_at` timestamp NULL DEFAULT NULL,
  `deleted_at` timestamp NULL DEFAULT '0000-00-00 00:00:00',
  PRIMARY KEY (`payment_id`),
  KEY `FK_pat_billing_payment_tenant` (`tenant_id`),
  KEY `FK_pat_billing_payment_encounter` (`encounter_id`),
  KEY `FK_pat_billing_payment_patient` (`patient_id`),
  CONSTRAINT `FK_pat_billing_payment_encounter` FOREIGN KEY (`encounter_id`) REFERENCES `pat_encounter` (`encounter_id`) ON DELETE CASCADE ON UPDATE CASCADE,
  CONSTRAINT `FK_pat_billing_payment_patient` FOREIGN KEY (`patient_id`) REFERENCES `pat_patient` (`patient_id`) ON DELETE CASCADE ON UPDATE CASCADE,
  CONSTRAINT `FK_pat_billing_payment_tenant` FOREIGN KEY (`tenant_id`) REFERENCES `co_tenant` (`tenant_id`) ON DELETE CASCADE ON UPDATE CASCADE
) ENGINE=InnoDB AUTO_INCREMENT=11 DEFAULT CHARSET=latin1;

/*Data for the table `pat_billing_payment` */

insert  into `pat_billing_payment`(`payment_id`,`tenant_id`,`encounter_id`,`patient_id`,`payment_date`,`payment_amount`,`payment_mode`,`card_type`,`card_number`,`bank_name`,`bank_number`,`bank_date`,`status`,`created_by`,`created_at`,`modified_by`,`modified_at`,`deleted_at`) values (1,1,44,3,'2016-07-04 10:53:16','1000.00','CA',NULL,NULL,NULL,NULL,NULL,'1',74,'2016-07-04 10:53:20',74,'2016-07-04 10:53:20','0000-00-00 00:00:00'),(2,1,44,3,'2016-07-04 13:43:14','10250.00','CA',NULL,NULL,NULL,NULL,NULL,'1',74,'2016-07-04 13:43:24',74,'2016-07-04 13:44:09','0000-00-00 00:00:00'),(3,1,52,1,'2016-07-07 13:02:34','100.00','CA',NULL,NULL,NULL,NULL,NULL,'1',74,'2016-07-07 13:02:45',74,'2016-07-07 13:02:45','0000-00-00 00:00:00'),(4,1,52,1,'2016-07-07 13:03:03','100.00','ON','',NULL,'','',NULL,'1',74,'2016-07-07 13:03:16',74,'2016-07-07 13:30:56','0000-00-00 00:00:00'),(5,1,52,1,'2016-07-07 13:04:27','200.00','ON',NULL,9999,NULL,NULL,NULL,'1',74,'2016-07-07 13:05:21',74,'2016-07-07 13:05:21','0000-00-00 00:00:00'),(6,1,52,1,'2016-07-07 13:06:47','500.00','CH',NULL,NULL,'Bank Name','1324567890','2016-07-08 02:05:00','1',74,'2016-07-07 13:07:49',74,'2016-07-07 13:07:49','0000-00-00 00:00:00'),(7,1,52,1,'2016-07-07 13:36:37','101.00','CA','',NULL,'','',NULL,'1',74,'2016-07-07 13:36:48',74,'2016-07-07 13:36:48','0000-00-00 00:00:00'),(8,1,52,1,'2016-07-07 13:36:58','102.00','CD','MasterCard',4444,'','',NULL,'1',74,'2016-07-07 13:37:06',74,'2016-07-07 13:39:03','0000-00-00 00:00:00'),(9,1,52,1,'2016-07-07 13:37:14','103.00','ON','',NULL,'','',NULL,'1',74,'2016-07-07 13:37:19',74,'2016-07-07 13:37:19','0000-00-00 00:00:00'),(10,1,52,1,'2016-07-07 13:37:27','104.00','CD','MasterCard Debit',9999,'','',NULL,'1',74,'2016-07-07 13:37:53',74,'2016-07-07 13:40:05','0000-00-00 00:00:00');

/*Table structure for table `pat_billing_recurring` */

DROP TABLE IF EXISTS `pat_billing_recurring`;

CREATE TABLE `pat_billing_recurring` (
  `recurr_id` int(11) NOT NULL AUTO_INCREMENT,
  `tenant_id` int(11) NOT NULL,
  `encounter_id` int(11) NOT NULL,
  `patient_id` int(11) NOT NULL,
  `recurr_date` date NOT NULL,
  `room_type_id` int(11) NOT NULL,
  `room_type` varchar(255) NOT NULL,
  `charge_item_id` int(11) NOT NULL,
  `charge_item` varchar(255) NOT NULL,
  `charge_amount` decimal(10,2) NOT NULL DEFAULT '0.00',
  `recurr_group` smallint(6) NOT NULL COMMENT 'admission_id',
  `status` enum('0','1') DEFAULT '1',
  `created_by` int(11) DEFAULT NULL,
  `created_at` timestamp NOT NULL DEFAULT CURRENT_TIMESTAMP,
  `modified_by` int(11) DEFAULT NULL,
  `modified_at` timestamp NULL DEFAULT NULL,
  `deleted_at` timestamp NULL DEFAULT '0000-00-00 00:00:00',
  `executed_at` timestamp NULL DEFAULT NULL,
  PRIMARY KEY (`recurr_id`),
  KEY `FK_pat_billing_recurring_tenant` (`tenant_id`),
  KEY `FK_pat_billing_recurring_encounter` (`encounter_id`),
  KEY `FK_pat_billing_recurring_patient` (`patient_id`),
  KEY `FK_pat_billing_recurring_room_type` (`room_type_id`),
  KEY `FK_pat_billing_recurring_charge_item` (`charge_item_id`),
  CONSTRAINT `FK_pat_billing_recurring_charge_item` FOREIGN KEY (`charge_item_id`) REFERENCES `co_room_charge_item` (`charge_item_id`) ON UPDATE CASCADE,
  CONSTRAINT `FK_pat_billing_recurring_encounter` FOREIGN KEY (`encounter_id`) REFERENCES `pat_encounter` (`encounter_id`) ON DELETE CASCADE ON UPDATE CASCADE,
  CONSTRAINT `FK_pat_billing_recurring_patient` FOREIGN KEY (`patient_id`) REFERENCES `pat_patient` (`patient_id`) ON DELETE CASCADE ON UPDATE CASCADE,
  CONSTRAINT `FK_pat_billing_recurring_room_type` FOREIGN KEY (`room_type_id`) REFERENCES `co_room_type` (`room_type_id`) ON UPDATE CASCADE,
  CONSTRAINT `FK_pat_billing_recurring_tenant` FOREIGN KEY (`tenant_id`) REFERENCES `co_tenant` (`tenant_id`) ON DELETE CASCADE ON UPDATE CASCADE
) ENGINE=InnoDB AUTO_INCREMENT=23 DEFAULT CHARSET=latin1;

/*Data for the table `pat_billing_recurring` */

insert  into `pat_billing_recurring`(`recurr_id`,`tenant_id`,`encounter_id`,`patient_id`,`recurr_date`,`room_type_id`,`room_type`,`charge_item_id`,`charge_item`,`charge_amount`,`recurr_group`,`status`,`created_by`,`created_at`,`modified_by`,`modified_at`,`deleted_at`,`executed_at`) values (1,1,44,3,'2016-07-02',1,'Non AC',1,'DMO','250.00',20,'1',74,'2016-07-02 16:49:15',74,'2016-07-02 16:49:15','0000-00-00 00:00:00',NULL),(2,1,44,3,'2016-07-02',1,'Non AC',2,'Cleaning','150.00',20,'1',74,'2016-07-02 16:49:15',74,'2016-07-02 16:49:15','0000-00-00 00:00:00',NULL),(3,1,45,4,'2016-07-04',1,'Non AC',1,'DMO','250.00',22,'1',74,'2016-07-04 10:45:17',74,'2016-07-04 10:45:17','0000-00-00 00:00:00',NULL),(4,1,45,4,'2016-07-04',1,'Non AC',2,'Cleaning','150.00',22,'1',74,'2016-07-04 10:45:17',74,'2016-07-04 10:45:17','0000-00-00 00:00:00',NULL),(5,1,46,1,'2016-07-04',1,'Non AC',1,'DMO','250.00',25,'1',74,'2016-07-04 16:15:01',74,'2016-07-04 16:15:01','0000-00-00 00:00:00',NULL),(6,1,46,1,'2016-07-04',1,'Non AC',2,'Cleaning','150.00',25,'1',74,'2016-07-04 16:15:01',74,'2016-07-04 16:15:01','0000-00-00 00:00:00',NULL),(7,1,47,1,'2016-07-04',1,'Non AC',1,'DMO','250.00',27,'1',74,'2016-07-04 16:44:03',74,'2016-07-04 16:44:03','0000-00-00 00:00:00',NULL),(8,1,47,1,'2016-07-04',1,'Non AC',2,'Cleaning','150.00',27,'1',74,'2016-07-04 16:44:03',74,'2016-07-04 16:44:03','0000-00-00 00:00:00',NULL),(9,1,49,4,'2016-07-03',1,'Non AC',1,'DMO','250.00',30,'1',74,'2016-07-05 15:15:41',74,'2016-07-05 15:15:41','0000-00-00 00:00:00',NULL),(10,1,49,4,'2016-07-03',1,'Non AC',2,'Cleaning','150.00',30,'1',74,'2016-07-05 15:15:41',74,'2016-07-05 15:15:41','0000-00-00 00:00:00',NULL),(11,1,51,1,'2016-07-06',1,'Non AC',1,'DMO','250.00',34,'1',74,'2016-07-06 12:17:05',74,'2016-07-06 12:17:05','0000-00-00 00:00:00',NULL),(12,1,51,1,'2016-07-06',1,'Non AC',2,'Cleaning','150.00',34,'1',74,'2016-07-06 12:17:05',74,'2016-07-06 12:17:05','0000-00-00 00:00:00',NULL),(13,1,51,1,'2016-07-06',1,'Non AC',1,'DMO','250.00',34,'1',74,'2016-07-06 12:20:22',74,'2016-07-06 12:20:22','0000-00-00 00:00:00',NULL),(14,1,51,1,'2016-07-06',1,'Non AC',2,'Cleaning','150.00',34,'1',74,'2016-07-06 12:20:22',74,'2016-07-06 12:20:22','0000-00-00 00:00:00',NULL),(15,1,51,1,'2016-07-06',1,'Non AC',1,'DMO','250.00',37,'1',74,'2016-07-06 15:38:39',74,'2016-07-06 15:38:39','0000-00-00 00:00:00',NULL),(16,1,51,1,'2016-07-06',1,'Non AC',2,'Cleaning','150.00',37,'1',74,'2016-07-06 15:38:39',74,'2016-07-06 15:38:39','0000-00-00 00:00:00',NULL),(17,1,51,1,'2016-07-06',1,'Non AC',1,'DMO','250.00',37,'1',74,'2016-07-06 15:55:41',74,'2016-07-06 15:55:41','0000-00-00 00:00:00',NULL),(18,1,51,1,'2016-07-06',1,'Non AC',2,'Cleaning','150.00',37,'1',74,'2016-07-06 15:55:42',74,'2016-07-06 15:55:42','0000-00-00 00:00:00',NULL),(19,1,51,1,'2016-07-06',1,'Non AC',1,'DMO','250.00',37,'1',74,'2016-07-06 15:56:54',74,'2016-07-06 15:56:54','0000-00-00 00:00:00',NULL),(20,1,51,1,'2016-07-06',1,'Non AC',2,'Cleaning','150.00',37,'1',74,'2016-07-06 15:56:54',74,'2016-07-06 15:56:54','0000-00-00 00:00:00',NULL),(21,1,52,1,'2016-07-07',1,'Non AC',1,'DMO','250.00',44,'1',74,'2016-07-07 10:41:30',74,'2016-07-07 10:41:30','0000-00-00 00:00:00',NULL),(22,1,52,1,'2016-07-07',1,'Non AC',2,'Cleaning','150.00',44,'1',74,'2016-07-07 10:41:30',74,'2016-07-07 10:41:30','0000-00-00 00:00:00',NULL);

/*Table structure for table `pat_billing_room_charge_history` */

DROP TABLE IF EXISTS `pat_billing_room_charge_history`;

CREATE TABLE `pat_billing_room_charge_history` (
  `charge_hist_id` int(11) NOT NULL AUTO_INCREMENT,
  `tenant_id` int(11) NOT NULL,
  `encounter_id` int(11) NOT NULL,
  `patient_id` int(11) NOT NULL,
  `from_date` date NOT NULL,
  `to_date` date DEFAULT NULL,
  `charge_item_id` int(11) NOT NULL,
  `room_type_id` int(11) NOT NULL,
  `charge` decimal(10,2) NOT NULL,
  `status` enum('0','1') DEFAULT '1',
  `created_by` int(11) NOT NULL,
  `created_at` timestamp NOT NULL DEFAULT CURRENT_TIMESTAMP,
  `modified_by` int(11) DEFAULT NULL,
  `modified_at` timestamp NULL DEFAULT NULL,
  `deleted_at` timestamp NULL DEFAULT '0000-00-00 00:00:00',
  PRIMARY KEY (`charge_hist_id`),
  KEY `FK_pat_billing_room_charge_history_tenant` (`tenant_id`),
  KEY `FK_pat_billing_room_charge_history_encounter` (`encounter_id`),
  KEY `FK_pat_billing_room_charge_history_patient` (`patient_id`),
  KEY `FK_pat_billing_room_charge_history_room_type` (`room_type_id`),
  KEY `FK_pat_billing_room_charge_history_charge_item` (`charge_item_id`),
  CONSTRAINT `FK_pat_billing_room_charge_history_charge_item` FOREIGN KEY (`charge_item_id`) REFERENCES `co_room_charge_item` (`charge_item_id`) ON DELETE NO ACTION ON UPDATE CASCADE,
  CONSTRAINT `FK_pat_billing_room_charge_history_encounter` FOREIGN KEY (`encounter_id`) REFERENCES `pat_encounter` (`encounter_id`) ON DELETE CASCADE ON UPDATE CASCADE,
  CONSTRAINT `FK_pat_billing_room_charge_history_patient` FOREIGN KEY (`patient_id`) REFERENCES `pat_patient` (`patient_id`) ON DELETE CASCADE ON UPDATE CASCADE,
  CONSTRAINT `FK_pat_billing_room_charge_history_room_type` FOREIGN KEY (`room_type_id`) REFERENCES `co_room_type` (`room_type_id`) ON UPDATE CASCADE,
  CONSTRAINT `FK_pat_billing_room_charge_history_tenant` FOREIGN KEY (`tenant_id`) REFERENCES `co_tenant` (`tenant_id`) ON DELETE CASCADE ON UPDATE CASCADE
) ENGINE=InnoDB AUTO_INCREMENT=5 DEFAULT CHARSET=latin1;

/*Data for the table `pat_billing_room_charge_history` */

insert  into `pat_billing_room_charge_history`(`charge_hist_id`,`tenant_id`,`encounter_id`,`patient_id`,`from_date`,`to_date`,`charge_item_id`,`room_type_id`,`charge`,`status`,`created_by`,`created_at`,`modified_by`,`modified_at`,`deleted_at`) values (1,1,38,1,'2016-07-02',NULL,1,1,'250.00','1',74,'2016-07-02 16:48:19',74,'2016-07-02 16:48:19','0000-00-00 00:00:00'),(2,1,39,3,'2016-07-02',NULL,1,1,'250.00','1',74,'2016-07-02 16:48:20',74,'2016-07-02 16:48:20','0000-00-00 00:00:00'),(3,1,38,1,'2016-07-02',NULL,2,1,'150.00','1',74,'2016-07-02 16:48:34',74,'2016-07-02 16:48:34','0000-00-00 00:00:00'),(4,1,39,3,'2016-07-02',NULL,2,1,'150.00','1',74,'2016-07-02 16:48:34',74,'2016-07-02 16:48:34','0000-00-00 00:00:00');

/*Table structure for table `pat_consultant` */

DROP TABLE IF EXISTS `pat_consultant`;

CREATE TABLE `pat_consultant` (
  `pat_consult_id` int(11) NOT NULL AUTO_INCREMENT,
  `tenant_id` int(11) NOT NULL,
  `encounter_id` int(11) NOT NULL,
  `patient_id` int(11) NOT NULL,
  `consultant_id` int(11) NOT NULL,
  `consult_date` timestamp NOT NULL DEFAULT '0000-00-00 00:00:00',
  `notes` text,
  `charge_amount` decimal(10,2) DEFAULT '0.00',
  `proc_id` int(11) DEFAULT '0',
  `status` enum('0','1') DEFAULT '1',
  `created_by` int(11) NOT NULL,
  `created_at` timestamp NOT NULL DEFAULT CURRENT_TIMESTAMP,
  `modified_by` int(11) DEFAULT NULL,
  `modified_at` timestamp NULL DEFAULT NULL,
  `deleted_at` timestamp NULL DEFAULT '0000-00-00 00:00:00',
  PRIMARY KEY (`pat_consult_id`),
  KEY `FK_pat_consultant_tenant` (`tenant_id`),
  KEY `FK_pat_consultant_encounter` (`encounter_id`),
  KEY `FK_pat_consultant_patient` (`patient_id`),
  KEY `FK_pat_consultant_user` (`consultant_id`),
  CONSTRAINT `FK_pat_consultant_encounter` FOREIGN KEY (`encounter_id`) REFERENCES `pat_encounter` (`encounter_id`) ON DELETE CASCADE ON UPDATE CASCADE,
  CONSTRAINT `FK_pat_consultant_patient` FOREIGN KEY (`patient_id`) REFERENCES `pat_patient` (`patient_id`) ON DELETE CASCADE ON UPDATE CASCADE,
  CONSTRAINT `FK_pat_consultant_user` FOREIGN KEY (`consultant_id`) REFERENCES `co_user` (`user_id`) ON UPDATE CASCADE
) ENGINE=InnoDB AUTO_INCREMENT=22 DEFAULT CHARSET=latin1;

/*Data for the table `pat_consultant` */

insert  into `pat_consultant`(`pat_consult_id`,`tenant_id`,`encounter_id`,`patient_id`,`consultant_id`,`consult_date`,`notes`,`charge_amount`,`proc_id`,`status`,`created_by`,`created_at`,`modified_by`,`modified_at`,`deleted_at`) values (1,1,2,1,75,'2016-06-24 15:51:59','Consulted for Procedure (Procedure1)','0.00',1,'1',74,'2016-06-24 15:52:12',74,'2016-06-24 15:52:12','0000-00-00 00:00:00'),(2,1,2,1,75,'2016-06-24 16:17:24','Consulted for Procedure (Procedure1)','0.00',2,'1',74,'2016-06-24 16:17:31',74,'2016-06-24 16:17:31','0000-00-00 00:00:00'),(3,1,2,1,75,'2016-06-24 16:19:48','Consulted for Procedure (Procedure1)','0.00',3,'1',74,'2016-06-24 16:19:56',74,'2016-06-24 16:19:56','0000-00-00 00:00:00'),(4,1,3,1,75,'2016-06-24 18:08:28','AAAAAAAA','0.00',0,'1',74,'2016-06-24 18:08:34',74,'2016-06-24 18:08:34','0000-00-00 00:00:00'),(5,1,3,1,75,'2016-06-24 18:09:56','sfddddddd','100.00',0,'1',74,'2016-06-24 18:10:01',74,'2016-06-24 18:10:01','0000-00-00 00:00:00'),(6,1,28,3,75,'2016-06-29 06:30:00','AAAAAAAA IP','100.00',0,'1',74,'2016-06-30 15:56:13',74,'2016-06-30 15:56:13','0000-00-00 00:00:00'),(7,1,28,3,75,'2016-06-30 16:07:52','Teestsssdfsfsfs','100.00',0,'1',74,'2016-06-30 16:08:05',74,'2016-06-30 16:08:05','0000-00-00 00:00:00'),(8,1,31,1,75,'2016-06-30 16:35:25','Patient 1','100.00',0,'1',74,'2016-06-30 16:35:47',74,'2016-06-30 16:35:47','0000-00-00 00:00:00'),(9,1,28,3,75,'2016-06-30 16:35:25','Testing 1','100.00',0,'1',74,'2016-06-30 16:35:47',74,'2016-06-30 16:35:47','0000-00-00 00:00:00'),(10,1,32,1,75,'2016-06-30 16:56:50','Consulted for Procedure (Procedure1)','100.00',4,'1',74,'2016-06-30 16:57:02',74,'2016-06-30 16:57:02','0000-00-00 00:00:00'),(11,1,28,3,75,'2016-06-30 18:34:55','Consulted for Procedure (Procedure1)','100.00',5,'1',74,'2016-06-30 18:35:07',74,'2016-06-30 18:35:07','0000-00-00 00:00:00'),(12,1,28,3,75,'2016-06-30 18:41:04','Consulted for Procedure (Procedure1)','100.00',6,'1',74,'2016-06-30 18:41:27',74,'2016-06-30 18:41:27','0000-00-00 00:00:00'),(13,1,28,3,75,'2016-06-30 18:54:31','Consulted for Procedure (Procedure1)','100.00',8,'1',74,'2016-06-30 18:54:53',74,'2016-06-30 18:54:53','0000-00-00 00:00:00'),(14,1,33,1,75,'2016-07-01 02:10:00','Consulted for Procedure (Procedure1)','100.00',9,'1',74,'2016-06-30 18:57:52',74,'2016-06-30 18:57:52','0000-00-00 00:00:00'),(16,1,28,3,75,'2016-07-01 02:10:00','Consulted for Procedure (Procedure1)','100.00',10,'1',74,'2016-06-30 18:57:54',74,'2016-06-30 18:57:54','0000-00-00 00:00:00'),(17,1,28,3,76,'2016-07-01 02:10:00','Consulted for Procedure (Procedure1)','0.00',10,'1',74,'2016-06-30 18:57:54',74,'2016-06-30 18:57:54','0000-00-00 00:00:00'),(18,1,44,3,75,'2016-07-02 16:52:44','AAAAAAAAAAA','100.00',0,'1',74,'2016-07-02 16:52:49',74,'2016-07-02 16:52:49','0000-00-00 00:00:00'),(19,1,48,1,75,'2016-07-06 12:13:20','Test','100.00',0,'1',74,'2016-07-06 12:13:26',74,'2016-07-06 12:13:26','0000-00-00 00:00:00'),(20,1,51,1,75,'2016-07-06 15:42:41','aa','100.00',0,'1',74,'2016-07-06 15:42:49',74,'2016-07-06 15:42:49','0000-00-00 00:00:00'),(21,1,52,1,75,'2016-07-07 16:49:49','AAAAAAAAAA','100.00',0,'1',74,'2016-07-07 16:49:55',74,'2016-07-07 16:49:55','0000-00-00 00:00:00');

/*Table structure for table `pat_document_types` */

DROP TABLE IF EXISTS `pat_document_types`;

CREATE TABLE `pat_document_types` (
  `doc_type_id` int(11) NOT NULL AUTO_INCREMENT,
  `tenant_id` int(11) NOT NULL,
  `doc_type` enum('CH') NOT NULL DEFAULT 'CH',
  `doc_type_name` varchar(50) NOT NULL,
  `document_xml` longtext NOT NULL,
  `document_xslt` longtext NOT NULL,
  `document_out_xslt` longtext NOT NULL,
  `document_out_print_xslt` longtext NOT NULL,
  `status` enum('0','1') DEFAULT '1',
  `created_by` int(11) NOT NULL,
  `created_at` timestamp NOT NULL DEFAULT CURRENT_TIMESTAMP,
  `modified_by` int(11) DEFAULT NULL,
  `modified_at` timestamp NULL DEFAULT NULL,
  `deleted_at` timestamp NULL DEFAULT '0000-00-00 00:00:00',
  PRIMARY KEY (`doc_type_id`),
  KEY `FK_pat_document_types_tenant` (`tenant_id`),
  CONSTRAINT `FK_pat_document_types_tenant` FOREIGN KEY (`tenant_id`) REFERENCES `co_tenant` (`tenant_id`) ON DELETE CASCADE ON UPDATE CASCADE
) ENGINE=InnoDB AUTO_INCREMENT=3 DEFAULT CHARSET=latin1;

/*Data for the table `pat_document_types` */

insert  into `pat_document_types`(`doc_type_id`,`tenant_id`,`doc_type`,`doc_type_name`,`document_xml`,`document_xslt`,`document_out_xslt`,`document_out_print_xslt`,`status`,`created_by`,`created_at`,`modified_by`,`modified_at`,`deleted_at`) values (2,1,'CH','Case History','<?xml version=\"1.0\" encoding=\"utf-8\"?>\r\n<FIELDS>\r\n    <GROUP>\r\n        <PANELHEADER>\r\n            <PROPERTIES>\r\n                <PROPERTY name=\"class\">panel-heading bg-default</PROPERTY>\r\n            </PROPERTIES>\r\n            <VALUE>Demographic Details</VALUE>\r\n        </PANELHEADER>\r\n        <PANELBODY>\r\n            <FIELD id=\"name\" type=\"TextBox\" label=\"Name\" required=\"true\">\r\n                <PROPERTIES>\r\n                    <PROPERTY name=\"id\">txtName</PROPERTY>\r\n                    <PROPERTY name=\"name\">name</PROPERTY>\r\n                    <PROPERTY name=\"class\">form-control</PROPERTY>\r\n                    <PROPERTY name=\"placeholder\">Patient Name</PROPERTY>\r\n                </PROPERTIES>\r\n            </FIELD>\r\n\r\n            <FIELD id=\"age\" type=\"TextBox\" label=\"Age\" required=\"true\" Backtext=\" Years\">\r\n                <PROPERTIES>\r\n                    <PROPERTY name=\"id\">txtage</PROPERTY>\r\n                    <PROPERTY name=\"name\">age</PROPERTY>\r\n                    <PROPERTY name=\"class\">form-control</PROPERTY>\r\n                    <PROPERTY name=\"placeholder\">Patient Age</PROPERTY>\r\n                    <PROPERTY name=\"maxlength\">3</PROPERTY>\r\n                    <PROPERTY name=\"title\">Type only numbers</PROPERTY>\r\n                    <PROPERTY name=\"onkeydown\">return isNumericKeyStroke(event)</PROPERTY>\r\n                </PROPERTIES>\r\n            </FIELD>\r\n            \r\n            <FIELD id=\"gender\" type=\"RadioButtonList\" label=\"Gender\" required=\"true\">\r\n                <PROPERTIES>\r\n                    <PROPERTY name=\"name\">gender</PROPERTY>\r\n                </PROPERTIES>\r\n                <LISTITEMS>\r\n                    <LISTITEM value=\"Male\" id=\"RBGender1\" Selected=\"False\">Male</LISTITEM>\r\n                    <LISTITEM value=\"Female\" id=\"RBGender2\" Selected=\"False\">Female</LISTITEM>\r\n                </LISTITEMS>\r\n            </FIELD>\r\n            \r\n            <FIELD id=\"address\" type=\"TextArea\" label=\"Address\" required=\"true\">\r\n                <PROPERTIES>\r\n                    <PROPERTY name=\"id\">txtAddress</PROPERTY>\r\n                    <PROPERTY name=\"name\">address</PROPERTY>\r\n                    <PROPERTY name=\"class\">form-control</PROPERTY>\r\n                    <PROPERTY name=\"placeholder\">Patient Address</PROPERTY>\r\n                </PROPERTIES>\r\n            </FIELD>\r\n            \r\n            <FIELD id=\"referral_details\" type=\"CheckBoxList\" label=\"Referral Details\" Backcontrols=\"hide\" Backdivid=\"referral_details_other_div\">\r\n                <PROPERTIES>\r\n                    <PROPERTY name=\"name\">referral_details[]</PROPERTY>\r\n                </PROPERTIES>\r\n                <LISTITEMS>\r\n                    <LISTITEM value=\"Self\" id=\"RBRefferals1\" Selected=\"False\">Self</LISTITEM>\r\n                    <LISTITEM value=\"General Practitioner\" id=\"RBRefferals2\" Selected=\"False\">General Practitioner</LISTITEM>\r\n                    <LISTITEM value=\"Neighbours\" id=\"RBRefferals3\" Selected=\"False\">Neighbours</LISTITEM>\r\n                    <LISTITEM value=\"Traditional healer\" id=\"RBRefferals4\" Selected=\"False\">Traditional healer</LISTITEM>\r\n                    <LISTITEM value=\"Other patient\" id=\"RBRefferals5\" Selected=\"False\">Other patient</LISTITEM>\r\n                    <LISTITEM value=\"Other psychiatrist\" id=\"RBRefferals6\" Selected=\"False\">Other psychiatrist</LISTITEM>\r\n                    <LISTITEM value=\"Media\" id=\"RBRefferals7\" Selected=\"False\">Media</LISTITEM>\r\n                    <LISTITEM value=\"Others\" id=\"RBRefferals8\" Selected=\"False\" onclick=\"OThersvisible(this.id, \'referral_details_other_div\');\">Others</LISTITEM>\r\n                </LISTITEMS>\r\n                <FIELD id=\"referral_details_other\" type=\"TextBox\" label=\"Referral Details Notes: \">\r\n                    <PROPERTIES>\r\n                        <PROPERTY name=\"id\">referral_details_other</PROPERTY>\r\n                        <PROPERTY name=\"name\">referral_details_other</PROPERTY>\r\n                        <PROPERTY name=\"class\">form-control</PROPERTY>\r\n                        <PROPERTY name=\"placeholder\">Referral Details Notes</PROPERTY>\r\n                    </PROPERTIES>\r\n                </FIELD>\r\n            </FIELD>\r\n                      \r\n            <FIELD id=\"education\" type=\"RadioButtonList\" required=\"true\" label=\"Education\" Backcontrols=\"hide\" Backdivid=\"education_note_div\">\r\n                <PROPERTIES>\r\n                    <PROPERTY name=\"name\">education</PROPERTY>\r\n                </PROPERTIES>\r\n                <LISTITEMS>\r\n                    <LISTITEM value=\"Not Educated\" id=\"RBEducation1\" Selected=\"False\" onclick=\"OThersvisible(this.id,\'education_note_div\');\">Not Educated</LISTITEM>\r\n                    <LISTITEM value=\"Primary\" id=\"RBEducation2\" Selected=\"False\" onclick=\"OThersvisible(this.id,\'education_note_div\');\">Primary</LISTITEM>\r\n                    <LISTITEM value=\"High School\" id=\"RBEducation3\" Selected=\"False\" onclick=\"  OThersvisible(this.id,\'education_note_div\');\">High School</LISTITEM>\r\n                    <LISTITEM value=\"Graduate\" id=\"RBEducation4\" Selected=\"False\" onclick=\" OThersvisible(this.id,\'education_note_div\');\">Graduate</LISTITEM>\r\n                    <LISTITEM value=\"Post Graduate\" id=\"RBEducation5\" Selected=\"False\" onclick=\" OThersvisible(this.id,\'education_note_div\');\">Post Graduate</LISTITEM>\r\n                    <LISTITEM value=\"Other\" id=\"RBEducation6\" Selected=\"False\" onclick=\"OThersvisible(this.id,\'education_note_div\');\">Other</LISTITEM>\r\n                </LISTITEMS>\r\n                <FIELD id=\"educationnote\" type=\"TextBox\"  label=\"Education Notes: \">\r\n                    <PROPERTIES>\r\n                        <PROPERTY name=\"id\">educationnote</PROPERTY>\r\n                        <PROPERTY name=\"name\">educationnote</PROPERTY>\r\n                        <PROPERTY name=\"class\">form-control</PROPERTY>\r\n                        <PROPERTY name=\"placeholder\">Education Notes</PROPERTY>\r\n                    </PROPERTIES>\r\n                </FIELD>\r\n            </FIELD>\r\n                      \r\n            <FIELD id=\"occupation\" type=\"RadioButtonList\" label=\"Occupation\" re1quired=\"true\" Backcontrols=\"hide\" Backdivid=\"occupationnote_div\">\r\n                <PROPERTIES>\r\n                    <PROPERTY name=\"name\">occupation</PROPERTY>\r\n                </PROPERTIES>\r\n                <LISTITEMS>\r\n                    <LISTITEM value=\"Employed\" id=\"RBoccupation1\" Selected=\"False\" onclick=\"OThersvisible(this.id, \'occupationnote_div\');\">Employed</LISTITEM>\r\n                    <LISTITEM value=\"UnEmployed\" id=\"RBoccupation2\" Selected=\"False\" onclick=\"OThersvisible(this.id, \'occupationnote_div\');\">UnEmployed</LISTITEM>\r\n                    <LISTITEM value=\"Homemaker\" id=\"RBoccupation3\" Selected=\"False\" onclick=\"OThersvisible(this.id, \'occupationnote_div\');\">Homemaker</LISTITEM>\r\n                    <LISTITEM value=\"Student\" id=\"RBoccupation4\" Selected=\"False\" onclick=\"OThersvisible(this.id, \'occupationnote_div\');\">Student</LISTITEM>\r\n                </LISTITEMS>\r\n                <FIELD id=\"occupationnote\" type=\"TextBox\" label=\"Occupation Notes: \">\r\n                    <PROPERTIES>\r\n                        <PROPERTY name=\"id\">occupationnote</PROPERTY>\r\n                        <PROPERTY name=\"name\">occupationnote</PROPERTY>\r\n                        <PROPERTY name=\"class\">form-control</PROPERTY>\r\n                        <PROPERTY name=\"placeholder\">Occupation Notes</PROPERTY>\r\n                    </PROPERTIES>\r\n                </FIELD>\r\n            </FIELD>\r\n            \r\n            <FIELD id=\"martial_status\" type=\"RadioButtonList\" label=\"Martial Status\" required=\"true\" >\r\n                <PROPERTIES>\r\n                    <PROPERTY name=\"name\">martial_status</PROPERTY>\r\n                </PROPERTIES>\r\n                <LISTITEMS>\r\n                    <LISTITEM value=\"Never married\" id=\"RBMartial1\" Selected=\"False\">Never married</LISTITEM>\r\n                    <LISTITEM value=\"Married\" id=\"RBMartial2\" Selected=\"False\">Married</LISTITEM>\r\n                    <LISTITEM value=\"Separated\" id=\"RBMartial3\" Selected=\"False\">Separated</LISTITEM>\r\n                    <LISTITEM value=\"Divorced\" id=\"RBMartial4\" Selected=\"False\">Divorced</LISTITEM>\r\n                </LISTITEMS>\r\n            </FIELD>\r\n            \r\n            <FIELD id=\"religion\" type=\"RadioButtonList\" label=\"Religion\" Backcontrols=\"hide\" Backdivid=\"religionother_div\">\r\n                <PROPERTIES>\r\n                    <PROPERTY name=\"name\">religion</PROPERTY>\r\n                </PROPERTIES>\r\n                <LISTITEMS>\r\n                    <LISTITEM value=\"Hindu\" id=\"RBReligion1\" Selected=\"False\" onclick=\"OThersvisible(this.id,\'religionother_div\',\'none\');\">Hindu</LISTITEM>\r\n                    <LISTITEM value=\"Muslim\" id=\"RBReligion2\" Selected=\"False\" onclick=\"OThersvisible(this.id,\'religionother_div\',\'none\');\">Muslim</LISTITEM>\r\n                    <LISTITEM value=\"Christian\" id=\"RBReligion3\" Selected=\"False\" onclick=\"OThersvisible(this.id,\'religionother_div\',\'none\');\">Christian</LISTITEM>\r\n                    <LISTITEM value=\"Others\" id=\"RBReligion4\" Selected=\"False\" onclick=\"OThersvisible(this.id,\'religionother_div\',\'block\');\">Others</LISTITEM>\r\n                </LISTITEMS>\r\n                <FIELD id=\"religionother\" type=\"TextBox\" label=\"Religion Notes: \">\r\n                    <PROPERTIES>\r\n                        <PROPERTY name=\"id\">religionother</PROPERTY>\r\n                        <PROPERTY name=\"name\">religionother</PROPERTY>\r\n                        <PROPERTY name=\"class\">form-control</PROPERTY>\r\n                        <PROPERTY name=\"placeholder\">Religion Notes</PROPERTY>\r\n                    </PROPERTIES>\r\n                </FIELD>\r\n            </FIELD>\r\n            \r\n            <FIELD id=\"level_status\" type=\"RadioButtonList\" label=\"Status\">\r\n                <PROPERTIES>\r\n                    <PROPERTY name=\"name\">level_status</PROPERTY>\r\n                </PROPERTIES>\r\n                <LISTITEMS>\r\n                    <LISTITEM value=\"Lower\" id=\"RBstatus1\" Selected=\"False\">Lower</LISTITEM>\r\n                    <LISTITEM value=\"Middle\" id=\"RBstatus2\" Selected=\"False\">Middle</LISTITEM>\r\n                    <LISTITEM value=\"Upper\" id=\"RBstatus3\" Selected=\"False\">Upper</LISTITEM>\r\n                </LISTITEMS>\r\n            </FIELD>\r\n            \r\n            <FIELD id=\"place_of_living\" type=\"RadioButtonList\" label=\"Place of living\">\r\n                <PROPERTIES>\r\n                    <PROPERTY name=\"name\">place_of_living</PROPERTY>\r\n                </PROPERTIES>\r\n                <LISTITEMS>\r\n                    <LISTITEM value=\"Rural\" id=\"RBliving1\" Selected=\"False\">Rural</LISTITEM>\r\n                    <LISTITEM value=\"Urban\" id=\"RBliving2\" Selected=\"False\">Urban</LISTITEM>\r\n                </LISTITEMS>\r\n            </FIELD>\r\n            \r\n            <FIELD type=\"Header2\" label=\"Informant\"></FIELD>\r\n            \r\n            <FIELD id=\"relationship\" type=\"RadioButtonList\" label=\"Relationship\" required=\"true\" Backcontrols=\"hide\" Backdivid=\"relationshipother_div\">\r\n                <PROPERTIES>\r\n                    <PROPERTY name=\"name\">relationship</PROPERTY>\r\n                </PROPERTIES>\r\n                <LISTITEMS>\r\n                    <LISTITEM value=\"Self\" id=\"RBRelation1\" Selected=\"False\" onclick=\"OThersvisible(this.id,\'relationshipother_div\',\'none\');\">Self</LISTITEM>\r\n                    <LISTITEM value=\"Father\" id=\"RBRelation2\" Selected=\"False\" onclick=\"OThersvisible(this.id,\'relationshipother_div\',\'none\');\">Father</LISTITEM>\r\n                    <LISTITEM value=\"Mother\" id=\"RBRelation3\" Selected=\"False\" onclick=\"OThersvisible(this.id,\'relationshipother_div\',\'none\');\">Mother</LISTITEM>\r\n                    <LISTITEM value=\"Sibling\" id=\"RBRelation4\" Selected=\"False\" onclick=\"OThersvisible(this.id,\'relationshipother_div\',\'none\');\">Sibling</LISTITEM>\r\n                    <LISTITEM value=\"Spouse\" id=\"RBRelation5\" Selected=\"False\" onclick=\"OThersvisible(this.id,\'relationshipother_div\',\'none\');\">Spouse</LISTITEM>\r\n                    <LISTITEM value=\"Children\" id=\"RBRelation6\" Selected=\"False\" onclick=\"OThersvisible(this.id,\'relationshipother_div\',\'none\');\">Children</LISTITEM>\r\n                    <LISTITEM value=\"Friend\" id=\"RBRelation7\" Selected=\"False\" onclick=\"OThersvisible(this.id,\'relationshipother_div\',\'none\');\">Friend</LISTITEM>\r\n                    <LISTITEM value=\"Others\" id=\"RBRelation8\" Selected=\"False\" onclick=\"OThersvisible(this.id,\'relationshipother_div\',\'block\');\">Others</LISTITEM>\r\n                </LISTITEMS>\r\n                <FIELD id=\"relationshipother\" type=\"TextBox\" label=\"Relationship Notes: \">\r\n                    <PROPERTIES>\r\n                        <PROPERTY name=\"id\">relationshipother</PROPERTY>\r\n                        <PROPERTY name=\"name\">relationshipother</PROPERTY>\r\n                        <PROPERTY name=\"class\">form-control</PROPERTY>\r\n                        <PROPERTY name=\"placeholder\">Relationship Notes</PROPERTY>\r\n                    </PROPERTIES>\r\n                </FIELD>\r\n            </FIELD>\r\n            \r\n            <FIELD id=\"primary_care_giver\" type=\"RadioButtonList\" label=\"Primary Care giver\" required=\"true\">\r\n                <PROPERTIES>\r\n                    <PROPERTY name=\"name\">primary_care_giver</PROPERTY>\r\n                </PROPERTIES>\r\n                <LISTITEMS>\r\n                    <LISTITEM value=\"Yes\" id=\"RBPrimarycare1\" Selected=\"False\">Yes</LISTITEM>\r\n                    <LISTITEM value=\"No\" id=\"RBPrimarycare2\" Selected=\"False\">No</LISTITEM>\r\n                </LISTITEMS>\r\n            </FIELD>\r\n            \r\n            <FIELD id=\"duration_of_relationship\" type=\"TextBoxDDL\" label=\"Duration of Relationship\">\r\n                <PROPERTIES>\r\n                    <PROPERTY name=\"id\">txtrelduration</PROPERTY>\r\n                    <PROPERTY name=\"name\">duration_of_relationship</PROPERTY>\r\n                    <PROPERTY name=\"class\">form-control</PROPERTY>\r\n                    <PROPERTY name=\"onkeydown\">return isNumericKeyStroke(event)</PROPERTY>\r\n                </PROPERTIES>\r\n                <FIELD id=\"ddlrelation\" type=\"DropDownList\">\r\n                    <PROPERTIES>\r\n                        <PROPERTY name=\"id\">ddlrelation</PROPERTY>\r\n                        <PROPERTY name=\"name\">ddlrelation</PROPERTY>\r\n                        <PROPERTY name=\"class\">form-control</PROPERTY>\r\n                    </PROPERTIES>\r\n                    <LISTITEMS>\r\n                        <LISTITEM value=\"Yrs\" Selected=\"True\">Yrs</LISTITEM>\r\n                        <LISTITEM value=\"Months\" Selected=\"False\">Months</LISTITEM>\r\n                        <LISTITEM value=\"Weeks\" Selected=\"False\">Weeks</LISTITEM>\r\n                        <LISTITEM value=\"Days\" Selected=\"False\">Days</LISTITEM>\r\n                    </LISTITEMS>\r\n                </FIELD>\r\n            </FIELD>\r\n            \r\n            <FIELD id=\"information\" type=\"RadioButtonList\" label=\"Information\" required=\"true\">\r\n                <PROPERTIES>\r\n                    <PROPERTY name=\"name\">information</PROPERTY>\r\n                </PROPERTIES>\r\n                <LISTITEMS>\r\n                    <LISTITEM value=\"Reliable\" id=\"RBInfo1\" Selected=\"False\">Reliable</LISTITEM>\r\n                    <LISTITEM value=\"Unreliable\" id=\"RBInfo2\" Selected=\"False\">Unreliable</LISTITEM>\r\n                    <LISTITEM value=\"Adequate\" id=\"RBInfo3\" Selected=\"False\">Adequate</LISTITEM>\r\n                    <LISTITEM value=\"Inadequate\" id=\"RBInfo4\" Selected=\"False\">Inadequate</LISTITEM>\r\n                </LISTITEMS>\r\n            </FIELD>\r\n        </PANELBODY>\r\n    </GROUP>\r\n    \r\n    <GROUP>\r\n        <PANELHEADER>\r\n            <PROPERTIES>\r\n                <PROPERTY name=\"class\">panel-heading bg-default</PROPERTY>\r\n            </PROPERTIES>\r\n            <VALUE>Presenting Compliants (In chronological order)</VALUE>\r\n        </PANELHEADER>\r\n        <PANELBODY>\r\n            <FIELD type=\"RadGrid\" ADDButton=\"True\" ADDButtonID=\"RGCompliantadd\" AddButtonTableId=\"RGCompliant\">\r\n                <PROPERTIES>\r\n                    <PROPERTY name=\"id\">RGCompliant</PROPERTY>\r\n                    <PROPERTY name=\"class\">table table-bordered</PROPERTY>\r\n                </PROPERTIES>\r\n                <HEADER>\r\n                    <TH>Complaints</TH>\r\n                    <TH>Duration</TH>\r\n                </HEADER>\r\n                <COLUMNS>\r\n                    <FIELD id=\"txtComplaints\" type=\"TextBox\">\r\n                        <PROPERTIES>\r\n                            <PROPERTY name=\"id\">txtComplaints</PROPERTY>\r\n                            <PROPERTY name=\"name\">txtComplaints</PROPERTY>\r\n                            <PROPERTY name=\"class\">form-control</PROPERTY>\r\n                        </PROPERTIES>\r\n                    </FIELD>\r\n                    <FIELD id=\"txtDuration\" type=\"TextBoxDDL\">\r\n                        <PROPERTIES>\r\n                            <PROPERTY name=\"id\">txtDuration</PROPERTY>\r\n                            <PROPERTY name=\"name\">txtDuration</PROPERTY>\r\n                            <PROPERTY name=\"class\">form-control</PROPERTY>\r\n                            <PROPERTY name=\"onkeydown\">return isNumericKeyStroke(event)</PROPERTY>\r\n                        </PROPERTIES>\r\n                        <FIELD id=\"DDLDuration\" type=\"DropDownList\">\r\n                            <PROPERTIES>\r\n                                <PROPERTY name=\"id\">DDLDuration</PROPERTY>\r\n                                <PROPERTY name=\"name\">DDLDuration</PROPERTY>\r\n                                <PROPERTY name=\"class\">form-control</PROPERTY>\r\n                            </PROPERTIES>\r\n                            <LISTITEMS>\r\n                                <LISTITEM value=\"Yrs\" Selected=\"False\">Yrs</LISTITEM>\r\n                                <LISTITEM value=\"Months\" Selected=\"False\">Months</LISTITEM>\r\n                                <LISTITEM value=\"Weeks\" Selected=\"False\">Weeks</LISTITEM>\r\n                                <LISTITEM value=\"Days\" Selected=\"False\">Days</LISTITEM>\r\n                            </LISTITEMS>\r\n                        </FIELD>\r\n                    </FIELD>\r\n                </COLUMNS>\r\n            </FIELD>\r\n            \r\n            <FIELD id=\"total_duration\" type=\"TextBoxDDL\" label=\"Total Duration\" required=\"true\">\r\n                <PROPERTIES>\r\n                    <PROPERTY name=\"id\">txtillduration</PROPERTY>\r\n                    <PROPERTY name=\"class\">form-control</PROPERTY>\r\n                    <PROPERTY name=\"name\">total_duration</PROPERTY>\r\n                    <PROPERTY name=\"onkeydown\">return isNumericKeyStroke(event)</PROPERTY>\r\n                </PROPERTIES>\r\n                <FIELD id=\"ddlillduration\" type=\"DropDownList\">\r\n                    <PROPERTIES>\r\n                        <PROPERTY name=\"id\">ddlillduration</PROPERTY>\r\n                        <PROPERTY name=\"name\">ddlillduration</PROPERTY>\r\n                        <PROPERTY name=\"class\">form-control</PROPERTY>\r\n                    </PROPERTIES>\r\n                    <LISTITEMS>\r\n                        <LISTITEM value=\"Yrs\" Selected=\"False\">Yrs</LISTITEM>\r\n                        <LISTITEM value=\"Months\" Selected=\"False\">Months</LISTITEM>\r\n                        <LISTITEM value=\"Weeks\" Selected=\"False\">Weeks</LISTITEM>\r\n                        <LISTITEM value=\"Days\" Selected=\"False\">Days</LISTITEM>\r\n                    </LISTITEMS>\r\n                </FIELD>\r\n            </FIELD>\r\n            \r\n            <FIELD id=\"mode_of_onset\" type=\"RadioButtonList\" label=\"Mode of Onset\" required=\"true\">\r\n                <PROPERTIES>\r\n                    <PROPERTY name=\"name\">mode_of_onset</PROPERTY>\r\n                </PROPERTIES>\r\n                <LISTITEMS>\r\n                    <LISTITEM value=\"Abrupt\" id=\"RBmode1\" Selected=\"False\">Abrupt</LISTITEM>\r\n                    <LISTITEM value=\"Acute\" id=\"RBmode2\" Selected=\"False\">Acute</LISTITEM>\r\n                    <LISTITEM value=\"Subacute\" id=\"RBmode3\" Selected=\"False\">Subacute</LISTITEM>\r\n                    <LISTITEM value=\"Insidious\" id=\"RBmode4\" Selected=\"False\">Insidious</LISTITEM>\r\n                </LISTITEMS>\r\n            </FIELD>\r\n            \r\n            <FIELD id=\"course_type\" type=\"RadioButtonList\" label=\"Course type\" required=\"true\">\r\n                <PROPERTIES>\r\n                    <PROPERTY name=\"name\">course_type</PROPERTY>\r\n                </PROPERTIES>\r\n                <LISTITEMS>\r\n                    <LISTITEM value=\"Continuous\" id=\"RBcourse1\" Selected=\"False\">Continuous</LISTITEM>\r\n                    <LISTITEM value=\"Episodic\" id=\"RBcourse2\" Selected=\"False\">Episodic</LISTITEM>\r\n                    <LISTITEM value=\"Fluctuating\" id=\"RBcourse3\" Selected=\"False\">Fluctuating</LISTITEM>\r\n                </LISTITEMS>\r\n            </FIELD>\r\n            \r\n            <FIELD id=\"precipitating_factor\" type=\"CheckBoxList\" label=\"Precipitating factor\" Backcontrols=\"hide\" Backdivid=\"precipitating_factor_other_div\">\r\n                <PROPERTIES>\r\n                    <PROPERTY name=\"name\">precipitating_factor[]</PROPERTY>\r\n                </PROPERTIES>\r\n                <LISTITEMS>\r\n                    <LISTITEM value=\"Bereavement\" id=\"RBpresent1\" Selected=\"False\">Bereavement</LISTITEM>\r\n                    <LISTITEM value=\"Financial loss\" id=\"RBpresent2\" Selected=\"False\">Financial loss</LISTITEM>\r\n                    <LISTITEM value=\"Family conflicts\" id=\"RBpresent3\" Selected=\"False\">Family conflicts</LISTITEM>\r\n                    <LISTITEM value=\"Difficulty at work\" id=\"RBpresent4\" Selected=\"False\">Difficulty at work</LISTITEM>\r\n                    <LISTITEM value=\"Physical ailment\" id=\"RBpresent5\" Selected=\"False\">Physical ailment</LISTITEM>\r\n                    <LISTITEM value=\"Relationship problems\" id=\"RBpresent6\" Selected=\"False\">Relationship problems</LISTITEM>\r\n                    <LISTITEM value=\"Others\" id=\"RBpresent7\" Selected=\"False\" onclick=\"OThersvisible(this.id, \'precipitating_factor_other_div\');\">Others</LISTITEM>\r\n                </LISTITEMS>\r\n                <FIELD id=\"precipitating_factor_other\" type=\"TextBox\" label=\"Precipitating Factor Notes: \">\r\n                    <PROPERTIES>\r\n                        <PROPERTY name=\"id\">precipitating_factor_other</PROPERTY>\r\n                        <PROPERTY name=\"name\">precipitating_factor_other</PROPERTY>\r\n                        <PROPERTY name=\"class\">form-control</PROPERTY>\r\n                        <PROPERTY name=\"placeholder\">Precipitating Factor Notes</PROPERTY>\r\n                    </PROPERTIES>\r\n                </FIELD>\r\n            </FIELD>\r\n            \r\n            <FIELD id=\"nature\" type=\"RadioButtonList\" label=\"Nature\" required=\"true\">\r\n                <PROPERTIES>\r\n                    <PROPERTY name=\"name\">nature</PROPERTY>\r\n                </PROPERTIES>\r\n                <LISTITEMS>\r\n                    <LISTITEM value=\"Progressive\" id=\"RBnature1\" Selected=\"False\">Progressive</LISTITEM>\r\n                    <LISTITEM value=\"Improving\" id=\"RBnature2\" Selected=\"False\">Improving</LISTITEM>\r\n                    <LISTITEM value=\"Static\" id=\"RBnature3\" Selected=\"False\">Static</LISTITEM>\r\n                </LISTITEMS>\r\n            </FIELD>\r\n        </PANELBODY>\r\n    </GROUP>\r\n    \r\n    <GROUP>\r\n        <PANELHEADER>\r\n            <PROPERTIES>\r\n                <PROPERTY name=\"class\">panel-heading bg-default</PROPERTY>\r\n            </PROPERTIES>\r\n            <VALUE>History Of Presenting Illness</VALUE>\r\n        </PANELHEADER>\r\n        <PANELBODY>\r\n            <FIELD id=\"history_presenting_illness\" type=\"textareaFull\" label=\"Notes\">\r\n                <PROPERTIES>\r\n                    <PROPERTY name=\"id\">history_presenting_illness</PROPERTY>\r\n                    <PROPERTY name=\"name\">history_presenting_illness</PROPERTY>\r\n                    <PROPERTY name=\"class\">form-control</PROPERTY>\r\n                    <PROPERTY name=\"rows\">6</PROPERTY>\r\n                </PROPERTIES>\r\n            </FIELD>\r\n            \r\n            <FIELD type=\"Header2\" label=\"Associated Disturbances\"></FIELD>\r\n            \r\n            <FIELD id=\"sleep\" type=\"RadioButtonList\" label=\"Sleep\">\r\n                <PROPERTIES>\r\n                    <PROPERTY name=\"name\">sleep</PROPERTY>\r\n                </PROPERTIES>\r\n                <LISTITEMS>\r\n                    <LISTITEM value=\"Premorbid\" id=\"sleep1\" Selected=\"False\">Premorbid</LISTITEM>\r\n                    <LISTITEM value=\"Increased\" id=\"sleep2\" Selected=\"False\">Increased</LISTITEM>\r\n                    <LISTITEM value=\"Decreased\" id=\"sleep3\" Selected=\"False\">Decreased</LISTITEM>\r\n                </LISTITEMS>\r\n            </FIELD>\r\n            \r\n            <FIELD id=\"appetite\" type=\"RadioButtonList\" label=\"Appetite\">\r\n                <PROPERTIES>\r\n                    <PROPERTY name=\"name\">appetite</PROPERTY>\r\n                </PROPERTIES>\r\n                <LISTITEMS>\r\n                    <LISTITEM value=\"Premorbid\" id=\"appetite1\" Selected=\"False\">Premorbid</LISTITEM>\r\n                    <LISTITEM value=\"Increased\" id=\"appetite2\" Selected=\"False\">Increased</LISTITEM>\r\n                    <LISTITEM value=\"Decreased\" id=\"appetite3\" Selected=\"False\">Decreased</LISTITEM>\r\n                </LISTITEMS>\r\n            </FIELD>\r\n            \r\n            <FIELD id=\"weight\" type=\"RadioButtonList\" label=\"Weight\">\r\n                <PROPERTIES>\r\n                    <PROPERTY name=\"name\">weight</PROPERTY>\r\n                </PROPERTIES>\r\n                <LISTITEMS>\r\n                    <LISTITEM value=\"Premorbid\" id=\"weight1\" Selected=\"False\">Premorbid</LISTITEM>\r\n                    <LISTITEM value=\"Increased\" id=\"weight2\" Selected=\"False\">Increased</LISTITEM>\r\n                    <LISTITEM value=\"Decreased\" id=\"weight3\" Selected=\"False\">Decreased</LISTITEM>\r\n                </LISTITEMS>\r\n            </FIELD>\r\n            \r\n            <FIELD id=\"sexual_functioning\" type=\"RadioButtonList\" label=\"Sexual Functioning\">\r\n                <PROPERTIES>\r\n                    <PROPERTY name=\"name\">sexual_functioning</PROPERTY>\r\n                </PROPERTIES>\r\n                <LISTITEMS>\r\n                    <LISTITEM value=\"Premorbid\" id=\"sexual_functioning1\" Selected=\"False\">Premorbid</LISTITEM>\r\n                    <LISTITEM value=\"Increased\" id=\"sexual_functioning2\" Selected=\"False\">Increased</LISTITEM>\r\n                    <LISTITEM value=\"Decreased\" id=\"sexual_functioning3\" Selected=\"False\">Decreased</LISTITEM>\r\n                </LISTITEMS>\r\n            </FIELD>\r\n            \r\n            <FIELD id=\"social_functioning\" type=\"RadioButtonList\" label=\"Social Functioning\" Backcontrols=\"hide\" Backdivid=\"social_functioning_radio_div\">\r\n                <PROPERTIES>\r\n                    <PROPERTY name=\"name\">social_functioning</PROPERTY>\r\n                </PROPERTIES>\r\n                <LISTITEMS>\r\n                    <LISTITEM value=\"Intact\" id=\"social_functioning1\" Selected=\"False\" onclick=\"OThersvisible(this.id, \'social_functioning_radio_div\', \'none\');\">Intact</LISTITEM>\r\n                    <LISTITEM value=\"Impaired\" id=\"social_functioning2\" Selected=\"False\" onclick=\"OThersvisible(this.id, \'social_functioning_radio_div\', \'block\');\">Impaired</LISTITEM>\r\n                </LISTITEMS>\r\n                <FIELD id=\"social_functioning_radio\" type=\"RadioButtonList\" label=\"Severity: \">\r\n                    <PROPERTIES>\r\n                        <PROPERTY name=\"name\">social_functioning_radio</PROPERTY>\r\n                    </PROPERTIES>\r\n                    <LISTITEMS>\r\n                        <LISTITEM value=\"Mild\" id=\"social_functioning_radio1\" Selected=\"False\">Mild</LISTITEM>\r\n                        <LISTITEM value=\"Moderate\" id=\"social_functioning_radio2\" Selected=\"False\">Moderate</LISTITEM>\r\n                        <LISTITEM value=\"Severe\" id=\"social_functioning_radio3\" Selected=\"False\">Severe</LISTITEM>\r\n                    </LISTITEMS>\r\n                </FIELD>\r\n            </FIELD>\r\n            \r\n            <FIELD id=\"occupational_functioning\" type=\"RadioButtonList\" label=\"Occupational Functioning\" Backcontrols=\"hide\" Backdivid=\"occupational_functioning_radio_div\">\r\n                <PROPERTIES>\r\n                    <PROPERTY name=\"name\">occupational_functioning</PROPERTY>\r\n                </PROPERTIES>\r\n                <LISTITEMS>\r\n                    <LISTITEM value=\"Intact\" id=\"occupational_functioning1\" Selected=\"False\" onclick=\"OThersvisible(this.id, \'occupational_functioning_radio_div\', \'none\');\">Intact</LISTITEM>\r\n                    <LISTITEM value=\"Impaired\" id=\"occupational_functioning2\" Selected=\"False\" onclick=\"OThersvisible(this.id, \'occupational_functioning_radio_div\', \'block\');\">Impaired</LISTITEM>\r\n                </LISTITEMS>\r\n                <FIELD id=\"occupational_functioning_radio\" type=\"RadioButtonList\" label=\"Severity: \">\r\n                    <PROPERTIES>\r\n                        <PROPERTY name=\"name\">occupational_functioning_radio</PROPERTY>\r\n                    </PROPERTIES>\r\n                    <LISTITEMS>\r\n                        <LISTITEM value=\"Mild\" id=\"occupational_functioning_radio1\" Selected=\"False\">Mild</LISTITEM>\r\n                        <LISTITEM value=\"Moderate\" id=\"occupational_functioning_radio2\" Selected=\"False\">Moderate</LISTITEM>\r\n                        <LISTITEM value=\"Severe\" id=\"occupational_functioning_radio3\" Selected=\"False\">Severe</LISTITEM>\r\n                    </LISTITEMS>\r\n                </FIELD>\r\n            </FIELD>\r\n        </PANELBODY>\r\n    </GROUP>\r\n    \r\n    <!-- 2016/06/14--> \r\n    <GROUP>\r\n        <PANELHEADER>\r\n            <PROPERTIES>\r\n                <PROPERTY name=\"class\">panel-heading bg-default</PROPERTY>\r\n            </PROPERTIES>\r\n            <VALUE>Past History</VALUE>\r\n        </PANELHEADER>\r\n        <PANELBODY>\r\n            <FIELD type=\"Header2\" label=\"Past Psychiatric History\"></FIELD>\r\n            \r\n            <FIELD id=\"similar_episodes\" type=\"RadioButtonList\" label=\"Similar Episodes\" Backcontrols=\"hide\" Backdivid=\"similar_episodes_ddl_div\">\r\n                <PROPERTIES>\r\n                    <PROPERTY name=\"name\">similar_episodes</PROPERTY>\r\n                </PROPERTIES>\r\n                <LISTITEMS>\r\n                    <LISTITEM value=\"No\" id=\"similar_episodes1\" Selected=\"False\" onclick=\"OThersvisible(this.id,\'similar_episodes_ddl_div\',\'none\');\">No</LISTITEM>\r\n                    <LISTITEM value=\"Yes\" id=\"similar_episodes2\" Selected=\"False\" onclick=\"OThersvisible(this.id,\'similar_episodes_ddl_div\',\'block\');\">Yes</LISTITEM>\r\n                </LISTITEMS>\r\n                <FIELD id=\"similar_episodes_ddl\" type=\"DropDownList\" label=\"Number of Episodes: \">\r\n                    <PROPERTIES>\r\n                        <PROPERTY name=\"id\">similar_episodes_ddl</PROPERTY>\r\n                        <PROPERTY name=\"name\">similar_episodes_ddl</PROPERTY>\r\n                        <PROPERTY name=\"class\">form-control</PROPERTY>\r\n                    </PROPERTIES>\r\n                    <LISTITEMS>\r\n                        <LISTITEM value=\"--Select--\" Selected=\"False\">--Select--</LISTITEM>\r\n                        <LISTITEM value=\"1\" Selected=\"False\">1</LISTITEM>\r\n                        <LISTITEM value=\"2\" Selected=\"False\">2</LISTITEM>\r\n                        <LISTITEM value=\"3\" Selected=\"False\">3</LISTITEM>\r\n                        <LISTITEM value=\"4\" Selected=\"False\">4</LISTITEM>\r\n                        <LISTITEM value=\"5\" Selected=\"False\">5</LISTITEM>\r\n                        <LISTITEM value=\"6\" Selected=\"False\">6</LISTITEM>\r\n                        <LISTITEM value=\"7\" Selected=\"False\">7</LISTITEM>\r\n                        <LISTITEM value=\"8\" Selected=\"False\">8</LISTITEM>\r\n                        <LISTITEM value=\"9\" Selected=\"False\">9</LISTITEM>\r\n                        <LISTITEM value=\"10\" Selected=\"False\">10</LISTITEM>\r\n                        <LISTITEM value=\"11\" Selected=\"False\">11</LISTITEM>\r\n                        <LISTITEM value=\"12\" Selected=\"False\">12</LISTITEM>\r\n                        <LISTITEM value=\"13\" Selected=\"False\">13</LISTITEM>\r\n                        <LISTITEM value=\"14\" Selected=\"False\">14</LISTITEM>\r\n                        <LISTITEM value=\"15\" Selected=\"False\">15</LISTITEM>\r\n                        <LISTITEM value=\"16\" Selected=\"False\">16</LISTITEM>\r\n                        <LISTITEM value=\"17\" Selected=\"False\">17</LISTITEM>\r\n                        <LISTITEM value=\"18\" Selected=\"False\">18</LISTITEM>\r\n                        <LISTITEM value=\"19\" Selected=\"False\">19</LISTITEM>\r\n                        <LISTITEM value=\"20\" Selected=\"False\">20</LISTITEM>\r\n                    </LISTITEMS>\r\n                </FIELD>\r\n            </FIELD>\r\n            \r\n            <FIELD id=\"past_psychiatric_history\" type=\"textareaFull\" label=\"Notes\">\r\n                <PROPERTIES>\r\n                    <PROPERTY name=\"id\">past_psychiatric_history</PROPERTY>\r\n                    <PROPERTY name=\"name\">past_psychiatric_history</PROPERTY>\r\n                    <PROPERTY name=\"class\">form-control</PROPERTY>\r\n                    <PROPERTY name=\"rows\">6</PROPERTY>\r\n                </PROPERTIES>\r\n            </FIELD>\r\n            \r\n            <FIELD type=\"Header2\" label=\"Past Medical History\"></FIELD>\r\n            \r\n            <FIELD type=\"RadGrid\" ADDButton=\"True\" ADDButtonID=\"RGMedHisadd\" AddButtonTableId=\"RGMedicalHistory\">\r\n                <PROPERTIES>\r\n                    <PROPERTY name=\"id\">RGMedicalHistory</PROPERTY>\r\n                    <PROPERTY name=\"class\">table table-bordered</PROPERTY>\r\n                </PROPERTIES>\r\n                <HEADER>\r\n                    <TH>Complaints</TH>\r\n                    <TH>Duration</TH>\r\n                    <TH>Currently under treatment</TH>\r\n                </HEADER>\r\n                <COLUMNS>\r\n                    <FIELD id=\"DDLMedHis\" type=\"DropDownList\">\r\n                        <PROPERTIES>\r\n                            <PROPERTY name=\"id\">DDLMedHis</PROPERTY>\r\n                            <PROPERTY name=\"name\">DDLMedHis</PROPERTY>\r\n                            <PROPERTY name=\"class\">form-control</PROPERTY>\r\n                        </PROPERTIES>\r\n                        <LISTITEMS>\r\n                            <LISTITEM value=\"--Select--\" Selected=\"False\">--Select--</LISTITEM>\r\n                            <LISTITEM value=\"Diabetes\" Selected=\"False\">Diabetes</LISTITEM>\r\n                            <LISTITEM value=\"Hypertension\" Selected=\"False\">Hypertension</LISTITEM>\r\n                            <LISTITEM value=\"Tuberculosis\" Selected=\"False\">Tuberculosis</LISTITEM>\r\n                            <LISTITEM value=\"Hepatitis\" Selected=\"False\">Hepatitis</LISTITEM>\r\n                            <LISTITEM value=\"Asthma\" Selected=\"False\">Asthma</LISTITEM>\r\n                            <LISTITEM value=\"Bronchitis\" Selected=\"False\">Bronchitis</LISTITEM>\r\n                            <LISTITEM value=\"Head injury/LOC\" Selected=\"False\">Head injury/LOC</LISTITEM>\r\n                            <LISTITEM value=\"Seizures\" Selected=\"False\">Seizures</LISTITEM>\r\n                            <LISTITEM value=\"Cerebrovascular Accidents\" Selected=\"False\">Cerebrovascular Accidents</LISTITEM>\r\n                            <LISTITEM value=\"Immuno compromised state\" Selected=\"False\">Immuno compromised state</LISTITEM>\r\n                            <LISTITEM value=\"Mycocardial Infarction\" Selected=\"False\">Mycocardial Infarction</LISTITEM>\r\n                            <LISTITEM value=\"Allergies\" Selected=\"False\">Allergies</LISTITEM>\r\n                            <LISTITEM value=\"IHD\" Selected=\"False\">IHD</LISTITEM>\r\n                        </LISTITEMS>\r\n                    </FIELD>\r\n                    \r\n                    <FIELD id=\"TxtMedHisDuration\" type=\"TextBoxDDL\">\r\n                        <PROPERTIES>\r\n                            <PROPERTY name=\"id\">TxtMedHisDuration</PROPERTY>\r\n                            <PROPERTY name=\"name\">TxtMedHisDuration</PROPERTY>\r\n                            <PROPERTY name=\"class\">form-control</PROPERTY>\r\n                            <PROPERTY name=\"onkeydown\">return isNumericKeyStroke(event)</PROPERTY>\r\n                        </PROPERTIES>\r\n                        <FIELD id=\"DDLMedHisDuration\" type=\"DropDownList\">\r\n                            <PROPERTIES>\r\n                                <PROPERTY name=\"id\">DDLMedHisDuration</PROPERTY>\r\n                                <PROPERTY name=\"name\">DDLMedHisDuration</PROPERTY>\r\n                                <PROPERTY name=\"class\">form-control</PROPERTY>\r\n                            </PROPERTIES>\r\n                            <LISTITEMS>\r\n                                <LISTITEM value=\"Yrs\" Selected=\"False\">Yrs</LISTITEM>\r\n                                <LISTITEM value=\"Months\" Selected=\"False\">Months</LISTITEM>\r\n                                <LISTITEM value=\"Weeks\" Selected=\"False\">Weeks</LISTITEM>\r\n                                <LISTITEM value=\"Days\" Selected=\"False\">Days</LISTITEM>\r\n                            </LISTITEMS>\r\n                        </FIELD>\r\n                    </FIELD>\r\n                    \r\n                    <FIELD id=\"radio_med_his_currently_under_treatment\" type=\"RadioButtonList\" Backcontrols=\"hide\" Backdivid=\"med_his_currently_under_treatment_reason_div\">\r\n                        <PROPERTIES>\r\n                            <PROPERTY name=\"name\">radio_med_his_currently_under_treatment</PROPERTY>\r\n                        </PROPERTIES>\r\n                        <LISTITEMS>\r\n                            <LISTITEM value=\"Yes\" id=\"radio_med_his_currently_under_treatment1\" Selected=\"False\" onclick=\"OThersvisible(this.id,\'med_his_currently_under_treatment_reason_div\',\'none\');\">Yes</LISTITEM>\r\n                            <LISTITEM value=\"No\" id=\"radio_med_his_currently_under_treatment2\" Selected=\"False\" onclick=\"OThersvisible(this.id,\'med_his_currently_under_treatment_reason_div\',\'block\');\">No</LISTITEM>\r\n                        </LISTITEMS>\r\n                        <FIELD id=\"med_his_currently_under_treatment_reason\" type=\"TextBox\" label=\"Reason: \">\r\n                            <PROPERTIES>\r\n                                <PROPERTY name=\"id\">med_his_currently_under_treatment_reason</PROPERTY>\r\n                                <PROPERTY name=\"name\">med_his_currently_under_treatment_reason</PROPERTY>\r\n                                <PROPERTY name=\"class\">form-control</PROPERTY>\r\n                                <PROPERTY name=\"placeholder\">Reason</PROPERTY>\r\n                            </PROPERTIES>\r\n                        </FIELD>\r\n                    </FIELD>\r\n                </COLUMNS>\r\n            </FIELD>\r\n            \r\n            <FIELD id=\"past_medical_history_notes\" type=\"textareaFull\" label=\"Notes\">\r\n                <PROPERTIES>\r\n                    <PROPERTY name=\"id\">past_medical_history_notes</PROPERTY>\r\n                    <PROPERTY name=\"name\">past_medical_history_notes</PROPERTY>\r\n                    <PROPERTY name=\"class\">form-control</PROPERTY>\r\n                    <PROPERTY name=\"rows\">6</PROPERTY>\r\n                </PROPERTIES>\r\n            </FIELD>\r\n            \r\n            <FIELD type=\"PanelBar\" label=\"Treatment History\" target_div=\"treatment_history\">\r\n                <FIELD type=\"Header2\" label=\"Phamacotherapy\"></FIELD>\r\n                \r\n                <FIELD type=\"RadGrid\" ADDButton=\"True\" ADDButtonID=\"RGPhamacoadd\" AddButtonTableId=\"RGPhamaco\">\r\n                    <PROPERTIES>\r\n                        <PROPERTY name=\"id\">RGPhamaco</PROPERTY>\r\n                        <PROPERTY name=\"class\">table table-bordered</PROPERTY>\r\n                    </PROPERTIES>\r\n                    <HEADER>\r\n                        <TH>Drug name</TH>\r\n                        <TH>Duration</TH>\r\n                        <TH>Currently under treatment</TH>\r\n                        <TH>Side effects</TH>\r\n                    </HEADER>\r\n                    <COLUMNS>\r\n                        <FIELD id=\"txtPhamacoDrugName\" type=\"TextBox\">\r\n                            <PROPERTIES>\r\n                                <PROPERTY name=\"id\">txtPhamacoDrugName</PROPERTY>\r\n                                <PROPERTY name=\"name\">txtPhamacoDrugName</PROPERTY>\r\n                                <PROPERTY name=\"class\">form-control</PROPERTY>\r\n                            </PROPERTIES>\r\n                        </FIELD>\r\n                        \r\n                        <FIELD id=\"txtPhamacoDuration\" type=\"TextBoxDDL\">\r\n                            <PROPERTIES>\r\n                                <PROPERTY name=\"id\">txtPhamacoDuration</PROPERTY>\r\n                                <PROPERTY name=\"name\">txtPhamacoDuration</PROPERTY>\r\n                                <PROPERTY name=\"class\">form-control</PROPERTY>\r\n                                <PROPERTY name=\"onkeydown\">return isNumericKeyStroke(event)</PROPERTY>\r\n                            </PROPERTIES>\r\n                            <FIELD id=\"DDLPhamacoDuration\" type=\"DropDownList\">\r\n                                <PROPERTIES>\r\n                                    <PROPERTY name=\"id\">DDLPhamacoDuration</PROPERTY>\r\n                                    <PROPERTY name=\"name\">DDLPhamacoDuration</PROPERTY>\r\n                                    <PROPERTY name=\"class\">form-control</PROPERTY>\r\n                                </PROPERTIES>\r\n                                <LISTITEMS>\r\n                                    <LISTITEM value=\"Yrs\" Selected=\"False\">Yrs</LISTITEM>\r\n                                    <LISTITEM value=\"Months\" Selected=\"False\">Months</LISTITEM>\r\n                                    <LISTITEM value=\"Weeks\" Selected=\"False\">Weeks</LISTITEM>\r\n                                    <LISTITEM value=\"Days\" Selected=\"False\">Days</LISTITEM>\r\n                                </LISTITEMS>\r\n                            </FIELD>\r\n                        </FIELD>\r\n                        \r\n                        <FIELD id=\"radioPhamacoCurrentlyUnderTreatment\" type=\"RadioButtonList\">\r\n                            <PROPERTIES>\r\n                                <PROPERTY name=\"name\">radioPhamacoCurrentlyUnderTreatment</PROPERTY>\r\n                            </PROPERTIES>\r\n                            <LISTITEMS>\r\n                                <LISTITEM value=\"Adequate\" id=\"radioPhamacoCurrentlyUnderTreatment1\" Selected=\"False\">Adequate</LISTITEM>\r\n                                <LISTITEM value=\"Inadequate\" id=\"radioPhamacoCurrentlyUnderTreatment2\" Selected=\"False\">Inadequate</LISTITEM>\r\n                                <LISTITEM value=\"Partial\" id=\"radioPhamacoCurrentlyUnderTreatment3\" Selected=\"False\">Partial</LISTITEM>\r\n                            </LISTITEMS>\r\n                        </FIELD>\r\n                        \r\n                        <FIELD id=\"txtPhamacoSideEffects\" type=\"TextBox\">\r\n                            <PROPERTIES>\r\n                                <PROPERTY name=\"id\">txtPhamacoSideEffects</PROPERTY>\r\n                                <PROPERTY name=\"name\">txtPhamacoSideEffects</PROPERTY>\r\n                                <PROPERTY name=\"class\">form-control</PROPERTY>\r\n                            </PROPERTIES>\r\n                        </FIELD>\r\n                    </COLUMNS>\r\n                </FIELD>\r\n                \r\n                <FIELD id=\"rb_pb_treatmenthistory\" type=\"RadioButtonList\" label=\"Medication Compliance\" >\r\n                    <PROPERTIES>\r\n                        <PROPERTY name=\"name\">rb_pb_treatmenthistory</PROPERTY>\r\n                        <PROPERTY name=\"ToolTip\">\r\n                            In the last 3 monts:\r\n                            Continuous intake=complaint\r\n                            Missed medic for less than 1wk= partially adherent\r\n                            Missed medic for 1wk or more=non-complaint\r\n                            (Criteria used by- Olfson et al,2000)\r\n                        </PROPERTY>\r\n                    </PROPERTIES>\r\n                    <LISTITEMS>\r\n                        <LISTITEM id=\"rb_pb_treatmenthistory1\" value=\"Non-complaint\" Selected=\"False\">Non-complaint</LISTITEM>\r\n                        <LISTITEM id=\"rb_pb_treatmenthistory2\" value=\"Complaint\" Selected=\"False\">Complaint</LISTITEM>\r\n                        <LISTITEM id=\"rb_pb_treatmenthistory3\" value=\"Partially Complaint\" Selected=\"False\">Partially Complaint</LISTITEM>\r\n                    </LISTITEMS>\r\n                </FIELD>\r\n                \r\n                <FIELD type=\"Header2\" label=\"Electro Convulsive therapy\"></FIELD>\r\n                \r\n                <FIELD id=\"previous_ects\" type=\"RadioButtonList\" label=\"Previous ECT\'s\" Backcontrols=\"hide\" Backdivid=\"previous_ects_radio_div\">\r\n                    <PROPERTIES>\r\n                        <PROPERTY name=\"name\">previous_ects</PROPERTY>\r\n                    </PROPERTIES>\r\n                    <LISTITEMS>\r\n                        <LISTITEM value=\"No\" id=\"previous_ects1\"  Selected=\"False\" onclick=\"OThersvisible(this.id,\'previous_ects_radio_div\',\'none\');\">No</LISTITEM>\r\n                        <LISTITEM value=\"Yes\" id=\"previous_ects2\"  Selected=\"False\" onclick=\"OThersvisible(this.id,\'previous_ects_radio_div\',\'block\');\">Yes</LISTITEM>\r\n                    </LISTITEMS>\r\n                    <FIELD id=\"no_of_ects_ddl\" type=\"DropDownList\" label=\"No. of ECT course(s): \">\r\n                        <PROPERTIES>\r\n                            <PROPERTY name=\"id\">no_of_ects_ddl</PROPERTY>\r\n                            <PROPERTY name=\"name\">no_of_ects_ddl</PROPERTY>\r\n                            <PROPERTY name=\"class\">form-control</PROPERTY>\r\n                        </PROPERTIES>\r\n                        <LISTITEMS>\r\n                            <LISTITEM value=\"--Select--\" Selected=\"False\">--Select--</LISTITEM>\r\n                            <LISTITEM value=\"1\" Selected=\"False\">1</LISTITEM>\r\n                            <LISTITEM value=\"2\" Selected=\"False\">2</LISTITEM>\r\n                            <LISTITEM value=\"3\" Selected=\"False\">3</LISTITEM>\r\n                            <LISTITEM value=\"4\" Selected=\"False\">4</LISTITEM>\r\n                            <LISTITEM value=\"5\" Selected=\"False\">5</LISTITEM>\r\n                            <LISTITEM value=\"6\" Selected=\"False\">6</LISTITEM>\r\n                            <LISTITEM value=\"7\" Selected=\"False\">7</LISTITEM>\r\n                            <LISTITEM value=\"8\" Selected=\"False\">8</LISTITEM>\r\n                            <LISTITEM value=\"9\" Selected=\"False\">9</LISTITEM>\r\n                            <LISTITEM value=\"10\" Selected=\"False\">10</LISTITEM>\r\n                            <LISTITEM value=\"11\" Selected=\"False\">11</LISTITEM>\r\n                            <LISTITEM value=\"12\" Selected=\"False\">12</LISTITEM>\r\n                            <LISTITEM value=\"13\" Selected=\"False\">13</LISTITEM>\r\n                            <LISTITEM value=\"14\" Selected=\"False\">14</LISTITEM>\r\n                            <LISTITEM value=\"15\" Selected=\"False\">15</LISTITEM>\r\n                            <LISTITEM value=\"16\" Selected=\"False\">16</LISTITEM>\r\n                            <LISTITEM value=\"17\" Selected=\"False\">17</LISTITEM>\r\n                            <LISTITEM value=\"18\" Selected=\"False\">18</LISTITEM>\r\n                            <LISTITEM value=\"19\" Selected=\"False\">19</LISTITEM>\r\n                            <LISTITEM value=\"20\" Selected=\"False\">20</LISTITEM>\r\n                        </LISTITEMS>\r\n                    </FIELD>\r\n                    \r\n                    <FIELD id=\"average_no_of_ects_ddl\" type=\"DropDownList\" label=\"Average no. of ECT session per course: \">\r\n                        <PROPERTIES>\r\n                            <PROPERTY name=\"id\">average_no_of_ects_ddl</PROPERTY>\r\n                            <PROPERTY name=\"name\">average_no_of_ects_ddl</PROPERTY>\r\n                            <PROPERTY name=\"class\">form-control</PROPERTY>\r\n                        </PROPERTIES>\r\n                        <LISTITEMS>\r\n                            <LISTITEM value=\"--Select--\" Selected=\"False\">--Select--</LISTITEM>\r\n                            <LISTITEM value=\"1\" Selected=\"False\">1</LISTITEM>\r\n                            <LISTITEM value=\"2\" Selected=\"False\">2</LISTITEM>\r\n                            <LISTITEM value=\"3\" Selected=\"False\">3</LISTITEM>\r\n                            <LISTITEM value=\"4\" Selected=\"False\">4</LISTITEM>\r\n                            <LISTITEM value=\"5\" Selected=\"False\">5</LISTITEM>\r\n                            <LISTITEM value=\"6\" Selected=\"False\">6</LISTITEM>\r\n                            <LISTITEM value=\"7\" Selected=\"False\">7</LISTITEM>\r\n                            <LISTITEM value=\"8\" Selected=\"False\">8</LISTITEM>\r\n                            <LISTITEM value=\"9\" Selected=\"False\">9</LISTITEM>\r\n                            <LISTITEM value=\"10\" Selected=\"False\">10</LISTITEM>\r\n                        </LISTITEMS>\r\n                    </FIELD>\r\n                    \r\n                    <FIELD id=\"response_ects_ddl\" type=\"DropDownList\" label=\"Response to ECT (%): \">\r\n                        <PROPERTIES>\r\n                            <PROPERTY name=\"id\">response_ects_ddl</PROPERTY>\r\n                            <PROPERTY name=\"name\">response_ects_ddl</PROPERTY>\r\n                            <PROPERTY name=\"class\">form-control</PROPERTY>\r\n                        </PROPERTIES>\r\n                        <LISTITEMS>\r\n                            <LISTITEM value=\"--Select--\" Selected=\"False\">--Select--</LISTITEM>\r\n                            <LISTITEM value=\"25\" Selected=\"False\">25</LISTITEM>\r\n                            <LISTITEM value=\"50\" Selected=\"False\">50</LISTITEM>\r\n                            <LISTITEM value=\"75\" Selected=\"False\">75</LISTITEM>\r\n                            <LISTITEM value=\"100\" Selected=\"False\">100</LISTITEM>\r\n                        </LISTITEMS>\r\n                    </FIELD>\r\n                </FIELD>\r\n                \r\n                <FIELD type=\"Header2\" label=\"Counselling/Psychotherapy\"></FIELD>\r\n                \r\n                <FIELD id=\"rb_pb_mostrecentepisode\" type=\"RadioButtonList\" label=\"Most recent episode\">\r\n                    <PROPERTIES>\r\n                        <PROPERTY name=\"name\">rb_pb_mostrecentepisode</PROPERTY>\r\n                    </PROPERTIES>\r\n                    <LISTITEMS>\r\n                        <LISTITEM value=\"Yes\" id=\"rb_pb_mostrecentepisode1\" Selected=\"False\">Yes</LISTITEM>\r\n                        <LISTITEM value=\"No\" id=\"rb_pb_mostrecentepisode2\" Selected=\"False\">No</LISTITEM>\r\n                    </LISTITEMS>\r\n                </FIELD>\r\n                \r\n                <FIELD id=\"txt_pb_no_of_sessions\" type=\"TextBox\" label=\"No. of sessions\">\r\n                    <PROPERTIES>\r\n                        <PROPERTY name=\"id\">txt_pb_no_of_sessions</PROPERTY>\r\n                        <PROPERTY name=\"name\">txt_pb_no_of_sessions</PROPERTY>\r\n                        <PROPERTY name=\"class\">form-control</PROPERTY>\r\n                    </PROPERTIES>\r\n                </FIELD>\r\n                \r\n                <FIELD id=\"rb_pb_Response\" type=\"RadioButtonList\" label=\"Response\">\r\n                    <PROPERTIES>\r\n                        <PROPERTY name=\"name\">rb_pb_Response</PROPERTY>\r\n                    </PROPERTIES>\r\n                    <LISTITEMS>\r\n                        <LISTITEM value=\"Adequate\" id=\"rb_pb_Response1\" Selected=\"False\">Adequate</LISTITEM>\r\n                        <LISTITEM value=\"Inadequate\" id=\"rb_pb_Response2\" Selected=\"False\">Inadequate</LISTITEM>\r\n                        <LISTITEM value=\"Partial\" id=\"rb_pb_Response3\" Selected=\"False\">Partial</LISTITEM>\r\n                    </LISTITEMS>\r\n                </FIELD>\r\n                \r\n                <FIELD id=\"rb_pb_Response1\" type=\"RadioButtonList\" label=\"Response1\" Backcontrols=\"hide\" Backdivid=\"rb_pb_Response1_Div\">\r\n                    <PROPERTIES>\r\n                        <PROPERTY name=\"name\">rb_pb_Response1</PROPERTY>\r\n                    </PROPERTIES>\r\n                    <LISTITEMS>\r\n                        <LISTITEM value=\"Completed\" id=\"rb_pb_Response11\" Selected=\"False\" onclick=\"OThersvisible(this.id,\'rb_pb_Response1_Div\',\'none\');\">Completed</LISTITEM>\r\n                        <LISTITEM value=\"Discontinued\" id=\"rb_pb_Response12\" Selected=\"False\" onclick=\"OThersvisible(this.id,\'rb_pb_Response1_Div\',\'block\');\">Discontinued</LISTITEM>\r\n                    </LISTITEMS>\r\n                    <FIELD id=\"txt_pb_reason\" type=\"TextBox\" label=\"Reason: \">\r\n                        <PROPERTIES>\r\n                            <PROPERTY name=\"id\">txt_pb_reason</PROPERTY>\r\n                            <PROPERTY name=\"name\">txt_pb_reason</PROPERTY>\r\n                            <PROPERTY name=\"class\">form-control</PROPERTY>\r\n                        </PROPERTIES>\r\n                    </FIELD>\r\n                </FIELD>\r\n                \r\n                <FIELD type=\"Header2\" label=\"Alternative Therapies\"></FIELD>\r\n                \r\n                <FIELD type=\"RadGrid\" ADDButton=\"True\" ADDButtonID=\"RGaltadd\" AddButtonTableId=\"RGalt\">\r\n                    <PROPERTIES>\r\n                        <PROPERTY name=\"id\">RGalt</PROPERTY>\r\n                        <PROPERTY name=\"class\">table table-bordered</PROPERTY>\r\n                    </PROPERTIES>\r\n                    <HEADER>\r\n                        <TH>Therapy</TH>\r\n                        <TH>Taken</TH>\r\n                        <TH>Currently under treatment</TH>\r\n                    </HEADER>\r\n                    <COLUMNS>\r\n                        <FIELD id=\"ddl_pb_therapy\" type=\"DropDownList\">\r\n                            <PROPERTIES>\r\n                                <PROPERTY name=\"id\">ddl_pb_therapy</PROPERTY>\r\n                                <PROPERTY name=\"name\">ddl_pb_therapy</PROPERTY>\r\n                                <PROPERTY name=\"class\">form-control</PROPERTY>\r\n                            </PROPERTIES>\r\n                            <LISTITEMS>\r\n                                <LISTITEM value=\"--Select--\" Selected=\"False\">--Select--</LISTITEM>\r\n                                <LISTITEM value=\"Magico Religious\" Selected=\"False\">Magico Religious</LISTITEM>\r\n                                <LISTITEM value=\"Homeopathy\" Selected=\"False\">Homeopathy</LISTITEM>\r\n                                <LISTITEM value=\"Ayurveda\" Selected=\"False\">Ayurveda</LISTITEM>\r\n                            </LISTITEMS>\r\n                        </FIELD>\r\n                        \r\n                        <FIELD id=\"radio_pb_taken\" type=\"RadioButtonList\">\r\n                            <PROPERTIES>\r\n                                <PROPERTY name=\"name\">radio_pb_taken</PROPERTY>\r\n                            </PROPERTIES>\r\n                            <LISTITEMS>\r\n                                <LISTITEM value=\"Yes\" id=\"radio_pb_taken1\" Selected=\"False\">Yes</LISTITEM>\r\n                                <LISTITEM value=\"No\" id=\"radio_pb_taken2\" Selected=\"False\">No</LISTITEM>\r\n                            </LISTITEMS>\r\n                        </FIELD>\r\n                        \r\n                        <FIELD id=\"radio_pb_currently_under_taken\" type=\"RadioButtonList\">\r\n                            <PROPERTIES>\r\n                                <PROPERTY name=\"name\">radio_pb_currently_under_taken</PROPERTY>\r\n                            </PROPERTIES>\r\n                            <LISTITEMS>\r\n                                <LISTITEM value=\"Adequate\" id=\"radio_pb_currently_under_taken1\" Selected=\"False\">Adequate</LISTITEM>\r\n                                <LISTITEM value=\"Inadequate\" id=\"radio_pb_currently_under_taken2\" Selected=\"False\">Inadequate</LISTITEM>\r\n                                <LISTITEM value=\"Partial\" id=\"radio_pb_currently_under_taken3\" Selected=\"False\">Partial</LISTITEM>\r\n                            </LISTITEMS>\r\n                        </FIELD>\r\n                    </COLUMNS>\r\n                </FIELD>\r\n                \r\n                <FIELD type=\"Header2\" label=\"Treatment History Notes\"></FIELD>\r\n                \r\n                <FIELD id=\"treatment_history_notes\" type=\"textareaFull\" label=\"Notes\">\r\n                    <PROPERTIES>\r\n                        <PROPERTY name=\"id\">treatment_history_notes</PROPERTY>\r\n                        <PROPERTY name=\"name\">treatment_history_notes</PROPERTY>\r\n                        <PROPERTY name=\"class\">form-control</PROPERTY>\r\n                        <PROPERTY name=\"rows\">6</PROPERTY>\r\n                    </PROPERTIES>\r\n                </FIELD>\r\n            </FIELD>\r\n            \r\n            <FIELD type=\"PanelBar\" label=\"Family History\" target_div=\"family_history\">\r\n                <FIELD id=\"RBtypeoffamily\" type=\"RadioButtonList\" label=\"Type of Family\">\r\n                    <PROPERTIES>\r\n                        <PROPERTY name=\"name\">RBtypeoffamily</PROPERTY>\r\n                    </PROPERTIES>\r\n                    <LISTITEMS>\r\n                        <LISTITEM value=\"Nuclear\" id=\"RBtypeoffamily1\" Selected=\"False\">Nuclear</LISTITEM>\r\n                        <LISTITEM value=\"Joint\" id=\"RBtypeoffamily2\" Selected=\"False\">Joint</LISTITEM>\r\n                    </LISTITEMS>\r\n                </FIELD>\r\n                \r\n                <FIELD id=\"RBtypeofmarriage\" type=\"RadioButtonList\" label=\"Type of Marriage\" Backcontrols=\"hide\" Backdivid=\"RBtypeofmarriageDiv\">\r\n                    <PROPERTIES>\r\n                        <PROPERTY name=\"name\">RBtypeofmarriage</PROPERTY>\r\n                    </PROPERTIES>\r\n                    <LISTITEMS>\r\n                        <LISTITEM value=\"Consanguineous\" id=\"RBtypeofmarriage1\" Selected=\"False\" onclick=\"OThersvisible(this.id,\'RBtypeofmarriageDiv\',\'block\');\">Consanguineous</LISTITEM>\r\n                        <LISTITEM value=\"Non-Consanguineous\" id=\"RBtypeofmarriage2\" Selected=\"False\" onclick=\"OThersvisible(this.id,\'RBtypeofmarriageDiv\',\'none\');\">Non-Consanguineous</LISTITEM>\r\n                    </LISTITEMS>\r\n                    <FIELD id=\"RBdegreeofconsan\" type=\"RadioButtonList\" label=\"Degree of Consanguinity: \">\r\n                        <PROPERTIES>\r\n                            <PROPERTY name=\"name\">RBdegreeofconsan</PROPERTY>\r\n                        </PROPERTIES>\r\n                        <LISTITEMS>\r\n                            <LISTITEM value=\"II\" id=\"RBdegreeofconsan1\" Selected=\"False\">II</LISTITEM>\r\n                            <LISTITEM value=\"III\" id=\"RBdegreeofconsan2\" Selected=\"False\">III</LISTITEM>\r\n                        </LISTITEMS>\r\n                    </FIELD>\r\n                </FIELD>\r\n                \r\n                <FIELD type=\"RadGrid\" ADDButton=\"True\" ADDButtonID=\"RGfamilyadd\" AddButtonTableId=\"RGfamily\">\r\n                    <PROPERTIES>\r\n                        <PROPERTY name=\"id\">RGfamily</PROPERTY>\r\n                        <PROPERTY name=\"class\">table table-bordered</PROPERTY>\r\n                    </PROPERTIES>\r\n                    <HEADER>\r\n                        <TH>Relation</TH>\r\n                        <TH>Illness type</TH>\r\n                        <TH>Treatment</TH>\r\n                    </HEADER>\r\n                    <COLUMNS>\r\n                        <FIELD id=\"ddl_pb_relation\" type=\"DropDownList\">\r\n                            <PROPERTIES>\r\n                                <PROPERTY name=\"id\">ddl_pb_relation</PROPERTY>\r\n                                <PROPERTY name=\"name\">ddl_pb_relation</PROPERTY>\r\n                                <PROPERTY name=\"class\">form-control</PROPERTY>\r\n                            </PROPERTIES>\r\n                            <LISTITEMS>\r\n                                <LISTITEM value=\"--Select--\" Selected=\"False\">--Select--</LISTITEM>\r\n                                <LISTITEM value=\"GrandParents\" Selected=\"False\">GrandParents</LISTITEM>\r\n                                <LISTITEM value=\"Parents\" Selected=\"False\">Parents</LISTITEM>\r\n                                <LISTITEM value=\"Siblings\" Selected=\"False\">Siblings</LISTITEM>\r\n                                <LISTITEM value=\"Spouse\" Selected=\"False\">Spouse</LISTITEM>\r\n                                <LISTITEM value=\"Children\" Selected=\"False\">Children</LISTITEM>\r\n                                <LISTITEM value=\"Uncle/Aunt\" Selected=\"False\">Uncle/Aunt</LISTITEM>\r\n                            </LISTITEMS>\r\n                        </FIELD>\r\n                        \r\n                        <FIELD id=\"radio_pb_illnesstype\" type=\"RadioButtonList\" Backcontrols=\"hide\" Backdivid=\"radio_pb_illnesstype_note_div\">\r\n                            <PROPERTIES>\r\n                                <PROPERTY name=\"name\">radio_pb_illnesstype</PROPERTY>\r\n                            </PROPERTIES>\r\n                            <LISTITEMS>\r\n                                <LISTITEM value=\"Similar Illness\" id=\"radio_pb_illnesstype1\" Selected=\"False\" onclick=\"OThersvisible(this.id,\'radio_pb_illnesstype_note_div\',\'none\');\">Similar Illness</LISTITEM>\r\n                                <LISTITEM value=\"Other Illness\" id=\"radio_pb_illnesstype2\" Selected=\"False\" onclick=\"OThersvisible(this.id,\'radio_pb_illnesstype_note_div\',\'block\');\">Other Illness</LISTITEM>\r\n                            </LISTITEMS>\r\n                            <FIELD id=\"radio_pb_illnesstype_note\" type=\"TextBox\" label=\"Other: \">\r\n                                <PROPERTIES>\r\n                                    <PROPERTY name=\"id\">radio_pb_illnesstype_note</PROPERTY>\r\n                                    <PROPERTY name=\"class\">form-control</PROPERTY>\r\n                                    <PROPERTY name=\"name\">radio_pb_illnesstype_note</PROPERTY>\r\n                                    <PROPERTY name=\"placeholder\">Other</PROPERTY>\r\n                                </PROPERTIES>\r\n                            </FIELD>\r\n                        </FIELD>\r\n                        \r\n                        <FIELD id=\"radio_pb_treatment\" type=\"RadioButtonList\">\r\n                            <PROPERTIES>\r\n                                <PROPERTY name=\"name\">radio_pb_treatment</PROPERTY>\r\n                            </PROPERTIES>\r\n                            <LISTITEMS>\r\n                                <LISTITEM value=\"Treated\" id=\"radio_pb_treatment1\" Selected=\"False\">Treated</LISTITEM>\r\n                                <LISTITEM value=\"Untreated\" id=\"radio_pb_treatment2\" Selected=\"False\">Untreated</LISTITEM>\r\n                            </LISTITEMS>\r\n                        </FIELD>\r\n                    </COLUMNS>\r\n                </FIELD>\r\n                \r\n                <FIELD id=\"RBexpressedemotion\" type=\"RadioButtonList\" label=\"Expressed emotions\">\r\n                    <PROPERTIES>\r\n                        <PROPERTY name=\"name\">RBexpressedemotion</PROPERTY>\r\n                    </PROPERTIES>\r\n                    <LISTITEMS>\r\n                        <LISTITEM value=\"Consanguineous\" id=\"RBexpressedemotion1\" Selected=\"False\">Hostility</LISTITEM>\r\n                        <LISTITEM value=\"Criticality\" id=\"RBexpressedemotion2\" Selected=\"False\">Criticality</LISTITEM>\r\n                        <LISTITEM value=\"Over involvement\" id=\"RBexpressedemotion3\" Selected=\"False\">Over involvement</LISTITEM>\r\n                        <LISTITEM value=\"Warmth\" id=\"RBexpressedemotion4\" Selected=\"False\">Warmth</LISTITEM>\r\n                    </LISTITEMS>\r\n                </FIELD>\r\n                \r\n                <FIELD id=\"history_family\" type=\"textareaFull\" label=\"Notes\">\r\n                    <PROPERTIES>\r\n                        <PROPERTY name=\"id\">history_family</PROPERTY>\r\n                        <PROPERTY name=\"name\">history_family</PROPERTY>\r\n                        <PROPERTY name=\"class\">form-control</PROPERTY>\r\n                        <PROPERTY name=\"rows\">6</PROPERTY>\r\n                    </PROPERTIES>\r\n                </FIELD>\r\n            </FIELD>\r\n            \r\n            <FIELD type=\"PanelBar\" label=\"Personal History\" target_div=\"personal_history\">\r\n                <FIELD type=\"Header2\" label=\"Birth and Development\"></FIELD>\r\n                \r\n                <FIELD id=\"RBpbprenatal\" type=\"RadioButtonList\" label=\"Prenatal\" Backcontrols=\"hide\" Backdivid=\"PrenatalDiv\">\r\n                    <PROPERTIES>\r\n                        <PROPERTY name=\"name\">RBpbprenatal</PROPERTY>\r\n                    </PROPERTIES>\r\n                    <LISTITEMS>\r\n                        <LISTITEM value=\"Uneventful\" id=\"RBpbprenatal1\" Selected=\"False\" onclick=\"OThersvisible(this.id,\'PrenatalDiv\',\'none\');\">Uneventful</LISTITEM>\r\n                        <LISTITEM value=\"Eventful\" id=\"RBpbprenatal2\" Selected=\"False\" onclick=\"OThersvisible(this.id,\'PrenatalDiv\',\'block\');\">Eventful</LISTITEM>\r\n                    </LISTITEMS>\r\n                    <FIELD id=\"prenatalSpecify\" type=\"TextBox\" label=\"Specify: \">\r\n                        <PROPERTIES>\r\n                            <PROPERTY name=\"name\">prenatalSpecify</PROPERTY>\r\n                            <PROPERTY name=\"id\">prenatalSpecify</PROPERTY>\r\n                            <PROPERTY name=\"class\">form-control</PROPERTY> \r\n                        </PROPERTIES>\r\n                    </FIELD>\r\n                </FIELD>\r\n                \r\n                <FIELD id=\"RBpbperinatal\" type=\"RadioButtonList\" label=\"Perinatal\">\r\n                    <PROPERTIES>\r\n                        <PROPERTY name=\"name\">RBpbperinatal</PROPERTY>\r\n                    </PROPERTIES>\r\n                    <LISTITEMS>\r\n                        <LISTITEM value=\"Full Term\" id=\"RBpbperinatal1\" Selected=\"False\">Full Term</LISTITEM>\r\n                        <LISTITEM value=\"Premature\" id=\"RBpbperinatal2\" Selected=\"False\">Premature</LISTITEM>\r\n                        <LISTITEM value=\"Post mature\" id=\"RBpbperinatal3\" Selected=\"False\">Post mature</LISTITEM>\r\n                        <LISTITEM value=\"Delayed\" id=\"RBpbperinatal4\" Selected=\"False\">Delayed</LISTITEM>\r\n                    </LISTITEMS>\r\n                </FIELD>\r\n                \r\n                <FIELD id=\"RBpbperinatal2\" type=\"RadioButtonList\" label=\"Perinatal2\" Backcontrols=\"hide\" Backdivid=\"perinatal2div\">\r\n                    <PROPERTIES>\r\n                        <PROPERTY name=\"name\">RBpbperinatal2</PROPERTY>\r\n                    </PROPERTIES>\r\n                    <LISTITEMS>\r\n                        <LISTITEM value=\"Uneventful\" id=\"RBpbperinatal21\" Selected=\"False\" onclick=\"OThersvisible(this.id,\'perinatal2div\',\'none\');\">Uneventful</LISTITEM>\r\n                        <LISTITEM value=\"Eventful\" id=\"RBpbperinatal22\" Selected=\"False\" onclick=\"OThersvisible(this.id,\'perinatal2div\',\'block\');\">Eventful</LISTITEM>\r\n                    </LISTITEMS>\r\n                    <FIELD id=\"txtPerinatal2\" type=\"TextBox\" label=\"Specify: \">\r\n                        <PROPERTIES>\r\n                            <PROPERTY name=\"name\">txtPerinatal2</PROPERTY>\r\n                            <PROPERTY name=\"id\">txtPerinatal2</PROPERTY>\r\n                            <PROPERTY name=\"class\">form-control</PROPERTY>\r\n                        </PROPERTIES>\r\n                    </FIELD>\r\n                </FIELD>\r\n                \r\n                <FIELD id=\"RBpbmajorillness\" type=\"RadioButtonList\" label=\"Major illness during infancy\" Backcontrols=\"hide\" Backdivid=\"RBpbmajorillnessDiv\">\r\n                    <PROPERTIES>\r\n                        <PROPERTY name=\"name\">RBpbmajorillness</PROPERTY>\r\n                    </PROPERTIES>\r\n                    <LISTITEMS>\r\n                        <LISTITEM value=\"No\" id=\"RBpbmajorillness1\" Selected=\"False\" onclick=\"OThersvisible(this.id,\'RBpbmajorillnessDiv\',\'none\');\">No</LISTITEM>\r\n                        <LISTITEM value=\"Yes\" id=\"RBpbmajorillness2\" Selected=\"False\" onclick=\"OThersvisible(this.id,\'RBpbmajorillnessDiv\',\'block\');\">Yes</LISTITEM>\r\n                    </LISTITEMS>\r\n                    <FIELD id=\"txtRBpbmajorillness\" type=\"TextBox\" label=\"Specify: \">\r\n                        <PROPERTIES>\r\n                            <PROPERTY name=\"id\">txtRBpbmajorillness</PROPERTY>\r\n                            <PROPERTY name=\"name\">txtRBpbmajorillness</PROPERTY>\r\n                            <PROPERTY name=\"class\">form-control</PROPERTY>\r\n                        </PROPERTIES>\r\n                    </FIELD>\r\n                </FIELD>\r\n                \r\n                <FIELD id=\"RBpbimmunizationschedule\" type=\"RadioButtonList\" label=\"Immunization schedule\">\r\n                    <PROPERTIES>\r\n                        <PROPERTY name=\"name\">RBpbimmunizationschedule</PROPERTY>\r\n                    </PROPERTIES>\r\n                    <LISTITEMS>\r\n                        <LISTITEM value=\"Completed\" id=\"RBpbimmunizationschedule1\" Selected=\"False\">Completed</LISTITEM>\r\n                        <LISTITEM value=\"Not Completed\" id=\"RBpbimmunizationschedule2\" Selected=\"False\">Not Completed</LISTITEM>\r\n                    </LISTITEMS>\r\n                </FIELD>\r\n                \r\n                <FIELD id=\"RBpbdevelopmentmilestone\" type=\"RadioButtonList\" label=\"Developmental milestones\" Backcontrols=\"hide\" Backdivid=\"developmentmilestoneDiv\">\r\n                    <PROPERTIES>\r\n                        <PROPERTY name=\"name\">RBpbdevelopmentmilestone</PROPERTY>\r\n                    </PROPERTIES>\r\n                    <LISTITEMS>\r\n                        <LISTITEM value=\"Normal\" id=\"RBpbdevelopmentmilestone1\" Selected=\"False\" onclick=\"OThersvisible(this.id,\'developmentmilestoneDiv\',\'none\');\">Normal</LISTITEM>\r\n                        <LISTITEM value=\"Delayed\" id=\"RBpbdevelopmentmilestone2\" Selected=\"False\" onclick=\"OThersvisible(this.id,\'developmentmilestoneDiv\',\'block\');\">Delayed</LISTITEM>\r\n                    </LISTITEMS>\r\n                    <FIELD id=\"RBdevlopmentmilestonesub\" type=\"RadioButtonList\" label=\"Specify: \" >\r\n                        <PROPERTIES>\r\n                            <PROPERTY name=\"name\">RBdevlopmentmilestonesub</PROPERTY>\r\n                        </PROPERTIES>\r\n                        <LISTITEMS>\r\n                            <LISTITEM value=\"Motor\" id=\"RBdevlopmentmilestonesub1\" Selected=\"False\">Motor</LISTITEM>\r\n                            <LISTITEM value=\"Adaptive\" id=\"RBdevlopmentmilestonesub2\" Selected=\"False\">Adaptive</LISTITEM>\r\n                            <LISTITEM value=\"Speech\" id=\"RBdevlopmentmilestonesub3\" Selected=\"False\">Speech</LISTITEM>\r\n                            <LISTITEM value=\"Social\" id=\"RBdevlopmentmilestonesub4\" Selected=\"False\">Social</LISTITEM>\r\n                        </LISTITEMS>\r\n                    </FIELD>\r\n                </FIELD>\r\n                \r\n                <FIELD id=\"RBpbmajorillnessduringchild\" type=\"RadioButtonList\" label=\"Major physical illness during childhood\" Backcontrols=\"hide\" Backdivid=\"pbmajorillnessduringchildDiv\">\r\n                    <PROPERTIES>\r\n                        <PROPERTY name=\"name\">RBpbmajorillnessduringchild</PROPERTY>\r\n                    </PROPERTIES>\r\n                    <LISTITEMS>\r\n                        <LISTITEM value=\"No\" id=\"RBpbmajorillnessduringchild1\" Selected=\"False\" onclick=\"OThersvisible(this.id,\'pbmajorillnessduringchildDiv\',\'none\');\">No</LISTITEM>\r\n                        <LISTITEM value=\"Yes\" id=\"RBpbmajorillnessduringchild2\" Selected=\"False\" onclick=\"OThersvisible(this.id,\'pbmajorillnessduringchildDiv\',\'block\');\">Yes</LISTITEM>\r\n                    </LISTITEMS>\r\n                    <FIELD id=\"txtpbmajorillnesschild\" type=\"TextBox\" label=\"Specify: \">\r\n                        <PROPERTIES>\r\n                            <PROPERTY name=\"id\">txtpbmajorillnesschild</PROPERTY>\r\n                            <PROPERTY name=\"name\">txtpbmajorillnesschild</PROPERTY>\r\n                            <PROPERTY name=\"class\">form-control</PROPERTY>\r\n                        </PROPERTIES>\r\n                    </FIELD>\r\n                </FIELD>\r\n                \r\n                <FIELD id=\"CBpbemotionalbehaviour\" type=\"CheckBoxList\" label=\"Emotional and behavioural problems during childhood\" Backcontrols=\"hide\" Backdivid=\"TxtpbemotionalbehaviouDiv\">\r\n                    <PROPERTIES>\r\n                        <PROPERTY name=\"name\">CBpbemotionalbehaviour[]</PROPERTY>\r\n                    </PROPERTIES>\r\n                    <LISTITEMS>\r\n                        <LISTITEM value=\"Sleep Walking\" id=\"CBpbemotionalbehaviour1\" Selected=\"False\">Sleep Walking</LISTITEM>\r\n                        <LISTITEM value=\"Temper Tantrums\" id=\"CBpbemotionalbehaviour2\" Selected=\"False\">Temper Tantrums</LISTITEM>\r\n                        <LISTITEM value=\"Stammering\" id=\"CBpbemotionalbehaviour3\" Selected=\"False\">Stammering</LISTITEM>\r\n                        <LISTITEM value=\"Nail biting\" id=\"CBpbemotionalbehaviour4\" Selected=\"False\">Nail biting</LISTITEM>\r\n                        <LISTITEM value=\"Enuresis\" id=\"CBpbemotionalbehaviour5\" Selected=\"False\">Enuresis</LISTITEM>\r\n                        <LISTITEM value=\"Encopresis\" id=\"CBpbemotionalbehaviour6\" Selected=\"False\">Encopresis</LISTITEM>\r\n                        <LISTITEM value=\"Thumb sucking\" id=\"CBpbemotionalbehaviour7\" Selected=\"False\">Thumb sucking</LISTITEM>\r\n                        <LISTITEM value=\"Head banging\" id=\"CBpbemotionalbehaviour8\" Selected=\"False\">Head banging</LISTITEM>\r\n                        <LISTITEM value=\"Nightmares\" id=\"CBpbemotionalbehaviour9\" Selected=\"False\">Nightmares</LISTITEM>\r\n                        <LISTITEM value=\"Seperation anxiety\" id=\"CBpbemotionalbehaviour10\" Selected=\"False\">Seperation anxiety</LISTITEM>\r\n                        <LISTITEM value=\"Conduct problems\" id=\"CBpbemotionalbehaviour11\" Selected=\"False\">Conduct problems</LISTITEM>\r\n                        <LISTITEM value=\"Others\" id=\"CBpbemotionalbehaviour12\" Selected=\"False\" onclick=\"OThersvisible(this.id,\'TxtpbemotionalbehaviouDiv\');\">Others</LISTITEM>\r\n                    </LISTITEMS>\r\n                    <FIELD id=\"Txtpbemotionalbehaviou\" type=\"TextBox\" label=\"Notes: \">\r\n                        <PROPERTIES>\r\n                            <PROPERTY name=\"id\">Txtpbemotionalbehaviou</PROPERTY>\r\n                            <PROPERTY name=\"class\">form-control</PROPERTY>\r\n                            <PROPERTY name=\"name\">Txtpbemotionalbehaviou</PROPERTY>\r\n                            <PROPERTY name=\"placeholder\">Other</PROPERTY>\r\n                        </PROPERTIES>\r\n                    </FIELD>\r\n                </FIELD>\r\n                \r\n                <FIELD id=\"RBpbhomeatmosphere\" type=\"RadioButtonList\" label=\"Home atmosphere during childhood\" Backcontrols=\"hide\" Backdivid=\"pbhomeatmosphereDiv\">\r\n                    <PROPERTIES>\r\n                        <PROPERTY name=\"name\">RBpbhomeatmosphere</PROPERTY>\r\n                    </PROPERTIES>\r\n                    <LISTITEMS>\r\n                        <LISTITEM value=\"Satisfactory\" id=\"RBpbhomeatmosphere1\" Selected=\"False\" onclick=\"OThersvisible(this.id,\'pbhomeatmosphereDiv\',\'none\');\">Satisfactory</LISTITEM>\r\n                        <LISTITEM value=\"Unsatisfactory\" id=\"RBpbhomeatmosphere2\" Selected=\"False\" onclick=\"OThersvisible(this.id,\'pbhomeatmosphereDiv\',\'block\');\">Unsatisfactory</LISTITEM>\r\n                    </LISTITEMS>\r\n                    <FIELD id=\"txtpbhomeatmosphereSpcify\" type=\"TextBox\" label=\"Specify: \">\r\n                        <PROPERTIES>\r\n                            <PROPERTY name=\"id\">txtpbhomeatmosphereSpcify</PROPERTY>\r\n                            <PROPERTY name=\"class\">form-control</PROPERTY>\r\n                            <PROPERTY name=\"name\">txtpbhomeatmosphereSpcify</PROPERTY>\r\n                        </PROPERTIES>\r\n                    </FIELD>\r\n                </FIELD>\r\n                \r\n                <FIELD id=\"CBpbemotionalbehaviouradole\" type=\"CheckBoxList\" label=\"Emotional and behavioural problems during adolescence\" Backcontrols=\"hide\" Backdivid=\"TxtpbemotionalbehaviouradoleDiv\">\r\n                    <PROPERTIES>\r\n                        <PROPERTY name=\"name\">CBpbemotionalbehaviouradole[]</PROPERTY>\r\n                    </PROPERTIES>\r\n                    <LISTITEMS>\r\n                        <LISTITEM value=\"Mood disturbances\" id=\"CBpbemotionalbehaviouradole1\" Selected=\"False\">Mood disturbances</LISTITEM>\r\n                        <LISTITEM value=\"Substance use\" id=\"CBpbemotionalbehaviouradole2\" Selected=\"False\">Substance use</LISTITEM>\r\n                        <LISTITEM value=\"Argumentative\" id=\"CBpbemotionalbehaviouradole3\" Selected=\"False\">Argumentative</LISTITEM>\r\n                        <LISTITEM value=\"Inferiority\" id=\"CBpbemotionalbehaviouradole4\" Selected=\"False\">Inferiority</LISTITEM>\r\n                        <LISTITEM value=\"Conduct problems\" id=\"CBpbemotionalbehaviouradole5\" Selected=\"False\">Conduct problems</LISTITEM>\r\n                        <LISTITEM value=\"Others\" id=\"CBpbemotionalbehaviouradole6\" Selected=\"False\" onclick=\"OThersvisible(this.id,\'TxtpbemotionalbehaviouradoleDiv\');\">Others</LISTITEM>\r\n                    </LISTITEMS>\r\n                    <FIELD id=\"Txtpbemotionalbehaviouradole\" type=\"TextBox\" label=\"Notes: \">\r\n                        <PROPERTIES>\r\n                            <PROPERTY name=\"id\">Txtpbemotionalbehaviouradole</PROPERTY>\r\n                            <PROPERTY name=\"class\">form-control</PROPERTY>\r\n                            <PROPERTY name=\"name\">Txtpbemotionalbehaviouradole</PROPERTY>\r\n                            <PROPERTY name=\"placeholder\">Other</PROPERTY>\r\n                        </PROPERTIES>\r\n                    </FIELD>\r\n                </FIELD>\r\n                \r\n                <FIELD id=\"RBpbhomeatmosphereadole\" type=\"RadioButtonList\" label=\"Home atmosphere during adolescent\" Backcontrols=\"hide\" Backdivid=\"pbhomeatmosphereadoleDiv\">\r\n                    <PROPERTIES>\r\n                        <PROPERTY name=\"name\">RBpbhomeatmosphereadole</PROPERTY>\r\n                    </PROPERTIES>\r\n                    <LISTITEMS>\r\n                        <LISTITEM value=\"Satisfactory\" id=\"RBpbhomeatmosphereadole1\" Selected=\"False\" onclick=\"OThersvisible(this.id,\'pbhomeatmosphereadoleDiv\',\'none\');\">Satisfactory</LISTITEM>\r\n                        <LISTITEM value=\"Unsatisfactory\" id=\"RBpbhomeatmosphereadole2\" Selected=\"False\" onclick=\"OThersvisible(this.id,\'pbhomeatmosphereadoleDiv\',\'block\');\">Unsatisfactory</LISTITEM>\r\n                    </LISTITEMS>\r\n                    <FIELD id=\"txthomeatmosphereadoleSpecify\" type=\"TextBox\" label=\"Specify: \">\r\n                        <PROPERTIES>\r\n                            <PROPERTY name=\"id\">txthomeatmosphereadoleSpecify</PROPERTY>\r\n                            <PROPERTY name=\"class\">form-control</PROPERTY>\r\n                            <PROPERTY name=\"name\">txthomeatmosphereadoleSpecify</PROPERTY>\r\n                        </PROPERTIES>\r\n                    </FIELD>\r\n                </FIELD>\r\n                \r\n                <FIELD id=\"RBpbparentallack\" type=\"RadioButtonList\" label=\"Parental Lack\" Backcontrols=\"hide\" Backdivid=\"parentallackDiv\">\r\n                    <PROPERTIES>\r\n                        <PROPERTY name=\"name\">RBpbparentallack</PROPERTY>\r\n                    </PROPERTIES>\r\n                    <LISTITEMS>\r\n                        <LISTITEM value=\"Mother\" id=\"RBpbparentallack1\" Selected=\"False\" onclick=\"OThersvisible(this.id,\'parentallackDiv\',\'block\');\">Mother</LISTITEM>\r\n                        <LISTITEM value=\"Father\" id=\"RBpbparentallack2\" Selected=\"False\" onclick=\"OThersvisible(this.id,\'parentallackDiv\',\'block\');\">Father</LISTITEM>\r\n                    </LISTITEMS>\r\n                    <FIELD id=\"RBparentallackreason\" type=\"RadioButtonList\" label=\"Reason: \">\r\n                        <PROPERTIES>\r\n                            <PROPERTY name=\"name\">RBparentallackreason</PROPERTY>\r\n                        </PROPERTIES>\r\n                        <LISTITEMS>\r\n                            <LISTITEM value=\"Dead\" id=\"RBparentallackreason1\" Selected=\"False\">Dead</LISTITEM>\r\n                            <LISTITEM value=\"Seperate\" id=\"RBparentallackreason2\" Selected=\"False\">Seperate</LISTITEM>\r\n                        </LISTITEMS>\r\n                    </FIELD>\r\n                </FIELD>\r\n                \r\n                <FIELD id=\"birthdevelopmentnotes\" type=\"textareaFull\" label=\"Notes\">\r\n                    <PROPERTIES>\r\n                        <PROPERTY name=\"id\">birthdevelopmentnotes</PROPERTY>\r\n                        <PROPERTY name=\"name\">birthdevelopmentnotes</PROPERTY>\r\n                        <PROPERTY name=\"class\">form-control</PROPERTY>\r\n                        <PROPERTY name=\"rows\">6</PROPERTY>\r\n                    </PROPERTIES>\r\n                </FIELD>\r\n                \r\n                <FIELD type=\"Header2\" label=\"Education History\"></FIELD>\r\n                \r\n                <FIELD id=\"RBpbbreakstudy\" type=\"RadioButtonList\" label=\"Break in Studies\" Backcontrols=\"hide\" Backdivid=\"breakstudyDiv\">\r\n                    <PROPERTIES>\r\n                        <PROPERTY name=\"name\">RBpbbreakstudy</PROPERTY>\r\n                    </PROPERTIES>\r\n                    <LISTITEMS>\r\n                        <LISTITEM value=\"No\" id=\"RBpbbreakstudy1\" Selected=\"False\" onclick=\"OThersvisible(this.id,\'breakstudyDiv\',\'none\');\">No</LISTITEM>\r\n                        <LISTITEM value=\"Yes\" id=\"RBpbbreakstudy2\" Selected=\"False\" onclick=\"OThersvisible(this.id,\'breakstudyDiv\',\'block\');\">Yes</LISTITEM>\r\n                    </LISTITEMS>\r\n                    <FIELD id=\"txtbreakstudyreason\" type=\"TextBox\" label=\"Reason: \">\r\n                        <PROPERTIES>\r\n                            <PROPERTY name=\"id\">txtbreakstudyreason</PROPERTY>\r\n                            <PROPERTY name=\"class\">form-control</PROPERTY>\r\n                            <PROPERTY name=\"name\">txtbreakstudyreason</PROPERTY>\r\n                            <PROPERTY name=\"placeholder\">Reason</PROPERTY>\r\n                        </PROPERTIES>\r\n                    </FIELD>\r\n                </FIELD>\r\n                \r\n                <FIELD id=\"RBpbfrechangeschool\" type=\"RadioButtonList\" label=\"Frequent change of school\" Backcontrols=\"hide\" Backdivid=\"frechangeschoolDiv\">\r\n                    <PROPERTIES>\r\n                        <PROPERTY name=\"name\">RBpbfrechangeschool</PROPERTY>\r\n                    </PROPERTIES>\r\n                    <LISTITEMS>\r\n                        <LISTITEM value=\"No\" id=\"RBpbfrechangeschool1\" Selected=\"False\" onclick=\"OThersvisible(this.id,\'frechangeschoolDiv\',\'none\');\">No</LISTITEM>\r\n                        <LISTITEM value=\"Yes\" id=\"RBpbfrechangeschool2\" Selected=\"False\" onclick=\"OThersvisible(this.id,\'frechangeschoolDiv\',\'block\');\">Yes</LISTITEM>\r\n                    </LISTITEMS>\r\n                    <FIELD id=\"txtfrechangeschool\" type=\"TextBox\" label=\"Reason: \">\r\n                        <PROPERTIES>\r\n                            <PROPERTY name=\"id\">txtfrechangeschool</PROPERTY>\r\n                            <PROPERTY name=\"name\">txtfrechangeschool</PROPERTY>\r\n                            <PROPERTY name=\"class\">form-control</PROPERTY>\r\n                            <PROPERTY name=\"placeholder\">Reason</PROPERTY>\r\n                        </PROPERTIES>\r\n                    </FIELD>\r\n                </FIELD>\r\n                \r\n                <FIELD id=\"RBpbtypeofschool\" type=\"RadioButtonList\" label=\"Type of school/college\">\r\n                    <PROPERTIES>\r\n                        <PROPERTY name=\"name\">RBpbtypeofschool</PROPERTY>\r\n                    </PROPERTIES>\r\n                    <LISTITEMS>\r\n                        <LISTITEM value=\"Urban\" id=\"RBpbtypeofschool1\" Selected=\"False\">Urban</LISTITEM>\r\n                        <LISTITEM value=\"Rural\" id=\"RBpbtypeofschool2\" Selected=\"False\">Rural</LISTITEM>\r\n                        <LISTITEM value=\"Residental\" id=\"RBpbtypeofschool3\" Selected=\"False\">Residential</LISTITEM>\r\n                        <LISTITEM value=\"Day scholar\" id=\"RBpbtypeofschool4\" Selected=\"False\">Day scholar</LISTITEM>\r\n                    </LISTITEMS>\r\n                </FIELD>\r\n                \r\n                <FIELD id=\"RBpbmedium\" type=\"RadioButtonList\" label=\"Medium\" Backcontrols=\"hide\" Backdivid=\"mediumDiv\">\r\n                    <PROPERTIES>\r\n                        <PROPERTY name=\"name\">RBpbmedium</PROPERTY>\r\n                    </PROPERTIES>\r\n                    <LISTITEMS>\r\n                        <LISTITEM value=\"Tamil\" id=\"RBpbmedium1\" Selected=\"False\" onclick=\"OThersvisible(this.id,\'mediumDiv\',\'none\');\">Tamil</LISTITEM>\r\n                        <LISTITEM value=\"English\" id=\"RBpbmedium2\" Selected=\"False\" onclick=\"OThersvisible(this.id,\'mediumDiv\',\'none\');\">English</LISTITEM>\r\n                        <LISTITEM value=\"Others\" id=\"RBpbmedium3\" Selected=\"False\" onclick=\"OThersvisible(this.id,\'mediumDiv\',\'block\');\">Others</LISTITEM>\r\n                    </LISTITEMS>\r\n                    <FIELD id=\"txtMedium\" type=\"TextBox\" label=\"Specify: \">\r\n                        <PROPERTIES>\r\n                            <PROPERTY name=\"id\">txtMedium</PROPERTY>\r\n                            <PROPERTY name=\"name\">txtMedium</PROPERTY>\r\n                            <PROPERTY name=\"class\">form-control</PROPERTY>\r\n                        </PROPERTIES>\r\n                    </FIELD>\r\n                </FIELD>\r\n                \r\n                <FIELD id=\"RBpbacademicperfor\" type=\"RadioButtonList\" label=\"Academic performance\">\r\n                    <PROPERTIES>\r\n                        <PROPERTY name=\"name\">RBpbacademicperfor</PROPERTY>\r\n                    </PROPERTIES>\r\n                    <LISTITEMS>\r\n                        <LISTITEM value=\"Good\" id=\"RBpbacademicperfor1\" Selected=\"False\">Good</LISTITEM>\r\n                        <LISTITEM value=\"Average\" id=\"RBpbacademicperfor2\" Selected=\"False\">Average</LISTITEM>\r\n                        <LISTITEM value=\"Below average\" id=\"RBpbacademicperfor3\" Selected=\"False\">Below average</LISTITEM>\r\n                        <LISTITEM value=\"Poor\" id=\"RBpbacademicperfor4\" Selected=\"False\">Poor</LISTITEM>\r\n                    </LISTITEMS>\r\n                </FIELD>\r\n                \r\n                <FIELD id=\"RBpbteacherrelation\" type=\"RadioButtonList\" label=\"Relationship with teachers\" Backcontrols=\"hide\" Backdivid=\"teacherrelationDiv\">\r\n                    <PROPERTIES>\r\n                        <PROPERTY name=\"name\">RBpbteacherrelation</PROPERTY>\r\n                    </PROPERTIES>\r\n                    <LISTITEMS>\r\n                        <LISTITEM value=\"Satisfactory\" id=\"RBpbteacherrelation1\" Selected=\"False\" onclick=\"OThersvisible(this.id,\'teacherrelationDiv\',\'none\');\">Satisfactory</LISTITEM>\r\n                        <LISTITEM value=\"Unsatisfactory\" id=\"RBpbteacherrelation2\" Selected=\"False\" onclick=\"OThersvisible(this.id,\'teacherrelationDiv\',\'block\');\">Unsatisfactory</LISTITEM>\r\n                    </LISTITEMS>\r\n                    <FIELD id=\"txtteacherrelationspecify\" type=\"TextBox\" label=\"Specify: \">\r\n                        <PROPERTIES>\r\n                            <PROPERTY name=\"id\">txtteacherrelationspecify</PROPERTY>\r\n                            <PROPERTY name=\"name\">txtteacherrelationspecify</PROPERTY>\r\n                            <PROPERTY name=\"class\">form-control</PROPERTY>\r\n                        </PROPERTIES>\r\n                    </FIELD>\r\n                </FIELD>\r\n                \r\n                <FIELD id=\"RBpbstudentrelation\" type=\"RadioButtonList\" label=\"Relationship with students\" Backcontrols=\"hide\" Backdivid=\"studentrelationDiv\">\r\n                    <PROPERTIES>\r\n                        <PROPERTY name=\"name\">RBpbstudentrelation</PROPERTY>\r\n                    </PROPERTIES>\r\n                    <LISTITEMS>\r\n                        <LISTITEM value=\"Satisfactory\" id=\"RBpbstudentrelation1\" Selected=\"False\" onclick=\"OThersvisible(this.id,\'studentrelationDiv\',\'none\');\">Satisfactory</LISTITEM>\r\n                        <LISTITEM value=\"Unsatisfactory\" id=\"RBpbstudentrelation2\" Selected=\"False\" onclick=\"OThersvisible(this.id,\'studentrelationDiv\',\'block\');\">Unsatisfactory</LISTITEM>\r\n                    </LISTITEMS>\r\n                    <FIELD id=\"txtstudentrelationspecify\" type=\"TextBox\" label=\"Specify: \">\r\n                        <PROPERTIES>\r\n                            <PROPERTY name=\"id\">txtstudentrelationspecify</PROPERTY>\r\n                            <PROPERTY name=\"name\">txtstudentrelationspecify</PROPERTY>\r\n                            <PROPERTY name=\"class\">form-control</PROPERTY>\r\n                        </PROPERTIES>\r\n                    </FIELD>\r\n                </FIELD>\r\n                \r\n                <FIELD id=\"educational_history_notes\" type=\"textareaFull\" label=\"Notes\">\r\n                    <PROPERTIES>\r\n                        <PROPERTY name=\"id\">educational_history_notes</PROPERTY>\r\n                        <PROPERTY name=\"name\">educational_history_notes</PROPERTY>\r\n                        <PROPERTY name=\"class\">form-control</PROPERTY>\r\n                        <PROPERTY name=\"rows\">6</PROPERTY>\r\n                    </PROPERTIES>\r\n                </FIELD>\r\n                \r\n                <FIELD type=\"Header2\" label=\"Occupational History \"></FIELD>\r\n                \r\n                <FIELD id=\"DDLstartedworking\" type=\"DropDownList\" label=\"Started working at\" Backtext=\" Years\">\r\n                    <PROPERTIES>\r\n                        <PROPERTY name=\"id\">DDLstartedworking</PROPERTY>\r\n                        <PROPERTY name=\"name\">DDLstartedworking</PROPERTY>\r\n                        <PROPERTY name=\"class\">form-control</PROPERTY>\r\n                    </PROPERTIES>\r\n                    <LISTITEMS>\r\n                        <LISTITEM value=\"--Select--\" Selected=\"False\">--Select--</LISTITEM>\r\n                        <LISTITEM value=\"10\" Selected=\"False\">10</LISTITEM>\r\n                        <LISTITEM value=\"11\" Selected=\"False\">11</LISTITEM>\r\n                        <LISTITEM value=\"12\" Selected=\"False\">12</LISTITEM>\r\n                        <LISTITEM value=\"13\" Selected=\"False\">13</LISTITEM>\r\n                        <LISTITEM value=\"14\" Selected=\"False\">14</LISTITEM>\r\n                        <LISTITEM value=\"15\" Selected=\"False\">15</LISTITEM>\r\n                        <LISTITEM value=\"16\" Selected=\"False\">16</LISTITEM>\r\n                        <LISTITEM value=\"17\" Selected=\"False\">17</LISTITEM>\r\n                        <LISTITEM value=\"18\" Selected=\"False\">18</LISTITEM>\r\n                        <LISTITEM value=\"19\" Selected=\"False\">19</LISTITEM>\r\n                        <LISTITEM value=\"20\" Selected=\"False\">20</LISTITEM>\r\n                        <LISTITEM value=\"21\" Selected=\"False\">21</LISTITEM>\r\n                        <LISTITEM value=\"22\" Selected=\"False\">22</LISTITEM>\r\n                        <LISTITEM value=\"23\" Selected=\"False\">23</LISTITEM>\r\n                        <LISTITEM value=\"24\" Selected=\"False\">24</LISTITEM>\r\n                        <LISTITEM value=\"25\" Selected=\"False\">25</LISTITEM>\r\n                        <LISTITEM value=\"26\" Selected=\"False\">26</LISTITEM>\r\n                        <LISTITEM value=\"27\" Selected=\"False\">27</LISTITEM>\r\n                        <LISTITEM value=\"28\" Selected=\"False\">28</LISTITEM>\r\n                        <LISTITEM value=\"29\" Selected=\"False\">29</LISTITEM>\r\n                        <LISTITEM value=\"30\" Selected=\"False\">30</LISTITEM>\r\n                        <LISTITEM value=\"31\" Selected=\"False\">31</LISTITEM>\r\n                        <LISTITEM value=\"32\" Selected=\"False\">32</LISTITEM>\r\n                        <LISTITEM value=\"33\" Selected=\"False\">33</LISTITEM>\r\n                        <LISTITEM value=\"34\" Selected=\"False\">34</LISTITEM>\r\n                        <LISTITEM value=\"35\" Selected=\"False\">35</LISTITEM>\r\n                        <LISTITEM value=\"36\" Selected=\"False\">36</LISTITEM>\r\n                        <LISTITEM value=\"37\" Selected=\"False\">37</LISTITEM>\r\n                        <LISTITEM value=\"38\" Selected=\"False\">38</LISTITEM>\r\n                        <LISTITEM value=\"39\" Selected=\"False\">39</LISTITEM>\r\n                        <LISTITEM value=\"40\" Selected=\"False\">40</LISTITEM>\r\n                    </LISTITEMS>\r\n                </FIELD>\r\n                \r\n                <FIELD id=\"RBpbworkrecord\" type=\"RadioButtonList\" label=\"Work Record\" Backcontrols=\"hide\" Backdivid=\"workrecordDiv\">\r\n                    <PROPERTIES>\r\n                        <PROPERTY name=\"name\">RBpbworkrecord</PROPERTY>\r\n                    </PROPERTIES>\r\n                    <LISTITEMS>\r\n                        <LISTITEM value=\"Satisfactory\" id=\"RBpbworkrecord1\" Selected=\"False\" onclick=\"OThersvisible(this.id,\'workrecordDiv\',\'none\');\">Satisfactory</LISTITEM>\r\n                        <LISTITEM value=\"Unsatisfactory\" id=\"RBpbworkrecord2\" Selected=\"False\" onclick=\"OThersvisible(this.id,\'workrecordDiv\',\'block\');\">Unsatisfactory</LISTITEM>\r\n                    </LISTITEMS>\r\n                    <FIELD id=\"txtworkrecordspecify\" type=\"TextBox\" label=\"Specify: \">\r\n                        <PROPERTIES>\r\n                            <PROPERTY name=\"id\">txtworkrecordspecify</PROPERTY>\r\n                            <PROPERTY name=\"name\">txtworkrecordspecify</PROPERTY>\r\n                            <PROPERTY name=\"class\">form-control</PROPERTY>\r\n                        </PROPERTIES>\r\n                    </FIELD>\r\n                </FIELD>\r\n                \r\n                <FIELD id=\"RBfreqchangeofjob\" type=\"RadioButtonList\" label=\"Frequent change of jobs\" Backcontrols=\"hide\" Backdivid=\"freqchangeofjobDiv\">\r\n                    <PROPERTIES>\r\n                        <PROPERTY name=\"name\">RBfreqchangeofjob</PROPERTY>\r\n                    </PROPERTIES>\r\n                    <LISTITEMS>\r\n                        <LISTITEM value=\"No\" id=\"RBfreqchangeofjob1\" Selected=\"False\" onclick=\"OThersvisible(this.id,\'freqchangeofjobDiv\',\'none\');\">No</LISTITEM>\r\n                        <LISTITEM value=\"Yes\" id=\"RBfreqchangeofjob2\" Selected=\"False\" onclick=\"OThersvisible(this.id,\'freqchangeofjobDiv\',\'block\');\">Yes</LISTITEM>\r\n                    </LISTITEMS>\r\n                    <FIELD id=\"CBreasonforchange\" type=\"CheckBoxList\" label=\"Reason for change: \">\r\n                        <PROPERTIES>\r\n                            <PROPERTY name=\"name\">CBreasonforchange[]</PROPERTY>\r\n                        </PROPERTIES>\r\n                        <LISTITEMS>\r\n                            <LISTITEM value=\"Better\" id=\"CBreasonforchange1\" Selected=\"False\">Better</LISTITEM>\r\n                            <LISTITEM value=\"Opportunity\" id=\"CBreasonforchange2\" Selected=\"False\">Opportunity</LISTITEM>\r\n                            <LISTITEM value=\"Better Income\" id=\"CBreasonforchange3\" Selected=\"False\">Better Income</LISTITEM>\r\n                            <LISTITEM value=\"Termination\" id=\"CBreasonforchange4\" Selected=\"False\">Termination</LISTITEM>\r\n                            <LISTITEM value=\"Illness\" id=\"CBreasonforchange5\" Selected=\"False\">Illness</LISTITEM>\r\n                            <LISTITEM value=\"Others\" id=\"CBreasonforchange6\" Selected=\"False\" onclick=\"OThersvisible(this.id,\'txtreasonforchangeother\');\">Others</LISTITEM>\r\n                        </LISTITEMS>\r\n                        <FIELD id=\"txtreasonforchangeother\" type=\"TextBox\">\r\n                            <PROPERTIES>\r\n                                <PROPERTY name=\"id\">txtreasonforchangeother</PROPERTY>\r\n                                <PROPERTY name=\"class\">form-control hide</PROPERTY>\r\n                                <PROPERTY name=\"name\">txtreasonforchangeother</PROPERTY>\r\n                                <PROPERTY name=\"placeholder\">Others</PROPERTY>\r\n                            </PROPERTIES>\r\n                        </FIELD>\r\n                    </FIELD>\r\n                </FIELD>\r\n                \r\n                <FIELD id=\"occupational_history_notes\" type=\"textareaFull\" label=\"Notes\">\r\n                    <PROPERTIES>\r\n                        <PROPERTY name=\"id\">occupational_history_notes</PROPERTY>\r\n                        <PROPERTY name=\"name\">occupational_history_notes</PROPERTY>\r\n                        <PROPERTY name=\"class\">form-control</PROPERTY>\r\n                        <PROPERTY name=\"rows\">6</PROPERTY>\r\n                    </PROPERTIES>\r\n                </FIELD>\r\n                \r\n                <FIELD type=\"Header2\" label=\"Menstrual History\"></FIELD>\r\n                \r\n                <FIELD id=\"txtMenarche\" type=\"TextBox\" label=\"Menarche\" Backtext=\"Years\">\r\n                    <PROPERTIES>\r\n                        <PROPERTY name=\"id\">txtMenarche</PROPERTY>\r\n                        <PROPERTY name=\"name\">txtMenarche</PROPERTY>\r\n                        <PROPERTY name=\"class\">form-control</PROPERTY>\r\n                    </PROPERTIES>\r\n                </FIELD>\r\n                \r\n                <FIELD id=\"RBRegularity\" type=\"RadioButtonList\" label=\"Regularity\" Backcontrols=\"hide\" Backdivid=\"RegularityDiv\">\r\n                    <PROPERTIES>\r\n                        <PROPERTY name=\"name\">RBRegularity</PROPERTY>\r\n                    </PROPERTIES>\r\n                    <LISTITEMS>\r\n                        <LISTITEM value=\"Regular\" id=\"RBRegularity1\" Selected=\"False\" onclick=\"OThersvisible(this.id,\'RegularityDiv\',\'none\');\">Regular</LISTITEM>\r\n                        <LISTITEM value=\"Irregular\" id=\"RBRegularity2\" Selected=\"False\" onclick=\"OThersvisible(this.id,\'RegularityDiv\',\'block\');\">Irregular</LISTITEM>\r\n                    </LISTITEMS>\r\n                    <FIELD id=\"RBRegularity1\" type=\"RadioButtonList\" label=\"Reason: \">\r\n                        <PROPERTIES>\r\n                            <PROPERTY name=\"name\">RBRegularity1</PROPERTY>\r\n                        </PROPERTIES>\r\n                        <LISTITEMS>\r\n                            <LISTITEM value=\"Premenstrual Dysphoria\" id=\"RBRegularity11\" Selected=\"False\">Premenstrual Dysphoria</LISTITEM>\r\n                            <LISTITEM value=\"Post menopausal Dysphoria\" id=\"RBRegularity12\" Selected=\"False\">Post menopausal Dysphoria</LISTITEM>\r\n                        </LISTITEMS>\r\n                    </FIELD>\r\n                </FIELD>\r\n                \r\n                <FIELD id=\"txtLMP\" type=\"TextBox\" label=\"LMP\">\r\n                    <PROPERTIES>\r\n                        <PROPERTY name=\"id\">txtLMP</PROPERTY>\r\n                        <PROPERTY name=\"name\">txtLMP</PROPERTY>\r\n                        <PROPERTY name=\"class\">form-control</PROPERTY>\r\n                        <PROPERTY name=\"onkeydown\">return isNumericKeyStroke(event)</PROPERTY>\r\n                        <PROPERTY name=\"maxlength\">3</PROPERTY>\r\n                        <PROPERTY name=\"title\">Type only numbers</PROPERTY>\r\n                    </PROPERTIES>\r\n                </FIELD>\r\n                \r\n                <FIELD id=\"txtMenopause\" type=\"TextBox\" label=\"Menopause\" Backtext=\"Years\">\r\n                    <PROPERTIES>\r\n                        <PROPERTY name=\"id\">txtMenopause</PROPERTY>\r\n                        <PROPERTY name=\"name\">txtMenopause</PROPERTY>\r\n                        <PROPERTY name=\"class\">form-control</PROPERTY>\r\n                        <PROPERTY name=\"onkeydown\">return isNumericKeyStroke(event)</PROPERTY>\r\n                        <PROPERTY name=\"maxlength\">3</PROPERTY>\r\n                        <PROPERTY name=\"title\">Type only numbers</PROPERTY>\r\n                    </PROPERTIES>\r\n                </FIELD>\r\n                \r\n                <FIELD type=\"Header2\" label=\"Marital History\"></FIELD>\r\n                \r\n                <FIELD id=\"txtDurationofMarriage\" type=\"TextBoxDDL\" label=\"Duration of Marriage\">\r\n                    <PROPERTIES>\r\n                        <PROPERTY name=\"id\">txtDurationofMarriage</PROPERTY>\r\n                        <PROPERTY name=\"name\">txtDurationofMarriage</PROPERTY>\r\n                        <PROPERTY name=\"class\">form-control</PROPERTY>\r\n                        <PROPERTY name=\"onkeydown\">return isNumericKeyStroke(event)</PROPERTY>\r\n                    </PROPERTIES>\r\n                    <FIELD id=\"DDLDurationofMarriage\" type=\"DropDownList\">\r\n                        <PROPERTIES>\r\n                            <PROPERTY name=\"id\">DDLDurationofMarriage</PROPERTY>\r\n                            <PROPERTY name=\"name\">DDLDurationofMarriage</PROPERTY>\r\n                            <PROPERTY name=\"class\">form-control</PROPERTY>\r\n                        </PROPERTIES>\r\n                        <LISTITEMS>\r\n                            <LISTITEM value=\"Yrs\" Selected=\"True\">Yrs</LISTITEM>\r\n                            <LISTITEM value=\"Months\" Selected=\"False\">Months</LISTITEM>\r\n                            <LISTITEM value=\"Weeks\" Selected=\"False\">Weeks</LISTITEM>\r\n                            <LISTITEM value=\"Days\" Selected=\"False\">Days</LISTITEM>\r\n                        </LISTITEMS>\r\n                    </FIELD>\r\n                </FIELD>\r\n                \r\n                <FIELD id=\"txtAgeofMarriage\" type=\"TextBoxDDL\" label=\"Age of Marriage\">\r\n                    <PROPERTIES>\r\n                        <PROPERTY name=\"id\">txtAgeofMarriage</PROPERTY>\r\n                        <PROPERTY name=\"name\">txtAgeofMarriage</PROPERTY>\r\n                        <PROPERTY name=\"class\">form-control</PROPERTY>\r\n                        <PROPERTY name=\"onkeydown\">return isNumericKeyStroke(event)</PROPERTY>\r\n                    </PROPERTIES>\r\n                    <FIELD id=\"DDLAgeofMarriage\" type=\"DropDownList\">\r\n                        <PROPERTIES>\r\n                            <PROPERTY name=\"id\">DDLAgeofMarriage</PROPERTY>\r\n                            <PROPERTY name=\"name\">DDLAgeofMarriage</PROPERTY>\r\n                            <PROPERTY name=\"class\">form-control</PROPERTY>\r\n                        </PROPERTIES>\r\n                        <LISTITEMS>\r\n                            <LISTITEM value=\"Yrs\" Selected=\"True\">Yrs</LISTITEM>\r\n                            <LISTITEM value=\"Months\" Selected=\"False\">Months</LISTITEM>\r\n                            <LISTITEM value=\"Weeks\" Selected=\"False\">Weeks</LISTITEM>\r\n                            <LISTITEM value=\"Days\" Selected=\"False\">Days</LISTITEM>\r\n                        </LISTITEMS>\r\n                    </FIELD>\r\n                </FIELD>\r\n                \r\n                <FIELD id=\"RBtype\" type=\"RadioButtonList\" label=\"Type\">\r\n                    <PROPERTIES>\r\n                        <PROPERTY name=\"name\">RBtype</PROPERTY>\r\n                    </PROPERTIES>\r\n                    <LISTITEMS>\r\n                        <LISTITEM value=\"Arrange\" id=\"RBtype1\" Selected=\"False\">Arranged</LISTITEM>\r\n                        <LISTITEM value=\"By choice\" id=\"RBtype2\" Selected=\"False\">By choice</LISTITEM>\r\n                    </LISTITEMS>\r\n                </FIELD>\r\n                \r\n                <FIELD id=\"RBmaritalsexualsatisfac\" type=\"RadioButtonList\" label=\"Marital and Sexual satisfaction\">\r\n                    <PROPERTIES>\r\n                        <PROPERTY name=\"name\">RBmaritalsexualsatisfac</PROPERTY>\r\n                    </PROPERTIES>\r\n                    <LISTITEMS>\r\n                        <LISTITEM value=\"Statisfactory\" id=\"RBmaritalsexualsatisfac1\" Selected=\"False\">Statisfactory</LISTITEM>\r\n                        <LISTITEM value=\"Unsatisfactory\" id=\"RBmaritalsexualsatisfac2\" Selected=\"False\">Unsatisfactory</LISTITEM>\r\n                        <LISTITEM value=\"Neutral\" id=\"RBmaritalsexualsatisfac3\" Selected=\"False\">Neutral</LISTITEM>\r\n                    </LISTITEMS>\r\n                </FIELD>\r\n                \r\n                <FIELD id=\"RBhistoryof\" type=\"RadioButtonList\" label=\"History of\">\r\n                    <PROPERTIES>\r\n                        <PROPERTY name=\"name\">RBhistoryof</PROPERTY>\r\n                    </PROPERTIES>\r\n                    <LISTITEMS>\r\n                        <LISTITEM value=\"Seperation\" id=\"RBhistoryof1\" Selected=\"False\">Separation</LISTITEM>\r\n                        <LISTITEM value=\"Divorce\" id=\"RBhistoryof2\" Selected=\"False\">Divorce</LISTITEM>\r\n                    </LISTITEMS>\r\n                </FIELD>\r\n                \r\n                <FIELD id=\"RBknowledgeofspouse\" type=\"RadioButtonList\" label=\"Knowledge of spouse about patient\'s illness prior to marriage\">\r\n                    <PROPERTIES>\r\n                        <PROPERTY name=\"name\">RBknowledgeofspouse</PROPERTY>\r\n                    </PROPERTIES>\r\n                    <LISTITEMS>\r\n                        <LISTITEM value=\"Yes\" id=\"RBknowledgeofspouse1\" Selected=\"False\">Yes</LISTITEM>\r\n                        <LISTITEM value=\"No\" id=\"RBknowledgeofspouse2\" Selected=\"False\">No</LISTITEM>\r\n                    </LISTITEMS>\r\n                </FIELD>\r\n                \r\n                <FIELD id=\"martial_history\" type=\"textareaFull\" label=\"Notes\">\r\n                    <PROPERTIES>\r\n                        <PROPERTY name=\"id\">martial_history</PROPERTY>\r\n                        <PROPERTY name=\"name\">martial_history</PROPERTY>\r\n                        <PROPERTY name=\"class\">form-control</PROPERTY>\r\n                        <PROPERTY name=\"rows\">6</PROPERTY>\r\n                    </PROPERTIES>\r\n                </FIELD>\r\n                \r\n                <FIELD type=\"Header2\" label=\"Sexual History\"></FIELD>\r\n                \r\n                <FIELD id=\"RBorientationSexual\" type=\"RadioButtonList\" label=\"Orientation\">\r\n                    <PROPERTIES>\r\n                        <PROPERTY name=\"name\">RBorientationSexual</PROPERTY>\r\n                    </PROPERTIES>\r\n                    <LISTITEMS>\r\n                        <LISTITEM value=\"Same Sex\" id=\"RBorientationSexual1\" Selected=\"False\">Same Sex</LISTITEM>\r\n                        <LISTITEM value=\"Opposite Sex\" id=\"RBorientationSexual2\" Selected=\"False\">Opposite Sex</LISTITEM>\r\n                    </LISTITEMS>\r\n                </FIELD>\r\n                \r\n                <FIELD id=\"CBsexualfunctioning\" type=\"CheckBoxList\" label=\"Sexual Functioning\">\r\n                    <PROPERTIES>\r\n                        <PROPERTY name=\"name\">CBsexualfunctioning[]</PROPERTY>\r\n                    </PROPERTIES>\r\n                    <LISTITEMS>\r\n                        <LISTITEM value=\"Premarital relationships\" id=\"CBsexualfunctioning1\" Selected=\"False\">Premarital relationships</LISTITEM>\r\n                        <LISTITEM value=\"Extra marital relationships\" id=\"CBsexualfunctioning2\" Selected=\"False\">Extra marital relationships</LISTITEM>\r\n                        <LISTITEM value=\"Hyper sexulaity\" id=\"CBsexualfunctioning3\" Selected=\"False\">Hyper sexuality</LISTITEM>\r\n                        <LISTITEM value=\"Hypo sexuality\" id=\"CBsexualfunctioning4\" Selected=\"False\">Hypo sexuality</LISTITEM>\r\n                        <LISTITEM value=\"Sexual Aversion\" id=\"CBsexualfunctioning5\" Selected=\"False\">Sexual Aversion</LISTITEM>\r\n                        <LISTITEM value=\"Loss of libido\" id=\"CBsexualfunctioning6\" Selected=\"False\">Loss of libido</LISTITEM>\r\n                        <LISTITEM value=\"Erectile dysfunction\" id=\"CBsexualfunctioning7\" Selected=\"False\">Erectile dysfunction</LISTITEM>\r\n                        <LISTITEM value=\"Masturbation guilt\" id=\"CBsexualfunctioning8\" Selected=\"False\">Masturbation guilt</LISTITEM>\r\n                        <LISTITEM value=\"Premature ejaculation\" id=\"CBsexualfunctioning9\" Selected=\"False\">Premature ejaculation</LISTITEM>\r\n                        <LISTITEM value=\"Dyspareunia\" id=\"CBsexualfunctioning10\" Selected=\"False\">Dyspareunia</LISTITEM>\r\n                        <LISTITEM value=\"Vaginismus\" id=\"CBsexualfunctioning11\" Selected=\"False\">Vaginismus</LISTITEM>\r\n                    </LISTITEMS>\r\n                </FIELD>\r\n                \r\n                <FIELD id=\"CBparaphilias\" type=\"CheckBoxList\" label=\"Paraphilias\">\r\n                    <PROPERTIES>\r\n                        <PROPERTY name=\"name\">CBparaphilias[]</PROPERTY>\r\n                    </PROPERTIES>\r\n                    <LISTITEMS>\r\n                        <LISTITEM value=\"Exhibitionism\" id=\"CBparaphilias1\" Selected=\"False\">Exhibitionism</LISTITEM>\r\n                        <LISTITEM value=\"Fetishism\" id=\"CBparaphilias2\" Selected=\"False\">Fetishism</LISTITEM>\r\n                        <LISTITEM value=\"Frotteruism\" id=\"CBparaphilias3\" Selected=\"False\">Frotteruism</LISTITEM>\r\n                        <LISTITEM value=\"Pedophillia\" id=\"CBparaphilias4\" Selected=\"False\">Pedophillia</LISTITEM>\r\n                        <LISTITEM value=\"Sexual Sadism\" id=\"CBparaphilias5\" Selected=\"False\">Sexual Sadism</LISTITEM>\r\n                        <LISTITEM value=\"Sexual Machoism\" id=\"CBparaphilias6\" Selected=\"False\">Sexual Machoism</LISTITEM>\r\n                        <LISTITEM value=\"Voyerism\" id=\"CBparaphilias7\" Selected=\"False\">Voyerism</LISTITEM>\r\n                        <LISTITEM value=\"Transvestism\" id=\"CBparaphilias8\" Selected=\"False\">Transvestism</LISTITEM>\r\n                        <LISTITEM value=\"GID\" id=\"CBparaphilias9\" Selected=\"False\">GID</LISTITEM>\r\n                        <LISTITEM value=\"Bestiality\" id=\"CBparaphilias10\" Selected=\"False\">Bestiality</LISTITEM>\r\n                        <LISTITEM value=\"Masochism\" id=\"CBparaphilias11\" Selected=\"False\">Masochism</LISTITEM>\r\n                    </LISTITEMS>\r\n                </FIELD>\r\n                \r\n                <FIELD id=\"sexual_history_notes\" type=\"textareaFull\" label=\"Notes\">\r\n                    <PROPERTIES>\r\n                        <PROPERTY name=\"id\">sexual_history_notes</PROPERTY>\r\n                        <PROPERTY name=\"name\">sexual_history_notes</PROPERTY>\r\n                        <PROPERTY name=\"class\">form-control</PROPERTY>\r\n                        <PROPERTY name=\"rows\">6</PROPERTY>\r\n                    </PROPERTIES>\r\n                </FIELD>\r\n                \r\n                <FIELD type=\"Header2\" label=\"Substance History\"></FIELD>\r\n                \r\n                <FIELD type=\"RadGrid\" ADDButton=\"True\" ADDButtonID=\"RGSubsadd\" AddButtonTableId=\"RGSubs\">\r\n                    <PROPERTIES>\r\n                        <PROPERTY name=\"id\">RGSubs</PROPERTY>\r\n                        <PROPERTY name=\"class\">table table-bordered</PROPERTY>\r\n                    </PROPERTIES>\r\n                    <HEADER>\r\n                        <TH>Substance</TH>\r\n                        <TH>Duration</TH>\r\n                        <TH>Pattern</TH>\r\n                    </HEADER>\r\n                    <COLUMNS>\r\n                        <FIELD id=\"ddl_pb_substance\" type=\"DropDownList\">\r\n                            <PROPERTIES>\r\n                                <PROPERTY name=\"id\">ddl_pb_substance</PROPERTY>\r\n                                <PROPERTY name=\"name\">ddl_pb_substance</PROPERTY>\r\n                                <PROPERTY name=\"class\">form-control</PROPERTY>\r\n                            </PROPERTIES>\r\n                            <LISTITEMS>\r\n                                <LISTITEM value=\"--Select--\" Selected=\"False\">--Select--</LISTITEM>\r\n                                <LISTITEM value=\"Smoking\" Selected=\"False\">Smoking</LISTITEM>\r\n                                <LISTITEM value=\"Alcohol\" Selected=\"False\">Alcohol</LISTITEM>\r\n                                <LISTITEM value=\"Cannabis\" Selected=\"False\">Cannabis</LISTITEM>\r\n                                <LISTITEM value=\"Solvents/Inhalants\" Selected=\"False\">Solvents/Inhalants</LISTITEM>\r\n                                <LISTITEM value=\"Others\" Selected=\"False\">Others</LISTITEM>\r\n                            </LISTITEMS>\r\n                        </FIELD>\r\n                        \r\n                        <FIELD id=\"txtPBDuration\" type=\"TextBoxDDL\">\r\n                            <PROPERTIES>\r\n                                <PROPERTY name=\"id\">txtPBDuration</PROPERTY>\r\n                                <PROPERTY name=\"onkeydown\">return isNumericKeyStroke(event)</PROPERTY>\r\n                                <PROPERTY name=\"name\">txtPBDuration</PROPERTY>\r\n                                <PROPERTY name=\"class\">form-control</PROPERTY>\r\n                            </PROPERTIES>\r\n                            <FIELD id=\"DDLPBDuration\" type=\"DropDownList\">\r\n                                <PROPERTIES>\r\n                                    <PROPERTY name=\"id\">DDLPBDuration</PROPERTY>\r\n                                    <PROPERTY name=\"name\">DDLPBDuration</PROPERTY>\r\n                                    <PROPERTY name=\"class\">form-control</PROPERTY>\r\n                                </PROPERTIES>\r\n                                <LISTITEMS>\r\n                                    <LISTITEM value=\"Yrs\" Selected=\"False\">Yrs</LISTITEM>\r\n                                    <LISTITEM value=\"Months\" Selected=\"False\">Months</LISTITEM>\r\n                                    <LISTITEM value=\"Weeks\" Selected=\"False\">Weeks</LISTITEM>\r\n                                    <LISTITEM value=\"Days\" Selected=\"False\">Days</LISTITEM>\r\n                                </LISTITEMS>\r\n                            </FIELD>\r\n                        </FIELD>\r\n                        \r\n                        <FIELD id=\"CBPBpattern\" type=\"CheckBoxList\">\r\n                            <PROPERTIES>\r\n                                <PROPERTY name=\"name\">CBPBpattern[]</PROPERTY>\r\n                            </PROPERTIES>\r\n                            <LISTITEMS>\r\n                                <LISTITEM value=\"Use\" id=\"CBPBpattern1\" Selected=\"False\">Use</LISTITEM>\r\n                                <LISTITEM value=\"Abuse\" id=\"CBPBpattern2\" Selected=\"False\">Abuse</LISTITEM>\r\n                                <LISTITEM value=\"Dependence\" id=\"CBPBpattern3\" Selected=\"False\">Dependence</LISTITEM>\r\n                            </LISTITEMS>\r\n                        </FIELD>\r\n                    </COLUMNS>\r\n                </FIELD>\r\n                \r\n                <FIELD id=\"substance_history_notes\" type=\"textareaFull\" label=\"Notes\">\r\n                    <PROPERTIES>\r\n                        <PROPERTY name=\"id\">substance_history_notes</PROPERTY>\r\n                        <PROPERTY name=\"name\">substance_history_notes</PROPERTY>\r\n                        <PROPERTY name=\"class\">form-control</PROPERTY>\r\n                        <PROPERTY name=\"rows\">6</PROPERTY>\r\n                    </PROPERTIES>\r\n                </FIELD>\r\n                \r\n                <FIELD type=\"Header2\" label=\"Premorbid Personality\"></FIELD>\r\n                \r\n                <FIELD id=\"CBattitudetoself\" type=\"CheckBoxList\" label=\"Attitude to self\">\r\n                    <PROPERTIES>\r\n                        <PROPERTY name=\"name\">CBattitudetoself[]</PROPERTY>\r\n                    </PROPERTIES>\r\n                    <LISTITEMS>\r\n                        <LISTITEM value=\"Ego centric\" id=\"CBattitudetoself1\" Selected=\"False\">Ego centric</LISTITEM>\r\n                        <LISTITEM value=\"Selfish\" id=\"CBattitudetoself2\" Selected=\"False\">Selfish</LISTITEM>\r\n                        <LISTITEM value=\"Dramatizing\" id=\"CBattitudetoself3\" Selected=\"False\">Dramatizing</LISTITEM>\r\n                        <LISTITEM value=\"Critical\" id=\"CBattitudetoself4\" Selected=\"False\">Critical</LISTITEM>\r\n                        <LISTITEM value=\"Self-consicious\" id=\"CBattitudetoself5\" Selected=\"False\">Self-conscious</LISTITEM>\r\n                        <LISTITEM value=\"Satisfied\" id=\"CBattitudetoself6\" Selected=\"False\">Satisfied</LISTITEM>\r\n                        <LISTITEM value=\"Over concerned\" id=\"CBattitudetoself7\" Selected=\"False\">Over concerned</LISTITEM>\r\n                    </LISTITEMS>\r\n                </FIELD>\r\n                \r\n                <FIELD id=\"CBmoralreligiousattitude\" type=\"CheckBoxList\" label=\"Moral and Religious attitude\">\r\n                    <PROPERTIES>\r\n                        <PROPERTY name=\"name\">CBmoralreligiousattitude[]</PROPERTY>\r\n                    </PROPERTIES>\r\n                    <LISTITEMS>\r\n                        <LISTITEM value=\"Evidence of rigidity\" id=\"CBmoralreligiousattitude1\" Selected=\"False\">Evidence of rigidity</LISTITEM>\r\n                        <LISTITEM value=\"Compliance\" id=\"CBmoralreligiousattitude2\" Selected=\"False\">Compliance</LISTITEM>\r\n                        <LISTITEM value=\"Permissiveness\" id=\"CBmoralreligiousattitude3\" Selected=\"False\">Permissiveness</LISTITEM>\r\n                        <LISTITEM value=\"Over conscientiousness\" id=\"CBmoralreligiousattitude4\" Selected=\"False\">Over conscientiousness</LISTITEM>\r\n                        <LISTITEM value=\"Rebellious\" id=\"CBmoralreligiousattitude5\" Selected=\"False\">Rebellious</LISTITEM>\r\n                    </LISTITEMS>\r\n                </FIELD>\r\n                \r\n                <FIELD id=\"CBsocialrelationships\" type=\"CheckBoxList\" label=\"Social relationships\">\r\n                    <PROPERTIES>\r\n                        <PROPERTY name=\"name\">CBsocialrelationships[]</PROPERTY>\r\n                    </PROPERTIES>\r\n                    <LISTITEMS>\r\n                        <LISTITEM value=\"Leader\" id=\"CBsocialrelationships1\" Selected=\"False\">Leader</LISTITEM>\r\n                        <LISTITEM value=\"Follower\" id=\"CBsocialrelationships2\" Selected=\"False\">Follower</LISTITEM>\r\n                        <LISTITEM value=\"Organiser\" id=\"CBsocialrelationships3\" Selected=\"False\">Organiser</LISTITEM>\r\n                        <LISTITEM value=\"Aggressive\" id=\"CBsocialrelationships4\" Selected=\"False\">Aggressive</LISTITEM>\r\n                        <LISTITEM value=\"Submissive\" id=\"CBsocialrelationships5\" Selected=\"False\">Submissive</LISTITEM>\r\n                        <LISTITEM value=\"Ambitious\" id=\"CBsocialrelationships6\" Selected=\"False\">Ambitious</LISTITEM>\r\n                        <LISTITEM value=\"Adjustable\" id=\"CBsocialrelationships7\" Selected=\"False\">Adjustable</LISTITEM>\r\n                        <LISTITEM value=\"Independent\" id=\"CBsocialrelationships8\" Selected=\"False\">Independent</LISTITEM>\r\n                    </LISTITEMS>\r\n                </FIELD>\r\n                \r\n                <FIELD id=\"CBmood\"  type=\"CheckBoxList\" label=\"Mood\">\r\n                    <PROPERTIES>\r\n                        <PROPERTY name=\"name\">CBmood[]</PROPERTY>\r\n                    </PROPERTIES>\r\n                    <LISTITEMS>\r\n                        <LISTITEM value=\"Stable\" id=\"CBmood1\" Selected=\"False\">Stable</LISTITEM>\r\n                        <LISTITEM value=\"Mood swings\" id=\"CBmood2\" Selected=\"False\">Mood swings</LISTITEM>\r\n                        <LISTITEM value=\"Anxious\" id=\"CBmood3\" Selected=\"False\">Anxious</LISTITEM>\r\n                        <LISTITEM value=\"Irritable\" id=\"CBmood4\" Selected=\"False\">Irritable</LISTITEM>\r\n                        <LISTITEM value=\"Submissive\" id=\"CBmood5\" Selected=\"False\">Worrying</LISTITEM>\r\n                        <LISTITEM value=\"Cheerful\" id=\"CBmood6\" Selected=\"False\">Cheerful</LISTITEM>\r\n                        <LISTITEM value=\"Glomy\" id=\"CBmood7\" Selected=\"False\">Glomy</LISTITEM>\r\n                    </LISTITEMS>\r\n                </FIELD>\r\n                \r\n                <FIELD id=\"CBleisuretimespent\" type=\"CheckBoxList\" label=\"Leisure time spent\">\r\n                    <PROPERTIES>\r\n                        <PROPERTY name=\"name\">CBleisuretimespent[]</PROPERTY>\r\n                    </PROPERTIES>\r\n                    <LISTITEMS>\r\n                        <LISTITEM value=\"Alone\" id=\"CBleisuretimespent1\" Selected=\"False\">Alone</LISTITEM>\r\n                        <LISTITEM value=\"With friends\" id=\"CBleisuretimespent2\" Selected=\"False\">With friends</LISTITEM>\r\n                        <LISTITEM value=\"With family\" id=\"CBleisuretimespent3\" Selected=\"False\">With family</LISTITEM>\r\n                    </LISTITEMS>\r\n                </FIELD>\r\n                \r\n                <FIELD id=\"premorbid_personality_notes\" type=\"textareaFull\">\r\n                    <PROPERTIES>\r\n                        <PROPERTY name=\"id\">premorbid_personality_notes</PROPERTY>\r\n                        <PROPERTY name=\"name\">premorbid_personality_notes</PROPERTY>\r\n                        <PROPERTY name=\"class\">form-control</PROPERTY>\r\n                        <PROPERTY name=\"rows\">6</PROPERTY>\r\n                    </PROPERTIES>\r\n                </FIELD>\r\n            </FIELD>\r\n            \r\n            <FIELD type=\"PanelBar\" label=\"Mental Status Examination\" target_div=\"mental_status_examination\">\r\n                <FIELD type=\"Header2\" label=\"General Appearance &amp; Behaviour\"></FIELD>\r\n                \r\n                <FIELD id=\"RBAppearance\" type=\"RadioButtonList\" label=\"Appearance\">\r\n                    <PROPERTIES>\r\n                        <PROPERTY name=\"name\">RBAppearance</PROPERTY>\r\n                    </PROPERTIES>\r\n                    <LISTITEMS>\r\n                        <LISTITEM value=\"Looks ones age\" id=\"RBAppearance1\" Selected=\"False\">Looks ones age</LISTITEM>\r\n                        <LISTITEM value=\"Older\" id=\"RBAppearance2\" Selected=\"False\">Older</LISTITEM>\r\n                        <LISTITEM value=\"Younger\" id=\"RBAppearance3\" Selected=\"False\">Younger</LISTITEM>\r\n                    </LISTITEMS>\r\n                </FIELD>\r\n                \r\n                <FIELD id=\"RBlevelofgrooming\" type=\"RadioButtonList\" label=\"Level of grooming\">\r\n                    <PROPERTIES>\r\n                        <PROPERTY name=\"name\">RBlevelofgrooming</PROPERTY>\r\n                    </PROPERTIES>\r\n                    <LISTITEMS>\r\n                        <LISTITEM value=\"Normal\" id=\"RBlevelofgrooming1\" Selected=\"False\">Normal</LISTITEM>\r\n                        <LISTITEM value=\"Shabbily Dressed\" id=\"RBlevelofgrooming2\" Selected=\"False\">Shabbily Dressed</LISTITEM>\r\n                        <LISTITEM value=\"Over Dressed\" id=\"RBlevelofgrooming3\" Selected=\"False\">Over Dressed</LISTITEM>\r\n                        <LISTITEM value=\"Inappropriate\" id=\"RBlevelofgrooming4\" Selected=\"False\">Inappropriate</LISTITEM>\r\n                    </LISTITEMS>\r\n                </FIELD>\r\n                \r\n                <FIELD id=\"RBlevelofcleanliness\" type=\"RadioButtonList\" label=\"Level of Cleanliness\">\r\n                    <PROPERTIES>\r\n                        <PROPERTY name=\"name\">RBlevelofcleanliness</PROPERTY>\r\n                    </PROPERTIES>\r\n                    <LISTITEMS>\r\n                        <LISTITEM value=\"Adequate\" id=\"RBlevelofcleanliness1\" Selected=\"False\">Adequate</LISTITEM>\r\n                        <LISTITEM value=\"Inadequate\" id=\"RBlevelofcleanliness2\" Selected=\"False\">Inadequate</LISTITEM>\r\n                        <LISTITEM value=\"Overtly Clean\" id=\"RBlevelofcleanliness3\" Selected=\"False\">Overtly Clean</LISTITEM>\r\n                    </LISTITEMS>\r\n                </FIELD>\r\n                \r\n                <FIELD id=\"RBmodeofentry\" type=\"RadioButtonList\" label=\"Mode of entry\">\r\n                    <PROPERTIES>\r\n                        <PROPERTY name=\"name\">RBmodeofentry</PROPERTY>\r\n                    </PROPERTIES>\r\n                    <LISTITEMS>\r\n                        <LISTITEM value=\"Came willingly\" id=\"RBmodeofentry1\" Selected=\"False\">Came willingly</LISTITEM>\r\n                        <LISTITEM value=\"Persuaded by physical force\" id=\"RBmodeofentry2\" Selected=\"False\">Persuaded by physical force</LISTITEM>\r\n                    </LISTITEMS>\r\n                </FIELD>\r\n                \r\n                <FIELD id=\"RBCooperativeness\" type=\"RadioButtonList\" label=\"Cooperativeness\">\r\n                    <PROPERTIES>\r\n                        <PROPERTY name=\"name\">RBCooperativeness</PROPERTY>\r\n                    </PROPERTIES>\r\n                    <LISTITEMS>\r\n                        <LISTITEM value=\"Yes\" id=\"RBCooperativeness1\" Selected=\"False\">Yes</LISTITEM>\r\n                        <LISTITEM value=\"No\" id=\"RBCooperativeness2\" Selected=\"False\">No</LISTITEM>\r\n                    </LISTITEMS>\r\n                </FIELD>\r\n                \r\n                <FIELD id=\"RBeyetoeyecontact\" type=\"RadioButtonList\" label=\"Eye to Eye contacat\">\r\n                    <PROPERTIES>\r\n                        <PROPERTY name=\"name\">RBeyetoeyecontact</PROPERTY>\r\n                    </PROPERTIES>\r\n                    <LISTITEMS>\r\n                        <LISTITEM value=\"Maintained\" id=\"RBeyetoeyecontact1\" Selected=\"False\">Maintained</LISTITEM>\r\n                        <LISTITEM value=\"Difficult\" id=\"RBeyetoeyecontact2\" Selected=\"False\">Difficult</LISTITEM>\r\n                        <LISTITEM value=\"Not Maintained\" id=\"RBeyetoeyecontact3\" Selected=\"False\">Not Maintained</LISTITEM>\r\n                    </LISTITEMS>\r\n                </FIELD>\r\n                \r\n                <FIELD id=\"RBHallucinatorybehaviour\" type=\"RadioButtonList\" label=\"Hallucinatory behaviour\">\r\n                    <PROPERTIES>\r\n                        <PROPERTY name=\"name\">RBHallucinatorybehaviour</PROPERTY>\r\n                    </PROPERTIES>\r\n                    <LISTITEMS>\r\n                        <LISTITEM value=\"Present\" id=\"RBHallucinatorybehaviour1\" Selected=\"False\">Present</LISTITEM>\r\n                        <LISTITEM value=\"Absent\" id=\"RBHallucinatorybehaviour2\" Selected=\"False\">Absent</LISTITEM>\r\n                    </LISTITEMS>\r\n                </FIELD>\r\n                \r\n                <FIELD id=\"RBrapport\" type=\"RadioButtonList\" label=\"Rapport\">\r\n                    <PROPERTIES>\r\n                        <PROPERTY name=\"name\">RBrapport</PROPERTY>\r\n                    </PROPERTIES>\r\n                    <LISTITEMS>\r\n                        <LISTITEM value=\"Spontaneous\" id=\"RBrapport1\" Selected=\"False\">Spontaneous</LISTITEM>\r\n                        <LISTITEM value=\"Difficult\" id=\"RBrapport2\" Selected=\"False\">Difficult</LISTITEM>\r\n                    </LISTITEMS>\r\n                </FIELD>\r\n                \r\n                <FIELD id=\"CBGesturingposturing\" type=\"CheckBoxList\" label=\"Gesturing and posturing\" Backcontrols=\"hide\" Backdivid=\"txtGesturingposturingDiv\">\r\n                    <PROPERTIES>\r\n                        <PROPERTY name=\"name\">CBGesturingposturing[]</PROPERTY>\r\n                    </PROPERTIES>\r\n                    <LISTITEMS>\r\n                        <LISTITEM value=\"Normal\" id=\"CBGesturingposturing1\" Selected=\"False\">Normal</LISTITEM>\r\n                        <LISTITEM value=\"Exaggerated\" id=\"CBGesturingposturing2\" Selected=\"False\">Exaggerated</LISTITEM>\r\n                        <LISTITEM value=\"Catatonic\" id=\"CBGesturingposturing3\" Selected=\"False\">Catatonic</LISTITEM>\r\n                        <LISTITEM value=\"Negativism\" id=\"CBGesturingposturing4\" Selected=\"False\">Negativism</LISTITEM>\r\n                        <LISTITEM value=\"Waxy flexibility\" id=\"CBGesturingposturing5\" Selected=\"False\">Waxy flexibility</LISTITEM>\r\n                        <LISTITEM value=\"Echopraxia\" id=\"CBGesturingposturing6\" Selected=\"False\">Echopraxia</LISTITEM>\r\n                        <LISTITEM value=\"Automatism\" id=\"CBGesturingposturing7\" Selected=\"False\">Automatism</LISTITEM>\r\n                        <LISTITEM value=\"Others\" id=\"CBGesturingposturing8\" Selected=\"False\" onclick=\"OThersvisible(this.id,\'txtGesturingposturingDiv\');\">Others</LISTITEM>\r\n                    </LISTITEMS>\r\n                    <FIELD id=\"txtGesturingposturing\" type=\"TextBox\" label=\"Other: \">\r\n                        <PROPERTIES>\r\n                            <PROPERTY name=\"id\">txtGesturingposturing</PROPERTY>\r\n                            <PROPERTY name=\"class\">form-control</PROPERTY>\r\n                            <PROPERTY name=\"name\">txtGesturingposturing</PROPERTY>\r\n                            <PROPERTY name=\"placeholder\">Other</PROPERTY>\r\n                        </PROPERTIES>\r\n                    </FIELD>\r\n                </FIELD>\r\n                \r\n                <FIELD id=\"RBgaitdisurbances\" type=\"RadioButtonList\" label=\"Gait Disurbances\">\r\n                    <PROPERTIES>\r\n                        <PROPERTY name=\"name\">RBgaitdisurbances</PROPERTY>\r\n                    </PROPERTIES>\r\n                    <LISTITEMS>\r\n                        <LISTITEM value=\"Spontaneous\" id=\"RBgaitdisurbances1\" Selected=\"False\">Normal</LISTITEM>\r\n                        <LISTITEM value=\"March\" id=\"RBgaitdisurbances2\" Selected=\"False\">March</LISTITEM>\r\n                        <LISTITEM value=\"Limb\" id=\"RBgaitdisurbances3\" Selected=\"False\">Limb</LISTITEM>\r\n                        <LISTITEM value=\"Assisted\" id=\"RBgaitdisurbances4\" Selected=\"False\">Assisted</LISTITEM>\r\n                        <LISTITEM value=\"Shuffling\" id=\"RBgaitdisurbances5\" Selected=\"False\">Shuffling</LISTITEM>\r\n                    </LISTITEMS>\r\n                </FIELD>\r\n                \r\n                <FIELD type=\"Header2\" label=\"Catatonic phenomena\"></FIELD>\r\n                \r\n                <FIELD id=\"CBPsychomotorActivity\" type=\"CheckBoxList\" label=\"Psychomotor Activity\">\r\n                    <PROPERTIES>\r\n                        <PROPERTY name=\"name\">CBPsychomotorActivity[]</PROPERTY>\r\n                    </PROPERTIES>\r\n                    <LISTITEMS>\r\n                        <LISTITEM value=\"Normal\" id=\"CBPsychomotorActivity1\" Selected=\"False\">Normal</LISTITEM>\r\n                        <LISTITEM value=\"Exaggerated\" id=\"CBPsychomotorActivity2\" Selected=\"False\">Increased</LISTITEM>\r\n                        <LISTITEM value=\"Catatonic\" id=\"CBPsychomotorActivity3\" Selected=\"False\">Decreased</LISTITEM>\r\n                        <LISTITEM value=\"Negativism\" id=\"CBPsychomotorActivity4\" Selected=\"False\">Tics</LISTITEM>\r\n                        <LISTITEM value=\"Waxy flexibility\" id=\"CBPsychomotorActivity5\" Selected=\"False\">Echopraxia</LISTITEM>\r\n                        <LISTITEM value=\"Echoproxia\" id=\"CBPsychomotorActivity6\" Selected=\"False\">Echoproxia</LISTITEM>\r\n                    </LISTITEMS>\r\n                </FIELD>\r\n                \r\n                <FIELD type=\"Header2\" label=\"Speech\"></FIELD>\r\n                \r\n                <FIELD id=\"RBReactiontime\" type=\"RadioButtonList\" label=\"Reaction time\">\r\n                    <PROPERTIES>\r\n                        <PROPERTY name=\"name\">RBReactiontime</PROPERTY>\r\n                    </PROPERTIES>\r\n                    <LISTITEMS>\r\n                        <LISTITEM value=\"Normal\" id=\"RBReactiontime1\" Selected=\"False\">Normal</LISTITEM>\r\n                        <LISTITEM value=\"Increased\" id=\"RBReactiontime2\" Selected=\"False\">Increased</LISTITEM>\r\n                        <LISTITEM value=\"Decreased\" id=\"RBReactiontime3\" Selected=\"False\">Decreased</LISTITEM>\r\n                    </LISTITEMS>\r\n                </FIELD>\r\n                \r\n                <FIELD id=\"RBtempo\" type=\"RadioButtonList\" label=\"Tempo\">\r\n                    <PROPERTIES>\r\n                        <PROPERTY name=\"name\">RBtempo</PROPERTY>\r\n                    </PROPERTIES>\r\n                    <LISTITEMS>\r\n                        <LISTITEM value=\"Normal\" id=\"RBtempo1\" Selected=\"False\">Normal</LISTITEM>\r\n                        <LISTITEM value=\"Slow\" id=\"RBtempo2\" Selected=\"False\">Slow</LISTITEM>\r\n                        <LISTITEM value=\"Rapid\" id=\"RBtempo3\" Selected=\"False\">Rapid</LISTITEM>\r\n                    </LISTITEMS>\r\n                </FIELD>\r\n                \r\n                <FIELD id=\"RBvolume\" type=\"RadioButtonList\" label=\"Volume\" >\r\n                    <PROPERTIES>\r\n                        <PROPERTY name=\"name\">RBvolume</PROPERTY>\r\n                    </PROPERTIES>\r\n                    <LISTITEMS>\r\n                        <LISTITEM value=\"Normal\" id=\"RBvolume1\" Selected=\"False\">Normal</LISTITEM>\r\n                        <LISTITEM value=\"Increased\" id=\"RBvolume2\" Selected=\"False\">Increased</LISTITEM>\r\n                        <LISTITEM value=\"Decreased\" id=\"RBvolume3\" Selected=\"False\">Decreased</LISTITEM>\r\n                    </LISTITEMS>\r\n                </FIELD>\r\n                \r\n                <FIELD id=\"RBtone\" type=\"RadioButtonList\" label=\"Tone\">\r\n                    <PROPERTIES>\r\n                        <PROPERTY name=\"name\">RBtone</PROPERTY>\r\n                    </PROPERTIES>\r\n                    <LISTITEMS>\r\n                        <LISTITEM value=\"Normal\" id=\"RBtone1\" Selected=\"False\">Normal</LISTITEM>\r\n                        <LISTITEM value=\"Increased\" id=\"RBtone2\" Selected=\"False\">Increased</LISTITEM>\r\n                        <LISTITEM value=\"Decreased\" id=\"RBtone3\" Selected=\"False\">Decreased</LISTITEM>\r\n                    </LISTITEMS>\r\n                </FIELD>\r\n                \r\n                <FIELD id=\"RBCoherence\" type=\"RadioButtonList\" label=\"Coherence\">\r\n                    <PROPERTIES>\r\n                        <PROPERTY name=\"name\">RBCoherence</PROPERTY>\r\n                    </PROPERTIES>\r\n                    <LISTITEMS>\r\n                        <LISTITEM value=\"Coherent\" id=\"RBCoherence1\" Selected=\"False\">Coherent</LISTITEM>\r\n                        <LISTITEM value=\"Incoherent\" id=\"RBCoherence2\" Selected=\"False\">Incoherent</LISTITEM>\r\n                    </LISTITEMS>\r\n                </FIELD>\r\n                \r\n                <FIELD id=\"RBRelevance\" type=\"RadioButtonList\" label=\"Relevance\">\r\n                    <PROPERTIES>\r\n                        <PROPERTY name=\"name\">RBRelevance</PROPERTY>\r\n                    </PROPERTIES>\r\n                    <LISTITEMS>\r\n                        <LISTITEM value=\"Normal\" id=\"RBRelevance1\" Selected=\"False\">Normal</LISTITEM>\r\n                        <LISTITEM value=\"Increased\" id=\"RBRelevance2\" Selected=\"False\">Increased</LISTITEM>\r\n                    </LISTITEMS>\r\n                </FIELD>\r\n                \r\n                <FIELD id=\"txtspeechsample\" type=\"TextBox\" label=\"Speech Sample\">\r\n                    <PROPERTIES>\r\n                        <PROPERTY name=\"id\">txtspeechsample</PROPERTY>\r\n                        <PROPERTY name=\"name\">txtspeechsample</PROPERTY>\r\n                        <PROPERTY name=\"class\">form-control</PROPERTY>\r\n                    </PROPERTIES>\r\n                </FIELD>\r\n                \r\n                <FIELD type=\"Header2\" label=\"Thought\"></FIELD>\r\n                \r\n                <FIELD id=\"CBstreamform\" type=\"CheckBoxList\" label=\"Stream &amp; Form\">\r\n                    <PROPERTIES>\r\n                        <PROPERTY name=\"name\">CBstreamform[]</PROPERTY>\r\n                    </PROPERTIES>\r\n                    <LISTITEMS>\r\n                        <LISTITEM value=\"No formal thought disorder\" id=\"CBstreamform1\" Selected=\"False\">No formal thought disorder</LISTITEM>\r\n                        <LISTITEM value=\"Flight of ideas\" id=\"CBstreamform2\" Selected=\"False\">Flight of ideas</LISTITEM>\r\n                        <LISTITEM value=\"Retarded thinking\" id=\"CBstreamform3\" Selected=\"False\">Retarded thinking</LISTITEM>\r\n                        <LISTITEM value=\"Thought Block\" id=\"CBstreamform4\" Selected=\"False\">Thought Block</LISTITEM>\r\n                        <LISTITEM value=\"Circumstantial\" id=\"CBstreamform5\" Selected=\"False\">Circumstantial</LISTITEM>\r\n                        <LISTITEM value=\"Tangential\" id=\"CBstreamform6\" Selected=\"False\">Tangential</LISTITEM>\r\n                        <LISTITEM value=\"Loosening of association\" id=\"CBstreamform7\" Selected=\"False\">Loosening of association</LISTITEM>\r\n                        <LISTITEM value=\"Derailment\" id=\"CBstreamform8\" Selected=\"False\">Derailment</LISTITEM>\r\n                        <LISTITEM value=\"Perseveration\" id=\"CBstreamform9\" Selected=\"False\">Perseveration</LISTITEM>\r\n                        <LISTITEM value=\"Neologisms\" id=\"CBstreamform10\" Selected=\"False\">Neologisms</LISTITEM>\r\n                        <LISTITEM value=\"Word salad \" id=\"CBstreamform11\" Selected=\"False\">Word salad</LISTITEM>\r\n                    </LISTITEMS>\r\n                </FIELD>\r\n                \r\n                <FIELD type=\"Header2\" label=\"Possession of thought\"></FIELD>\r\n                \r\n                <FIELD id=\"RBObsession\" type=\"RadioButtonList\" label=\"Obsession\" Backcontrols=\"hide\" Backdivid=\"ObsessionDiv\">\r\n                    <PROPERTIES>\r\n                        <PROPERTY name=\"name\">RBObsession</PROPERTY>\r\n                    </PROPERTIES>\r\n                    <LISTITEMS>\r\n                        <LISTITEM value=\"Absent\" id=\"RBObsession1\" Selected=\"False\" onclick=\"OThersvisible(this.id,\'ObsessionDiv\',\'none\');\"> Absent</LISTITEM>\r\n                        <LISTITEM value=\"Present\" id=\"RBObsession2\" Selected=\"False\" onclick=\"OThersvisible(this.id,\'ObsessionDiv\',\'block\');\">Present</LISTITEM>\r\n                    </LISTITEMS>\r\n                    <FIELD id=\"RBnaturetoobsession\" type=\"RadioButtonList\" label=\"Nature to Obsession(s): \">\r\n                        <PROPERTIES>\r\n                            <PROPERTY name=\"name\">RBnaturetoobsession</PROPERTY>\r\n                        </PROPERTIES>\r\n                        <LISTITEMS>\r\n                            <LISTITEM value=\"Thought\" id=\"RBnaturetoobsession1\" Selected=\"False\">Thought</LISTITEM>\r\n                            <LISTITEM value=\"Impulse\" id=\"RBnaturetoobsession2\" Selected=\"False\">Impulse</LISTITEM>\r\n                            <LISTITEM value=\"Images\" id=\"RBnaturetoobsession3\" Selected=\"False\">Images</LISTITEM>\r\n                        </LISTITEMS>\r\n                    </FIELD>\r\n                </FIELD>\r\n                \r\n                <FIELD id=\"CBnatureofcompulsion\" type=\"CheckBoxList\" label=\"Nature of Compulsion\">\r\n                    <PROPERTIES>\r\n                        <PROPERTY name=\"name\">CBnatureofcompulsion[]</PROPERTY>\r\n                    </PROPERTIES>\r\n                    <LISTITEMS>\r\n                        <LISTITEM value=\"Behavioural\" id=\"CBnatureofcompulsion1\" Selected=\"False\">Behavioural</LISTITEM>\r\n                        <LISTITEM value=\"Thought\" id=\"CBnatureofcompulsion2\" Selected=\"False\">Thought</LISTITEM>\r\n                    </LISTITEMS>\r\n                </FIELD>\r\n                \r\n                <FIELD id=\"possession_of_thought_notes\" type=\"textareaFull\" label=\"Notes\">\r\n                    <PROPERTIES>\r\n                        <PROPERTY name=\"id\">possession_of_thought_notes</PROPERTY>\r\n                        <PROPERTY name=\"name\">possession_of_thought_notes</PROPERTY>\r\n                        <PROPERTY name=\"class\">form-control</PROPERTY>\r\n                        <PROPERTY name=\"rows\">6</PROPERTY>\r\n                    </PROPERTIES>\r\n                </FIELD>\r\n                \r\n                <FIELD type=\"Header2\" label=\"Thought Content\"></FIELD>\r\n                \r\n                <FIELD id=\"CBIdeas\" type=\"CheckBoxList\" label=\"Ideas\">\r\n                    <PROPERTIES>\r\n                        <PROPERTY name=\"name\">CBIdeas[]</PROPERTY>\r\n                    </PROPERTIES>\r\n                    <LISTITEMS>\r\n                        <LISTITEM value=\"Over Valued Ideas\" id=\"CBIdeas1\" Selected=\"False\">Over Valued Ideas</LISTITEM>\r\n                        <LISTITEM value=\"Suicidal Ideation\" id=\"CBIdeas2\" Selected=\"False\">Suicidal Ideation</LISTITEM>\r\n                        <LISTITEM value=\"Ideas of worthlessness\" id=\"CBIdeas3\" Selected=\"False\">Ideas of worthlessness</LISTITEM>\r\n                        <LISTITEM value=\"Helplessness\" id=\"CBIdeas4\" Selected=\"False\">Helplessness</LISTITEM>\r\n                        <LISTITEM value=\"Hopelessness\" id=\"CBIdeas5\" Selected=\"False\">Hopelessness</LISTITEM>\r\n                        <LISTITEM value=\"Guilt feelings\" id=\"CBIdeas6\" Selected=\"False\">Guilt feelings</LISTITEM>\r\n                        <LISTITEM value=\"Hypochondriacal Ideas\" id=\"CBIdeas7\" Selected=\"False\">Hypochondriacal Ideas</LISTITEM>\r\n                    </LISTITEMS>\r\n                </FIELD>\r\n                \r\n                <FIELD id=\"CBDelusions\" type=\"CheckBoxList\" label=\"Delusions\" Backcontrols=\"hide\" Backdivid=\"divDelu\">\r\n                    <PROPERTIES>\r\n                        <PROPERTY name=\"name\">CBDelusions[]</PROPERTY>\r\n                    </PROPERTIES>\r\n                    <LISTITEMS>\r\n                        <LISTITEM value=\"Paranoid\" id=\"CBDelusions1\" Selected=\"False\" onclick=\"OThersvisible(this.id,\'divDelu\',\'block\');\">Paranoid</LISTITEM>\r\n                        <LISTITEM value=\"Persecutory\" id=\"CBDelusions2\" Selected=\"False\" onclick=\"OThersvisible(this.id,\'divDelu\',\'block\');\">Persecutory</LISTITEM>\r\n                        <LISTITEM value=\"Reference\" id=\"CBDelusions3\" Selected=\"False\" onclick=\"OThersvisible(this.id,\'divDelu\',\'block\');\">Reference</LISTITEM>\r\n                        <LISTITEM value=\"Infidelity\" id=\"CBDelusions4\" Selected=\"False\" onclick=\"OThersvisible(this.id,\'divDelu\',\'block\');\">Infidelity</LISTITEM>\r\n                        <LISTITEM value=\"Grandiosity\" id=\"CBDelusions5\" Selected=\"False\" onclick=\"OThersvisible(this.id,\'divDelu\',\'block\');\">Grandiosity</LISTITEM>\r\n                        <LISTITEM value=\"Hypochondrical\" id=\"CBDelusions6\" Selected=\"False\" onclick=\"OThersvisible(this.id,\'divDelu\',\'block\');\">Hypochondrical</LISTITEM>\r\n                        <LISTITEM value=\"Love\" id=\"CBDelusions7\" Selected=\"False\" onclick=\"OThersvisible(this.id,\'divDelu\',\'block\');\">Love</LISTITEM>\r\n                        <LISTITEM value=\"Bizzare\" id=\"CBDelusions8\" Selected=\"False\" onclick=\"OThersvisible(this.id,\'divDelu\',\'block\');\">Bizzare</LISTITEM>\r\n                        <LISTITEM value=\"Others\" id=\"CBDelusions9\" Selected=\"False\" onclick=\"OThersvisible(this.id,\'divDelu\',\'block\');\">Others</LISTITEM>\r\n                    </LISTITEMS>\r\n                    <FIELD id=\"RBnatureofdelusion\" type=\"RadioButtonList\" label=\"Nature of Delusion: \" >\r\n                        <PROPERTIES>\r\n                            <PROPERTY name=\"name\">RBnatureofdelusion</PROPERTY>\r\n                        </PROPERTIES>\r\n                        <LISTITEMS>\r\n                            <LISTITEM value=\"Thought\" id=\"RBnatureofdelusion1\" Selected=\"False\">Thought</LISTITEM>\r\n                            <LISTITEM value=\"Impulse\" id=\"RBnatureofdelusion2\" Selected=\"False\">Impulse</LISTITEM>\r\n                            <LISTITEM value=\"Images\" id=\"RBnatureofdelusion3\" Selected=\"False\">Images</LISTITEM>\r\n                        </LISTITEMS>\r\n                    </FIELD>\r\n                </FIELD>\r\n                \r\n                <FIELD id=\"txtcontentofthought\" type=\"TextBox\" label=\"Content of Thought\">\r\n                    <PROPERTIES>\r\n                        <PROPERTY name=\"id\">txtcontentofthought</PROPERTY>\r\n                        <PROPERTY name=\"name\">txtcontentofthought</PROPERTY>\r\n                        <PROPERTY name=\"class\">form-control</PROPERTY>\r\n                    </PROPERTIES>\r\n                </FIELD>\r\n                \r\n                <FIELD type=\"Header2\" label=\"Mood\"></FIELD>\r\n                \r\n                <FIELD id=\"RBQuality\" type=\"RadioButtonList\" label=\"Quality\">\r\n                    <PROPERTIES>\r\n                        <PROPERTY name=\"name\">RBQuality</PROPERTY>\r\n                    </PROPERTIES>\r\n                    <LISTITEMS>\r\n                        <LISTITEM value=\"Euthymic\" id=\"RBQuality1\" Selected=\"False\">Euthymic</LISTITEM>\r\n                        <LISTITEM value=\"Anxious\" id=\"RBQuality2\" Selected=\"False\">Anxious</LISTITEM>\r\n                        <LISTITEM value=\"Irritable\" id=\"RBQuality3\" Selected=\"False\">Irritable</LISTITEM>\r\n                        <LISTITEM value=\"Elated\" id=\"RBQuality4\" Selected=\"False\">Elated</LISTITEM>\r\n                        <LISTITEM value=\"Suspicious\" id=\"RBQuality5\" Selected=\"False\">Suspicious</LISTITEM>\r\n                        <LISTITEM value=\"Depressed\" id=\"RBQuality6\" Selected=\"False\">Depressed</LISTITEM>\r\n                        <LISTITEM value=\"Euphoric\" id=\"RBQuality7\" Selected=\"False\">Euphoric</LISTITEM>\r\n                    </LISTITEMS>\r\n                </FIELD>\r\n                \r\n                <FIELD id=\"RBrangeandreactivity\" type=\"RadioButtonList\" label=\"Range and reactivity\">\r\n                    <PROPERTIES>\r\n                        <PROPERTY name=\"name\">RBrangeandreactivity</PROPERTY>\r\n                    </PROPERTIES>\r\n                    <LISTITEMS>\r\n                        <LISTITEM value=\"Normal\" id=\"RBrangeandreactivity1\" Selected=\"False\">Normal</LISTITEM>\r\n                        <LISTITEM value=\"Increased\" id=\"RBrangeandreactivity2\" Selected=\"False\">Increased</LISTITEM>\r\n                        <LISTITEM value=\"Decreased\" id=\"RBrangeandreactivity3\" Selected=\"False\">Decreased</LISTITEM>\r\n                        <LISTITEM value=\"Labile mood\" id=\"RBrangeandreactivity4\" Selected=\"False\">Labile mood</LISTITEM>\r\n                        <LISTITEM value=\"Diurnal variation\" id=\"RBrangeandreactivity5\" Selected=\"False\">Diurnal variation</LISTITEM>\r\n                        <LISTITEM value=\"Incongruent\" id=\"RBrangeandreactivity6\" Selected=\"False\">Incongruent</LISTITEM>\r\n                    </LISTITEMS>\r\n                </FIELD>\r\n                \r\n                <FIELD id=\"RBaffect\" type=\"RadioButtonList\" label=\"Affect\">\r\n                    <PROPERTIES>\r\n                        <PROPERTY name=\"name\">RBaffect</PROPERTY>\r\n                    </PROPERTIES>\r\n                </FIELD>\r\n                \r\n                <FIELD id=\"txtSubjectively\" type=\"TextBox\" label=\"Subjectively\">\r\n                    <PROPERTIES>\r\n                        <PROPERTY name=\"id\">txtSubjectively</PROPERTY>\r\n                        <PROPERTY name=\"name\">txtSubjectively</PROPERTY>\r\n                        <PROPERTY name=\"class\">form-control</PROPERTY>\r\n                    </PROPERTIES>\r\n                </FIELD>\r\n                \r\n                <FIELD id=\"txtObjectively\" type=\"TextBox\" label=\"Objectively\">\r\n                    <PROPERTIES>\r\n                        <PROPERTY name=\"id\">txtObjectively</PROPERTY>\r\n                        <PROPERTY name=\"name\">txtObjectively</PROPERTY>\r\n                        <PROPERTY name=\"class\">form-control</PROPERTY>\r\n                    </PROPERTIES>\r\n                </FIELD>\r\n                \r\n                <FIELD id=\"mood_notes\" type=\"textareaFull\" label=\"Notes: \">\r\n                    <PROPERTIES>\r\n                        <PROPERTY name=\"id\">mood_notes</PROPERTY>\r\n                        <PROPERTY name=\"name\">mood_notes</PROPERTY>\r\n                        <PROPERTY name=\"class\">form-control</PROPERTY>\r\n                        <PROPERTY name=\"rows\">6</PROPERTY>\r\n                    </PROPERTIES>\r\n                </FIELD>\r\n                \r\n                <FIELD type=\"Header2\" label=\"Perception\"></FIELD>\r\n                \r\n                <FIELD id=\"CBAuditoryhallucination\" type=\"CheckBoxList\" label=\"Auditory hallucination\">\r\n                    <PROPERTIES>\r\n                        <PROPERTY name=\"name\">CBAuditoryhallucination[]</PROPERTY>\r\n                    </PROPERTIES>\r\n                    <LISTITEMS>\r\n                        <LISTITEM value=\"Elementary\" id=\"CBAuditoryhallucination1\" Selected=\"False\">Elementary</LISTITEM>\r\n                        <LISTITEM value=\"Commenting\" id=\"CBAuditoryhallucination2\" Selected=\"False\">Commenting</LISTITEM>\r\n                        <LISTITEM value=\"Derogatory (abusing)\" id=\"CBAuditoryhallucination3\" Selected=\"False\">Derogatory (abusing)</LISTITEM>\r\n                        <LISTITEM value=\"Threatening\" id=\"CBAuditoryhallucination4\" Selected=\"False\">Threatening</LISTITEM>\r\n                        <LISTITEM value=\"Commanding\" id=\"CBAuditoryhallucination5\" Selected=\"False\">Commanding</LISTITEM>\r\n                    </LISTITEMS>\r\n                </FIELD>\r\n                \r\n                <FIELD id=\"CBtype\" type=\"CheckBoxList\" label=\"Type\">\r\n                    <PROPERTIES>\r\n                        <PROPERTY name=\"name\">CBtype[]</PROPERTY>\r\n                    </PROPERTIES>\r\n                    <LISTITEMS>\r\n                        <LISTITEM value=\"2nd Person\" id=\"CBtype1\" Selected=\"False\">2nd Person</LISTITEM>\r\n                        <LISTITEM value=\"3rd Person\" id=\"CBtype2\" Selected=\"False\">3rd Person</LISTITEM>\r\n                    </LISTITEMS>\r\n                </FIELD>\r\n                \r\n                <FIELD id=\"CBOtherHallucinations\" type=\"CheckBoxList\" label=\"Other Hallucinations\">\r\n                    <PROPERTIES>\r\n                        <PROPERTY name=\"name\">CBOtherHallucinations[]</PROPERTY>\r\n                    </PROPERTIES>\r\n                    <LISTITEMS>\r\n                        <LISTITEM value=\"Visual\" id=\"CBOtherHallucinations1\" Selected=\"False\">Visual</LISTITEM>\r\n                        <LISTITEM value=\"Olfactory\" id=\"CBOtherHallucinations2\" Selected=\"False\">Olfactory</LISTITEM>\r\n                        <LISTITEM value=\"Tactile\" id=\"CBOtherHallucinations3\" Selected=\"False\">Tactile</LISTITEM>\r\n                        <LISTITEM value=\"Gustatory\" id=\"CBOtherHallucinations4\" Selected=\"False\">Gustatory</LISTITEM>\r\n                        <LISTITEM value=\"Hypnogogic\" id=\"CBOtherHallucinations5\" Selected=\"False\">Hypnogogic</LISTITEM>\r\n                        <LISTITEM value=\"Hypnopompic\" id=\"CBOtherHallucinations6\" Selected=\"False\">Hypnopompic</LISTITEM>\r\n                    </LISTITEMS>\r\n                </FIELD>\r\n                \r\n                <FIELD id=\"CBIllusion\" type=\"CheckBoxList\" label=\"Illusion\">\r\n                    <PROPERTIES>\r\n                        <PROPERTY name=\"name\">CBIllusion[]</PROPERTY>\r\n                    </PROPERTIES>\r\n                    <LISTITEMS>\r\n                        <LISTITEM value=\"Depersonalisation\" id=\"CBIllusion1\" Selected=\"False\">Depersonalisation</LISTITEM>\r\n                        <LISTITEM value=\"Derealisation\" id=\"CBIllusion2\" Selected=\"False\">Derealisation</LISTITEM>\r\n                    </LISTITEMS>\r\n                </FIELD>\r\n                \r\n                <FIELD id=\"Perception_notes\" type=\"textareaFull\" label=\"Notes\">\r\n                    <PROPERTIES>\r\n                        <PROPERTY name=\"id\">Perception_notes</PROPERTY>\r\n                        <PROPERTY name=\"name\">Perception_notes</PROPERTY>\r\n                        <PROPERTY name=\"class\">form-control</PROPERTY>\r\n                        <PROPERTY name=\"rows\">6</PROPERTY>\r\n                    </PROPERTIES>\r\n                </FIELD>\r\n                \r\n                <FIELD type=\"Header2\" label=\"Higher Mental Functions\"></FIELD>\r\n                \r\n                <FIELD id=\"RBAttension\" type=\"RadioButtonList\" label=\"Attension\">\r\n                    <PROPERTIES>\r\n                        <PROPERTY name=\"name\">RBAttension</PROPERTY>\r\n                    </PROPERTIES>\r\n                    <LISTITEMS>\r\n                        <LISTITEM value=\"Normally aroused\" id=\"RBAttension1\" Selected=\"False\">Normally aroused</LISTITEM>\r\n                        <LISTITEM value=\"Aroused with difficulty\" id=\"RBAttension2\" Selected=\"False\">Aroused with difficulty</LISTITEM>\r\n                    </LISTITEMS>\r\n                </FIELD>\r\n                \r\n                <FIELD id=\"RBConcentration\" type=\"RadioButtonList\" label=\"Concentration\">\r\n                    <PROPERTIES>\r\n                        <PROPERTY name=\"name\">RBConcentration</PROPERTY>\r\n                    </PROPERTIES>\r\n                    <LISTITEMS>\r\n                        <LISTITEM id=\"RBConcentration1\" value=\"Normally sustained\" Selected=\"False\">Normally sustained</LISTITEM>\r\n                        <LISTITEM id=\"RBConcentration2\" value=\"Sustained with difficulty\" Selected=\"False\">Sustained with difficulty</LISTITEM>\r\n                        <LISTITEM id=\"RBConcentration3\" value=\"Distracted\" Selected=\"False\">Distracted</LISTITEM>\r\n                    </LISTITEMS>\r\n                </FIELD>\r\n                \r\n                <FIELD id=\"RBOrientation\" type=\"RadioButtonList\" label=\"Orientation\" Backcontrols=\"hide\" Backdivid=\"divOrien\">\r\n                    <PROPERTIES>\r\n                        <PROPERTY name=\"name\">RBOrientation</PROPERTY>\r\n                    </PROPERTIES>\r\n                    <LISTITEMS>\r\n                        <LISTITEM id=\"RBOrientation1\" value=\"Oriented\" Selected=\"False\" onclick=\"OThersvisible(this.id,\'divOrien\',\'block\');\">Oriented</LISTITEM>\r\n                        <LISTITEM id=\"RBOrientation2\" value=\"Disoriented\" Selected=\"False\" onclick=\"OThersvisible(this.id,\'divOrien\',\'none\');\">Disoriented</LISTITEM>\r\n                    </LISTITEMS>\r\n                    <FIELD id=\"RBNatureofDelusion\" type=\"RadioButtonList\" label=\"Nature of Delusion\">\r\n                        <PROPERTIES>\r\n                            <PROPERTY name=\"name\">RBNatureofDelusion</PROPERTY>\r\n                        </PROPERTIES>\r\n                        <LISTITEMS>\r\n                            <LISTITEM id=\"RBNatureofDelusion1\" value=\"Thought\" Selected=\"False\">Thought</LISTITEM>\r\n                            <LISTITEM id=\"RBNatureofDelusion2\" value=\"Impulse\" Selected=\"False\">Impulse</LISTITEM>\r\n                            <LISTITEM id=\"RBNatureofDelusion3\" value=\"Images\" Selected=\"False\">Images</LISTITEM>\r\n                        </LISTITEMS>\r\n                    </FIELD>\r\n                </FIELD>\r\n                \r\n                <FIELD id=\"RBMemory\" type=\"RadioButtonList\" label=\"Memory\">\r\n                    <PROPERTIES>\r\n                        <PROPERTY name=\"name\">RBMemory</PROPERTY>\r\n                    </PROPERTIES>\r\n                </FIELD>\r\n                \r\n                <FIELD id=\"RBImmediate\" type=\"RadioButtonList\" label=\"Immediate\">\r\n                    <PROPERTIES>\r\n                        <PROPERTY name=\"name\">RBImmediate</PROPERTY>\r\n                    </PROPERTIES>\r\n                    <LISTITEMS>\r\n                        <LISTITEM value=\"Intact\" id=\"RBImmediate1\" Selected=\"False\">Intact</LISTITEM>\r\n                        <LISTITEM value=\"Impaired\" id=\"RBImmediate2\" Selected=\"False\">Impaired</LISTITEM>\r\n                    </LISTITEMS>\r\n                </FIELD>\r\n                \r\n                <FIELD id=\"RBRecent\" type=\"RadioButtonList\" label=\"Recent\">\r\n                    <PROPERTIES>\r\n                        <PROPERTY name=\"name\">RBRecent</PROPERTY>\r\n                    </PROPERTIES>\r\n                    <LISTITEMS>\r\n                        <LISTITEM value=\"Intact\" id=\"RBRecent1\" Selected=\"False\">Intact</LISTITEM>\r\n                        <LISTITEM value=\"Impaired\" id=\"RBRecent2\" Selected=\"False\">Impaired</LISTITEM>\r\n                    </LISTITEMS>\r\n                </FIELD>\r\n                \r\n                <FIELD id=\"RBRemote\" type=\"RadioButtonList\" label=\"Remote\">\r\n                    <PROPERTIES>\r\n                        <PROPERTY name=\"name\">RBRemote</PROPERTY>\r\n                    </PROPERTIES>\r\n                    <LISTITEMS>\r\n                        <LISTITEM value=\"Intact\" id=\"RBRemote1\" Selected=\"False\">Intact</LISTITEM>\r\n                        <LISTITEM value=\"Impaired\" id=\"RBRemote2\" Selected=\"False\">Impaired</LISTITEM>\r\n                    </LISTITEMS>\r\n                </FIELD>\r\n                \r\n                <FIELD id=\"RBIntelligence\" type=\"RadioButtonList\" label=\"Intelligence\">\r\n                    <PROPERTIES>\r\n                        <PROPERTY name=\"name\">RBIntelligence</PROPERTY>\r\n                    </PROPERTIES>\r\n                    <LISTITEMS>\r\n                        <LISTITEM value=\"Average\" id=\"RBIntelligence1\" Selected=\"False\">Average</LISTITEM>\r\n                        <LISTITEM value=\"Above average\" id=\"RBIntelligence2\" Selected=\"False\">Above average</LISTITEM>\r\n                        <LISTITEM value=\"Below average\" id=\"RBIntelligence3\" Selected=\"False\">Below average</LISTITEM>\r\n                    </LISTITEMS>\r\n                </FIELD>\r\n                \r\n                <FIELD id=\"RBAbstraction\" type=\"RadioButtonList\" label=\"Abstraction\">\r\n                    <PROPERTIES>\r\n                        <PROPERTY name=\"name\">RBAbstraction</PROPERTY>\r\n                    </PROPERTIES>\r\n                    <LISTITEMS>\r\n                        <LISTITEM value=\"Adequate\" id=\"RBAbstraction1\" Selected=\"False\">Adequate</LISTITEM>\r\n                        <LISTITEM value=\"Inadequate\" id=\"RBAbstraction2\" Selected=\"False\">Inadequate</LISTITEM>\r\n                    </LISTITEMS>\r\n                </FIELD>\r\n                \r\n                <FIELD id=\"RBJudgement\" type=\"RadioButtonList\" label=\"Judgement\">\r\n                    <PROPERTIES>\r\n                        <PROPERTY name=\"name\">RBJudgement</PROPERTY>\r\n                    </PROPERTIES>\r\n                </FIELD>\r\n                \r\n                <FIELD id=\"RBPersonal\" type=\"RadioButtonList\" label=\"Personal\">\r\n                    <PROPERTIES>\r\n                        <PROPERTY name=\"name\">RBPersonal</PROPERTY>\r\n                    </PROPERTIES>\r\n                    <LISTITEMS>\r\n                        <LISTITEM value=\"Intact\" id=\"RBPersonal1\" Selected=\"False\">Intact</LISTITEM>\r\n                        <LISTITEM value=\"Impaired\" id=\"RBPersonal2\" Selected=\"False\">Impaired</LISTITEM>\r\n                    </LISTITEMS>\r\n                </FIELD>\r\n                \r\n                <FIELD id=\"RBSocial\" type=\"RadioButtonList\" label=\"Social\">\r\n                    <PROPERTIES>\r\n                        <PROPERTY name=\"name\">RBSocial</PROPERTY>\r\n                    </PROPERTIES>\r\n                    <LISTITEMS>\r\n                        <LISTITEM value=\"Intact\" id=\"RBSocial1\" Selected=\"False\">Intact</LISTITEM>\r\n                        <LISTITEM value=\"Impaired\" id=\"RBSocial2\" Selected=\"False\">Impaired</LISTITEM>\r\n                    </LISTITEMS>\r\n                </FIELD>\r\n                \r\n                <FIELD id=\"RBTest\" type=\"RadioButtonList\" label=\"Test\">\r\n                    <PROPERTIES>\r\n                        <PROPERTY name=\"name\">RBTest</PROPERTY>\r\n                    </PROPERTIES>\r\n                    <LISTITEMS>\r\n                        <LISTITEM value=\"Intact\" id=\"RBTest1\" Selected=\"False\">Intact</LISTITEM>\r\n                        <LISTITEM value=\"Impaired\" id=\"RBTest2\" Selected=\"False\">Impaired</LISTITEM>\r\n                    </LISTITEMS>\r\n                </FIELD>\r\n                \r\n                <FIELD id=\"DDLInsight\" type=\"DropDownList\" label=\"Insight\">\r\n                    <PROPERTIES>\r\n                        <PROPERTY name=\"id\">DDLInsight</PROPERTY>\r\n                        <PROPERTY name=\"name\">DDLInsight</PROPERTY>\r\n                        <PROPERTY name=\"class\">form-control</PROPERTY>\r\n                    </PROPERTIES>\r\n                    <LISTITEMS>\r\n                        <LISTITEM id=\"DDLInsight1\" value=\"--Select--\" Selected=\"False\">--Select--</LISTITEM>\r\n                        <LISTITEM id=\"DDLInsight2\" value=\"Grade I - Complete denial\" Selected=\"False\">Grade I - Complete denial</LISTITEM>\r\n                        <LISTITEM id=\"DDLInsight3\" value=\"Grade II - Slight awareness\" Selected=\"False\">Grade II - Slight awareness</LISTITEM>\r\n                        <LISTITEM id=\"DDLInsight4\" value=\"Grade III - Awareness attributing to external factors\" Selected=\"False\">Grade III - Awareness attributing to external factors</LISTITEM>\r\n                        <LISTITEM id=\"DDLInsight5\" value=\"Grade IV - Awareness unknown to himself\" Selected=\"False\">Grade IV - Awareness unknown to himself</LISTITEM>\r\n                        <LISTITEM id=\"DDLInsight6\" value=\"Grade V - Intellactual insight\" Selected=\"False\">Grade V - Intellactual insight</LISTITEM>\r\n                        <LISTITEM id=\"DDLInsight7\" value=\"Grade VI - Emotional insight\" Selected=\"False\">Grade VI - Emotional insight</LISTITEM>\r\n                    </LISTITEMS>\r\n                </FIELD>\r\n                \r\n                <FIELD id=\"RBKnowledgeaboutmentalillness\" type=\"RadioButtonList\" label=\"Knowledge about mental illness\">\r\n                    <PROPERTIES>\r\n                        <PROPERTY name=\"name\">RBKnowledgeaboutmentalillness</PROPERTY>\r\n                    </PROPERTIES>\r\n                    <LISTITEMS>\r\n                        <LISTITEM id=\"RBKnowledgeaboutmentalillness1\" value=\"Adequate\" Selected=\"False\">Adequate</LISTITEM>\r\n                        <LISTITEM id=\"RBKnowledgeaboutmentalillness2\" value=\"Partial\" Selected=\"False\">Partial</LISTITEM>\r\n                        <LISTITEM id=\"RBKnowledgeaboutmentalillness3\" value=\"Inadequate\" Selected=\"False\">Inadequate</LISTITEM>\r\n                    </LISTITEMS>\r\n                </FIELD>\r\n                \r\n                <FIELD id=\"RBAttitudeillness\" type=\"RadioButtonList\" label=\"Attitude towards illness  &amp; treatment\">\r\n                    <PROPERTIES>\r\n                        <PROPERTY name=\"name\">RBAttitudeillness</PROPERTY>\r\n                    </PROPERTIES>\r\n                    <LISTITEMS>\r\n                        <LISTITEM value=\"Hostile\" id=\"RBAttitudeillness1\" Selected=\"False\">Hostile</LISTITEM>\r\n                        <LISTITEM value=\"Indifferent\" id=\"RBAttitudeillness2\" Selected=\"False\">Indifferent</LISTITEM>\r\n                        <LISTITEM value=\"Concerned\" id=\"RBAttitudeillness3\" Selected=\"False\">Concerned</LISTITEM>\r\n                    </LISTITEMS>\r\n                </FIELD>\r\n                \r\n                <FIELD id=\"higher_mental_notes\" type=\"textareaFull\" label=\"Notes\">\r\n                    <PROPERTIES>\r\n                        <PROPERTY name=\"id\">higher_mental_notes</PROPERTY>\r\n                        <PROPERTY name=\"name\">higher_mental_notes</PROPERTY>\r\n                        <PROPERTY name=\"class\">form-control</PROPERTY>\r\n                        <PROPERTY name=\"rows\">6</PROPERTY>\r\n                    </PROPERTIES>\r\n                </FIELD>\r\n            </FIELD>\r\n        </PANELBODY>\r\n    </GROUP>\r\n    \r\n    <GROUP>\r\n        <PANELHEADER>\r\n            <PROPERTIES>\r\n                <PROPERTY name=\"class\">panel-heading bg-default</PROPERTY>\r\n            </PROPERTIES>\r\n            <VALUE>Diagnosis</VALUE>\r\n        </PANELHEADER>\r\n        <PANELBODY>\r\n            <FIELD id=\"txtDiagnosis\" type=\"TextBox\" label=\"Diagnosis\">\r\n                <PROPERTIES>\r\n                    <PROPERTY name=\"id\">txtDiagnosis</PROPERTY>\r\n                    <PROPERTY name=\"name\">txtDiagnosis</PROPERTY>\r\n                    <PROPERTY name=\"class\">form-control</PROPERTY>\r\n                </PROPERTIES>\r\n            </FIELD>\r\n            \r\n            <FIELD type=\"Header2\" label=\"DSM -IV TR\"></FIELD>\r\n            \r\n            <FIELD id=\"txtAxis1\" type=\"TextBox\" label=\"Axis 1\">\r\n                <PROPERTIES>\r\n                    <PROPERTY name=\"id\">txtAxis1</PROPERTY>\r\n                    <PROPERTY name=\"name\">txtAxis1</PROPERTY>\r\n                    <PROPERTY name=\"class\">form-control</PROPERTY>\r\n                </PROPERTIES>\r\n            </FIELD>\r\n            <FIELD id=\"txtAxis2\" type=\"TextBox\" label=\"Axis 2\">\r\n                <PROPERTIES>\r\n                    <PROPERTY name=\"id\">txtAxis2</PROPERTY>\r\n                    <PROPERTY name=\"name\">txtAxis2</PROPERTY>\r\n                    <PROPERTY name=\"class\">form-control</PROPERTY>\r\n                </PROPERTIES>\r\n            </FIELD>\r\n            <FIELD id=\"txtAxis3\" type=\"TextBox\" label=\"Axis 3\">\r\n                <PROPERTIES>\r\n                    <PROPERTY name=\"id\">txtAxis3</PROPERTY>\r\n                    <PROPERTY name=\"name\">txtAxis3</PROPERTY>\r\n                    <PROPERTY name=\"class\">form-control</PROPERTY>\r\n                </PROPERTIES>\r\n            </FIELD>\r\n            <FIELD id=\"txtAxis4\" type=\"TextBox\" label=\"Axis 4\">\r\n                <PROPERTIES>\r\n                    <PROPERTY name=\"id\">txtAxis4</PROPERTY>\r\n                    <PROPERTY name=\"name\">txtAxis4</PROPERTY>\r\n                    <PROPERTY name=\"class\">form-control</PROPERTY>\r\n                </PROPERTIES>\r\n            </FIELD>\r\n            <FIELD id=\"txtAxis5\" type=\"TextBox\" label=\"Axis 5\">\r\n                <PROPERTIES>\r\n                    <PROPERTY name=\"id\">txtAxis5</PROPERTY>\r\n                    <PROPERTY name=\"name\">txtAxis5</PROPERTY>\r\n                    <PROPERTY name=\"class\">form-control</PROPERTY>\r\n                </PROPERTIES>\r\n            </FIELD>\r\n        </PANELBODY>\r\n    </GROUP>\r\n</FIELDS>','<?xml version=\"1.0\" encoding=\"UTF-8\"?>\n<xsl:stylesheet xmlns:xsl=\"http://www.w3.org/1999/XSL/Transform\" version=\"1.0\">\n    <xsl:output method=\"html\"/>\n    <xsl:template match=\"/\">\n        <script type=\"text/javascript\" src=\"js/xmlvalidation.js\">&#160;</script> \n        \n        <form method=\"post\" id=\"xmlform\">\n            \n            <xsl:for-each select=\"FIELDS/GROUP\">\n                <div class=\"panel panel-default\">\n                    <xsl:for-each select=\"PANELHEADER\">\n                        <div>\n                            <xsl:for-each select=\"PROPERTIES/PROPERTY\">\n                                <xsl:attribute name=\"{@name}\">\n                                    <xsl:value-of select=\"current()\"></xsl:value-of>\n                                </xsl:attribute>\n                            </xsl:for-each>\n                            <b> \n                                <xsl:value-of select=\"VALUE\" /> \n                            </b>\n                        </div>\n                    </xsl:for-each>\n                \n                    <xsl:for-each select=\"PANELBODY\">\n                        <div class=\"panel-body\">\n                            <xsl:for-each select=\"FIELD\">\n                                <xsl:choose>\n                                    \n                                    <!-- Main Header2 -->\n                                    <xsl:when test=\"@type=\'Header2\'\">\n                                        <div class=\"col-sm-12\">\n                                            <h2>\n                                                <span class=\"label bg-dark\"> \n                                                    <xsl:value-of select=\"@label\" /> \n                                                </span>\n                                            </h2>\n                                        </div>\n                                    </xsl:when>\n                                    \n                                    <!-- Main Text Box With DropDownList-->\n                                    <xsl:when test=\"@type=\'TextBoxDDL\'\">\n                                        <div class=\"form-group\">\n                                            <label class=\"col-sm-3 control-label\">\n                                                <xsl:value-of select=\"@label\" />\n                                                <xsl:if test=\"@required=\'true\'\">\n                                                    <span class=\"required\"> *</span>\n                                                </xsl:if>\n                                            </label>\n                                            <div class=\"col-sm-9\">\n                                                <div class=\"row\">\n                                                    <div class=\"col-sm-6\">\n                                                        <input type=\"text\">\n                                                            <xsl:for-each select=\"PROPERTIES/PROPERTY\">\n                                                                <xsl:attribute name=\"{@name}\">\n                                                                    <xsl:value-of select=\"current()\"></xsl:value-of>\n                                                                </xsl:attribute>\n                                                            </xsl:for-each>\n                                                        </input>\n                                                    </div>\n                                                    <div class=\"col-sm-6\">\n                                                        <select>\n                                                            <xsl:for-each select=\"FIELD/PROPERTIES/PROPERTY\">\n                                                                <xsl:attribute name=\"{@name}\">\n                                                                    <xsl:value-of select=\"current()\"></xsl:value-of>\n                                                                </xsl:attribute>\n                                                            </xsl:for-each>\n                                                            <xsl:for-each select=\"FIELD/LISTITEMS/LISTITEM\">\n                                                                <option>\n                                                                    <xsl:attribute name=\"value\">\n                                                                        <xsl:value-of select=\"@value\"></xsl:value-of>\n                                                                    </xsl:attribute>\n                                                                    <xsl:if test=\"@Selected = \'true\'\">\n                                                                        <xsl:attribute name=\"selected\">\n                                                                            <xsl:text>selected</xsl:text>\n                                                                        </xsl:attribute>\n                                                                    </xsl:if>\n                                                                    <xsl:value-of select=\"@value\"></xsl:value-of>\n                                                                </option>\n                                                            </xsl:for-each>\n                                                        </select>\n                                                    </div>\n                                                </div>\n                                            </div>\n                                        </div>\n                                        <div class=\"line line-dashed b-b line-lg \"></div>\n                                    </xsl:when>\n                                    \n                                    <!-- Main Text Box -->\n                                    <xsl:when test=\"@type=\'TextBox\'\">\n                                        <div class=\"form-group\">\n                                            <label class=\"col-sm-3 control-label\">\n                                                <xsl:value-of select=\"@label\" />\n                                                <xsl:if test=\"@required=\'true\'\">\n                                                    <span class=\"required\"> *</span>\n                                                </xsl:if>\n                                            </label>\n                                            <div class=\"col-sm-4\">\n                                                <input type=\"text\">\n                                                    <xsl:for-each select=\"PROPERTIES/PROPERTY\">\n                                                        <xsl:attribute name=\"{@name}\">\n                                                            <xsl:value-of select=\"current()\"></xsl:value-of>\n                                                        </xsl:attribute>\n                                                    </xsl:for-each>\n                                                </input>\n                                                <xsl:if test=\"FIELD\">\n                                                    <xsl:for-each select=\"FIELD\">\n                                                        <xsl:choose>\n                                                            <xsl:when test=\"@type=\'DropDownList\'\">\n                                                                <select>\n                                                                    <xsl:for-each select=\"PROPERTIES/PROPERTY\">\n                                                                        <xsl:attribute name=\"{@name}\">\n                                                                            <xsl:value-of select=\"current()\"></xsl:value-of>\n                                                                        </xsl:attribute>\n                                                                    </xsl:for-each>\n                                                                    <xsl:for-each select=\"LISTITEMS/LISTITEM\">\n                                                                        <option>\n                                                                            <xsl:attribute name=\"value\">\n                                                                                <xsl:value-of select=\"@value\"></xsl:value-of>\n                                                                            </xsl:attribute>\n                                                                            <xsl:if test=\"@Selected = \'true\'\">\n                                                                                <xsl:attribute name=\"selected\">\n                                                                                    <xsl:text>selected</xsl:text>\n                                                                                </xsl:attribute>\n                                                                            </xsl:if>\n                                                                            <xsl:value-of select=\"@value\"></xsl:value-of>\n                                                                        </option>\n                                                                    </xsl:for-each>\n                                                                </select>\n                                                            </xsl:when>\n                                                        </xsl:choose>\n                                                    </xsl:for-each>\n                                                </xsl:if>\n                                            </div>\n                                        </div>\n                                        <div class=\"line line-dashed b-b line-lg \"></div>\n                                    </xsl:when> \n                                    \n                                    <!-- Main Text Area-->\n                                    <xsl:when test=\"@type=\'TextArea\'\">\n                                        <div class=\"form-group\">\n                                            <label class=\"col-sm-3 control-label\">\n                                                <xsl:value-of select=\"@label\" />\n                                                <xsl:if test=\"@required=\'true\'\">\n                                                    <span class=\"required\"> *</span>\n                                                </xsl:if>\n                                            </label>\n                                            <div class=\"col-sm-4\">\n                                                <textarea>\n                                                    <xsl:for-each select=\"PROPERTIES/PROPERTY\">\n                                                        <xsl:attribute name=\"{@name}\">\n                                                            <xsl:value-of select=\"current()\"></xsl:value-of>\n                                                        </xsl:attribute>\n                                                    </xsl:for-each>\n                                                    <xsl:value-of select=\"VALUE\"></xsl:value-of>\n                                                </textarea>\n                                            </div>\n                                        </div>\n                                        <div class=\"line line-dashed b-b line-lg \"></div>\n                                    </xsl:when> \n                                    \n                                    <!-- Main Radio Button -->                          \n                                    <xsl:when test=\"@type=\'RadioButtonList\'\">\n                                        <div class=\"form-group\">\n                                            <label class=\"col-sm-3 control-label\">\n                                                <xsl:value-of select=\"@label\" />\n                                                <xsl:if test=\"@required=\'true\'\">\n                                                    <span class=\"required\"> *</span>\n                                                </xsl:if>\n                                            </label>\n                                            <div class=\"col-sm-9\">\n                                                <xsl:for-each select=\"LISTITEMS/LISTITEM\">\n                                                    <input type=\"radio\">\n                                                        <xsl:attribute name=\"value\">\n                                                            <xsl:value-of select=\"@value\"></xsl:value-of>\n                                                        </xsl:attribute>\n                                                        <xsl:attribute name=\"id\">\n                                                            <xsl:value-of select=\"@id\"></xsl:value-of>\n                                                        </xsl:attribute>\n                                                        <xsl:if test=\"@Selected = \'true\'\">\n                                                            <xsl:attribute name=\"checked\">\n                                                                <xsl:text>checked</xsl:text>\n                                                            </xsl:attribute>\n                                                        </xsl:if>\n                                                        <xsl:attribute name=\"onclick\">\n                                                            <xsl:value-of select=\"@onclick\"></xsl:value-of>\n                                                        </xsl:attribute>\n                                                        <xsl:for-each select=\"../../PROPERTIES/PROPERTY\">\n                                                            <xsl:attribute name=\"{@name}\">\n                                                                <xsl:value-of select=\"current()\"></xsl:value-of>\n                                                            </xsl:attribute>\n                                                        </xsl:for-each>\n                                                    </input>\n                                                    &#160;\n                                                    <label for=\"{@id}\">\n                                                        <xsl:value-of select=\"current()\"></xsl:value-of>\n                                                    </label>&#160;&#160;\n                                                </xsl:for-each>\n                                                <xsl:if test=\"FIELD\">\n                                                    <div>\n                                                        <xsl:attribute name=\"id\">\n                                                            <xsl:value-of select=\"@Backdivid\"></xsl:value-of>\n                                                        </xsl:attribute>\n                                                        <xsl:attribute name=\"class\">\n                                                            <xsl:value-of select=\"@Backcontrols\"></xsl:value-of>\n                                                        </xsl:attribute>\n                                                        <xsl:for-each select=\"FIELD\">\n                                                            <xsl:choose>\n                                                                <xsl:when test=\"@type=\'TextBox\'\">\n                                                                    <xsl:value-of select=\"@label\" />\n                                                                    <input type=\"text\">\n                                                                        <xsl:for-each select=\"PROPERTIES/PROPERTY\">\n                                                                            <xsl:attribute name=\"{@name}\">\n                                                                                <xsl:value-of select=\"current()\"></xsl:value-of>\n                                                                            </xsl:attribute>\n                                                                        </xsl:for-each>\n                                                                    </input>\n                                                                </xsl:when>\n                                                            \n                                                                <xsl:when test=\"@type=\'RadioButtonList\'\">\n                                                                    <xsl:value-of select=\"@label\" />&#160;\n                                                                    <xsl:for-each select=\"LISTITEMS/LISTITEM\">\n                                                                        <input type=\"radio\">\n                                                                            <xsl:attribute name=\"value\">\n                                                                                <xsl:value-of select=\"@value\"></xsl:value-of>\n                                                                            </xsl:attribute>\n                                                                            <xsl:attribute name=\"id\">\n                                                                                <xsl:value-of select=\"@id\"></xsl:value-of>\n                                                                            </xsl:attribute>\n                                                                            <xsl:if test=\"@Selected = \'true\'\">\n                                                                                <xsl:attribute name=\"checked\">\n                                                                                    <xsl:text>checked</xsl:text>\n                                                                                </xsl:attribute>\n                                                                            </xsl:if>\n                                                                            <xsl:attribute name=\"onclick\">\n                                                                                <xsl:value-of select=\"@onclick\"></xsl:value-of>\n                                                                            </xsl:attribute>\n                                                                            <xsl:for-each select=\"../../PROPERTIES/PROPERTY\">\n                                                                                <xsl:attribute name=\"{@name}\">\n                                                                                    <xsl:value-of select=\"current()\"></xsl:value-of>\n                                                                                </xsl:attribute>\n                                                                            </xsl:for-each>\n                                                                        </input>\n                                                                        &#160;\n                                                                        <label for=\"{@id}\">\n                                                                            <xsl:value-of select=\"current()\"></xsl:value-of>\n                                                                        </label>&#160;&#160;\n                                                                    </xsl:for-each>\n                                                                </xsl:when>\n                                                            \n                                                                <xsl:when test=\"@type=\'DropDownList\'\">\n                                                                    <xsl:value-of select=\"@label\" />&#160;&#160;\n                                                                    <select>\n                                                                        <xsl:for-each select=\"PROPERTIES/PROPERTY\">\n                                                                            <xsl:attribute name=\"{@name}\">\n                                                                                <xsl:value-of select=\"current()\"></xsl:value-of>\n                                                                            </xsl:attribute>\n                                                                        </xsl:for-each>\n                                                                        <xsl:for-each select=\"LISTITEMS/LISTITEM\">\n                                                                            <option>\n                                                                                <xsl:attribute name=\"value\">\n                                                                                    <xsl:value-of select=\"@value\"></xsl:value-of>\n                                                                                </xsl:attribute>\n                                                                                <xsl:if test=\"@Selected = \'true\'\">\n                                                                                    <xsl:attribute name=\"selected\">\n                                                                                        <xsl:text>selected</xsl:text>\n                                                                                    </xsl:attribute>\n                                                                                </xsl:if>\n                                                                                <xsl:value-of select=\"@value\"></xsl:value-of>\n                                                                            </option>\n                                                                        </xsl:for-each>\n                                                                    </select>\n                                                                </xsl:when>\n                                                            </xsl:choose>\n                                                        </xsl:for-each>\n                                                    </div>\n                                                    \n                                                </xsl:if>\n                                            </div>\n                                        </div>\n                                        <div class=\"line line-dashed b-b line-lg \"></div>\n                                    </xsl:when>\n                                \n                                    <!-- Main Checkbox -->\n                                    <xsl:when test=\"@type=\'CheckBoxList\'\">\n                                        <div class=\"form-group\">\n                                            <label class=\"col-sm-3 control-label\">\n                                                <xsl:value-of select=\"@label\" />\n                                                <xsl:if test=\"@required=\'true\'\">\n                                                    <span class=\"required\"> *</span>\n                                                </xsl:if>\n                                            </label>\n                                            <div class=\"col-sm-9\">\n                                                <xsl:for-each select=\"LISTITEMS/LISTITEM\">\n                                                    <input type=\"checkbox\">\n                                                        <xsl:attribute name=\"value\">\n                                                            <xsl:value-of select=\"@value\"></xsl:value-of>\n                                                        </xsl:attribute>\n                                                        <xsl:attribute name=\"id\">\n                                                            <xsl:value-of select=\"@id\"></xsl:value-of>\n                                                        </xsl:attribute>\n                                                        <xsl:if test=\"@Selected = \'true\'\">\n                                                            <xsl:attribute name=\"checked\">\n                                                                <xsl:text>checked</xsl:text>\n                                                            </xsl:attribute>\n                                                        </xsl:if>\n                                                        <xsl:attribute name=\"onclick\">\n                                                            <xsl:value-of select=\"@onclick\"></xsl:value-of>\n                                                        </xsl:attribute>\n                                                        <xsl:for-each select=\"../../PROPERTIES/PROPERTY\">\n                                                            <xsl:attribute name=\"{@name}\">\n                                                                <xsl:value-of select=\"current()\"></xsl:value-of>\n                                                            </xsl:attribute>\n                                                        </xsl:for-each>\n                                                    </input>\n                                                    &#160;\n                                                    <label for=\"{@id}\">\n                                                        <xsl:value-of select=\"current()\"></xsl:value-of>\n                                                    </label>&#160;&#160;\n                                                </xsl:for-each>\n                                                <xsl:if test=\"FIELD\">\n                                                    <div>\n                                                        <xsl:attribute name=\"id\">\n                                                            <xsl:value-of select=\"@Backdivid\"></xsl:value-of>\n                                                        </xsl:attribute>\n                                                        <xsl:attribute name=\"class\">\n                                                            <xsl:value-of select=\"@Backcontrols\"></xsl:value-of>\n                                                        </xsl:attribute>\n                                                        <xsl:for-each select=\"FIELD\">\n                                                            <xsl:choose>\n                                                                <xsl:when test=\"@type=\'TextBox\'\">\n                                                                    <xsl:value-of select=\"@label\" />\n                                                                    <input type=\"text\">\n                                                                        <xsl:for-each select=\"PROPERTIES/PROPERTY\">\n                                                                            <xsl:attribute name=\"{@name}\">\n                                                                                <xsl:value-of select=\"current()\"></xsl:value-of>\n                                                                            </xsl:attribute>\n                                                                        </xsl:for-each>\n                                                                    </input>\n                                                                </xsl:when>\n                                                            </xsl:choose>\n                                                        </xsl:for-each>\n                                                    </div>\n                                                </xsl:if>\n                                            </div>\n                                        </div>\n                                        <div class=\"line line-dashed b-b line-lg \"></div>\n                                    </xsl:when>\n                                    \n                                    <!-- Main Textarea Full -->\n                                    <xsl:when test=\"@type=\'textareaFull\'\">\n                                        <div class=\"form-group\">\n                                            <div class=\"col-sm-12\">\n                                                <label>\n                                                    <xsl:value-of select=\"@label\" />\n                                                </label>\n                                                <textarea>\n                                                    <xsl:for-each select=\"PROPERTIES/PROPERTY\">\n                                                        <xsl:attribute name=\"{@name}\">\n                                                            <xsl:value-of select=\"current()\"></xsl:value-of>\n                                                        </xsl:attribute>\n                                                    </xsl:for-each>\n                                                    <xsl:value-of select=\"VALUE\"></xsl:value-of>\n                                                </textarea>\n                                            </div>\n                                        </div>\n                                        <div class=\"line line-dashed b-b line-lg \"></div>\n                                    </xsl:when>\n                                \n                                    <!-- Main Grid -->\n                                    <xsl:when test=\"@type=\'RadGrid\'\">\n                                        <div class=\"form-group\">\n                                            <div class=\"col-sm-12\">\n                                                \n                                                <div class=\"form-group\">\n                                                    <table>\n                                                        <xsl:for-each select=\"PROPERTIES/PROPERTY\">\n                                                            <xsl:attribute name=\"{@name}\">\n                                                                <xsl:value-of select=\"current()\"></xsl:value-of>\n                                                            </xsl:attribute>\n                                                        </xsl:for-each>\n                                                        <thead>\n                                                            <tr>\n                                                                <xsl:for-each select=\"HEADER/TH\">\n                                                                    <th>\n                                                                        <xsl:value-of select=\"current()\" />\n                                                                    </th>\n                                                                </xsl:for-each>\n                                                            </tr>\n                                                        </thead>\n                                                        <tbody>\n                                                            <xsl:for-each select=\"COLUMNS\">\n                                                                <tr>\n                                                                    <xsl:for-each select=\"FIELD\">\n                                                                        <td>\n                                                                            <xsl:choose>\n                                                                                <!-- Grid Main TextBox-->\n                                                                                <xsl:when test=\"@type=\'TextBox\'\">\n                                                                                    <input type=\"text\">\n                                                                                        <xsl:for-each select=\"PROPERTIES/PROPERTY\">\n                                                                                            <xsl:attribute name=\"{@name}\">\n                                                                                                <xsl:value-of select=\"current()\"></xsl:value-of>\n                                                                                            </xsl:attribute>\n                                                                                        </xsl:for-each>\n                                                                                    </input>\n                                                                                    <xsl:if test=\"FIELD\">\n                                                                                        <xsl:for-each select=\"FIELD\">\n                                                                                            <xsl:choose>\n                                                                                                <xsl:when test=\"@type=\'DropDownList\'\">\n                                                                                                    <select>\n                                                                                                        <xsl:for-each select=\"PROPERTIES/PROPERTY\">\n                                                                                                            <xsl:attribute name=\"{@name}\">\n                                                                                                                <xsl:value-of select=\"current()\"></xsl:value-of>\n                                                                                                            </xsl:attribute>\n                                                                                                        </xsl:for-each>\n                                                                                                        <xsl:for-each select=\"LISTITEMS/LISTITEM\">\n                                                                                                            <option>\n                                                                                                                <xsl:attribute name=\"value\">\n                                                                                                                    <xsl:value-of select=\"@value\"></xsl:value-of>\n                                                                                                                </xsl:attribute>\n                                                                                                                <xsl:if test=\"@Selected = \'true\'\">\n                                                                                                                    <xsl:attribute name=\"selected\">\n                                                                                                                        <xsl:text>selected</xsl:text>\n                                                                                                                    </xsl:attribute>\n                                                                                                                </xsl:if>\n                                                                                                                <xsl:value-of select=\"@value\"></xsl:value-of>\n                                                                                                            </option>\n                                                                                                        </xsl:for-each>\n                                                                                                    </select>\n                                                                                                </xsl:when>\n                                                                                            </xsl:choose>\n                                                                                        </xsl:for-each>\n                                                                                    </xsl:if>\n                                                                                </xsl:when>\n                                                                            \n                                                                                <!-- Grid Main Text Box With DropDownList-->\n                                                                                <xsl:when test=\"@type=\'TextBoxDDL\'\">\n                                                                                    <div class=\"row\">\n                                                                                        <div class=\"col-sm-6\">\n                                                                                            <input type=\"text\">\n                                                                                                <xsl:for-each select=\"PROPERTIES/PROPERTY\">\n                                                                                                    <xsl:attribute name=\"{@name}\">\n                                                                                                        <xsl:value-of select=\"current()\"></xsl:value-of>\n                                                                                                    </xsl:attribute>\n                                                                                                </xsl:for-each>\n                                                                                            </input>\n                                                                                        </div>\n                                                                                        <div class=\"col-sm-6\">\n                                                                                            <select>\n                                                                                                <xsl:for-each select=\"FIELD/PROPERTIES/PROPERTY\">\n                                                                                                    <xsl:attribute name=\"{@name}\">\n                                                                                                        <xsl:value-of select=\"current()\"></xsl:value-of>\n                                                                                                    </xsl:attribute>\n                                                                                                </xsl:for-each>\n                                                                                                <xsl:for-each select=\"FIELD/LISTITEMS/LISTITEM\">\n                                                                                                    <option>\n                                                                                                        <xsl:attribute name=\"value\">\n                                                                                                            <xsl:value-of select=\"@value\"></xsl:value-of>\n                                                                                                        </xsl:attribute>\n                                                                                                        <xsl:if test=\"@Selected = \'true\'\">\n                                                                                                            <xsl:attribute name=\"selected\">\n                                                                                                                <xsl:text>selected</xsl:text>\n                                                                                                            </xsl:attribute>\n                                                                                                        </xsl:if>\n                                                                                                        <xsl:value-of select=\"@value\"></xsl:value-of>\n                                                                                                    </option>\n                                                                                                </xsl:for-each>\n                                                                                            </select>\n                                                                                        </div>\n                                                                                    </div>\n                                                                                </xsl:when>\n                                    \n                                                                                <!-- Grid Main DropDownList-->\n                                                                                <xsl:when test=\"@type=\'DropDownList\'\">\n                                                                                    <select>\n                                                                                        <xsl:for-each select=\"PROPERTIES/PROPERTY\">\n                                                                                            <xsl:attribute name=\"{@name}\">\n                                                                                                <xsl:value-of select=\"current()\"></xsl:value-of>\n                                                                                            </xsl:attribute>\n                                                                                        </xsl:for-each>\n                                                                                        <xsl:for-each select=\"LISTITEMS/LISTITEM\">\n                                                                                            <option>\n                                                                                                <xsl:attribute name=\"value\">\n                                                                                                    <xsl:value-of select=\"@value\"></xsl:value-of>\n                                                                                                </xsl:attribute>\n                                                                                                <xsl:if test=\"@Selected = \'true\'\">\n                                                                                                    <xsl:attribute name=\"selected\">\n                                                                                                        <xsl:text>selected</xsl:text>\n                                                                                                    </xsl:attribute>\n                                                                                                </xsl:if>\n                                                                                                <xsl:value-of select=\"@value\"></xsl:value-of>\n                                                                                            </option>\n                                                                                        </xsl:for-each>\n                                                                                    </select>\n                                                                                </xsl:when>\n                                                                    \n                                                                                <!-- Grid Main RadioButton-->\n                                                                                <xsl:when test=\"@type=\'RadioButtonList\'\">\n                                                                                    <xsl:for-each select=\"LISTITEMS/LISTITEM\">\n                                                                                        <input type=\"radio\">\n                                                                                            <xsl:attribute name=\"value\">\n                                                                                                <xsl:value-of select=\"@value\"></xsl:value-of>\n                                                                                            </xsl:attribute>\n                                                                                            <xsl:attribute name=\"id\">\n                                                                                                <xsl:value-of select=\"@id\"></xsl:value-of>\n                                                                                            </xsl:attribute>\n                                                                                            <xsl:if test=\"@Selected = \'true\'\">\n                                                                                                <xsl:attribute name=\"checked\">\n                                                                                                    <xsl:text>checked</xsl:text>\n                                                                                                </xsl:attribute>\n                                                                                            </xsl:if>\n                                                                                            <xsl:attribute name=\"onclick\">\n                                                                                                <xsl:value-of select=\"@onclick\"></xsl:value-of>\n                                                                                            </xsl:attribute>\n                                                                                            <xsl:for-each select=\"../../PROPERTIES/PROPERTY\">\n                                                                                                <xsl:attribute name=\"{@name}\">\n                                                                                                    <xsl:value-of select=\"current()\"></xsl:value-of>\n                                                                                                </xsl:attribute>\n                                                                                            </xsl:for-each>\n                                                                                        </input>\n                                                                                    &#160;\n                                                                                        <label for=\"{@id}\">\n                                                                                            <xsl:value-of select=\"current()\"></xsl:value-of>\n                                                                                        </label>&#160;&#160;\n                                                                                    </xsl:for-each>\n                                                                                    <xsl:if test=\"FIELD\">\n                                                                                        <div>\n                                                                                            <xsl:attribute name=\"id\">\n                                                                                                <xsl:value-of select=\"@Backdivid\"></xsl:value-of>\n                                                                                            </xsl:attribute>\n                                                                                            <xsl:attribute name=\"class\">\n                                                                                                <xsl:value-of select=\"@Backcontrols\"></xsl:value-of>\n                                                                                            </xsl:attribute>\n                                                                                            <xsl:for-each select=\"FIELD\">\n                                                                                                <xsl:choose>\n                                                                                                    <xsl:when test=\"@type=\'TextBox\'\">\n                                                                                                        <xsl:value-of select=\"@label\" />\n                                                                                                        <input type=\"text\">\n                                                                                                            <xsl:for-each select=\"PROPERTIES/PROPERTY\">\n                                                                                                                <xsl:attribute name=\"{@name}\">\n                                                                                                                    <xsl:value-of select=\"current()\"></xsl:value-of>\n                                                                                                                </xsl:attribute>\n                                                                                                            </xsl:for-each>\n                                                                                                        </input>\n                                                                                                    </xsl:when>\n                                                                                                </xsl:choose>\n                                                                                            </xsl:for-each>\n                                                                                        </div>\n                                                                                    </xsl:if>\n                                                                                </xsl:when>\n                                                                            </xsl:choose>\n                                                                        </td>\n                                                                    </xsl:for-each>\n                                                                </tr>\n                                                            </xsl:for-each>\n                                                \n                                                        </tbody>\n                                                    </table>\n                                                </div>\n                                                \n                                                <xsl:if test=\"@ADDButton=\'True\'\">\n                                                    <input type=\"button\">\n                                                        <xsl:attribute name=\"class\">\n                                                            <xsl:text>addMore btn btn-info pull-right</xsl:text>\n                                                        </xsl:attribute>\n                                                        <xsl:attribute name=\"value\">\n                                                            <xsl:text>Add</xsl:text>\n                                                        </xsl:attribute>\n                                                        <xsl:attribute name=\"id\">\n                                                            <xsl:value-of select=\"@ADDButtonID\"></xsl:value-of>\n                                                        </xsl:attribute>\n                                                        <xsl:attribute name=\"data-table-id\">\n                                                            <xsl:value-of select=\"@AddButtonTableId\"></xsl:value-of>\n                                                        </xsl:attribute>\n                                                    </input>\n                                                </xsl:if>\n                                            </div>\n                                        </div>\n                                        <div class=\"line line-dashed b-b line-lg \"></div>\n                                    </xsl:when>\n                                    \n                                    <!-- Main Panel Bar -->\n                                    <xsl:when test=\"@type=\'PanelBar\'\">\n                                        <div class=\"panel panel-default\">\n                                            <div class=\"panel-heading\">\n                                                <h4 class=\"panel-title\">\n                                                    <a class=\"accordion-toggle\" data-toggle=\"collapse\" data-target=\"#{@target_div}\" href=\"javascript:void(0)\">\n                                                        <span>\n                                                            <xsl:value-of select=\"@label\"></xsl:value-of>\n                                                        </span>\n                                                    </a>\n                                                </h4>\n                                            </div>\n                                            <div id=\"{@target_div}\" class=\"collapse panel-body\">\n                                                <xsl:for-each select=\"FIELD\">\n                                                    <xsl:choose>\n                                                        <xsl:when test=\"@type=\'Header2\'\">\n                                                            <div class=\"col-sm-12\">\n                                                                <h2>\n                                                                    <span class=\"label bg-dark\"> \n                                                                        <xsl:value-of select=\"@label\" /> \n                                                                    </span>\n                                                                </h2>\n                                                            </div>\n                                                        </xsl:when>\n                                                        \n                                                        <!-- Panel Bar Main Grid -->\n                                                        <xsl:when test=\"@type=\'RadGrid\'\">\n                                                            <div class=\"form-group\">\n                                                                <div class=\"col-sm-12\">\n                                                                    <div class=\"form-group\">\n                                                                        <table>\n                                                                            <xsl:for-each select=\"PROPERTIES/PROPERTY\">\n                                                                                <xsl:attribute name=\"{@name}\">\n                                                                                    <xsl:value-of select=\"current()\"></xsl:value-of>\n                                                                                </xsl:attribute>\n                                                                            </xsl:for-each>\n                                                                            <thead>\n                                                                                <tr>\n                                                                                    <xsl:for-each select=\"HEADER/TH\">\n                                                                                        <th>\n                                                                                            <xsl:value-of select=\"current()\" />\n                                                                                        </th>\n                                                                                    </xsl:for-each>\n                                                                                </tr>\n                                                                            </thead>\n                                                                            <tbody>\n                                                                                <xsl:for-each select=\"COLUMNS\">\n                                                                                    <tr>\n                                                                                        <xsl:for-each select=\"FIELD\">\n                                                                                            <td>\n                                                                                                <xsl:choose>\n                                                                                                    <xsl:when test=\"@type=\'TextBox\'\">\n                                                                                                        <input type=\"text\">\n                                                                                                            <xsl:for-each select=\"PROPERTIES/PROPERTY\">\n                                                                                                                <xsl:attribute name=\"{@name}\">\n                                                                                                                    <xsl:value-of select=\"current()\"></xsl:value-of>\n                                                                                                                </xsl:attribute>\n                                                                                                            </xsl:for-each>\n                                                                                                        </input>\n                                                                                                        <xsl:if test=\"FIELD\">\n                                                                                                            <xsl:for-each select=\"FIELD\">\n                                                                                                                <xsl:choose>\n                                                                                                                    <xsl:when test=\"@type=\'DropDownList\'\">\n                                                                                                                        <select>\n                                                                                                                            <xsl:for-each select=\"PROPERTIES/PROPERTY\">\n                                                                                                                                <xsl:attribute name=\"{@name}\">\n                                                                                                                                    <xsl:value-of select=\"current()\"></xsl:value-of>\n                                                                                                                                </xsl:attribute>\n                                                                                                                            </xsl:for-each>\n                                                                                                                            <xsl:for-each select=\"LISTITEMS/LISTITEM\">\n                                                                                                                                <option>\n                                                                                                                                    <xsl:attribute name=\"value\">\n                                                                                                                                        <xsl:value-of select=\"@value\"></xsl:value-of>\n                                                                                                                                    </xsl:attribute>\n                                                                                                                                    <xsl:if test=\"@Selected = \'true\'\">\n                                                                                                                                        <xsl:attribute name=\"selected\">\n                                                                                                                                            <xsl:text>selected</xsl:text>\n                                                                                                                                        </xsl:attribute>\n                                                                                                                                    </xsl:if>\n                                                                                                                                    <xsl:value-of select=\"@value\"></xsl:value-of>\n                                                                                                                                </option>\n                                                                                                                            </xsl:for-each>\n                                                                                                                        </select>\n                                                                                                                    </xsl:when>\n                                                                                                                </xsl:choose>\n                                                                                                            </xsl:for-each>\n                                                                                                        </xsl:if>\n                                                                                                    </xsl:when>\n                                                                                                \n                                                                                                    <!--Panel Bar Grid Main Text Box With DropDownList-->\n                                                                                                    <xsl:when test=\"@type=\'TextBoxDDL\'\">\n                                                                                                        <div class=\"row\">\n                                                                                                            <div class=\"col-sm-6\">\n                                                                                                                <input type=\"text\">\n                                                                                                                    <xsl:for-each select=\"PROPERTIES/PROPERTY\">\n                                                                                                                        <xsl:attribute name=\"{@name}\">\n                                                                                                                            <xsl:value-of select=\"current()\"></xsl:value-of>\n                                                                                                                        </xsl:attribute>\n                                                                                                                    </xsl:for-each>\n                                                                                                                </input>\n                                                                                                            </div>\n                                                                                                            <div class=\"col-sm-6\">\n                                                                                                                <select>\n                                                                                                                    <xsl:for-each select=\"FIELD/PROPERTIES/PROPERTY\">\n                                                                                                                        <xsl:attribute name=\"{@name}\">\n                                                                                                                            <xsl:value-of select=\"current()\"></xsl:value-of>\n                                                                                                                        </xsl:attribute>\n                                                                                                                    </xsl:for-each>\n                                                                                                                    <xsl:for-each select=\"FIELD/LISTITEMS/LISTITEM\">\n                                                                                                                        <option>\n                                                                                                                            <xsl:attribute name=\"value\">\n                                                                                                                                <xsl:value-of select=\"@value\"></xsl:value-of>\n                                                                                                                            </xsl:attribute>\n                                                                                                                            <xsl:if test=\"@Selected = \'true\'\">\n                                                                                                                                <xsl:attribute name=\"selected\">\n                                                                                                                                    <xsl:text>selected</xsl:text>\n                                                                                                                                </xsl:attribute>\n                                                                                                                            </xsl:if>\n                                                                                                                            <xsl:value-of select=\"@value\"></xsl:value-of>\n                                                                                                                        </option>\n                                                                                                                    </xsl:for-each>\n                                                                                                                </select>\n                                                                                                            </div>\n                                                                                                        </div>\n                                                                                                    </xsl:when>\n                                                                    \n                                                                                                    <xsl:when test=\"@type=\'DropDownList\'\">\n                                                                                                        <select>\n                                                                                                            <xsl:for-each select=\"PROPERTIES/PROPERTY\">\n                                                                                                                <xsl:attribute name=\"{@name}\">\n                                                                                                                    <xsl:value-of select=\"current()\"></xsl:value-of>\n                                                                                                                </xsl:attribute>\n                                                                                                            </xsl:for-each>\n                                                                                                            <xsl:for-each select=\"LISTITEMS/LISTITEM\">\n                                                                                                                <option>\n                                                                                                                    <xsl:attribute name=\"value\">\n                                                                                                                        <xsl:value-of select=\"@value\"></xsl:value-of>\n                                                                                                                    </xsl:attribute>\n                                                                                                                    <xsl:if test=\"@Selected = \'true\'\">\n                                                                                                                        <xsl:attribute name=\"selected\">\n                                                                                                                            <xsl:text>selected</xsl:text>\n                                                                                                                        </xsl:attribute>\n                                                                                                                    </xsl:if>\n                                                                                                                    <xsl:value-of select=\"@value\"></xsl:value-of>\n                                                                                                                </option>\n                                                                                                            </xsl:for-each>\n                                                                                                        </select>\n                                                                                                    </xsl:when>\n                                                                    \n                                                                                                    <xsl:when test=\"@type=\'RadioButtonList\'\">\n                                                                                                        <xsl:for-each select=\"LISTITEMS/LISTITEM\">\n                                                                                                            <input type=\"radio\">\n                                                                                                                <xsl:attribute name=\"value\">\n                                                                                                                    <xsl:value-of select=\"@value\"></xsl:value-of>\n                                                                                                                </xsl:attribute>\n                                                                                                                <xsl:attribute name=\"id\">\n                                                                                                                    <xsl:value-of select=\"@id\"></xsl:value-of>\n                                                                                                                </xsl:attribute>\n                                                                                                                <xsl:if test=\"@Selected = \'true\'\">\n                                                                                                                    <xsl:attribute name=\"checked\">\n                                                                                                                        <xsl:text>checked</xsl:text>\n                                                                                                                    </xsl:attribute>\n                                                                                                                </xsl:if>\n                                                                                                                <xsl:attribute name=\"onclick\">\n                                                                                                                    <xsl:value-of select=\"@onclick\"></xsl:value-of>\n                                                                                                                </xsl:attribute>\n                                                                                                                <xsl:for-each select=\"../../PROPERTIES/PROPERTY\">\n                                                                                                                    <xsl:attribute name=\"{@name}\">\n                                                                                                                        <xsl:value-of select=\"current()\"></xsl:value-of>\n                                                                                                                    </xsl:attribute>\n                                                                                                                </xsl:for-each>\n                                                                                                            </input>\n                                                                                                        &#160;\n                                                                                                            <label for=\"{@id}\">\n                                                                                                                <xsl:value-of select=\"current()\"></xsl:value-of>\n                                                                                                            </label>&#160;&#160;\n                                                                                                        </xsl:for-each>\n                                                                                                        <xsl:if test=\"FIELD\">\n                                                                                                            <div>\n                                                                                                                <xsl:attribute name=\"id\">\n                                                                                                                    <xsl:value-of select=\"@Backdivid\"></xsl:value-of>\n                                                                                                                </xsl:attribute>\n                                                                                                                <xsl:attribute name=\"class\">\n                                                                                                                    <xsl:value-of select=\"@Backcontrols\"></xsl:value-of>\n                                                                                                                </xsl:attribute>\n                                                                                                                <xsl:for-each select=\"FIELD\">\n                                                                                                                    <xsl:choose>\n                                                                                                                        <xsl:when test=\"@type=\'TextBox\'\">\n                                                                                                                            <xsl:value-of select=\"@label\" />\n                                                                                                                            <input type=\"text\">\n                                                                                                                                <xsl:for-each select=\"PROPERTIES/PROPERTY\">\n                                                                                                                                    <xsl:attribute name=\"{@name}\">\n                                                                                                                                        <xsl:value-of select=\"current()\"></xsl:value-of>\n                                                                                                                                    </xsl:attribute>\n                                                                                                                                </xsl:for-each>\n                                                                                                                            </input>\n                                                                                                                        </xsl:when>\n                                                                                                                    </xsl:choose>\n                                                                                                                </xsl:for-each>\n                                                                                                            </div>\n                                                                                                        </xsl:if>\n                                                                                                    </xsl:when>\n                                                                                                \n                                                                                                    <xsl:when test=\"@type=\'CheckBoxList\'\">\n                                                                                                        <xsl:for-each select=\"LISTITEMS/LISTITEM\">\n                                                                                                            <input type=\"checkbox\">\n                                                                                                                <xsl:attribute name=\"value\">\n                                                                                                                    <xsl:value-of select=\"@value\"></xsl:value-of>\n                                                                                                                </xsl:attribute>\n                                                                                                                <xsl:attribute name=\"id\">\n                                                                                                                    <xsl:value-of select=\"@id\"></xsl:value-of>\n                                                                                                                </xsl:attribute>\n                                                                                                                <xsl:if test=\"@Selected = \'true\'\">\n                                                                                                                    <xsl:attribute name=\"checked\">\n                                                                                                                        <xsl:text>checked</xsl:text>\n                                                                                                                    </xsl:attribute>\n                                                                                                                </xsl:if>\n                                                                                                                <xsl:attribute name=\"onclick\">\n                                                                                                                    <xsl:value-of select=\"@onclick\"></xsl:value-of>\n                                                                                                                </xsl:attribute>\n                                                                                                                <xsl:for-each select=\"../../PROPERTIES/PROPERTY\">\n                                                                                                                    <xsl:attribute name=\"{@name}\">\n                                                                                                                        <xsl:value-of select=\"current()\"></xsl:value-of>\n                                                                                                                    </xsl:attribute>\n                                                                                                                </xsl:for-each>\n                                                                                                            </input>\n                                                                        &#160;\n                                                                                                            <label for=\"{@id}\">\n                                                                                                                <xsl:value-of select=\"current()\"></xsl:value-of>\n                                                                                                            </label>&#160;&#160;\n                                                                                                        </xsl:for-each>\n                                                                                                    </xsl:when>\n                                                                                                </xsl:choose>\n                                                                                            </td>\n                                                                                        </xsl:for-each>\n                                                                                    </tr>\n                                                                                </xsl:for-each>\n                                                                            </tbody>\n                                                                        </table>\n                                                                    </div>\n                                                                    \n                                                                    <xsl:if test=\"@ADDButton=\'True\'\">\n                                                                        <input type=\"button\">\n                                                                            <xsl:attribute name=\"class\">\n                                                                                <xsl:text>addMore btn btn-info pull-right</xsl:text>\n                                                                            </xsl:attribute>\n                                                                            <xsl:attribute name=\"value\">\n                                                                                <xsl:text>Add</xsl:text>\n                                                                            </xsl:attribute>\n                                                                            <xsl:attribute name=\"id\">\n                                                                                <xsl:value-of select=\"@ADDButtonID\"></xsl:value-of>\n                                                                            </xsl:attribute>\n                                                                            <xsl:attribute name=\"data-table-id\">\n                                                                                <xsl:value-of select=\"@AddButtonTableId\"></xsl:value-of>\n                                                                            </xsl:attribute>\n                                                                        </input>\n                                                                    </xsl:if>\n                                                                </div>\n                                                            </div>\n                                                            <div class=\"line line-dashed b-b line-lg \"></div>\n                                                        </xsl:when>\n                                                        \n                                                        <!-- Panel Bar Main Radio Button -->\n                                                        <xsl:when test=\"@type=\'RadioButtonList\'\">\n                                                            <div class=\"form-group\">\n                                                                <label class=\"col-sm-3 control-label\">\n                                                                    <xsl:value-of select=\"@label\" />\n                                                                    <xsl:if test=\"@required=\'true\'\">\n                                                                        <span class=\"required\"> *</span>\n                                                                    </xsl:if>\n                                                                </label>&#160;&#160;\n                                                                <div class=\"col-sm-8\">\n                                                                    <xsl:for-each select=\"LISTITEMS/LISTITEM\">\n                                                                        <input type=\"radio\">\n                                                                            <xsl:attribute name=\"value\">\n                                                                                <xsl:value-of select=\"@value\"></xsl:value-of>\n                                                                            </xsl:attribute>\n                                                                            <xsl:attribute name=\"id\">\n                                                                                <xsl:value-of select=\"@id\"></xsl:value-of>\n                                                                            </xsl:attribute>\n                                                                            <xsl:if test=\"@Selected = \'true\'\">\n                                                                                <xsl:attribute name=\"checked\">\n                                                                                    <xsl:text>checked</xsl:text>\n                                                                                </xsl:attribute>\n                                                                            </xsl:if>\n                                                                            <xsl:attribute name=\"onclick\">\n                                                                                <xsl:value-of select=\"@onclick\"></xsl:value-of>\n                                                                            </xsl:attribute>\n                                                                            <xsl:for-each select=\"../../PROPERTIES/PROPERTY\">\n                                                                                <xsl:attribute name=\"{@name}\">\n                                                                                    <xsl:value-of select=\"current()\"></xsl:value-of>\n                                                                                </xsl:attribute>\n                                                                            </xsl:for-each>\n                                                                        </input>\n                                                                        &#160;\n                                                                        <label for=\"{@id}\">\n                                                                            <xsl:value-of select=\"current()\"></xsl:value-of>\n                                                                        </label>&#160;&#160;\n                                                                    </xsl:for-each>\n                                                                    <xsl:if test=\"FIELD\">\n                                                                        <div>\n                                                                            <xsl:attribute name=\"id\">\n                                                                                <xsl:value-of select=\"@Backdivid\"></xsl:value-of>\n                                                                            </xsl:attribute>\n                                                                            <xsl:attribute name=\"class\">\n                                                                                <xsl:value-of select=\"@Backcontrols\"></xsl:value-of>\n                                                                            </xsl:attribute>\n                                                                            <xsl:for-each select=\"FIELD\">\n                                                                                <xsl:choose>\n                                                                                    <xsl:when test=\"@type=\'DropDownList\'\">\n                                                                                        <div>\n                                                                                            <xsl:value-of select=\"@label\" />\n                                                                                            <select>\n                                                                                                <xsl:for-each select=\"PROPERTIES/PROPERTY\">\n                                                                                                    <xsl:attribute name=\"{@name}\">\n                                                                                                        <xsl:value-of select=\"current()\"></xsl:value-of>\n                                                                                                    </xsl:attribute>\n                                                                                                </xsl:for-each>\n                                                                                                <xsl:for-each select=\"LISTITEMS/LISTITEM\">\n                                                                                                    <option>\n                                                                                                        <xsl:attribute name=\"value\">\n                                                                                                            <xsl:value-of select=\"@value\"></xsl:value-of>\n                                                                                                        </xsl:attribute>\n                                                                                                        <xsl:if test=\"@Selected = \'true\'\">\n                                                                                                            <xsl:attribute name=\"selected\">\n                                                                                                                <xsl:text>selected</xsl:text>\n                                                                                                            </xsl:attribute>\n                                                                                                        </xsl:if>\n                                                                                                        <xsl:value-of select=\"@value\"></xsl:value-of>\n                                                                                                    </option>\n                                                                                                </xsl:for-each>\n                                                                                            </select>\n                                                                                        </div>\n                                                                                    </xsl:when>\n                                                                                    \n                                                                                    <xsl:when test=\"@type=\'TextBox\'\">\n                                                                                        <div>\n                                                                                            <xsl:value-of select=\"@label\" />\n                                                                                            <input type=\"text\">\n                                                                                                <xsl:for-each select=\"PROPERTIES/PROPERTY\">\n                                                                                                    <xsl:attribute name=\"{@name}\">\n                                                                                                        <xsl:value-of select=\"current()\"></xsl:value-of>\n                                                                                                    </xsl:attribute>\n                                                                                                </xsl:for-each>\n                                                                                            </input>\n                                                                                        </div>\n                                                                                    </xsl:when>\n                                                                                    \n                                                                                    <xsl:when test=\"@type=\'RadioButtonList\'\">\n                                                                                        <div>\n                                                                                            <xsl:value-of select=\"@label\" />\n                                                                                            <xsl:for-each select=\"LISTITEMS/LISTITEM\">\n                                                                                                <input type=\"radio\">\n                                                                                                    <xsl:attribute name=\"value\">\n                                                                                                        <xsl:value-of select=\"@value\"></xsl:value-of>\n                                                                                                    </xsl:attribute>\n                                                                                                    <xsl:attribute name=\"id\">\n                                                                                                        <xsl:value-of select=\"@id\"></xsl:value-of>\n                                                                                                    </xsl:attribute>\n                                                                                                    <xsl:if test=\"@Selected = \'true\'\">\n                                                                                                        <xsl:attribute name=\"checked\">\n                                                                                                            <xsl:text>checked</xsl:text>\n                                                                                                        </xsl:attribute>\n                                                                                                    </xsl:if>\n                                                                                                    <xsl:attribute name=\"onclick\">\n                                                                                                        <xsl:value-of select=\"@onclick\"></xsl:value-of>\n                                                                                                    </xsl:attribute>\n                                                                                                    <xsl:for-each select=\"../../PROPERTIES/PROPERTY\">\n                                                                                                        <xsl:attribute name=\"{@name}\">\n                                                                                                            <xsl:value-of select=\"current()\"></xsl:value-of>\n                                                                                                        </xsl:attribute>\n                                                                                                    </xsl:for-each>\n                                                                                                </input>\n                                                                                                &#160;\n                                                                                                <label for=\"{@id}\">\n                                                                                                    <xsl:value-of select=\"current()\"></xsl:value-of>\n                                                                                                </label>&#160;&#160;\n                                                                                            </xsl:for-each>\n                                                                                        </div>\n                                                                                    </xsl:when>\n                                                                                    \n                                                                                    <xsl:when test=\"@type=\'CheckBoxList\'\">\n                                                                                        <xsl:value-of select=\"@label\" />\n                                                                                        <div>\n                                                                                            <xsl:for-each select=\"LISTITEMS/LISTITEM\">\n                                                                                                <input type=\"checkbox\">\n                                                                                                    <xsl:attribute name=\"value\">\n                                                                                                        <xsl:value-of select=\"@value\"></xsl:value-of>\n                                                                                                    </xsl:attribute>\n                                                                                                    <xsl:attribute name=\"id\">\n                                                                                                        <xsl:value-of select=\"@id\"></xsl:value-of>\n                                                                                                    </xsl:attribute>\n                                                                                                    <xsl:if test=\"@Selected = \'true\'\">\n                                                                                                        <xsl:attribute name=\"checked\">\n                                                                                                            <xsl:text>checked</xsl:text>\n                                                                                                        </xsl:attribute>\n                                                                                                    </xsl:if>\n                                                                                                    <xsl:attribute name=\"onclick\">\n                                                                                                        <xsl:value-of select=\"@onclick\"></xsl:value-of>\n                                                                                                    </xsl:attribute>\n                                                                                                    <xsl:for-each select=\"../../PROPERTIES/PROPERTY\">\n                                                                                                        <xsl:attribute name=\"{@name}\">\n                                                                                                            <xsl:value-of select=\"current()\"></xsl:value-of>\n                                                                                                        </xsl:attribute>\n                                                                                                    </xsl:for-each>\n                                                                                                </input>\n                                                                        &#160;\n                                                                                                <label for=\"{@id}\">\n                                                                                                    <xsl:value-of select=\"current()\"></xsl:value-of>\n                                                                                                </label>&#160;&#160;\n                                                                                            </xsl:for-each>\n                                                                                        </div>\n                                                                                    </xsl:when>\n                                                                                </xsl:choose>\n                                                                            </xsl:for-each>\n                                                                        </div>\n                                                                    </xsl:if>\n                                                                </div>\n                                                            </div>\n                                                            <div class=\"line line-dashed b-b line-lg \"></div>\n                                                        </xsl:when>\n                                                        \n                                                        <!-- Panel Bar Main TextBox -->\n                                                        <xsl:when test=\"@type=\'TextBox\'\">\n                                                            <div class=\"form-group\">\n                                                                <label class=\"col-sm-3 control-label\">\n                                                                    <xsl:value-of select=\"@label\" />\n                                                                    <xsl:if test=\"@required=\'true\'\">\n                                                                        <span class=\"required\"> *</span>\n                                                                    </xsl:if>\n                                                                </label>\n                                                                <div class=\"col-sm-4\">\n                                                                    <input type=\"text\">\n                                                                        <xsl:for-each select=\"PROPERTIES/PROPERTY\">\n                                                                            <xsl:attribute name=\"{@name}\">\n                                                                                <xsl:value-of select=\"current()\"></xsl:value-of>\n                                                                            </xsl:attribute>\n                                                                        </xsl:for-each>\n                                                                    </input>\n                                                                    <xsl:if test=\"FIELD\">\n                                                                        <xsl:for-each select=\"FIELD\">\n                                                                            <xsl:choose>\n                                                                                <xsl:when test=\"@type=\'DropDownList\'\">\n                                                                                    <select>\n                                                                                        <xsl:for-each select=\"PROPERTIES/PROPERTY\">\n                                                                                            <xsl:attribute name=\"{@name}\">\n                                                                                                <xsl:value-of select=\"current()\"></xsl:value-of>\n                                                                                            </xsl:attribute>\n                                                                                        </xsl:for-each>\n                                                                                        <xsl:for-each select=\"LISTITEMS/LISTITEM\">\n                                                                                            <option>\n                                                                                                <xsl:attribute name=\"value\">\n                                                                                                    <xsl:value-of select=\"@value\"></xsl:value-of>\n                                                                                                </xsl:attribute>\n                                                                                                <xsl:if test=\"@Selected = \'true\'\">\n                                                                                                    <xsl:attribute name=\"selected\">\n                                                                                                        <xsl:text>selected</xsl:text>\n                                                                                                    </xsl:attribute>\n                                                                                                </xsl:if>\n                                                                                                <xsl:value-of select=\"@value\"></xsl:value-of>\n                                                                                            </option>\n                                                                                        </xsl:for-each>\n                                                                                    </select>\n                                                                                </xsl:when>\n                                                                            </xsl:choose>\n                                                                        </xsl:for-each>\n                                                                    </xsl:if>\n                                                                </div>\n                                                            </div>\n                                                            <div class=\"line line-dashed b-b line-lg \"></div>\n                                                        </xsl:when>\n                                                        \n                                                        <!-- Panel Bar Main Textarea Full -->\n                                                        <xsl:when test=\"@type=\'textareaFull\'\">\n                                                            <div class=\"form-group\">\n                                                                <div class=\"col-sm-12\">\n                                                                    <label>\n                                                                        <xsl:value-of select=\"@label\" />\n                                                                    </label>\n                                                                    <textarea>\n                                                                        <xsl:for-each select=\"PROPERTIES/PROPERTY\">\n                                                                            <xsl:attribute name=\"{@name}\">\n                                                                                <xsl:value-of select=\"current()\"></xsl:value-of>\n                                                                            </xsl:attribute>\n                                                                        </xsl:for-each>\n                                                                        <xsl:value-of select=\"VALUE\"></xsl:value-of>\n                                                                    </textarea>\n                                                                </div>\n                                                            </div>\n                                                            <div class=\"line line-dashed b-b line-lg \"></div>\n                                                        </xsl:when>\n                                                        \n                                                        <!-- Panel Bar Main Checkbox -->\n                                                        <xsl:when test=\"@type=\'CheckBoxList\'\">\n                                                            <div class=\"form-group\">\n                                                                <label class=\"col-sm-3 control-label\">\n                                                                    <xsl:value-of select=\"@label\" />\n                                                                    <xsl:if test=\"@required=\'true\'\">\n                                                                        <span class=\"required\"> *</span>\n                                                                    </xsl:if>\n                                                                </label>\n                                                                <div class=\"col-sm-9\">\n                                                                    <xsl:for-each select=\"LISTITEMS/LISTITEM\">\n                                                                        <input type=\"checkbox\">\n                                                                            <xsl:attribute name=\"value\">\n                                                                                <xsl:value-of select=\"@value\"></xsl:value-of>\n                                                                            </xsl:attribute>\n                                                                            <xsl:attribute name=\"id\">\n                                                                                <xsl:value-of select=\"@id\"></xsl:value-of>\n                                                                            </xsl:attribute>\n                                                                            <xsl:if test=\"@Selected = \'true\'\">\n                                                                                <xsl:attribute name=\"checked\">\n                                                                                    <xsl:text>checked</xsl:text>\n                                                                                </xsl:attribute>\n                                                                            </xsl:if>\n                                                                            <xsl:attribute name=\"onclick\">\n                                                                                <xsl:value-of select=\"@onclick\"></xsl:value-of>\n                                                                            </xsl:attribute>\n                                                                            <xsl:for-each select=\"../../PROPERTIES/PROPERTY\">\n                                                                                <xsl:attribute name=\"{@name}\">\n                                                                                    <xsl:value-of select=\"current()\"></xsl:value-of>\n                                                                                </xsl:attribute>\n                                                                            </xsl:for-each>\n                                                                        </input>\n                                                                        &#160;\n                                                                        <label for=\"{@id}\">\n                                                                            <xsl:value-of select=\"current()\"></xsl:value-of>\n                                                                        </label>&#160;&#160;\n                                                                    </xsl:for-each>\n                                                                    <xsl:if test=\"FIELD\">\n                                                                        <div>\n                                                                            <xsl:attribute name=\"id\">\n                                                                                <xsl:value-of select=\"@Backdivid\"></xsl:value-of>\n                                                                            </xsl:attribute>\n                                                                            <xsl:attribute name=\"class\">\n                                                                                <xsl:value-of select=\"@Backcontrols\"></xsl:value-of>\n                                                                            </xsl:attribute>\n                                                                            <xsl:for-each select=\"FIELD\">\n                                                                                <xsl:choose>\n                                                                                    <xsl:when test=\"@type=\'TextBox\'\">\n                                                                                        <xsl:value-of select=\"@label\" />\n                                                                                        <input type=\"text\">\n                                                                                            <xsl:for-each select=\"PROPERTIES/PROPERTY\">\n                                                                                                <xsl:attribute name=\"{@name}\">\n                                                                                                    <xsl:value-of select=\"current()\"></xsl:value-of>\n                                                                                                </xsl:attribute>\n                                                                                            </xsl:for-each>\n                                                                                        </input>\n                                                                                    </xsl:when>\n                                                                                    \n                                                                                    <xsl:when test=\"@type=\'RadioButtonList\'\">\n                                                                                        <xsl:value-of select=\"@label\" />&#160;&#160;\n                                                                                        <xsl:for-each select=\"LISTITEMS/LISTITEM\">\n                                                                                            <input type=\"radio\">\n                                                                                                <xsl:attribute name=\"value\">\n                                                                                                    <xsl:value-of select=\"@value\"></xsl:value-of>\n                                                                                                </xsl:attribute>\n                                                                                                <xsl:attribute name=\"id\">\n                                                                                                    <xsl:value-of select=\"@id\"></xsl:value-of>\n                                                                                                </xsl:attribute>\n                                                                                                <xsl:if test=\"@Selected = \'true\'\">\n                                                                                                    <xsl:attribute name=\"checked\">\n                                                                                                        <xsl:text>checked</xsl:text>\n                                                                                                    </xsl:attribute>\n                                                                                                </xsl:if>\n                                                                                                <xsl:attribute name=\"onclick\">\n                                                                                                    <xsl:value-of select=\"@onclick\"></xsl:value-of>\n                                                                                                </xsl:attribute>\n                                                                                                <xsl:for-each select=\"../../PROPERTIES/PROPERTY\">\n                                                                                                    <xsl:attribute name=\"{@name}\">\n                                                                                                        <xsl:value-of select=\"current()\"></xsl:value-of>\n                                                                                                    </xsl:attribute>\n                                                                                                </xsl:for-each>\n                                                                                            </input>\n                                                                                            &#160;\n                                                                                            <label for=\"{@id}\">\n                                                                                                <xsl:value-of select=\"current()\"></xsl:value-of>\n                                                                                            </label>&#160;&#160;\n                                                                                        </xsl:for-each>\n                                                                                    </xsl:when>\n                                                                                </xsl:choose>\n                                                                            </xsl:for-each>\n                                                                        </div>\n                                                                    </xsl:if>\n                                                                </div>\n                                                            </div>\n                                                            <div class=\"line line-dashed b-b line-lg \"></div>\n                                                        </xsl:when>\n                                                        \n                                                        <!-- Panel Bar Main DropDown -->\n                                                        <xsl:when test=\"@type=\'DropDownList\'\">\n                                                            <div class=\"form-group\">\n                                                                <label class=\"col-sm-3 control-label\">\n                                                                    <xsl:value-of select=\"@label\" />\n                                                                    <xsl:if test=\"@required=\'true\'\">\n                                                                        <span class=\"required\"> *</span>\n                                                                    </xsl:if>\n                                                                </label>\n                                                                <div class=\"col-sm-9\">\n                                                                    <select>\n                                                                        <xsl:for-each select=\"PROPERTIES/PROPERTY\">\n                                                                            <xsl:attribute name=\"{@name}\">\n                                                                                <xsl:value-of select=\"current()\"></xsl:value-of>\n                                                                            </xsl:attribute>\n                                                                        </xsl:for-each>\n                                                                        <xsl:for-each select=\"LISTITEMS/LISTITEM\">\n                                                                            <option>\n                                                                                <xsl:attribute name=\"value\">\n                                                                                    <xsl:value-of select=\"@value\"></xsl:value-of>\n                                                                                </xsl:attribute>\n                                                                                <xsl:if test=\"@Selected = \'true\'\">\n                                                                                    <xsl:attribute name=\"selected\">\n                                                                                        <xsl:text>selected</xsl:text>\n                                                                                    </xsl:attribute>\n                                                                                </xsl:if>\n                                                                                <xsl:value-of select=\"@value\"></xsl:value-of>\n                                                                            </option>\n                                                                        </xsl:for-each>\n                                                                    </select>\n                                                                </div>\n                                                            </div>\n                                                            <div class=\"line line-dashed b-b line-lg \"></div>\n                                                        </xsl:when>\n                                                        \n                                                        <!-- Panel Bar Main Text Box With DropDownList-->\n                                                        <xsl:when test=\"@type=\'TextBoxDDL\'\">\n                                                            <div class=\"form-group\">\n                                                                <label class=\"col-sm-3 control-label\">\n                                                                    <xsl:value-of select=\"@label\" />\n                                                                    <xsl:if test=\"@required=\'true\'\">\n                                                                        <span class=\"required\"> *</span>\n                                                                    </xsl:if>\n                                                                </label>\n                                                                <div class=\"col-sm-9\">\n                                                                    <div class=\"row\">\n                                                                        <div class=\"col-sm-6\">\n                                                                            <input type=\"text\">\n                                                                                <xsl:for-each select=\"PROPERTIES/PROPERTY\">\n                                                                                    <xsl:attribute name=\"{@name}\">\n                                                                                        <xsl:value-of select=\"current()\"></xsl:value-of>\n                                                                                    </xsl:attribute>\n                                                                                </xsl:for-each>\n                                                                            </input>\n                                                                        </div>\n                                                                        <div class=\"col-sm-6\">\n                                                                            <select>\n                                                                                <xsl:for-each select=\"FIELD/PROPERTIES/PROPERTY\">\n                                                                                    <xsl:attribute name=\"{@name}\">\n                                                                                        <xsl:value-of select=\"current()\"></xsl:value-of>\n                                                                                    </xsl:attribute>\n                                                                                </xsl:for-each>\n                                                                                <xsl:for-each select=\"FIELD/LISTITEMS/LISTITEM\">\n                                                                                    <option>\n                                                                                        <xsl:attribute name=\"value\">\n                                                                                            <xsl:value-of select=\"@value\"></xsl:value-of>\n                                                                                        </xsl:attribute>\n                                                                                        <xsl:if test=\"@Selected = \'true\'\">\n                                                                                            <xsl:attribute name=\"selected\">\n                                                                                                <xsl:text>selected</xsl:text>\n                                                                                            </xsl:attribute>\n                                                                                        </xsl:if>\n                                                                                        <xsl:value-of select=\"@value\"></xsl:value-of>\n                                                                                    </option>\n                                                                                </xsl:for-each>\n                                                                            </select>\n                                                                        </div>\n                                                                    </div>\n                                                                </div>\n                                                            </div>\n                                                            \n                                                            <div class=\"line line-dashed b-b line-lg \"></div>\n                                                        </xsl:when>\n                                                    </xsl:choose>\n                                                </xsl:for-each>\n                                            </div>\n                                        </div>\n                                    </xsl:when>\n                                    \n                                </xsl:choose>\n                            </xsl:for-each>\n                        </div>\n                    </xsl:for-each>\n                </div>\n            </xsl:for-each>\n        </form>\n    </xsl:template>\n</xsl:stylesheet>','<?xml version=\"1.0\" encoding=\"UTF-8\"?>\r\n<xsl:stylesheet xmlns:xsl=\"http://www.w3.org/1999/XSL/Transform\" version=\"1.0\">\r\n    <xsl:output method=\"html\"/>\r\n    <xsl:template match=\"/\">\r\n        <xsl:for-each select=\"FIELDS/GROUP\">\r\n            <div class=\"panel panel-default\">\r\n                <xsl:for-each select=\"PANELHEADER\">\r\n                    <div>\r\n                        <xsl:for-each select=\"PROPERTIES/PROPERTY\">\r\n                            <xsl:attribute name=\"{@name}\">\r\n                                <xsl:value-of select=\"current()\"></xsl:value-of>\r\n                            </xsl:attribute>\r\n                        </xsl:for-each>\r\n                        <b> \r\n                            <xsl:value-of select=\"VALUE\" /> \r\n                        </b>\r\n                    </div>\r\n                </xsl:for-each>\r\n                \r\n                <xsl:for-each select=\"PANELBODY\">\r\n                    <div class=\"panel-body\">\r\n                        <xsl:for-each select=\"FIELD\">\r\n                            <xsl:choose>\r\n                                    \r\n                                <!-- Main Header2 -->\r\n                                <xsl:when test=\"@type=\'Header2\'\">\r\n                                    <h4>\r\n                                        <b> \r\n                                            <xsl:value-of select=\"@label\" /> \r\n                                        </b>\r\n                                    </h4>\r\n                                </xsl:when>\r\n                                \r\n                                <!-- Main Text Box With DropDownList-->\r\n                                <xsl:when test=\"@type=\'TextBoxDDL\'\">\r\n                                    <div class=\"form-group\">\r\n                                        <label class=\"col-sm-3 control-label\">\r\n                                            <xsl:value-of select=\"@label\" />\r\n                                        </label>\r\n                                        <div class=\"col-sm-9\">\r\n                                            <xsl:for-each select=\"PROPERTIES/PROPERTY\">\r\n                                                <xsl:if test=\"@name=\'value\'\">\r\n                                                    <xsl:value-of select=\"current()\"></xsl:value-of>\r\n                                                </xsl:if>\r\n                                                <xsl:value-of select=\"@Backtext\"></xsl:value-of>\r\n                                            </xsl:for-each>\r\n                                             &#160;\r\n                                            <xsl:for-each select=\"FIELD/LISTITEMS/LISTITEM\">\r\n                                                <xsl:if test=\"@Selected = \'true\'\">\r\n                                                                        &#160;\r\n                                                    <xsl:value-of select=\"@value\"></xsl:value-of>\r\n                                                </xsl:if>\r\n                                            </xsl:for-each>\r\n                                        </div>\r\n                                    </div>\r\n                                    <div class=\"line line-dashed b-b line-lg \"></div>\r\n                                </xsl:when>\r\n                                    \r\n                                <!-- Main Text Box -->\r\n                                <xsl:when test=\"@type=\'TextBox\'\">\r\n                                    <div class=\"form-group\">\r\n                                        <label class=\"col-sm-3 control-label\">\r\n                                            <xsl:value-of select=\"@label\" />\r\n                                        </label>\r\n                                        <div class=\"col-sm-9\">\r\n                                            <xsl:for-each select=\"PROPERTIES/PROPERTY\">\r\n                                                <xsl:if test=\"@name=\'value\'\">\r\n                                                    <xsl:value-of select=\"current()\"></xsl:value-of>\r\n                                                </xsl:if>\r\n                                                <xsl:value-of select=\"@Backtext\"></xsl:value-of>\r\n                                            </xsl:for-each>\r\n                                            <xsl:if test=\"FIELD\">\r\n                                                <xsl:for-each select=\"FIELD\">\r\n                                                    <xsl:choose>\r\n                                                        <xsl:when test=\"@type=\'DropDownList\'\">\r\n                                                            <xsl:for-each select=\"LISTITEMS/LISTITEM\">\r\n                                                                <xsl:if test=\"@Selected = \'true\'\">\r\n                                                                        &#160;\r\n                                                                    <xsl:value-of select=\"@value\"></xsl:value-of>\r\n                                                                </xsl:if>\r\n                                                            </xsl:for-each>\r\n                                                        </xsl:when>\r\n                                                    </xsl:choose>\r\n                                                </xsl:for-each>\r\n                                            </xsl:if>\r\n                                        </div>\r\n                                    </div>\r\n                                    <div class=\"line line-dashed b-b line-lg \"></div>\r\n                                </xsl:when> \r\n                                    \r\n                                <!-- Main Text Area-->\r\n                                <xsl:when test=\"@type=\'TextArea\'\">\r\n                                    <div class=\"form-group\">\r\n                                        <label class=\"col-sm-3 control-label\">\r\n                                            <xsl:value-of select=\"@label\" />\r\n                                        </label>\r\n                                        <div class=\"col-sm-9\">\r\n                                            <xsl:value-of select=\"VALUE\"></xsl:value-of>\r\n                                        </div>\r\n                                    </div>\r\n                                    <div class=\"line line-dashed b-b line-lg \"></div>\r\n                                </xsl:when>\r\n                                    \r\n                                <!-- Main Textarea Full -->\r\n                                <xsl:when test=\"@type=\'textareaFull\'\">\r\n                                    <div class=\"form-group\">\r\n                                        <div class=\"col-sm-12\">\r\n                                            <label>\r\n                                                <xsl:value-of select=\"@label\" />\r\n                                            </label>&#160;\r\n                                            <xsl:value-of select=\"VALUE\"></xsl:value-of>\r\n                                        </div>\r\n                                    </div>\r\n                                    <div class=\"line line-dashed b-b line-lg \"></div>\r\n                                </xsl:when>  \r\n                                    \r\n                                <!-- Main Radio Button -->                          \r\n                                <xsl:when test=\"@type=\'RadioButtonList\'\">\r\n                                    <div class=\"form-group\">\r\n                                        <label class=\"col-sm-3 control-label\">\r\n                                            <xsl:value-of select=\"@label\" />\r\n                                        </label>\r\n                                        <div class=\"col-sm-9\">\r\n                                            <xsl:for-each select=\"LISTITEMS/LISTITEM\">\r\n                                                <xsl:if test=\"@Selected = \'true\'\">\r\n                                                    <xsl:value-of select=\"current()\"></xsl:value-of>\r\n                                                </xsl:if>\r\n                                            </xsl:for-each>\r\n                                            <xsl:if test=\"FIELD\">\r\n                                                <div>\r\n                                                    <xsl:attribute name=\"id\">\r\n                                                        <xsl:value-of select=\"@Backdivid\"></xsl:value-of>\r\n                                                    </xsl:attribute>\r\n                                                    <xsl:attribute name=\"class\">\r\n                                                        <xsl:value-of select=\"@Backcontrols\"></xsl:value-of>\r\n                                                    </xsl:attribute>\r\n                                                    <xsl:for-each select=\"FIELD\">\r\n                                                        <xsl:choose>\r\n                                                            <xsl:when test=\"@type=\'TextBox\'\">\r\n                                                                <xsl:value-of select=\"@label\" />&#160;\r\n                                                                <xsl:for-each select=\"PROPERTIES/PROPERTY\">\r\n                                                                    <xsl:if test=\"@name=\'value\'\">\r\n                                                                        <xsl:value-of select=\"current()\"></xsl:value-of>\r\n                                                                    </xsl:if>\r\n                                                                </xsl:for-each>\r\n                                                            </xsl:when>\r\n                                                            \r\n                                                            <xsl:when test=\"@type=\'RadioButtonList\'\">\r\n                                                                <xsl:value-of select=\"@label\" />&#160;\r\n                                                                <xsl:for-each select=\"LISTITEMS/LISTITEM\">\r\n                                                                    <xsl:if test=\"@Selected = \'true\'\">\r\n                                                                        <xsl:value-of select=\"current()\"></xsl:value-of>\r\n                                                                    </xsl:if>\r\n                                                                </xsl:for-each>\r\n                                                            </xsl:when>\r\n                                                            \r\n                                                            <xsl:when test=\"@type=\'DropDownList\'\">\r\n                                                                <xsl:value-of select=\"@label\" />\r\n                                                                <xsl:for-each select=\"LISTITEMS/LISTITEM\">\r\n                                                                    <xsl:if test=\"@Selected = \'true\'\">\r\n                                                                        &#160;\r\n                                                                        <xsl:value-of select=\"@value\"></xsl:value-of>\r\n                                                                    </xsl:if>\r\n                                                                </xsl:for-each>\r\n                                                            </xsl:when>\r\n                                                        </xsl:choose>\r\n                                                    </xsl:for-each>\r\n                                                </div>\r\n                                                    \r\n                                            </xsl:if>\r\n                                        </div>\r\n                                    </div>\r\n                                    <div class=\"line line-dashed b-b line-lg \"></div>\r\n                                </xsl:when>\r\n                                \r\n                                <!-- Main Checkbox -->\r\n                                <xsl:when test=\"@type=\'CheckBoxList\'\">\r\n                                    <div class=\"form-group\">\r\n                                        <label class=\"col-sm-3 control-label\">\r\n                                            <xsl:value-of select=\"@label\" />\r\n                                        </label>\r\n                                        <div class=\"col-sm-9\">\r\n                                            <xsl:for-each select=\"LISTITEMS/LISTITEM\">\r\n                                                <xsl:if test=\"@Selected = \'true\'\">\r\n                                                    <xsl:value-of select=\"concat(\' \' , @value)\" />\r\n                                                    <xsl:if test=\"not(position() = last())\">,</xsl:if>\r\n                                                </xsl:if>\r\n                                            </xsl:for-each>\r\n                                            <xsl:if test=\"FIELD\">\r\n                                                <div>\r\n                                                    <xsl:attribute name=\"id\">\r\n                                                        <xsl:value-of select=\"@Backdivid\"></xsl:value-of>\r\n                                                    </xsl:attribute>\r\n                                                    <xsl:attribute name=\"class\">\r\n                                                        <xsl:value-of select=\"@Backcontrols\"></xsl:value-of>\r\n                                                    </xsl:attribute>\r\n                                                    <xsl:for-each select=\"FIELD\">\r\n                                                        <xsl:choose>\r\n                                                            <xsl:when test=\"@type=\'TextBox\'\">\r\n                                                                <xsl:value-of select=\"@label\" />\r\n                                                                <xsl:for-each select=\"PROPERTIES/PROPERTY\">\r\n                                                                    <xsl:if test=\"@name=\'value\'\">\r\n                                                                        <xsl:value-of select=\"current()\"></xsl:value-of>\r\n                                                                    </xsl:if>\r\n                                                                </xsl:for-each>\r\n                                                            </xsl:when>\r\n                                                        </xsl:choose>\r\n                                                    </xsl:for-each>\r\n                                                </div>\r\n                                            </xsl:if>\r\n                                        </div>\r\n                                    </div>\r\n                                    <div class=\"line line-dashed b-b line-lg \"></div>\r\n                                </xsl:when>\r\n                                \r\n                                <!-- Main Grid -->\r\n                                <xsl:when test=\"@type=\'RadGrid\'\">\r\n                                    <div class=\"form-group\">\r\n                                        <div class=\"col-sm-12\">\r\n                                            <table>\r\n                                                <xsl:for-each select=\"PROPERTIES/PROPERTY\">\r\n                                                    <xsl:attribute name=\"{@name}\">\r\n                                                        <xsl:value-of select=\"current()\"></xsl:value-of>\r\n                                                    </xsl:attribute>\r\n                                                </xsl:for-each>\r\n                                                <thead>\r\n                                                    <tr>\r\n                                                        <xsl:for-each select=\"HEADER/TH\">\r\n                                                            <th>\r\n                                                                <xsl:value-of select=\"current()\" />\r\n                                                            </th>\r\n                                                        </xsl:for-each>\r\n                                                    </tr>\r\n                                                </thead>\r\n                                                <tbody>\r\n                                                    <xsl:for-each select=\"COLUMNS\">\r\n                                                        <tr>\r\n                                                            <xsl:for-each select=\"FIELD\">\r\n                                                                <td>\r\n                                                                    <xsl:choose>\r\n                                                                        <xsl:when test=\"@type=\'TextBox\'\">\r\n                                                                            <xsl:for-each select=\"PROPERTIES/PROPERTY\">\r\n                                                                                <xsl:if test=\"@name=\'value\'\">\r\n                                                                                    <xsl:value-of select=\"current()\"></xsl:value-of>\r\n                                                                                </xsl:if>\r\n                                                                            </xsl:for-each>\r\n                                                                            <xsl:if test=\"FIELD\">\r\n                                                                                <xsl:for-each select=\"FIELD\">\r\n                                                                                    <xsl:choose>\r\n                                                                                        <xsl:when test=\"@type=\'DropDownList\'\">\r\n                                                                                            <xsl:for-each select=\"LISTITEMS/LISTITEM\">\r\n                                                                                                <xsl:if test=\"@Selected = \'true\'\">\r\n                                                                                                        &#160;\r\n                                                                                                    <xsl:value-of select=\"@value\"></xsl:value-of>\r\n                                                                                                </xsl:if>\r\n                                                                                            </xsl:for-each>\r\n                                                                                        </xsl:when>\r\n                                                                                    </xsl:choose>\r\n                                                                                </xsl:for-each>\r\n                                                                            </xsl:if>\r\n                                                                        </xsl:when>\r\n                                                                        \r\n                                                                        <!-- Main Text Box With DropDownList-->\r\n                                                                        <xsl:when test=\"@type=\'TextBoxDDL\'\">\r\n                                                                            <xsl:for-each select=\"PROPERTIES/PROPERTY\">\r\n                                                                                <xsl:if test=\"@name=\'value\'\">\r\n                                                                                    <xsl:value-of select=\"current()\"></xsl:value-of>\r\n                                                                                </xsl:if>\r\n                                                                                <xsl:value-of select=\"@Backtext\"></xsl:value-of>\r\n                                                                            </xsl:for-each>\r\n                                                                                    &#160;\r\n                                                                            <xsl:for-each select=\"FIELD/LISTITEMS/LISTITEM\">\r\n                                                                                <xsl:if test=\"@Selected = \'true\'\">\r\n                                                                                            &#160;\r\n                                                                                    <xsl:value-of select=\"@value\"></xsl:value-of>\r\n                                                                                </xsl:if>\r\n                                                                            </xsl:for-each>\r\n                                                                        </xsl:when>\r\n                                                                    \r\n                                                                        <xsl:when test=\"@type=\'DropDownList\'\">\r\n                                                                            <xsl:for-each select=\"LISTITEMS/LISTITEM\">\r\n                                                                                <xsl:if test=\"@Selected = \'true\'\">\r\n                                                                                        &#160;\r\n                                                                                    <xsl:value-of select=\"@value\"></xsl:value-of>\r\n                                                                                </xsl:if>\r\n                                                                            </xsl:for-each>\r\n                                                                        </xsl:when>\r\n                                                                    \r\n                                                                        <xsl:when test=\"@type=\'RadioButtonList\'\">\r\n                                                                                &#160;\r\n                                                                            <xsl:for-each select=\"LISTITEMS/LISTITEM\">\r\n                                                                                <xsl:if test=\"@Selected = \'true\'\">\r\n                                                                                    <xsl:value-of select=\"current()\"></xsl:value-of>\r\n                                                                                </xsl:if>\r\n                                                                            </xsl:for-each>\r\n                                                                            <xsl:if test=\"FIELD\">\r\n                                                                                <div>\r\n                                                                                    <xsl:attribute name=\"id\">\r\n                                                                                        <xsl:value-of select=\"@Backdivid\"></xsl:value-of>\r\n                                                                                    </xsl:attribute>\r\n                                                                                    <xsl:attribute name=\"class\">\r\n                                                                                        <xsl:value-of select=\"@Backcontrols\"></xsl:value-of>\r\n                                                                                    </xsl:attribute>\r\n                                                                                    <xsl:for-each select=\"FIELD\">\r\n                                                                                        <xsl:choose>\r\n                                                                                            <xsl:when test=\"@type=\'TextBox\'\">\r\n                                                                                                <xsl:value-of select=\"@label\" />&#160;\r\n                                                                                                <xsl:for-each select=\"PROPERTIES/PROPERTY\">\r\n                                                                                                    <xsl:if test=\"@name=\'value\'\">\r\n                                                                                                        <xsl:value-of select=\"current()\"></xsl:value-of>\r\n                                                                                                    </xsl:if>\r\n                                                                                                </xsl:for-each>\r\n                                                                                            </xsl:when>\r\n                                                                                        </xsl:choose>\r\n                                                                                    </xsl:for-each>\r\n                                                                                </div>\r\n                                                                            </xsl:if>\r\n                                                                        </xsl:when>\r\n                                                                    </xsl:choose>\r\n                                                                </td>\r\n                                                            </xsl:for-each>\r\n                                                        </tr>\r\n                                                    </xsl:for-each>\r\n                                                </tbody>\r\n                                            </table>\r\n                                        </div>\r\n                                    </div>\r\n                                </xsl:when>\r\n                                    \r\n                                <!-- Main Panel Bar -->\r\n                                <xsl:when test=\"@type=\'PanelBar\'\">\r\n                                    <div class=\"panel panel-default\">\r\n                                        <div class=\"panel-heading\">\r\n                                            <h4 class=\"panel-title\">\r\n                                                <!--<a class=\"accordion-toggle\" data-toggle=\"collapse\" data-target=\"#{@target_div}\" href=\"javascript:void(0)\">-->\r\n                                                <a class=\"accordion-toggle\" href=\"javascript:void(0)\">\r\n                                                    <span>\r\n                                                        <xsl:value-of select=\"@label\"></xsl:value-of>\r\n                                                    </span>\r\n                                                </a>\r\n                                            </h4>\r\n                                        </div>\r\n                                        <div id=\"{@target_div}\" class=\"panel-body\">\r\n                                            <xsl:for-each select=\"FIELD\">\r\n                                                <xsl:choose>\r\n                                                    <xsl:when test=\"@type=\'Header2\'\">\r\n                                                        <h4>\r\n                                                            <b> \r\n                                                                <xsl:value-of select=\"@label\" /> \r\n                                                            </b>\r\n                                                        </h4>\r\n                                                    </xsl:when>\r\n                                                        \r\n                                                    <xsl:when test=\"@type=\'RadGrid\'\">\r\n                                                        <div class=\"form-group\">\r\n                                                            <div class=\"col-sm-12\">\r\n                                                                <table>\r\n                                                                    <xsl:for-each select=\"PROPERTIES/PROPERTY\">\r\n                                                                        <xsl:attribute name=\"{@name}\">\r\n                                                                            <xsl:value-of select=\"current()\"></xsl:value-of>\r\n                                                                        </xsl:attribute>\r\n                                                                    </xsl:for-each>\r\n                                                                    <thead>\r\n                                                                        <tr>\r\n                                                                            <xsl:for-each select=\"HEADER/TH\">\r\n                                                                                <th>\r\n                                                                                    <xsl:value-of select=\"current()\" />\r\n                                                                                </th>\r\n                                                                            </xsl:for-each>\r\n                                                                        </tr>\r\n                                                                    </thead>\r\n                                                                    <tbody>\r\n                                                                        <xsl:for-each select=\"COLUMNS\">\r\n                                                                            <tr>\r\n                                                                                <xsl:for-each select=\"FIELD\">\r\n                                                                                    <td>\r\n                                                                                        <xsl:choose>\r\n                                                                                            <xsl:when test=\"@type=\'TextBox\'\">\r\n                                                                                                <xsl:for-each select=\"PROPERTIES/PROPERTY\">\r\n                                                                                                    <xsl:if test=\"@name=\'value\'\">\r\n                                                                                                        <xsl:value-of select=\"current()\"></xsl:value-of>\r\n                                                                                                    </xsl:if>\r\n                                                                                                </xsl:for-each>\r\n                                                                                                <xsl:if test=\"FIELD\">\r\n                                                                                                    <xsl:for-each select=\"FIELD\">\r\n                                                                                                        <xsl:choose>\r\n                                                                                                            <xsl:when test=\"@type=\'DropDownList\'\">\r\n                                                                                                                <xsl:for-each select=\"LISTITEMS/LISTITEM\">\r\n                                                                                                                    <xsl:if test=\"@Selected = \'true\'\">\r\n                                                                                                                            &#160;\r\n                                                                                                                        <xsl:value-of select=\"@value\"></xsl:value-of>\r\n                                                                                                                    </xsl:if>\r\n                                                                                                                </xsl:for-each>\r\n                                                                                                            </xsl:when>\r\n                                                                                                        </xsl:choose>\r\n                                                                                                    </xsl:for-each>\r\n                                                                                                </xsl:if>\r\n                                                                                            </xsl:when>\r\n                                                                                            \r\n                                                                                            <!-- Main Text Box With DropDownList-->\r\n                                                                                            <xsl:when test=\"@type=\'TextBoxDDL\'\">\r\n                                                                                                <xsl:for-each select=\"PROPERTIES/PROPERTY\">\r\n                                                                                                    <xsl:if test=\"@name=\'value\'\">\r\n                                                                                                        <xsl:value-of select=\"current()\"></xsl:value-of>\r\n                                                                                                    </xsl:if>\r\n                                                                                                    <xsl:value-of select=\"@Backtext\"></xsl:value-of>\r\n                                                                                                </xsl:for-each>\r\n                                                                                    &#160;\r\n                                                                                                <xsl:for-each select=\"FIELD/LISTITEMS/LISTITEM\">\r\n                                                                                                    <xsl:if test=\"@Selected = \'true\'\">\r\n                                                                                            &#160;\r\n                                                                                                        <xsl:value-of select=\"@value\"></xsl:value-of>\r\n                                                                                                    </xsl:if>\r\n                                                                                                </xsl:for-each>\r\n                                                                                            </xsl:when>\r\n                                                                    \r\n                                                                                            <xsl:when test=\"@type=\'DropDownList\'\">\r\n                                                                                                <xsl:for-each select=\"LISTITEMS/LISTITEM\">\r\n                                                                                                    <xsl:if test=\"@Selected = \'true\'\">\r\n                                                                                                            &#160;\r\n                                                                                                        <xsl:value-of select=\"@value\"></xsl:value-of>\r\n                                                                                                    </xsl:if>\r\n                                                                                                </xsl:for-each>\r\n                                                                                            </xsl:when>\r\n                                                                    \r\n                                                                                            <xsl:when test=\"@type=\'RadioButtonList\'\">\r\n                                                                                                <xsl:for-each select=\"LISTITEMS/LISTITEM\">\r\n                                                                                                    <xsl:if test=\"@Selected = \'true\'\">\r\n                                                                                                        <xsl:value-of select=\"current()\"></xsl:value-of>\r\n                                                                                                    </xsl:if>\r\n                                                                                                </xsl:for-each>\r\n                                                                                                <xsl:if test=\"FIELD\">\r\n                                                                                                    <div>\r\n                                                                                                        <xsl:attribute name=\"id\">\r\n                                                                                                            <xsl:value-of select=\"@Backdivid\"></xsl:value-of>\r\n                                                                                                        </xsl:attribute>\r\n                                                                                                        <xsl:attribute name=\"class\">\r\n                                                                                                            <xsl:value-of select=\"@Backcontrols\"></xsl:value-of>\r\n                                                                                                        </xsl:attribute>\r\n                                                                                                        <xsl:for-each select=\"FIELD\">\r\n                                                                                                            <xsl:choose>\r\n                                                                                                                <xsl:when test=\"@type=\'TextBox\'\">\r\n                                                                                                                    <xsl:value-of select=\"@label\" />&#160;\r\n                                                                                                                    <xsl:for-each select=\"PROPERTIES/PROPERTY\">\r\n                                                                                                                        <xsl:if test=\"@name=\'value\'\">\r\n                                                                                                                            <xsl:value-of select=\"current()\"></xsl:value-of>\r\n                                                                                                                        </xsl:if>\r\n                                                                                                                    </xsl:for-each>\r\n                                                                                                                </xsl:when>\r\n                                                                                                            </xsl:choose>\r\n                                                                                                        </xsl:for-each>\r\n                                                                                                    </div>\r\n                                                                                                </xsl:if>\r\n                                                                                            </xsl:when>\r\n                                                                                                \r\n                                                                                            <xsl:when test=\"@type=\'CheckBoxList\'\">\r\n                                                                                                <xsl:for-each select=\"LISTITEMS/LISTITEM\">\r\n                                                                                                    <xsl:if test=\"@Selected = \'true\'\">\r\n                                                                                                        <xsl:value-of select=\"concat(\' \' , @value)\" />\r\n                                                                                                        <xsl:if test=\"not(position() = last())\">,</xsl:if>\r\n                                                                                                    </xsl:if>\r\n                                                                                                </xsl:for-each>\r\n                                                                                            </xsl:when>\r\n                                                                                        </xsl:choose>\r\n                                                                                    </td>\r\n                                                                                </xsl:for-each>\r\n                                                                            </tr>\r\n                                                                        </xsl:for-each>\r\n                                                \r\n                                                                    </tbody>\r\n                                                                </table>\r\n                                                            </div>\r\n                                                        </div>\r\n                                                    </xsl:when>\r\n                                                        \r\n                                                    <xsl:when test=\"@type=\'RadioButtonList\'\">\r\n                                                        <div class=\"form-group\">\r\n                                                            <label class=\"col-sm-3 control-label\">\r\n                                                                <xsl:value-of select=\"@label\" />\r\n                                                            </label>&#160;\r\n                                                            <div class=\"col-sm-9\">\r\n                                                                <xsl:for-each select=\"LISTITEMS/LISTITEM\">\r\n                                                                    <xsl:if test=\"@Selected = \'true\'\">\r\n                                                                        <xsl:value-of select=\"current()\"></xsl:value-of>\r\n                                                                    </xsl:if>\r\n                                                                </xsl:for-each>\r\n                                                                <xsl:if test=\"FIELD\">\r\n                                                                    <div>\r\n                                                                        <xsl:attribute name=\"id\">\r\n                                                                            <xsl:value-of select=\"@Backdivid\"></xsl:value-of>\r\n                                                                        </xsl:attribute>\r\n                                                                        <xsl:attribute name=\"class\">\r\n                                                                            <xsl:value-of select=\"@Backcontrols\"></xsl:value-of>\r\n                                                                        </xsl:attribute>\r\n                                                                        <xsl:for-each select=\"FIELD\">\r\n                                                                            <xsl:choose>\r\n                                                                                <xsl:when test=\"@type=\'DropDownList\'\">\r\n                                                                                    <div>\r\n                                                                                        <xsl:value-of select=\"@label\" />&#160;\r\n                                                                                        <xsl:for-each select=\"LISTITEMS/LISTITEM\">\r\n                                                                                            <xsl:if test=\"@Selected = \'true\'\">\r\n                                                                                                <xsl:value-of select=\"@value\"></xsl:value-of>\r\n                                                                                            </xsl:if>\r\n                                                                                        </xsl:for-each>\r\n                                                                                    </div>\r\n                                                                                </xsl:when>\r\n                                                                                    \r\n                                                                                <xsl:when test=\"@type=\'TextBox\'\">\r\n                                                                                    <div>\r\n                                                                                        <xsl:value-of select=\"@label\" />&#160;\r\n                                                                                        <xsl:for-each select=\"PROPERTIES/PROPERTY\">\r\n                                                                                            <xsl:if test=\"@name=\'value\'\">\r\n                                                                                                <xsl:value-of select=\"current()\"></xsl:value-of>\r\n                                                                                            </xsl:if>\r\n                                                                                        </xsl:for-each>\r\n                                                                                    </div>\r\n                                                                                </xsl:when>\r\n                                                                                    \r\n                                                                                <xsl:when test=\"@type=\'RadioButtonList\'\">\r\n                                                                                    <div>\r\n                                                                                        <xsl:value-of select=\"@label\" />\r\n                                                                                        <xsl:for-each select=\"LISTITEMS/LISTITEM\">\r\n                                                                                            <xsl:if test=\"@Selected = \'true\'\">\r\n                                                                                                <xsl:value-of select=\"current()\"></xsl:value-of>\r\n                                                                                            </xsl:if>\r\n                                                                                        </xsl:for-each>\r\n                                                                                    </div>\r\n                                                                                </xsl:when>\r\n                                                                                    \r\n                                                                                <xsl:when test=\"@type=\'CheckBoxList\'\">\r\n                                                                                    <xsl:value-of select=\"@label\" />\r\n                                                                                    <div>\r\n                                                                                        <xsl:for-each select=\"LISTITEMS/LISTITEM\">\r\n                                                                                            <xsl:if test=\"@Selected = \'true\'\">\r\n                                                                                                <xsl:value-of select=\"concat(\' \' , @value)\" />\r\n                                                                                                <xsl:if test=\"not(position() = last())\">,</xsl:if>\r\n                                                                                            </xsl:if>\r\n                                                                                        </xsl:for-each>\r\n                                                                                    </div>\r\n                                                                                </xsl:when>\r\n                                                                            </xsl:choose>\r\n                                                                        </xsl:for-each>\r\n                                                                    </div>\r\n                                                                </xsl:if>\r\n                                                            </div>\r\n                                                        </div>\r\n                                                        <div class=\"line line-dashed b-b line-lg \"></div>\r\n                                                    </xsl:when>\r\n                                                    \r\n                                                    <xsl:when test=\"@type=\'TextBoxDDL\'\">\r\n                                                        <div class=\"form-group\">\r\n                                                            <label class=\"col-sm-3 control-label\">\r\n                                                                <xsl:value-of select=\"@label\" />\r\n                                                            </label>\r\n                                                            <div class=\"col-sm-9\">\r\n                                                                <xsl:for-each select=\"PROPERTIES/PROPERTY\">\r\n                                                                    <xsl:if test=\"@name=\'value\'\">\r\n                                                                        <xsl:value-of select=\"current()\"></xsl:value-of>\r\n                                                                    </xsl:if>\r\n                                                                    <xsl:value-of select=\"@Backtext\"></xsl:value-of>\r\n                                                                </xsl:for-each>\r\n                                             &#160;\r\n                                                                <xsl:for-each select=\"FIELD/LISTITEMS/LISTITEM\">\r\n                                                                    <xsl:if test=\"@Selected = \'true\'\">\r\n                                                                        &#160;\r\n                                                                        <xsl:value-of select=\"@value\"></xsl:value-of>\r\n                                                                    </xsl:if>\r\n                                                                </xsl:for-each>\r\n                                                            </div>\r\n                                                        </div>\r\n                                                        <div class=\"line line-dashed b-b line-lg \"></div>\r\n                                                    </xsl:when>\r\n                                                        \r\n                                                    <xsl:when test=\"@type=\'TextBox\'\">\r\n                                                        <div class=\"form-group\">\r\n                                                            <label class=\"col-sm-3 control-label\">\r\n                                                                <xsl:value-of select=\"@label\" />\r\n                                                            </label>\r\n                                                            <div class=\"col-sm-9\">\r\n                                                                <xsl:for-each select=\"PROPERTIES/PROPERTY\">\r\n                                                                    <xsl:if test=\"@name=\'value\'\">\r\n                                                                        <xsl:value-of select=\"current()\"></xsl:value-of>\r\n                                                                    </xsl:if>\r\n                                                                </xsl:for-each>\r\n                                                                <xsl:if test=\"FIELD\">\r\n                                                                    <xsl:for-each select=\"FIELD\">\r\n                                                                        <xsl:choose>\r\n                                                                            <xsl:when test=\"@type=\'DropDownList\'\">\r\n                                                                                <xsl:for-each select=\"LISTITEMS/LISTITEM\">\r\n                                                                                    <xsl:if test=\"@Selected = \'true\'\">\r\n                                                                                            &#160;\r\n                                                                                        <xsl:value-of select=\"@value\"></xsl:value-of>\r\n                                                                                    </xsl:if>\r\n                                                                                </xsl:for-each>\r\n                                                                            </xsl:when>\r\n                                                                        </xsl:choose>\r\n                                                                    </xsl:for-each>\r\n                                                                </xsl:if>\r\n                                                            </div>\r\n                                                        </div>\r\n                                                        <div class=\"line line-dashed b-b line-lg \"></div>\r\n                                                    </xsl:when>\r\n                                                        \r\n                                                    <xsl:when test=\"@type=\'textareaFull\'\">\r\n                                                        <div class=\"form-group\">\r\n                                                            <div class=\"col-sm-12\">\r\n                                                                <label>\r\n                                                                    <xsl:value-of select=\"@label\" />\r\n                                                                </label>&#160;\r\n                                                                <xsl:value-of select=\"VALUE\"></xsl:value-of>\r\n                                                            </div>\r\n                                                        </div>\r\n                                                        <div class=\"line line-dashed b-b line-lg \"></div>\r\n                                                    </xsl:when>\r\n                                                        \r\n                                                    <xsl:when test=\"@type=\'CheckBoxList\'\">\r\n                                                        <div class=\"form-group\">\r\n                                                            <label class=\"col-sm-3 control-label\">\r\n                                                                <xsl:value-of select=\"@label\" />\r\n                                                                <xsl:if test=\"@required=\'true\'\">\r\n                                                                    <span class=\"required\"> *</span>\r\n                                                                </xsl:if>\r\n                                                            </label>\r\n                                                            <div class=\"col-sm-9\">\r\n                                                                <xsl:for-each select=\"LISTITEMS/LISTITEM\">\r\n                                                                    <xsl:if test=\"@Selected = \'true\'\">\r\n                                                                        <xsl:value-of select=\"concat(\' \' , @value)\" />\r\n                                                                        <xsl:if test=\"not(position() = last())\">,</xsl:if>\r\n                                                                    </xsl:if>\r\n                                                                </xsl:for-each>\r\n                                                                <xsl:if test=\"FIELD\">\r\n                                                                    <div>\r\n                                                                        <xsl:attribute name=\"id\">\r\n                                                                            <xsl:value-of select=\"@Backdivid\"></xsl:value-of>\r\n                                                                        </xsl:attribute>\r\n                                                                        <xsl:attribute name=\"class\">\r\n                                                                            <xsl:value-of select=\"@Backcontrols\"></xsl:value-of>\r\n                                                                        </xsl:attribute>\r\n                                                                        <xsl:for-each select=\"FIELD\">\r\n                                                                            <xsl:choose>\r\n                                                                                <xsl:when test=\"@type=\'TextBox\'\">\r\n                                                                                    <xsl:value-of select=\"@label\" />&#160;\r\n                                                                                    <xsl:for-each select=\"PROPERTIES/PROPERTY\">\r\n                                                                                        <xsl:if test=\"@name=\'value\'\">\r\n                                                                                            <xsl:value-of select=\"current()\"></xsl:value-of>\r\n                                                                                        </xsl:if>\r\n                                                                                    </xsl:for-each>\r\n                                                                                </xsl:when>\r\n                                                                                \r\n                                                                                <xsl:when test=\"@type=\'RadioButtonList\'\">\r\n                                                                                    <xsl:value-of select=\"@label\" />&#160;&#160;\r\n                                                                                    <xsl:for-each select=\"LISTITEMS/LISTITEM\">\r\n                                                                                        <xsl:if test=\"@Selected = \'true\'\">\r\n                                                                                            <xsl:value-of select=\"current()\"></xsl:value-of>\r\n                                                                                        </xsl:if>\r\n                                                                                    </xsl:for-each>\r\n                                                                                </xsl:when>\r\n                                                                            </xsl:choose>\r\n                                                                        </xsl:for-each>\r\n                                                                    </div>\r\n                                                                </xsl:if>\r\n                                                            </div>\r\n                                                        </div>\r\n                                                        <div class=\"line line-dashed b-b line-lg \"></div>\r\n                                                    </xsl:when>\r\n                                                        \r\n                                                    <xsl:when test=\"@type=\'DropDownList\'\">\r\n                                                        <div class=\"form-group\">\r\n                                                            <label class=\"col-sm-3 control-label\">\r\n                                                                <xsl:value-of select=\"@label\" />\r\n                                                            </label>\r\n                                                            <div class=\"col-sm-9\">\r\n                                                                <xsl:for-each select=\"LISTITEMS/LISTITEM\">\r\n                                                                    <xsl:if test=\"@Selected = \'true\'\">\r\n                                                                            &#160;\r\n                                                                        <xsl:value-of select=\"@value\"></xsl:value-of>\r\n                                                                    </xsl:if>\r\n                                                                </xsl:for-each>\r\n                                                                <xsl:value-of select=\"@Backtext\"></xsl:value-of>\r\n                                                            </div>\r\n                                                        </div>\r\n                                                        <div class=\"line line-dashed b-b line-lg \"></div>\r\n                                                    </xsl:when>\r\n                                                </xsl:choose>\r\n                                            </xsl:for-each>\r\n                                        </div>\r\n                                    </div>\r\n                                </xsl:when>\r\n                                    \r\n                            </xsl:choose>\r\n                        </xsl:for-each>\r\n                    </div>\r\n                </xsl:for-each>\r\n            </div>\r\n        </xsl:for-each>\r\n    </xsl:template>\r\n</xsl:stylesheet>','<?xml version=\"1.0\" encoding=\"UTF-8\"?>\r\n<xsl:stylesheet xmlns:xsl=\"http://www.w3.org/1999/XSL/Transform\" version=\"1.0\">\r\n    <xsl:output method=\"html\"/>\r\n    <xsl:template match=\"/\">\r\n        <xsl:for-each select=\"FIELDS/GROUP\">\r\n            <table style=\"page-break-inside : avoid\">\r\n                <xsl:for-each select=\"PANELHEADER\">\r\n                    <tr>\r\n                        <td colspan=\"2\">\r\n                            <h3>\r\n                                <xsl:value-of select=\"VALUE\" /> \r\n                            </h3>\r\n                        </td>\r\n                    </tr>\r\n                </xsl:for-each>\r\n                \r\n                <xsl:for-each select=\"PANELBODY\">\r\n                    <xsl:for-each select=\"FIELD\">\r\n                        <xsl:choose>\r\n                            <!-- Main Header2-->\r\n                            <xsl:when test=\"@type=\'Header2\'\">\r\n                                <tr>\r\n                                    <td colspan=\"2\">\r\n                                        <h4>\r\n                                            <xsl:value-of select=\"@label\" /> \r\n                                        </h4>\r\n                                    </td>\r\n                                </tr>\r\n                            </xsl:when>\r\n                            \r\n                            <!-- Main Text Box With DropDownList-->\r\n                            <xsl:when test=\"@type=\'TextBoxDDL\'\">\r\n                                <tr>\r\n                                    <td>\r\n                                        <xsl:value-of select=\"@label\" />\r\n                                    </td>\r\n                                    <td>\r\n                                        <xsl:for-each select=\"PROPERTIES/PROPERTY\">\r\n                                            <xsl:if test=\"@name=\'value\'\">\r\n                                                <xsl:value-of select=\"current()\"></xsl:value-of>\r\n                                            </xsl:if>\r\n                                            <xsl:value-of select=\"@Backtext\"></xsl:value-of>\r\n                                        </xsl:for-each>\r\n                                        &#160;\r\n                                        <xsl:for-each select=\"FIELD/LISTITEMS/LISTITEM\">\r\n                                            <xsl:if test=\"@Selected = \'true\'\">\r\n                                                                        &#160;\r\n                                                <xsl:value-of select=\"@value\"></xsl:value-of>\r\n                                            </xsl:if>\r\n                                        </xsl:for-each>\r\n                                    </td>\r\n                                </tr>\r\n                            </xsl:when>\r\n                            \r\n                            <!-- Main Text Box -->\r\n                            <xsl:when test=\"@type=\'TextBox\'\">\r\n                                <tr>\r\n                                    <td>\r\n                                        <xsl:value-of select=\"@label\" />\r\n                                    </td>\r\n                                    <td>\r\n                                        <xsl:for-each select=\"PROPERTIES/PROPERTY\">\r\n                                            <xsl:if test=\"@name=\'value\'\">\r\n                                                <xsl:value-of select=\"current()\"></xsl:value-of>\r\n                                            </xsl:if>\r\n                                            <xsl:value-of select=\"@Backtext\"></xsl:value-of>\r\n                                        </xsl:for-each>\r\n                                        <xsl:if test=\"FIELD\">\r\n                                            <xsl:for-each select=\"FIELD\">\r\n                                                <xsl:choose>\r\n                                                    <xsl:when test=\"@type=\'DropDownList\'\">\r\n                                                        <xsl:for-each select=\"LISTITEMS/LISTITEM\">\r\n                                                            <xsl:if test=\"@Selected = \'true\'\">\r\n                                                                        &#160;\r\n                                                                <xsl:value-of select=\"@value\"></xsl:value-of>\r\n                                                            </xsl:if>\r\n                                                        </xsl:for-each>\r\n                                                    </xsl:when>\r\n                                                </xsl:choose>\r\n                                            </xsl:for-each>\r\n                                        </xsl:if>\r\n                                    </td>\r\n                                </tr>\r\n                            </xsl:when>\r\n                            \r\n                            <!-- Main Text Area-->\r\n                            <xsl:when test=\"@type=\'TextArea\'\">\r\n                                <tr>\r\n                                    <td>\r\n                                        <xsl:value-of select=\"@label\" />\r\n                                    </td>\r\n                                    <td>\r\n                                        <xsl:value-of select=\"VALUE\"></xsl:value-of>\r\n                                    </td>\r\n                                </tr>\r\n                            </xsl:when>\r\n                            \r\n                            <!-- Main Textarea Full -->\r\n                            <xsl:when test=\"@type=\'textareaFull\'\">\r\n                                <tr>\r\n                                    <td>\r\n                                        <xsl:value-of select=\"@label\" />\r\n                                    </td>\r\n                                    <td>\r\n                                        <xsl:value-of select=\"VALUE\"></xsl:value-of>\r\n                                    </td>\r\n                                </tr>\r\n                            </xsl:when>\r\n                            \r\n                            <!-- Main Radio Button -->                          \r\n                            <xsl:when test=\"@type=\'RadioButtonList\'\">\r\n                                <tr>\r\n                                    <td>\r\n                                        <xsl:value-of select=\"@label\" />\r\n                                    </td>\r\n                                    <td>\r\n                                        <xsl:for-each select=\"LISTITEMS/LISTITEM\">\r\n                                            <xsl:if test=\"@Selected = \'true\'\">\r\n                                                <xsl:value-of select=\"current()\"></xsl:value-of>\r\n                                            </xsl:if>\r\n                                        </xsl:for-each>\r\n                                        <xsl:if test=\"FIELD\">\r\n                                            <span>\r\n                                                <xsl:attribute name=\"id\">\r\n                                                    <xsl:value-of select=\"@Backdivid\"></xsl:value-of>\r\n                                                </xsl:attribute>\r\n                                                <xsl:attribute name=\"class\">\r\n                                                    <xsl:value-of select=\"@Backcontrols\"></xsl:value-of>\r\n                                                </xsl:attribute>\r\n                                                <xsl:for-each select=\"FIELD\">\r\n                                                    <xsl:choose>\r\n                                                        <xsl:when test=\"@type=\'TextBox\'\">\r\n                                                            <xsl:value-of select=\"@label\" />&#160;\r\n                                                            <xsl:for-each select=\"PROPERTIES/PROPERTY\">\r\n                                                                <xsl:if test=\"@name=\'value\'\">\r\n                                                                    <xsl:value-of select=\"current()\"></xsl:value-of>\r\n                                                                </xsl:if>\r\n                                                            </xsl:for-each>\r\n                                                        </xsl:when>\r\n                                                            \r\n                                                        <xsl:when test=\"@type=\'RadioButtonList\'\">\r\n                                                            <xsl:value-of select=\"@label\" />&#160;\r\n                                                            <xsl:for-each select=\"LISTITEMS/LISTITEM\">\r\n                                                                <xsl:if test=\"@Selected = \'true\'\">\r\n                                                                    <xsl:value-of select=\"current()\"></xsl:value-of>\r\n                                                                </xsl:if>\r\n                                                            </xsl:for-each>\r\n                                                        </xsl:when>\r\n                                                            \r\n                                                        <xsl:when test=\"@type=\'DropDownList\'\">\r\n                                                            <xsl:value-of select=\"@label\" />\r\n                                                            <xsl:for-each select=\"LISTITEMS/LISTITEM\">\r\n                                                                <xsl:if test=\"@Selected = \'true\'\">\r\n                                                                        &#160;\r\n                                                                    <xsl:value-of select=\"@value\"></xsl:value-of>\r\n                                                                </xsl:if>\r\n                                                            </xsl:for-each>\r\n                                                        </xsl:when>\r\n                                                    </xsl:choose>\r\n                                                </xsl:for-each>\r\n                                            </span>\r\n                                        </xsl:if>\r\n                                    </td>\r\n                                </tr>\r\n                            </xsl:when>\r\n                        </xsl:choose>\r\n                    </xsl:for-each>\r\n                </xsl:for-each>\r\n            </table>\r\n        </xsl:for-each>\r\n    </xsl:template>\r\n</xsl:stylesheet>','1',-1,'2016-06-21 13:52:23',-1,'2016-06-21 13:52:23','0000-00-00 00:00:00');

/*Table structure for table `pat_documents` */

DROP TABLE IF EXISTS `pat_documents`;

CREATE TABLE `pat_documents` (
  `doc_id` int(11) NOT NULL AUTO_INCREMENT,
  `tenant_id` int(11) NOT NULL,
  `patient_id` int(11) NOT NULL,
  `doc_type_id` int(11) NOT NULL,
  `encounter_id` int(11) NOT NULL,
  `document_xml` longtext,
  `status` enum('0','1') DEFAULT '0',
  `created_by` int(11) NOT NULL,
  `created_at` timestamp NOT NULL DEFAULT CURRENT_TIMESTAMP,
  `modified_by` int(11) DEFAULT NULL,
  `modified_at` timestamp NULL DEFAULT NULL,
  `deleted_at` timestamp NULL DEFAULT '0000-00-00 00:00:00',
  PRIMARY KEY (`doc_id`),
  KEY `FK_pat_documents_tenant` (`tenant_id`),
  KEY `FK_pat_documents_encounter` (`encounter_id`),
  KEY `FK_pat_documents_patient` (`patient_id`),
  KEY `FK_pat_documents_doc_type` (`doc_type_id`),
  CONSTRAINT `FK_pat_documents_doc_type` FOREIGN KEY (`doc_type_id`) REFERENCES `pat_document_types` (`doc_type_id`) ON UPDATE CASCADE,
  CONSTRAINT `FK_pat_documents_encounter` FOREIGN KEY (`encounter_id`) REFERENCES `pat_encounter` (`encounter_id`) ON DELETE CASCADE ON UPDATE CASCADE,
  CONSTRAINT `FK_pat_documents_patient` FOREIGN KEY (`patient_id`) REFERENCES `pat_patient` (`patient_id`) ON DELETE CASCADE ON UPDATE CASCADE,
  CONSTRAINT `FK_pat_documents_tenant` FOREIGN KEY (`tenant_id`) REFERENCES `co_tenant` (`tenant_id`) ON DELETE CASCADE ON UPDATE CASCADE
) ENGINE=InnoDB AUTO_INCREMENT=2 DEFAULT CHARSET=latin1;

/*Data for the table `pat_documents` */

insert  into `pat_documents`(`doc_id`,`tenant_id`,`patient_id`,`doc_type_id`,`encounter_id`,`document_xml`,`status`,`created_by`,`created_at`,`modified_by`,`modified_at`,`deleted_at`) values (1,1,1,2,1,'<?xml version=\"1.0\" encoding=\"utf-8\"?>\n<FIELDS>\n    <GROUP>\n        <PANELHEADER>\n            <PROPERTIES>\n                <PROPERTY name=\"class\">panel-heading bg-default</PROPERTY>\n            </PROPERTIES>\n            <VALUE>Demographic Details</VALUE>\n        </PANELHEADER>\n        <PANELBODY>\n            <FIELD id=\"name\" type=\"TextBox\" label=\"Name\" required=\"true\">\n                <PROPERTIES>\n                    <PROPERTY name=\"id\">txtName</PROPERTY>\n                    <PROPERTY name=\"name\">name</PROPERTY>\n                    <PROPERTY name=\"class\">form-control</PROPERTY>\n                    <PROPERTY name=\"placeholder\">Patient Name</PROPERTY>\n                <PROPERTY name=\"value\">Patient Name</PROPERTY></PROPERTIES>\n            </FIELD>\n\n            <FIELD id=\"age\" type=\"TextBox\" label=\"Age\" required=\"true\" Backtext=\" Years\">\n                <PROPERTIES>\n                    <PROPERTY name=\"id\">txtage</PROPERTY>\n                    <PROPERTY name=\"name\">age</PROPERTY>\n                    <PROPERTY name=\"class\">form-control</PROPERTY>\n                    <PROPERTY name=\"placeholder\">Patient Age</PROPERTY>\n                    <PROPERTY name=\"maxlength\">3</PROPERTY>\n                    <PROPERTY name=\"title\">Type only numbers</PROPERTY>\n                    <PROPERTY name=\"onkeydown\">return isNumericKeyStroke(event)</PROPERTY>\n                <PROPERTY name=\"value\">10</PROPERTY></PROPERTIES>\n            </FIELD>\n            \n            <FIELD id=\"gender\" type=\"RadioButtonList\" label=\"Gender\" required=\"true\">\n                <PROPERTIES>\n                    <PROPERTY name=\"name\">gender</PROPERTY>\n                </PROPERTIES>\n                <LISTITEMS>\n                    <LISTITEM value=\"Male\" id=\"RBGender1\" Selected=\"true\">Male</LISTITEM>\n                    <LISTITEM value=\"Female\" id=\"RBGender2\" Selected=\"false\">Female</LISTITEM>\n                </LISTITEMS>\n            </FIELD>\n            \n            <FIELD id=\"address\" type=\"TextArea\" label=\"Address\" required=\"true\">\n                <PROPERTIES>\n                    <PROPERTY name=\"id\">txtAddress</PROPERTY>\n                    <PROPERTY name=\"name\">address</PROPERTY>\n                    <PROPERTY name=\"class\">form-control</PROPERTY>\n                    <PROPERTY name=\"placeholder\">Patient Address</PROPERTY>\n                </PROPERTIES>\n            <VALUE>Test</VALUE></FIELD>\n            \n            <FIELD id=\"referral_details\" type=\"CheckBoxList\" label=\"Referral Details\" Backcontrols=\"hide\" Backdivid=\"referral_details_other_div\">\n                <PROPERTIES>\n                    <PROPERTY name=\"name\">referral_details[]</PROPERTY>\n                </PROPERTIES>\n                <LISTITEMS>\n                    <LISTITEM value=\"Self\" id=\"RBRefferals1\" Selected=\"true\">Self</LISTITEM>\n                    <LISTITEM value=\"General Practitioner\" id=\"RBRefferals2\" Selected=\"false\">General Practitioner</LISTITEM>\n                    <LISTITEM value=\"Neighbours\" id=\"RBRefferals3\" Selected=\"false\">Neighbours</LISTITEM>\n                    <LISTITEM value=\"Traditional healer\" id=\"RBRefferals4\" Selected=\"false\">Traditional healer</LISTITEM>\n                    <LISTITEM value=\"Other patient\" id=\"RBRefferals5\" Selected=\"false\">Other patient</LISTITEM>\n                    <LISTITEM value=\"Other psychiatrist\" id=\"RBRefferals6\" Selected=\"false\">Other psychiatrist</LISTITEM>\n                    <LISTITEM value=\"Media\" id=\"RBRefferals7\" Selected=\"false\">Media</LISTITEM>\n                    <LISTITEM value=\"Others\" id=\"RBRefferals8\" Selected=\"false\" onclick=\"OThersvisible(this.id, \'referral_details_other_div\');\">Others</LISTITEM>\n                </LISTITEMS>\n                <FIELD id=\"referral_details_other\" type=\"TextBox\" label=\"Referral Details Notes: \">\n                    <PROPERTIES>\n                        <PROPERTY name=\"id\">referral_details_other</PROPERTY>\n                        <PROPERTY name=\"name\">referral_details_other</PROPERTY>\n                        <PROPERTY name=\"class\">form-control</PROPERTY>\n                        <PROPERTY name=\"placeholder\">Referral Details Notes</PROPERTY>\n                    <PROPERTY name=\"value\"/></PROPERTIES>\n                </FIELD>\n            </FIELD>\n                      \n            <FIELD id=\"education\" type=\"RadioButtonList\" required=\"true\" label=\"Education\" Backcontrols=\"show\" Backdivid=\"education_note_div\">\n                <PROPERTIES>\n                    <PROPERTY name=\"name\">education</PROPERTY>\n                </PROPERTIES>\n                <LISTITEMS>\n                    <LISTITEM value=\"Not Educated\" id=\"RBEducation1\" Selected=\"true\" onclick=\"OThersvisible(this.id,\'education_note_div\');\">Not Educated</LISTITEM>\n                    <LISTITEM value=\"Primary\" id=\"RBEducation2\" Selected=\"false\" onclick=\"OThersvisible(this.id,\'education_note_div\');\">Primary</LISTITEM>\n                    <LISTITEM value=\"High School\" id=\"RBEducation3\" Selected=\"false\" onclick=\"  OThersvisible(this.id,\'education_note_div\');\">High School</LISTITEM>\n                    <LISTITEM value=\"Graduate\" id=\"RBEducation4\" Selected=\"false\" onclick=\" OThersvisible(this.id,\'education_note_div\');\">Graduate</LISTITEM>\n                    <LISTITEM value=\"Post Graduate\" id=\"RBEducation5\" Selected=\"false\" onclick=\" OThersvisible(this.id,\'education_note_div\');\">Post Graduate</LISTITEM>\n                    <LISTITEM value=\"Other\" id=\"RBEducation6\" Selected=\"false\" onclick=\"OThersvisible(this.id,\'education_note_div\');\">Other</LISTITEM>\n                </LISTITEMS>\n                <FIELD id=\"educationnote\" type=\"TextBox\" label=\"Education Notes: \">\n                    <PROPERTIES>\n                        <PROPERTY name=\"id\">educationnote</PROPERTY>\n                        <PROPERTY name=\"name\">educationnote</PROPERTY>\n                        <PROPERTY name=\"class\">form-control</PROPERTY>\n                        <PROPERTY name=\"placeholder\">Education Notes</PROPERTY>\n                    <PROPERTY name=\"value\"/></PROPERTIES>\n                </FIELD>\n            </FIELD>\n                      \n            <FIELD id=\"occupation\" type=\"RadioButtonList\" label=\"Occupation\" re1quired=\"true\" Backcontrols=\"show\" Backdivid=\"occupationnote_div\">\n                <PROPERTIES>\n                    <PROPERTY name=\"name\">occupation</PROPERTY>\n                </PROPERTIES>\n                <LISTITEMS>\n                    <LISTITEM value=\"Employed\" id=\"RBoccupation1\" Selected=\"true\" onclick=\"OThersvisible(this.id, \'occupationnote_div\');\">Employed</LISTITEM>\n                    <LISTITEM value=\"UnEmployed\" id=\"RBoccupation2\" Selected=\"false\" onclick=\"OThersvisible(this.id, \'occupationnote_div\');\">UnEmployed</LISTITEM>\n                    <LISTITEM value=\"Homemaker\" id=\"RBoccupation3\" Selected=\"false\" onclick=\"OThersvisible(this.id, \'occupationnote_div\');\">Homemaker</LISTITEM>\n                    <LISTITEM value=\"Student\" id=\"RBoccupation4\" Selected=\"false\" onclick=\"OThersvisible(this.id, \'occupationnote_div\');\">Student</LISTITEM>\n                </LISTITEMS>\n                <FIELD id=\"occupationnote\" type=\"TextBox\" label=\"Occupation Notes: \">\n                    <PROPERTIES>\n                        <PROPERTY name=\"id\">occupationnote</PROPERTY>\n                        <PROPERTY name=\"name\">occupationnote</PROPERTY>\n                        <PROPERTY name=\"class\">form-control</PROPERTY>\n                        <PROPERTY name=\"placeholder\">Occupation Notes</PROPERTY>\n                    <PROPERTY name=\"value\"/></PROPERTIES>\n                </FIELD>\n            </FIELD>\n            \n            <FIELD id=\"martial_status\" type=\"RadioButtonList\" label=\"Martial Status\" required=\"true\">\n                <PROPERTIES>\n                    <PROPERTY name=\"name\">martial_status</PROPERTY>\n                </PROPERTIES>\n                <LISTITEMS>\n                    <LISTITEM value=\"Never married\" id=\"RBMartial1\" Selected=\"true\">Never married</LISTITEM>\n                    <LISTITEM value=\"Married\" id=\"RBMartial2\" Selected=\"false\">Married</LISTITEM>\n                    <LISTITEM value=\"Separated\" id=\"RBMartial3\" Selected=\"false\">Separated</LISTITEM>\n                    <LISTITEM value=\"Divorced\" id=\"RBMartial4\" Selected=\"false\">Divorced</LISTITEM>\n                </LISTITEMS>\n            </FIELD>\n            \n            <FIELD id=\"religion\" type=\"RadioButtonList\" label=\"Religion\" Backcontrols=\"hide\" Backdivid=\"religionother_div\">\n                <PROPERTIES>\n                    <PROPERTY name=\"name\">religion</PROPERTY>\n                </PROPERTIES>\n                <LISTITEMS>\n                    <LISTITEM value=\"Hindu\" id=\"RBReligion1\" Selected=\"true\" onclick=\"OThersvisible(this.id,\'religionother_div\',\'none\');\">Hindu</LISTITEM>\n                    <LISTITEM value=\"Muslim\" id=\"RBReligion2\" Selected=\"false\" onclick=\"OThersvisible(this.id,\'religionother_div\',\'none\');\">Muslim</LISTITEM>\n                    <LISTITEM value=\"Christian\" id=\"RBReligion3\" Selected=\"false\" onclick=\"OThersvisible(this.id,\'religionother_div\',\'none\');\">Christian</LISTITEM>\n                    <LISTITEM value=\"Others\" id=\"RBReligion4\" Selected=\"false\" onclick=\"OThersvisible(this.id,\'religionother_div\',\'block\');\">Others</LISTITEM>\n                </LISTITEMS>\n                <FIELD id=\"religionother\" type=\"TextBox\" label=\"Religion Notes: \">\n                    <PROPERTIES>\n                        <PROPERTY name=\"id\">religionother</PROPERTY>\n                        <PROPERTY name=\"name\">religionother</PROPERTY>\n                        <PROPERTY name=\"class\">form-control</PROPERTY>\n                        <PROPERTY name=\"placeholder\">Religion Notes</PROPERTY>\n                    <PROPERTY name=\"value\"/></PROPERTIES>\n                </FIELD>\n            </FIELD>\n            \n            <FIELD id=\"level_status\" type=\"RadioButtonList\" label=\"Status\">\n                <PROPERTIES>\n                    <PROPERTY name=\"name\">level_status</PROPERTY>\n                </PROPERTIES>\n                <LISTITEMS>\n                    <LISTITEM value=\"Lower\" id=\"RBstatus1\" Selected=\"true\">Lower</LISTITEM>\n                    <LISTITEM value=\"Middle\" id=\"RBstatus2\" Selected=\"false\">Middle</LISTITEM>\n                    <LISTITEM value=\"Upper\" id=\"RBstatus3\" Selected=\"false\">Upper</LISTITEM>\n                </LISTITEMS>\n            </FIELD>\n            \n            <FIELD id=\"place_of_living\" type=\"RadioButtonList\" label=\"Place of living\">\n                <PROPERTIES>\n                    <PROPERTY name=\"name\">place_of_living</PROPERTY>\n                </PROPERTIES>\n                <LISTITEMS>\n                    <LISTITEM value=\"Rural\" id=\"RBliving1\" Selected=\"true\">Rural</LISTITEM>\n                    <LISTITEM value=\"Urban\" id=\"RBliving2\" Selected=\"false\">Urban</LISTITEM>\n                </LISTITEMS>\n            </FIELD>\n            \n            <FIELD type=\"Header2\" label=\"Informant\"/>\n            \n            <FIELD id=\"relationship\" type=\"RadioButtonList\" label=\"Relationship\" required=\"true\" Backcontrols=\"hide\" Backdivid=\"relationshipother_div\">\n                <PROPERTIES>\n                    <PROPERTY name=\"name\">relationship</PROPERTY>\n                </PROPERTIES>\n                <LISTITEMS>\n                    <LISTITEM value=\"Self\" id=\"RBRelation1\" Selected=\"true\" onclick=\"OThersvisible(this.id,\'relationshipother_div\',\'none\');\">Self</LISTITEM>\n                    <LISTITEM value=\"Father\" id=\"RBRelation2\" Selected=\"false\" onclick=\"OThersvisible(this.id,\'relationshipother_div\',\'none\');\">Father</LISTITEM>\n                    <LISTITEM value=\"Mother\" id=\"RBRelation3\" Selected=\"false\" onclick=\"OThersvisible(this.id,\'relationshipother_div\',\'none\');\">Mother</LISTITEM>\n                    <LISTITEM value=\"Sibling\" id=\"RBRelation4\" Selected=\"false\" onclick=\"OThersvisible(this.id,\'relationshipother_div\',\'none\');\">Sibling</LISTITEM>\n                    <LISTITEM value=\"Spouse\" id=\"RBRelation5\" Selected=\"false\" onclick=\"OThersvisible(this.id,\'relationshipother_div\',\'none\');\">Spouse</LISTITEM>\n                    <LISTITEM value=\"Children\" id=\"RBRelation6\" Selected=\"false\" onclick=\"OThersvisible(this.id,\'relationshipother_div\',\'none\');\">Children</LISTITEM>\n                    <LISTITEM value=\"Friend\" id=\"RBRelation7\" Selected=\"false\" onclick=\"OThersvisible(this.id,\'relationshipother_div\',\'none\');\">Friend</LISTITEM>\n                    <LISTITEM value=\"Others\" id=\"RBRelation8\" Selected=\"false\" onclick=\"OThersvisible(this.id,\'relationshipother_div\',\'block\');\">Others</LISTITEM>\n                </LISTITEMS>\n                <FIELD id=\"relationshipother\" type=\"TextBox\" label=\"Relationship Notes: \">\n                    <PROPERTIES>\n                        <PROPERTY name=\"id\">relationshipother</PROPERTY>\n                        <PROPERTY name=\"name\">relationshipother</PROPERTY>\n                        <PROPERTY name=\"class\">form-control</PROPERTY>\n                        <PROPERTY name=\"placeholder\">Relationship Notes</PROPERTY>\n                    <PROPERTY name=\"value\"/></PROPERTIES>\n                </FIELD>\n            </FIELD>\n            \n            <FIELD id=\"primary_care_giver\" type=\"RadioButtonList\" label=\"Primary Care giver\" required=\"true\">\n                <PROPERTIES>\n                    <PROPERTY name=\"name\">primary_care_giver</PROPERTY>\n                </PROPERTIES>\n                <LISTITEMS>\n                    <LISTITEM value=\"Yes\" id=\"RBPrimarycare1\" Selected=\"true\">Yes</LISTITEM>\n                    <LISTITEM value=\"No\" id=\"RBPrimarycare2\" Selected=\"false\">No</LISTITEM>\n                </LISTITEMS>\n            </FIELD>\n            \n            <FIELD id=\"duration_of_relationship\" type=\"TextBoxDDL\" label=\"Duration of Relationship\">\n                <PROPERTIES>\n                    <PROPERTY name=\"id\">txtrelduration</PROPERTY>\n                    <PROPERTY name=\"name\">duration_of_relationship</PROPERTY>\n                    <PROPERTY name=\"class\">form-control</PROPERTY>\n                    <PROPERTY name=\"onkeydown\">return isNumericKeyStroke(event)</PROPERTY>\n                <PROPERTY name=\"value\">10</PROPERTY></PROPERTIES>\n                <FIELD id=\"ddlrelation\" type=\"DropDownList\">\n                    <PROPERTIES>\n                        <PROPERTY name=\"id\">ddlrelation</PROPERTY>\n                        <PROPERTY name=\"name\">ddlrelation</PROPERTY>\n                        <PROPERTY name=\"class\">form-control</PROPERTY>\n                    </PROPERTIES>\n                    <LISTITEMS>\n                        <LISTITEM value=\"Yrs\" Selected=\"true\">Yrs</LISTITEM>\n                        <LISTITEM value=\"Months\" Selected=\"false\">Months</LISTITEM>\n                        <LISTITEM value=\"Weeks\" Selected=\"false\">Weeks</LISTITEM>\n                        <LISTITEM value=\"Days\" Selected=\"false\">Days</LISTITEM>\n                    </LISTITEMS>\n                </FIELD>\n            </FIELD>\n            \n            <FIELD id=\"information\" type=\"RadioButtonList\" label=\"Information\" required=\"true\">\n                <PROPERTIES>\n                    <PROPERTY name=\"name\">information</PROPERTY>\n                </PROPERTIES>\n                <LISTITEMS>\n                    <LISTITEM value=\"Reliable\" id=\"RBInfo1\" Selected=\"true\">Reliable</LISTITEM>\n                    <LISTITEM value=\"Unreliable\" id=\"RBInfo2\" Selected=\"false\">Unreliable</LISTITEM>\n                    <LISTITEM value=\"Adequate\" id=\"RBInfo3\" Selected=\"false\">Adequate</LISTITEM>\n                    <LISTITEM value=\"Inadequate\" id=\"RBInfo4\" Selected=\"false\">Inadequate</LISTITEM>\n                </LISTITEMS>\n            </FIELD>\n        </PANELBODY>\n    </GROUP>\n    \n    <GROUP>\n        <PANELHEADER>\n            <PROPERTIES>\n                <PROPERTY name=\"class\">panel-heading bg-default</PROPERTY>\n            </PROPERTIES>\n            <VALUE>Presenting Compliants (In chronological order)</VALUE>\n        </PANELHEADER>\n        <PANELBODY>\n            <FIELD type=\"RadGrid\" ADDButton=\"True\" ADDButtonID=\"RGCompliantadd\" AddButtonTableId=\"RGCompliant\">\n                <PROPERTIES>\n                    <PROPERTY name=\"id\">RGCompliant</PROPERTY>\n                    <PROPERTY name=\"class\">table table-bordered</PROPERTY>\n                </PROPERTIES>\n                <HEADER>\n                    <TH>Complaints</TH>\n                    <TH>Duration</TH>\n                </HEADER>\n                <COLUMNS>\n                    <FIELD id=\"txtComplaints\" type=\"TextBox\">\n                        <PROPERTIES>\n                            <PROPERTY name=\"id\">txtComplaints</PROPERTY>\n                            <PROPERTY name=\"name\">txtComplaints</PROPERTY>\n                            <PROPERTY name=\"class\">form-control</PROPERTY>\n                        <PROPERTY name=\"value\"/></PROPERTIES>\n                    </FIELD>\n                    <FIELD id=\"txtDuration\" type=\"TextBoxDDL\">\n                        <PROPERTIES>\n                            <PROPERTY name=\"id\">txtDuration</PROPERTY>\n                            <PROPERTY name=\"name\">txtDuration</PROPERTY>\n                            <PROPERTY name=\"class\">form-control</PROPERTY>\n                            <PROPERTY name=\"onkeydown\">return isNumericKeyStroke(event)</PROPERTY>\n                        <PROPERTY name=\"value\"/></PROPERTIES>\n                        <FIELD id=\"DDLDuration\" type=\"DropDownList\">\n                            <PROPERTIES>\n                                <PROPERTY name=\"id\">DDLDuration</PROPERTY>\n                                <PROPERTY name=\"name\">DDLDuration</PROPERTY>\n                                <PROPERTY name=\"class\">form-control</PROPERTY>\n                            </PROPERTIES>\n                            <LISTITEMS>\n                                <LISTITEM value=\"Yrs\" Selected=\"true\">Yrs</LISTITEM>\n                                <LISTITEM value=\"Months\" Selected=\"false\">Months</LISTITEM>\n                                <LISTITEM value=\"Weeks\" Selected=\"false\">Weeks</LISTITEM>\n                                <LISTITEM value=\"Days\" Selected=\"false\">Days</LISTITEM>\n                            </LISTITEMS>\n                        </FIELD>\n                    </FIELD>\n                </COLUMNS>\n            </FIELD>\n            \n            <FIELD id=\"total_duration\" type=\"TextBoxDDL\" label=\"Total Duration\" required=\"true\">\n                <PROPERTIES>\n                    <PROPERTY name=\"id\">txtillduration</PROPERTY>\n                    <PROPERTY name=\"class\">form-control</PROPERTY>\n                    <PROPERTY name=\"name\">total_duration</PROPERTY>\n                    <PROPERTY name=\"onkeydown\">return isNumericKeyStroke(event)</PROPERTY>\n                <PROPERTY name=\"value\">10</PROPERTY></PROPERTIES>\n                <FIELD id=\"ddlillduration\" type=\"DropDownList\">\n                    <PROPERTIES>\n                        <PROPERTY name=\"id\">ddlillduration</PROPERTY>\n                        <PROPERTY name=\"name\">ddlillduration</PROPERTY>\n                        <PROPERTY name=\"class\">form-control</PROPERTY>\n                    </PROPERTIES>\n                    <LISTITEMS>\n                        <LISTITEM value=\"Yrs\" Selected=\"true\">Yrs</LISTITEM>\n                        <LISTITEM value=\"Months\" Selected=\"false\">Months</LISTITEM>\n                        <LISTITEM value=\"Weeks\" Selected=\"false\">Weeks</LISTITEM>\n                        <LISTITEM value=\"Days\" Selected=\"false\">Days</LISTITEM>\n                    </LISTITEMS>\n                </FIELD>\n            </FIELD>\n            \n            <FIELD id=\"mode_of_onset\" type=\"RadioButtonList\" label=\"Mode of Onset\" required=\"true\">\n                <PROPERTIES>\n                    <PROPERTY name=\"name\">mode_of_onset</PROPERTY>\n                </PROPERTIES>\n                <LISTITEMS>\n                    <LISTITEM value=\"Abrupt\" id=\"RBmode1\" Selected=\"true\">Abrupt</LISTITEM>\n                    <LISTITEM value=\"Acute\" id=\"RBmode2\" Selected=\"false\">Acute</LISTITEM>\n                    <LISTITEM value=\"Subacute\" id=\"RBmode3\" Selected=\"false\">Subacute</LISTITEM>\n                    <LISTITEM value=\"Insidious\" id=\"RBmode4\" Selected=\"false\">Insidious</LISTITEM>\n                </LISTITEMS>\n            </FIELD>\n            \n            <FIELD id=\"course_type\" type=\"RadioButtonList\" label=\"Course type\" required=\"true\">\n                <PROPERTIES>\n                    <PROPERTY name=\"name\">course_type</PROPERTY>\n                </PROPERTIES>\n                <LISTITEMS>\n                    <LISTITEM value=\"Continuous\" id=\"RBcourse1\" Selected=\"true\">Continuous</LISTITEM>\n                    <LISTITEM value=\"Episodic\" id=\"RBcourse2\" Selected=\"false\">Episodic</LISTITEM>\n                    <LISTITEM value=\"Fluctuating\" id=\"RBcourse3\" Selected=\"false\">Fluctuating</LISTITEM>\n                </LISTITEMS>\n            </FIELD>\n            \n            <FIELD id=\"precipitating_factor\" type=\"CheckBoxList\" label=\"Precipitating factor\" Backcontrols=\"hide\" Backdivid=\"precipitating_factor_other_div\">\n                <PROPERTIES>\n                    <PROPERTY name=\"name\">precipitating_factor[]</PROPERTY>\n                </PROPERTIES>\n                <LISTITEMS>\n                    <LISTITEM value=\"Bereavement\" id=\"RBpresent1\" Selected=\"true\">Bereavement</LISTITEM>\n                    <LISTITEM value=\"Financial loss\" id=\"RBpresent2\" Selected=\"false\">Financial loss</LISTITEM>\n                    <LISTITEM value=\"Family conflicts\" id=\"RBpresent3\" Selected=\"false\">Family conflicts</LISTITEM>\n                    <LISTITEM value=\"Difficulty at work\" id=\"RBpresent4\" Selected=\"false\">Difficulty at work</LISTITEM>\n                    <LISTITEM value=\"Physical ailment\" id=\"RBpresent5\" Selected=\"false\">Physical ailment</LISTITEM>\n                    <LISTITEM value=\"Relationship problems\" id=\"RBpresent6\" Selected=\"false\">Relationship problems</LISTITEM>\n                    <LISTITEM value=\"Others\" id=\"RBpresent7\" Selected=\"false\" onclick=\"OThersvisible(this.id, \'precipitating_factor_other_div\');\">Others</LISTITEM>\n                </LISTITEMS>\n                <FIELD id=\"precipitating_factor_other\" type=\"TextBox\" label=\"Precipitating Factor Notes: \">\n                    <PROPERTIES>\n                        <PROPERTY name=\"id\">precipitating_factor_other</PROPERTY>\n                        <PROPERTY name=\"name\">precipitating_factor_other</PROPERTY>\n                        <PROPERTY name=\"class\">form-control</PROPERTY>\n                        <PROPERTY name=\"placeholder\">Precipitating Factor Notes</PROPERTY>\n                    <PROPERTY name=\"value\"/></PROPERTIES>\n                </FIELD>\n            </FIELD>\n            \n            <FIELD id=\"nature\" type=\"RadioButtonList\" label=\"Nature\" required=\"true\">\n                <PROPERTIES>\n                    <PROPERTY name=\"name\">nature</PROPERTY>\n                </PROPERTIES>\n                <LISTITEMS>\n                    <LISTITEM value=\"Progressive\" id=\"RBnature1\" Selected=\"true\">Progressive</LISTITEM>\n                    <LISTITEM value=\"Improving\" id=\"RBnature2\" Selected=\"false\">Improving</LISTITEM>\n                    <LISTITEM value=\"Static\" id=\"RBnature3\" Selected=\"false\">Static</LISTITEM>\n                </LISTITEMS>\n            </FIELD>\n        </PANELBODY>\n    </GROUP>\n    \n    <GROUP>\n        <PANELHEADER>\n            <PROPERTIES>\n                <PROPERTY name=\"class\">panel-heading bg-default</PROPERTY>\n            </PROPERTIES>\n            <VALUE>History Of Presenting Illness</VALUE>\n        </PANELHEADER>\n        <PANELBODY>\n            <FIELD id=\"history_presenting_illness\" type=\"textareaFull\" label=\"Notes\">\n                <PROPERTIES>\n                    <PROPERTY name=\"id\">history_presenting_illness</PROPERTY>\n                    <PROPERTY name=\"name\">history_presenting_illness</PROPERTY>\n                    <PROPERTY name=\"class\">form-control</PROPERTY>\n                    <PROPERTY name=\"rows\">6</PROPERTY>\n                </PROPERTIES>\n            <VALUE/></FIELD>\n            \n            <FIELD type=\"Header2\" label=\"Associated Disturbances\"/>\n            \n            <FIELD id=\"sleep\" type=\"RadioButtonList\" label=\"Sleep\">\n                <PROPERTIES>\n                    <PROPERTY name=\"name\">sleep</PROPERTY>\n                </PROPERTIES>\n                <LISTITEMS>\n                    <LISTITEM value=\"Premorbid\" id=\"sleep1\" Selected=\"False\">Premorbid</LISTITEM>\n                    <LISTITEM value=\"Increased\" id=\"sleep2\" Selected=\"False\">Increased</LISTITEM>\n                    <LISTITEM value=\"Decreased\" id=\"sleep3\" Selected=\"False\">Decreased</LISTITEM>\n                </LISTITEMS>\n            </FIELD>\n            \n            <FIELD id=\"appetite\" type=\"RadioButtonList\" label=\"Appetite\">\n                <PROPERTIES>\n                    <PROPERTY name=\"name\">appetite</PROPERTY>\n                </PROPERTIES>\n                <LISTITEMS>\n                    <LISTITEM value=\"Premorbid\" id=\"appetite1\" Selected=\"False\">Premorbid</LISTITEM>\n                    <LISTITEM value=\"Increased\" id=\"appetite2\" Selected=\"False\">Increased</LISTITEM>\n                    <LISTITEM value=\"Decreased\" id=\"appetite3\" Selected=\"False\">Decreased</LISTITEM>\n                </LISTITEMS>\n            </FIELD>\n            \n            <FIELD id=\"weight\" type=\"RadioButtonList\" label=\"Weight\">\n                <PROPERTIES>\n                    <PROPERTY name=\"name\">weight</PROPERTY>\n                </PROPERTIES>\n                <LISTITEMS>\n                    <LISTITEM value=\"Premorbid\" id=\"weight1\" Selected=\"False\">Premorbid</LISTITEM>\n                    <LISTITEM value=\"Increased\" id=\"weight2\" Selected=\"False\">Increased</LISTITEM>\n                    <LISTITEM value=\"Decreased\" id=\"weight3\" Selected=\"False\">Decreased</LISTITEM>\n                </LISTITEMS>\n            </FIELD>\n            \n            <FIELD id=\"sexual_functioning\" type=\"RadioButtonList\" label=\"Sexual Functioning\">\n                <PROPERTIES>\n                    <PROPERTY name=\"name\">sexual_functioning</PROPERTY>\n                </PROPERTIES>\n                <LISTITEMS>\n                    <LISTITEM value=\"Premorbid\" id=\"sexual_functioning1\" Selected=\"False\">Premorbid</LISTITEM>\n                    <LISTITEM value=\"Increased\" id=\"sexual_functioning2\" Selected=\"False\">Increased</LISTITEM>\n                    <LISTITEM value=\"Decreased\" id=\"sexual_functioning3\" Selected=\"False\">Decreased</LISTITEM>\n                </LISTITEMS>\n            </FIELD>\n            \n            <FIELD id=\"social_functioning\" type=\"RadioButtonList\" label=\"Social Functioning\" Backcontrols=\"hide\" Backdivid=\"social_functioning_radio_div\">\n                <PROPERTIES>\n                    <PROPERTY name=\"name\">social_functioning</PROPERTY>\n                </PROPERTIES>\n                <LISTITEMS>\n                    <LISTITEM value=\"Intact\" id=\"social_functioning1\" Selected=\"False\" onclick=\"OThersvisible(this.id, \'social_functioning_radio_div\', \'none\');\">Intact</LISTITEM>\n                    <LISTITEM value=\"Impaired\" id=\"social_functioning2\" Selected=\"False\" onclick=\"OThersvisible(this.id, \'social_functioning_radio_div\', \'block\');\">Impaired</LISTITEM>\n                </LISTITEMS>\n                <FIELD id=\"social_functioning_radio\" type=\"RadioButtonList\" label=\"Severity: \">\n                    <PROPERTIES>\n                        <PROPERTY name=\"name\">social_functioning_radio</PROPERTY>\n                    </PROPERTIES>\n                    <LISTITEMS>\n                        <LISTITEM value=\"Mild\" id=\"social_functioning_radio1\" Selected=\"False\">Mild</LISTITEM>\n                        <LISTITEM value=\"Moderate\" id=\"social_functioning_radio2\" Selected=\"False\">Moderate</LISTITEM>\n                        <LISTITEM value=\"Severe\" id=\"social_functioning_radio3\" Selected=\"False\">Severe</LISTITEM>\n                    </LISTITEMS>\n                </FIELD>\n            </FIELD>\n            \n            <FIELD id=\"occupational_functioning\" type=\"RadioButtonList\" label=\"Occupational Functioning\" Backcontrols=\"hide\" Backdivid=\"occupational_functioning_radio_div\">\n                <PROPERTIES>\n                    <PROPERTY name=\"name\">occupational_functioning</PROPERTY>\n                </PROPERTIES>\n                <LISTITEMS>\n                    <LISTITEM value=\"Intact\" id=\"occupational_functioning1\" Selected=\"False\" onclick=\"OThersvisible(this.id, \'occupational_functioning_radio_div\', \'none\');\">Intact</LISTITEM>\n                    <LISTITEM value=\"Impaired\" id=\"occupational_functioning2\" Selected=\"False\" onclick=\"OThersvisible(this.id, \'occupational_functioning_radio_div\', \'block\');\">Impaired</LISTITEM>\n                </LISTITEMS>\n                <FIELD id=\"occupational_functioning_radio\" type=\"RadioButtonList\" label=\"Severity: \">\n                    <PROPERTIES>\n                        <PROPERTY name=\"name\">occupational_functioning_radio</PROPERTY>\n                    </PROPERTIES>\n                    <LISTITEMS>\n                        <LISTITEM value=\"Mild\" id=\"occupational_functioning_radio1\" Selected=\"False\">Mild</LISTITEM>\n                        <LISTITEM value=\"Moderate\" id=\"occupational_functioning_radio2\" Selected=\"False\">Moderate</LISTITEM>\n                        <LISTITEM value=\"Severe\" id=\"occupational_functioning_radio3\" Selected=\"False\">Severe</LISTITEM>\n                    </LISTITEMS>\n                </FIELD>\n            </FIELD>\n        </PANELBODY>\n    </GROUP>\n    \n    <!-- 2016/06/14--> \n    <GROUP>\n        <PANELHEADER>\n            <PROPERTIES>\n                <PROPERTY name=\"class\">panel-heading bg-default</PROPERTY>\n            </PROPERTIES>\n            <VALUE>Past History</VALUE>\n        </PANELHEADER>\n        <PANELBODY>\n            <FIELD type=\"Header2\" label=\"Past Psychiatric History\"/>\n            \n            <FIELD id=\"similar_episodes\" type=\"RadioButtonList\" label=\"Similar Episodes\" Backcontrols=\"hide\" Backdivid=\"similar_episodes_ddl_div\">\n                <PROPERTIES>\n                    <PROPERTY name=\"name\">similar_episodes</PROPERTY>\n                </PROPERTIES>\n                <LISTITEMS>\n                    <LISTITEM value=\"No\" id=\"similar_episodes1\" Selected=\"False\" onclick=\"OThersvisible(this.id,\'similar_episodes_ddl_div\',\'none\');\">No</LISTITEM>\n                    <LISTITEM value=\"Yes\" id=\"similar_episodes2\" Selected=\"False\" onclick=\"OThersvisible(this.id,\'similar_episodes_ddl_div\',\'block\');\">Yes</LISTITEM>\n                </LISTITEMS>\n                <FIELD id=\"similar_episodes_ddl\" type=\"DropDownList\" label=\"Number of Episodes: \">\n                    <PROPERTIES>\n                        <PROPERTY name=\"id\">similar_episodes_ddl</PROPERTY>\n                        <PROPERTY name=\"name\">similar_episodes_ddl</PROPERTY>\n                        <PROPERTY name=\"class\">form-control</PROPERTY>\n                    </PROPERTIES>\n                    <LISTITEMS>\n                        <LISTITEM value=\"--Select--\" Selected=\"true\">--Select--</LISTITEM>\n                        <LISTITEM value=\"1\" Selected=\"false\">1</LISTITEM>\n                        <LISTITEM value=\"2\" Selected=\"false\">2</LISTITEM>\n                        <LISTITEM value=\"3\" Selected=\"false\">3</LISTITEM>\n                        <LISTITEM value=\"4\" Selected=\"false\">4</LISTITEM>\n                        <LISTITEM value=\"5\" Selected=\"false\">5</LISTITEM>\n                        <LISTITEM value=\"6\" Selected=\"false\">6</LISTITEM>\n                        <LISTITEM value=\"7\" Selected=\"false\">7</LISTITEM>\n                        <LISTITEM value=\"8\" Selected=\"false\">8</LISTITEM>\n                        <LISTITEM value=\"9\" Selected=\"false\">9</LISTITEM>\n                        <LISTITEM value=\"10\" Selected=\"false\">10</LISTITEM>\n                        <LISTITEM value=\"11\" Selected=\"false\">11</LISTITEM>\n                        <LISTITEM value=\"12\" Selected=\"false\">12</LISTITEM>\n                        <LISTITEM value=\"13\" Selected=\"false\">13</LISTITEM>\n                        <LISTITEM value=\"14\" Selected=\"false\">14</LISTITEM>\n                        <LISTITEM value=\"15\" Selected=\"false\">15</LISTITEM>\n                        <LISTITEM value=\"16\" Selected=\"false\">16</LISTITEM>\n                        <LISTITEM value=\"17\" Selected=\"false\">17</LISTITEM>\n                        <LISTITEM value=\"18\" Selected=\"false\">18</LISTITEM>\n                        <LISTITEM value=\"19\" Selected=\"false\">19</LISTITEM>\n                        <LISTITEM value=\"20\" Selected=\"false\">20</LISTITEM>\n                    </LISTITEMS>\n                </FIELD>\n            </FIELD>\n            \n            <FIELD id=\"past_psychiatric_history\" type=\"textareaFull\" label=\"Notes\">\n                <PROPERTIES>\n                    <PROPERTY name=\"id\">past_psychiatric_history</PROPERTY>\n                    <PROPERTY name=\"name\">past_psychiatric_history</PROPERTY>\n                    <PROPERTY name=\"class\">form-control</PROPERTY>\n                    <PROPERTY name=\"rows\">6</PROPERTY>\n                </PROPERTIES>\n            <VALUE/></FIELD>\n            \n            <FIELD type=\"Header2\" label=\"Past Medical History\"/>\n            \n            <FIELD type=\"RadGrid\" ADDButton=\"True\" ADDButtonID=\"RGMedHisadd\" AddButtonTableId=\"RGMedicalHistory\">\n                <PROPERTIES>\n                    <PROPERTY name=\"id\">RGMedicalHistory</PROPERTY>\n                    <PROPERTY name=\"class\">table table-bordered</PROPERTY>\n                </PROPERTIES>\n                <HEADER>\n                    <TH>Complaints</TH>\n                    <TH>Duration</TH>\n                    <TH>Currently under treatment</TH>\n                </HEADER>\n                <COLUMNS>\n                    <FIELD id=\"DDLMedHis\" type=\"DropDownList\">\n                        <PROPERTIES>\n                            <PROPERTY name=\"id\">DDLMedHis</PROPERTY>\n                            <PROPERTY name=\"name\">DDLMedHis</PROPERTY>\n                            <PROPERTY name=\"class\">form-control</PROPERTY>\n                        </PROPERTIES>\n                        <LISTITEMS>\n                            <LISTITEM value=\"--Select--\" Selected=\"true\">--Select--</LISTITEM>\n                            <LISTITEM value=\"Diabetes\" Selected=\"false\">Diabetes</LISTITEM>\n                            <LISTITEM value=\"Hypertension\" Selected=\"false\">Hypertension</LISTITEM>\n                            <LISTITEM value=\"Tuberculosis\" Selected=\"false\">Tuberculosis</LISTITEM>\n                            <LISTITEM value=\"Hepatitis\" Selected=\"false\">Hepatitis</LISTITEM>\n                            <LISTITEM value=\"Asthma\" Selected=\"false\">Asthma</LISTITEM>\n                            <LISTITEM value=\"Bronchitis\" Selected=\"false\">Bronchitis</LISTITEM>\n                            <LISTITEM value=\"Head injury/LOC\" Selected=\"false\">Head injury/LOC</LISTITEM>\n                            <LISTITEM value=\"Seizures\" Selected=\"false\">Seizures</LISTITEM>\n                            <LISTITEM value=\"Cerebrovascular Accidents\" Selected=\"false\">Cerebrovascular Accidents</LISTITEM>\n                            <LISTITEM value=\"Immuno compromised state\" Selected=\"false\">Immuno compromised state</LISTITEM>\n                            <LISTITEM value=\"Mycocardial Infarction\" Selected=\"false\">Mycocardial Infarction</LISTITEM>\n                            <LISTITEM value=\"Allergies\" Selected=\"false\">Allergies</LISTITEM>\n                            <LISTITEM value=\"IHD\" Selected=\"false\">IHD</LISTITEM>\n                        </LISTITEMS>\n                    </FIELD>\n                    \n                    <FIELD id=\"TxtMedHisDuration\" type=\"TextBoxDDL\">\n                        <PROPERTIES>\n                            <PROPERTY name=\"id\">TxtMedHisDuration</PROPERTY>\n                            <PROPERTY name=\"name\">TxtMedHisDuration</PROPERTY>\n                            <PROPERTY name=\"class\">form-control</PROPERTY>\n                            <PROPERTY name=\"onkeydown\">return isNumericKeyStroke(event)</PROPERTY>\n                        <PROPERTY name=\"value\"/></PROPERTIES>\n                        <FIELD id=\"DDLMedHisDuration\" type=\"DropDownList\">\n                            <PROPERTIES>\n                                <PROPERTY name=\"id\">DDLMedHisDuration</PROPERTY>\n                                <PROPERTY name=\"name\">DDLMedHisDuration</PROPERTY>\n                                <PROPERTY name=\"class\">form-control</PROPERTY>\n                            </PROPERTIES>\n                            <LISTITEMS>\n                                <LISTITEM value=\"Yrs\" Selected=\"true\">Yrs</LISTITEM>\n                                <LISTITEM value=\"Months\" Selected=\"false\">Months</LISTITEM>\n                                <LISTITEM value=\"Weeks\" Selected=\"false\">Weeks</LISTITEM>\n                                <LISTITEM value=\"Days\" Selected=\"false\">Days</LISTITEM>\n                            </LISTITEMS>\n                        </FIELD>\n                    </FIELD>\n                    \n                    <FIELD id=\"radio_med_his_currently_under_treatment\" type=\"RadioButtonList\" Backcontrols=\"hide\" Backdivid=\"med_his_currently_under_treatment_reason_div\">\n                        <PROPERTIES>\n                            <PROPERTY name=\"name\">radio_med_his_currently_under_treatment</PROPERTY>\n                        </PROPERTIES>\n                        <LISTITEMS>\n                            <LISTITEM value=\"Yes\" id=\"radio_med_his_currently_under_treatment1\" Selected=\"False\" onclick=\"OThersvisible(this.id,\'med_his_currently_under_treatment_reason_div\',\'none\');\">Yes</LISTITEM>\n                            <LISTITEM value=\"No\" id=\"radio_med_his_currently_under_treatment2\" Selected=\"False\" onclick=\"OThersvisible(this.id,\'med_his_currently_under_treatment_reason_div\',\'block\');\">No</LISTITEM>\n                        </LISTITEMS>\n                        <FIELD id=\"med_his_currently_under_treatment_reason\" type=\"TextBox\" label=\"Reason: \">\n                            <PROPERTIES>\n                                <PROPERTY name=\"id\">med_his_currently_under_treatment_reason</PROPERTY>\n                                <PROPERTY name=\"name\">med_his_currently_under_treatment_reason</PROPERTY>\n                                <PROPERTY name=\"class\">form-control</PROPERTY>\n                                <PROPERTY name=\"placeholder\">Reason</PROPERTY>\n                            <PROPERTY name=\"value\"/></PROPERTIES>\n                        </FIELD>\n                    </FIELD>\n                </COLUMNS>\n            </FIELD>\n            \n            <FIELD id=\"past_medical_history_notes\" type=\"textareaFull\" label=\"Notes\">\n                <PROPERTIES>\n                    <PROPERTY name=\"id\">past_medical_history_notes</PROPERTY>\n                    <PROPERTY name=\"name\">past_medical_history_notes</PROPERTY>\n                    <PROPERTY name=\"class\">form-control</PROPERTY>\n                    <PROPERTY name=\"rows\">6</PROPERTY>\n                </PROPERTIES>\n            <VALUE/></FIELD>\n            \n            <FIELD type=\"PanelBar\" label=\"Treatment History\" target_div=\"treatment_history\">\n                <FIELD type=\"Header2\" label=\"Phamacotherapy\"/>\n                \n                <FIELD type=\"RadGrid\" ADDButton=\"True\" ADDButtonID=\"RGPhamacoadd\" AddButtonTableId=\"RGPhamaco\">\n                    <PROPERTIES>\n                        <PROPERTY name=\"id\">RGPhamaco</PROPERTY>\n                        <PROPERTY name=\"class\">table table-bordered</PROPERTY>\n                    </PROPERTIES>\n                    <HEADER>\n                        <TH>Drug name</TH>\n                        <TH>Duration</TH>\n                        <TH>Currently under treatment</TH>\n                        <TH>Side effects</TH>\n                    </HEADER>\n                    <COLUMNS>\n                        <FIELD id=\"txtPhamacoDrugName\" type=\"TextBox\">\n                            <PROPERTIES>\n                                <PROPERTY name=\"id\">txtPhamacoDrugName</PROPERTY>\n                                <PROPERTY name=\"name\">txtPhamacoDrugName</PROPERTY>\n                                <PROPERTY name=\"class\">form-control</PROPERTY>\n                            <PROPERTY name=\"value\"/></PROPERTIES>\n                        </FIELD>\n                        \n                        <FIELD id=\"txtPhamacoDuration\" type=\"TextBoxDDL\">\n                            <PROPERTIES>\n                                <PROPERTY name=\"id\">txtPhamacoDuration</PROPERTY>\n                                <PROPERTY name=\"name\">txtPhamacoDuration</PROPERTY>\n                                <PROPERTY name=\"class\">form-control</PROPERTY>\n                                <PROPERTY name=\"onkeydown\">return isNumericKeyStroke(event)</PROPERTY>\n                            <PROPERTY name=\"value\"/></PROPERTIES>\n                            <FIELD id=\"DDLPhamacoDuration\" type=\"DropDownList\">\n                                <PROPERTIES>\n                                    <PROPERTY name=\"id\">DDLPhamacoDuration</PROPERTY>\n                                    <PROPERTY name=\"name\">DDLPhamacoDuration</PROPERTY>\n                                    <PROPERTY name=\"class\">form-control</PROPERTY>\n                                </PROPERTIES>\n                                <LISTITEMS>\n                                    <LISTITEM value=\"Yrs\" Selected=\"true\">Yrs</LISTITEM>\n                                    <LISTITEM value=\"Months\" Selected=\"false\">Months</LISTITEM>\n                                    <LISTITEM value=\"Weeks\" Selected=\"false\">Weeks</LISTITEM>\n                                    <LISTITEM value=\"Days\" Selected=\"false\">Days</LISTITEM>\n                                </LISTITEMS>\n                            </FIELD>\n                        </FIELD>\n                        \n                        <FIELD id=\"radioPhamacoCurrentlyUnderTreatment\" type=\"RadioButtonList\">\n                            <PROPERTIES>\n                                <PROPERTY name=\"name\">radioPhamacoCurrentlyUnderTreatment</PROPERTY>\n                            </PROPERTIES>\n                            <LISTITEMS>\n                                <LISTITEM value=\"Adequate\" id=\"radioPhamacoCurrentlyUnderTreatment1\" Selected=\"False\">Adequate</LISTITEM>\n                                <LISTITEM value=\"Inadequate\" id=\"radioPhamacoCurrentlyUnderTreatment2\" Selected=\"False\">Inadequate</LISTITEM>\n                                <LISTITEM value=\"Partial\" id=\"radioPhamacoCurrentlyUnderTreatment3\" Selected=\"False\">Partial</LISTITEM>\n                            </LISTITEMS>\n                        </FIELD>\n                        \n                        <FIELD id=\"txtPhamacoSideEffects\" type=\"TextBox\">\n                            <PROPERTIES>\n                                <PROPERTY name=\"id\">txtPhamacoSideEffects</PROPERTY>\n                                <PROPERTY name=\"name\">txtPhamacoSideEffects</PROPERTY>\n                                <PROPERTY name=\"class\">form-control</PROPERTY>\n                            <PROPERTY name=\"value\"/></PROPERTIES>\n                        </FIELD>\n                    </COLUMNS>\n                </FIELD>\n                \n                <FIELD id=\"rb_pb_treatmenthistory\" type=\"RadioButtonList\" label=\"Medication Compliance\">\n                    <PROPERTIES>\n                        <PROPERTY name=\"name\">rb_pb_treatmenthistory</PROPERTY>\n                        <PROPERTY name=\"ToolTip\">\n                            In the last 3 monts:\n                            Continuous intake=complaint\n                            Missed medic for less than 1wk= partially adherent\n                            Missed medic for 1wk or more=non-complaint\n                            (Criteria used by- Olfson et al,2000)\n                        </PROPERTY>\n                    </PROPERTIES>\n                    <LISTITEMS>\n                        <LISTITEM id=\"rb_pb_treatmenthistory1\" value=\"Non-complaint\" Selected=\"False\">Non-complaint</LISTITEM>\n                        <LISTITEM id=\"rb_pb_treatmenthistory2\" value=\"Complaint\" Selected=\"False\">Complaint</LISTITEM>\n                        <LISTITEM id=\"rb_pb_treatmenthistory3\" value=\"Partially Complaint\" Selected=\"False\">Partially Complaint</LISTITEM>\n                    </LISTITEMS>\n                </FIELD>\n                \n                <FIELD type=\"Header2\" label=\"Electro Convulsive therapy\"/>\n                \n                <FIELD id=\"previous_ects\" type=\"RadioButtonList\" label=\"Previous ECT\'s\" Backcontrols=\"hide\" Backdivid=\"previous_ects_radio_div\">\n                    <PROPERTIES>\n                        <PROPERTY name=\"name\">previous_ects</PROPERTY>\n                    </PROPERTIES>\n                    <LISTITEMS>\n                        <LISTITEM value=\"No\" id=\"previous_ects1\" Selected=\"False\" onclick=\"OThersvisible(this.id,\'previous_ects_radio_div\',\'none\');\">No</LISTITEM>\n                        <LISTITEM value=\"Yes\" id=\"previous_ects2\" Selected=\"False\" onclick=\"OThersvisible(this.id,\'previous_ects_radio_div\',\'block\');\">Yes</LISTITEM>\n                    </LISTITEMS>\n                    <FIELD id=\"no_of_ects_ddl\" type=\"DropDownList\" label=\"No. of ECT course(s): \">\n                        <PROPERTIES>\n                            <PROPERTY name=\"id\">no_of_ects_ddl</PROPERTY>\n                            <PROPERTY name=\"name\">no_of_ects_ddl</PROPERTY>\n                            <PROPERTY name=\"class\">form-control</PROPERTY>\n                        </PROPERTIES>\n                        <LISTITEMS>\n                            <LISTITEM value=\"--Select--\" Selected=\"true\">--Select--</LISTITEM>\n                            <LISTITEM value=\"1\" Selected=\"false\">1</LISTITEM>\n                            <LISTITEM value=\"2\" Selected=\"false\">2</LISTITEM>\n                            <LISTITEM value=\"3\" Selected=\"false\">3</LISTITEM>\n                            <LISTITEM value=\"4\" Selected=\"false\">4</LISTITEM>\n                            <LISTITEM value=\"5\" Selected=\"false\">5</LISTITEM>\n                            <LISTITEM value=\"6\" Selected=\"false\">6</LISTITEM>\n                            <LISTITEM value=\"7\" Selected=\"false\">7</LISTITEM>\n                            <LISTITEM value=\"8\" Selected=\"false\">8</LISTITEM>\n                            <LISTITEM value=\"9\" Selected=\"false\">9</LISTITEM>\n                            <LISTITEM value=\"10\" Selected=\"false\">10</LISTITEM>\n                            <LISTITEM value=\"11\" Selected=\"false\">11</LISTITEM>\n                            <LISTITEM value=\"12\" Selected=\"false\">12</LISTITEM>\n                            <LISTITEM value=\"13\" Selected=\"false\">13</LISTITEM>\n                            <LISTITEM value=\"14\" Selected=\"false\">14</LISTITEM>\n                            <LISTITEM value=\"15\" Selected=\"false\">15</LISTITEM>\n                            <LISTITEM value=\"16\" Selected=\"false\">16</LISTITEM>\n                            <LISTITEM value=\"17\" Selected=\"false\">17</LISTITEM>\n                            <LISTITEM value=\"18\" Selected=\"false\">18</LISTITEM>\n                            <LISTITEM value=\"19\" Selected=\"false\">19</LISTITEM>\n                            <LISTITEM value=\"20\" Selected=\"false\">20</LISTITEM>\n                        </LISTITEMS>\n                    </FIELD>\n                    \n                    <FIELD id=\"average_no_of_ects_ddl\" type=\"DropDownList\" label=\"Average no. of ECT session per course: \">\n                        <PROPERTIES>\n                            <PROPERTY name=\"id\">average_no_of_ects_ddl</PROPERTY>\n                            <PROPERTY name=\"name\">average_no_of_ects_ddl</PROPERTY>\n                            <PROPERTY name=\"class\">form-control</PROPERTY>\n                        </PROPERTIES>\n                        <LISTITEMS>\n                            <LISTITEM value=\"--Select--\" Selected=\"true\">--Select--</LISTITEM>\n                            <LISTITEM value=\"1\" Selected=\"false\">1</LISTITEM>\n                            <LISTITEM value=\"2\" Selected=\"false\">2</LISTITEM>\n                            <LISTITEM value=\"3\" Selected=\"false\">3</LISTITEM>\n                            <LISTITEM value=\"4\" Selected=\"false\">4</LISTITEM>\n                            <LISTITEM value=\"5\" Selected=\"false\">5</LISTITEM>\n                            <LISTITEM value=\"6\" Selected=\"false\">6</LISTITEM>\n                            <LISTITEM value=\"7\" Selected=\"false\">7</LISTITEM>\n                            <LISTITEM value=\"8\" Selected=\"false\">8</LISTITEM>\n                            <LISTITEM value=\"9\" Selected=\"false\">9</LISTITEM>\n                            <LISTITEM value=\"10\" Selected=\"false\">10</LISTITEM>\n                        </LISTITEMS>\n                    </FIELD>\n                    \n                    <FIELD id=\"response_ects_ddl\" type=\"DropDownList\" label=\"Response to ECT (%): \">\n                        <PROPERTIES>\n                            <PROPERTY name=\"id\">response_ects_ddl</PROPERTY>\n                            <PROPERTY name=\"name\">response_ects_ddl</PROPERTY>\n                            <PROPERTY name=\"class\">form-control</PROPERTY>\n                        </PROPERTIES>\n                        <LISTITEMS>\n                            <LISTITEM value=\"--Select--\" Selected=\"true\">--Select--</LISTITEM>\n                            <LISTITEM value=\"25\" Selected=\"false\">25</LISTITEM>\n                            <LISTITEM value=\"50\" Selected=\"false\">50</LISTITEM>\n                            <LISTITEM value=\"75\" Selected=\"false\">75</LISTITEM>\n                            <LISTITEM value=\"100\" Selected=\"false\">100</LISTITEM>\n                        </LISTITEMS>\n                    </FIELD>\n                </FIELD>\n                \n                <FIELD type=\"Header2\" label=\"Counselling/Psychotherapy\"/>\n                \n                <FIELD id=\"rb_pb_mostrecentepisode\" type=\"RadioButtonList\" label=\"Most recent episode\">\n                    <PROPERTIES>\n                        <PROPERTY name=\"name\">rb_pb_mostrecentepisode</PROPERTY>\n                    </PROPERTIES>\n                    <LISTITEMS>\n                        <LISTITEM value=\"Yes\" id=\"rb_pb_mostrecentepisode1\" Selected=\"False\">Yes</LISTITEM>\n                        <LISTITEM value=\"No\" id=\"rb_pb_mostrecentepisode2\" Selected=\"False\">No</LISTITEM>\n                    </LISTITEMS>\n                </FIELD>\n                \n                <FIELD id=\"txt_pb_no_of_sessions\" type=\"TextBox\" label=\"No. of sessions\">\n                    <PROPERTIES>\n                        <PROPERTY name=\"id\">txt_pb_no_of_sessions</PROPERTY>\n                        <PROPERTY name=\"name\">txt_pb_no_of_sessions</PROPERTY>\n                        <PROPERTY name=\"class\">form-control</PROPERTY>\n                    <PROPERTY name=\"value\"/></PROPERTIES>\n                </FIELD>\n                \n                <FIELD id=\"rb_pb_Response\" type=\"RadioButtonList\" label=\"Response\">\n                    <PROPERTIES>\n                        <PROPERTY name=\"name\">rb_pb_Response</PROPERTY>\n                    </PROPERTIES>\n                    <LISTITEMS>\n                        <LISTITEM value=\"Adequate\" id=\"rb_pb_Response1\" Selected=\"False\">Adequate</LISTITEM>\n                        <LISTITEM value=\"Inadequate\" id=\"rb_pb_Response2\" Selected=\"False\">Inadequate</LISTITEM>\n                        <LISTITEM value=\"Partial\" id=\"rb_pb_Response3\" Selected=\"False\">Partial</LISTITEM>\n                    </LISTITEMS>\n                </FIELD>\n                \n                <FIELD id=\"rb_pb_Response1\" type=\"RadioButtonList\" label=\"Response1\" Backcontrols=\"hide\" Backdivid=\"rb_pb_Response1_Div\">\n                    <PROPERTIES>\n                        <PROPERTY name=\"name\">rb_pb_Response1</PROPERTY>\n                    </PROPERTIES>\n                    <LISTITEMS>\n                        <LISTITEM value=\"Completed\" id=\"rb_pb_Response11\" Selected=\"False\" onclick=\"OThersvisible(this.id,\'rb_pb_Response1_Div\',\'none\');\">Completed</LISTITEM>\n                        <LISTITEM value=\"Discontinued\" id=\"rb_pb_Response12\" Selected=\"False\" onclick=\"OThersvisible(this.id,\'rb_pb_Response1_Div\',\'block\');\">Discontinued</LISTITEM>\n                    </LISTITEMS>\n                    <FIELD id=\"txt_pb_reason\" type=\"TextBox\" label=\"Reason: \">\n                        <PROPERTIES>\n                            <PROPERTY name=\"id\">txt_pb_reason</PROPERTY>\n                            <PROPERTY name=\"name\">txt_pb_reason</PROPERTY>\n                            <PROPERTY name=\"class\">form-control</PROPERTY>\n                        <PROPERTY name=\"value\"/></PROPERTIES>\n                    </FIELD>\n                </FIELD>\n                \n                <FIELD type=\"Header2\" label=\"Alternative Therapies\"/>\n                \n                <FIELD type=\"RadGrid\" ADDButton=\"True\" ADDButtonID=\"RGaltadd\" AddButtonTableId=\"RGalt\">\n                    <PROPERTIES>\n                        <PROPERTY name=\"id\">RGalt</PROPERTY>\n                        <PROPERTY name=\"class\">table table-bordered</PROPERTY>\n                    </PROPERTIES>\n                    <HEADER>\n                        <TH>Therapy</TH>\n                        <TH>Taken</TH>\n                        <TH>Currently under treatment</TH>\n                    </HEADER>\n                    <COLUMNS>\n                        <FIELD id=\"ddl_pb_therapy\" type=\"DropDownList\">\n                            <PROPERTIES>\n                                <PROPERTY name=\"id\">ddl_pb_therapy</PROPERTY>\n                                <PROPERTY name=\"name\">ddl_pb_therapy</PROPERTY>\n                                <PROPERTY name=\"class\">form-control</PROPERTY>\n                            </PROPERTIES>\n                            <LISTITEMS>\n                                <LISTITEM value=\"--Select--\" Selected=\"true\">--Select--</LISTITEM>\n                                <LISTITEM value=\"Magico Religious\" Selected=\"false\">Magico Religious</LISTITEM>\n                                <LISTITEM value=\"Homeopathy\" Selected=\"false\">Homeopathy</LISTITEM>\n                                <LISTITEM value=\"Ayurveda\" Selected=\"false\">Ayurveda</LISTITEM>\n                            </LISTITEMS>\n                        </FIELD>\n                        \n                        <FIELD id=\"radio_pb_taken\" type=\"RadioButtonList\">\n                            <PROPERTIES>\n                                <PROPERTY name=\"name\">radio_pb_taken</PROPERTY>\n                            </PROPERTIES>\n                            <LISTITEMS>\n                                <LISTITEM value=\"Yes\" id=\"radio_pb_taken1\" Selected=\"False\">Yes</LISTITEM>\n                                <LISTITEM value=\"No\" id=\"radio_pb_taken2\" Selected=\"False\">No</LISTITEM>\n                            </LISTITEMS>\n                        </FIELD>\n                        \n                        <FIELD id=\"radio_pb_currently_under_taken\" type=\"RadioButtonList\">\n                            <PROPERTIES>\n                                <PROPERTY name=\"name\">radio_pb_currently_under_taken</PROPERTY>\n                            </PROPERTIES>\n                            <LISTITEMS>\n                                <LISTITEM value=\"Adequate\" id=\"radio_pb_currently_under_taken1\" Selected=\"False\">Adequate</LISTITEM>\n                                <LISTITEM value=\"Inadequate\" id=\"radio_pb_currently_under_taken2\" Selected=\"False\">Inadequate</LISTITEM>\n                                <LISTITEM value=\"Partial\" id=\"radio_pb_currently_under_taken3\" Selected=\"False\">Partial</LISTITEM>\n                            </LISTITEMS>\n                        </FIELD>\n                    </COLUMNS>\n                </FIELD>\n                \n                <FIELD type=\"Header2\" label=\"Treatment History Notes\"/>\n                \n                <FIELD id=\"treatment_history_notes\" type=\"textareaFull\" label=\"Notes\">\n                    <PROPERTIES>\n                        <PROPERTY name=\"id\">treatment_history_notes</PROPERTY>\n                        <PROPERTY name=\"name\">treatment_history_notes</PROPERTY>\n                        <PROPERTY name=\"class\">form-control</PROPERTY>\n                        <PROPERTY name=\"rows\">6</PROPERTY>\n                    </PROPERTIES>\n                <VALUE/></FIELD>\n            </FIELD>\n            \n            <FIELD type=\"PanelBar\" label=\"Family History\" target_div=\"family_history\">\n                <FIELD id=\"RBtypeoffamily\" type=\"RadioButtonList\" label=\"Type of Family\">\n                    <PROPERTIES>\n                        <PROPERTY name=\"name\">RBtypeoffamily</PROPERTY>\n                    </PROPERTIES>\n                    <LISTITEMS>\n                        <LISTITEM value=\"Nuclear\" id=\"RBtypeoffamily1\" Selected=\"False\">Nuclear</LISTITEM>\n                        <LISTITEM value=\"Joint\" id=\"RBtypeoffamily2\" Selected=\"False\">Joint</LISTITEM>\n                    </LISTITEMS>\n                </FIELD>\n                \n                <FIELD id=\"RBtypeofmarriage\" type=\"RadioButtonList\" label=\"Type of Marriage\" Backcontrols=\"hide\" Backdivid=\"RBtypeofmarriageDiv\">\n                    <PROPERTIES>\n                        <PROPERTY name=\"name\">RBtypeofmarriage</PROPERTY>\n                    </PROPERTIES>\n                    <LISTITEMS>\n                        <LISTITEM value=\"Consanguineous\" id=\"RBtypeofmarriage1\" Selected=\"False\" onclick=\"OThersvisible(this.id,\'RBtypeofmarriageDiv\',\'block\');\">Consanguineous</LISTITEM>\n                        <LISTITEM value=\"Non-Consanguineous\" id=\"RBtypeofmarriage2\" Selected=\"False\" onclick=\"OThersvisible(this.id,\'RBtypeofmarriageDiv\',\'none\');\">Non-Consanguineous</LISTITEM>\n                    </LISTITEMS>\n                    <FIELD id=\"RBdegreeofconsan\" type=\"RadioButtonList\" label=\"Degree of Consanguinity: \">\n                        <PROPERTIES>\n                            <PROPERTY name=\"name\">RBdegreeofconsan</PROPERTY>\n                        </PROPERTIES>\n                        <LISTITEMS>\n                            <LISTITEM value=\"II\" id=\"RBdegreeofconsan1\" Selected=\"False\">II</LISTITEM>\n                            <LISTITEM value=\"III\" id=\"RBdegreeofconsan2\" Selected=\"False\">III</LISTITEM>\n                        </LISTITEMS>\n                    </FIELD>\n                </FIELD>\n                \n                <FIELD type=\"RadGrid\" ADDButton=\"True\" ADDButtonID=\"RGfamilyadd\" AddButtonTableId=\"RGfamily\">\n                    <PROPERTIES>\n                        <PROPERTY name=\"id\">RGfamily</PROPERTY>\n                        <PROPERTY name=\"class\">table table-bordered</PROPERTY>\n                    </PROPERTIES>\n                    <HEADER>\n                        <TH>Relation</TH>\n                        <TH>Illness type</TH>\n                        <TH>Treatment</TH>\n                    </HEADER>\n                    <COLUMNS>\n                        <FIELD id=\"ddl_pb_relation\" type=\"DropDownList\">\n                            <PROPERTIES>\n                                <PROPERTY name=\"id\">ddl_pb_relation</PROPERTY>\n                                <PROPERTY name=\"name\">ddl_pb_relation</PROPERTY>\n                                <PROPERTY name=\"class\">form-control</PROPERTY>\n                            </PROPERTIES>\n                            <LISTITEMS>\n                                <LISTITEM value=\"--Select--\" Selected=\"true\">--Select--</LISTITEM>\n                                <LISTITEM value=\"GrandParents\" Selected=\"false\">GrandParents</LISTITEM>\n                                <LISTITEM value=\"Parents\" Selected=\"false\">Parents</LISTITEM>\n                                <LISTITEM value=\"Siblings\" Selected=\"false\">Siblings</LISTITEM>\n                                <LISTITEM value=\"Spouse\" Selected=\"false\">Spouse</LISTITEM>\n                                <LISTITEM value=\"Children\" Selected=\"false\">Children</LISTITEM>\n                                <LISTITEM value=\"Uncle/Aunt\" Selected=\"false\">Uncle/Aunt</LISTITEM>\n                            </LISTITEMS>\n                        </FIELD>\n                        \n                        <FIELD id=\"radio_pb_illnesstype\" type=\"RadioButtonList\" Backcontrols=\"hide\" Backdivid=\"radio_pb_illnesstype_note_div\">\n                            <PROPERTIES>\n                                <PROPERTY name=\"name\">radio_pb_illnesstype</PROPERTY>\n                            </PROPERTIES>\n                            <LISTITEMS>\n                                <LISTITEM value=\"Similar Illness\" id=\"radio_pb_illnesstype1\" Selected=\"False\" onclick=\"OThersvisible(this.id,\'radio_pb_illnesstype_note_div\',\'none\');\">Similar Illness</LISTITEM>\n                                <LISTITEM value=\"Other Illness\" id=\"radio_pb_illnesstype2\" Selected=\"False\" onclick=\"OThersvisible(this.id,\'radio_pb_illnesstype_note_div\',\'block\');\">Other Illness</LISTITEM>\n                            </LISTITEMS>\n                            <FIELD id=\"radio_pb_illnesstype_note\" type=\"TextBox\" label=\"Other: \">\n                                <PROPERTIES>\n                                    <PROPERTY name=\"id\">radio_pb_illnesstype_note</PROPERTY>\n                                    <PROPERTY name=\"class\">form-control</PROPERTY>\n                                    <PROPERTY name=\"name\">radio_pb_illnesstype_note</PROPERTY>\n                                    <PROPERTY name=\"placeholder\">Other</PROPERTY>\n                                <PROPERTY name=\"value\"/></PROPERTIES>\n                            </FIELD>\n                        </FIELD>\n                        \n                        <FIELD id=\"radio_pb_treatment\" type=\"RadioButtonList\">\n                            <PROPERTIES>\n                                <PROPERTY name=\"name\">radio_pb_treatment</PROPERTY>\n                            </PROPERTIES>\n                            <LISTITEMS>\n                                <LISTITEM value=\"Treated\" id=\"radio_pb_treatment1\" Selected=\"False\">Treated</LISTITEM>\n                                <LISTITEM value=\"Untreated\" id=\"radio_pb_treatment2\" Selected=\"False\">Untreated</LISTITEM>\n                            </LISTITEMS>\n                        </FIELD>\n                    </COLUMNS>\n                </FIELD>\n                \n                <FIELD id=\"RBexpressedemotion\" type=\"RadioButtonList\" label=\"Expressed emotions\">\n                    <PROPERTIES>\n                        <PROPERTY name=\"name\">RBexpressedemotion</PROPERTY>\n                    </PROPERTIES>\n                    <LISTITEMS>\n                        <LISTITEM value=\"Consanguineous\" id=\"RBexpressedemotion1\" Selected=\"False\">Hostility</LISTITEM>\n                        <LISTITEM value=\"Criticality\" id=\"RBexpressedemotion2\" Selected=\"False\">Criticality</LISTITEM>\n                        <LISTITEM value=\"Over involvement\" id=\"RBexpressedemotion3\" Selected=\"False\">Over involvement</LISTITEM>\n                        <LISTITEM value=\"Warmth\" id=\"RBexpressedemotion4\" Selected=\"False\">Warmth</LISTITEM>\n                    </LISTITEMS>\n                </FIELD>\n                \n                <FIELD id=\"history_family\" type=\"textareaFull\" label=\"Notes\">\n                    <PROPERTIES>\n                        <PROPERTY name=\"id\">history_family</PROPERTY>\n                        <PROPERTY name=\"name\">history_family</PROPERTY>\n                        <PROPERTY name=\"class\">form-control</PROPERTY>\n                        <PROPERTY name=\"rows\">6</PROPERTY>\n                    </PROPERTIES>\n                <VALUE/></FIELD>\n            </FIELD>\n            \n            <FIELD type=\"PanelBar\" label=\"Personal History\" target_div=\"personal_history\">\n                <FIELD type=\"Header2\" label=\"Birth and Development\"/>\n                \n                <FIELD id=\"RBpbprenatal\" type=\"RadioButtonList\" label=\"Prenatal\" Backcontrols=\"hide\" Backdivid=\"PrenatalDiv\">\n                    <PROPERTIES>\n                        <PROPERTY name=\"name\">RBpbprenatal</PROPERTY>\n                    </PROPERTIES>\n                    <LISTITEMS>\n                        <LISTITEM value=\"Uneventful\" id=\"RBpbprenatal1\" Selected=\"False\" onclick=\"OThersvisible(this.id,\'PrenatalDiv\',\'none\');\">Uneventful</LISTITEM>\n                        <LISTITEM value=\"Eventful\" id=\"RBpbprenatal2\" Selected=\"False\" onclick=\"OThersvisible(this.id,\'PrenatalDiv\',\'block\');\">Eventful</LISTITEM>\n                    </LISTITEMS>\n                    <FIELD id=\"prenatalSpecify\" type=\"TextBox\" label=\"Specify: \">\n                        <PROPERTIES>\n                            <PROPERTY name=\"name\">prenatalSpecify</PROPERTY>\n                            <PROPERTY name=\"id\">prenatalSpecify</PROPERTY>\n                            <PROPERTY name=\"class\">form-control</PROPERTY> \n                        <PROPERTY name=\"value\"/></PROPERTIES>\n                    </FIELD>\n                </FIELD>\n                \n                <FIELD id=\"RBpbperinatal\" type=\"RadioButtonList\" label=\"Perinatal\">\n                    <PROPERTIES>\n                        <PROPERTY name=\"name\">RBpbperinatal</PROPERTY>\n                    </PROPERTIES>\n                    <LISTITEMS>\n                        <LISTITEM value=\"Full Term\" id=\"RBpbperinatal1\" Selected=\"False\">Full Term</LISTITEM>\n                        <LISTITEM value=\"Premature\" id=\"RBpbperinatal2\" Selected=\"False\">Premature</LISTITEM>\n                        <LISTITEM value=\"Post mature\" id=\"RBpbperinatal3\" Selected=\"False\">Post mature</LISTITEM>\n                        <LISTITEM value=\"Delayed\" id=\"RBpbperinatal4\" Selected=\"False\">Delayed</LISTITEM>\n                    </LISTITEMS>\n                </FIELD>\n                \n                <FIELD id=\"RBpbperinatal2\" type=\"RadioButtonList\" label=\"Perinatal2\" Backcontrols=\"hide\" Backdivid=\"perinatal2div\">\n                    <PROPERTIES>\n                        <PROPERTY name=\"name\">RBpbperinatal2</PROPERTY>\n                    </PROPERTIES>\n                    <LISTITEMS>\n                        <LISTITEM value=\"Uneventful\" id=\"RBpbperinatal21\" Selected=\"False\" onclick=\"OThersvisible(this.id,\'perinatal2div\',\'none\');\">Uneventful</LISTITEM>\n                        <LISTITEM value=\"Eventful\" id=\"RBpbperinatal22\" Selected=\"False\" onclick=\"OThersvisible(this.id,\'perinatal2div\',\'block\');\">Eventful</LISTITEM>\n                    </LISTITEMS>\n                    <FIELD id=\"txtPerinatal2\" type=\"TextBox\" label=\"Specify: \">\n                        <PROPERTIES>\n                            <PROPERTY name=\"name\">txtPerinatal2</PROPERTY>\n                            <PROPERTY name=\"id\">txtPerinatal2</PROPERTY>\n                            <PROPERTY name=\"class\">form-control</PROPERTY>\n                        <PROPERTY name=\"value\"/></PROPERTIES>\n                    </FIELD>\n                </FIELD>\n                \n                <FIELD id=\"RBpbmajorillness\" type=\"RadioButtonList\" label=\"Major illness during infancy\" Backcontrols=\"hide\" Backdivid=\"RBpbmajorillnessDiv\">\n                    <PROPERTIES>\n                        <PROPERTY name=\"name\">RBpbmajorillness</PROPERTY>\n                    </PROPERTIES>\n                    <LISTITEMS>\n                        <LISTITEM value=\"No\" id=\"RBpbmajorillness1\" Selected=\"False\" onclick=\"OThersvisible(this.id,\'RBpbmajorillnessDiv\',\'none\');\">No</LISTITEM>\n                        <LISTITEM value=\"Yes\" id=\"RBpbmajorillness2\" Selected=\"False\" onclick=\"OThersvisible(this.id,\'RBpbmajorillnessDiv\',\'block\');\">Yes</LISTITEM>\n                    </LISTITEMS>\n                    <FIELD id=\"txtRBpbmajorillness\" type=\"TextBox\" label=\"Specify: \">\n                        <PROPERTIES>\n                            <PROPERTY name=\"id\">txtRBpbmajorillness</PROPERTY>\n                            <PROPERTY name=\"name\">txtRBpbmajorillness</PROPERTY>\n                            <PROPERTY name=\"class\">form-control</PROPERTY>\n                        <PROPERTY name=\"value\"/></PROPERTIES>\n                    </FIELD>\n                </FIELD>\n                \n                <FIELD id=\"RBpbimmunizationschedule\" type=\"RadioButtonList\" label=\"Immunization schedule\">\n                    <PROPERTIES>\n                        <PROPERTY name=\"name\">RBpbimmunizationschedule</PROPERTY>\n                    </PROPERTIES>\n                    <LISTITEMS>\n                        <LISTITEM value=\"Completed\" id=\"RBpbimmunizationschedule1\" Selected=\"False\">Completed</LISTITEM>\n                        <LISTITEM value=\"Not Completed\" id=\"RBpbimmunizationschedule2\" Selected=\"False\">Not Completed</LISTITEM>\n                    </LISTITEMS>\n                </FIELD>\n                \n                <FIELD id=\"RBpbdevelopmentmilestone\" type=\"RadioButtonList\" label=\"Developmental milestones\" Backcontrols=\"hide\" Backdivid=\"developmentmilestoneDiv\">\n                    <PROPERTIES>\n                        <PROPERTY name=\"name\">RBpbdevelopmentmilestone</PROPERTY>\n                    </PROPERTIES>\n                    <LISTITEMS>\n                        <LISTITEM value=\"Normal\" id=\"RBpbdevelopmentmilestone1\" Selected=\"False\" onclick=\"OThersvisible(this.id,\'developmentmilestoneDiv\',\'none\');\">Normal</LISTITEM>\n                        <LISTITEM value=\"Delayed\" id=\"RBpbdevelopmentmilestone2\" Selected=\"False\" onclick=\"OThersvisible(this.id,\'developmentmilestoneDiv\',\'block\');\">Delayed</LISTITEM>\n                    </LISTITEMS>\n                    <FIELD id=\"RBdevlopmentmilestonesub\" type=\"RadioButtonList\" label=\"Specify: \">\n                        <PROPERTIES>\n                            <PROPERTY name=\"name\">RBdevlopmentmilestonesub</PROPERTY>\n                        </PROPERTIES>\n                        <LISTITEMS>\n                            <LISTITEM value=\"Motor\" id=\"RBdevlopmentmilestonesub1\" Selected=\"False\">Motor</LISTITEM>\n                            <LISTITEM value=\"Adaptive\" id=\"RBdevlopmentmilestonesub2\" Selected=\"False\">Adaptive</LISTITEM>\n                            <LISTITEM value=\"Speech\" id=\"RBdevlopmentmilestonesub3\" Selected=\"False\">Speech</LISTITEM>\n                            <LISTITEM value=\"Social\" id=\"RBdevlopmentmilestonesub4\" Selected=\"False\">Social</LISTITEM>\n                        </LISTITEMS>\n                    </FIELD>\n                </FIELD>\n                \n                <FIELD id=\"RBpbmajorillnessduringchild\" type=\"RadioButtonList\" label=\"Major physical illness during childhood\" Backcontrols=\"hide\" Backdivid=\"pbmajorillnessduringchildDiv\">\n                    <PROPERTIES>\n                        <PROPERTY name=\"name\">RBpbmajorillnessduringchild</PROPERTY>\n                    </PROPERTIES>\n                    <LISTITEMS>\n                        <LISTITEM value=\"No\" id=\"RBpbmajorillnessduringchild1\" Selected=\"False\" onclick=\"OThersvisible(this.id,\'pbmajorillnessduringchildDiv\',\'none\');\">No</LISTITEM>\n                        <LISTITEM value=\"Yes\" id=\"RBpbmajorillnessduringchild2\" Selected=\"False\" onclick=\"OThersvisible(this.id,\'pbmajorillnessduringchildDiv\',\'block\');\">Yes</LISTITEM>\n                    </LISTITEMS>\n                    <FIELD id=\"txtpbmajorillnesschild\" type=\"TextBox\" label=\"Specify: \">\n                        <PROPERTIES>\n                            <PROPERTY name=\"id\">txtpbmajorillnesschild</PROPERTY>\n                            <PROPERTY name=\"name\">txtpbmajorillnesschild</PROPERTY>\n                            <PROPERTY name=\"class\">form-control</PROPERTY>\n                        <PROPERTY name=\"value\"/></PROPERTIES>\n                    </FIELD>\n                </FIELD>\n                \n                <FIELD id=\"CBpbemotionalbehaviour\" type=\"CheckBoxList\" label=\"Emotional and behavioural problems during childhood\" Backcontrols=\"hide\" Backdivid=\"TxtpbemotionalbehaviouDiv\">\n                    <PROPERTIES>\n                        <PROPERTY name=\"name\">CBpbemotionalbehaviour[]</PROPERTY>\n                    </PROPERTIES>\n                    <LISTITEMS>\n                        <LISTITEM value=\"Sleep Walking\" id=\"CBpbemotionalbehaviour1\" Selected=\"False\">Sleep Walking</LISTITEM>\n                        <LISTITEM value=\"Temper Tantrums\" id=\"CBpbemotionalbehaviour2\" Selected=\"False\">Temper Tantrums</LISTITEM>\n                        <LISTITEM value=\"Stammering\" id=\"CBpbemotionalbehaviour3\" Selected=\"False\">Stammering</LISTITEM>\n                        <LISTITEM value=\"Nail biting\" id=\"CBpbemotionalbehaviour4\" Selected=\"False\">Nail biting</LISTITEM>\n                        <LISTITEM value=\"Enuresis\" id=\"CBpbemotionalbehaviour5\" Selected=\"False\">Enuresis</LISTITEM>\n                        <LISTITEM value=\"Encopresis\" id=\"CBpbemotionalbehaviour6\" Selected=\"False\">Encopresis</LISTITEM>\n                        <LISTITEM value=\"Thumb sucking\" id=\"CBpbemotionalbehaviour7\" Selected=\"False\">Thumb sucking</LISTITEM>\n                        <LISTITEM value=\"Head banging\" id=\"CBpbemotionalbehaviour8\" Selected=\"False\">Head banging</LISTITEM>\n                        <LISTITEM value=\"Nightmares\" id=\"CBpbemotionalbehaviour9\" Selected=\"False\">Nightmares</LISTITEM>\n                        <LISTITEM value=\"Seperation anxiety\" id=\"CBpbemotionalbehaviour10\" Selected=\"False\">Seperation anxiety</LISTITEM>\n                        <LISTITEM value=\"Conduct problems\" id=\"CBpbemotionalbehaviour11\" Selected=\"False\">Conduct problems</LISTITEM>\n                        <LISTITEM value=\"Others\" id=\"CBpbemotionalbehaviour12\" Selected=\"False\" onclick=\"OThersvisible(this.id,\'TxtpbemotionalbehaviouDiv\');\">Others</LISTITEM>\n                    </LISTITEMS>\n                    <FIELD id=\"Txtpbemotionalbehaviou\" type=\"TextBox\" label=\"Notes: \">\n                        <PROPERTIES>\n                            <PROPERTY name=\"id\">Txtpbemotionalbehaviou</PROPERTY>\n                            <PROPERTY name=\"class\">form-control</PROPERTY>\n                            <PROPERTY name=\"name\">Txtpbemotionalbehaviou</PROPERTY>\n                            <PROPERTY name=\"placeholder\">Other</PROPERTY>\n                        <PROPERTY name=\"value\"/></PROPERTIES>\n                    </FIELD>\n                </FIELD>\n                \n                <FIELD id=\"RBpbhomeatmosphere\" type=\"RadioButtonList\" label=\"Home atmosphere during childhood\" Backcontrols=\"hide\" Backdivid=\"pbhomeatmosphereDiv\">\n                    <PROPERTIES>\n                        <PROPERTY name=\"name\">RBpbhomeatmosphere</PROPERTY>\n                    </PROPERTIES>\n                    <LISTITEMS>\n                        <LISTITEM value=\"Satisfactory\" id=\"RBpbhomeatmosphere1\" Selected=\"False\" onclick=\"OThersvisible(this.id,\'pbhomeatmosphereDiv\',\'none\');\">Satisfactory</LISTITEM>\n                        <LISTITEM value=\"Unsatisfactory\" id=\"RBpbhomeatmosphere2\" Selected=\"False\" onclick=\"OThersvisible(this.id,\'pbhomeatmosphereDiv\',\'block\');\">Unsatisfactory</LISTITEM>\n                    </LISTITEMS>\n                    <FIELD id=\"txtpbhomeatmosphereSpcify\" type=\"TextBox\" label=\"Specify: \">\n                        <PROPERTIES>\n                            <PROPERTY name=\"id\">txtpbhomeatmosphereSpcify</PROPERTY>\n                            <PROPERTY name=\"class\">form-control</PROPERTY>\n                            <PROPERTY name=\"name\">txtpbhomeatmosphereSpcify</PROPERTY>\n                        <PROPERTY name=\"value\"/></PROPERTIES>\n                    </FIELD>\n                </FIELD>\n                \n                <FIELD id=\"CBpbemotionalbehaviouradole\" type=\"CheckBoxList\" label=\"Emotional and behavioural problems during adolescence\" Backcontrols=\"hide\" Backdivid=\"TxtpbemotionalbehaviouradoleDiv\">\n                    <PROPERTIES>\n                        <PROPERTY name=\"name\">CBpbemotionalbehaviouradole[]</PROPERTY>\n                    </PROPERTIES>\n                    <LISTITEMS>\n                        <LISTITEM value=\"Mood disturbances\" id=\"CBpbemotionalbehaviouradole1\" Selected=\"False\">Mood disturbances</LISTITEM>\n                        <LISTITEM value=\"Substance use\" id=\"CBpbemotionalbehaviouradole2\" Selected=\"False\">Substance use</LISTITEM>\n                        <LISTITEM value=\"Argumentative\" id=\"CBpbemotionalbehaviouradole3\" Selected=\"False\">Argumentative</LISTITEM>\n                        <LISTITEM value=\"Inferiority\" id=\"CBpbemotionalbehaviouradole4\" Selected=\"False\">Inferiority</LISTITEM>\n                        <LISTITEM value=\"Conduct problems\" id=\"CBpbemotionalbehaviouradole5\" Selected=\"False\">Conduct problems</LISTITEM>\n                        <LISTITEM value=\"Others\" id=\"CBpbemotionalbehaviouradole6\" Selected=\"False\" onclick=\"OThersvisible(this.id,\'TxtpbemotionalbehaviouradoleDiv\');\">Others</LISTITEM>\n                    </LISTITEMS>\n                    <FIELD id=\"Txtpbemotionalbehaviouradole\" type=\"TextBox\" label=\"Notes: \">\n                        <PROPERTIES>\n                            <PROPERTY name=\"id\">Txtpbemotionalbehaviouradole</PROPERTY>\n                            <PROPERTY name=\"class\">form-control</PROPERTY>\n                            <PROPERTY name=\"name\">Txtpbemotionalbehaviouradole</PROPERTY>\n                            <PROPERTY name=\"placeholder\">Other</PROPERTY>\n                        <PROPERTY name=\"value\"/></PROPERTIES>\n                    </FIELD>\n                </FIELD>\n                \n                <FIELD id=\"RBpbhomeatmosphereadole\" type=\"RadioButtonList\" label=\"Home atmosphere during adolescent\" Backcontrols=\"hide\" Backdivid=\"pbhomeatmosphereadoleDiv\">\n                    <PROPERTIES>\n                        <PROPERTY name=\"name\">RBpbhomeatmosphereadole</PROPERTY>\n                    </PROPERTIES>\n                    <LISTITEMS>\n                        <LISTITEM value=\"Satisfactory\" id=\"RBpbhomeatmosphereadole1\" Selected=\"False\" onclick=\"OThersvisible(this.id,\'pbhomeatmosphereadoleDiv\',\'none\');\">Satisfactory</LISTITEM>\n                        <LISTITEM value=\"Unsatisfactory\" id=\"RBpbhomeatmosphereadole2\" Selected=\"False\" onclick=\"OThersvisible(this.id,\'pbhomeatmosphereadoleDiv\',\'block\');\">Unsatisfactory</LISTITEM>\n                    </LISTITEMS>\n                    <FIELD id=\"txthomeatmosphereadoleSpecify\" type=\"TextBox\" label=\"Specify: \">\n                        <PROPERTIES>\n                            <PROPERTY name=\"id\">txthomeatmosphereadoleSpecify</PROPERTY>\n                            <PROPERTY name=\"class\">form-control</PROPERTY>\n                            <PROPERTY name=\"name\">txthomeatmosphereadoleSpecify</PROPERTY>\n                        <PROPERTY name=\"value\"/></PROPERTIES>\n                    </FIELD>\n                </FIELD>\n                \n                <FIELD id=\"RBpbparentallack\" type=\"RadioButtonList\" label=\"Parental Lack\" Backcontrols=\"hide\" Backdivid=\"parentallackDiv\">\n                    <PROPERTIES>\n                        <PROPERTY name=\"name\">RBpbparentallack</PROPERTY>\n                    </PROPERTIES>\n                    <LISTITEMS>\n                        <LISTITEM value=\"Mother\" id=\"RBpbparentallack1\" Selected=\"False\" onclick=\"OThersvisible(this.id,\'parentallackDiv\',\'block\');\">Mother</LISTITEM>\n                        <LISTITEM value=\"Father\" id=\"RBpbparentallack2\" Selected=\"False\" onclick=\"OThersvisible(this.id,\'parentallackDiv\',\'block\');\">Father</LISTITEM>\n                    </LISTITEMS>\n                    <FIELD id=\"RBparentallackreason\" type=\"RadioButtonList\" label=\"Reason: \">\n                        <PROPERTIES>\n                            <PROPERTY name=\"name\">RBparentallackreason</PROPERTY>\n                        </PROPERTIES>\n                        <LISTITEMS>\n                            <LISTITEM value=\"Dead\" id=\"RBparentallackreason1\" Selected=\"False\">Dead</LISTITEM>\n                            <LISTITEM value=\"Seperate\" id=\"RBparentallackreason2\" Selected=\"False\">Seperate</LISTITEM>\n                        </LISTITEMS>\n                    </FIELD>\n                </FIELD>\n                \n                <FIELD id=\"birthdevelopmentnotes\" type=\"textareaFull\" label=\"Notes\">\n                    <PROPERTIES>\n                        <PROPERTY name=\"id\">birthdevelopmentnotes</PROPERTY>\n                        <PROPERTY name=\"name\">birthdevelopmentnotes</PROPERTY>\n                        <PROPERTY name=\"class\">form-control</PROPERTY>\n                        <PROPERTY name=\"rows\">6</PROPERTY>\n                    </PROPERTIES>\n                <VALUE/></FIELD>\n                \n                <FIELD type=\"Header2\" label=\"Education History\"/>\n                \n                <FIELD id=\"RBpbbreakstudy\" type=\"RadioButtonList\" label=\"Break in Studies\" Backcontrols=\"hide\" Backdivid=\"breakstudyDiv\">\n                    <PROPERTIES>\n                        <PROPERTY name=\"name\">RBpbbreakstudy</PROPERTY>\n                    </PROPERTIES>\n                    <LISTITEMS>\n                        <LISTITEM value=\"No\" id=\"RBpbbreakstudy1\" Selected=\"False\" onclick=\"OThersvisible(this.id,\'breakstudyDiv\',\'none\');\">No</LISTITEM>\n                        <LISTITEM value=\"Yes\" id=\"RBpbbreakstudy2\" Selected=\"False\" onclick=\"OThersvisible(this.id,\'breakstudyDiv\',\'block\');\">Yes</LISTITEM>\n                    </LISTITEMS>\n                    <FIELD id=\"txtbreakstudyreason\" type=\"TextBox\" label=\"Reason: \">\n                        <PROPERTIES>\n                            <PROPERTY name=\"id\">txtbreakstudyreason</PROPERTY>\n                            <PROPERTY name=\"class\">form-control</PROPERTY>\n                            <PROPERTY name=\"name\">txtbreakstudyreason</PROPERTY>\n                            <PROPERTY name=\"placeholder\">Reason</PROPERTY>\n                        <PROPERTY name=\"value\"/></PROPERTIES>\n                    </FIELD>\n                </FIELD>\n                \n                <FIELD id=\"RBpbfrechangeschool\" type=\"RadioButtonList\" label=\"Frequent change of school\" Backcontrols=\"hide\" Backdivid=\"frechangeschoolDiv\">\n                    <PROPERTIES>\n                        <PROPERTY name=\"name\">RBpbfrechangeschool</PROPERTY>\n                    </PROPERTIES>\n                    <LISTITEMS>\n                        <LISTITEM value=\"No\" id=\"RBpbfrechangeschool1\" Selected=\"False\" onclick=\"OThersvisible(this.id,\'frechangeschoolDiv\',\'none\');\">No</LISTITEM>\n                        <LISTITEM value=\"Yes\" id=\"RBpbfrechangeschool2\" Selected=\"False\" onclick=\"OThersvisible(this.id,\'frechangeschoolDiv\',\'block\');\">Yes</LISTITEM>\n                    </LISTITEMS>\n                    <FIELD id=\"txtfrechangeschool\" type=\"TextBox\" label=\"Reason: \">\n                        <PROPERTIES>\n                            <PROPERTY name=\"id\">txtfrechangeschool</PROPERTY>\n                            <PROPERTY name=\"name\">txtfrechangeschool</PROPERTY>\n                            <PROPERTY name=\"class\">form-control</PROPERTY>\n                            <PROPERTY name=\"placeholder\">Reason</PROPERTY>\n                        <PROPERTY name=\"value\"/></PROPERTIES>\n                    </FIELD>\n                </FIELD>\n                \n                <FIELD id=\"RBpbtypeofschool\" type=\"RadioButtonList\" label=\"Type of school/college\">\n                    <PROPERTIES>\n                        <PROPERTY name=\"name\">RBpbtypeofschool</PROPERTY>\n                    </PROPERTIES>\n                    <LISTITEMS>\n                        <LISTITEM value=\"Urban\" id=\"RBpbtypeofschool1\" Selected=\"False\">Urban</LISTITEM>\n                        <LISTITEM value=\"Rural\" id=\"RBpbtypeofschool2\" Selected=\"False\">Rural</LISTITEM>\n                        <LISTITEM value=\"Residental\" id=\"RBpbtypeofschool3\" Selected=\"False\">Residential</LISTITEM>\n                        <LISTITEM value=\"Day scholar\" id=\"RBpbtypeofschool4\" Selected=\"False\">Day scholar</LISTITEM>\n                    </LISTITEMS>\n                </FIELD>\n                \n                <FIELD id=\"RBpbmedium\" type=\"RadioButtonList\" label=\"Medium\" Backcontrols=\"hide\" Backdivid=\"mediumDiv\">\n                    <PROPERTIES>\n                        <PROPERTY name=\"name\">RBpbmedium</PROPERTY>\n                    </PROPERTIES>\n                    <LISTITEMS>\n                        <LISTITEM value=\"Tamil\" id=\"RBpbmedium1\" Selected=\"False\" onclick=\"OThersvisible(this.id,\'mediumDiv\',\'none\');\">Tamil</LISTITEM>\n                        <LISTITEM value=\"English\" id=\"RBpbmedium2\" Selected=\"False\" onclick=\"OThersvisible(this.id,\'mediumDiv\',\'none\');\">English</LISTITEM>\n                        <LISTITEM value=\"Others\" id=\"RBpbmedium3\" Selected=\"False\" onclick=\"OThersvisible(this.id,\'mediumDiv\',\'block\');\">Others</LISTITEM>\n                    </LISTITEMS>\n                    <FIELD id=\"txtMedium\" type=\"TextBox\" label=\"Specify: \">\n                        <PROPERTIES>\n                            <PROPERTY name=\"id\">txtMedium</PROPERTY>\n                            <PROPERTY name=\"name\">txtMedium</PROPERTY>\n                            <PROPERTY name=\"class\">form-control</PROPERTY>\n                        <PROPERTY name=\"value\"/></PROPERTIES>\n                    </FIELD>\n                </FIELD>\n                \n                <FIELD id=\"RBpbacademicperfor\" type=\"RadioButtonList\" label=\"Academic performance\">\n                    <PROPERTIES>\n                        <PROPERTY name=\"name\">RBpbacademicperfor</PROPERTY>\n                    </PROPERTIES>\n                    <LISTITEMS>\n                        <LISTITEM value=\"Good\" id=\"RBpbacademicperfor1\" Selected=\"False\">Good</LISTITEM>\n                        <LISTITEM value=\"Average\" id=\"RBpbacademicperfor2\" Selected=\"False\">Average</LISTITEM>\n                        <LISTITEM value=\"Below average\" id=\"RBpbacademicperfor3\" Selected=\"False\">Below average</LISTITEM>\n                        <LISTITEM value=\"Poor\" id=\"RBpbacademicperfor4\" Selected=\"False\">Poor</LISTITEM>\n                    </LISTITEMS>\n                </FIELD>\n                \n                <FIELD id=\"RBpbteacherrelation\" type=\"RadioButtonList\" label=\"Relationship with teachers\" Backcontrols=\"hide\" Backdivid=\"teacherrelationDiv\">\n                    <PROPERTIES>\n                        <PROPERTY name=\"name\">RBpbteacherrelation</PROPERTY>\n                    </PROPERTIES>\n                    <LISTITEMS>\n                        <LISTITEM value=\"Satisfactory\" id=\"RBpbteacherrelation1\" Selected=\"False\" onclick=\"OThersvisible(this.id,\'teacherrelationDiv\',\'none\');\">Satisfactory</LISTITEM>\n                        <LISTITEM value=\"Unsatisfactory\" id=\"RBpbteacherrelation2\" Selected=\"False\" onclick=\"OThersvisible(this.id,\'teacherrelationDiv\',\'block\');\">Unsatisfactory</LISTITEM>\n                    </LISTITEMS>\n                    <FIELD id=\"txtteacherrelationspecify\" type=\"TextBox\" label=\"Specify: \">\n                        <PROPERTIES>\n                            <PROPERTY name=\"id\">txtteacherrelationspecify</PROPERTY>\n                            <PROPERTY name=\"name\">txtteacherrelationspecify</PROPERTY>\n                            <PROPERTY name=\"class\">form-control</PROPERTY>\n                        <PROPERTY name=\"value\"/></PROPERTIES>\n                    </FIELD>\n                </FIELD>\n                \n                <FIELD id=\"RBpbstudentrelation\" type=\"RadioButtonList\" label=\"Relationship with students\" Backcontrols=\"hide\" Backdivid=\"studentrelationDiv\">\n                    <PROPERTIES>\n                        <PROPERTY name=\"name\">RBpbstudentrelation</PROPERTY>\n                    </PROPERTIES>\n                    <LISTITEMS>\n                        <LISTITEM value=\"Satisfactory\" id=\"RBpbstudentrelation1\" Selected=\"False\" onclick=\"OThersvisible(this.id,\'studentrelationDiv\',\'none\');\">Satisfactory</LISTITEM>\n                        <LISTITEM value=\"Unsatisfactory\" id=\"RBpbstudentrelation2\" Selected=\"False\" onclick=\"OThersvisible(this.id,\'studentrelationDiv\',\'block\');\">Unsatisfactory</LISTITEM>\n                    </LISTITEMS>\n                    <FIELD id=\"txtstudentrelationspecify\" type=\"TextBox\" label=\"Specify: \">\n                        <PROPERTIES>\n                            <PROPERTY name=\"id\">txtstudentrelationspecify</PROPERTY>\n                            <PROPERTY name=\"name\">txtstudentrelationspecify</PROPERTY>\n                            <PROPERTY name=\"class\">form-control</PROPERTY>\n                        <PROPERTY name=\"value\"/></PROPERTIES>\n                    </FIELD>\n                </FIELD>\n                \n                <FIELD id=\"educational_history_notes\" type=\"textareaFull\" label=\"Notes\">\n                    <PROPERTIES>\n                        <PROPERTY name=\"id\">educational_history_notes</PROPERTY>\n                        <PROPERTY name=\"name\">educational_history_notes</PROPERTY>\n                        <PROPERTY name=\"class\">form-control</PROPERTY>\n                        <PROPERTY name=\"rows\">6</PROPERTY>\n                    </PROPERTIES>\n                <VALUE/></FIELD>\n                \n                <FIELD type=\"Header2\" label=\"Occupational History \"/>\n                \n                <FIELD id=\"DDLstartedworking\" type=\"DropDownList\" label=\"Started working at\" Backtext=\" Years\">\n                    <PROPERTIES>\n                        <PROPERTY name=\"id\">DDLstartedworking</PROPERTY>\n                        <PROPERTY name=\"name\">DDLstartedworking</PROPERTY>\n                        <PROPERTY name=\"class\">form-control</PROPERTY>\n                    </PROPERTIES>\n                    <LISTITEMS>\n                        <LISTITEM value=\"--Select--\" Selected=\"true\">--Select--</LISTITEM>\n                        <LISTITEM value=\"10\" Selected=\"false\">10</LISTITEM>\n                        <LISTITEM value=\"11\" Selected=\"false\">11</LISTITEM>\n                        <LISTITEM value=\"12\" Selected=\"false\">12</LISTITEM>\n                        <LISTITEM value=\"13\" Selected=\"false\">13</LISTITEM>\n                        <LISTITEM value=\"14\" Selected=\"false\">14</LISTITEM>\n                        <LISTITEM value=\"15\" Selected=\"false\">15</LISTITEM>\n                        <LISTITEM value=\"16\" Selected=\"false\">16</LISTITEM>\n                        <LISTITEM value=\"17\" Selected=\"false\">17</LISTITEM>\n                        <LISTITEM value=\"18\" Selected=\"false\">18</LISTITEM>\n                        <LISTITEM value=\"19\" Selected=\"false\">19</LISTITEM>\n                        <LISTITEM value=\"20\" Selected=\"false\">20</LISTITEM>\n                        <LISTITEM value=\"21\" Selected=\"false\">21</LISTITEM>\n                        <LISTITEM value=\"22\" Selected=\"false\">22</LISTITEM>\n                        <LISTITEM value=\"23\" Selected=\"false\">23</LISTITEM>\n                        <LISTITEM value=\"24\" Selected=\"false\">24</LISTITEM>\n                        <LISTITEM value=\"25\" Selected=\"false\">25</LISTITEM>\n                        <LISTITEM value=\"26\" Selected=\"false\">26</LISTITEM>\n                        <LISTITEM value=\"27\" Selected=\"false\">27</LISTITEM>\n                        <LISTITEM value=\"28\" Selected=\"false\">28</LISTITEM>\n                        <LISTITEM value=\"29\" Selected=\"false\">29</LISTITEM>\n                        <LISTITEM value=\"30\" Selected=\"false\">30</LISTITEM>\n                        <LISTITEM value=\"31\" Selected=\"false\">31</LISTITEM>\n                        <LISTITEM value=\"32\" Selected=\"false\">32</LISTITEM>\n                        <LISTITEM value=\"33\" Selected=\"false\">33</LISTITEM>\n                        <LISTITEM value=\"34\" Selected=\"false\">34</LISTITEM>\n                        <LISTITEM value=\"35\" Selected=\"false\">35</LISTITEM>\n                        <LISTITEM value=\"36\" Selected=\"false\">36</LISTITEM>\n                        <LISTITEM value=\"37\" Selected=\"false\">37</LISTITEM>\n                        <LISTITEM value=\"38\" Selected=\"false\">38</LISTITEM>\n                        <LISTITEM value=\"39\" Selected=\"false\">39</LISTITEM>\n                        <LISTITEM value=\"40\" Selected=\"false\">40</LISTITEM>\n                    </LISTITEMS>\n                </FIELD>\n                \n                <FIELD id=\"RBpbworkrecord\" type=\"RadioButtonList\" label=\"Work Record\" Backcontrols=\"hide\" Backdivid=\"workrecordDiv\">\n                    <PROPERTIES>\n                        <PROPERTY name=\"name\">RBpbworkrecord</PROPERTY>\n                    </PROPERTIES>\n                    <LISTITEMS>\n                        <LISTITEM value=\"Satisfactory\" id=\"RBpbworkrecord1\" Selected=\"False\" onclick=\"OThersvisible(this.id,\'workrecordDiv\',\'none\');\">Satisfactory</LISTITEM>\n                        <LISTITEM value=\"Unsatisfactory\" id=\"RBpbworkrecord2\" Selected=\"False\" onclick=\"OThersvisible(this.id,\'workrecordDiv\',\'block\');\">Unsatisfactory</LISTITEM>\n                    </LISTITEMS>\n                    <FIELD id=\"txtworkrecordspecify\" type=\"TextBox\" label=\"Specify: \">\n                        <PROPERTIES>\n                            <PROPERTY name=\"id\">txtworkrecordspecify</PROPERTY>\n                            <PROPERTY name=\"name\">txtworkrecordspecify</PROPERTY>\n                            <PROPERTY name=\"class\">form-control</PROPERTY>\n                        <PROPERTY name=\"value\"/></PROPERTIES>\n                    </FIELD>\n                </FIELD>\n                \n                <FIELD id=\"RBfreqchangeofjob\" type=\"RadioButtonList\" label=\"Frequent change of jobs\" Backcontrols=\"hide\" Backdivid=\"freqchangeofjobDiv\">\n                    <PROPERTIES>\n                        <PROPERTY name=\"name\">RBfreqchangeofjob</PROPERTY>\n                    </PROPERTIES>\n                    <LISTITEMS>\n                        <LISTITEM value=\"No\" id=\"RBfreqchangeofjob1\" Selected=\"False\" onclick=\"OThersvisible(this.id,\'freqchangeofjobDiv\',\'none\');\">No</LISTITEM>\n                        <LISTITEM value=\"Yes\" id=\"RBfreqchangeofjob2\" Selected=\"False\" onclick=\"OThersvisible(this.id,\'freqchangeofjobDiv\',\'block\');\">Yes</LISTITEM>\n                    </LISTITEMS>\n                    <FIELD id=\"CBreasonforchange\" type=\"CheckBoxList\" label=\"Reason for change: \">\n                        <PROPERTIES>\n                            <PROPERTY name=\"name\">CBreasonforchange[]</PROPERTY>\n                        </PROPERTIES>\n                        <LISTITEMS>\n                            <LISTITEM value=\"Better\" id=\"CBreasonforchange1\" Selected=\"False\">Better</LISTITEM>\n                            <LISTITEM value=\"Opportunity\" id=\"CBreasonforchange2\" Selected=\"False\">Opportunity</LISTITEM>\n                            <LISTITEM value=\"Better Income\" id=\"CBreasonforchange3\" Selected=\"False\">Better Income</LISTITEM>\n                            <LISTITEM value=\"Termination\" id=\"CBreasonforchange4\" Selected=\"False\">Termination</LISTITEM>\n                            <LISTITEM value=\"Illness\" id=\"CBreasonforchange5\" Selected=\"False\">Illness</LISTITEM>\n                            <LISTITEM value=\"Others\" id=\"CBreasonforchange6\" Selected=\"False\" onclick=\"OThersvisible(this.id,\'txtreasonforchangeother\');\">Others</LISTITEM>\n                        </LISTITEMS>\n                        <FIELD id=\"txtreasonforchangeother\" type=\"TextBox\">\n                            <PROPERTIES>\n                                <PROPERTY name=\"id\">txtreasonforchangeother</PROPERTY>\n                                <PROPERTY name=\"class\">form-control hide</PROPERTY>\n                                <PROPERTY name=\"name\">txtreasonforchangeother</PROPERTY>\n                                <PROPERTY name=\"placeholder\">Others</PROPERTY>\n                            </PROPERTIES>\n                        </FIELD>\n                    </FIELD>\n                </FIELD>\n                \n                <FIELD id=\"occupational_history_notes\" type=\"textareaFull\" label=\"Notes\">\n                    <PROPERTIES>\n                        <PROPERTY name=\"id\">occupational_history_notes</PROPERTY>\n                        <PROPERTY name=\"name\">occupational_history_notes</PROPERTY>\n                        <PROPERTY name=\"class\">form-control</PROPERTY>\n                        <PROPERTY name=\"rows\">6</PROPERTY>\n                    </PROPERTIES>\n                <VALUE/></FIELD>\n                \n                <FIELD type=\"Header2\" label=\"Menstrual History\"/>\n                \n                <FIELD id=\"txtMenarche\" type=\"TextBox\" label=\"Menarche\" Backtext=\"Years\">\n                    <PROPERTIES>\n                        <PROPERTY name=\"id\">txtMenarche</PROPERTY>\n                        <PROPERTY name=\"name\">txtMenarche</PROPERTY>\n                        <PROPERTY name=\"class\">form-control</PROPERTY>\n                    <PROPERTY name=\"value\"/></PROPERTIES>\n                </FIELD>\n                \n                <FIELD id=\"RBRegularity\" type=\"RadioButtonList\" label=\"Regularity\" Backcontrols=\"hide\" Backdivid=\"RegularityDiv\">\n                    <PROPERTIES>\n                        <PROPERTY name=\"name\">RBRegularity</PROPERTY>\n                    </PROPERTIES>\n                    <LISTITEMS>\n                        <LISTITEM value=\"Regular\" id=\"RBRegularity1\" Selected=\"False\" onclick=\"OThersvisible(this.id,\'RegularityDiv\',\'none\');\">Regular</LISTITEM>\n                        <LISTITEM value=\"Irregular\" id=\"RBRegularity2\" Selected=\"False\" onclick=\"OThersvisible(this.id,\'RegularityDiv\',\'block\');\">Irregular</LISTITEM>\n                    </LISTITEMS>\n                    <FIELD id=\"RBRegularity1\" type=\"RadioButtonList\" label=\"Reason: \">\n                        <PROPERTIES>\n                            <PROPERTY name=\"name\">RBRegularity1</PROPERTY>\n                        </PROPERTIES>\n                        <LISTITEMS>\n                            <LISTITEM value=\"Premenstrual Dysphoria\" id=\"RBRegularity11\" Selected=\"False\">Premenstrual Dysphoria</LISTITEM>\n                            <LISTITEM value=\"Post menopausal Dysphoria\" id=\"RBRegularity12\" Selected=\"False\">Post menopausal Dysphoria</LISTITEM>\n                        </LISTITEMS>\n                    </FIELD>\n                </FIELD>\n                \n                <FIELD id=\"txtLMP\" type=\"TextBox\" label=\"LMP\">\n                    <PROPERTIES>\n                        <PROPERTY name=\"id\">txtLMP</PROPERTY>\n                        <PROPERTY name=\"name\">txtLMP</PROPERTY>\n                        <PROPERTY name=\"class\">form-control</PROPERTY>\n                        <PROPERTY name=\"onkeydown\">return isNumericKeyStroke(event)</PROPERTY>\n                        <PROPERTY name=\"maxlength\">3</PROPERTY>\n                        <PROPERTY name=\"title\">Type only numbers</PROPERTY>\n                    <PROPERTY name=\"value\"/></PROPERTIES>\n                </FIELD>\n                \n                <FIELD id=\"txtMenopause\" type=\"TextBox\" label=\"Menopause\" Backtext=\"Years\">\n                    <PROPERTIES>\n                        <PROPERTY name=\"id\">txtMenopause</PROPERTY>\n                        <PROPERTY name=\"name\">txtMenopause</PROPERTY>\n                        <PROPERTY name=\"class\">form-control</PROPERTY>\n                        <PROPERTY name=\"onkeydown\">return isNumericKeyStroke(event)</PROPERTY>\n                        <PROPERTY name=\"maxlength\">3</PROPERTY>\n                        <PROPERTY name=\"title\">Type only numbers</PROPERTY>\n                    <PROPERTY name=\"value\"/></PROPERTIES>\n                </FIELD>\n                \n                <FIELD type=\"Header2\" label=\"Marital History\"/>\n                \n                <FIELD id=\"txtDurationofMarriage\" type=\"TextBoxDDL\" label=\"Duration of Marriage\">\n                    <PROPERTIES>\n                        <PROPERTY name=\"id\">txtDurationofMarriage</PROPERTY>\n                        <PROPERTY name=\"name\">txtDurationofMarriage</PROPERTY>\n                        <PROPERTY name=\"class\">form-control</PROPERTY>\n                        <PROPERTY name=\"onkeydown\">return isNumericKeyStroke(event)</PROPERTY>\n                    <PROPERTY name=\"value\"/></PROPERTIES>\n                    <FIELD id=\"DDLDurationofMarriage\" type=\"DropDownList\">\n                        <PROPERTIES>\n                            <PROPERTY name=\"id\">DDLDurationofMarriage</PROPERTY>\n                            <PROPERTY name=\"name\">DDLDurationofMarriage</PROPERTY>\n                            <PROPERTY name=\"class\">form-control</PROPERTY>\n                        </PROPERTIES>\n                        <LISTITEMS>\n                            <LISTITEM value=\"Yrs\" Selected=\"true\">Yrs</LISTITEM>\n                            <LISTITEM value=\"Months\" Selected=\"false\">Months</LISTITEM>\n                            <LISTITEM value=\"Weeks\" Selected=\"false\">Weeks</LISTITEM>\n                            <LISTITEM value=\"Days\" Selected=\"false\">Days</LISTITEM>\n                        </LISTITEMS>\n                    </FIELD>\n                </FIELD>\n                \n                <FIELD id=\"txtAgeofMarriage\" type=\"TextBoxDDL\" label=\"Age of Marriage\">\n                    <PROPERTIES>\n                        <PROPERTY name=\"id\">txtAgeofMarriage</PROPERTY>\n                        <PROPERTY name=\"name\">txtAgeofMarriage</PROPERTY>\n                        <PROPERTY name=\"class\">form-control</PROPERTY>\n                        <PROPERTY name=\"onkeydown\">return isNumericKeyStroke(event)</PROPERTY>\n                    <PROPERTY name=\"value\"/></PROPERTIES>\n                    <FIELD id=\"DDLAgeofMarriage\" type=\"DropDownList\">\n                        <PROPERTIES>\n                            <PROPERTY name=\"id\">DDLAgeofMarriage</PROPERTY>\n                            <PROPERTY name=\"name\">DDLAgeofMarriage</PROPERTY>\n                            <PROPERTY name=\"class\">form-control</PROPERTY>\n                        </PROPERTIES>\n                        <LISTITEMS>\n                            <LISTITEM value=\"Yrs\" Selected=\"true\">Yrs</LISTITEM>\n                            <LISTITEM value=\"Months\" Selected=\"false\">Months</LISTITEM>\n                            <LISTITEM value=\"Weeks\" Selected=\"false\">Weeks</LISTITEM>\n                            <LISTITEM value=\"Days\" Selected=\"false\">Days</LISTITEM>\n                        </LISTITEMS>\n                    </FIELD>\n                </FIELD>\n                \n                <FIELD id=\"RBtype\" type=\"RadioButtonList\" label=\"Type\">\n                    <PROPERTIES>\n                        <PROPERTY name=\"name\">RBtype</PROPERTY>\n                    </PROPERTIES>\n                    <LISTITEMS>\n                        <LISTITEM value=\"Arrange\" id=\"RBtype1\" Selected=\"False\">Arranged</LISTITEM>\n                        <LISTITEM value=\"By choice\" id=\"RBtype2\" Selected=\"False\">By choice</LISTITEM>\n                    </LISTITEMS>\n                </FIELD>\n                \n                <FIELD id=\"RBmaritalsexualsatisfac\" type=\"RadioButtonList\" label=\"Marital and Sexual satisfaction\">\n                    <PROPERTIES>\n                        <PROPERTY name=\"name\">RBmaritalsexualsatisfac</PROPERTY>\n                    </PROPERTIES>\n                    <LISTITEMS>\n                        <LISTITEM value=\"Statisfactory\" id=\"RBmaritalsexualsatisfac1\" Selected=\"False\">Statisfactory</LISTITEM>\n                        <LISTITEM value=\"Unsatisfactory\" id=\"RBmaritalsexualsatisfac2\" Selected=\"False\">Unsatisfactory</LISTITEM>\n                        <LISTITEM value=\"Neutral\" id=\"RBmaritalsexualsatisfac3\" Selected=\"False\">Neutral</LISTITEM>\n                    </LISTITEMS>\n                </FIELD>\n                \n                <FIELD id=\"RBhistoryof\" type=\"RadioButtonList\" label=\"History of\">\n                    <PROPERTIES>\n                        <PROPERTY name=\"name\">RBhistoryof</PROPERTY>\n                    </PROPERTIES>\n                    <LISTITEMS>\n                        <LISTITEM value=\"Seperation\" id=\"RBhistoryof1\" Selected=\"False\">Separation</LISTITEM>\n                        <LISTITEM value=\"Divorce\" id=\"RBhistoryof2\" Selected=\"False\">Divorce</LISTITEM>\n                    </LISTITEMS>\n                </FIELD>\n                \n                <FIELD id=\"RBknowledgeofspouse\" type=\"RadioButtonList\" label=\"Knowledge of spouse about patient\'s illness prior to marriage\">\n                    <PROPERTIES>\n                        <PROPERTY name=\"name\">RBknowledgeofspouse</PROPERTY>\n                    </PROPERTIES>\n                    <LISTITEMS>\n                        <LISTITEM value=\"Yes\" id=\"RBknowledgeofspouse1\" Selected=\"False\">Yes</LISTITEM>\n                        <LISTITEM value=\"No\" id=\"RBknowledgeofspouse2\" Selected=\"False\">No</LISTITEM>\n                    </LISTITEMS>\n                </FIELD>\n                \n                <FIELD id=\"martial_history\" type=\"textareaFull\" label=\"Notes\">\n                    <PROPERTIES>\n                        <PROPERTY name=\"id\">martial_history</PROPERTY>\n                        <PROPERTY name=\"name\">martial_history</PROPERTY>\n                        <PROPERTY name=\"class\">form-control</PROPERTY>\n                        <PROPERTY name=\"rows\">6</PROPERTY>\n                    </PROPERTIES>\n                <VALUE/></FIELD>\n                \n                <FIELD type=\"Header2\" label=\"Sexual History\"/>\n                \n                <FIELD id=\"RBorientationSexual\" type=\"RadioButtonList\" label=\"Orientation\">\n                    <PROPERTIES>\n                        <PROPERTY name=\"name\">RBorientationSexual</PROPERTY>\n                    </PROPERTIES>\n                    <LISTITEMS>\n                        <LISTITEM value=\"Same Sex\" id=\"RBorientationSexual1\" Selected=\"False\">Same Sex</LISTITEM>\n                        <LISTITEM value=\"Opposite Sex\" id=\"RBorientationSexual2\" Selected=\"False\">Opposite Sex</LISTITEM>\n                    </LISTITEMS>\n                </FIELD>\n                \n                <FIELD id=\"CBsexualfunctioning\" type=\"CheckBoxList\" label=\"Sexual Functioning\">\n                    <PROPERTIES>\n                        <PROPERTY name=\"name\">CBsexualfunctioning[]</PROPERTY>\n                    </PROPERTIES>\n                    <LISTITEMS>\n                        <LISTITEM value=\"Premarital relationships\" id=\"CBsexualfunctioning1\" Selected=\"False\">Premarital relationships</LISTITEM>\n                        <LISTITEM value=\"Extra marital relationships\" id=\"CBsexualfunctioning2\" Selected=\"False\">Extra marital relationships</LISTITEM>\n                        <LISTITEM value=\"Hyper sexulaity\" id=\"CBsexualfunctioning3\" Selected=\"False\">Hyper sexuality</LISTITEM>\n                        <LISTITEM value=\"Hypo sexuality\" id=\"CBsexualfunctioning4\" Selected=\"False\">Hypo sexuality</LISTITEM>\n                        <LISTITEM value=\"Sexual Aversion\" id=\"CBsexualfunctioning5\" Selected=\"False\">Sexual Aversion</LISTITEM>\n                        <LISTITEM value=\"Loss of libido\" id=\"CBsexualfunctioning6\" Selected=\"False\">Loss of libido</LISTITEM>\n                        <LISTITEM value=\"Erectile dysfunction\" id=\"CBsexualfunctioning7\" Selected=\"False\">Erectile dysfunction</LISTITEM>\n                        <LISTITEM value=\"Masturbation guilt\" id=\"CBsexualfunctioning8\" Selected=\"False\">Masturbation guilt</LISTITEM>\n                        <LISTITEM value=\"Premature ejaculation\" id=\"CBsexualfunctioning9\" Selected=\"False\">Premature ejaculation</LISTITEM>\n                        <LISTITEM value=\"Dyspareunia\" id=\"CBsexualfunctioning10\" Selected=\"False\">Dyspareunia</LISTITEM>\n                        <LISTITEM value=\"Vaginismus\" id=\"CBsexualfunctioning11\" Selected=\"False\">Vaginismus</LISTITEM>\n                    </LISTITEMS>\n                </FIELD>\n                \n                <FIELD id=\"CBparaphilias\" type=\"CheckBoxList\" label=\"Paraphilias\">\n                    <PROPERTIES>\n                        <PROPERTY name=\"name\">CBparaphilias[]</PROPERTY>\n                    </PROPERTIES>\n                    <LISTITEMS>\n                        <LISTITEM value=\"Exhibitionism\" id=\"CBparaphilias1\" Selected=\"False\">Exhibitionism</LISTITEM>\n                        <LISTITEM value=\"Fetishism\" id=\"CBparaphilias2\" Selected=\"False\">Fetishism</LISTITEM>\n                        <LISTITEM value=\"Frotteruism\" id=\"CBparaphilias3\" Selected=\"False\">Frotteruism</LISTITEM>\n                        <LISTITEM value=\"Pedophillia\" id=\"CBparaphilias4\" Selected=\"False\">Pedophillia</LISTITEM>\n                        <LISTITEM value=\"Sexual Sadism\" id=\"CBparaphilias5\" Selected=\"False\">Sexual Sadism</LISTITEM>\n                        <LISTITEM value=\"Sexual Machoism\" id=\"CBparaphilias6\" Selected=\"False\">Sexual Machoism</LISTITEM>\n                        <LISTITEM value=\"Voyerism\" id=\"CBparaphilias7\" Selected=\"False\">Voyerism</LISTITEM>\n                        <LISTITEM value=\"Transvestism\" id=\"CBparaphilias8\" Selected=\"False\">Transvestism</LISTITEM>\n                        <LISTITEM value=\"GID\" id=\"CBparaphilias9\" Selected=\"False\">GID</LISTITEM>\n                        <LISTITEM value=\"Bestiality\" id=\"CBparaphilias10\" Selected=\"False\">Bestiality</LISTITEM>\n                        <LISTITEM value=\"Masochism\" id=\"CBparaphilias11\" Selected=\"False\">Masochism</LISTITEM>\n                    </LISTITEMS>\n                </FIELD>\n                \n                <FIELD id=\"sexual_history_notes\" type=\"textareaFull\" label=\"Notes\">\n                    <PROPERTIES>\n                        <PROPERTY name=\"id\">sexual_history_notes</PROPERTY>\n                        <PROPERTY name=\"name\">sexual_history_notes</PROPERTY>\n                        <PROPERTY name=\"class\">form-control</PROPERTY>\n                        <PROPERTY name=\"rows\">6</PROPERTY>\n                    </PROPERTIES>\n                <VALUE/></FIELD>\n                \n                <FIELD type=\"Header2\" label=\"Substance History\"/>\n                \n                <FIELD type=\"RadGrid\" ADDButton=\"True\" ADDButtonID=\"RGSubsadd\" AddButtonTableId=\"RGSubs\">\n                    <PROPERTIES>\n                        <PROPERTY name=\"id\">RGSubs</PROPERTY>\n                        <PROPERTY name=\"class\">table table-bordered</PROPERTY>\n                    </PROPERTIES>\n                    <HEADER>\n                        <TH>Substance</TH>\n                        <TH>Duration</TH>\n                        <TH>Pattern</TH>\n                    </HEADER>\n                    <COLUMNS>\n                        <FIELD id=\"ddl_pb_substance\" type=\"DropDownList\">\n                            <PROPERTIES>\n                                <PROPERTY name=\"id\">ddl_pb_substance</PROPERTY>\n                                <PROPERTY name=\"name\">ddl_pb_substance</PROPERTY>\n                                <PROPERTY name=\"class\">form-control</PROPERTY>\n                            </PROPERTIES>\n                            <LISTITEMS>\n                                <LISTITEM value=\"--Select--\" Selected=\"true\">--Select--</LISTITEM>\n                                <LISTITEM value=\"Smoking\" Selected=\"false\">Smoking</LISTITEM>\n                                <LISTITEM value=\"Alcohol\" Selected=\"false\">Alcohol</LISTITEM>\n                                <LISTITEM value=\"Cannabis\" Selected=\"false\">Cannabis</LISTITEM>\n                                <LISTITEM value=\"Solvents/Inhalants\" Selected=\"false\">Solvents/Inhalants</LISTITEM>\n                                <LISTITEM value=\"Others\" Selected=\"false\">Others</LISTITEM>\n                            </LISTITEMS>\n                        </FIELD>\n                        \n                        <FIELD id=\"txtPBDuration\" type=\"TextBoxDDL\">\n                            <PROPERTIES>\n                                <PROPERTY name=\"id\">txtPBDuration</PROPERTY>\n                                <PROPERTY name=\"onkeydown\">return isNumericKeyStroke(event)</PROPERTY>\n                                <PROPERTY name=\"name\">txtPBDuration</PROPERTY>\n                                <PROPERTY name=\"class\">form-control</PROPERTY>\n                            <PROPERTY name=\"value\"/></PROPERTIES>\n                            <FIELD id=\"DDLPBDuration\" type=\"DropDownList\">\n                                <PROPERTIES>\n                                    <PROPERTY name=\"id\">DDLPBDuration</PROPERTY>\n                                    <PROPERTY name=\"name\">DDLPBDuration</PROPERTY>\n                                    <PROPERTY name=\"class\">form-control</PROPERTY>\n                                </PROPERTIES>\n                                <LISTITEMS>\n                                    <LISTITEM value=\"Yrs\" Selected=\"true\">Yrs</LISTITEM>\n                                    <LISTITEM value=\"Months\" Selected=\"false\">Months</LISTITEM>\n                                    <LISTITEM value=\"Weeks\" Selected=\"false\">Weeks</LISTITEM>\n                                    <LISTITEM value=\"Days\" Selected=\"false\">Days</LISTITEM>\n                                </LISTITEMS>\n                            </FIELD>\n                        </FIELD>\n                        \n                        <FIELD id=\"CBPBpattern\" type=\"CheckBoxList\">\n                            <PROPERTIES>\n                                <PROPERTY name=\"name\">CBPBpattern[]</PROPERTY>\n                            </PROPERTIES>\n                            <LISTITEMS>\n                                <LISTITEM value=\"Use\" id=\"CBPBpattern1\" Selected=\"False\">Use</LISTITEM>\n                                <LISTITEM value=\"Abuse\" id=\"CBPBpattern2\" Selected=\"False\">Abuse</LISTITEM>\n                                <LISTITEM value=\"Dependence\" id=\"CBPBpattern3\" Selected=\"False\">Dependence</LISTITEM>\n                            </LISTITEMS>\n                        </FIELD>\n                    </COLUMNS>\n                </FIELD>\n                \n                <FIELD id=\"substance_history_notes\" type=\"textareaFull\" label=\"Notes\">\n                    <PROPERTIES>\n                        <PROPERTY name=\"id\">substance_history_notes</PROPERTY>\n                        <PROPERTY name=\"name\">substance_history_notes</PROPERTY>\n                        <PROPERTY name=\"class\">form-control</PROPERTY>\n                        <PROPERTY name=\"rows\">6</PROPERTY>\n                    </PROPERTIES>\n                <VALUE/></FIELD>\n                \n                <FIELD type=\"Header2\" label=\"Premorbid Personality\"/>\n                \n                <FIELD id=\"CBattitudetoself\" type=\"CheckBoxList\" label=\"Attitude to self\">\n                    <PROPERTIES>\n                        <PROPERTY name=\"name\">CBattitudetoself[]</PROPERTY>\n                    </PROPERTIES>\n                    <LISTITEMS>\n                        <LISTITEM value=\"Ego centric\" id=\"CBattitudetoself1\" Selected=\"False\">Ego centric</LISTITEM>\n                        <LISTITEM value=\"Selfish\" id=\"CBattitudetoself2\" Selected=\"False\">Selfish</LISTITEM>\n                        <LISTITEM value=\"Dramatizing\" id=\"CBattitudetoself3\" Selected=\"False\">Dramatizing</LISTITEM>\n                        <LISTITEM value=\"Critical\" id=\"CBattitudetoself4\" Selected=\"False\">Critical</LISTITEM>\n                        <LISTITEM value=\"Self-consicious\" id=\"CBattitudetoself5\" Selected=\"False\">Self-conscious</LISTITEM>\n                        <LISTITEM value=\"Satisfied\" id=\"CBattitudetoself6\" Selected=\"False\">Satisfied</LISTITEM>\n                        <LISTITEM value=\"Over concerned\" id=\"CBattitudetoself7\" Selected=\"False\">Over concerned</LISTITEM>\n                    </LISTITEMS>\n                </FIELD>\n                \n                <FIELD id=\"CBmoralreligiousattitude\" type=\"CheckBoxList\" label=\"Moral and Religious attitude\">\n                    <PROPERTIES>\n                        <PROPERTY name=\"name\">CBmoralreligiousattitude[]</PROPERTY>\n                    </PROPERTIES>\n                    <LISTITEMS>\n                        <LISTITEM value=\"Evidence of rigidity\" id=\"CBmoralreligiousattitude1\" Selected=\"False\">Evidence of rigidity</LISTITEM>\n                        <LISTITEM value=\"Compliance\" id=\"CBmoralreligiousattitude2\" Selected=\"False\">Compliance</LISTITEM>\n                        <LISTITEM value=\"Permissiveness\" id=\"CBmoralreligiousattitude3\" Selected=\"False\">Permissiveness</LISTITEM>\n                        <LISTITEM value=\"Over conscientiousness\" id=\"CBmoralreligiousattitude4\" Selected=\"False\">Over conscientiousness</LISTITEM>\n                        <LISTITEM value=\"Rebellious\" id=\"CBmoralreligiousattitude5\" Selected=\"False\">Rebellious</LISTITEM>\n                    </LISTITEMS>\n                </FIELD>\n                \n                <FIELD id=\"CBsocialrelationships\" type=\"CheckBoxList\" label=\"Social relationships\">\n                    <PROPERTIES>\n                        <PROPERTY name=\"name\">CBsocialrelationships[]</PROPERTY>\n                    </PROPERTIES>\n                    <LISTITEMS>\n                        <LISTITEM value=\"Leader\" id=\"CBsocialrelationships1\" Selected=\"False\">Leader</LISTITEM>\n                        <LISTITEM value=\"Follower\" id=\"CBsocialrelationships2\" Selected=\"False\">Follower</LISTITEM>\n                        <LISTITEM value=\"Organiser\" id=\"CBsocialrelationships3\" Selected=\"False\">Organiser</LISTITEM>\n                        <LISTITEM value=\"Aggressive\" id=\"CBsocialrelationships4\" Selected=\"False\">Aggressive</LISTITEM>\n                        <LISTITEM value=\"Submissive\" id=\"CBsocialrelationships5\" Selected=\"False\">Submissive</LISTITEM>\n                        <LISTITEM value=\"Ambitious\" id=\"CBsocialrelationships6\" Selected=\"False\">Ambitious</LISTITEM>\n                        <LISTITEM value=\"Adjustable\" id=\"CBsocialrelationships7\" Selected=\"False\">Adjustable</LISTITEM>\n                        <LISTITEM value=\"Independent\" id=\"CBsocialrelationships8\" Selected=\"False\">Independent</LISTITEM>\n                    </LISTITEMS>\n                </FIELD>\n                \n                <FIELD id=\"CBmood\" type=\"CheckBoxList\" label=\"Mood\">\n                    <PROPERTIES>\n                        <PROPERTY name=\"name\">CBmood[]</PROPERTY>\n                    </PROPERTIES>\n                    <LISTITEMS>\n                        <LISTITEM value=\"Stable\" id=\"CBmood1\" Selected=\"False\">Stable</LISTITEM>\n                        <LISTITEM value=\"Mood swings\" id=\"CBmood2\" Selected=\"False\">Mood swings</LISTITEM>\n                        <LISTITEM value=\"Anxious\" id=\"CBmood3\" Selected=\"False\">Anxious</LISTITEM>\n                        <LISTITEM value=\"Irritable\" id=\"CBmood4\" Selected=\"False\">Irritable</LISTITEM>\n                        <LISTITEM value=\"Submissive\" id=\"CBmood5\" Selected=\"False\">Worrying</LISTITEM>\n                        <LISTITEM value=\"Cheerful\" id=\"CBmood6\" Selected=\"False\">Cheerful</LISTITEM>\n                        <LISTITEM value=\"Glomy\" id=\"CBmood7\" Selected=\"False\">Glomy</LISTITEM>\n                    </LISTITEMS>\n                </FIELD>\n                \n                <FIELD id=\"CBleisuretimespent\" type=\"CheckBoxList\" label=\"Leisure time spent\">\n                    <PROPERTIES>\n                        <PROPERTY name=\"name\">CBleisuretimespent[]</PROPERTY>\n                    </PROPERTIES>\n                    <LISTITEMS>\n                        <LISTITEM value=\"Alone\" id=\"CBleisuretimespent1\" Selected=\"False\">Alone</LISTITEM>\n                        <LISTITEM value=\"With friends\" id=\"CBleisuretimespent2\" Selected=\"False\">With friends</LISTITEM>\n                        <LISTITEM value=\"With family\" id=\"CBleisuretimespent3\" Selected=\"False\">With family</LISTITEM>\n                    </LISTITEMS>\n                </FIELD>\n                \n                <FIELD id=\"premorbid_personality_notes\" type=\"textareaFull\">\n                    <PROPERTIES>\n                        <PROPERTY name=\"id\">premorbid_personality_notes</PROPERTY>\n                        <PROPERTY name=\"name\">premorbid_personality_notes</PROPERTY>\n                        <PROPERTY name=\"class\">form-control</PROPERTY>\n                        <PROPERTY name=\"rows\">6</PROPERTY>\n                    </PROPERTIES>\n                <VALUE/></FIELD>\n            </FIELD>\n            \n            <FIELD type=\"PanelBar\" label=\"Mental Status Examination\" target_div=\"mental_status_examination\">\n                <FIELD type=\"Header2\" label=\"General Appearance &amp; Behaviour\"/>\n                \n                <FIELD id=\"RBAppearance\" type=\"RadioButtonList\" label=\"Appearance\">\n                    <PROPERTIES>\n                        <PROPERTY name=\"name\">RBAppearance</PROPERTY>\n                    </PROPERTIES>\n                    <LISTITEMS>\n                        <LISTITEM value=\"Looks ones age\" id=\"RBAppearance1\" Selected=\"False\">Looks ones age</LISTITEM>\n                        <LISTITEM value=\"Older\" id=\"RBAppearance2\" Selected=\"False\">Older</LISTITEM>\n                        <LISTITEM value=\"Younger\" id=\"RBAppearance3\" Selected=\"False\">Younger</LISTITEM>\n                    </LISTITEMS>\n                </FIELD>\n                \n                <FIELD id=\"RBlevelofgrooming\" type=\"RadioButtonList\" label=\"Level of grooming\">\n                    <PROPERTIES>\n                        <PROPERTY name=\"name\">RBlevelofgrooming</PROPERTY>\n                    </PROPERTIES>\n                    <LISTITEMS>\n                        <LISTITEM value=\"Normal\" id=\"RBlevelofgrooming1\" Selected=\"False\">Normal</LISTITEM>\n                        <LISTITEM value=\"Shabbily Dressed\" id=\"RBlevelofgrooming2\" Selected=\"False\">Shabbily Dressed</LISTITEM>\n                        <LISTITEM value=\"Over Dressed\" id=\"RBlevelofgrooming3\" Selected=\"False\">Over Dressed</LISTITEM>\n                        <LISTITEM value=\"Inappropriate\" id=\"RBlevelofgrooming4\" Selected=\"False\">Inappropriate</LISTITEM>\n                    </LISTITEMS>\n                </FIELD>\n                \n                <FIELD id=\"RBlevelofcleanliness\" type=\"RadioButtonList\" label=\"Level of Cleanliness\">\n                    <PROPERTIES>\n                        <PROPERTY name=\"name\">RBlevelofcleanliness</PROPERTY>\n                    </PROPERTIES>\n                    <LISTITEMS>\n                        <LISTITEM value=\"Adequate\" id=\"RBlevelofcleanliness1\" Selected=\"False\">Adequate</LISTITEM>\n                        <LISTITEM value=\"Inadequate\" id=\"RBlevelofcleanliness2\" Selected=\"False\">Inadequate</LISTITEM>\n                        <LISTITEM value=\"Overtly Clean\" id=\"RBlevelofcleanliness3\" Selected=\"False\">Overtly Clean</LISTITEM>\n                    </LISTITEMS>\n                </FIELD>\n                \n                <FIELD id=\"RBmodeofentry\" type=\"RadioButtonList\" label=\"Mode of entry\">\n                    <PROPERTIES>\n                        <PROPERTY name=\"name\">RBmodeofentry</PROPERTY>\n                    </PROPERTIES>\n                    <LISTITEMS>\n                        <LISTITEM value=\"Came willingly\" id=\"RBmodeofentry1\" Selected=\"False\">Came willingly</LISTITEM>\n                        <LISTITEM value=\"Persuaded by physical force\" id=\"RBmodeofentry2\" Selected=\"False\">Persuaded by physical force</LISTITEM>\n                    </LISTITEMS>\n                </FIELD>\n                \n                <FIELD id=\"RBCooperativeness\" type=\"RadioButtonList\" label=\"Cooperativeness\">\n                    <PROPERTIES>\n                        <PROPERTY name=\"name\">RBCooperativeness</PROPERTY>\n                    </PROPERTIES>\n                    <LISTITEMS>\n                        <LISTITEM value=\"Yes\" id=\"RBCooperativeness1\" Selected=\"False\">Yes</LISTITEM>\n                        <LISTITEM value=\"No\" id=\"RBCooperativeness2\" Selected=\"False\">No</LISTITEM>\n                    </LISTITEMS>\n                </FIELD>\n                \n                <FIELD id=\"RBeyetoeyecontact\" type=\"RadioButtonList\" label=\"Eye to Eye contacat\">\n                    <PROPERTIES>\n                        <PROPERTY name=\"name\">RBeyetoeyecontact</PROPERTY>\n                    </PROPERTIES>\n                    <LISTITEMS>\n                        <LISTITEM value=\"Maintained\" id=\"RBeyetoeyecontact1\" Selected=\"False\">Maintained</LISTITEM>\n                        <LISTITEM value=\"Difficult\" id=\"RBeyetoeyecontact2\" Selected=\"False\">Difficult</LISTITEM>\n                        <LISTITEM value=\"Not Maintained\" id=\"RBeyetoeyecontact3\" Selected=\"False\">Not Maintained</LISTITEM>\n                    </LISTITEMS>\n                </FIELD>\n                \n                <FIELD id=\"RBHallucinatorybehaviour\" type=\"RadioButtonList\" label=\"Hallucinatory behaviour\">\n                    <PROPERTIES>\n                        <PROPERTY name=\"name\">RBHallucinatorybehaviour</PROPERTY>\n                    </PROPERTIES>\n                    <LISTITEMS>\n                        <LISTITEM value=\"Present\" id=\"RBHallucinatorybehaviour1\" Selected=\"False\">Present</LISTITEM>\n                        <LISTITEM value=\"Absent\" id=\"RBHallucinatorybehaviour2\" Selected=\"False\">Absent</LISTITEM>\n                    </LISTITEMS>\n                </FIELD>\n                \n                <FIELD id=\"RBrapport\" type=\"RadioButtonList\" label=\"Rapport\">\n                    <PROPERTIES>\n                        <PROPERTY name=\"name\">RBrapport</PROPERTY>\n                    </PROPERTIES>\n                    <LISTITEMS>\n                        <LISTITEM value=\"Spontaneous\" id=\"RBrapport1\" Selected=\"False\">Spontaneous</LISTITEM>\n                        <LISTITEM value=\"Difficult\" id=\"RBrapport2\" Selected=\"False\">Difficult</LISTITEM>\n                    </LISTITEMS>\n                </FIELD>\n                \n                <FIELD id=\"CBGesturingposturing\" type=\"CheckBoxList\" label=\"Gesturing and posturing\" Backcontrols=\"hide\" Backdivid=\"txtGesturingposturingDiv\">\n                    <PROPERTIES>\n                        <PROPERTY name=\"name\">CBGesturingposturing[]</PROPERTY>\n                    </PROPERTIES>\n                    <LISTITEMS>\n                        <LISTITEM value=\"Normal\" id=\"CBGesturingposturing1\" Selected=\"False\">Normal</LISTITEM>\n                        <LISTITEM value=\"Exaggerated\" id=\"CBGesturingposturing2\" Selected=\"False\">Exaggerated</LISTITEM>\n                        <LISTITEM value=\"Catatonic\" id=\"CBGesturingposturing3\" Selected=\"False\">Catatonic</LISTITEM>\n                        <LISTITEM value=\"Negativism\" id=\"CBGesturingposturing4\" Selected=\"False\">Negativism</LISTITEM>\n                        <LISTITEM value=\"Waxy flexibility\" id=\"CBGesturingposturing5\" Selected=\"False\">Waxy flexibility</LISTITEM>\n                        <LISTITEM value=\"Echopraxia\" id=\"CBGesturingposturing6\" Selected=\"False\">Echopraxia</LISTITEM>\n                        <LISTITEM value=\"Automatism\" id=\"CBGesturingposturing7\" Selected=\"False\">Automatism</LISTITEM>\n                        <LISTITEM value=\"Others\" id=\"CBGesturingposturing8\" Selected=\"False\" onclick=\"OThersvisible(this.id,\'txtGesturingposturingDiv\');\">Others</LISTITEM>\n                    </LISTITEMS>\n                    <FIELD id=\"txtGesturingposturing\" type=\"TextBox\" label=\"Other: \">\n                        <PROPERTIES>\n                            <PROPERTY name=\"id\">txtGesturingposturing</PROPERTY>\n                            <PROPERTY name=\"class\">form-control</PROPERTY>\n                            <PROPERTY name=\"name\">txtGesturingposturing</PROPERTY>\n                            <PROPERTY name=\"placeholder\">Other</PROPERTY>\n                        <PROPERTY name=\"value\"/></PROPERTIES>\n                    </FIELD>\n                </FIELD>\n                \n                <FIELD id=\"RBgaitdisurbances\" type=\"RadioButtonList\" label=\"Gait Disurbances\">\n                    <PROPERTIES>\n                        <PROPERTY name=\"name\">RBgaitdisurbances</PROPERTY>\n                    </PROPERTIES>\n                    <LISTITEMS>\n                        <LISTITEM value=\"Spontaneous\" id=\"RBgaitdisurbances1\" Selected=\"False\">Normal</LISTITEM>\n                        <LISTITEM value=\"March\" id=\"RBgaitdisurbances2\" Selected=\"False\">March</LISTITEM>\n                        <LISTITEM value=\"Limb\" id=\"RBgaitdisurbances3\" Selected=\"False\">Limb</LISTITEM>\n                        <LISTITEM value=\"Assisted\" id=\"RBgaitdisurbances4\" Selected=\"False\">Assisted</LISTITEM>\n                        <LISTITEM value=\"Shuffling\" id=\"RBgaitdisurbances5\" Selected=\"False\">Shuffling</LISTITEM>\n                    </LISTITEMS>\n                </FIELD>\n                \n                <FIELD type=\"Header2\" label=\"Catatonic phenomena\"/>\n                \n                <FIELD id=\"CBPsychomotorActivity\" type=\"CheckBoxList\" label=\"Psychomotor Activity\">\n                    <PROPERTIES>\n                        <PROPERTY name=\"name\">CBPsychomotorActivity[]</PROPERTY>\n                    </PROPERTIES>\n                    <LISTITEMS>\n                        <LISTITEM value=\"Normal\" id=\"CBPsychomotorActivity1\" Selected=\"False\">Normal</LISTITEM>\n                        <LISTITEM value=\"Exaggerated\" id=\"CBPsychomotorActivity2\" Selected=\"False\">Increased</LISTITEM>\n                        <LISTITEM value=\"Catatonic\" id=\"CBPsychomotorActivity3\" Selected=\"False\">Decreased</LISTITEM>\n                        <LISTITEM value=\"Negativism\" id=\"CBPsychomotorActivity4\" Selected=\"False\">Tics</LISTITEM>\n                        <LISTITEM value=\"Waxy flexibility\" id=\"CBPsychomotorActivity5\" Selected=\"False\">Echopraxia</LISTITEM>\n                        <LISTITEM value=\"Echoproxia\" id=\"CBPsychomotorActivity6\" Selected=\"False\">Echoproxia</LISTITEM>\n                    </LISTITEMS>\n                </FIELD>\n                \n                <FIELD type=\"Header2\" label=\"Speech\"/>\n                \n                <FIELD id=\"RBReactiontime\" type=\"RadioButtonList\" label=\"Reaction time\">\n                    <PROPERTIES>\n                        <PROPERTY name=\"name\">RBReactiontime</PROPERTY>\n                    </PROPERTIES>\n                    <LISTITEMS>\n                        <LISTITEM value=\"Normal\" id=\"RBReactiontime1\" Selected=\"False\">Normal</LISTITEM>\n                        <LISTITEM value=\"Increased\" id=\"RBReactiontime2\" Selected=\"False\">Increased</LISTITEM>\n                        <LISTITEM value=\"Decreased\" id=\"RBReactiontime3\" Selected=\"False\">Decreased</LISTITEM>\n                    </LISTITEMS>\n                </FIELD>\n                \n                <FIELD id=\"RBtempo\" type=\"RadioButtonList\" label=\"Tempo\">\n                    <PROPERTIES>\n                        <PROPERTY name=\"name\">RBtempo</PROPERTY>\n                    </PROPERTIES>\n                    <LISTITEMS>\n                        <LISTITEM value=\"Normal\" id=\"RBtempo1\" Selected=\"False\">Normal</LISTITEM>\n                        <LISTITEM value=\"Slow\" id=\"RBtempo2\" Selected=\"False\">Slow</LISTITEM>\n                        <LISTITEM value=\"Rapid\" id=\"RBtempo3\" Selected=\"False\">Rapid</LISTITEM>\n                    </LISTITEMS>\n                </FIELD>\n                \n                <FIELD id=\"RBvolume\" type=\"RadioButtonList\" label=\"Volume\">\n                    <PROPERTIES>\n                        <PROPERTY name=\"name\">RBvolume</PROPERTY>\n                    </PROPERTIES>\n                    <LISTITEMS>\n                        <LISTITEM value=\"Normal\" id=\"RBvolume1\" Selected=\"False\">Normal</LISTITEM>\n                        <LISTITEM value=\"Increased\" id=\"RBvolume2\" Selected=\"False\">Increased</LISTITEM>\n                        <LISTITEM value=\"Decreased\" id=\"RBvolume3\" Selected=\"False\">Decreased</LISTITEM>\n                    </LISTITEMS>\n                </FIELD>\n                \n                <FIELD id=\"RBtone\" type=\"RadioButtonList\" label=\"Tone\">\n                    <PROPERTIES>\n                        <PROPERTY name=\"name\">RBtone</PROPERTY>\n                    </PROPERTIES>\n                    <LISTITEMS>\n                        <LISTITEM value=\"Normal\" id=\"RBtone1\" Selected=\"False\">Normal</LISTITEM>\n                        <LISTITEM value=\"Increased\" id=\"RBtone2\" Selected=\"False\">Increased</LISTITEM>\n                        <LISTITEM value=\"Decreased\" id=\"RBtone3\" Selected=\"False\">Decreased</LISTITEM>\n                    </LISTITEMS>\n                </FIELD>\n                \n                <FIELD id=\"RBCoherence\" type=\"RadioButtonList\" label=\"Coherence\">\n                    <PROPERTIES>\n                        <PROPERTY name=\"name\">RBCoherence</PROPERTY>\n                    </PROPERTIES>\n                    <LISTITEMS>\n                        <LISTITEM value=\"Coherent\" id=\"RBCoherence1\" Selected=\"False\">Coherent</LISTITEM>\n                        <LISTITEM value=\"Incoherent\" id=\"RBCoherence2\" Selected=\"False\">Incoherent</LISTITEM>\n                    </LISTITEMS>\n                </FIELD>\n                \n                <FIELD id=\"RBRelevance\" type=\"RadioButtonList\" label=\"Relevance\">\n                    <PROPERTIES>\n                        <PROPERTY name=\"name\">RBRelevance</PROPERTY>\n                    </PROPERTIES>\n                    <LISTITEMS>\n                        <LISTITEM value=\"Normal\" id=\"RBRelevance1\" Selected=\"False\">Normal</LISTITEM>\n                        <LISTITEM value=\"Increased\" id=\"RBRelevance2\" Selected=\"False\">Increased</LISTITEM>\n                    </LISTITEMS>\n                </FIELD>\n                \n                <FIELD id=\"txtspeechsample\" type=\"TextBox\" label=\"Speech Sample\">\n                    <PROPERTIES>\n                        <PROPERTY name=\"id\">txtspeechsample</PROPERTY>\n                        <PROPERTY name=\"name\">txtspeechsample</PROPERTY>\n                        <PROPERTY name=\"class\">form-control</PROPERTY>\n                    <PROPERTY name=\"value\"/></PROPERTIES>\n                </FIELD>\n                \n                <FIELD type=\"Header2\" label=\"Thought\"/>\n                \n                <FIELD id=\"CBstreamform\" type=\"CheckBoxList\" label=\"Stream &amp; Form\">\n                    <PROPERTIES>\n                        <PROPERTY name=\"name\">CBstreamform[]</PROPERTY>\n                    </PROPERTIES>\n                    <LISTITEMS>\n                        <LISTITEM value=\"No formal thought disorder\" id=\"CBstreamform1\" Selected=\"False\">No formal thought disorder</LISTITEM>\n                        <LISTITEM value=\"Flight of ideas\" id=\"CBstreamform2\" Selected=\"False\">Flight of ideas</LISTITEM>\n                        <LISTITEM value=\"Retarded thinking\" id=\"CBstreamform3\" Selected=\"False\">Retarded thinking</LISTITEM>\n                        <LISTITEM value=\"Thought Block\" id=\"CBstreamform4\" Selected=\"False\">Thought Block</LISTITEM>\n                        <LISTITEM value=\"Circumstantial\" id=\"CBstreamform5\" Selected=\"False\">Circumstantial</LISTITEM>\n                        <LISTITEM value=\"Tangential\" id=\"CBstreamform6\" Selected=\"False\">Tangential</LISTITEM>\n                        <LISTITEM value=\"Loosening of association\" id=\"CBstreamform7\" Selected=\"False\">Loosening of association</LISTITEM>\n                        <LISTITEM value=\"Derailment\" id=\"CBstreamform8\" Selected=\"False\">Derailment</LISTITEM>\n                        <LISTITEM value=\"Perseveration\" id=\"CBstreamform9\" Selected=\"False\">Perseveration</LISTITEM>\n                        <LISTITEM value=\"Neologisms\" id=\"CBstreamform10\" Selected=\"False\">Neologisms</LISTITEM>\n                        <LISTITEM value=\"Word salad \" id=\"CBstreamform11\" Selected=\"False\">Word salad</LISTITEM>\n                    </LISTITEMS>\n                </FIELD>\n                \n                <FIELD type=\"Header2\" label=\"Possession of thought\"/>\n                \n                <FIELD id=\"RBObsession\" type=\"RadioButtonList\" label=\"Obsession\" Backcontrols=\"hide\" Backdivid=\"ObsessionDiv\">\n                    <PROPERTIES>\n                        <PROPERTY name=\"name\">RBObsession</PROPERTY>\n                    </PROPERTIES>\n                    <LISTITEMS>\n                        <LISTITEM value=\"Absent\" id=\"RBObsession1\" Selected=\"False\" onclick=\"OThersvisible(this.id,\'ObsessionDiv\',\'none\');\"> Absent</LISTITEM>\n                        <LISTITEM value=\"Present\" id=\"RBObsession2\" Selected=\"False\" onclick=\"OThersvisible(this.id,\'ObsessionDiv\',\'block\');\">Present</LISTITEM>\n                    </LISTITEMS>\n                    <FIELD id=\"RBnaturetoobsession\" type=\"RadioButtonList\" label=\"Nature to Obsession(s): \">\n                        <PROPERTIES>\n                            <PROPERTY name=\"name\">RBnaturetoobsession</PROPERTY>\n                        </PROPERTIES>\n                        <LISTITEMS>\n                            <LISTITEM value=\"Thought\" id=\"RBnaturetoobsession1\" Selected=\"False\">Thought</LISTITEM>\n                            <LISTITEM value=\"Impulse\" id=\"RBnaturetoobsession2\" Selected=\"False\">Impulse</LISTITEM>\n                            <LISTITEM value=\"Images\" id=\"RBnaturetoobsession3\" Selected=\"False\">Images</LISTITEM>\n                        </LISTITEMS>\n                    </FIELD>\n                </FIELD>\n                \n                <FIELD id=\"CBnatureofcompulsion\" type=\"CheckBoxList\" label=\"Nature of Compulsion\">\n                    <PROPERTIES>\n                        <PROPERTY name=\"name\">CBnatureofcompulsion[]</PROPERTY>\n                    </PROPERTIES>\n                    <LISTITEMS>\n                        <LISTITEM value=\"Behavioural\" id=\"CBnatureofcompulsion1\" Selected=\"False\">Behavioural</LISTITEM>\n                        <LISTITEM value=\"Thought\" id=\"CBnatureofcompulsion2\" Selected=\"False\">Thought</LISTITEM>\n                    </LISTITEMS>\n                </FIELD>\n                \n                <FIELD id=\"possession_of_thought_notes\" type=\"textareaFull\" label=\"Notes\">\n                    <PROPERTIES>\n                        <PROPERTY name=\"id\">possession_of_thought_notes</PROPERTY>\n                        <PROPERTY name=\"name\">possession_of_thought_notes</PROPERTY>\n                        <PROPERTY name=\"class\">form-control</PROPERTY>\n                        <PROPERTY name=\"rows\">6</PROPERTY>\n                    </PROPERTIES>\n                <VALUE/></FIELD>\n                \n                <FIELD type=\"Header2\" label=\"Thought Content\"/>\n                \n                <FIELD id=\"CBIdeas\" type=\"CheckBoxList\" label=\"Ideas\">\n                    <PROPERTIES>\n                        <PROPERTY name=\"name\">CBIdeas[]</PROPERTY>\n                    </PROPERTIES>\n                    <LISTITEMS>\n                        <LISTITEM value=\"Over Valued Ideas\" id=\"CBIdeas1\" Selected=\"False\">Over Valued Ideas</LISTITEM>\n                        <LISTITEM value=\"Suicidal Ideation\" id=\"CBIdeas2\" Selected=\"False\">Suicidal Ideation</LISTITEM>\n                        <LISTITEM value=\"Ideas of worthlessness\" id=\"CBIdeas3\" Selected=\"False\">Ideas of worthlessness</LISTITEM>\n                        <LISTITEM value=\"Helplessness\" id=\"CBIdeas4\" Selected=\"False\">Helplessness</LISTITEM>\n                        <LISTITEM value=\"Hopelessness\" id=\"CBIdeas5\" Selected=\"False\">Hopelessness</LISTITEM>\n                        <LISTITEM value=\"Guilt feelings\" id=\"CBIdeas6\" Selected=\"False\">Guilt feelings</LISTITEM>\n                        <LISTITEM value=\"Hypochondriacal Ideas\" id=\"CBIdeas7\" Selected=\"False\">Hypochondriacal Ideas</LISTITEM>\n                    </LISTITEMS>\n                </FIELD>\n                \n                <FIELD id=\"CBDelusions\" type=\"CheckBoxList\" label=\"Delusions\" Backcontrols=\"hide\" Backdivid=\"divDelu\">\n                    <PROPERTIES>\n                        <PROPERTY name=\"name\">CBDelusions[]</PROPERTY>\n                    </PROPERTIES>\n                    <LISTITEMS>\n                        <LISTITEM value=\"Paranoid\" id=\"CBDelusions1\" Selected=\"False\" onclick=\"OThersvisible(this.id,\'divDelu\',\'block\');\">Paranoid</LISTITEM>\n                        <LISTITEM value=\"Persecutory\" id=\"CBDelusions2\" Selected=\"False\" onclick=\"OThersvisible(this.id,\'divDelu\',\'block\');\">Persecutory</LISTITEM>\n                        <LISTITEM value=\"Reference\" id=\"CBDelusions3\" Selected=\"False\" onclick=\"OThersvisible(this.id,\'divDelu\',\'block\');\">Reference</LISTITEM>\n                        <LISTITEM value=\"Infidelity\" id=\"CBDelusions4\" Selected=\"False\" onclick=\"OThersvisible(this.id,\'divDelu\',\'block\');\">Infidelity</LISTITEM>\n                        <LISTITEM value=\"Grandiosity\" id=\"CBDelusions5\" Selected=\"False\" onclick=\"OThersvisible(this.id,\'divDelu\',\'block\');\">Grandiosity</LISTITEM>\n                        <LISTITEM value=\"Hypochondrical\" id=\"CBDelusions6\" Selected=\"False\" onclick=\"OThersvisible(this.id,\'divDelu\',\'block\');\">Hypochondrical</LISTITEM>\n                        <LISTITEM value=\"Love\" id=\"CBDelusions7\" Selected=\"False\" onclick=\"OThersvisible(this.id,\'divDelu\',\'block\');\">Love</LISTITEM>\n                        <LISTITEM value=\"Bizzare\" id=\"CBDelusions8\" Selected=\"False\" onclick=\"OThersvisible(this.id,\'divDelu\',\'block\');\">Bizzare</LISTITEM>\n                        <LISTITEM value=\"Others\" id=\"CBDelusions9\" Selected=\"False\" onclick=\"OThersvisible(this.id,\'divDelu\',\'block\');\">Others</LISTITEM>\n                    </LISTITEMS>\n                    <FIELD id=\"RBnatureofdelusion\" type=\"RadioButtonList\" label=\"Nature of Delusion: \">\n                        <PROPERTIES>\n                            <PROPERTY name=\"name\">RBnatureofdelusion</PROPERTY>\n                        </PROPERTIES>\n                        <LISTITEMS>\n                            <LISTITEM value=\"Thought\" id=\"RBnatureofdelusion1\" Selected=\"False\">Thought</LISTITEM>\n                            <LISTITEM value=\"Impulse\" id=\"RBnatureofdelusion2\" Selected=\"False\">Impulse</LISTITEM>\n                            <LISTITEM value=\"Images\" id=\"RBnatureofdelusion3\" Selected=\"False\">Images</LISTITEM>\n                        </LISTITEMS>\n                    </FIELD>\n                </FIELD>\n                \n                <FIELD id=\"txtcontentofthought\" type=\"TextBox\" label=\"Content of Thought\">\n                    <PROPERTIES>\n                        <PROPERTY name=\"id\">txtcontentofthought</PROPERTY>\n                        <PROPERTY name=\"name\">txtcontentofthought</PROPERTY>\n                        <PROPERTY name=\"class\">form-control</PROPERTY>\n                    <PROPERTY name=\"value\"/></PROPERTIES>\n                </FIELD>\n                \n                <FIELD type=\"Header2\" label=\"Mood\"/>\n                \n                <FIELD id=\"RBQuality\" type=\"RadioButtonList\" label=\"Quality\">\n                    <PROPERTIES>\n                        <PROPERTY name=\"name\">RBQuality</PROPERTY>\n                    </PROPERTIES>\n                    <LISTITEMS>\n                        <LISTITEM value=\"Euthymic\" id=\"RBQuality1\" Selected=\"False\">Euthymic</LISTITEM>\n                        <LISTITEM value=\"Anxious\" id=\"RBQuality2\" Selected=\"False\">Anxious</LISTITEM>\n                        <LISTITEM value=\"Irritable\" id=\"RBQuality3\" Selected=\"False\">Irritable</LISTITEM>\n                        <LISTITEM value=\"Elated\" id=\"RBQuality4\" Selected=\"False\">Elated</LISTITEM>\n                        <LISTITEM value=\"Suspicious\" id=\"RBQuality5\" Selected=\"False\">Suspicious</LISTITEM>\n                        <LISTITEM value=\"Depressed\" id=\"RBQuality6\" Selected=\"False\">Depressed</LISTITEM>\n                        <LISTITEM value=\"Euphoric\" id=\"RBQuality7\" Selected=\"False\">Euphoric</LISTITEM>\n                    </LISTITEMS>\n                </FIELD>\n                \n                <FIELD id=\"RBrangeandreactivity\" type=\"RadioButtonList\" label=\"Range and reactivity\">\n                    <PROPERTIES>\n                        <PROPERTY name=\"name\">RBrangeandreactivity</PROPERTY>\n                    </PROPERTIES>\n                    <LISTITEMS>\n                        <LISTITEM value=\"Normal\" id=\"RBrangeandreactivity1\" Selected=\"False\">Normal</LISTITEM>\n                        <LISTITEM value=\"Increased\" id=\"RBrangeandreactivity2\" Selected=\"False\">Increased</LISTITEM>\n                        <LISTITEM value=\"Decreased\" id=\"RBrangeandreactivity3\" Selected=\"False\">Decreased</LISTITEM>\n                        <LISTITEM value=\"Labile mood\" id=\"RBrangeandreactivity4\" Selected=\"False\">Labile mood</LISTITEM>\n                        <LISTITEM value=\"Diurnal variation\" id=\"RBrangeandreactivity5\" Selected=\"False\">Diurnal variation</LISTITEM>\n                        <LISTITEM value=\"Incongruent\" id=\"RBrangeandreactivity6\" Selected=\"False\">Incongruent</LISTITEM>\n                    </LISTITEMS>\n                </FIELD>\n                \n                <FIELD id=\"RBaffect\" type=\"RadioButtonList\" label=\"Affect\">\n                    <PROPERTIES>\n                        <PROPERTY name=\"name\">RBaffect</PROPERTY>\n                    </PROPERTIES>\n                </FIELD>\n                \n                <FIELD id=\"txtSubjectively\" type=\"TextBox\" label=\"Subjectively\">\n                    <PROPERTIES>\n                        <PROPERTY name=\"id\">txtSubjectively</PROPERTY>\n                        <PROPERTY name=\"name\">txtSubjectively</PROPERTY>\n                        <PROPERTY name=\"class\">form-control</PROPERTY>\n                    <PROPERTY name=\"value\"/></PROPERTIES>\n                </FIELD>\n                \n                <FIELD id=\"txtObjectively\" type=\"TextBox\" label=\"Objectively\">\n                    <PROPERTIES>\n                        <PROPERTY name=\"id\">txtObjectively</PROPERTY>\n                        <PROPERTY name=\"name\">txtObjectively</PROPERTY>\n                        <PROPERTY name=\"class\">form-control</PROPERTY>\n                    <PROPERTY name=\"value\"/></PROPERTIES>\n                </FIELD>\n                \n                <FIELD id=\"mood_notes\" type=\"textareaFull\" label=\"Notes: \">\n                    <PROPERTIES>\n                        <PROPERTY name=\"id\">mood_notes</PROPERTY>\n                        <PROPERTY name=\"name\">mood_notes</PROPERTY>\n                        <PROPERTY name=\"class\">form-control</PROPERTY>\n                        <PROPERTY name=\"rows\">6</PROPERTY>\n                    </PROPERTIES>\n                <VALUE/></FIELD>\n                \n                <FIELD type=\"Header2\" label=\"Perception\"/>\n                \n                <FIELD id=\"CBAuditoryhallucination\" type=\"CheckBoxList\" label=\"Auditory hallucination\">\n                    <PROPERTIES>\n                        <PROPERTY name=\"name\">CBAuditoryhallucination[]</PROPERTY>\n                    </PROPERTIES>\n                    <LISTITEMS>\n                        <LISTITEM value=\"Elementary\" id=\"CBAuditoryhallucination1\" Selected=\"False\">Elementary</LISTITEM>\n                        <LISTITEM value=\"Commenting\" id=\"CBAuditoryhallucination2\" Selected=\"False\">Commenting</LISTITEM>\n                        <LISTITEM value=\"Derogatory (abusing)\" id=\"CBAuditoryhallucination3\" Selected=\"False\">Derogatory (abusing)</LISTITEM>\n                        <LISTITEM value=\"Threatening\" id=\"CBAuditoryhallucination4\" Selected=\"False\">Threatening</LISTITEM>\n                        <LISTITEM value=\"Commanding\" id=\"CBAuditoryhallucination5\" Selected=\"False\">Commanding</LISTITEM>\n                    </LISTITEMS>\n                </FIELD>\n                \n                <FIELD id=\"CBtype\" type=\"CheckBoxList\" label=\"Type\">\n                    <PROPERTIES>\n                        <PROPERTY name=\"name\">CBtype[]</PROPERTY>\n                    </PROPERTIES>\n                    <LISTITEMS>\n                        <LISTITEM value=\"2nd Person\" id=\"CBtype1\" Selected=\"False\">2nd Person</LISTITEM>\n                        <LISTITEM value=\"3rd Person\" id=\"CBtype2\" Selected=\"False\">3rd Person</LISTITEM>\n                    </LISTITEMS>\n                </FIELD>\n                \n                <FIELD id=\"CBOtherHallucinations\" type=\"CheckBoxList\" label=\"Other Hallucinations\">\n                    <PROPERTIES>\n                        <PROPERTY name=\"name\">CBOtherHallucinations[]</PROPERTY>\n                    </PROPERTIES>\n                    <LISTITEMS>\n                        <LISTITEM value=\"Visual\" id=\"CBOtherHallucinations1\" Selected=\"False\">Visual</LISTITEM>\n                        <LISTITEM value=\"Olfactory\" id=\"CBOtherHallucinations2\" Selected=\"False\">Olfactory</LISTITEM>\n                        <LISTITEM value=\"Tactile\" id=\"CBOtherHallucinations3\" Selected=\"False\">Tactile</LISTITEM>\n                        <LISTITEM value=\"Gustatory\" id=\"CBOtherHallucinations4\" Selected=\"False\">Gustatory</LISTITEM>\n                        <LISTITEM value=\"Hypnogogic\" id=\"CBOtherHallucinations5\" Selected=\"False\">Hypnogogic</LISTITEM>\n                        <LISTITEM value=\"Hypnopompic\" id=\"CBOtherHallucinations6\" Selected=\"False\">Hypnopompic</LISTITEM>\n                    </LISTITEMS>\n                </FIELD>\n                \n                <FIELD id=\"CBIllusion\" type=\"CheckBoxList\" label=\"Illusion\">\n                    <PROPERTIES>\n                        <PROPERTY name=\"name\">CBIllusion[]</PROPERTY>\n                    </PROPERTIES>\n                    <LISTITEMS>\n                        <LISTITEM value=\"Depersonalisation\" id=\"CBIllusion1\" Selected=\"False\">Depersonalisation</LISTITEM>\n                        <LISTITEM value=\"Derealisation\" id=\"CBIllusion2\" Selected=\"False\">Derealisation</LISTITEM>\n                    </LISTITEMS>\n                </FIELD>\n                \n                <FIELD id=\"Perception_notes\" type=\"textareaFull\" label=\"Notes\">\n                    <PROPERTIES>\n                        <PROPERTY name=\"id\">Perception_notes</PROPERTY>\n                        <PROPERTY name=\"name\">Perception_notes</PROPERTY>\n                        <PROPERTY name=\"class\">form-control</PROPERTY>\n                        <PROPERTY name=\"rows\">6</PROPERTY>\n                    </PROPERTIES>\n                <VALUE/></FIELD>\n                \n                <FIELD type=\"Header2\" label=\"Higher Mental Functions\"/>\n                \n                <FIELD id=\"RBAttension\" type=\"RadioButtonList\" label=\"Attension\">\n                    <PROPERTIES>\n                        <PROPERTY name=\"name\">RBAttension</PROPERTY>\n                    </PROPERTIES>\n                    <LISTITEMS>\n                        <LISTITEM value=\"Normally aroused\" id=\"RBAttension1\" Selected=\"False\">Normally aroused</LISTITEM>\n                        <LISTITEM value=\"Aroused with difficulty\" id=\"RBAttension2\" Selected=\"False\">Aroused with difficulty</LISTITEM>\n                    </LISTITEMS>\n                </FIELD>\n                \n                <FIELD id=\"RBConcentration\" type=\"RadioButtonList\" label=\"Concentration\">\n                    <PROPERTIES>\n                        <PROPERTY name=\"name\">RBConcentration</PROPERTY>\n                    </PROPERTIES>\n                    <LISTITEMS>\n                        <LISTITEM id=\"RBConcentration1\" value=\"Normally sustained\" Selected=\"False\">Normally sustained</LISTITEM>\n                        <LISTITEM id=\"RBConcentration2\" value=\"Sustained with difficulty\" Selected=\"False\">Sustained with difficulty</LISTITEM>\n                        <LISTITEM id=\"RBConcentration3\" value=\"Distracted\" Selected=\"False\">Distracted</LISTITEM>\n                    </LISTITEMS>\n                </FIELD>\n                \n                <FIELD id=\"RBOrientation\" type=\"RadioButtonList\" label=\"Orientation\" Backcontrols=\"hide\" Backdivid=\"divOrien\">\n                    <PROPERTIES>\n                        <PROPERTY name=\"name\">RBOrientation</PROPERTY>\n                    </PROPERTIES>\n                    <LISTITEMS>\n                        <LISTITEM id=\"RBOrientation1\" value=\"Oriented\" Selected=\"False\" onclick=\"OThersvisible(this.id,\'divOrien\',\'block\');\">Oriented</LISTITEM>\n                        <LISTITEM id=\"RBOrientation2\" value=\"Disoriented\" Selected=\"False\" onclick=\"OThersvisible(this.id,\'divOrien\',\'none\');\">Disoriented</LISTITEM>\n                    </LISTITEMS>\n                    <FIELD id=\"RBNatureofDelusion\" type=\"RadioButtonList\" label=\"Nature of Delusion\">\n                        <PROPERTIES>\n                            <PROPERTY name=\"name\">RBNatureofDelusion</PROPERTY>\n                        </PROPERTIES>\n                        <LISTITEMS>\n                            <LISTITEM id=\"RBNatureofDelusion1\" value=\"Thought\" Selected=\"False\">Thought</LISTITEM>\n                            <LISTITEM id=\"RBNatureofDelusion2\" value=\"Impulse\" Selected=\"False\">Impulse</LISTITEM>\n                            <LISTITEM id=\"RBNatureofDelusion3\" value=\"Images\" Selected=\"False\">Images</LISTITEM>\n                        </LISTITEMS>\n                    </FIELD>\n                </FIELD>\n                \n                <FIELD id=\"RBMemory\" type=\"RadioButtonList\" label=\"Memory\">\n                    <PROPERTIES>\n                        <PROPERTY name=\"name\">RBMemory</PROPERTY>\n                    </PROPERTIES>\n                </FIELD>\n                \n                <FIELD id=\"RBImmediate\" type=\"RadioButtonList\" label=\"Immediate\">\n                    <PROPERTIES>\n                        <PROPERTY name=\"name\">RBImmediate</PROPERTY>\n                    </PROPERTIES>\n                    <LISTITEMS>\n                        <LISTITEM value=\"Intact\" id=\"RBImmediate1\" Selected=\"False\">Intact</LISTITEM>\n                        <LISTITEM value=\"Impaired\" id=\"RBImmediate2\" Selected=\"False\">Impaired</LISTITEM>\n                    </LISTITEMS>\n                </FIELD>\n                \n                <FIELD id=\"RBRecent\" type=\"RadioButtonList\" label=\"Recent\">\n                    <PROPERTIES>\n                        <PROPERTY name=\"name\">RBRecent</PROPERTY>\n                    </PROPERTIES>\n                    <LISTITEMS>\n                        <LISTITEM value=\"Intact\" id=\"RBRecent1\" Selected=\"False\">Intact</LISTITEM>\n                        <LISTITEM value=\"Impaired\" id=\"RBRecent2\" Selected=\"False\">Impaired</LISTITEM>\n                    </LISTITEMS>\n                </FIELD>\n                \n                <FIELD id=\"RBRemote\" type=\"RadioButtonList\" label=\"Remote\">\n                    <PROPERTIES>\n                        <PROPERTY name=\"name\">RBRemote</PROPERTY>\n                    </PROPERTIES>\n                    <LISTITEMS>\n                        <LISTITEM value=\"Intact\" id=\"RBRemote1\" Selected=\"False\">Intact</LISTITEM>\n                        <LISTITEM value=\"Impaired\" id=\"RBRemote2\" Selected=\"False\">Impaired</LISTITEM>\n                    </LISTITEMS>\n                </FIELD>\n                \n                <FIELD id=\"RBIntelligence\" type=\"RadioButtonList\" label=\"Intelligence\">\n                    <PROPERTIES>\n                        <PROPERTY name=\"name\">RBIntelligence</PROPERTY>\n                    </PROPERTIES>\n                    <LISTITEMS>\n                        <LISTITEM value=\"Average\" id=\"RBIntelligence1\" Selected=\"False\">Average</LISTITEM>\n                        <LISTITEM value=\"Above average\" id=\"RBIntelligence2\" Selected=\"False\">Above average</LISTITEM>\n                        <LISTITEM value=\"Below average\" id=\"RBIntelligence3\" Selected=\"False\">Below average</LISTITEM>\n                    </LISTITEMS>\n                </FIELD>\n                \n                <FIELD id=\"RBAbstraction\" type=\"RadioButtonList\" label=\"Abstraction\">\n                    <PROPERTIES>\n                        <PROPERTY name=\"name\">RBAbstraction</PROPERTY>\n                    </PROPERTIES>\n                    <LISTITEMS>\n                        <LISTITEM value=\"Adequate\" id=\"RBAbstraction1\" Selected=\"False\">Adequate</LISTITEM>\n                        <LISTITEM value=\"Inadequate\" id=\"RBAbstraction2\" Selected=\"False\">Inadequate</LISTITEM>\n                    </LISTITEMS>\n                </FIELD>\n                \n                <FIELD id=\"RBJudgement\" type=\"RadioButtonList\" label=\"Judgement\">\n                    <PROPERTIES>\n                        <PROPERTY name=\"name\">RBJudgement</PROPERTY>\n                    </PROPERTIES>\n                </FIELD>\n                \n                <FIELD id=\"RBPersonal\" type=\"RadioButtonList\" label=\"Personal\">\n                    <PROPERTIES>\n                        <PROPERTY name=\"name\">RBPersonal</PROPERTY>\n                    </PROPERTIES>\n                    <LISTITEMS>\n                        <LISTITEM value=\"Intact\" id=\"RBPersonal1\" Selected=\"False\">Intact</LISTITEM>\n                        <LISTITEM value=\"Impaired\" id=\"RBPersonal2\" Selected=\"False\">Impaired</LISTITEM>\n                    </LISTITEMS>\n                </FIELD>\n                \n                <FIELD id=\"RBSocial\" type=\"RadioButtonList\" label=\"Social\">\n                    <PROPERTIES>\n                        <PROPERTY name=\"name\">RBSocial</PROPERTY>\n                    </PROPERTIES>\n                    <LISTITEMS>\n                        <LISTITEM value=\"Intact\" id=\"RBSocial1\" Selected=\"False\">Intact</LISTITEM>\n                        <LISTITEM value=\"Impaired\" id=\"RBSocial2\" Selected=\"False\">Impaired</LISTITEM>\n                    </LISTITEMS>\n                </FIELD>\n                \n                <FIELD id=\"RBTest\" type=\"RadioButtonList\" label=\"Test\">\n                    <PROPERTIES>\n                        <PROPERTY name=\"name\">RBTest</PROPERTY>\n                    </PROPERTIES>\n                    <LISTITEMS>\n                        <LISTITEM value=\"Intact\" id=\"RBTest1\" Selected=\"False\">Intact</LISTITEM>\n                        <LISTITEM value=\"Impaired\" id=\"RBTest2\" Selected=\"False\">Impaired</LISTITEM>\n                    </LISTITEMS>\n                </FIELD>\n                \n                <FIELD id=\"DDLInsight\" type=\"DropDownList\" label=\"Insight\">\n                    <PROPERTIES>\n                        <PROPERTY name=\"id\">DDLInsight</PROPERTY>\n                        <PROPERTY name=\"name\">DDLInsight</PROPERTY>\n                        <PROPERTY name=\"class\">form-control</PROPERTY>\n                    </PROPERTIES>\n                    <LISTITEMS>\n                        <LISTITEM id=\"DDLInsight1\" value=\"--Select--\" Selected=\"true\">--Select--</LISTITEM>\n                        <LISTITEM id=\"DDLInsight2\" value=\"Grade I - Complete denial\" Selected=\"false\">Grade I - Complete denial</LISTITEM>\n                        <LISTITEM id=\"DDLInsight3\" value=\"Grade II - Slight awareness\" Selected=\"false\">Grade II - Slight awareness</LISTITEM>\n                        <LISTITEM id=\"DDLInsight4\" value=\"Grade III - Awareness attributing to external factors\" Selected=\"false\">Grade III - Awareness attributing to external factors</LISTITEM>\n                        <LISTITEM id=\"DDLInsight5\" value=\"Grade IV - Awareness unknown to himself\" Selected=\"false\">Grade IV - Awareness unknown to himself</LISTITEM>\n                        <LISTITEM id=\"DDLInsight6\" value=\"Grade V - Intellactual insight\" Selected=\"false\">Grade V - Intellactual insight</LISTITEM>\n                        <LISTITEM id=\"DDLInsight7\" value=\"Grade VI - Emotional insight\" Selected=\"false\">Grade VI - Emotional insight</LISTITEM>\n                    </LISTITEMS>\n                </FIELD>\n                \n                <FIELD id=\"RBKnowledgeaboutmentalillness\" type=\"RadioButtonList\" label=\"Knowledge about mental illness\">\n                    <PROPERTIES>\n                        <PROPERTY name=\"name\">RBKnowledgeaboutmentalillness</PROPERTY>\n                    </PROPERTIES>\n                    <LISTITEMS>\n                        <LISTITEM id=\"RBKnowledgeaboutmentalillness1\" value=\"Adequate\" Selected=\"False\">Adequate</LISTITEM>\n                        <LISTITEM id=\"RBKnowledgeaboutmentalillness2\" value=\"Partial\" Selected=\"False\">Partial</LISTITEM>\n                        <LISTITEM id=\"RBKnowledgeaboutmentalillness3\" value=\"Inadequate\" Selected=\"False\">Inadequate</LISTITEM>\n                    </LISTITEMS>\n                </FIELD>\n                \n                <FIELD id=\"RBAttitudeillness\" type=\"RadioButtonList\" label=\"Attitude towards illness  &amp; treatment\">\n                    <PROPERTIES>\n                        <PROPERTY name=\"name\">RBAttitudeillness</PROPERTY>\n                    </PROPERTIES>\n                    <LISTITEMS>\n                        <LISTITEM value=\"Hostile\" id=\"RBAttitudeillness1\" Selected=\"False\">Hostile</LISTITEM>\n                        <LISTITEM value=\"Indifferent\" id=\"RBAttitudeillness2\" Selected=\"False\">Indifferent</LISTITEM>\n                        <LISTITEM value=\"Concerned\" id=\"RBAttitudeillness3\" Selected=\"False\">Concerned</LISTITEM>\n                    </LISTITEMS>\n                </FIELD>\n                \n                <FIELD id=\"higher_mental_notes\" type=\"textareaFull\" label=\"Notes\">\n                    <PROPERTIES>\n                        <PROPERTY name=\"id\">higher_mental_notes</PROPERTY>\n                        <PROPERTY name=\"name\">higher_mental_notes</PROPERTY>\n                        <PROPERTY name=\"class\">form-control</PROPERTY>\n                        <PROPERTY name=\"rows\">6</PROPERTY>\n                    </PROPERTIES>\n                <VALUE/></FIELD>\n            </FIELD>\n        </PANELBODY>\n    </GROUP>\n    \n    <GROUP>\n        <PANELHEADER>\n            <PROPERTIES>\n                <PROPERTY name=\"class\">panel-heading bg-default</PROPERTY>\n            </PROPERTIES>\n            <VALUE>Diagnosis</VALUE>\n        </PANELHEADER>\n        <PANELBODY>\n            <FIELD id=\"txtDiagnosis\" type=\"TextBox\" label=\"Diagnosis\">\n                <PROPERTIES>\n                    <PROPERTY name=\"id\">txtDiagnosis</PROPERTY>\n                    <PROPERTY name=\"name\">txtDiagnosis</PROPERTY>\n                    <PROPERTY name=\"class\">form-control</PROPERTY>\n                <PROPERTY name=\"value\"/></PROPERTIES>\n            </FIELD>\n            \n            <FIELD type=\"Header2\" label=\"DSM -IV TR\"/>\n            \n            <FIELD id=\"txtAxis1\" type=\"TextBox\" label=\"Axis 1\">\n                <PROPERTIES>\n                    <PROPERTY name=\"id\">txtAxis1</PROPERTY>\n                    <PROPERTY name=\"name\">txtAxis1</PROPERTY>\n                    <PROPERTY name=\"class\">form-control</PROPERTY>\n                <PROPERTY name=\"value\"/></PROPERTIES>\n            </FIELD>\n            <FIELD id=\"txtAxis2\" type=\"TextBox\" label=\"Axis 2\">\n                <PROPERTIES>\n                    <PROPERTY name=\"id\">txtAxis2</PROPERTY>\n                    <PROPERTY name=\"name\">txtAxis2</PROPERTY>\n                    <PROPERTY name=\"class\">form-control</PROPERTY>\n                <PROPERTY name=\"value\"/></PROPERTIES>\n            </FIELD>\n            <FIELD id=\"txtAxis3\" type=\"TextBox\" label=\"Axis 3\">\n                <PROPERTIES>\n                    <PROPERTY name=\"id\">txtAxis3</PROPERTY>\n                    <PROPERTY name=\"name\">txtAxis3</PROPERTY>\n                    <PROPERTY name=\"class\">form-control</PROPERTY>\n                <PROPERTY name=\"value\"/></PROPERTIES>\n            </FIELD>\n            <FIELD id=\"txtAxis4\" type=\"TextBox\" label=\"Axis 4\">\n                <PROPERTIES>\n                    <PROPERTY name=\"id\">txtAxis4</PROPERTY>\n                    <PROPERTY name=\"name\">txtAxis4</PROPERTY>\n                    <PROPERTY name=\"class\">form-control</PROPERTY>\n                <PROPERTY name=\"value\"/></PROPERTIES>\n            </FIELD>\n            <FIELD id=\"txtAxis5\" type=\"TextBox\" label=\"Axis 5\">\n                <PROPERTIES>\n                    <PROPERTY name=\"id\">txtAxis5</PROPERTY>\n                    <PROPERTY name=\"name\">txtAxis5</PROPERTY>\n                    <PROPERTY name=\"class\">form-control</PROPERTY>\n                <PROPERTY name=\"value\"/></PROPERTIES>\n            </FIELD>\n        </PANELBODY>\n    </GROUP>\n</FIELDS>\n','1',74,'2016-06-21 16:17:22',74,'2016-06-21 16:17:22','0000-00-00 00:00:00');

/*Table structure for table `pat_encounter` */

DROP TABLE IF EXISTS `pat_encounter`;

CREATE TABLE `pat_encounter` (
  `encounter_id` int(11) NOT NULL AUTO_INCREMENT,
  `tenant_id` int(11) NOT NULL,
  `patient_id` int(11) NOT NULL,
  `encounter_type` varchar(5) NOT NULL,
  `encounter_date` timestamp NOT NULL DEFAULT '0000-00-00 00:00:00',
  `inactive_date` timestamp NULL DEFAULT NULL,
  `bill_no` varchar(30) DEFAULT NULL,
  `finalize` tinyint(1) NOT NULL DEFAULT '0',
  `authorize` tinyint(1) NOT NULL DEFAULT '0',
  `discharge` tinyint(1) NOT NULL DEFAULT '0',
  `casesheet_no` varchar(50) NOT NULL,
  `concession_amount` decimal(10,2) DEFAULT '0.00',
  `status` enum('0','1') DEFAULT '1' COMMENT 'Status common for OP Seen & IP Discharge',
  `bill_notes` text,
  `created_by` int(11) NOT NULL,
  `created_at` timestamp NOT NULL DEFAULT CURRENT_TIMESTAMP,
  `modified_by` int(11) DEFAULT NULL,
  `modified_at` timestamp NULL DEFAULT NULL,
  `deleted_at` timestamp NULL DEFAULT '0000-00-00 00:00:00',
  PRIMARY KEY (`encounter_id`),
  KEY `FK_pat_encounter_tenant` (`tenant_id`),
  KEY `FK_pat_encounter_patient` (`patient_id`),
  CONSTRAINT `FK_pat_encounter_patient` FOREIGN KEY (`patient_id`) REFERENCES `pat_patient` (`patient_id`) ON DELETE CASCADE ON UPDATE CASCADE,
  CONSTRAINT `FK_pat_encounter_tenant` FOREIGN KEY (`tenant_id`) REFERENCES `co_tenant` (`tenant_id`) ON DELETE CASCADE ON UPDATE CASCADE
) ENGINE=InnoDB AUTO_INCREMENT=59 DEFAULT CHARSET=latin1;

/*Data for the table `pat_encounter` */

insert  into `pat_encounter`(`encounter_id`,`tenant_id`,`patient_id`,`encounter_type`,`encounter_date`,`inactive_date`,`bill_no`,`finalize`,`authorize`,`discharge`,`casesheet_no`,`concession_amount`,`status`,`bill_notes`,`created_by`,`created_at`,`modified_by`,`modified_at`,`deleted_at`) values (1,1,1,'OP','2016-06-21 00:00:00',NULL,NULL,0,0,0,'12','0.00','0',NULL,74,'2016-06-21 15:51:30',74,'2016-06-24 13:00:25','0000-00-00 00:00:00'),(2,1,1,'OP','2016-06-24 00:00:00',NULL,NULL,0,0,0,'12','0.00','0',NULL,74,'2016-06-24 13:06:18',74,'2016-06-24 18:01:56','0000-00-00 00:00:00'),(3,1,1,'IP','2016-06-24 18:06:19',NULL,'AH0000001',0,0,0,'12','0.00','0',NULL,74,'2016-06-24 18:06:30',74,'2016-06-24 18:34:37','0000-00-00 00:00:00'),(4,1,1,'OP','2016-06-24 00:00:00',NULL,NULL,0,0,0,'12','0.00','0',NULL,74,'2016-06-24 18:35:00',74,'2016-06-27 13:10:40','0000-00-00 00:00:00'),(5,1,1,'OP','2016-06-27 00:00:00',NULL,NULL,0,0,0,'12','0.00','0',NULL,74,'2016-06-27 15:54:30',74,'2016-06-27 15:55:07','0000-00-00 00:00:00'),(6,1,1,'OP','2016-06-27 00:00:00',NULL,NULL,0,0,0,'12','0.00','0',NULL,74,'2016-06-27 15:55:26',74,'2016-06-27 15:55:57','0000-00-00 00:00:00'),(7,1,1,'IP','2016-06-27 19:16:04',NULL,'AH0000011',0,0,0,'12','0.00','0',NULL,74,'2016-06-27 19:16:14',74,'2016-06-28 12:54:36','0000-00-00 00:00:00'),(8,1,1,'OP','2016-06-28 00:00:00',NULL,NULL,0,0,0,'12','0.00','0',NULL,74,'2016-06-28 12:55:26',74,'2016-06-28 16:13:35','0000-00-00 00:00:00'),(9,1,1,'IP','2016-06-28 16:13:41',NULL,'AH0000012',0,0,0,'13','0.00','0',NULL,74,'2016-06-28 16:13:52',74,'2016-06-28 19:23:37','0000-00-00 00:00:00'),(10,1,3,'OP','2016-06-28 00:00:00',NULL,NULL,0,0,0,'AH0000001','0.00','0',NULL,74,'2016-06-28 17:10:35',74,'2016-06-28 17:10:54','0000-00-00 00:00:00'),(11,1,3,'OP','2016-06-28 00:00:00',NULL,NULL,0,0,0,'AH0000001','0.00','0',NULL,74,'2016-06-28 19:17:35',74,'2016-06-28 19:17:52','0000-00-00 00:00:00'),(12,1,3,'OP','2016-06-28 00:00:00',NULL,NULL,0,0,0,'AH0000001','0.00','0',NULL,74,'2016-06-28 19:52:35',74,'2016-06-28 19:53:41','0000-00-00 00:00:00'),(13,1,3,'OP','2016-06-28 00:00:00',NULL,NULL,0,0,0,'AH0000001','0.00','0',NULL,74,'2016-06-28 20:10:52',74,'2016-06-28 20:13:37','0000-00-00 00:00:00'),(14,1,3,'OP','2016-06-28 00:00:00',NULL,NULL,0,0,0,'AH0000001','0.00','0',NULL,74,'2016-06-28 20:14:31',74,'2016-06-28 20:14:53','0000-00-00 00:00:00'),(15,1,3,'OP','2016-06-28 00:00:00',NULL,NULL,0,0,0,'AH0000001','0.00','0',NULL,74,'2016-06-28 20:16:11',74,'2016-06-28 20:16:56','0000-00-00 00:00:00'),(16,1,3,'OP','2016-06-28 00:00:00',NULL,NULL,0,0,0,'AH0000001','0.00','0',NULL,74,'2016-06-28 20:19:13',74,'2016-06-28 20:19:32','0000-00-00 00:00:00'),(17,1,3,'OP','2016-06-28 00:00:00',NULL,NULL,0,0,0,'AH0000001','0.00','0',NULL,74,'2016-06-28 20:20:19',74,'2016-06-28 20:20:38','0000-00-00 00:00:00'),(18,1,3,'OP','2016-06-28 00:00:00',NULL,NULL,0,0,0,'AH0000001','0.00','0',NULL,74,'2016-06-28 20:21:04',74,'2016-06-28 20:21:52','0000-00-00 00:00:00'),(19,1,3,'OP','2016-06-28 00:00:00',NULL,NULL,0,0,0,'AH0000001','0.00','0',NULL,74,'2016-06-28 20:22:27',74,'2016-06-29 10:42:59','0000-00-00 00:00:00'),(20,1,1,'OP','2016-06-28 00:00:00',NULL,NULL,0,0,0,'13','0.00','0',NULL,74,'2016-06-28 20:31:09',74,'2016-06-28 20:31:37','0000-00-00 00:00:00'),(21,1,1,'OP','2016-06-28 00:00:00',NULL,NULL,0,0,0,'13','0.00','0',NULL,74,'2016-06-28 20:32:03',74,'2016-06-28 20:32:30','0000-00-00 00:00:00'),(22,1,1,'OP','2016-06-28 00:00:00',NULL,NULL,0,0,0,'13','0.00','0',NULL,74,'2016-06-28 20:33:06',74,'2016-06-28 20:33:22','0000-00-00 00:00:00'),(23,1,1,'OP','2016-06-29 00:00:00',NULL,NULL,0,0,0,'13','0.00','0',NULL,74,'2016-06-29 10:42:31',74,'2016-06-29 10:53:21','0000-00-00 00:00:00'),(24,1,1,'OP','2016-06-29 00:00:00',NULL,NULL,0,0,0,'13','0.00','0',NULL,74,'2016-06-29 10:55:42',74,'2016-06-29 10:56:06','0000-00-00 00:00:00'),(25,1,1,'OP','2016-06-29 00:00:00',NULL,NULL,0,0,0,'13','0.00','0',NULL,74,'2016-06-29 10:56:36',74,'2016-06-29 10:58:05','0000-00-00 00:00:00'),(26,1,1,'OP','2016-07-01 00:00:00',NULL,NULL,0,0,0,'13','0.00','0',NULL,74,'2016-06-29 11:09:48',74,'2016-06-29 12:05:27','0000-00-00 00:00:00'),(27,1,1,'IP','2016-06-29 12:05:29',NULL,'AH0000013',0,0,0,'13','0.00','0',NULL,74,'2016-06-29 12:05:40',74,'2016-06-29 18:11:46','0000-00-00 00:00:00'),(28,1,3,'IP','2016-06-29 12:08:31',NULL,'AH0000014',0,0,0,'AH0000001','0.00','0',NULL,74,'2016-06-29 12:08:41',74,'2016-07-01 12:09:50','0000-00-00 00:00:00'),(29,1,1,'OP','2016-06-29 00:00:00',NULL,NULL,0,0,0,'13','0.00','0',NULL,74,'2016-06-29 18:11:57',74,'2016-06-30 11:58:43','0000-00-00 00:00:00'),(30,1,1,'OP','2016-06-30 00:00:00',NULL,NULL,0,0,0,'13','0.00','0',NULL,74,'2016-06-30 11:58:53',74,'2016-06-30 16:34:50','0000-00-00 00:00:00'),(31,1,1,'IP','2016-06-30 16:34:56',NULL,'AH0000015',0,0,0,'13','0.00','0',NULL,74,'2016-06-30 16:35:07',74,'2016-06-30 16:42:55','0000-00-00 00:00:00'),(32,1,1,'OP','2016-06-30 00:00:00',NULL,NULL,0,0,0,'13','0.00','0',NULL,74,'2016-06-30 16:43:03',74,'2016-06-30 18:55:43','0000-00-00 00:00:00'),(33,1,1,'IP','2016-06-30 18:55:57',NULL,'AH0000016',0,0,0,'13','0.00','0',NULL,74,'2016-06-30 18:56:06',74,'2016-07-01 15:23:52','0000-00-00 00:00:00'),(34,1,1,'OP','2016-07-01 00:00:00',NULL,NULL,0,0,0,'13','0.00','0',NULL,74,'2016-07-01 15:23:58',74,'2016-07-01 16:24:23','0000-00-00 00:00:00'),(35,1,3,'IP','2016-07-01 15:29:27',NULL,'AH0000025',0,0,0,'AH0000001','0.00','0',NULL,74,'2016-07-01 15:29:36',74,'2016-07-01 15:30:16','0000-00-00 00:00:00'),(36,1,3,'OP','2016-07-01 00:00:00',NULL,NULL,0,0,0,'AH0000001','0.00','0',NULL,74,'2016-07-01 15:30:24',74,'2016-07-01 16:24:23','0000-00-00 00:00:00'),(37,1,2,'OP','2016-07-22 00:00:00',NULL,NULL,0,0,0,'123','0.00','0',NULL,74,'2016-07-01 15:34:34',74,'2016-07-01 19:10:03','0000-00-00 00:00:00'),(38,1,1,'IP','2016-07-01 16:24:37',NULL,'AH0000026',0,0,0,'13','0.00','0',NULL,74,'2016-07-01 16:24:46',74,'2016-07-04 16:14:22','0000-00-00 00:00:00'),(39,1,3,'IP','2016-07-01 16:24:56',NULL,'AH0000027',0,0,0,'AH0000001','0.00','0',NULL,74,'2016-07-01 16:25:05',74,'2016-07-02 16:48:54','0000-00-00 00:00:00'),(40,1,4,'OP','2016-07-01 00:00:00',NULL,NULL,0,0,0,'AH0000002','0.00','0','AAAAsdfsfSasdsf',74,'2016-07-01 16:35:54',74,'2016-07-05 11:21:58','0000-00-00 00:00:00'),(41,1,4,'OP','2016-07-22 00:00:00',NULL,NULL,0,0,0,'AH0000002','0.00','0',NULL,74,'2016-07-01 18:16:01',74,'2016-07-04 10:43:44','0000-00-00 00:00:00'),(42,1,2,'OP','2016-07-01 00:00:00',NULL,NULL,0,0,0,'123','0.00','0',NULL,74,'2016-07-01 19:10:09',74,'2016-07-01 19:13:05','0000-00-00 00:00:00'),(43,1,2,'OP','2016-07-30 00:00:00',NULL,NULL,0,0,0,'123','0.00','1',NULL,74,'2016-07-01 19:13:14',74,'2016-07-01 19:13:14','0000-00-00 00:00:00'),(44,1,3,'IP','2016-07-02 16:49:04',NULL,'AH0000028',0,0,0,'AH0000001','0.00','0',NULL,74,'2016-07-02 16:49:14',74,'2016-07-04 10:44:54','0000-00-00 00:00:00'),(45,1,4,'IP','2016-07-04 10:45:07',NULL,'AH0000030',74,74,74,'AH0000002','0.00','0','AAAAAAAAAAAAAA',74,'2016-07-04 10:45:17',74,'2016-07-05 11:24:02','0000-00-00 00:00:00'),(46,1,1,'IP','2016-07-04 16:14:50',NULL,NULL,0,0,0,'13','0.00','0',NULL,74,'2016-07-04 16:15:00',74,'2016-07-04 16:31:24','0000-00-00 00:00:00'),(47,1,1,'IP','2016-07-04 16:43:51',NULL,NULL,0,0,0,'13','0.00','0',NULL,74,'2016-07-04 16:44:02',74,'2016-07-04 16:44:28','0000-00-00 00:00:00'),(48,1,1,'OP','2016-07-04 00:00:00',NULL,NULL,0,0,0,'13','0.00','0',NULL,74,'2016-07-04 16:44:35',74,'2016-07-06 12:16:49','0000-00-00 00:00:00'),(49,1,4,'IP','2016-07-03 04:10:00',NULL,'AH0000033',74,74,74,'AH0000002','0.00','0',NULL,74,'2016-07-05 15:15:41',74,'2016-07-05 15:17:21','0000-00-00 00:00:00'),(50,1,4,'OP','2016-07-05 00:00:00',NULL,NULL,0,0,0,'AH0000002','0.00','0',NULL,74,'2016-07-05 18:18:34',74,'2016-07-08 12:55:19','0000-00-00 00:00:00'),(51,1,1,'IP','2016-07-06 12:16:53',NULL,'AH0000034',74,74,74,'13','0.00','0',NULL,74,'2016-07-06 12:17:05',74,'2016-07-06 17:45:56','0000-00-00 00:00:00'),(52,1,1,'IP','2016-07-07 10:41:15',NULL,'AH0000035',74,0,0,'13','0.00','1',NULL,74,'2016-07-07 10:41:30',74,'2016-07-07 16:29:12','0000-00-00 00:00:00'),(53,1,3,'OP','2016-07-23 00:00:00',NULL,NULL,0,0,0,'AH0000001','0.00','1',NULL,74,'2016-07-08 12:59:16',74,'2016-07-08 12:59:16','0000-00-00 00:00:00'),(54,1,4,'OP','2016-07-16 00:00:00',NULL,NULL,0,0,0,'AH0000002','0.00','0',NULL,74,'2016-07-08 13:00:52',74,'2016-07-14 10:44:21','0000-00-00 00:00:00'),(55,1,4,'OP','2016-07-14 00:00:00',NULL,NULL,0,0,0,'AH0000002','0.00','0',NULL,74,'2016-07-14 10:58:20',74,'2016-07-14 11:03:45','0000-00-00 00:00:00'),(56,1,4,'OP','2016-07-15 00:00:00',NULL,NULL,0,0,0,'AH0000002','0.00','1',NULL,74,'2016-07-15 10:56:51',74,'2016-07-15 10:56:51','0000-00-00 00:00:00'),(57,1,5,'OP','2016-07-15 00:00:00',NULL,NULL,0,0,0,'AH0000003','0.00','1',NULL,74,'2016-07-15 10:57:09',74,'2016-07-15 10:57:09','0000-00-00 00:00:00'),(58,1,6,'OP','2016-07-15 00:00:00',NULL,NULL,0,0,0,'AH0000004','0.00','1',NULL,74,'2016-07-15 10:58:28',74,'2016-07-15 10:58:28','0000-00-00 00:00:00');

/*Table structure for table `pat_notes` */

DROP TABLE IF EXISTS `pat_notes`;

CREATE TABLE `pat_notes` (
  `pat_note_id` int(11) NOT NULL AUTO_INCREMENT,
  `tenant_id` int(11) NOT NULL,
  `encounter_id` int(11) NOT NULL,
  `patient_id` int(11) NOT NULL,
  `notes` text NOT NULL,
  `status` enum('0','1') DEFAULT '1',
  `created_by` int(11) NOT NULL,
  `created_at` timestamp NOT NULL DEFAULT CURRENT_TIMESTAMP,
  `modified_by` int(11) DEFAULT NULL,
  `modified_at` timestamp NULL DEFAULT NULL,
  `deleted_at` timestamp NULL DEFAULT '0000-00-00 00:00:00',
  PRIMARY KEY (`pat_note_id`),
  KEY `FK_pat_notes_tenant` (`tenant_id`),
  KEY `FK_pat_notes_patient` (`patient_id`),
  KEY `FK_pat_notes_encounter` (`encounter_id`),
  CONSTRAINT `FK_pat_notes_encounter` FOREIGN KEY (`encounter_id`) REFERENCES `pat_encounter` (`encounter_id`) ON DELETE CASCADE ON UPDATE CASCADE,
  CONSTRAINT `FK_pat_notes_patient` FOREIGN KEY (`patient_id`) REFERENCES `pat_patient` (`patient_id`) ON DELETE CASCADE ON UPDATE CASCADE,
  CONSTRAINT `FK_pat_notes_tenant` FOREIGN KEY (`tenant_id`) REFERENCES `co_tenant` (`tenant_id`) ON DELETE CASCADE ON UPDATE CASCADE
) ENGINE=InnoDB AUTO_INCREMENT=14 DEFAULT CHARSET=latin1;

/*Data for the table `pat_notes` */

insert  into `pat_notes`(`pat_note_id`,`tenant_id`,`encounter_id`,`patient_id`,`notes`,`status`,`created_by`,`created_at`,`modified_by`,`modified_at`,`deleted_at`) values (1,1,2,1,'sssssssssssssss','1',74,'2016-06-24 16:33:03',21,'2016-06-24 16:33:03','2016-06-24 17:00:37'),(2,1,2,1,'AAAAAAAAAAAAAA','1',74,'2016-06-24 17:01:00',21,'2016-06-24 17:01:00','2016-06-24 17:09:06'),(3,1,2,1,'AAAAAAAAAAAAAA','1',74,'2016-06-24 17:09:11',74,'2016-06-24 17:09:11','0000-00-00 00:00:00'),(4,1,2,1,'BBBBBBBBBBBBBBBB','1',74,'2016-06-24 17:09:28',21,'2016-06-24 17:09:28','2016-06-24 17:09:40'),(5,1,3,1,'Tes','1',74,'2016-06-24 18:28:47',74,'2016-06-24 18:28:47','0000-00-00 00:00:00'),(6,1,3,1,'fdsfs','1',74,'2016-06-24 18:28:57',74,'2016-06-24 18:28:57','0000-00-00 00:00:00'),(7,1,3,1,'This for testing','1',74,'2016-06-24 18:29:03',74,'2016-06-24 18:29:03','0000-00-00 00:00:00'),(8,1,3,1,'Thanks for your response','1',74,'2016-06-24 18:29:16',74,'2016-06-24 18:29:16','0000-00-00 00:00:00'),(9,1,3,1,'Bye','1',74,'2016-06-24 18:29:27',74,'2016-06-24 18:29:27','0000-00-00 00:00:00'),(10,1,3,1,'aaaaaaa','1',74,'2016-06-24 18:31:44',74,'2016-06-24 18:31:44','0000-00-00 00:00:00'),(11,1,39,3,'Test','1',74,'2016-07-01 11:01:34',74,'2016-07-02 11:01:34','0000-00-00 00:00:00'),(12,1,39,3,'TEssssssssss','1',74,'2016-07-02 11:01:50',74,'2016-07-02 11:01:50','0000-00-00 00:00:00'),(13,1,45,4,'rr','1',74,'2016-07-04 15:52:20',74,'2016-07-04 15:52:20','0000-00-00 00:00:00');

/*Table structure for table `pat_notes_users` */

DROP TABLE IF EXISTS `pat_notes_users`;

CREATE TABLE `pat_notes_users` (
  `vital_note_id` int(11) NOT NULL AUTO_INCREMENT,
  `tenant_id` int(11) NOT NULL,
  `note_id` int(11) NOT NULL,
  `user_id` int(11) NOT NULL,
  `patient_id` int(11) NOT NULL,
  `seen` enum('0','1') NOT NULL DEFAULT '0',
  `created_by` int(11) NOT NULL,
  `created_at` timestamp NOT NULL DEFAULT CURRENT_TIMESTAMP,
  `modified_by` int(11) DEFAULT NULL,
  `modified_at` timestamp NULL DEFAULT NULL,
  `deleted_at` timestamp NULL DEFAULT '0000-00-00 00:00:00',
  PRIMARY KEY (`vital_note_id`),
  KEY `FK_pat_vitals_users_user` (`user_id`),
  KEY `FK_pat_vitals_users_vitals` (`note_id`),
  KEY `FK_pat_vitals_users_tenant` (`tenant_id`),
  CONSTRAINT `FK_pat_notes_users_note` FOREIGN KEY (`note_id`) REFERENCES `pat_notes` (`pat_note_id`) ON DELETE CASCADE ON UPDATE CASCADE,
  CONSTRAINT `FK_pat_notes_users_tenant` FOREIGN KEY (`tenant_id`) REFERENCES `co_tenant` (`tenant_id`) ON DELETE CASCADE ON UPDATE CASCADE,
  CONSTRAINT `FK_pat_notes_users_user` FOREIGN KEY (`user_id`) REFERENCES `co_user` (`user_id`) ON DELETE CASCADE ON UPDATE CASCADE
) ENGINE=InnoDB DEFAULT CHARSET=latin1;

/*Data for the table `pat_notes_users` */

/*Table structure for table `pat_patient` */

DROP TABLE IF EXISTS `pat_patient`;

CREATE TABLE `pat_patient` (
  `patient_id` int(11) NOT NULL AUTO_INCREMENT,
  `patient_global_guid` varchar(50) NOT NULL,
  `patient_guid` varchar(50) CHARACTER SET latin1 NOT NULL,
  `casesheetno` int(11) DEFAULT NULL,
  `patient_int_code` varchar(30) CHARACTER SET latin1 NOT NULL,
  `tenant_id` int(11) NOT NULL,
  `patient_reg_date` timestamp NOT NULL DEFAULT '0000-00-00 00:00:00',
  `patient_title_code` varchar(10) CHARACTER SET latin1 NOT NULL,
  `patient_firstname` varchar(50) CHARACTER SET latin1 NOT NULL,
  `patient_lastname` varchar(50) CHARACTER SET latin1 DEFAULT NULL,
  `patient_relation_code` varchar(2) CHARACTER SET latin1 DEFAULT NULL,
  `patient_relation_name` varchar(50) CHARACTER SET latin1 DEFAULT NULL,
  `patient_care_taker` int(11) DEFAULT NULL,
  `patient_care_taker_name` varchar(50) CHARACTER SET latin1 DEFAULT NULL,
  `patient_dob` date DEFAULT NULL,
  `patient_gender` varchar(2) CHARACTER SET latin1 NOT NULL,
  `patient_marital_status` varchar(2) CHARACTER SET latin1 DEFAULT NULL,
  `patient_occupation` varchar(50) CHARACTER SET latin1 DEFAULT NULL,
  `patient_blood_group` varchar(5) CHARACTER SET latin1 DEFAULT NULL,
  `patient_category_id` int(11) DEFAULT NULL,
  `patient_email` varchar(50) CHARACTER SET latin1 DEFAULT NULL,
  `patient_reg_mode` varchar(2) CHARACTER SET latin1 NOT NULL,
  `patient_type` varchar(2) CHARACTER SET latin1 DEFAULT NULL,
  `patient_ref_hospital` varchar(255) CHARACTER SET latin1 DEFAULT NULL,
  `patient_ref_id` varchar(50) CHARACTER SET latin1 DEFAULT NULL,
  `patient_mobile` varchar(50) CHARACTER SET latin1 DEFAULT NULL,
  `patient_secondary_contact` varchar(50) DEFAULT NULL,
  `patient_bill_type` varchar(2) CHARACTER SET latin1 DEFAULT NULL,
  `patient_image` longblob,
  `status` enum('0','1') CHARACTER SET latin1 DEFAULT '1',
  `created_by` int(11) NOT NULL,
  `created_at` timestamp NOT NULL DEFAULT CURRENT_TIMESTAMP,
  `modified_by` int(11) DEFAULT NULL,
  `modified_at` timestamp NULL DEFAULT NULL,
  `deleted_at` timestamp NULL DEFAULT '0000-00-00 00:00:00',
  PRIMARY KEY (`patient_id`),
  UNIQUE KEY `PatientCasesheetUnique` (`casesheetno`,`tenant_id`),
  KEY `FK_pat_patient_tenant` (`tenant_id`),
  CONSTRAINT `FK_pat_patient_tenant` FOREIGN KEY (`tenant_id`) REFERENCES `co_tenant` (`tenant_id`) ON DELETE CASCADE ON UPDATE CASCADE
) ENGINE=InnoDB AUTO_INCREMENT=7 DEFAULT CHARSET=utf8;

/*Data for the table `pat_patient` */

insert  into `pat_patient`(`patient_id`,`patient_global_guid`,`patient_guid`,`casesheetno`,`patient_int_code`,`tenant_id`,`patient_reg_date`,`patient_title_code`,`patient_firstname`,`patient_lastname`,`patient_relation_code`,`patient_relation_name`,`patient_care_taker`,`patient_care_taker_name`,`patient_dob`,`patient_gender`,`patient_marital_status`,`patient_occupation`,`patient_blood_group`,`patient_category_id`,`patient_email`,`patient_reg_mode`,`patient_type`,`patient_ref_hospital`,`patient_ref_id`,`patient_mobile`,`patient_secondary_contact`,`patient_bill_type`,`patient_image`,`status`,`created_by`,`created_at`,`modified_by`,`modified_at`,`deleted_at`) values (1,'24f56a73-717f-5db9-84d7-e928926f3462','83b3dda5-be66-5c56-9fee-45fee2953a52',NULL,'AH0000001',1,'2016-06-21 15:51:06','Mr.','Patient1',NULL,NULL,NULL,NULL,NULL,'2001-01-01','M',NULL,NULL,NULL,1,NULL,'OP',NULL,NULL,NULL,'1234567890',NULL,NULL,'data:image/png;base64,iVBORw0KGgoAAAANSUhEUgAAAMgAAADICAYAAACtWK6eAAAgAElEQVR4nOx9939VRf4+/4MUF0R0WexlXWFdP3bZ1XW/1l2VNBJMYgKESG8KCAhIh9B7CS2UEHrvVSCEkNCTICT3nHPLmdPbnGnfH+YGQstKEgHdO6/X8zIml+TemXnOvNs870byQwlnY4ghhtuj0f1+AzHE8CCjkfxQwoUYYojh9mgEGidUxBBDDLdHI/mhhKoYYojh9mgkN04IxhBDDLdHjCAxxFALGsmN46UYYojh9mgkP5QgxhBDDLdHI/mheCGGGGK4PWIEiSGGWhAjSAwx1IIYQWKIoRbECBJDDLUgRpAYYqgFMYLEEEMtiBEkhhhqQYwgMcRQC2IEiSGGWhAjSAwx1IIYQWKIoRbECBJDDLUgRpAYYqgFMYLEEEMtiBEkhhhqQYwgMcRQC2IEiSGGWhAjSAwx1IIYQWKIoRbECBJDDLUgRpAYYqgFMYLEEEMtiBEkhhhqQYwgMcRQC2IEiSGGWhAjSAwx1IIYQWKIoRbECBJDDLUgRpAYYrgzAjGCxBDDnREjSAwx1ILfEkHiArWicS245fX3+7P8r+K/rGGtuD/v9zdCkNtNWAeOxr8ED8qE/y+jljW8I25Zs3u4bnHCb4MgjeOvnwRNbkLTKJrVgqY10CQuIDeJ52gcL1zD/f6Mv2dcn+fbr+EvReP4atyjNXtgCBJ37c1ETSU+AU3iBblZgiC3SBDAo4kCeDxJkFt3FMGTySJ4OkUEz3YSledSReX5NBG8mCqBF9M4XorixVQJvJAqKS+miuC5VBE824n/uyeTRfCnZAE8liSAlomC3DyB/52m1RN/7YlV473d7zl6UFFzjm6zfk3jBbl5ggAeSRRAqyQBtE4SwJ+SBfmJZL4OT6XwNXk6RQTPRPH0dchPJovgiRQB/ClZAK2TBdAqSZAfuWnNmlxbN6Fh1+y+E+Tmie1wo9/QNF6QWyYK8h+TRPB0sqg830kEL6dKyivpkvp6RlB9u3NQe7drUP1HVkh9Pzuk/jOKD6J4PzukvtctpP4jK6S17xpU3+ocVF7PlJRX0iXwcqoEnuskyk90FEGrREF+JEEAf4jnp0zj2x7vD8BmfNBQY+1qrmGTuABoGheQm8UL4OEEAbRKFECbjiJ4JkVU/szXEPw1TVJeTZeU1zIk5fVMSXkjU9Le7Cxpb3aWlDf4/yuvZ0rK39L5a19OE8GfU0XwTIoot+kocqIkCPLDnCTg9n5nPYlyXwlSk+nX/IQqPsF8kuVm8QHweKIAnkkWwctfSeD/0oLaO5lB7Z9dQ9qn2WHt8x5hrUOviJbYN6In94/oKQMi+ldRpA6I6Cn9I1rHvhEtsU9Ej+sV1v7TPax9nB3SPsgKqu9kBpVX0iTwfCcRtEkS5FYJAngknptk1e/jVlv4AdiUDwpqkqOmLxhXJTfpEADN4gJy83gBPJIggDYdReW5FBG0S5WUN9Il9Z2MoPpe16D6r6yQ9nG3kPZJdkj7NDuk/bt7SPusO//60+yQ+kl2SP1XVkh9r2sQvJsZVN7IkEC7VAk8nyKCNsnCDQ+2JnF38jvr9xkb32uCVB+91cfvw1ETqmVSADzWMSC3ThFAm04CeDJVBM9+LSp/7SJp72QHtQ97hvTP+4b1pAERPX2QbHQbCoyePwCj70jFGDBaMQaNU43B41RjyDjVGDJeNb4fr5qDxyrGt2MUY8CPitF3pGL0GA6MrkNl4+vBEb3jwLD+WZ+Q9l73oPZaV0lpmymBF9NF8NRXgtw6RZAfSxbkR/kCyM3jBblZfA0T7H8cjaNz0SyBmzqPJAryo0l8zlqnCOCJrwTwdJqoPPe1qLyUKan/lxVU/949pH/SK6R36BfWkvpH9NTvInrmYFnvOlQ2sobKRvYw2fhmOEf2MNnoNkzWs4bKRuYQ/tqOA8Nah35h7eNeIe0f3YPa61mS0razBF7MkJRn0kXQppMIWncSwGNRM6xloiC3uH7C1M3fvKcEiT5xmsRzm7RlogAeT+I26EtpkvK3LpL6TnZQfb9XSPtoQFj/YnDYSPohYmSOBWbvyYo1eIZqjZqrWeMX6vbUJboze7nhzl9lOItWm27uGtNdttZ0lxWY7vIoVhTw7y3NN93cNaazaLXpzltpOLOWG/a0pbo9fqFmDZ+jWgOmKeY3E4GRPlo2koZF9P98F9b+1Tekte8eVF/rGlTapkvKc51E0CZZBI8mcaL8T/klt7HpmyYI4NEkATyRIoLnUyWlXaakvpYV1Nr3CGof9Alpnw4M6x2GRIyOI2QjfQywvpkIrP7TFGvobNUaPU+zxy/U7Jxc3Z6+THdmLTec2csNZ06e4cyNYk6e4czOM5zZyw17+jLdysnV7QmLNGv0PM36fpZq9p+mmN0nASNjLDBSRsp63PcR/dNvw9oHfcNa+x4h9c1uQeWVTO6PPpkiyq2SxGsPuCbxwvWI5i/bs/eAIFFyNO4QkJvFBcCjCQJokySCZ5Ml8MrXQfUf2SHtP33D+leDI3rWSGD2m6RYw2ar9rjFujtzleEu3mB5+TtsuGmf4+845Ph7f3L9Q4Wuf6TI84+e8vzjxZ5/4rTnF1ajxPNPlvCvTxTznx895flHTrr+wROuv++Y6+887MD1e2wvb6vlLVhnOtOWG/bo+Zo1eKpq9ByjGOnDZD2uf0T7sHtIfSszqLycKoEnkkW5RYJwa8j4XoYe7wM5bv68DycI4IkUUWmbLmnvZAW1j3qE9fgBET1tmGx0HwOsgVMUe/gc1R6/WHdnrDK8+etMb/kWCxbssuGWAw7cediBe466/v7jfB0PFbr+4ZOufySKw9UodOH+466/9yf+b7YccLy1O21v+RbLW7DOdGeuMuwJubr1wxzNGjhFNb4Zoxjpw2U98duI+lnPsNo+K6S0y5DAkykiaJEgyA/HC6BptTn2S0hy7why3T79Q1wAtE4UwHPJotLuK0l9r2tIi+sb0bOGAnPwOMUaP0tz5iw13Lx1Fty8y/H3H3FRYTHEF8p8cqUS4SoBEymMaUTBRFYJAVEo2h1w/TVUVjGNAExDMiZVEsaXLiNUcs7HJ4o9f89BF67banu5q0xn2nzD/CFHM3qNUPROA2Tt0+yw+lZmUHm+kyi3TBRun1e535v5VyJI47jALZ+3RaIAnk+VtHe6BrX/9Azrad/JRu9RijU8R7Vy5uvugjzDW7XBgpt3O+jAURcdP+XhknMQXaxA5GoA4SoREymMSRhgKiuYyioHuBUkLGMihTAVgvzfXiz3cck56B8/Bf39Rzy4ZbfjrdpguwvyTCdnnmGOmKIZ/X5U9M7fydoXvcLau1lB8MJXEmiZIIAW8QH5D9Uh47iq/06SX4sg10J8CYL8cCI/jlunCODJrwTlz1+L6mtZQe2fPUPa5/0iRsYw2RwwXrHGztKcebmGu6rA8rbucODhQx4qKYao7CIiYgBTVSHUtijzXEqRzxil7K4HpYwRwgEhpbpOSSRMSKAK44sXfL+wEMK9+1xvwybbzc0z7Zx5ujVskmr2GAGMjoMi+r96h9S/ZQWVZ78WwZOpImidIsgtk7it2yyBf+b7vqkbCE0TBLlFoiA/miiAx5MF8EQnETydLoLnO0vq374Jav+vX1hPGSobfUYr5oipmj11ge7m5pneuo0W3LXb8Y8c8XDJaYjLLyFSVYlJOESorhHqOJRBj1Lf5+tAae1rSTBjvs8Y9ChzbEo1lZBwkJBAJcbllxA6fdr3jxz14K7drrduo+0uWWla0xcY5uhpmtF3jKJ/NVTWPuoX1v4vO6i07SIpz3/N/czHk/naNU/8L+vWoASJE+TGcdxOj+Yu5DbJIngpQ1Jf7xbU/tk7pHcYFDYyRslm3xzFHjFXc6YsNdzFa0137VYb7trv+Id/cv2iYojOn/fx1cuISCImQCbUMqMTCxnDuO4EiZKE+j6jjk2ZoRMKIoQIAYzLyhAqKfXRiUIP7j3oeht3OF7eBsuZk2daoxfoZr8pqpExBuhfDono/+rLbd2X0kTwVLIIHo8S5fqT9v5v8rqu4UNxAmiZJIAno/7ha10k7b1eIf2z78J60gjZzJoIrEGzVHviEt1dkG96a7ZYcMtuG+495PrHTnjodAnEFy74+MoVRIIiJnKEk8O2KIOQk6N6Df/bOhLCXxslCbUsSnWNEDlCSFDC5MoVhC9c9NHpEugfK/TgvkOut3W34xVstZwFa0x7Yq5uDZ6tmtkTgdFphKx//l1Yfb9XSHm9q6T8+WtRbp0iys0S7zQfgQYkSPVxzMN7cqtEATyRLIA/p4pa+2+CWodvI0aXEcAcNEW1Jy3WvcUFJly/2/F3H3H9o0UeOn0WoksVPr5yFRFBRCQcxkQBhBr69YlF0Ykl5O7JcTNJ+KTzE8mOTnokQogkYVJVhVBZBUJnLvioqBT6hwo9uHGP4+aut5ycpYY5dIZmdBsNtLgBEa191yBolyqBZ1JEudXN5tf93ux1I4fcOC4gt04Wwcvpktq+W1D7T6+wkTFctgbkKPbYhbo7Z40JV26z4I5Djn+s2EMl5yE6X+bj8p99XFmFsChivn4KoYZBqGVR6rqU+T6lCF1fw1/ykKs+9TFmDCHGfEiZG10zwyBEUQgNRzARJUwqqxAqv4zQhTIflV6A/pEiD24/5Hirt9nuvHzTGrdQNwfmKHrmcFn7om9YfTc7CF5Il+QWScIdar8C8kMNdh+khr3aMl4AbZIE+blkEbyWLmlf9AsbPUYBa+wMzV2cZ8LNOx3/WCEkFZcRlYKYyIBQ0yTUg5RBnzLfpwwhShFitOZk/pInzt0SJWpyUYwZRYgxhPjfdz1KbZtSw6QUAILLKxAqLIJw117XW5FvWRNm62avkUD7okdYbZ8RVNqminKbJEFu8mU0h/JbPEWuryF4upOovt01qH3RK6xnDZatEVNUZ95yE27a7qBjJzx89pyPqwKY6gahrkup51EG4bW1YwjfSIZ6ryG945rdsG4QUup5lLoeJUAhpCqA8LkLPjpx0oObttvu/GWGOTJHNbKHydp/+obBq12D4NHkX5MgUZPqkUReutEmRQBtMyTt3W+C+qf9QvpXQyPmwMmKPXmR7q4osLydu12/8CTEZeWIyjKhpsGfCMhvmI3fUINSbv9ixKjrMBIJE1xRgfzTp31/30HXW7XBsqcu0s3vJihG5jBZ+7x/WH07OwieSxVBm04CaJXMY/D3fdPXghrlIOCRJAG07iSCZ9Ml5eUukvavviH9q+GyOXCSYk2ap7lL15hw+27HLyyEuOwSIqKAqa4RhlADPbF+heG5lKoqIZKIcUUZQidOet7WXY67bI1pTZqnm/0mKUbHYRGtfe+Q8nKWpDybIYI/fcX38h8SA3IzPj91JEiNTOojiQJ4IllU/pwmKq9lStqn/cJG+gjZGjhVsSYs1t1Fa024YacNDx7zUMkZiMsrEAmGMDU4OZjvU4bx/Z7OGweljFHCGMGM+pARXackHMKkshKhs+d8//Bxz9u02/GWrTPtyYt1c+AUxUgdFlE/6BkCr3UNgufTJNAqWZAf1JxJdbLv4XjuLz6VKqqvZgW1D/qGjYTvI2avSYo9dqHmLi4w4ZY9tn/wJxcVl0bXTsJUUQi1bUoftHWrOZDPfRZVISQUxLiiwveLS6F/6CfX27TLdubnm/aPCzTzm0mKnjhc1v7VL6y9miWBp1IE8Fg0Sdys7gS5ntJ/LElQ/pwmqm9nBrVPuoeMbiOA9eMczctda8Lt+xz/cKGHS89DfKUSkVAYE0Ul1DRv9CtoPfyKX2vU9FeqHURNIyQcwfhqJULnLvro5GkIt+5znPmrTWv4dFXPHCJrn/UNq69lBcETncQb64IeAGJUr12T+ID8cDwv1XgsQVDaZkjaR/3CRuYIYA6dprmz8wxv3U7bP3rKw2U/+7hSQCQY9StMk1LXoQz5tF7+4K89on4mdV1KLZMSRSEkGMK4UkDo/CXfP3jC9Qp22O7slab1wyzN6DwK6J/0DSkvp4ng6WQBPJ4oyM3rTZAvq8ATyYLyWoakfZId0tP7R+xRU1Uvr8BCx457pPIyouEgZqZBHjgzqq6DEEZ9yJhrU2rqFFdcRnDfIdfJXWkawydwknzQM6Q8lyY2TE1QA5PjIZ4LAC3iA3KrBAG0SRTUt7KCeupQ2RoxTXOX5llw914XnTnnExk8wAyox4CQEknC6OxZ3z9wwPPy8i1r1EzNSP8+oryVIYGXUkTwZJIAWibWIYr1cAKveXm6kwhe+lrU3usZ1JO/j5j9xiv2hLmat2KdCfcedPG58z4NBzHVFEIdm1KM7ve0NMyglFHkM+q5jLk2n+jTZyDctZ/bt2PnaWb38UD/97dh9W9ZQfBChgRadxJB86T7R4xqk6p5Aj812qQIysudJe3dHkH9swFho8sYYI2aq3lL1ppw9z4XnToN8dVKRA3j90kQhCgBgJCrVxEqLfXhngOut7TAtEbP1cxuP8p63Hdh7b2eIaVtpnQXBKkRI38+TVJfzwpqH/UK6ZkjZGvYLNWdt9qAm3fb6MgJF5+7CInAHbnqMO0DfRzfzYiaXRT5jEKPUU0jpCqA0NkLEB454bn522wrZ6lh9stR9MTBsvbPPmHQtmtQbpUs3i+CgMbxAbl5Ag+/t0kSlJe/FvUP+4aMtJGy9d001clZangrt1j+3iMuOnvOx1crEZUBpo7z4Drh9RgUY0Yti5JIhOCqKozOnPP9fUdduGab5czMM6zvZ6hGxkhZ/7B36BcSpEae44/JIvi/rkHtsz5hvfMQ2Rw5Q3OXFpj+vqMuKb/sk4CIqAwwsyzCIORhv7om9x7UUTM+DyGlpkWIrBAshbBfdAZ6G3c7zqzlpjl4smp0GiZr7XuFQJtU8f7UbkV9jpYJAngiSVBeSBHUd7OCRtoPsjVituYtWWf5O/Y76ESxh8suIyIDQg2Th2/R7+TUv3lQyhhClLouJaZJSTiCcdllhIpKoL/viOsuWWdZI2ZpeuoQ+b8T5FrEg5c3K8+ni9qHvUN6l+GyOWKy6ixZZcL9h1xccRkx6HHnDaMH0/G+B4OEwhidLoVw607HmbfUNL+brOodBkeUv3SR5OaJgvxwIi/luAel8yB6TRU0iw+ANsmC8lKaqLyRKelf9gtZg6YqXm6+6R864uELF3wiCJgaBvldPch+6fB9Sg2dkHAQk6uXkX/wqOsuWm1agyYptRAkGsptFvU5nkkVQdsMSfuwT0jPGg2sMfM0Z0WBBfccdFDpOUikIGbIpwwhnkP4X5xoxhhRNYIrriC/sAjC7bsdZ2aeYfadolzzSZ5Pl8AfU0S5WYLwqzrvTeJ5jqp5ggAeTxaUV7pI+kd9Q0bq0Ij13RTFnbPSgFv3OejMWZ9UVWEiy4TaNv1fXDeKEKO2TamqEhoOYlx6FsKtex13Xp5xB4JUl6jHBUCLxAB4NlUEr3cNah/3DBldRsjWmPmau3KL5R8r8tCFMp8IEqK6QRiuJscvLCX4HQ5qO5TKAOOrVQiVnoNw4x7bnrpMN3uOB/oXA8Pqu91D4IUMSW6RKPx6eRJ+5VV+JOp3PNNJ1D7oEzIzf5StEbM0d8FqE27Z66CTJZAEBF4MapmU+fB/c9FI1FS2bV7CUlnFza0d+507ESRwrezg0aQA+GuGpH3SK6RlDpLNkVNVN2+96R8r8kgogqlh8ipNH9EGLwn5DQ6KEKMepNSyKZEB8YtKoVewzbYmzdfNnqOA9uWAiPp/WUHwaJLw64SAq+9txF9zysHLaZKROCRiDZulecvXW/7+wy4uOQtJlYCoyYlBEapfndtveVQXsUbLVqimExIQMD5/wb+VIFGfAzSPD8iPxAfAM18J2vs9gkbG0IgxfJLqLM4z4L5DDq742Wf+r1BqULPqFkfrbCDkCR/HodSyKbUs7kgaBqG6QYim3whVJ1TTCdX5z6lhEmpZvHDOdnjxXM0Awi8pva7LQIjiK5XIP/ST6+Xlm9aYGZrRZYSsvdcrBFqnCFFJmwb0R65XOIBWSQJ4JlVU/pohaf/sETJ7jVfc2SsNf+8hF18475NAAFNNIw3uiF+rQqhZZOgz5kMe9fNcRl2XUddh1KmGfRs4/DWuy0Pq0GPMh/x33W3R490OCCk1dELDIdzolgluEi/ILaPVuM93ErV3siT9q6ERc9h01cldbXq79jn+6TMQi0H8q0zutYn1+ZF3Q6VtAOGKywhdLPPRuQs+OnMe+iVnICou9dCpKIpKPFRU4vmnSiE6fQai0nMQn70A8cUyH5dXIFJZiYgoYhKJEKrrhDnO9ax+Az9BKUKMiBJGxSUQ7tzjuPNXmNYA7o8oT6eK8sNRP6HB7pLUIMjTaaL2ZnZQ/3f/sNFlBLAnLNJhwXYbnSqFJBDgPodlNXyZDyGMIZ9vaNdm1DIY1VVGFZmRSIiRkMSIJDAiVDESqGSk6ipH5RWOqquMBK7yn4lV/LUhiZFIiFFF5r/LMhh1bP43EPpVHmzVe6/RDZPbOC4AmsYHwJ+iEY+3eMTDHDhZceevMeDew65/9ryPqwRENJ1Q3MBHMiGMYcQY8nkRo6rwYrPLFQidO+f7p05B/8gxD+7d73o7djvelh22u36L7eZvtNw1Gy139QbLXcXh5W+y3HVbbG/jNtvbusuBe/a7/uGjnl94EqIzZ3xcUYGoJGF2LVfj8QBDAw6KMSMyILi8HKGTRR7csN22Ry/QjKThsvJCugQeSRBA86iwQEMSpHGHgPJyZ0n/bEDY/GYMsMbO1r0VGy3/4HEPX6lEVNM4OX6N/BRGjHkuY7bJqK4wKocYkQKMVP7M8OVLDJedZ/j8GYbOnGaopIih0ycZKi5k6NQJjuJC/r2SIobOnmb4fCnDl84xXHGJkcqfGZECjMohRjWFUdvkJGnwz1BdpuLQWwgiN4sLgGdSROWNTF4+kjVUtqcs0ryt+xxcfgVRVSXUjE5uQzOX1LwcY1IaCmJcXobQ6WLoHz7swZ27HLdgg+0sWWE58xYb1oz5upUzSzPHTVXNsVNUc3SOao6KYuw0zZo4U7OmztGd2QsNd2me6eWvs+GW7Y5/4ICHi4shqShHNBwiVFP5jTW/gcthCGHMNAkNBTGpKEfo8HHPnbnKNDPHArVd56D8WKIIHkkQQLOGqvy9XrKuvf5N0EgdIVs/ztK9lfmWv/+Qiy9c8qkaNavqe7fmTgP5jDkW38CRICOBK4xcvsjw+dMMFZ9gqPAo848eYP7BPQzu28ngnu0M7t7K4M4tDO7awr/es53BvTuYf3AP848eYOjEEYaKjzN8voThiov8d4YlTkDX5vumIUcNM7/RNb+jSZwAmsYF5EcSBKVdpqR/0jtkdP4+Yo2YonrLC0z/KHfKmedRCiFrkEpOQmoUlFm8hl8KYnKlCuHzZT46XuzBXQddb+02283Nt9xZywxr4jzd/GGqZgyaoBr9RytGrxFAzx4q61lDZL3rEFnvMkTWOw+R9W7DgNHjB2D2GQXMb8cp1g9TVWv8HN2Znmt4i9eYsGCb7e8+5KLjxRCfuejjiquISCFMNZ0/XT2v/tWqhDBqmpSGQ5hcuYzQ0ULPnbXGNDPHAbVt56D8aCIXFGgIgjSLKhg+nizIT6aI+mffhs2BU1Vv8RrT33/ARSWlPhaEhsmO16h2ZtGyG2pbjBo6o3KEETHAyM/lDF88y3DpKYYKf2L+kf3M37eTwV1bGdy2kXmbCpi3Pp9561Yzr2AV8/LzmLd2Jf963WrmrV/D4OYCBrdtZP7OLczfu5P5R/YzVPgTQyWn+O++UsFNMAXwv21b3F9pQB+FE+RazDxeAI8nCVr77kE9dbhsDZ+quotWGnDHPgefvQCJqhEKIWuwiIfvU2IYlMgRQgQB4/MXfXTilOfvPuR4a7fb7qIC0528TLeGzdHMvlNU45vxip45Euidhsp64qCIHjcwrH3eL6x+1iusfdo7pH3SK6R9HMWnfcLaf/qF9S8HhPWE78LGV0MjRuYo2cweB6z+UxVrxDzNzVmuu/PXml7+dhvuOuz6hcUQXbyEcEDAVFEJ87z6zS4hjBkGNxPLLiJ//xHPnbbSMFLHAOWFTAm0SBDAw/W9z16jBOipTiJomyGpb3cNGp1HAztnqQ637HXQ2XM+qaxCBABe3VCfcc1PRNzxti1GFcCIJDJ89TLDF88xdLqIoWNHmL9/D4O7tzO4bRODGwuYV7CaeWvymLdyGXNXLGHussXMXbqIuUsWMjd3AXOXLOBfL13Ef7ZiCfNWLmPe6hXMW7uKwY0FDG7dxOCu7cw/sJf5x44ydPoUwxfPM3zlMiOSwKgCGHUsbuY1gF/JCdKUk0NumSAoT6YI2qcDwmb/HMWdt9KAO/c4qKjYw1er0DWnroGiB9R1KYlEeNHY2TO+v/+w6+VvtpxZSw3rhxmq0XuCYqSOlPV/Dwrr7/cLae17h7S3ewS117tJyqtdJeWVLhJolymBthkSeDmKv6RztM2QQLtMSflrZ0n5WxdJe72bpL7VPai17xXUP+wfMjoMCRtpI2WzxzhgjZituXNWGnDdVts/dNhDZ876OCBgaln1JAhmVNcICVRhcv6c7+8+4LoTlxpG8kigPJMhyU0TamjL1p0cvASoo6i0y5DU97qFtLi+YXPYdNVdscnyT5ZAGonwiJXjUIrqeSpSGiWHx6hrM6oBRoRKhi+dZ+jUCeYfPsDgru3M27iOeatWMHfFUuYuWcTcRfOZO38Oc+bNZs7cWcyZPYM5s6ZzzJx2I6q/P3sGc+bMZO7c2cydP4f/jiWLmLt8CfNW5zFv4zoGd21j/qF9DBWdYPjieUaEyuv+iefy91qPwQkSTSqBxxIF8Fwn0UgaFrHHLtTg5l0OPlMK8ZXLiACZMN9vUKeDmibFgQBGZ8/4/uFDnrdqnWVNnK0bvUYArUPPsPaPrCB4OU0CjyUJctP4mkrtVaBpXJXctMON6u23oENAbhpXxSEQBW4AACAASURBVBF/HS2TAuDpFEFpGw1ExPcPm/3GKs6U+QZcu46T5OIlRDW9fo8fjBlVVYKvXsG45LQPt+1xnTGLDSN+hAyeSJca0ucAT6WI6jtdg2p8n4jecwiwZuUacO9hB1eJqEHzU5REzSqHUctgJCwxXHaeocKfGNy9jXnr85m7Yglz5s1h9pTJzM6ZxOxJE5g9YRyzx4+9e4yrgQnjmD1xArMnT2T2tCnMmT+HuctzmVewisFd2xgq/InhsguMRv0T5lj8FKnHaCQ/FM+leZ7uxMXA/vFN0Ow5EXjz8g3/0HEPX7mMSCiIqWHUO2ZendInqsovr5wv8/2DhR5ct9N256wyrVFzNLPHGKDF94+of+8aVP6aLoGnU7hgW02t3Dv1AGl8PcFZE6BxXFVNyH+ID8iPJwng6RRB+UuqqL33TdDoODhi9h6nWKNn617uWhPuOOCg4rMQVwmIRGRMDZNci/rUdoJScq3al7kOxVUBjE6VQLhzj+stWGVa/aaq2kffRcAfU+tf3ds4XgBRsWjwYrqkfdw3bGSPANa4aZq7eoPlnzjlkVC4/s5iTZPKsRlVASNBblKhc6XMP3aEwV3bmFewmpNj4TzmzJrON/KkCcyeOL7uBKmJCeP475o0gdlTJvFTZuFc5i5bzLyC1ZwkPx1m+GwJI5fLeMRLVRhznRoh4bt75jWSH4oTQJsUUflrZ0l7v3tI7/hdxBo1R4P52y1Ucg7SSPj68VxPp5V6kJdhVFxB6HQp9HcdctzcjZY9Nlc3u+coxlcjZf3fA8Na++wgaJsmgWc7ifLjHUV+v/tmJfF6oGl8QG6ZyOX4n0oRlHaZkvaPniH982/DRtpI2RoyQ3VmrjTcddtt//BxF529AIkgIWaahP03dZVqxRTXoUzXCD5/0Ye7D7jekjWmNWqGZqSPAFr7XiG5VYpYr1KTay0iuHmsvtI1qCcNlc2h0zR3SZ7p7drnojPnfQKU+p2CvPL1euhWlRkJXGX44jnmnzzO4IG9DG7bzLz8Vcxdsog58+cyZ/YMZk+bcp0g1SSZOK4eGB8lR5QgOROZM30KJ8m82cxduoh5+asY3LKR+ft2M1R4jOELZxkJXGVUBYyaRtTkurs93EhuHBdQnk0T1b9nh/SkbyNmvzHAmZtn+HuPOPhqFaK2zVUrEKp3WJdaNsVXKxE6ecrztu50nLl5pjVklmqkjJK1t3qH1L9lB5WXOkvgmVTew6NVtBfENSf25h4QtW2wWl5bo5BPbpkogD+lCODZdBG83FnSXs+W9A6Dw0av8cAaP1dzlq8x4d6DDj53ERJZJlH1jjvqc1WfHNTUKQmHCCo85XmrNlrW6Jma0XWYrH3WNwxe6RwELa/JzdSdINWf4ZEEQXurR9DMGgecaUsNuGu3i4pOQXz1av0vPVHKn762yagGGJWqGL5whvk/HWJw22bm5q9i7rJc5iyYy+wZ05g9NedG02rSBGZPrgcm3YSaP8uZyE+SqZOZM3Ma91OWLGLeyuUMbtvMT5MLZxiVqhgFEUYt465NrkZy4w4B8HKGpP27X9joMQJYE2do3rrNFjpV6tX76VM9wVGZFqKoBJ05D+H23Y47P9cwB09S9YQhEfWVrOCNJ0NDSdj/Vxv+xnZgjeOq5CZxVeAvX4vax71CepfBsjlykuouzzf9w8dcUhVA1DQoc5zrYhPVJlc1PJdSXaM0Eib06hUEd+53nRm5hvHNcKB90i0E3swIgmdTRLl5vFCv1gpNov03uBC4oP+zX8gaOF31Vmy0Uelpn1yuQCQcIvUO6xLCM+IaYDQsMHL5IkOFRxnctom5yxYzZ85MZk/np4U1dgyzxo1h1vgaptDkqM+Q00C4RpzoiTR+LLPHjeH/nTSBOVMmM2f6FOYtX8Lg9s0MnTjKSMUFRsRKRlXATxFKGWO/bFoayQ/HC+rr2UG90zDZ+mG66i5bafp7Dzjo/EWf6vV8+hDCqONwn0MKYnz2IoRb9zvunJWG9d1kLg35fu8QeD5Duq35dE9UQWr+Xd6fBDyTKipvZknav/uE9C7DZGv0HNVdus709x5xUMlZiC9V+CQgIiLLhKgKIQogBMhc8a+yCqGzF3x0vMjzdx5w3LmrDOvbHEWL7x9R38oIgr+kSnKbjmJUKb6OD4A4fj/nj8m8y1a7dMlIGhqxxi7S4eZ9DrkSVR/RtbqFdWvIHjHo8TKRqisMXzjD0ImjDO7ezry1q5izcC6zZ0xl9tTJzJ40gVnjx3JyTBjHN/DkX4EgdyLJhHFR04ufKO6i+Tw0vHMbQ8cOM3yulJGqKzzCBV1e1/ULLvI1Ai0TBO0fvUPGN+MVZ+ZSA+7Y5fgnT0FcWYnqHebEmBKgEHzlKkIlpRDuPOC4c9cY1nfTFSN+cFj9e8+Q0raLBFp3Eu9sFv2a5LgdSeIC4PFkAbyYLiqvdZHUD3uFjMyRsjVshurMWW7Agq2Wv/eQg4pOe7i8wsdXLiNcUYFQWRlCly4idKLIg9v3Ou7y9ZY7NVe3BuYoRvL3Ea19dlB5sRNvPfZoUrS8pI7keCiO6zc9myoqr3WW1A+yQ0aPscCdu8aAB094JBKOauHaddMciyYAmefySJVQyfDZEuYfOcDg9k3MWxv1N2ZNj5pTNZzxmn7C5IkNT47bkmR8jROL/9yZPYO5uQuZt2Ylg1s2MP/IQYbPl3LH3dR4LZcP/6vT3kh+LFHUPx4YtgbN1LyVm2x0qgji8jJEI2FMXbd+BIE+xYKI0ekS6O/a47iLVprmkGmqnvB9BLTrIilPpgrgsRQuInxPiPAL8XCCID/K++mBF9NE7b0eQb3joIjRezSwxs7QnMV5Jty600YnT3qouBj6RSehf+I49I8f8+DGrbY7d5lhDZ+iGl2Hy/qX/cPaO1xUTm6VeF3suk65j+tXn0GrJAG0S5fUD7JDenK/sPnDVNVdvcVCJechl/qsRwk7RoxBl1HbZFQFDJdfZP5Ph5m3eT1zl+cytzpKlTPpJkJM+PVOjduSZOId/JXxzJ46mTkzow587iLmbdnI/ONHGb58iREQYtTQGPWc/1qm0kh5OlnUE4bK9rhcHW7f7+KfKzAJioQaet3yHtHjmSLE8xwXy32456DrLVllWiOmaUbacFl7p3sQtEwKPLgynTVMrubxAfB8J1F9p3NQ+08P7pcMz1GducsMuGGbDbfscryN2x24YYvtFWy0nZmLDXPwJNVIHRTRPugaVF5Ll8CzKaLcMkGov19VI+/ROlkAb3YNah36ho2ew2Rr2nwdbt9n44qf619Q5kNGrWjESqpi6HQRg7u28xDu7OnMmT6Fb9Dq0O3EcdciS/cNN4eUJ42PknQSs6dPZe6qFQzu3clQ6SlGAj8zIoe40/5fEomN1Ne+DhpdRgN39mrDP1TokZBEqtsN1CnvgRClrkOpoVMiBTE6WuR5KzZa1qhZmtH5B6B92j+stOsigeaJNQhyvwlxm414relPfAA8kSKAtmmS+k7noPZZr7CeOkw2+05WrFHzNWvsIt36cYFuj5qnWT/M0cxe4xU9eYisfdgzpLyaLikvpopym46i3DyhAS5I1dBAfiJFVP/RI6SnDZGN4RNUN3elAQ8ccfHVqnqXJFPHZlQOX/M7/MMHmLexgLmL5jNneg73OSZPvB66rfY37idBqs2u6hPkWtRrIrOnTObRrU3rmH94P0Nnihm+epkREOFmVi2jkfZRdsgcmKO4yzZZqPgsJIZOqWPz65d1qZLkURxCwyGML15CcPM+x568RDe7jJL1j3qH1NeygsrTadV3sh/A0+NGkoCm8QHwaJIAnkwWlRdTReWVzpL6bo+Q9tHAsB43PGIk/BAx4odH9LihEf3L7yPa/+sf1t7uHlTaZkrg6RQerm6ZWKN9Wz3f07XMeaqofdgvbPQYA6wpc3Rv/SbLP1HkEVGqP0EMnZFAJcPnShn66RCD2zczb+VyHrG6ZSOOvzHser9PkRvMrahvMnkCz7qvWs7g1g3MP7yPoXOlvHbLc2udi0Z6ct+wNWa26m3YZeOyn/1bVNXvamYpo5ZJSThEyJXLCBUWQS93vWUNmKpo/+odUv6cJoInU7iT+ltpOFNT1aVF1Dd5PEUAbVJF8NTXNZAugifTRNC6kwgeizbXuaUHewOQNkoQ5dl0UftiUMQcNEV1l+SZcM9eB505C0m4/plzqgCGyy8xdPwIJ0f+Sn56TM2pYVKNv3e+Rl1Q09yaMI45M6byrHveUuZtWc/8Ez8xfPVnRh2n1rloZHwzWLanL9LhroMOrhTqWUtCuZBaZSVCJad9f9de18lZYpiZP8rKq10k+bEEQW7J+8X9tjrGVt/Uu6U1dODW79+2z3rDmJE1riWAFzMlPWm4bI+ep3nrN9n+sWMeLivzCaiDXOi1tgI8tEtCEsNnSpi/bxfz1q5k7tJFzJkzkzk5E3nOYcIDZFbVZm7VKHFxpk7m/tPCucxdvYL5B/YyfPE8o5rKI3b49gGNRuagMYqzKM+EB39yiVDP45lSRiIRjM6d9/0Dh1wvr8Cyf5il6onfR5S/ZIigZXwANI8PPJgtle+Ueb8dOWqS4HbfvxNJav0bd8DNJ1m8ID8SL6h/7Ro0vh4NnJylBty910WlJZBUViKqa3dPkOprsp7LmGMxUnmFoZPHryUD3QVzmTNzGj8tJoy77pQ/qKdHNUFqhp6nTGLO9Kk8/Lt0EYM7tjJ0uoibWabOmGvzObjJamrEC9vWW/7xkx6RQvU7nglhRJSQX3jK8zZstu3pC3Sz9zigf9o/pDybKsh/4DcWHyzz6pfUd92pQPKX4i7qxG5LqChBHk4QQLTqWns9O2hmT1Dcefmmf+w47wcYkjA1zbuPPGLMyWEZjGqA4bIL3DEvWMPL02dNZ860nOuO+YN+euRMvO6P3OSsO9NymDN/DvM2rmPo2GFGfi5jNBJkVFdrZNlrEMSZs9DwNm93UHEJJJFIvQmCr1QiuP+Q6y7OM4xhE1Q9fUhE/fs3QblNiiA3iau6Huq838S4iRwPNQQRGgC3nkD8vTaJF0CLBEFulSiCNkmi1r5nyOw3VfVWbLbx2bM+lQKYqoAwtw6lJchnzLai5SQSw2dOM7h7B3NXLOERqymTbnwqP8i+xy0kmXhL0aQzYyrzVucxf99uhs+dZiRwhVE5zO+Q3GRmNXKWLLfg7j0uOnPWJ7JcN/u1RrMZdLHch1t229aU+breczjQOvQLK290lcAfO/Jap2sLfx+J0YQ/jeWW0c5YrZN5w9EnU0TwdKf7h6dS+Ht4IlmU2ySL4LEk3m02erEKtEwUQJuOInguRdT+X5+wNWS2CtfutElZOaKREKGGxsUn7nb4kCfOwhIjlZevm1e5C2tssvuQCGxIktRw2p2pObxWa8cWhk7+xEjZeZ5hN7RbCeLmF9j+ocMuvnjRJ0odihMpvyvAe2Y4FJWcg97qLZY1YpqqfzUgov6rewi0y5DAo0k32eX3kSDVcqpPpYjKS2kiaJcuKa9mSuqbnYPqu1n3GN042ncLqu9kBdW3OgfV1zODyquZEngxVQJtkkW5eSLXKnssSQDPpIigbaqkfz4gbI2ap8FN+xxytRIzLdoquy7JXc/l9VaBK4xcOsvQkQMMbihg7sJ510s4ap4cvxVy1CRJTYJMmczcJQsZ3FjA/EN7GS49xcjVy7yY8abURiO4eYuDTpzwcHk5olpdHDx+cjCPl3ijwtOeu3itafQdq2ifdg+pb3UOgudTRfBI0oNBjofiAnKLRN7muG2apL6dGdTe7xbUPu4e0j7vFdYS+kbuKRL7RrTEfhxxfcPal73C2n96hLVP+NwpL6bxsHizBF768udUUXkjXdKSvovYE3I1f9dhh0pBTC3jeh/5uxzUsRkNBxmpuMTw6ULm793JvPxVzJk7m9njxzF7wm/E76gNkyZcL2ycPJG5C+cyL38lgzu3MHT8CMNlFxiJhG+5L9LI37PHRcXFkFTW8e4Ar/ik1DYpUWXqHzzhOTOXG0bmcBm8/XUQvPyVJD8RzSTfT4I0jqqdN4kPgFZc90t9p3NQ+3f3kJ7UJ6ynD4joWYNlvdcwoPe+R+gzDOh9hl9Hz6FAzx4s612+lfX0/hHt4+4h5W+ZEng8WQB/SAyAJ1MEpV2aCP6eGdS//j5iT1um+/uPu1QGhHluVFn/7t1IaluMiAGuV3XsEIPbNjEvbxlzZs1g9tgxnCQTf0cEmTSBOXNnMXd5LoMb8pl/YA+/hRiUbik9aeQfOODiM6WQBKoQNc27Jgj1fUZti1JNISQoErjrsGtPzNWNjkMiyl9TJfBcighaJwnXM+f3gRxNEwT5sRQRPJMmKW27SNrfe4X0+CER45txwBo+Q7XGztWsyQt1e3qu7sxZZjhz7zHmcdgzc3VrynzdGj9bs0ZMUY3MEbL2fp8QeCpdlB9OEMDTKSL4W7qkftA1qHcZJruz8nT/UKFLVY1EWzDXqTiRWibPnJ8pZujQXgY3r2fe8iXMmTk9etfid0iQaLjXW7uKwT07GCotZkQS2c3igY38I4c9dP6sjwWBN7252wEhpaZOSCRESOVVBDftc+yR8zX982/DynMpIniiowgeTWxA9cC7Mqc4micK4Pl0SX0rO6T/e0DY6DwKWMPmqM7s1Ya3bpcNtx604c5DDtxzxIH7j7r3DbsOOHDzLhuu22J5y/JN6/tZqtFhaER5gfcWAc90EpXXMiT1w6yQkf2D7MxdZaCjxS41TFKfthPUNBip/Jmh0yeZv28HgxvyeXJwxrTricHfG0FmTWfu4gXMW7WcwZ1bGSouYkQM3EoQVHjCw5cu+iQo1UnmhnpRiVAxgEnZRd9bs922Bs1WtQ/6h0HrjiJ4NInLa96X3Ee0nqplkqC+mhXUvhgQMXqMAva4OZq7YqPlHzju4vKrPq6UEAkEERGCCItBfN9wpRLh8xd9VHwaokNHXXfGasPMmADUdt8EQfNEATz3lQTezAyqn2aH9J4jgbsw3/BPlHjMcsj1lhN1IIihM3ylgqGiYwzu3MLve+Qu4FW7vyuCXK/0dWZO41n1FUsY3LqJoaITjASqbkOQopPRJFMQU7sOBHEcLvxWeRWhs6W+t3yLZfWboWjv9gmBRxK5MNo96qh0q98R1Rt+PEXQ3usVMjr/AKyx0zU3b43lHz7q4iuViKFfQaG+rsNzKdVUQiURk0uXfG/FNtvsOV1VX+0VAi0SBfBCqqS+3Tmo/ad7yOgzGji5a0108oxH7frd26G6xvDlMn5bcNsG5q1ZwdxF85gz7XdEkMk3EWTGVObMj4o9bFrP/MLjDFdV3oYgp4ogrihDJBzC1LbrRBAqRzC+ehnhM6XQW7rJsvpMV7S3eofAw9FivSb3gSDVwgwPxwvg6VRR//e3YXNgjuouWGHCnbsddLoEElFqeIX6+gzoUaZrhIaDmJSXI7hqp231maVqr/cOyS2TRPBSmqS+2zWofdE9bPYbDdwla01U1EAEqShj/vHDDG5Zx7xVy/mlqGlTauhR/c4IMn0qv0y1ZCHzNq5j/oljDFde5drQNczURrj4FMRcxLmOBLEpjYQxvlKBUMlp6OZutKyeUxXtjV4hnuC6T6dH03hBbpEggEcTBOWlDMnoOFy2Ri/QvQ3bHXTyJMTl5YgAQBpEY7ihBu9LQakcFXzI321b/eeo2lt9QvJjHUXl5TRJ+3tWUOvQI2z2HwPcpQWcIE4DEKT8EvN/OsQ1c1cu5fVX03J+XwSZNP7a3XVn+hQeyVq8gHkbCph//CeGK69Er+FeF9lrhIpP+eRyOVfAqAtBbJuScAjjinKEik9Bb/F60/xmiqL+X8+Q3Dj+PplW8bxuqWWiIP8xSVRf6Rw0u4wD7qzVJjpy3COXyxENBTE1jQerPbXvc1V7BRBSVYVhwT7H/m6eqr/bNwT+2FFU2qVL6ntdQ3pcz7AxcIziLisw0amz9SeIpvJrtUcPMm8DV0Z058/h5e2/N4JMrEGQOTOZu2ge89bnM//YUYavXmEM3kyQU0U+qShHJBSsH0Euc4K4i9ZbZvcpivpar+sEudckaRzPAwOPJYngiY6i9npW0Ow5WfEWb7BQcalPJIFQVeF1Sw9QN14KIaOWSZkKCA0EMFy337EHzVP19n1DoHU1QbJCelzPsNnQBCn7XyHI+DsQ5MjtCYKrRRrqY2JV+yClJdBbstGyek1TtDd7hfhlofoKNNeRIC0SBfnxJBE8nSxqb2cHzT5TFG/ZZgufOeeTcJAwXePJtQepn+K1E0QmpKry2gmivds3JD/eMSoNmxXUOvQMmwPH/jom1sa1zMv7PZtY428yseYzb8NaLuhwWxPrZCHEZfWIYrnRKFYVV2j3lm+2zD7TVO2d3iHQIoEXBd7rKFbjeAE8kijIrTuK4NlkUW2fHTL7TVVh3jYLn7/kUxAh1NB5Yd8DRRBIqWlQCiIEV17FsGCfbX07V9XeqemDdA1qX/YIm/3GAHdJQQM66ZeYf+wwg5vW8fYEC3+HBJlYkyBRJz13AfM2Vvsgt3HSUeEJiC9dQHXOg7guJYpMSKASo/Nnkbdyq231n6Fqf+8TAi0TBVAvmZt6+CAtE0XwREdRfiFFUt/vHjK/m656a7bb+GI5olqNtscPHEF0SkCYJ13X7rnmpINWSQL4S5qkte8a1L/oETL7jgZuQ4Z5K8r4Fdst62+KYv3ewrzjmT1xwo1RrE3RKFZV5S3SpI3Q0SMePn/OJ6JQt8s20KNUUwkJihhXlCG4bqdtDZmjaR/2D4M2HUXwWBI3d+5lorBxvCA/kiiCNh1F+bkUSf1H95A5cJoKV2238IUynyqAUNN48E4Q6FFqaIRGghhXlCNv9U7b7DtLVd/oHQKPJgngxVReXPlZdsjoNRK4i/INdKLEo5ZNa5oFdzuooTP8cwVvYbB9E/Py85i7eH6NROHY3z5BbkgUTmDOjGnMWTCX12Nt2cjQyTskCutbi1VtFhAQISRQieGW/Y7940JN//K78DUlwVZJ3My61z7IH7kPor7TLWT1nap4y7ZY+Mx5n4RDhBoPoA9SXZUgCRhfvOjDFdssq/cMRXutV1B+JFEAz6WK4PWMoPZRVsj8ZoTszltt+EeLPWpYpD6Njahp8FYGp04wf8825q1bw9wlC5kzY+rvjyDjowSZOZ3Lk65cxu+FnDrJiHCbUhO4e7eLiuuuBE6Rz6hjU6KrlISDxN9z1LUnL9WNlO8jyt/SJPB8JxG0ThautzC4RwRpnlgjitUtGsXaaOHiM5AGRUxVhQs7P0hRLMehBMiEVF3F+MwZ31uy2TK7T1O0V3sE5RYJAngmRVReTZfUf3YJGV2Hy86sPAMdPulSTSc39Hy/279rGoxUXWGotIj5B3YzuLGAC1NXE2T874UgNxUrLlnIvPw8BndvZ6jkFCOScBuCbN3uoMJCD1dU1O0+CMY8weVYlGgK9Q+d9JxZKw2jyw8yeDcjCNqmSvKTyfe23L0xVz6XH00UwR+TRPXVrKDZbYLizS8wUWExJIFKTOUIv2D0AOVBoiFzQq5UIFxcDL1F602zW46ivtI9yMvdk0XQLlVS/54Z1NOHyM70ZYZ/4IRLFZUwH1KGUZ0+D7VMRoRKhs6VMP/ofga3buAqijOnMXvs6OtSP78ngsyZydxlixlct4b5+3YxfOY0I0Hx1nJ3L3+9xW8UXqrbjUJCGK3RuhmdLPHc3ALT6DdO0T7rEVLfvk8XppolCKBFggBaJQrKXzIlo9NI2Z6wRPe373VwSQkkV67wppYouqnuxoav2dKsoVqbMd6SjkgiJpcu+ujYcc+dvcY0u0wA2l+zJblZfAC0SRaUl1JF8GZ6UO84KGJPzNXhriMuDYVxda/3upTOUMdmJCQyXH6BoVPHuHr7mjwuFHdNOf13dIJMnsjc+XOYt3oFg9s2MfTTId7fMBK69cKUu3SFCXfvddDZc5ACUIfbNtVXbn3GXJei0vPQW1Pjyu2H9+nKbfW98xYJAng2TdK/GBSxBk1T3dzVFty9z0WnSyERBMwvGt1FqXiNHto3tGNriKamhkFIoAqh0hLf33/AdacvN8yMsbLSLkuSm8UF5McTBfBsigj+mirpXw4M26MXaHDLAYcEApgZXM2dobu/cktdhxEQZqTyMsPnS5h/aB/z1uczZ/6cGm3Pfj8EcXIm8RKT9fnM37+LoeJChn8uZ1SRbyWIM3uB4W3eZvvFJZCE66Bqck20gZ8kN4g29BgGtC/7hZXX74NoQ3WLsqZxAmidImr/7B0yskYBa8Is3VtZYPkHj7i4rBxRy6QMwV922egGckT7ZzRk119NI/jyZYSKTkJ/x07HnrRYN1JHycrLXSW5aYcAaJUYAE8mC+DPKaL2cd+wPWyuCtfvtsnly4gqMo/M+XXoBwI9RjWFkWCA4Z8v8areLRuYu2jBnbtE3e8NXyeC1LiTviyXwa0bGTrOu1CRQCWX/rlZtMGaOF3z1mzguq7B+uti4ctXEdx30HUXLTeMoeNVPW1wRG3/TVD+U7IgN47K/twTM+u64Bt4NElQX8sK6vEDIka/HxVryjzDW7/VRkWneYtkXSfMsngfRg/eHq53DczzuDnjedFGLA3TN54oCsFlZb5/9KgH12+07dFzNSN5eET5S2dRbhpXJbeMD8itEwX5qY6i9n6vkPntdNVbtdXGFy74NCRhqqk8Mne3A/mMWgajSpiRYBVDJUUM7tzG3KW5zM6ZxHGzssn93vB3ixq1WM60KbxN254dDJUUMXKlnJGwxNXebyaI8f041cldafrVyor1MRcIYUQQkX/ipOeu22jbU+fpZo8xQPuobwg8+ZUgN7kmovbr+yA1SdIiUVBeypC093qG9MTvIkbvsYo1fqHuLt1k+Xt+ctDhk65/tNhDhaUeKj53K06d9VDRWQ+dPOOh4nMQX6zwSZWArjWqsetm2twyeqqGVQAAIABJREFUfbJM0NlzPty733WXr7KsYdNUPX5IRPlzhig3iauSm8cFwKOJAdA6UdDe7h40e05W3EXrLHTyFCRXLvOC07o0PcKIUdfhjWWUCG/QeWAv89asZM7smfxm4dSawnG/EZLcIlM0ibdomzOLeevymX/4AMNl5xkJCrzRp2PfKhyn9xgK7Jm5Otx9yMFXA6heNjWljITDGJ89B+G+/a63fI1pDZmm6l8OjoBn00W5aVxAbhIXuLfFi3HcYX+ik6i83Dl67XZg2Mj4Uba+na7YE5dq7ow83Z272vAWrTXcZevMG7B0nekuKTDdxWtNd+Faw8vbxFtEFxZ7uLwckeqQsevUO6dCwhGMTpdCuHWH48zLNc2BkxT982/D4PmvRbnJl1Vysw4BuXlcQG4ZL6h/ywoanccBd8ZKw99/yMPnzvkkEMB1Et4ghGtjuQ6jtsnwlQrmHz/KvE3rmbt4AXPmzuIh32vSo9c7zT6wuLkDVc4krqo4cxpzF8/ntwhPHmek6ioXzLNM3qz0FoKk9otY4+ZocPMeG5dfRf+1D3htg1JGVJXb0adOQbh1l2OPX6wbySNk5YVMSW4W34BK53eBJvECaJ4kgFYpAmjdSQQvZEjqW9lB7eO+IaPjoLDx9bCI0W2EbPQaBcyBY29E/7HA7DsGGL1GA6PHKGAOylGc2csMuGmHjYqKIOaV0LwKob4EkUIYFZ7yvIKNtj1llm72HA30T/qGwLNpotz4yyrQJK5KbtohIDeNCygvdZaMlJGyPX6R7m3Z4aKTRRBfvoyoqtZdvBrz1mtEEhg6fYo3zVm5jCu7z5rBCXJDVOsBIMIvMKm43zGJX7OdO4u5K5Ywf89Ohs+WMiqHeR/16p6FN11ZbqR9lh0yh0xRvdXbLHS2zGeeRymE0abrdWp/QEhQwrj8EkJHT3ju3HzTzJ6kqG/0CIHWKaLcqqMImifeJ/HqaASteVRj6sVOIng1TdLeyZS0D7oGtU+6hfQvetwR2hc9QkbG4Ig1Zub/b++8/6so9v/P/6DgvQqoV7Hi5WPXqx/1ItaPern3WtJIQoJJhIQSqcEgSBECGIogRHqTXgNI7yAJJUDoBAicLeecnd3Zvju7M/P9YU6SQ8AoJBT97jwezwdwUsjZyWt33jPv9+sNncWrDe/AAcc/dyaWx6bjGxNI3VYxDvGeu3u/Y89fYujDi6GWM0SC7/YKg8c7c9Ldn16u2+T4LASe7CKon30dNYb8AO1Fy013xy7HP3kK4Wi00cEQBhL1T5+kaO8u6pSupM7C+dSe/iO1Joz742z7xhdIjR3Nsndr+qmvWkbRvt3UP3eGEk2NxZDX3sVspryRLerdRwN72nLd23/EwUDCRNMwsW1y3dV2hFBiW7F0Cd73TpxE7opNpvntDKimDJaUf+aF5WdzBNAmnY81sbwNDXQSQtI9SRy4nzXFAU+l8+DZDEF+qYsAX8sWlPY5otI+R4TtcwTYPkeAHb4Q4Ae5IvxvjzBM7BXRenwjmRNnqu66zaZ/8iTCQiOWWFfcuT3qn6/20JZdljV1rqb1GS6ryf2jyj/zRPBIetwGR0wgj2Xyasf+Eb3PGNmeOltzStdb6FCFiwWx8f1BVEhx9QXqHT1M0a5t1C1dRe0aG6D6fcvvNK/eazXQKR4T88GaS93VyynavpmdnF+upsQ0YuK49qqpGfh7Z0FNHSqZ381X3c17bHypmtWGaBq+ocDTQ4RYJiGaiv0Q56OdZbY9Y5muF4xT1JSvovDtXmHQLuv2tmBrnshJ9yZxoHUsX+uRVB48nsaDJ9N5uV0GD9ql83K7zpzcLp1Tns3gYPscAXbMC8PU3hGt3whgTV+gudv32jjEebVB+o32c/R9lmKNXOKfrkLums2mOaYEql0KJLVjr7D8co4AHkrlag2tYybX4JF0Hr6TH9ZyhkrGtxOhvWCpwXq5N7LHC40ZyUUEii+cpf7RQxRt30Kd5UuoPa2EWjU7Wld0tb1DgvZrNfOMLQXtWdOpEzs19w6XU7/qDMURMebo/uuOMM1Aq2RO/XBgxBj8I3RXbDS9E5UIX6r2MJDwDRkhE0KJH2viqenYP37KddZutozJMzW9f5EMkwZG5Ve7CVLLeIHc4qdI7RlJIjN2iJk7SPcywH2JIem+hBC4L+Gy/Lfky/KLXXj4UXdRzegX0QePke0Fy3V0oMIhEGKCUF1HrusdGLOlLHIJtS3iV552ncXrDP3r8Qr8pEdEebOrKD+dyUv3p9QtD2sE8nAap7zRTYTJ/aJ632HAnDpbdTfvsPzz1Y1v4uk6zMw6KjIz6wP7qbu+lAXs34+n1oRi9osYW77cMXla8T1BasRRPJaaE4rZ02PjOuodKqP4/Bm2c6UqV6W31x/NpBaJHOzQJ6znT5DtGUt1tGeP7R0/jnye94l1A1b6cYM4LvEvXfZQ2QHHWVVqmpNmqVrvMTL874AIePpzHjycxkmtU2KJjLclJomnru3APQkh0DIxBB5IDoEn0zn4dndR7VwY1QuKgDF5puqu32L6J8+4xGzczhXxPEpti1BNwwRI2Nt32HGmL9P0nkVAeStHlF/sIoAn0nipZXKcQGI9Ch9I4eQXswX4Uc+w2qUgqo+cDJ2VPxv+8dMudR1CPUTIjZ7PeIhSy6REUyiJitQ/eYyiXduos2IJS4OP39X6tTbQt/qpMa7esi+uYY4140dWNbh3J/VPH49t60qUWMZVJ+f1RzOpeQIHX+shap+PAMbYGaqzco3p7t3v+FXn0Q2lv19xoT2Co5LvnzmHUNlBx1m9wTQnzFX1XmMB/FefsPy/3QS53ec8eDCt7hfglvv31hPI3Z+FQOuUEHg8jZOfzeThm7mCljE4agz+XrZK5mtO6QYTHTjs+Jc5jzg3cGodP1yXEAgxFgQfV53z0IYdljl2jqqmDZHA8xkCaBvLhL4i0ZMBWtX4ZHUV4b97RvS+Y2R71nId7TvkYBlgoussjrwRWyPfZ1uelkGJqlBcfZ65Lu5gmb7OolhB1aQJcY1qxlwtllv1xCiu98QoHsu2c2dOo/ZP86izailFO7bG4o6LsW1djb3H37iBNJOaJ4TAC11FNbEwqg8slq0fZ2vO+i2WV3nSxcoNZPfGDeL7lOgGIZLk48shDx086jrLN5jmdzOhljtcgh/3iyiv54rgiQy+roHMbRMJ+/+bJ1wGj6Ry8guf88rb3UQ1pV9ELxwv29MXa+6mHZZ35JjrX6z2MJBxY03niG0REon4/tmznnf4kOssLDWMwimK2nFABLRJ5er6g1zj5703mQOPpPHgmUxBeTVb1DKHSua4eSratNvC3GWPSFGf6NoN9rpn+XWUtbRgS60LZ6l/7BBFe7ZTd/0a6iyaz/oWxreEHlN05TnJzW6VUK9RZ/z/a02bSu1F86m7bhVFu7ZS78hBlm8FopTYFhOH/9s7tc2kuz8LgXZdBPhhflj9YpCkDy9WrIUrDXSgwiFAbtyOCKG162ziuhSHoz4qP+zYi1cb+qjvoZb7jQQ79g7Lz3zOX7mNeatFcqVA5Kc6c0r7riJMyI9o+d+wg9SN2y3/zBlEZAlTXcfUcRqdKk8MnfiXLvmoogKhbVtta8oCXcsdLSuv9QqzA9UGsg5aMFsjECsKU/89IGIMngrd5RtM//RJhEOXme/XjaSexE8gxpSYOiUgTHHoAvVPHaVozw7qrl7O6tYnTWCB+3djWO1IbZPPmyyQ+G3cMUV1NSvFY6lZk4y4ejnr/3H8MMUXz1EihZk4ruMgvJl0d0IIPJ7BK2/kivCTPhG1+zfAnDRPdTfttvyLlzximoQ4DqGed2Pr7bgEP6Jq2D99Drk79tj2whWG+d0MqH/5HVA/K4zAV/IE8GyOAJ7swoOH0zmpVTJru3xPvK/vbzS6/L3xxhVBehInte7Eg0fSedC2Cw+ezxHgR33CatZQSS8cJ5uTZqnOqp9N72CFgznOJ4ZOYhnAjbgeseRORcH+ydMIbd9lOwuXGsbwH6CW9o2kvJgrXtWCrT5xO3HgoWQOvp0f1vOLZXvaEg3t3m37lZUuDnEeuRFD8vo/r2OzoF2KBe3HDrNUlNUrmAPK7BnsaVITwNfmbn137W3hayU//hq/+jU1YimuizdKplBr5nRqz5vD3BJ3bmO5VtXnKA7zLChH7nW9/WbSXQkc+FsqLz+bJcD2uaL6ab+IMWSK4ixab3hHjrskEvEJVFgi3424EMbVTBDTIpgXfe/kGYR+OWA7qzaZ1pTFmvH1FEXrMkJSP/0qAt/OD8sv5gjg8TQePJzKhNIi8foaYf4WzRNC0j2JLBW+VTIHnugsKC93FeG7+WGYMDCq548BZtF0aM9drrsbtlle+WEHV11g9TKxPhzEvxEn9Xon1uGI7x084jjL15rGuKmq1mukrP6nf0R+Olv4TYHcncjVvAepVRKnvJonqhnDJGNkCbSXrDDcnXts79QZhG/kZL3+/CFEiW2yXK2oSPHFKupVVlD0y27qbtlA3dUr2GHijB+pVTKZBfATxl3RF7DJGfcdNSeOYx67UyazeGPhfOqsWk7djesp2reLescq2LIqKlKiyizX6jpjsmbSXYkcaJnC1rPtMgT4Rq6odx8D7JIlmrdrv+1frGKpFJqGb6R70RUX2vMI0Q2MJeDjEO95R0647sZdljN3hW6Ongb1PmNlLXVQFL7bIwyeyxDAk7HeIn9NbGQn2Xqf2yIhBO5NDIHWSewc5IUsEX6QH1EzBkl6/9GyOWG26ixZZ3i7y2z/1BmWmCgBdpPw4lLcb+QaxMRBkUtwiPfQjn22PX2hpvX/VlY7FUSVDnlh8EQG/3sEAponhqR7EkPSXxND8rPZPPxkQETvMxoY35eozup1pnf4qIOjUuO9VXHsZ3YdlvUrRSgOVbMCq4oD7DBx3SpqL5zHdrlKfmCOKDW/zGNHs1rwMUWxP6+XorqvHVvT8eq7WvM3a+Y0ai+aT511q1m8cbic+qdPUHz5IsVShBLToMSx2Xu4znlrxtaziWz/v2USBx5L47XEwVFz5Azortlk+ceOuv7F8x6WpBsL+BoYBELsnz2H0J59jrNytWlNmqnpA8awE+T22SJ4IVMAT6RzUquUEGiReFlqkRBifFZH88/YE+HXaHEloEXCZenexJB0fzIH2qRy4Ik0XumQF1bTCyW9cKxiTZmu2avXWujAQRfznE8di8TKWWmj69fZTYJS1yXUsgg+dwG5pVtMo2gqhKm9o8p7XcPghUwBPFxzMPhbZ0S1N4HL4InOnPJWd1HtXBDVCobL1syFmrtzX+MztOsPjCl1bUpMlRIoUcxdpH7lYYp2b6POmuVxuVuTrgyixxQxj60arhBLUT1ir4+u/zWj61rCjSum1pTJTBw/zWXWPbu3U6+ygvValERKdMiC8UaMZrXr2XuYSOSH0zj1w/4Ro+942Zq2UHc3b2UpDJdDHjM5aMoSU4P4HOd7x08gtGef467aYFo/LtKNESVQ+3KMrGWNkNSEQVH4Qb8wbJ8vKq/3EJVXckX5xS8E+flsATybJYBnurBml+0yBPD3ONplso89myXIz2cL8ktdBeWVXFF5rbsIO+SL8MP+EfXTQVEtdaikfzlONkbOUO1ZS3SndIOF9pU5/pmzrOsvcgn1ELvzN/J9E8+jRNcxjkR8v7ra8/aU2/b0pbrWd6ysfJAXll/NYiYX8QeDvyWQmEjAw2mc/FKOAD/oFVbTCqL6t1Ohs/Rnwzty3MVSI9KHrnoTmFLPpdQ2KTFUSiSR+hfOUe9YBUX7dlF36ybqrltDnWVLqD1/LrXnzKL2zOnsFL5kCkufnzKZJQ5O/p7FDpMmUuv7CeyJUPPvSRPZx6dMYmcZJVOoPb2Efa85s6i9YB51li+h7trV1N2ykaJ9u2uXVFiqWVIZv3kQ+FujWe16NnaqDO5P4WD7nqKWOVQyhk1S7LmLdbRlp+WfOouIpl9//XZD19pxCFYU7HO87587h9DBI667da/trNhk2rNX6vbEBaoxfBrU+02UtbzRQMsaLqmpgySY0D8K/9s3AjvmR+CHvcLKe3lh5d28sPJOXlh5JzesvJMXhu/1CCsf9IwoH+VH4H/7RmBCQVRL/TqqdRkq6d2LgD5gomIOmwat4vmaPXOV4a7abKIdv9jekWOud67Kw2KYZejWiKMpqgZdl+BIxPdPn0GorNyxl641jW+nQbXzN5L8crYA2qbz0kOdeOm+pOvYgIiJpFUKB57I5OUXcwSlQ25Y7z4aWJMXau7mXbZ/9izyOc4nEDZ+FUBI3Raww2pIcDRM8eVq6p89Tb1jR6hXvp+iXdupu3kDddeXsmB+2WJ2frJgLrXnzab27BnUnjWdxQ4zfmS//NNL2N9n/shenzODJRcumEudRfNZu7TVK6i7bg1FmzdQtHsH9cp/YcI4e4otqaLsyUEsM7aV27gbQp1A7k7gQPOEkHRfEie/kCPAf/eJaLlDJH3UZOgsKTW8Q8ccosBG+S9dda19n1LHJcQwCFFVjMUI67J04gzyDhxx0dY9trPiZ9OevVS3Js3WjNFTVX3IeEXrN0rWeg4Fau5goGZ/JakZ/aNq535RNa0OmFEgqdmFktrta6D1HAb0/kWyPmS8YoyaAq1JszV77jLDWbnRQlv3OF5ZheufOIPwpVisoWqYmBYrgmrKG4JlEf9iNcssWL3WNL6fqWm9imT4f30i0iOpvNQ6tnN3I+3q7kniQKsUTvpbKg8eS+fVjwujxqApivPTasMrK3P8U6cQFkWf2I1zYWRvhNSVHCOXdcnVNUoUmWJRoLj6AvVPn6De0UPUK99H0Z4dFG3dyJqDlq6kzsql1Fm6kNqLF1B70Txmlr1gDuOnuSyWWTSfOssWUmflUuqWrqDuz2so2raRenu2U698H/WPHmJxRvUFisMCJTKgRFOZMFAsG/0GW9LFj2ZXbIPenRAC9ySGQNt0XnkjR1Q/7hXWeg0F9g/zVXfrXhuHBGZw7bosWG1i0zVm/GARoqkESxHsn6/yvCMVrrtjp+OsW2/ZS1aY1uwFujF5uqZ/N1nVR02E+rBiRR9UJGuFo2TtK4Y+cJSsDR6j6MPGKfrIiVD/brJq/DBDs2Yv0J3FSw1n3XoL7d7teEePIlx9wcdhEROosFLaph4YsxuB5xGsKNg7dsJ11m6yrKmzNK1gjKImfRVVXu4mgr/GduoalZdWlxEAX+8lajmjgD1+luqWrjPR/nLHP1fFvM+a8CZHKb2yVt+xKVEV1lY6dJH6505T//gR6h3aT9G+XRTt2krdbRupu3Etddevoe66VdQtXUndNcupu2YF+/vaVdRdt5q6G9dStG0DRbu2UO+XndQ7vJ/6J45QXHWK4ssXKIkKlGhK3aFfEwjiyveErxaI1CKRk9qksh7i7buKMLl/VB88SbHnrza8ssOOf/6ih8MRnxgGbmpPKeJ7MY8tlg2MRdH3q6o8r7ISoQMHXXf3XsfZst12Sjda9sp1pr201LAXrTLsBct0e/4y3Z5Xh7VgBfvYkjWGvXKd6azbZDmbt9to1x4blR9wveMnEL540YuJAxPTIOQ698h/+w0RShyHEE3DWJKwd7bKczfvtq0fF+taQbGiphVKyju9IqBdlsAKyZpQIM93FdRPC6NG32LZmjRLc1f+bHrlFQ4Ocawvim0TUs+ouTHvsxbksl0jKFMihSnmQxRXn2dCOVlJvcoj1DtyiHqHyik6sJ+i8l8oKttH0f49FO3fS1HZXvbv8l+od6icekcOUq+ygvonK6lfdZriS+cpFi6zrVsoU1oTZzSQsn7dIy6JtNlVF7h5Igdas1oJ+X8yeNihu6jljJCM0TNUZ/laE+0tc/zTZxCOSn6Td2fCmCXwxbJbiaZiHI1in+d9v/qS552r8rxTZ5BXedL1jlS66PBRFx086qDyCgeVH3ZQWRwHjjjewaMOOnTURUcqXe/4Kdc7dQb556qQX33Jw4Lgs+BVJcRiT8XGrlev+X50nQn93DnP23/QseevMfQhUyBMLpSUDj3D4PlsEbRJ59lhaGOzmmsEkhCSn+zCww49w2ryV1G9T5Fs/zBfc9dvt/yTpxGOhDGGCqG23XTGeTUCieVx1S67oEIJiFIcESkWOCaY0CXqX7pI/eoL1L94nvoXqq7k4nnGpYsUhy5RzF1mXxsVKZGj7Amla5TGxxmNaGJ61WDvgVDTqC+QuID9XnYAJT+VycOP+ka0XqNkc8I01V6+2kT7Dzj+5VDTN8CMf1THliXUdQmxbUJMk8UquoGJpmOiahhDFWNFxViGV6NA9jGosphC0zHRDYx1g30v244tFZswCK//dnyfYgCwX1XleYcOuu7ajZb53WxV+3wEUF7JFcFj6bz0YCoP7muqCss6gYAHUznwdKagvJ4jqh/3jhiFExRn3krD23/AxdUXfRwJM5ugpr4p1CsCowhR6rqUOA4lts3q3i2LCcg02dPm17BM9rm2RYltU+o4rMENQux7XzFvTTd3BCFKLZMQqFxDIPHLrbs/C4EHUjnl1W6imlgQ1fqMlM2JM1Vn9UbTq6h0MZAxMU1CXJcQ7w7q9Xc7R0zYxHEI0XXsn6/2UBkTh1WyQNf7FCvwX/2j4PEMXro3tr3epM73sV2tlkkcaJPCgadSeeW1LFHPGiaZY2eq7qqNlnfgkOufPsN26iyTNKqm5c8w4kRNfI85XEYiGFdXe78ukJqgvWUyJ7fLEmCHnmE1oSCq9x4jW5MWaE7pNsurPOn6l0IekUCja0f+NMN1CdE0TKJR36+u9tC+g46z7GfTmjBH0/sVK2rKYEl5vWdY+lsqf/NMLGJ19/cnc9IjKTx4JkNQ/9M/ouePkc1xs1Vn8RoTbd9re5WnEA6H2TLTtlhM8v/jwJgSL2afa5kEi6LvHz+F0K79zq8IJE4kf0niwN/SmBPIy91E+PHAqN5vomxPXay5m7ZZ6FCF65+v9vCNGF//CQcxDILDYRZzHDrsOis2mEbxbE3rUSSrH/ePwvY9w6BdliC1SuFqLZBuhoFF3DIZPNKJV17LFdVPB0S0vBHA+HYqtOevMtDOfbZfVeXhSBhjFd6cXbw/wojFHMTQCVZk4p8566Ede217wUqjAYHExySxVmr3JXPyM18IasKgqF44QbFmLWA9x49W3pht6Z9wEAixf/Eisz3atNm2f5in6fmjZfh+rwho11mo65eSeHNT+mNnW1LzWN7Z42m8/HKWAN/LFbUuhVFjVAl0lq8zvSNHEL500cfRCHO7v5P6pdyiQTyPtfBQZIIjIvYOVbju0lLDGDkZ/rZA6gd/j2TwsEN+WMsYKumDJyjWjwt1Z+02y6s47uJwxMeygrFuMBODJjxku7NGXIYyQpSYJiFQxVgCvn/qLHJ3lTnOip9Na8oCXS+YoGiJg6LKSzkieCiZA62TWO1781tR7xKbt+YJIfBgMgfapvHgxQwBftQrrPcsAub4OaqzcoOFdpc53rETCF8OeURVmTuj6zY+LeVOHYSw3dKaIwVZxv6lkO+fOI288sOuu2KDaRbPUrXuw8HvFEjckuv+VB4811WE7/WJqJ0GS9qACYo1aYHmrNxkovJDjnfyDPI5vsYV5abtEN3WER/UxZZU3rkqDx055robd1r27JWG8e1MVe8xVlaTBkvwzfwwaJshSK2SYjUuN2lZ9Wtz1jyBk1omceDhFA48mcrLr34hqJ8WRPQeY4A5cjq0ZyzTnTVbLa/ssONXVXlYEFhayp91yeX7lFgWIRBiEgn7/tkqzys77Ljrtln2nJWGUTRD1XuOBuon/SPXIRAGuDeZAw9l8ODv2YLycq4IP/4qquWPlY3iWaq9ZLXhbt9te8dPIhKN+tR1CUVNk+h3x4xacXjM9FkG2Dt71kP7yx177QbLmvqTbhROVrT0YZLyVu+I8nKeCNp2EcADqcw5pUXibWmLLd2TyEktkzjp/mQOPJ7OK690E+GHfcJqp6+jer/xsvX9PM1d+bOJyspd79QpJpIb8fn9AwzmuKMyg8Oqsx4qO+C6K382rUlzNX1AsaxmfiPBjn0jyitdxesWSO2dqWYb+O9dBPhRn4iaNxToo7+H9qIVBtpT5uDLIY/aFjuAuwlpKbdt1OQhxeojsMBj79Bh1y5dZxklM1j6SMLAKHghR6wTREJNGsnt8QGLX27FXFukB5I58HgqB55J4+G/8sPal0WyNXm25q7/2Ubl5e4Ndxz7IwwPsVZ356s8r+IQQus3Wdak2ZqePxIoH+aG5Ve7CKBdGi89mMw1UiAJIfBYBq+8nieqn/aPqHlDgTGyBDrzVupo617LP3rS9c+eRzjEe1iSmNOGZbH45E4XTPyhpeuyw0VNwzgqYRzifP/cec+rPInQzl9sZ/Fawxw/W9X6j5bVtEESfDs/DNp2YekjtU+M2ymOK0UCWiSEpFZJHHgohZMe78Qrr3cT1aTCqN77O8UaO1Nz5q4y3A27LHTwmOufv+T5nOATCbCiudhN72bk4jXpuCIrw66dO58XfO/seQ+VV7juhh2289Ma0xo3RzP6jpPVpIFR8FqWKD+dzkuPduKlVkk3KpDai81JD6TyoF2NGXTvsJY9XDK+nqzYP/ykOkvXGWjzLss7cJjVV/CcjwFgToR3cgAYLw6EKNE1gqMRjEOXff/0aeSVH3bQll2Wu2K9YZcs0oxhJYqWVwTUTwZElLd6heXnvhDAQ7H0kVu9nPo9cxarZ5daJXHgwWQOtOsiKP/sGVb/MzCqZY4AxsDJijV+vmYvWmu423Zb6MBhxzt1GvlcyCdKrIV2E5hW3MxBPI9Sh23dEqhgPxTy/VOnETpwyHU377SdhaWGNWG+ZhZOVvScUUD99Kuo0r5HGLTL4KVHOvHggWROurdRAonxl2QOPJDKgUc7c6BdFx526CmqSQMjeo9vJWPY94o9bYHmrv7ZRPtZyrUfCvkIyf7kAAAN+klEQVQEQnxH34Hig3DHoQQA7Fdf9P3jxxHas9dxV60z7WnzNWPE94rWayRQUwqj8J1eovxMFg8ez+SlB9N4cF8Kd9POOBpLjWnFPTGh3N+Jlx/N5OW/ZwvKC7mi2rEgonUbCYxhkxRr2lzNXrnWRLv32v7JkwjzIR8DCRNDZ8Z0d+pAiIlDAZiIvO8fP4HQrj2Os2qtaU2brxvDfoD6FyOB2nFABL7eQ5Sf+0IAT2Tw4P5kFqvFlseNF0h9T6nH0jj55S4C/CBXVDv3i+pfjZGtybM1Z+U6E+3e63jHjiMc4jyi6ZhYNnNMcV1CkUeo5xHieXVpD02VnVl/1Mv5Ir7H7jieR6iLCLUdQkyLEN0gRFYwPl/t+RVHXbR9l+Msi5UGDxwtq537RuGHuaL8ShcBPJbGSc3jO2jdalPuRjxRamHOknLbTF55p0dYzRgY1QpGyubEGaqzdLWBdu1x/OPHUW1Gt27guvlD9eYvbveyyeaQXGPu/Lq5Q4gt/xyHEFXDJBzxcfUlzz95Crk7djvOklWmNWm6pheOVrTOhRJ8u0dYfiKdB60SWcl5ixp3zbr5awKBJHJXWGI+mMLJ7TJ4+dVsAb7fI6ylDYrqX46VzRHToT11ieYs+tlAm/ZY3oGjjld5yvVPn0P++WrPD3E+DkfYEkzTWEPKGruhmjz/xlzoWrsd/4q0AqJrhCgKJtGojzmWNeyfrUJe5SnkHap00Z6Djrt2u+XMLzXsyQs1c1gJ1PNHy1pqYRR+kBeW/zdbkP8ng5lL1JhH3PZYozEiSQiBR9J58FKOCD/oFVZTB0a1/CLZGF4C7SmLNWfhesMt3W6hnWU2OlzpeifPIO/sec+/dNnDvODjSAQTRcFEZ/ZIxHXY9W7sHMYyhUnM8ILadu3c4WgUY0Hw/Ushzzt33vNOnUXo4DEX7Syz3XU7LGfxetOeskgzRpRA/csiWU3/SoIf5EfY2VRqXE5c3XlfUwukTiQtk1nvjbbpvPx8lgDb9xDVDwdEtKRvonq3scAonKqY4+ap9tzlurNivelu3G6hXfsc73CF6588ifyL52NdmwCmuoapbZFaN4pGXeBYhqnvEerWXFyAcVjEfnU1iy0qjrhoX5njbtlhu6s3ms5Pqw27ZJFuFM1U9X7fK3r2aKAlDo6qH/aPwH/2EOXns5g9aJtUTmqZHBeI/xGeHr8uFNA6lZXvvpAtwPZ5IuzYL6J1+iaqdxsD9IJJijlqJrRLFmvO4lLDWbvZcrftstH+A4539JjrnT7t+ZeqfRwOY6JCQgwj5iPWyDmMHcpSxyHENAhRY2cYly753pkznnes0kVlBxx3+27bWb/FsheVGnbJYs0cPQvqAycpet4YoKUNicJ/94vAN7uL8gs5gvxEJg9apXBX5sRdWercRAKJo0UiS0tpyXpwSA+l8eCxLjxomy0oL3cX4Uf9I1qXIZI+oEg2iiZDu2SO5ixaYbgbNrIqvyMVrn/ujIcFzicgiomuEVLjodqIzlexElFCPZddYBlgIvC+f+G871ceQ96+fQ7atMVylq007RnzdbO4RDW+Llb0HsOAllIYhe/1jigv5YrgySwBPJbJSw+lsZSRlrE0nBspk71TuSeJk1qy2FJqk8bLbbvw8nM5gvJKngjf7R1Wkwujes+RwBg6XjG/n67acxbqzoo1prtlq+3u3+96lZXIv3jBJ9EwJorMyhQaM4fxu4mGQQhUCA6HMb543vOOVyJUVua6W7fZzqpS0563SDcmz1D1oRMVrWcsPnz/y7DyRp4ov5AjgLaZPGiTxt7bfcksjaqBWLHpBVJ3NwrVtxEFrVM48EymoLzVLQwT8qPqF4OAXjBaMYp+UO2Sebrz00rDLd1keTv32d6hI65//BTyz1V7mBN9EgE+ico+kRQfAwVjWalX+xFHbV2IgjFQMJZkjCPAx2LEx7zg45q690NHXW9PmeP+vNV2lqw27ekLdLN4KhNGz6FAS+sXhR/lRZTXskW5bXrMZb2uic3vs+b5oxJ31vXXRJY+f38ys0l6NUeEHXtF1MwCSes9XNaHjofGuGmaPWuR7iwrNd0N22y0t9z1jp5A/qmzHj5/KTaHkk+iwCeSzOawBrkeNa9LCiZAYXMeAT4OCT4+f9nzT53zvCPHkben3HE3bLed5WtNe/Zi3ZgwQ9OHTYBq3xEyzBwoKf/uFQGvZYvgyVQetEnhQOvkkPRXZpP0e3vT3GSB1OM+doorv5glKG91DcP/9I6oqV9J2hfDgd6nWDGGTIHmmNmqPWWx5sxZrbuLNxjumu0m2rzPQjvKbLT7gI32HrTR/sOsivDAEQexqsErOXiUfay8wkH7Kxy095CDdpfb7vZfbLRlr+Wu3WE5Szeazpw1hj1lqW4Xz1ONYSXQGDBe1ruPBGrnwZL6ab8IfL9HWHktW5SfyRDAI6n8tVzW/9QCiS/DvpetCqSHOvGsEKubCD/sGVET+0e1LkMkrfsoWS+YoBjDf4TWuHma/eMy3flpneEs32S6pTsstHkvm8Nd5WwO9x2KVX9WxCpC4yirYB/bd8hBew+yed9ZZqPNey23dIflLt9sOgvWGfaPy3SreJ5mDp8G9YKJitajSFazvpFgcv8o/Cg/rLzRTQTPZApSm9i27X1JnNQi4br60twkgcRd4Pgf4p4kTnqgEw8eS+fB0xkCeClbhK/nifDtL8NqjU9V2jBJyy4Ceq9xsj5wkmIM+xGa382B5qT5qjV1oWZPX6xZs5ew2vMFy3X7pxW6vWhlHQtjLFiu23OX6fbspbo1fbFuTV2gmd/PU43i2arx7TRoFE5W9Pzxsp49GmhpwyU14euo+u8BEfjul2H4z+6i8o+uovxsF0FmMQYPWqfEllE36g38RyQhlhGcWLt0Bq2SOdAmjQdPZQjy81mC8mo3UXmzZxi+1yeidiyIqImDo1rGCEnPGwv0vhNlY9AUxRgxrW4OpyzQrGmLNGvGYt2es0S35yzV7blL6/wE5i5lr81Zotszl7DPnbpQMyfNV43vZqvGiGnQ+HqKYvSdKOt5Y4GWMUJSEwZH1Y4FEfh+nzDs0FOUX+smgOezBfBUJpu7Wp/nRObccx03tZsokGsQX87bMomTWidz4P5UDjyYxoGH0nj5iUxebpclwBe+EOBruSJ8t1cYftw3oqYOjGrZg6Ja7hBJ6zUUaP1GyFrBSFkrLJL1IWNk7ZuxSi1DGHrhaFkrGCVr/b6VtS+HyWruEKBmFUpqWkFU/bRvBL6fH4Zv5InwuS8E8PcsATyRyYNHOnPgodSQ9EAKJ7WO7YfX7HDcju68dwp3x9E8kd3o7kvipFbJrNfjA6kceCiddRB+sgsPns0WlH90FeGbeSL8MD8MP+kbgakFbA67DZa0nt8Avc8woPUfIWsDvmVzOXAUo2Ake63/CFnrPQxoPb8BWu4QZuGUWhCFn/SNwA/zw0qHvLDyj64ieCZbAI9l8uDhzhx4KI2THkjlwP0pIdAqJVRnfp5Ud2B7nXN4awVyVyIXv7a9ir8k1p3uPtqJB093FuSXswTlzRwR/l+uCDv2CMNPekbUpN4R2KlPFKb1i6qZ/aPq5wNjFETVLgVRNbMgqnbuF4Wd+kRh0pdR9dNeEaVj94jyXrew0iFHBK98LoJnMgTwWCo7GLoviQN/TWT2pPWaZf6544zGzuE15vEviSwhsk0sc/jZDF5+NW4O/5UXhv/tEVETekVg0pdRmNw7ClP6sLnq1CcKU3qz15K+jMLPekXgf3tEYMe8sPJ+t7DyZmzunussgLZpvNSmEy+1jls21fk0N9l51G0QSP0LHEfs6QJaJXPSAyk8eDSVl5/K4MFzmYL8cpYg/2+OoLyRI8IO3UTl7W5h5d1c5qr4Qc+w8kEPxvsx3s0LK2/nhpUOXcPKP7uKyqvZovxSlgCeyxTA3zsL4LE0XnqwEzNM+EsSB1okMi/fuz+7anMhEMd1zGGNa/79ySxeeTyNB+3i5zBbUN7IEZX2XUXYoZsI3+omwrdzRfhOHvvz7VwRvpXL5rh9V1F5PVsEr2aJ8stxc/c4E0fNzU1qfg3BNlFi6G0SSOwC1yd+rXtvErMfejCVA23SOPBoGg8eT+fBk+k8eCqDl9tl8qBdhgCezhTAM/V4OrPWq1d+KoMHbdN58EQ6Dx5N46U2qTx4MJV97/uS2SO4LqGQu1IUf/YY4ybN4T1J7EbXMrYEi82h9GhabTdh0DaDl5/K4OV2bC7l/8lkf7bLZK/VzNuT6exrHk1lT4wHO/HS/Sk8aMlypa4+v2jam9ptFMhvcOW6N8SIc2q/53cS7+7ePIF9n7sTb14teMDV8/drc9jQPF41bwkhEF/Df4vm784VyBXU21b9tRimod4ht61JaECj5vCuq5a8t/Tn/oMI5Ncu8O8kEMcdwnXO4VVx4K1f7v6BBBIQcOsJBBIQ0ACBQAICGiAQSEBAAwQCCQhogEAgAQENEAgkIKABAoEEBDRAIJCAgAYIBBIQ0ACBQAICGiAQSEBAAwQCCQhogEAgAQENEAgkIKABAoEEBDRAIJCAgAYIBBIQ0ACBQAICGiAQSEBAAwQCCQhogEAgAQENEAgkIKABAoEEBDRAIJCAgAYIBBIQ0ACBQAICGiAQSEBAAwQCCQhogEAgAQENEAgkIKABAoEEBDRAM+muJD4gIODaNJPuThQCAgKuTTPp7iQxICDg2gQCCQhogGbSXUmXAwICrk0zcHdSVUBAwLVpJt2VdCogIODaNJPuSjoeEBBwbQKBBAQ0wP8Di9u8d0RdHswAAAAASUVORK5CYII=','1',74,'2016-06-21 15:51:06',74,'2016-07-04 18:13:53','0000-00-00 00:00:00'),(2,'c34d67c2-4b50-5316-9a75-0c3dc738685e','be0250e7-ef9b-5507-b2e4-23a1df54e339',NULL,'AH0000002',1,'2016-06-25 21:45:19','Mr.','Raja','raj',NULL,NULL,NULL,NULL,'1988-06-25','M',NULL,NULL,NULL,NULL,NULL,'OP',NULL,NULL,NULL,'9696963214',NULL,NULL,'data:image/png;base64,iVBORw0KGgoAAAANSUhEUgAAAMgAAADICAYAAACtWK6eAAAgAElEQVR4nOx993cV1d4+/4MULx25gApeReGqF14VsX/VaycnnSSSQIDQixTp0qVLl96RDiK9X3ogtEDCC8mZds7smT199uxyvj/MSQExlESI9z17rWctVjiQObPnmf2pz6eG/FT85RhiiOHeqPGkLyCGGKozashPxV+LIYYY7o0aoGZ8YQwxxHBv1JCfii+OIYYY7o0acs14MYYYYrg3YgSJIYYKUEOuGRBiiCGGe6OG/FQ8H0MMMdwbNeSnAlwMMcRwb8QIEkMMFSBGkBhiqAAxgsQQQwWIESSGGCpAjCAxxFABYgSJIYYKECNIDDFUgBhBYoihAsQIEkMMFSBGkBhiqAAxgsQQQwWIESSGGCpAjCAxxFABYgSJIYYKECNIDDFUgBhBYoihAsQIEkMMFSBGkBhiqAAxgsQQQwWIESSGGCpAjCAxxFABYgSJIYYKECNIDDFUgBhBYoihAsQIEkMMFSBGkBhiqAAxgsQQQwWIESSGGCpANSNIXLDyeNLfIYb/JlQjglQFOWIkiaFq8WQIUjPAybUCnFw7wMl14jn56XhOrpfAyQ0SOLlRAgcaJXKgcRRN7oPGif7nGyVwcsMETq6fwMl14/3/t3b099SMohrc8Bj+WviTCRLno2Zc8A7UCnBynQAn143nQP0EDjRO5OSmSTx4NpkHLVN48EIqr7yYyisvpfGgdWehIigvpfHghVQetErhwfMpPGiexIMmiRxoUEKUAAdqB4K/u4aacUH/+p78Jvw1cJ9T+173t+w+/2VP+D+RIOXJ0ekOgNpxQblugJMbxHOgcQIHWiTx4IUUHrTpLCivpQtKuwxBbf+tqL75rai+1aVivPGtqLTPEJTX0wXwzzRBeSmVB88l86BpIgcaxHOgXiAo1wkE5Vq/v44YSR54L+/xkHfy8bt7ei/8dUny5xCkxKSpFcfJteOCcp24IKgTCIK/BYJy3XhObpDAgSbJnNI8lQPPp/LglXRBaZ8pqB27ieqH2RL8pLsEP+shwS96huCXORVC+zxHgp/2kOBH2ZL6XjdJfSNTVNpmCEqrNF5pnsqBpskcaJgUlOslBOW/BXzUCfjXVDt6msXMr4r2stzJfxdqR1GnAtQuh1pxQblWwEfJM1LN730VESSuzK+oFeDA0/G+X9A8hQet0njwSoagvNZNgG/0FGHHPhL8cGBI+3xISIsbEdaSx8hG5njZ6DkZGAOmKcbQmaoxfJZqjpilmqNmq+boORVj5GzVHD5LNYbOVI3BMxS99xRFz5oI9M7jZD1+ZFj7clhI+2SQpL3bV1TfyhGVdtmC0jZTUF5K58Fzqbz8TBIv108ovfayDfu/crLElaDEVCrbyzrxnFwvngMNEzjQJGoGt0jmwXMpPGiZyiut0njlhXQevJgmgBfTfbSO4sU0AfwjTVBeTPOfgZap/r9rkcyDvyf7vmODu/zFmgGu3ClT7tr+sgQpd3NrxUWd7gAHGiRw4LlUXvlnF0F9O1uEn/SWYKdBYb3zSNnoPgGY/acr5vC5qvXDz9CZtlpz5m7QncWbDWflDtNdv9t0N+y23F9+s9zNeyx0H7ibfrPcjbsttH636a7ZZbrLthrOvA2GPWONbk1appkj50Nz0EzFyJkM9IwxspYwNAw/7x9S3+8ugXaZovJSOg+aJnNynUBQrl1iipXfpCf9AD8uYnS602+oHfCDJs8k8uC5ZF55IZUHr6QJyqsZgtq+i6i+lSXCt7uJ6rvZkvp+D0n9IIoPo3i/h6S+111S382WYMduovpmlqi0zxSUVzME8EqaAFql8nLzJB40SuDk+vEc+FvAP2VqRk23O02yvzRBgvJTnYKgVlxQrhPHgboBDjRJ5JU26YL6brYEO/ULaZnDZL3/eMUYMwva0xfrzqK1hrt2m4W277O9gycc7/hZF5+9iHDeNY9cK/RIfqFHr9/06I3/9WjBrYpx46ZH8gs9cq3AI5eve/j8JYRPnne9QyddtPuQ4/6yy3KXbzTsOct0c8JcaAyZomg9RgKYPCAMP82RlPZZgvx8Ki/XjZpftX/nWFaDh/lPIwdX5kfEFcs1OwXlWp38l0SdQBA0SeDA88k8eKWzAP6VLsIOmSL8oJsEP+sRgl/1CsFOfcIwoX9YSx4Y1lIGhbXOUaQNCmspA8MwqX8YJvQLa3F9fJP40x4S/DBbVDtkisqr6QJ4IZUHzRI5uVE8B+r7Zm/pdTxVHk9uHx6dIDUDpSeGXDfgm1TNUnilZTqv/jNT1D7qI2kpQ8N637HAGDtdtWYt0pwVaw1363bb23/A8U6dQvjyJY/evokpzxEaDlGqQcYskzHbYhHHZhHHYRH3PnBsFrEtxiyDMUNjTJEpFXlKim4Tkn8N4/PnkHfkiIN27radtRtMe/5S3Zw0B+pDJipa15Ey/GpgSH2rhwhaZfCgRWcONEn2Q8VPB+4MEz/xh7oKUM4MlmsHouH1eA40SAyCxklBuWkKB5qlcqBFGg9afssr/+wqwA49RPhxb0n7qn9ISxwU1jKGynr3EUDvPRro/ccq+qDxij50kqoPm6Tqwyep+vDJqv79ZNUYNlHRv5ug6IN+UPT+YxW91yigdxsh698OC2tJg0Pa5/0k+F6OCNt1E5Q2mQJ4MYMHz3bm5KYpnNw4ORqyj+fkutFnrNQEq/YEib5Zn47nQKMEDjRL5kDLVF59vZuovd9P0r4eFtYzxgFj4AzVmrgY2ovW6s66bSbascdCB444+NQZl1zMQ+T6dY8WFWEWkggFMmW6RpllsojrsghyWQQhFvEQi3jefYD8z0fJwnSNMVWhNCxRygUJKSjA+NJlD58953pHjjto937b3bTTdFb8Ylgzl2vGiLmq3mMy0OJHhOHHA0PwrZ4ieDlDAC2i4eL6Ufv4L32SlJjBAT+03iCBA00SefBsCg9apwvKa10FtUMPUX2/jwQ/GRTSvh4W0hNHh/XMicDoO00xh81RzXELoDn5Z82auVyz563SnUXrdHvJesNZtsFwVv5iOCs3Gc6qKFZv8n+2YqPhLNtg2EvWG87Ctbo9d5VuzVqhWZN/huao+ao5aJZi9JwK9Izxsp44Mqx9OSQEP+ovwY45otqum6i0yRCUVqk8aJbMg4aJPlEes1/ykAQpZ682iOdAixROeTmdh29kCdpXA0N61jhgDpsD7ekrdGfZVhNt3295R087+PwlF1++hsj1Ao/cuo0JxxEaChGqKJTqGmOmyZjjsIiHGMNehGEcYRhHIhhHIuQ+wDjCsBdhnhdhHopEXIcxy2LM0BmDkNJwmFJBILSoGJOCmx6+ku/hC5eRd/qCi/Yes911u0xn3jrdGrcQGn0mK3ri8DB8r4ektE0TQMsUHjRN9E+Tv2xIOEqOmp38yF3DeA40S+RBy2QBvPqtqL7bQ4Jf9g9pnYeFteyxwBjwo2KOnKdak5Zqzk/rdGfpVtPd+JuFth+0vd+O2t6B/zje0TOOd/yc650473qncl3v9AXXO1OCi6539qL/59O5/t+fOO96x8863pHTjnfwpOPtOWajLfstd80u01282bBnrdKt8YugOWymqveeoOgZI2UtbmAYfpwjqW9misoraQJonszL9eK534eMA39qyPjhCVKzU1Cu+U0xeCYxCF5K5ZU3MgX4aQ9Jzx4NzB/mQWf5RhP9dsDxTp5FJL/Ao2KIUFWjTNMpM0zKTIsx22bMdVnE8xjzooQgJBKhNBJhNBJh7CFB/X9LaSRCSJRgXiTieSyCEGNOlDSmRZluUAY1ShVIya1ijHMvIe/gMcf9ZYdlz1iiGwMnKVpgQFh9u4uotE0TwLPJvFwvwP11k4txZT7G3+KCoGkCB1ol80rbzoL6XjcJxvUPa9kjgDFskmJOngvt+St0Z81mE+3Ya3uHjjv4TC4i12549FYRJsUcoUKIsLBCqKxSCqJQ4B+g7DNMVgkLA8IkmdBigZDrNzG+eMUjp3Ndb/8RB23eZbnL1hn2rEW6MXo61PuMUbTUQTL8rEdIfTNTVF5I5eUGCdy98yrVgSDR41lumMCBZ5KCyivf8vC9HFELDA7pPcbI5oR50Fmx0fQOHHbwpTyP3L5FqAJoxPNYpJouZhiM8jwh+dc879Qp5G7eYdmzlujGoEmKnjIkrH3aR1LbdxPB86k8aJTo+yZ14qu3T1JaxhPPyU8ncKBhIgeapnCgRWdOeelbXm2XLcIPekvwqwFhvctI2Rg0WTEnzoX2wmW6s26T6e76zUbHjrr4Yi7CN/Ix5YOEqUrU/HUYw57/Unrom83KXmIIMaZpjIZDlAaL/ft/5gxCBw467tbtlrNsjWFNX6iZI39UjV5jgJ40NKx91FdSX8sWlZbf8qBFGg+apnByg0ROrhcNE9d6YgSJ2nz1Eji5eQoPWmfwSrssQftigKR3+0E2Rs5RnbmrNXf9ThMdOObgi5c8UnSb0FCIMkNnDOOqf7KraDHHYVRRKOWCBF/Px97x0y7atsdyFq83rIkLod53sqIlDg/Dd3qKoE2GAJ5P5UHj5Grqk8Rxcs04306P5i7kZsk8aN1FUNt3F+EHfSWt09CQ3mWcbPSfrlhjFkB7xgrdWfqL4fyyy0J7D9nesf843rlchK9e9cjtm5gKvO8fmgaLIJcxD0UihDw6QaIkYZ4XYbbFIrpGGQj7vuKNGxhfzPPw6TMuOnDEcbf9Zrtrtpr2/DWGOX6xZgyYoepdJgDtm+Fh7aP+kvpGd1Fpne6XJzWJEuVPCM8/GEFqxgVBo0QOtE4X1LezRfWr3iEtZzwwJy2G7prtBjp4wsHn8lySX+BRXiBMVSkz/JsaobTqn+yqWhj7ppemURYOE1J4C+MLl5F35JSLtu6x7J9W6ubQGYqWPCSsftBdUl7LFMCzKbxcJ1DNfJJy9W51A37BZ/NkDryUxsOOPUXY6buw3nUMMIbOUK0fl2ru0k0G2rLP9vYdd7wT51x84TLC1ws9cus2phyPff8QlAVOkO8bRkrM4EddJSQhxDd/XcePWmrlfMXiYoxvFGJ86ZqHz+Uh7+gZF23bbzvLtpj29BW6MWIO1LuPBzBuUBh27CaCtmkCeD6FlxvdbX49FoKU1VKBv6dwoH2WCL/qE9K6D5WNyXOhu2G7ic/kulQUCQWAMsOgEddlZf5EtbWu/FXyRiPEJ4tpMqYolIkiIfnXPbT7gG3PX6Hrg35QtKT+IfhedxG0ThPkuoFyPsmTJsed+yQ3CHCgWSInt0rmQbsMAX49IKT3GgfMiXOgs3SNgXbssb2TZxAtvImZIBIq+/vGXMQiKBoZxJjd6ReW8/eq6r6XM7lY1G+MYOz/fsf1X1y6wRgAlBQUYnzmHEJ7Dzju6o2mOWWeZvQZC+DXvUJqxy6i0iaNl5slcnKtb6I5lKp7ef0xQWoFOLmeX3ouN0vmlde7Cto3g0N6nwnAnDIXOms3GejICYcU3vQipkGZbftfrjqfGBUuFmGeF4k4NmOGxqgoEHwu13W37basn5ZqxtApip72fVh9r5cEWqbyoHE5n+RJEqNOgJOjFdGgWQoH2nQR4Ns9Re2zAZLWeUTYGDxNsaYt0ZzVm0x3zz7HO3MWkRsFmMkyZYbOIk7Ur6hOi7FIhJJIhOAIc+wIDYcoKSzE3oULnnfwiOOu22paM5doxpApip5ZPpeVxoNmqRxolOzneP4cgkR9jqfjOblpMg/+kSYor2cK8MuBIb3vZMWasUxzNu+0vKP/cciVfERFiZSFaHHljuAnvQiJRDzk51NUlZKCQuydPue6u/bZ9uJ1hjFitqp3HhFWO3Tz7d8WyTxokFB2zx4nMUoiOPUTONA8mVdeSueVdpkC/GxASM8YI5uDZyrmlKWas+QXA23dY6EjJ1188RIiBYWYihJhuk+OiOexCCFP+s7fuUojkyTCPBShmsZoSCK0qAjjy1c879gp192+z3ZXbjasaUs1Y/AMRU8bGVY/7C2Bdt1E8EK6ABolV8m+3JsgNeOCcr14DrRK49U3skT47xxJ6z4amD8u0dwteyx88TIiN29jKoUIMwwaIfivY1ZVtErDxF6E2TajYZnSomKMr1zz0MFjjrN4g258N03RvukrqW9nicor6Tz4e/ITCAGXK91vnMgpL6Xz6luZIvx3jqR3HwPMH+ZDd9kvBtp90PaOnXFJ3lVEbhVhKoUIVUr8w3J+BauGL7Xy/gpyffMXQkpDYUJuF2F8Jd/DZy8gtOugbS9ab5ijZqta5nAZft4/pLbLFkHzVL4q9uUugpSzZRsmcKBthgA/6SFp6QPDxpjpqrtum4nP56GIYdAIclkEe3/tE6OixaIml+swZhmM3LqN0Z5DtjnzZ03PHhqGX/SQlDcyBfBcMv/4e0vK5aOaJ3NKuy4C/HcPScsYGLbGzVTdNZtMfPKUS4tuYhYSScTQabUzox51UeonhB2LMUNjpPAmRgePOvaytYY+aopPkg97S0qr9CrZlzKC1AyUhgjlhv7pAT/sI+mZo2Rj9AzVXrrW8PYfscn1Ai9iWyyCPRYhf3GTqqLFWIQRHGHIjURcm1FBIN7Js66zdqtpTZyjGj3HyvDLASHl1SxBrh8oqxn6k+LxpXg6ngONkznwXCoPWn/Lw/d6i1ry92FjwGTFmrIAuqs3G+jAEYdcueqxkEgYVCizLcZI9Q23P9RizD/hXScScSxGBYHgC5cQ2nvIdlZuMMyJC6GRMxloX3wXUl/LFsE/ugigaSoP6iZWAUHqxXOgSQIHWiRzyutZgp70fdgcMVt1lm0w0N6DNs7NQ4TjSQShMnL8lU2qilbUUWQY+3awolB8Jd9DB4467upNpjVhPjS6jpPhe70l0DSBkxv5hX9+juRPOTU4+ak4DjRI5MAL6YLaPluEn/SRtMwxsjlyruosXK+jHfssfPy07xtyHGEaLA3T/te8yKJmF8NehCE3wiCktDiI8eVrCB0/7Tobf7XM6St0Y8B0RUsYJsMP+oVAm26i3CiZrwRBop1eDRM4+dkkHrRO4eH7PUWj92TgzF+newePOfjyFY8WBzFTIWUEl5WE/Dev0lAkiTDTZJTjCL50xfOOHnfdFZtMc9hsVfv6u5D8fBIP/p7oJ+f+lKhWuTzHM8k8+Fc3EX7eL6RlDZeNsXOgs2KT4R084dCCmx4N8pjJgERMk0YQYhGM2SMn96rrKtkXQvysvGFSKiuUCBLxzl1C7rZ9tj13lWEMm6bqqSNl2LGPBJql8Y9Su1WjNBpSOxAEf0/mlNZpvPI/XQSt04CQNWae6m7abZFr1z0akijTNRpxHVbpm12ufup3MXCEyuA+AEo+690Zw4/cHcOv7PI8xjRImcATWnAde3sOO/a05bqeMUYG/0wTQKsUXm6axIN6CVVLjpK2gqfjObluPKe8kMHDj/tKWtdRsjFmmmovX2egQ0cdUngTR/1C/3Svjo73Y1hUChF8IQ+hXXtse+EKwxgyTdU6DQsrL3cV5LoJnPx0gl+G84DlQmUE+VtCELRK59W3skX4Vb+QnjMW2HNW6t6+YzYtKsalx7XnVZogDONIxHUZMw0/iyqHKRVFQouDmNy8jUnhLYwLbmJy46ZHbhRWjIKbmNy6jUlRMSbBIPEjNUo0xm+XhZ+r4Jr9RCKgTOCJ95+zyFm22TS+m67Cz3uF1A7ZImidIciNk/iqcdajodw6UZ/j+TQetOkiwI/7SVr2eGBOWAjt1ZtMtP+IjfOuICqIJII9FsHYzyH8N50YD7GoCikpvIW9M+cQ2r3Ptn9aoxv9ZyilPskLGQJ4JoX3T/r771MZQeomBJW2WYL2WX9J7zZKNsfOUp3VW03v1HmXhsKE2XY0NFgFzp6HGNXLitXwjRsYX7qMvDPnXO/YCcc7fMxBB484aN8hB+09+MfYd9BBh4466Ohx1zt52vXOnkP4ylWP3r6FWUgkTFOjdURVYIPT6HFu+qUR+HK+h7bttawff9a0rt8D7asBIbV9ufBipUhSUqIeFwT1EoKgZRoP2ncT4ae9Jb3rGNmcsAg6a3ea3slzLr52w6OcgJmmU98vJP83zN8/WMyyGZMBIbeLMc67gtC2/ZY1c6Vm9J4MtK8Hh9S3cyTwjy6CXO/B8lc1SjWN6icG1Td6iFry8LDx/VTVXrhMd3/bb+PL1zym677fUUVOOXNsRoFMSdFtgq9ext6ZMwgdPOS423ZaztqNpr1yneksX2M4i1ca9sLlv8eicli+2nTXbjTdTVstd+cuGx096uILuR69VYipJFAGVcpsq/LJsHJOe8TzGC3msHf0pOOs2GCYo6eqeuZIGX7YR1JaVkV4saQ3vFMQNEwMgn92EeC/+0gwc6hsjJ2pOmu2GN7Jcy6VwoTpJVUMmFV5SchfcDGMI8xFjJkWozKg3rk85G761TJ/XKQZvccB+M2gsPqvbBE0THygeroacu2oBM4zyUH4QT9Jz5kArJmLNWfzVss7ccolt25j5jiVu+OU+ja84zBmmpQKEiH5BZ536jxCew877qZdlrN8vWHNXqKZk36C5g+zoDF6OjRHTFWN4ZP/GN9PVo2x06E5aY5mTV+o2fOW6e6azSbauc/Gx065+OJljxTe9DPHhkFLe1CqIHPMZEDwhTzk7tht2/MX6/rgyar2zXdh5ZVMQa4d5/foP0pZfNTnAHUDQbl+IAie78zB93uJepcRYX3Uj6q9dI2ODh61SeH/ehEPVz0TylfdkqhvWNJTY9uMmRZjpun31eg6ZZpOKdTuhKpRBqM9QJruf9Y0KTNNxizbb44rH0CoSl+x/MKYkVtF2Dv6H8dds9EwJ8yBetcxMnyvjwSapnBR+aIK/ZEaft4jgQMt03jtm6Eh4/vZqrvqFwMdPuzgy5cREQQ/rFuZhTxGVUgJxxNyvcDzTp530faDtvPzVtOavEIzRy2AxuAZqtFrEtCzxsh6l1GyljZC1lKHyVry0DuRcif09BGy3nWMrPcYD/S+kxVzxBzVmrJUc+atM9w1Oyy0+4jjnc5F5EYhpoJAqKr6b9zK+iQqpOT6DT+itWmLZU6cr+npY2W1XQ9Rrh8o62l/KJLE+XmUBtFq3BdSedghW9A6jwgbI2er9rL1hrv3oO1duIQIL5IqbyUoHx3CXrTSuXylbRCTwpsY59/w8JVrHr50FXkXLyGcm+fi81Gcu+jicxdd73wewhcuIZx3BZHL1xDJv+GRgkJMi4ow5XlCw2HKNI1GSk33qk86M4wjlBcIzr2I0J79trNotWEO8v0R5bk0Xn46cN/cVY3SvvK2XQQtbYxsTV2mod37bZyXh8jtW5gCQCO4cm8qZlmMcjzGeZcROnTEcddsN62pKzSj7yxFC4yRta++D8NPBofgB/0k+E4vEXbMEdUOPUX1rR6i+mb3P8Zb3UX4dk8RvtNLhO/3keDH/SX4zdCwnjpaNrInAnPobNWZvUp3f9llecdOuvjKFY8Eg4RpGq30ZpgmJcEgwZfyPO/IEddZsNYwev+owHf6SKBxAgcaRDWHHzhxGG0rKI0mpvPKm5mC9s0AyRg8TXEWbdDRgWOOd/mqR4o5TKFGGaniSBWl0TZmzy9iVBVKBZ6Qm4UYX7nieefPI+/4SRcdOOS4v+2z3Z2/Wc6WnZazcZvpbNhmOuu3ms46H+7G7aazeaflbvvVcnfttdH+Q4537ITrnTmL8KVLHiksxEwQSKQ0V+P6AYYqXIyQCJUBJQUFGJ8956Ktuy1r/GKoJ46SlX9kCKB+PAfqVpy7qiE3TeJBqxRefTNLNHKmAGfRLwY+fd4lwSJC5TBlplFpk4RpOsX51z108LDjrFpnmuPnQr3LOADf6SeBpuk8aNqZA01SOdA4OQgaJflomPhgaJTof75xUlBuEo32vJwhqP/KEuEn/UJ6zwmKOXWx7m7aZnnHjrnk2jWPhsOVJghzHMaATFmwCNP8Kx7a8KtlDZ+nap8MDIFmibzcOIEH9R6eIHKduCB4PoVX/ifTLx/JHiFbM5ZAd9dBmxTcwn6vTTT5V9UmCSWRiOdFa58MxiSRkIIbGF/IRd6xYy7as9d2Nm217OWrTXvhUt2cs0gzp8+FxqSZqjFxhmqMn64a46KYOAuaU3+C5sz5mj3vZ91ZscZwN2620M7dtnf4sEtycxEtLMAsJFEGVV+ZxqvichhKIxHDoEwSCS0swPjYKdf5aZ1hZE4EatssUW6cwIP68RyoIHdVA7RM5ZVX0wX4cS/JGDJTddfuMvGlqx4FYcoM3c97POzDxJjfX+E4jBkGo0UcRkdPu86qLaY5fg7Us8cC+MnAkPJipnCH1mupPtMjolanIKgX1XNqkcSDV78Vta8HhY2+kxTrx8Was3arhQ6dcHF+Aaa6HhWKeMRqVs9jEUOnVA5RyhURb/dh25q4VNMDw8OgdWe/l71xIv9AicOoTCuoHReU68dzSttMQft3X0nP+j5sjpmhuqs2Gd4J3ymPuC5jCEWqwo+6yzdkFCiUCiKht4oxuXrDw6dyXbT3iOP+8qvlLNtoOnNX6ubUhZoxeibUh05R9YHjFb3PGKD1GCFr2cNlrdtwWes6XNayhsta95FA7zUaGP3GAeO7SYo5eqZqTp6v2bOX6e7SDQba9Kvl7Tvq4FO5iFzK90jhbUwFiTCoUWb66jaV/o6URphhMBaSCL11E+MTZ1xn7gbDyJwE1DZZotww+hKrkCCvpAtqx24ijB8QNn9YANG2fRYpuImZoTHm2H7i6SGTToxEM8+y7JshZy8id8OvljlxsaZ3GSPDTweG1HY9RNAinf+dqPEDiSH/sUgy+FsgKNePimK37CyoHXIk7ZshYb3reGCOWwjdVTtM7+hZlxQXEyrLlOk6e5S+eYZxhDk2ixgaZUCm+Mhpx5mzVjeyxsrqm13KlDjqlsTbK4iWlKrdBzjQJJGDHXNELW2UbI6aqTpL1urot4M2uXwNURVShlCkytoKPI9RXWdUDlPKcYRczffw6bKDkhQAACAASURBVPOut++o7f6y23KWbDKcaSs1c+R8aPSfoeo9Jyta5ligpY6QtYShYS1ucAh+NSCkft4nBD/rK8F/95Hgp1F81i8EvxwQ0r4ZFNLih4T0ziPCeuY42egxCZgDZyrmmIXQmb5Kcxb9Yrgbd1to7zHHO5OLcP51TIIcYYpKI65b+eCQrvtm4o187B067jqz1up62gSg/CNTAPXiOXAfM7gGaJcpwn/3krSsYbI1c5mG9h2zKSdEs7LRMvaHPcox9nu9b9/GOC/PQ78ecOwZK3Wj+2SgduwlKa9kCcqz6bzcIKlcfUy5HodHxd2jFRonc0qrDB68li2qHXtLeudxsjl+qYY27bFw3iVfWCIc9p32R7n5GPu92rbF8LlLrrNss2H0n6TAT7tLavsuotIqzdf9vV+HW22fHHKDeE5pkcLBzwaFjIHTFWfhWh3t2W/jc7kuuV2MmWneGfWp5GKOw2g47O/T5Uued+iY427cYdpzV+jm6Dmq3neKoqeNlbUvhoa09wdIsGNfCb7VS4TtuwvK690E5dWuAmibKYA2XQTwShQvZ/ho00UAbTMF5Z9ZgvJaVwG27y6ob+aIsGMfUft4oKR3Gh7S08fKRq9JwBwzDzrz1+po8y7LO3rMxZcueyTIEWaalSQIiTANUhosJvTqFc/bd9hxpq7Q9eSxQHm+iyDXjr+vMGAN9Z1sEcb3D+kDxgD757W6d/yMQ2WlcmcbQn6V5eXLnnf4sOsu32Cag2eq2seDQqBR4gOF1yqHcoSpHQjK0ZCp2r6naHSfAuy5aw3v6FGXXLns0WCQUF2vZEiLRfCVG5678VfTHDVD1RL7hNT3u0nglXQBNEzg7iufWSfAlZ56rVJ5PXFk2Jr4M0Q79trkUh4it25iCuQqV4hhhsFIMEjw5Uued+yo667bbJpT52l6nzEAduodgu9mi+CVdAE0TuTk2oHySu3FoHZcsVy7053q7b9Dp6BcO67YR6AMDRKD4LkUTmkTDUQEBoaMARMVe8YiHf2y2SdJ/nXMoFa5Y5KQCFNVSm7fIuTiBQ/9ut+xJyzV9cAYGTTPEB7kWaoBP+olaRlDZH3kFNVZvcnwTue6FKiVujDmOIzcuo29E6ddd9M2y/xxkW5kjwfwnT6SXD+eezz9EyUnSlypRL/StqugJY+SrR8WQPeXrZZ39LhL8m94FCiVtlfI9Zse2r7XsibPhVrmdzL8rFdIeS3Tf7juQxDQMNEX+26TIcB3e4pG76nAXbhR946ecsmtm5hKImG6Tisb1mUY+xFFVaVUlAi5esPzjpxx0eY9ljN/nWGOmw+NXhMADAwMq+90E5V/ZgjguRRfsK28Vu4fzQApxV3zYGrGFZeH/LdAUG6SyIHnUjjl5TQevtdT1JOGhY2+kxRz/DzNXfaLgX47bOPcy4gUc5iGZcJ0g5ZWRFR0grKypreIYzNSHCT4/EWE9ux33MXrDHPATBV+MiQMnkl7oOreGvDzfiGt5yhgTpoN3Y3bTXw+z6UKrBxBLJuRazc8tOegbS9YYRjDpqpa0jBZbd9d9OVZHleD0Z0kUV78lte+/C5kDJii2HOX6Gj7bss7fwFRKVRpj5cU3vLQbwdta/bPmtFnJIBx/cPqG91E0DSZu1OE+Y7r4+Sn4nxN439mCfD9HElLGhI2x82HaONuE1+8glg4RBiElNl25aOJLvLLMApvYXwhD3l7j9rOsm2mNXGZZuRMV/TOY2Xti8Eh2LGHCNqkC6BlKi83SeL9/u57mLOPitqBoNwggQNNEznwbAqntM0U4Lu9Je2r70J6+ljZHD5HtX9aqzubd1vesVMOvnwNUU7AEcOgkfupq5Qopjg2i2iQkqv5Htp32HGXbzDMcXOgnjEGwI59JLlRCv9ApSZap8EhY+AExZqzSEM7dls47wqq7NHGTIvi3MvI3bDDNH+YCfWuw2X4aZ+Q0qaLAP4WeLzTnUqHv3QKgufSePX9XpKWPlzWR0xW7WVrDXTkPw4N8pUOwJNbRRgdOOLYi1YaxrAJqpY6RIYde4igWQon14wr/j1BykrYlZbpvPpOD0lL/C5sDJgA7AVrdO/AcZvcLsbMsnwVSowrn9w0LUZuF2F89rzr7tpj2wvWGObwuaqeMk6Gb/aV1Nd6iErrLAE8n+bP8GgUnd9Rq9w13xP3fDn98WfL+YlygwQO/D2FAy0zePBKlgDb9xC0TsNCep/JwJy8ANqrNhjowBGbXMlHVJZptHL7D/W5Sk4OZmiMhiSKz5x33XXbTHP8T1DvNlKGn/cPgVezRNAgkavQ7C0lSNLwsDFimuosWWGgvQdsfNWvvXr0XWARpunUO3nedX5er+t9xwD4dU5I7ZApglapPKgTV44gfzI57ngQO/kJuPaZgvpFrxDsOlg2py+A6NeDFrl526vsw0eLgxgdPeE6q9aZ5g/ToZ41Uobv95JA81ROrllejqaUuGXX9UoXAX4xIKT3GgPMqXOgu3mHf5JXgelXXtqIKirFl64itHuf7SxaphvDflS1+OFh9dVs8c6T4XGNqCt/KkVD/LXiisHL3/Lw0z6S1nWYbIz9UXVWbTS8YycdWhzEzNBZpERBp+QkKQ/XYUyDjIVDlN2+hdGeQ449Z5mu9xwF4L+7S+CNLiJomcLLdQPcg4xWqKGljJDNMTOhs2K1iQ4cckj+dY/pxsNvjB/ViTCEIiwMiHfopOPMXqlpWcNl9aNukvJ6hi+6VjvwmEXXysSbQZNEDrTNENQPsyUtqV/IHDdbRVt+M/G1Aq+0j+QRI0Q0yGPvxCnXXbfJNCfP0vTuowH8qK8EWnTmymZeRAlSOsEpwMlPBzi1fQ9RSx0pm6Nnq87KtYZ34LCNr+Z7TKvEiyq6J8y2fZ9DEAm5nI/QrkO2M3+tbg6ZpmidR8jw/b4SeKGLIN/LfHosai13hfhrdQqC59N45Y1sAX7RT9K6jpTN8fNVZ8Vmwztw3MYXLyNyvdCjQR5TWaZUVShVAKVA9tsmiooxvnzNw6fOud6ew7azYJ1ufjddgYGBYfXNLiJ4OU2QmyXxUaX4+58getpo2Rr/E3TXbjC9w0cdcqPAY8YjEATjSAS5LGKZjAZ5gn47YluTf4YwcVBYfauLCF7uLMhNk/jHL9tZLnzcMIFTXkrzFUA+7yEZQ6YpzprtJs67hphj+yHbR6wJIhxPvNNnXXfTVsuaPk8zeo0H8JP+Eng2LUqQuDKClA9FN4jn4Lt9Jb3nZMX+aYWOfttre2fPI1JUhCsd5iSEUaBQcus2xhfzENpz2HYWbNDNIbMVPTAspL7TW1LadBVA01S+3L26C49lj+4gJ2iSzIEXM3ilXVdB/biPpGeOlc2Rc1R7/iodbdplegeO2vjcBZcUFHrk1k1MCgsxvnED4+v5GJ8+56LdB2xn1RbTmblMMwdPV/Tk78OwYw9ReTHVl2pqmPjA8rE19G/HAGvyfM39ZbPlHTvukoJCTA3j4TaGsQhDKBKxTMagwujNWxht2WeZo+ar8PO+EmjbWQDPJ/tia3+2qEFFG1A/ngPPp/Dg1XRBfSdT1HtPBM6STQY+m+dGDN0vi/cQi9CHd4YpLxB87ryLtu2w7DmLdL3vREX790AJPJd+T4KA6JwOuXECr306OGQO/Qm6a7db+Pw5RApuYBYOkUpXUSOPEY4n+MJF5O3dbztL1hrG8FmqFv99GLTtKigt0jjQOIWT61ZxF2Rl8XQ8JzdM5MDfkznwYjoP3+slaklDw3rf8cCcOAfaS9cYaNceC5896+LcXOSdO4u806eQd+qki7btspwFK3Vz1AxV7zZK1r4ZGIIdfFE5uVFCmdj1g3YU6pnjgD11oe5u3mrjEyddUngTM+Mh31yM+fU7hsYYCFOSfx2763+1jCGzVPhhjgheSOblZom+yNoTUUaPPpz14jnQPJlTWqfyyv+kC3r2ONlZsEHHp3LdsuYq95FKT6ggEu9cLkI7f7Xs+Ut0o/9kBX42KKTciyB14jm5QQIPmibxynPJvBY/QrYmLdPQ7kMO+d9CQkXeb29+lLxHebEJw2Akv8BD+4847vJ1hjlmFtTTR8mwQ44IGiQGq1qms8r3q2anoFw3EAQvpPJqhywRftnL90tGTVftBSt1tPVXC+3ca7vbdtto607L3bTNsn9aqhvDflT1tKFh+GE3UWmXIYCWKbzc4NGipzX0rPHA/nGR7m7ZZuOTp1xy8xEJ4rqM6ZAxOUTJ1XyM1v1qmoNnK/C9HBG0TOblpok8qF9NCPKyTxAj+wfZWbixjCBWJQlyvhxBBtyDINHNAfV8NUTQOk1Q230r6l3HA2feet07esalkkBLxg08Ut4DY8aik7aoIBJ84pzrrt5mmuPmQj1rNICfDQwpbbsKoG5C8HeBg2qD8kN/AkHQPIUDbdIFtUOWCD/vE9LSRspG/2mKOW4RNCcu0cwfFmvWuIXQHD0fGn0mK1rycBl+3FtSXs8QlBfTeLlZkl/y8wi+r0+QaYt1d9t2G5867ZKbtx7e9mUsGj1QGQ2JlFy55qE1u0xz4CwFdswRwXPJvPxMdSbIBZdpKistu640QZb6BPm8PEHKkmmgUSIH/tFZUN/IFOEnPSRj8HTFWbndxLmXEdU1VhlTLxrFoSwkEZJ/HaMdB21r2nLN6DpO1j7pK6ntskXlufSSnuxqeHrcSRJQOxAEDRM50CKZV15M45VXswT17V4S/GRwSIsbFdbjR4f1wKiwFjcirH3zfRj+v4Eh+FaOqLTJFMBzKX64ukFCufFtD3cdNfSuE4A9/Wfd3b7DxqfPuOTWIxLEcRjTVEolgZJLVz131U7T7D9TgR16iqBFEi83SfQVP6oLQd7IEIzuPkG8U7mIaSqLWCZjrhOpHEF2Rwky5S6ClJCkUxA0TeaUf2YI6kfdJS25f8icME91t+61yI3/9X6nqv6Q+8BMg9GQROmtmxifOYfcZVtMc9BMBX7UV1JeSudBixTfSX0ivuAjoLyqS72ob9IkhQPN0njw7LflkMGDFuk8aJrKg8bR4Tq/m8H+8KhagkDVnzCbd8VzV+4wjX4zFfhWlCCNqwFB6ieUOenvZopGn0nAWbrZwOfyEDN9FRSG0CNFsajgq8Gj7Tste+5iXe836W4nvZQgcvNkXn2jmwi/6RfSew6TrdlLNLT3iE2KuErWkjBfSK2oCOOLFzxv7wHHnr5cNzJ/kJXXuwpy43hObhAfnblYDR7+B98/rjRXcudo6ODvf37POeuPbEb+HyBIuTBvowQOvJTGqx2iYd6h0xVnzQ6T5F1DEddmDLl+KfkjaEqVhnk3b7OsmfM1o9eEu8O8ZSfIc6m8+m6OpKcNDRtDJyj2kjV+Rp8TKk0QGg4TfOWq5x0+6rhrNpnW6LmqlvB9WHm5Cw8aBIKgbiD4pEYqP8A+/REqIMG9fv5HJKnwd9wT/3cIckeisLsEk/uHzHFzVHfzbxa5VuAxz4tURk6Vcjz2Tp523fWbTXPqbE3vMaZcovCbOwiitMrg4cf9QnqPMcCcNAs667eY3qmzLhWkyhVbURqhvIC9M+ddd+sOy5q9WDP6TgLaZwMlpWUaJ//NL9qsXubVg9R3VaZH6O5CyvvgLkL93yDIHaUmWQL8srcEu34nm9MX3lVq8uhpB1rMYXTshOusXm+aE2ZAvesoGX7QWwItSkpNvik7Qf7RRYBffRfWB05W7fk/6+6O3TbOvYhoOFxpgpBbRRgdOuo4S9fo+sgpqpYxPKy+01OUm6Vwcq1ywYInToy7yFHpZrkqwl0n0H85QfzBliBazQueT+Ph+70lLaOkWHFdFRYrFvsy/ItXGcbwiarWeagMO/aMFiuWkUOu2SmotM4StMDwsPn9DNVevspE+/Y7+NJlj8ryw9t2dw2bwfkFHtq5zzJnLNK03qMA7DQgpPxPNwE8kxS8d9HkE0CtgO90N4hOxmqa7A8cbZHCg+dSnxyeTfGvoXkyLzfzE9v/pQSJu4McoE5cEPwtLqi83EWAXw8JG4N+VOx5S3W04zfLO38RUamSb+5IJIILbmH020HbnPOzbvQdBWDcgLJy97veUsorXQUtaaRsjpsLnY2bLO/oMYfk53tUeYTiROYrkfgzM2yGL15B7vqdpjlmlqp1HhRWP8qRQNsuAmiYeJdd/gQJUiKn+mwKr7RO50HbDEF5PVNQ38gS1bezHzO6++jYXVQ7ZIvqm1mi2j5TVF7PFMCLacJ/M0H8nEPtuKD8dICT6wc49bVsUU8bK5sTF2loyw7LO3HSJTcKPKpUrkEsEinfMDXvDxqmyqC0yRb0zmNla/JiDe3YaePTp11SUIAZfIQ+nOjJEXH9Em985oLrLP3F0PtPVOBnOZL6ZpYIXkjjQf3E6kGOp+KCcr0EDrRI4UGbdEF9K1OE73cX4ac5EvyqTwjG9w8/ViT0D8OEAT7i+ofgN31C8MteIfhv/979FxKkXNSjli/iABr47aywQ2/J6P2j4i7aYOCTJ12Sf82jPE/Yw9ae3eP737/ltgzqP7uL+rcTgD1jue7t3+/g3FxEi27jR2ozIH6RKLMMRlWZeUdOu/ZPq3Q9c5QM3vpWBK90FuTmSSXiEU+OIDUDHKgZCMq1AkHQyNf9UjtkifCLHElL7BfSMgaFtexhstZnJND6Pib0Gwm0fqPK0HsE0HoMk7Wu38laxsAw/DRH+gsR5AFEHfxuNV8AoX58tNgtQ4DtuovaB30lvct4YE1ZrqGt+21y5apHiov98dVOJUQb3Khow9n7ijaUQn21h2hkTgLOnDW6d/iwQy7lIRosxo9SRc08L8L8IlFKRZ6ivccca+oyTU8aHlaiYxlA00SuLHP+BMhRO56TG6fw4Pl0QWnTVYDv9JG0wPCw3nMSMEfNUc2JC6A57WfNmr1Ms+ev1O0FjxkLfVg/LdPMGYs0c/I8aI6ZoeqZY+S/AEHKxcIfRPanbiDoq0UmcqB1mgDf6y3p8cPDRs4kYE38WUNrd5n4xHmXchxhCvAHWlZG9kePyv4cvlP2B9wp+3MHQeBrOaLRdQpw5q0zvOPHXHz1skc4zh9687ALIcYMjdKwRGnRbYy2H7StsYug9tV3IaVVCg+aJ/GgYcKfOPnqAfaubgIHXsgQ1Dd7SNoXg0J61jhgjpyv2vPW6+7mvRbadcRCe47aaP9xGx064Twx7D1sox17LbR5p+mu3GiY389VqzlB7iQHeBDhuAaBIGieyIEXknn1zSxRTxgaNgf9qNgzlujuhh2Wd/SUS27cxMwwWKSklfVRap5KhOPCIUqDRcTb9XvhONA4kQN1EoKyP9Wo9O2tvtZLMrKnKc7CjQY+c9ol1/M9KgqPJHPD3KhEKB8k9Ea+527YbZlD56nww4Eh0DSJBw0TfXnNJ9NmwMlPxQVBg0ROfT1bhF8PCuu9xgFr0nzorN5meodPOaTgtkeKBEyDIqaciAkvkieGW0WYXM33cO4FhI+ecJw56/XqSZCSjrvagbLGonoJQdAg4R7So1Gp0sbJQblpCgdeSOeV1zIF+Ha2qH0zMGQMmKzYs5fqaNtOC5886ZIbN/xwahVIj1IgU1ZchOnVKx5av8uyhs1TtY996VHQONp7UCvwe4K83lsyekxX3CWbDXzuLCIF133lEusRCGLbvvBb0W2ML+f5NXAD5ijw7X4SqJ/gC6M9xESlKkW0rRg0SeHge30kPWs0MCfOhs6aDaZ37IRDbhXhyuo+V+ly/WeYCTyh16977upfrepHkJoBf5JrgwRObpzIg+bJvNLKn66ktOsmqG9kR4Wre4hqh54i7NhLhO/1EeEH/ST4yUBJC3wf1rv8IBt9pyjmmHnQWbDOQFv3WPjkGZfk53uE4wjT9coTxDApDQYxybuEvMNHHXf+Ot3ImVIqXi1HxatBrTvJUUaQGYrz82YTnz+HSOENTEMSYZb1SARhcpiQ2zcxuZSH3BXbTbPfbAW+2VcCT0eL9Wo9AYKUaykGz6Xx2hffhYzB01Vn8WoD7dln4wsXEeWFqleor8xCLotokLKQSGhBAUbr9lQ7ggRL5P/lpkk8eD6ZB23SBPWtbiL8uLcE4waGtcQhYS15WFjrPDyspY2Q9czRsp49TtZzJgK934+KOXoedGas1Nylmwy0eY/lHTjh4PN5iNy8hakk+RI6TuXnLFIVUpJ/w/OOHHfcjVtMa/wCqKeNkdV23e87/kB9vbdk9JyhuEu2mCT3PCK+iPMjEsRiLBwi5FYhxhcvIGfZNtPsPVOB/9NH8pUDn9DpUTvgT01uGM8prbsIetIo2Ry/WHO37rbx2bOIFBRgCgCtEo3hqloIMaZrjMlRwYeN+6obQeL8YaKNEznQMplX2qbx6tuZIvyyd0hLHyLr/cYq+ncTVX3YZNUYMVU1Rk9TjfGzoTl1nmbN/FmzF6zU3fXbTbT3kIPP5CJy7TqmRcWEhsKUGUapfE5VbAoNy8Q7fxG523+1rJ8Wa8aASYr29Xch5eX7D9CB/+otmT1nKO6SrSbOPe/RmwWYhiT6SASxLEZDEiGFBRjnnkfu0i2G0XOGov6rtyTXvDdB/3zTqpwV8Ewir76aJRpdJwFn7noDHz/l0psFmEkiYYZevcZTe56vaq8ASouLCdp00K4eBIn6HKCOLyimvJDOwze6CfCT3pKW9F1YzxkDjBHTVHP6fM2e+7NuL1iq24uWG/aSVYazap3hrNtkOpu3We7O32zv+AkXX77s0WARiajAH+aJ3MpvRIl8DvbnZ9BiDntH/uM4y9cbxogpqp4xQoYfPNgINvX1EoJsMfH5cx4tLMBUEitHkJs+QZwlW0wjZ4aitutTRpDHTZKafs+9byIn8bB9tmj0nqa4S7eaODfPowJHmarQiGM/tDD6n7kYQhFmGiyiAsqCQYI2H6omBKkT7+ctGiVw4PlUHr7TS9STRoTNflOBOX4+tH9aobsrNxnutt2Wu3ufjfYcsNG+QzY6cNhGh4453rH/OP4Qz/MIX7vm0eJizOQwLe3x8FDlxZ5/N8Tzmoe27rXMKYs1PXOEDL/oH1LbZYug2f2HeJb3QUiJSENlTKwSHyTvInKXbzPNPrMU+EYfyW8Wur9A859CkHoJnNwkkQfPJfPwrR6i0W+G4q7cYZJLVzwaEmlEg1UzUrwqV+kJIlNaXFRdTpBop1+TRA48m8Qrr3YRtPjhYXPoLNWZv05HW3Zb3r6jtnfynIsvXUX46nUP59/wyPUCfwx04f965OZtTG4XYRrkMA2FCFNVf8YEcn1yPIpC/d1fEWO/Ww/IlPKc3+u9dJNhDpquwE96S+ob2SL4R7ogN7rvGOggfL23aHSfrriLNxn47BlEblQiiuVEo1jFvkK7u2qHafSbpcIOfSVQLzrl6nFHsWoGOFA/6ke2TObVjj0kY8BMFa351SRXr3sMhCnTNf9kr1YEQYwZui88UnSboE0Hn7QPEs1+N/AH3iitU3n4TrZo9JoEnHlrdW//UYdcverR20WYhcOEmSZltsOY7fhDXxyHMcdlzHUZc5E/dcmLCsBV9XBIz/O/H8/5syZ+O2xbPy7X9M6jZfByZwE8n8LLTZJ4ULGETlB+KhBUX+8lGt2nKe6iXwx85jQi16/hR86DOA6jikxpsIjgq5exu3aXZQ6co8J3+kmgQQIHHlLmpqoIIjdI4EHzJF7+R4qgvp8jGUNmq+6G3RbJL8AMKr6CjPcnTMmqzPKQL1kKQn7S9Zf9T5Ig5QoKmyRyyoupvNK+iwC/7BMyv5+lumt3mCT3ImIiT5iq+JpVT9KhQy6jcpiSWzcxybuA0OZfLXPMAqh9MzQMmidyoEkCB+pXPK2olCCv5YhG9lTgzFtv4BPHXXL1ikd57tFqwpBbct8JKbyB0eY9ljl8PoQfDwyBZkl+srJewuNNFNYMcHL9BB40S+LlVimC+m6OZAyepaJ1u01y7YbnVzDo1e8EQS5jOqQsLBJSWIDd9U80zFtGELl5Mq+8miGoH2RLWufvwtakhRBt32eR/Bte6dumRPr+CS3mOIxKIiH51zx8+qTrrtpimkNnqfDTQaHSXu+6gfs8iCW1WD1FvYpqsUrMAgrClAaLCNp5yLZ++Blq3wwJlSoJNkr0zazHaWLV8yNY4LlkXu3QXTL7z1TclTtNcumqR0MSZXo19EFKqhIEjpD8fA+t/tV8sgSJjiYAz6fy6lvdRPhV75CWMxLYc1fo6MBxhxZzOOLYLOIhxgiu+jnaD/MVbZsRLkhwXh5Chw46zqK1htHvRwV+0E+S68UF5b/5EjV/bMqUvRBKq3mnL9fRvn0Ozj2PyO1Hq+Zl2Isw22I0Krnk7T/hWNNWaHrK92HltXQBvJDKg6bJXNkIg8dEkLoJ5aJY3aNRrG0myb1UziqoZlEs2/Z9zOLbhFy65LnLd1QTgryYJqgf9JBg54FhfdgExVmx0fBOnXeZrJDKtMFW5WKmyUjRbYzPnXXd3btsa/ZSTe8+AcAOvcSyjsGKoldlrb9K22xBTxsnW1OXaGjXbhufOeOSwsJH6wch0eiabTIKFeYdPevac9fqetfRMni7iwjapAlyi7uLJh8DQZ6O5+SGCTx4JpFXX88Wje5TFHfRJgOfyUU0WESYHPbHP1ejPEg0ZE7prUJMcnORu2SLUU0Iki6oH+VIMH2wrI+YrDqrfzG8M7kuA2q1SbMy02Tk9m2Mz5513V27bHv2Ev13BKlQiK0cQV7pKuhJo8LmuHnQ3bjF9DsKrz9aRyGlEVZudDM+e9F1lm0y9AGTFPh5L0l96wk1TNWJ50A9P3SvvJwp6KljZWvKcs3bfcAmFy8ieusWpgBQv1j0IYMpJZ8tjypYzDAYFXhCr+d7+OQp15m3oZoQpLU/hhp2GSLro6ao9prNpnf2QtXMx6iiVUIQ7+wZhHbvsu3ZS3W9+0QAO/QWyxr+K3r4yhQ6lNaZvBY3LGx8P0N1Vqw20L4DNr58BTEA8QHoOQAAIABJREFUHv6FUNpy60UijsNw3lXkbijXcvvxE2q5Lek7rxfPgZbpgvb1UD90v2y9ifYddPCFPEQ5jkRch0Uw9vNMD/KglxCi/EyQKiIJ03VKg8UY5130vEOHHWf2qidZzRslSO24IHg5w8+aZ0UHpqzdYnrnLlZ6VmJVLt/EKsLe2bMI7d5t27OX6kb3iUDt0Ft6OILEFYMXu/Dal4NDxsBJij1vse7u+NXyci8iGnqE3vhS0Qb/JLlDtKHXSAC/GRBS2j8B0YbSiuw4DjRN4eEHfSU9exwwp8zV3LWbTO/IcYfcKMDMNFgEoyhJ7rPdd5CD+N2UVTn1F0JKbt7E+NxZ5P22x7Z+XKo9eYLUihKkZKLQuGmqs26riasxQdxff/WnFmVPUMoIcj+d23IEaZXBw0/7S3rPMcCcOhu6G7aa3ulzLhUrr4tFbt7G6OARx1myStdHTFa19GFhtWNPUf578u8H+fypKGt9Bg0TObVdtqgFBoX1AT8o5oyFurtll4XPXUAsHCZM02jENP05jC66Nxy3FBHX9ZPArhuJeKhMz6ySiyoKJTdueN6JEy7ass2yxi+A1YMgL6YL8MMcSUv/LmyMnKw4qzdVTx+ksgTxSVKsPJfGqe/1krT0YbL+/STVXrbW8EqUFStjLlDqC9idPus6m7dZ1syFZQqPLTpzcq1SEbU/mRx3kaReAqe07iLA93pLWsKQsN53omJO/llzVmw3vf3/sfGxs453ItfFZ/JcnHvl9zh/2cXnLrv47CUX515BJL/Qo8UcpuEQZRr0a9hw5UdkU1mm+PIVDx045Dir1pnmyFlPsqMwevNqxf3/9s78PYoqffv8Dwo4iCAyIHtGEZWRcUHA5auMM6OYje7QiUkICZDIDkGQsIVNEBCQLWzDDiKgrIISGNaEHUPCEOhauqtO1alzaq9T1e8P1Z0ExAyBCIG36ro+v5Aroc/puqvOqXqe+w4KnVNpsXd2CPYfwaExUwV11WZsHo89xWoYR70J5IlPg6BtCiW+MYiV4keEpaETgPLNKsk4cEQllUHrvtbUjhOxw2FCLl4yjEOHNX3dZiyPny9K/fI50DGN5pu48/3AvcmaJlKgbQotdM2Mtt2ODqP0qbw8ZoGgzF4DtYXrJe3bTUhfuRVpa7fjW1izHWurt2GtaCvWVmxF+vqdbkT0qVKdlJdbduyRsabefwtDmCPW2fOG8cNeVV26CuPRc4SHL5An44OgYwot9sxi4ad5YfT5JKAt34DMo6c1m3usBFK95Gjto4RX0xn4YU5ICozg5BlLoLHroELKK63/mQNe64d0IrYouuvokhLD+GG/qswskpCvgBe6ZDB804T7cjq/ZxonUKBZMgVa+inQOoUGXdIZ8Y0cFvYdHkL9x4XRZxM5lF3Ao7wpAI8uvJWRhQAPnw5Q3jSAhk4BeNxcQV28Fhk79yrWmTMGcSuh3SqE+xUIEyLWqRJd3/a9osxbJOHcaaBhCKSdnwZ/TWdh35yQlJHPK/NWScb+YpVUBi13XarXSDW9Q7KpTdzweEKi5eiWE8OxzIhDrOrfu8erc70KpGUSBeIGMFUm2uPnifqmH2Xr4lUzouuuw7x1Dy9G3fgD22YZQsrLLOvYSV37dgvGOXME8W9DQ6C1n+ZbRuvFHqbLfrOY40wKDbqnMvCtDAa+l8XCv2eHpE+G/i7wk6EhlJ7PydO/gfrGHbJ16pROysuidWzYvjeBVD8qtoO0ZRw5rmtrN8l48hyIMic+TFeTKvfDIN+qPw26BBixRwYL/zk8jMfNF7U138vm8RKdXK+0bIYhjuCmLkV0rWqTFjGN6GZNc1OVFMWtxpQkN6VJFGwHoerfM83qJNu6TuN9C6SGSJonUaBdtXEaHjwDaEu3Yuv4Wd0GvPuZNa3ujV2OE3E0NVouQRPr0mXT2LZPUaYuh1LyBF58KyckdM1kQJuUWJjqXXzmP0AkTRMp0NINxQGdU2jQNcAIr6Yx8PUMRuyZyYo9M1nYM5OBPTMZ2GsgAz/IZuG/hoRgQm4YDfmSV75eIRm79yvk8mXTZu5jiRV7IkZIJGJZEXKt0jIP/KKqi1cjNHyyICWN4h52NS/FxyLJWvto0HEAA3tks+izKUCeWSTp239UzOMndeviJZPcqHRtepDkikDGjqPIjiMjx8HI3ayJgu3wYWIzNLGDNy07eNOyQyyxBd6uGdLpkLr3QdePQKJjfiqR4lsmuz6wXQYwkm8Sr8xeKxn7izX7RqXbG4KQfU8bT8t0HFVxHCTZJEgR8+cTmrZ8C8ZjvhKl5HEc7JMbAnHpDzeCrXGCa8TRIlqv1dZHg/Z+GnRMoYW4AA3iUmghbgAlxKVQYtcABXtmMvCjnBD0DQujkVOAumwdMg4d1ewgZVVt0u81z5GQSMQ0IxHTcMivFabx/X5FmbkESmljeOmj3AZiHNfYrYIFzZIo8HyAgR+O4vCwWYK6sAjpO3Yqxi9HdHLxoukwNHEAZzsisB0o2A5yRWEDzhUGyxD75g2LlF+1yOVLJrl80STXKiyboYgTE4mmusuvOl5t6k8g0RMkNt5nkijpw7FhecK30Ni2V7EuXTDtG5WWDXg7Yuj39KXHlpoOwja5eMXQd+13PYNHFQowcSwn9BjE8M1rCuQB30Vud62JmjvwzVzA0wlB/un4IHg6/qbwXNJN4ZU0GvYdzEqBkWE8YaagrYtWWkBoO6ZZnchV18M1/4tETMOJaKpDLvxq6Bt3y/iLuSL8ZEhYfDurAVqPPuOjxR5DQlLyBB6Pni3Kc5cjbfU22dh1ULWOndHJ6fMGKblokLOXDHL+imGVXjSs0+cN69Q53TpWops/H9eM/b9oxu6fVHPvYdU6flonl6+YNh0kjsBHy6zr3odQrwJ58taTBPYaHsJ58wRt+WZsFhdr1sWLJqFp4qj34PhY8zPrhkNu3LTME6d0/budirJgpYSGzRTgv0aHwQuf0eDPfopvkRwtZHzAd5EaK4hb7GKf+DTIN40PguYJQfBsUhB0TKFgn8GsNCCfw2MKgbxwhWT8cEAhl8sMR7m/J1eOZUUimupEEHLN/46V6PqyLQgPLQRi70xWeCWtAZpXN0umQVwGK/bOC0sJ4zmUPR3gMfNFedpKSVu0GenLtmN95XdYX7UD62t2Yr1oB9aWbcfakq1YW7QFqfPWI2XWGkmeulJS56xF+oYfFPPnEzopK7OcEEMcKN7TerVeBVJ1FY2n+MbxFHx9iLusnLVc0rd/rxhHj+uk4pp5T+XvNQ/LcmyOJ6Ss3DRPnNb1HXsUZd5qCefOAvDvw0PC3wYxQtxnNGjlp35r5frAReKK48lPXb+z9n5K6JpKw7ezGRSYwMkT5gvqkrVI37lHMU+V6OQmZTm6cX+PrQzDcSC0bYYhdkW5Ze45rCqzVkmSfyIPugUY0CmFbngCaZJEgedSaKFzBiO+ms3CXnkh6aPRYZQ4kcPp03g8aAbAOTMBHjoL4Lw5Ah46C+DsmQBlFgKcPo1HKVN4KXkSL306gUNp04FSuEoytu5VyNlzhn2zkth82N20P3SB1HhR+nIWKyXkc3jsHEH9tgjpPxxQrQuXDVu8h+remp+ZkIiDZcfheWLfDFrm6XOGvnWPosxeAVH2ZB5+PDIsvpHNgg4B+tZymYciEvf/bxx/E7T1UcLLn9Fin0GslDwyjPPnCtqyjcjYd1i1zp43yPVKywaCfb+mc46mOk44TMjVq5ZVcsbQ1++U5fxFovTR6DBo46Mabj5ILNm0aQLFuxt4CrT30+CFACN0S3WfePRIZ8Q3MljYI4MRXkljhJdSGRAXYECnAA3apdB8Gx8tvpLteuAu2oSto8d1UhG9i2BU5z6EehdIzeSruDQGfpgXkgaO5/HkOW6x5qlS3QH3+R7IiVStsx3DiNghjpgnS3Rt4w4ZT58PUfaXPPxoWEh48TO6KibuN9l+D14gQucBlNgzi4XxeWGU96X7InXvIZWUlZnuXhLbEf3+nWocGTvkxg1ilpaa5k8HNXXROoyyZwji67kh94Vqg02Yqr7tgsZRU4dnkyi+TTIN2rmGckJnPw3iUhihs981mHu+P823SXbjplsmUXzzREp4YSCD0gqB9s1GZBUf00l5meWwDHFQQxJIfBC0D9Dim9ks/GR4WBr8JVAWrJGMfUdUcv2G5ShKlZ/Xvb48rLIskpBNfi03jcPFmrZ+m6zMXg7x57OB9Gl+GL6Ww4CumQzomEaDP6e45n2xfvbGv/lebqNO3+ltm/REim/RnwZtU2jQKY0G3TIZ2Hd4SEqfxOP8rwRlwUpJ/+5HxTpd6hqOy9iJVgDfx3xEiztF0SaXfzXNQ79o+vrNsjz5G4j8X/LiK9nsIxDBVp0SxTdNqLIF4lsl0/xzyTRo3d91Lm/dn+afS3b/fgv3qRDfPJHimyVSQlxUIAs3Iqv4eAMTSPUYwXM+WuiazsCe2azUb2RYnrhI1Df8IFtnLxpOOOzum1T13gzvavRMOIrq2DRLrMtlpvmfU5r+3T5FXbQRyV8sElHaFF7qNy4M++SFhFcyGdDeT4M/+1yhNEmoWxDm/6JxfNBdHbjmcqDDAEbsnsXCd/NCMH4sh/NmAqVwGdRWb8XGnp9U62SJblf81+2X0TUnYpnuXNRZIDXfe5gROxQm1umzur51lyJ/tVhCudME6Z+jwsILGcwjIJAay63oY1H+qUQKuEbWFGheg6fdf+efqkHTREroMpBBqYVAW7jJFUiDWmJVA5onU6CtnwZxAQa+mc3iwTOBtmQTsn45rpHrFW4pBUK2Y5l1+sy/+Y4sy3GwbNs8IHaQtqyzlwxj7y+qvnobVmYshXj4LAH5xnPw3SEh8FKAAR2j2SJ/Srir6Im7TqltEo2paJHovgd5OZ2FH+SFpcB4Ho+aISjziiR9027ZOnJCI1fK3MJEHrgXiZqONfcyB1FxREzDsYO0ZR4+pmnL1iM0aqog9R/Dib1yQqBDgH50BFLHq3H17TuREjoPZFDg9wTykDfpNYmG/oDmiRRo56dRwgROmbYcGt/vU8n5cwa5fs2yed6+p5dhtY0JQptcLTfN4mO6vn2Hoi5YgfDomYKUNIoTe2aw4OVUBnRIofhnkoOgScJNvonbv8M3+bSaxm6S1+/S5FZAk/ibfLMEN7O+jY8CHfy02CsnJKXk8zh/lqguWoa0HbtU89Rpw6YpEtFdT4IIubf8+lsH7LjvPQzDiaiqY5f/1zR2HlDkwsUQ+oZx4ntZIfByKgP+7KM8gTQkgcSc0JslUMKf/ZT04aiwPGKuoC5dj439B1XzTKlh33Tr0uq3xVR2CEUR6+Il0yw+phvf7VHUbzdgecoSiD6fKaD0KbwUP56DH4wMwZ55rPjGEFZ8LZsVXhnICN0yGNA1nQEvprkPR+ICDOhSg7hU92dd0xmhWwYjvJrFiK9ls+Lrg1nYK4+FH44KS/3Gc8g3iceffyXI05ZL2spNWN+5RzWPndBJWTSmwjSciGXWn/kfxrYdDhNSWWlZxSc1bdlmjEbMEsQPckJCj3TX5KJlMhV7SPEYCeS2JdmjJJAaT+1Ay2QK9hzKotRJvFywQNRWb8TmgZ9VcuWq6SBc9/7t2sak644tijahaELKy03z9FnDOHhU07ftU7Si7Vj7ep0kT14K8civBZQzA6D0ybzkG8/D+FEc/NeIMPwoLww/zA2J7+WExHdzQuI7OSHxneyQ+E5OCL43JCR+MDQs9s0Lw3+NCMP4MRzyfcGhtEk8HlwI8OivRaVgKVTnrEXaiu9k47v9inn4P5p19rxhlVdYNhtyK3Rj4qiPrkHDcOxwmJBfy0zzxEld27xLkacuhdKAL3mhewYDOqXQfOv+NP90YtUF1xPI3Q7xjxZILM/96URKeDmTgf8YHkbZE3k8fSHUN+2UrTPndUeEdr22mBISiegxv2HJttmwm7J0qcy0Tp01zIPFmr7tR0Ur2ozVBUVInrFYwhPnimjkdAENnQSk7AlAyhjHS4FRnDRgJCf5q4GBMbyUkc9Lg74AaGgBwKMKBTxxrihPXwTVBUVIW71F1rfvVc2Dxbp1otQgl8pM+0Z0ryEh21FUtwmqPi8IquqQ65VuZcGOXYo8fwVCuYUC/L/hYb6tj+ZbRJ/c1Yire0wFkvhoCSS2RHwyPgiaJgRBpxRafDOTlT7ODaHcSUD7Zq1kHDyq2UHGNbg2DHezWs8+Ya7xg+o4SHJsPmyTaxWWdbbUMA7/rOu7f1C1TdsUtWgdlhcuQ3j2QglP/xrigjkiHl8ooPzpAhrngsdOF9CEmSIu+ErE076GePZCSf5mOVKL1mF942ZZ3/2Dah45olvnzpl25X+JHWJtB4pulXZ9H7btXggsy7FF0bbOXzL0XftUdfFKhMbMFKXEcZzYfRAL/pRwx+/QE8jdDvEBCYRvkkDxbXxuKXzPLBYmjeLwhAWitnaHbJ0o0d0goDBxZPm+U7J+M0ZiRT223Gpgm2UJqaiwrAsXTPPUacM4clTXDxzS9J17VW37bkXbvFPWNnwna+u2YG3tFqytqUZdt8392abvZW37bkXfvU/V9x/SzF+KNfPkKcO6eMm0r1+3ouKwHUV2jcbrdUBOxNF1x0HItnnetq5WWMb+I5r67UaMxswRJX8+L76TGwZx6YzbSOYJpAELJCqSxgkUaOH2Sgh/CdCw12AWZU7h5RnLJX3rLsU8ekInv5aZNseTek9niuWfRKtbHSTZNsfZhKYJqbxhWeUVlnWlzLQuXDassxcMs+ScYZ4+p5snS3XzZIlunqjBqbO6dfqcbp45Z5hnLxjWxSuGdaXMJOUVJqm8YdkMQ2yed9sXVPeuGPkjxoOxK/Tycss6flrX1n4v44mLIEzK58VeQ0OgW4YbWdE4Ov+3fSeeQO52iA9EIAnVG/Zmrt+v0DmVhn1HhFHudEGZt1TStu5QzOOndHIzWP8BmDVtdaLLkohhuC76iuLuVbBsOwjbjoRsG0q2LUq2LcDfIkL3Z1By9xQI2w6WbRvL7t/StOhSsR434bcPh5CIDYBNKios68xpw9i1V1VmF0nosylAfC2bBe1SaL6Vr9bz0hPI3Q7xQQkkdieJ1Wk966PEHoNYKWEMh4ZPE5SvV0j6jr2KVXrBsIFgO4riOIbhOFaDad9/uEdU2I6uOw7GNrlWaZknXHGoS9ZhPHyOCP8+igPtAzTfLMF9vF6L4bgnkLsd4oMWSGzT3jyJEuLSGdhraEiKH8PhYTMFdcE6pO/8SbUuXDbIjaDl8OC+e0cem8MwHAch2+E4QiorLfPYaV3f8qOizluF8Mg5opQ8gRffGBrin/PRd2Ni4Qnkbof4QAVSQyRPJVLgOb/rBNJ9EAs/HsvhkV8L2uKNyNj3k2qeKTXItUrLvhfj68fwcGTZsUMhd89xpsTQt+1R5DlFCA0pFKSPR3Gw59AQiEtn+GeSqSoLJE8gj6JAaoynSbS+7OkkSnhxICPFj+dw/jxRXbnOzRw/d+HebEsfw8OB0CbXr7u2R/v2a9o3axDOmyHA93PDIG4AU52XknBXJf2Pv0B+t1jxERFI9d0kyD8RHwRtAzTslRdCgUk8njBPVL9dj/VdP6lW6UXDDoWJLYi2jWXXxKA+I+ga1FGjQtk0I46iOA6UbJsHhFy5ahq/nND1bT8q6qJ1GI+ZJ6KE8Zz4aiYLWidRoEUs6Oju+l2qBfL9YyiQWqt5HyWBVImE4lv6aPBSFgvfGx6W+k/g0eh5orpgHdK371PMk2d063KZSSg65oryhz0heqhHjSdtsSWVVV5hmWfPG8ben1WtaLssT10h4SGzBClxAg/fzguBTgGGfyYx2uOScNfnYSOUOQ2oX0UFcuKkTq49BgJpcjfl7o+aQFxAsyQKtA7QoEsGI3bPZuHH4ziUN0uQ56yUtE07ZOPQEc26eNl0OI64oab1U+jXYI4qcViRiGVGHAHY1tWrlnn8pK7t2qOqi/+N5fyFIkop4MXew8Ji9xwWdEpjwLM+1zmlSUKdYrGrBbJj5+MhkMY1BFLVMPX4CKTqbhJ7DNwljYF9h4elnEkAz5gPtQ3bZLP4hG7fDLrxdUY0WuCxEki0p8PQIzZD29aZEkPbuVuVlyx3y0fix3Lg5Uy2WhDxse+nzm3EjXD6FF6euUTSt25XzOJjOimvsBxZrmM3keMG2gvAtukgIaXnDa1oh4yHfCWIr+Ww/HNutx//1AOII67Rzgk6ZzJowDSgzVuPzMNHdFIWtf9BUp3LNBxZdsj165Z18qSu79ypynNXIDRwGhDfGPoQBRIfBO0CtPhGDiv1GxWWciYBedoSqK/Zjs2DR1Vy7rJBrl4z7SBt2TxvOxi7uYCm2bDCM+901HxpaRjuy0WEbJvjbTtIEVJ+zbIuXDbNn/+j6Rt3ycrcIgmNmiFI/vE87JMXAp3S3PKRqjvGvfXYN0KBSbw89Ruob9gkmz8f0cjV8rrbzThOxFFkx+bDtn3zOrFOlRj6sm0YDZoliK8MYkHLJDf19EHkddfwnAIdMxjkm8Krs9cg88BhjVy8YJKbN4gjwToLxMbYIRUVlnn0uK5v36Eos5dKKH0ygG8MYR+8QKIieSKe4p/10SAuZgY9LIQyJvPyFwtF7Zt/S/rm3bK5/xfVOlXi9lfQFLEBcJ0I67usoz6PmuIwzYiDkWNzYdsO3iTk119N62SJbh74RTW2/SBrSzYguWCJiHIKgfTJ6LDYOzckvDSQAa2j5SN1WE7dWSD+CZw86Ws3CuzgYc26UmY66B4EImPHCYeIfb3Cso6f0rXFmzHOmAlA1yyWfzp693hQUcSuSIJC+3RaSirglRlFkvHjAc06W2raldctRxTrfgfBsk3KK0zzyFFN37xNVgoXQ5RWwMMegx+SQKI8lUSBZ30UeH4ABeLSaNhrKCsljg3jIVN5uWC+qC1dh4wdPyrm8RM6uXLFJMEgcSC0/4hq4Ho7am7CdT3iAGCTyuuEXLxomsVHdeO73Yq2dC2Sp8wXUe40ICXnc/CdXFZ4MZ0G7VNpvpWfBk8nU//rHcddCURKHMfJY2cJ6rcrkf7DftW6cMn1Y6rLI0LbjjhIcpdXv142rcPFmjZvPUIDpgGhSybDN018wLb70Ueiz39Go08ncsrkpVDfvls1T5wwyNWr7nLjbjauNQ0PJGRbV341jYOHNW3tBixPmi9K/om8+NfshyuQ2z2l2vkpoXsaAz/IZqUBIzk8bqZr4bp9t2IeOapb5y+adpCyHIRtR9VcxxTDcCJmzA3fqrbydP6gp1+31Xw5xKp25TdMJ6LpjqOojoNlxxFE275WaZHSc4Z56Bdd3xJtDR47Q5AGjODgh9ms8FoaA9r5Kb5x/F2EqdZVIH2HhVDWlzye8jXU1m2TzeKTOqHoaN+B/r/7DqKN8A7Hu51ax47r+padilzwLUTxEzjQIboWvM9b3T0JpE2AlvqOCaMRX4nq0nXY2LNfNUtKDRKkiNvnXMsj0Ni4TNNdA4c5Yp4uNfTtuxVl3hIJDZsmSJ+MDgvdBjIPzeO25nhjm/ZWyZQQF6CFHhkMfH9ICPnHc/jzWYIyZRnUFm9C+oYfZXNfsWqdOqdbF64Y5Ndyk1yrtEiQInYo7C7BUNToO2Y3FAvYvB+xVNntkIhjRVN51agbvyjaDscRm3KrhsnVCtO6cMW0zlwwzOLTurHrkKqv3SlrC9cjpWAJxHkzBOTL5+AHOSHhbxmM8JeAay5RfaGqNz+vRuJb2az06Ygwyi0A2oLVkrHnkGqXlZuOAFwf29oMumq8rCFBipinSwxj9x5FXbwa4WFzBKnvqDB4PkC7DfwPQSCtUyjYOy8kZRQAefpCqK3bLBs/F2vW1Qo3d8SMZYfcYXzRcUV0zXENxm4S8+djmla0CeMvZolS6jgevpcbAl3SmBpGaw9LINUiaZ7kZm90SqGFbukM7DmElT4cHUaJX3J40Cwg5y8Wla/WSNrqrVjf9oNi7D2kmr8c062SUoNcvmyS69eiqU3AjmBkRzTVbXu935eOTrRCmFhOxNCiwgC2HWJtUlnp7i1KzxrmsRO6ceCwZuzYq+j/3iFrSzZguXCFhEfOF3HGDIASJnDSh6PC8K0hrNAtnQGdUmjQxkfxzZNqbMTr73toBLqlMbB3FguThnNywUJR37hLJqXnDJum3LgBRb7zhq6mIZlhREjFdcs4XKxpqzdguWCeiNK+dOvtW/urnrg80JPliU+DoKVbCQsTRnLSsAJBnr9M0nftVcwLl0wbI/cOaZp3FohtV2WPR6Bgk7KrlrH7oKrMWyGh7Ak8/FduWHw9kwXtU+iHL5AaNElw93vN3QwOvrWfBu3SaNApgxG7D2Zh31FhlDaRx6MLBblwIdSWrEL6hm2ysWev2+V3ttQg5WWuIz7gbAcjxzH0WyOX6ywOJ5ZK60Qsw42tEIDtMDQh/71GyIXzpnXsmG7uO6DqW7Yr2vK1WJmzRJK/mCPiIQUAJedz8L1hYfHVbBZ0TGdAu1Sab+13S0aaR8twmvwx89kIdPDT4OUAI747KISHTAfqgjXI3HNItUrOGeRKmWnfCFo2B4gNRNsGom0LUXjBdniBOGFAbIol5rESXd+wU5YLF0Mp50sgfTwiLHbPYkHL5BoCeRAnUHVZBv9MEgW6pjHie0NC0D+SQ/mzRHXZRmwcLNZIRaVFgjSx2TCxOUCqxhUdp8MLxKYYYl+/YZErVy3zyEldX7UV4/y5ohQ/LCy+ncmCrjGLmAftZXv3F4maNqKgRTIFXkxlxN6DQjA+j5MGjgd4zAxRLvxG0paswfq/t8vGzn2q9fMxzTpz1iAXr5ikvNKyKZY4YUAcTiAOL5Lq86Bm70cNqvpCovPJC7YdBu5c09E5vVRmWmfOGVbxCd348aCmb9qhaMvWYWXOYlcYQycB5B/Jwb45YfH1DFbolELzzZOoKgf4Kv7Y86oR37o/DTo28hmqAAAIEUlEQVT5aeG1DEZKGMfJI+cJ6vy1SF+303Wa2H9ENY+e0swTpbp5ojTaPVaqm8fO6GbxKc08fEIz9x9V9VU7sDx1GUQ504D08ciw2DPHXX5U3/oe/AnSLJECHQI0+GsmK743JCQNmMDj8QtEdckmZOw8rBj7j6rG4eOaefS0VjWu2DiPntaNn45pxp6fVeO7/Yq2fCtWJi4WUeokXuydHRK6pTGgQwoNWsQsYh62KH7nIlGTp5Mo0D6FFl5JZ8TeWSH4z2FhyTeORwMnAzx8jihPXASVmUWStmgj0lftwMbGPbLx/SHF3H9MNQ+f0Mwjp9y5Ol7iztWps7rpdg3eyulz7s9Olurm8VLdPHpGN4+c1IxD/9HMA0dVY9dhVd+8V9FXfS9rizZjbc4aSS5YAuXRcwU8eBqQBkzgpX4jw/D9ISHx9QxWeDHAgLY+mm+WeOdx/aECeSaJAq2SKdAhhYZvDmalfuM4NGg6wGPmifKUJVCZu0rSlm1E2qrNWFu9GWuro33HKzchdcl6pC1YK8mzV0ryqHkCChTw0gfDQ2L3LBZ0SWNAaz/NN41ZqDyEk6RJIsU/258G7QM06JrOiL2HhqSkLzicOwvgKd9CeU6RpCxcK6nLNiJtzRZ3bKu3uONcsQkpC9dIyqwVUClYLOJhcwTkm8jBdz8PgRfTGPC8nwbP+ii+WVIDEMTviuTWuW8anY92KTR4IcCAVzNY+EYOC/t8HpJiPlX+Ah5lFAKc+5WAxy4Q5YJvoTJ7FVQWrJXUxeuRtmwjUos2uefAuq1Y+/c2rG3YXs36KOu2unNZtBmryzZidfE6pMxfI8lziiR56lIo5y8Ucd5cAWfMAMg/mZfiv+Ckf4wOw3c/D8G3BrPiX7NYoWsaI7h7DPdC1OT2cdXFG/heBdI4gQJNElyD6OdTaPBSOiO+OYiFHwwNwYQRnJSez6PPCwAaNVVAo6cJaMw0AY2dLqDhkwEa/CUvpY/jpf6jOPhhbkh8LYsF7VNp8Ez0xHkQLwZro6pUPInimydR4PkUWnglkxH75IRgv+FhacBYTsqa4I5vzHTBZZo7zuGTAcqawEv+MRz8ZFgYvjeYFbpnMqBjgOafSa5+r1NLN1qDo2Y7b/NEim+RRIGWPgq08lOgtZ8WOqTSQlw6A18eyMDXs1n4bm4IfjwiLPnGcihjPIeyJ/IodxJAI6e485RfKOCJMwX05SyxiokuOH+GO58jpwro8wJByp4IpPR8XvKP4aR+I8Lw/bwQfDOHhS8NZECXdAZ0SKVB2wEUaO0L8s8mU3yLmMdyAvXQ0nmfSKAaRa82Qb5xQpBvnkjxrZNp0NFHg5cGMOKb6Sx8PzsE++WGYeIwDiYN42D/4Rz0jeBgfF4Y/mNISHw/KyT2TGeFbqkMaO+PrhMb3Jo8usRIpPi2Plp4IUALf0tjxN6ZrNg3JwT75YVh/xEcTB4eZZg7vr/nhGDvTFbokcoIL6a4zvItkyi+cUIDG1+d5qKqjus3PJVA8c8kUqBVEgWe70+DFwYwQvd0Rnw7k4X/l83Cj4aE4CdDw1LisDDsP5yD/pGclDqKkz4bG2UMJ6WN4aTUMZw0YKR7riR+zkn9csPiR4PD4nuDQmKvTBa89hkLXgwwoJ3Pnc+nEynwpwTXnvTJ2LuMB7fPuAuBJLjqjAUrtk6mQXsfDV4MMKD7Z6z4VhYLew1iYe9sFvbJZuE7Oaz49iBWfD2DFV5NY0DXAAM6+GnQyheL82qIJ0+QfyqRAs8mU6CdjwZ/SaFBt1RG6JHBiG9lsbBPjju2Ptks7J3Nim8PYsFrrvCFuKg4WiW75dIP865YryK5jejdBTyTRPHPJtPgeR8tdA7Q4KVURuiezgh/y2TENzNZ2GsQK/YZFBLfzXZdFT8YGhI/GOLyfpR3c0Jin+yQ2CsrJL6VxYo9Mljh1XQGvJTKgC4DGNDOT/Ot+rsFrE8luquYxlHh/iaj5OE9HbxVINFHhKB5kpvC2ro/Ddr5adApQAudA7QQF6CFuFRa+EsqDToFaNAhhQbP+2jQxuc+Unw66cGVk9wL0XRVvkUSBVonU6Ct3w3m6RQdVxUBGnQOuMmrbX1u5kgL10X+oS8b61MktxPL7Ii56LdIpkArHwXa+CnwvJ8G7VNo0DGFBp3d+QJxAQa8kMqAF2/jhdQqr16hc4AGnVKi54qf5tv4aNDK5/7tWH1edUEhdaso/vg9xt0LpKZQbgmZjKeq3Lmb1iD2b42jy7MnE4KPxIkTrdPin0y41X286R3HV5Uj6EamNYDP/2DnKXYeuN9xbfP1ezSp5Vx5BObztwK5hWp3jTvmQTy04Mf75bbP/fvjoxrKlazhz9f/yA55RM+V/yGQBOpWkdTgERxsrV/8b8dHeeL4nbm603zVxiMqDv6JuxKIh8f/v3gC8fCoBU8gHh614AnEw6MWPIF4eNSCJxAPj1rwBOLhUQueQDw8asETiIdHLXgC8fCoBU8gHh614AnEw6MWPIF4eNSCJxAPj1rwBOLhUQueQDw8asETiIdHLXgC8fCoBU8gHh614AnEw6MWPIF4eNSCJxAPj1rwBOLhUQueQDw8asETiIdHLXgC8fCoBU8gHh614AnEw6MWPIF4eNSCJxAPj1rwBOLhUQueQDw8aqER/0Qi7eHhcWca8U8mMB4eHnemEf9kIuvh4XFnPIF4eNRCI/6JxJseHh53phF4MrHCw8PjzjTin0i84uHhcWca8U8kXvTw8LgznkA8PGrh/wF+ScfGER83uQAAAABJRU5ErkJggg==','1',74,'2016-06-25 21:45:20',74,'2016-06-25 21:45:20','0000-00-00 00:00:00'),(3,'a84b3f16-0ca6-541a-ab0b-e1fa9284124d','5a4d51ee-1cb4-5666-8a0a-4b69ef106b33',NULL,'AH0000003',1,'2016-06-28 16:54:26','Mr.','Testing','S',NULL,NULL,NULL,NULL,'1994-06-28','F',NULL,NULL,NULL,NULL,NULL,'OP',NULL,NULL,NULL,'1234567890',NULL,NULL,NULL,'1',74,'2016-06-28 16:54:26',74,'2016-06-28 16:54:26','0000-00-00 00:00:00'),(4,'6ce4bc87-04e2-519d-a0d7-09f235bf56dd','cca57522-006c-54d6-9ac4-212e56df6280',NULL,'AH0000004',1,'2016-07-01 16:35:47','Mr.','patient 2',NULL,NULL,NULL,NULL,NULL,'1994-07-01','F',NULL,NULL,NULL,NULL,NULL,'OP',NULL,NULL,NULL,'1234567890',NULL,NULL,NULL,'1',74,'2016-07-01 16:35:47',74,'2016-07-01 16:35:47','0000-00-00 00:00:00'),(5,'2a4ba008-4e27-5955-b4da-913085257aec','dd1ead2b-bd2e-5e9d-8589-0fce61b081e4',NULL,'AH0000005',1,'2016-07-14 12:36:09','Mr.','New Patient','S',NULL,NULL,NULL,NULL,'1996-07-14','M','S','Occupation','B+',1,'Email','OP',NULL,'Referral Hospital',NULL,'1234567890','1234567890','N',NULL,'1',74,'2016-07-14 12:36:09',74,'2016-07-14 12:36:09','0000-00-00 00:00:00'),(6,'1b03bbb9-4723-5fc5-847e-d2b278bb8b92','dc610bff-8ef0-5d2d-8fcc-e319626c89c7',NULL,'AH0000006',1,'2016-07-14 13:00:41','Miss.','New Patient2','Last Name',NULL,NULL,NULL,NULL,'1989-07-14','F','S','Work','B+',1,'email@email.com','OP',NULL,'Referral Hospital',NULL,'9874563210','1234567890','N',NULL,'1',74,'2016-07-14 13:00:41',74,'2016-07-14 13:00:41','0000-00-00 00:00:00');

/*Table structure for table `pat_patient_address` */

DROP TABLE IF EXISTS `pat_patient_address`;

CREATE TABLE `pat_patient_address` (
  `addr_id` int(11) NOT NULL AUTO_INCREMENT,
  `patient_id` int(11) NOT NULL,
  `addr_current_address` text,
  `addr_country_id` int(11) DEFAULT NULL,
  `addr_state_id` int(11) DEFAULT NULL,
  `addr_city_id` int(11) DEFAULT NULL,
  `addr_zip` varchar(10) DEFAULT NULL,
  `addr_perm_address` text,
  `addr_perm_country_id` int(11) DEFAULT NULL,
  `addr_perm_state_id` int(11) DEFAULT NULL,
  `addr_perm_city_id` int(11) DEFAULT NULL,
  `addr_perm_zip` varchar(10) DEFAULT NULL,
  `created_by` int(11) NOT NULL,
  `created_at` timestamp NOT NULL DEFAULT CURRENT_TIMESTAMP,
  `modified_by` int(11) DEFAULT NULL,
  `modified_at` timestamp NULL DEFAULT NULL,
  `deleted_at` timestamp NULL DEFAULT '0000-00-00 00:00:00',
  PRIMARY KEY (`addr_id`),
  KEY `FK_pat_addr_address_patient` (`patient_id`),
  KEY `FK_pat_patient_address_country` (`addr_country_id`),
  KEY `FK_pat_patient_address_state` (`addr_state_id`),
  KEY `FK_pat_patient_address_city` (`addr_city_id`),
  KEY `FK_pat_patient_address_perm_country` (`addr_perm_country_id`),
  KEY `FK_pat_patient_address_perm_state` (`addr_perm_state_id`),
  KEY `FK_pat_patient_address_perm_city` (`addr_perm_city_id`),
  CONSTRAINT `FK_pat_addr_address_patient` FOREIGN KEY (`patient_id`) REFERENCES `pat_patient` (`patient_id`) ON DELETE CASCADE ON UPDATE CASCADE,
  CONSTRAINT `FK_pat_patient_address_city` FOREIGN KEY (`addr_city_id`) REFERENCES `co_master_city` (`city_id`) ON DELETE SET NULL ON UPDATE CASCADE,
  CONSTRAINT `FK_pat_patient_address_country` FOREIGN KEY (`addr_country_id`) REFERENCES `co_master_country` (`country_id`) ON DELETE SET NULL ON UPDATE CASCADE,
  CONSTRAINT `FK_pat_patient_address_perm_city` FOREIGN KEY (`addr_perm_city_id`) REFERENCES `co_master_city` (`city_id`) ON DELETE SET NULL ON UPDATE CASCADE,
  CONSTRAINT `FK_pat_patient_address_perm_country` FOREIGN KEY (`addr_perm_country_id`) REFERENCES `co_master_country` (`country_id`) ON DELETE SET NULL ON UPDATE CASCADE,
  CONSTRAINT `FK_pat_patient_address_perm_state` FOREIGN KEY (`addr_perm_state_id`) REFERENCES `co_master_state` (`state_id`) ON DELETE SET NULL ON UPDATE CASCADE,
  CONSTRAINT `FK_pat_patient_address_state` FOREIGN KEY (`addr_state_id`) REFERENCES `co_master_state` (`state_id`) ON DELETE SET NULL ON UPDATE CASCADE
) ENGINE=InnoDB AUTO_INCREMENT=4 DEFAULT CHARSET=latin1;

/*Data for the table `pat_patient_address` */

insert  into `pat_patient_address`(`addr_id`,`patient_id`,`addr_current_address`,`addr_country_id`,`addr_state_id`,`addr_city_id`,`addr_zip`,`addr_perm_address`,`addr_perm_country_id`,`addr_perm_state_id`,`addr_perm_city_id`,`addr_perm_zip`,`created_by`,`created_at`,`modified_by`,`modified_at`,`deleted_at`) values (1,1,'Test Address',1,1,1,'123456',NULL,1,2,3,'123456',74,'2016-06-28 16:15:24',74,'2016-07-04 18:13:54','0000-00-00 00:00:00'),(2,5,'AAAAAAAAAAA',1,1,1,NULL,NULL,NULL,NULL,NULL,NULL,74,'2016-07-14 12:36:10',74,'2016-07-14 12:36:10','0000-00-00 00:00:00'),(3,6,'Address',1,1,1,'123456','Address',1,1,1,'123456',74,'2016-07-14 13:00:44',74,'2016-07-14 13:00:44','0000-00-00 00:00:00');

/*Table structure for table `pat_patient_casesheet` */

DROP TABLE IF EXISTS `pat_patient_casesheet`;

CREATE TABLE `pat_patient_casesheet` (
  `casesheet_id` int(11) NOT NULL AUTO_INCREMENT,
  `tenant_id` int(11) NOT NULL,
  `patient_id` int(11) NOT NULL,
  `casesheet_no` varchar(50) NOT NULL,
  `start_date` date NOT NULL,
  `end_date` date DEFAULT NULL,
  `status` enum('0','1') DEFAULT '1',
  `created_by` int(11) NOT NULL,
  `created_at` timestamp NOT NULL DEFAULT CURRENT_TIMESTAMP,
  `modified_by` int(11) DEFAULT NULL,
  `modified_at` timestamp NULL DEFAULT NULL,
  `deleted_at` timestamp NULL DEFAULT '0000-00-00 00:00:00',
  PRIMARY KEY (`casesheet_id`),
  UNIQUE KEY `PatPatientCasesheetUnique` (`tenant_id`,`casesheet_no`),
  KEY `FK_pat_patient_casesheet_patient` (`patient_id`),
  CONSTRAINT `FK_pat_patient_casesheet_patient` FOREIGN KEY (`patient_id`) REFERENCES `pat_patient` (`patient_id`) ON DELETE CASCADE ON UPDATE CASCADE,
  CONSTRAINT `FK_pat_patient_casesheet_tenant` FOREIGN KEY (`tenant_id`) REFERENCES `co_tenant` (`tenant_id`) ON DELETE CASCADE ON UPDATE CASCADE
) ENGINE=InnoDB AUTO_INCREMENT=8 DEFAULT CHARSET=latin1;

/*Data for the table `pat_patient_casesheet` */

insert  into `pat_patient_casesheet`(`casesheet_id`,`tenant_id`,`patient_id`,`casesheet_no`,`start_date`,`end_date`,`status`,`created_by`,`created_at`,`modified_by`,`modified_at`,`deleted_at`) values (1,1,1,'12','2016-06-21','2016-06-28','0',74,'2016-06-21 15:51:30',74,'2016-06-28 12:55:40','0000-00-00 00:00:00'),(2,1,1,'13','2016-06-28',NULL,'1',74,'2016-06-28 12:55:40',74,'2016-06-28 12:55:40','0000-00-00 00:00:00'),(3,1,3,'AH0000001','2016-06-28',NULL,'1',74,'2016-06-28 16:54:26',74,'2016-06-28 16:54:26','0000-00-00 00:00:00'),(4,1,2,'123','2016-07-01',NULL,'1',74,'2016-07-01 15:34:34',74,'2016-07-01 15:34:34','0000-00-00 00:00:00'),(5,1,4,'AH0000002','2016-07-01',NULL,'1',74,'2016-07-01 16:35:47',74,'2016-07-01 16:35:47','0000-00-00 00:00:00'),(6,1,5,'AH0000003','2016-07-14',NULL,'1',74,'2016-07-14 12:36:09',74,'2016-07-14 12:36:09','0000-00-00 00:00:00'),(7,1,6,'AH0000004','2016-07-14',NULL,'1',74,'2016-07-14 13:00:42',74,'2016-07-14 13:00:42','0000-00-00 00:00:00');

/*Table structure for table `pat_prescription` */

DROP TABLE IF EXISTS `pat_prescription`;

CREATE TABLE `pat_prescription` (
  `pres_id` int(11) NOT NULL AUTO_INCREMENT,
  `tenant_id` int(11) NOT NULL,
  `encounter_id` int(11) NOT NULL,
  `patient_id` int(11) NOT NULL,
  `pres_date` datetime NOT NULL,
  `consultant_id` int(11) NOT NULL,
  `number_of_days` smallint(6) DEFAULT NULL,
  `notes` text,
  `next_visit` date DEFAULT NULL,
  `status` enum('0','1') DEFAULT '1',
  `created_by` int(11) NOT NULL,
  `created_at` timestamp NOT NULL DEFAULT CURRENT_TIMESTAMP,
  `modified_by` int(11) DEFAULT NULL,
  `modified_at` timestamp NULL DEFAULT NULL,
  `deleted_at` timestamp NULL DEFAULT '0000-00-00 00:00:00',
  PRIMARY KEY (`pres_id`),
  KEY `FK_pat_prescription_tenant` (`tenant_id`),
  KEY `FK_pat_prescription_patient` (`patient_id`),
  KEY `FK_pat_prescription_encounter` (`encounter_id`),
  CONSTRAINT `FK_pat_prescription_encounter` FOREIGN KEY (`encounter_id`) REFERENCES `pat_encounter` (`encounter_id`) ON DELETE CASCADE ON UPDATE CASCADE,
  CONSTRAINT `FK_pat_prescription_patient` FOREIGN KEY (`patient_id`) REFERENCES `pat_patient` (`patient_id`) ON DELETE CASCADE ON UPDATE CASCADE,
  CONSTRAINT `FK_pat_prescription_tenant` FOREIGN KEY (`tenant_id`) REFERENCES `co_tenant` (`tenant_id`) ON DELETE CASCADE ON UPDATE CASCADE
) ENGINE=InnoDB AUTO_INCREMENT=17 DEFAULT CHARSET=latin1;

/*Data for the table `pat_prescription` */

insert  into `pat_prescription`(`pres_id`,`tenant_id`,`encounter_id`,`patient_id`,`pres_date`,`consultant_id`,`number_of_days`,`notes`,`next_visit`,`status`,`created_by`,`created_at`,`modified_by`,`modified_at`,`deleted_at`) values (1,1,4,1,'2016-06-24 19:01:46',75,NULL,NULL,'2016-06-24','1',74,'2016-06-24 19:01:46',74,'2016-06-24 19:01:46','0000-00-00 00:00:00'),(2,1,4,1,'2016-06-24 19:02:41',75,NULL,NULL,'2016-06-24','1',74,'2016-06-24 19:02:41',74,'2016-06-24 19:02:41','0000-00-00 00:00:00'),(3,1,4,1,'2016-06-24 19:25:42',75,NULL,NULL,'2016-06-24','1',74,'2016-06-24 19:25:42',74,'2016-06-24 19:25:42','0000-00-00 00:00:00'),(4,1,4,1,'2016-06-25 22:27:05',75,NULL,NULL,'2016-06-25','1',74,'2016-06-25 22:27:06',74,'2016-06-25 22:27:06','0000-00-00 00:00:00'),(5,1,4,1,'2016-06-25 22:29:09',75,NULL,NULL,'2016-06-25','1',74,'2016-06-25 22:29:09',74,'2016-06-25 22:29:09','0000-00-00 00:00:00'),(6,1,4,1,'2016-06-25 22:31:04',75,15,NULL,'2016-07-10','1',74,'2016-06-25 22:31:04',74,'2016-06-25 22:31:04','0000-00-00 00:00:00'),(7,1,4,1,'2016-06-25 22:55:52',75,NULL,NULL,'2016-06-25','1',74,'2016-06-25 22:55:53',74,'2016-06-25 22:55:53','0000-00-00 00:00:00'),(8,1,4,1,'2016-06-25 23:03:20',75,NULL,NULL,'2016-06-25','1',74,'2016-06-25 23:03:21',74,'2016-06-25 23:03:21','0000-00-00 00:00:00'),(9,1,4,1,'2016-06-25 23:07:25',75,25,NULL,'2016-07-20','1',74,'2016-06-25 23:07:25',74,'2016-06-25 23:07:25','0000-00-00 00:00:00'),(10,1,4,1,'2016-06-25 23:08:16',75,25,NULL,'2016-07-20','1',74,'2016-06-25 23:08:16',74,'2016-06-25 23:08:16','0000-00-00 00:00:00'),(11,1,4,1,'2016-06-25 23:12:49',75,NULL,NULL,'2016-06-25','1',74,'2016-06-25 23:12:49',74,'2016-06-25 23:12:49','0000-00-00 00:00:00'),(12,1,39,3,'2016-07-02 12:30:28',75,NULL,NULL,'2016-07-02','1',74,'2016-07-02 12:30:28',74,'2016-07-02 12:30:28','0000-00-00 00:00:00'),(13,1,52,1,'2016-07-14 11:09:21',75,NULL,NULL,'2016-07-14','1',74,'2016-07-14 11:09:21',74,'2016-07-14 11:09:21','0000-00-00 00:00:00'),(14,1,52,1,'2016-07-15 10:41:49',75,NULL,NULL,'2016-07-15','1',74,'2016-07-15 10:41:49',74,'2016-07-15 10:41:49','0000-00-00 00:00:00'),(15,1,52,1,'2016-07-15 10:43:06',75,NULL,NULL,'2016-07-15','1',74,'2016-07-15 10:43:06',74,'2016-07-15 10:43:06','0000-00-00 00:00:00'),(16,1,52,1,'2016-07-15 13:27:48',75,NULL,NULL,'2016-07-15','1',74,'2016-07-15 13:27:48',74,'2016-07-15 13:27:48','0000-00-00 00:00:00');

/*Table structure for table `pat_prescription_favourite` */

DROP TABLE IF EXISTS `pat_prescription_favourite`;

CREATE TABLE `pat_prescription_favourite` (
  `pres_fav_id` int(11) NOT NULL AUTO_INCREMENT,
  `tenant_id` int(11) NOT NULL,
  `encounter_id` int(11) NOT NULL,
  `patient_id` int(11) NOT NULL,
  `product_id` int(11) NOT NULL,
  `product_name` varchar(255) NOT NULL,
  `generic_id` int(11) NOT NULL,
  `drug_class_id` int(11) NOT NULL,
  `consultant_id` int(11) NOT NULL,
  `pres_id` int(11) NOT NULL,
  `status` enum('0','1') DEFAULT '1',
  `created_by` int(11) NOT NULL,
  `created_at` timestamp NOT NULL DEFAULT CURRENT_TIMESTAMP,
  `modified_by` int(11) DEFAULT NULL,
  `modified_at` timestamp NULL DEFAULT NULL,
  `deleted_at` timestamp NULL DEFAULT '0000-00-00 00:00:00',
  PRIMARY KEY (`pres_fav_id`),
  KEY `FK_pat_prescription_favourite_tenant` (`tenant_id`),
  KEY `FK_pat_prescription_favourite_encounter` (`encounter_id`),
  KEY `FK_pat_prescription_favourite_product` (`product_id`),
  KEY `FK_pat_prescription_favourite_generic` (`generic_id`),
  KEY `FK_pat_prescription_favourite_drug_class` (`drug_class_id`),
  KEY `FK_pat_prescription_favourite_consultant` (`consultant_id`),
  KEY `FK_pat_prescription_favourite_prescription` (`pres_id`),
  CONSTRAINT `FK_pat_prescription_favourite_consultant` FOREIGN KEY (`consultant_id`) REFERENCES `co_user` (`user_id`) ON DELETE CASCADE ON UPDATE CASCADE,
  CONSTRAINT `FK_pat_prescription_favourite_drug_class` FOREIGN KEY (`drug_class_id`) REFERENCES `pha_drug_class` (`drug_class_id`) ON DELETE CASCADE ON UPDATE CASCADE,
  CONSTRAINT `FK_pat_prescription_favourite_encounter` FOREIGN KEY (`encounter_id`) REFERENCES `pat_encounter` (`encounter_id`) ON DELETE CASCADE ON UPDATE CASCADE,
  CONSTRAINT `FK_pat_prescription_favourite_generic` FOREIGN KEY (`generic_id`) REFERENCES `pha_generic` (`generic_id`) ON DELETE CASCADE ON UPDATE CASCADE,
  CONSTRAINT `FK_pat_prescription_favourite_prescription` FOREIGN KEY (`pres_id`) REFERENCES `pat_prescription` (`pres_id`) ON DELETE CASCADE ON UPDATE CASCADE,
  CONSTRAINT `FK_pat_prescription_favourite_product` FOREIGN KEY (`product_id`) REFERENCES `pha_product` (`product_id`) ON DELETE CASCADE ON UPDATE CASCADE,
  CONSTRAINT `FK_pat_prescription_favourite_tenant` FOREIGN KEY (`tenant_id`) REFERENCES `co_tenant` (`tenant_id`) ON DELETE CASCADE ON UPDATE CASCADE
) ENGINE=InnoDB AUTO_INCREMENT=4 DEFAULT CHARSET=latin1;

/*Data for the table `pat_prescription_favourite` */

insert  into `pat_prescription_favourite`(`pres_fav_id`,`tenant_id`,`encounter_id`,`patient_id`,`product_id`,`product_name`,`generic_id`,`drug_class_id`,`consultant_id`,`pres_id`,`status`,`created_by`,`created_at`,`modified_by`,`modified_at`,`deleted_at`) values (1,1,4,1,1,'AAAAAAAa | 10 | MG',1,1,75,10,'1',74,'2016-06-24 19:01:46',74,'2016-06-25 23:08:17','0000-00-00 00:00:00'),(2,1,39,3,1,'AAAAAAAa | 10 | MG',1,1,75,12,'1',74,'2016-07-02 12:30:28',74,'2016-07-02 12:30:45','0000-00-00 00:00:00'),(3,1,52,1,1,'AAAAAAAa | 10 | MG',1,1,75,16,'1',74,'2016-07-15 10:43:06',74,'2016-07-15 13:27:50','0000-00-00 00:00:00');

/*Table structure for table `pat_prescription_frequency` */

DROP TABLE IF EXISTS `pat_prescription_frequency`;

CREATE TABLE `pat_prescription_frequency` (
  `freq_id` int(11) NOT NULL AUTO_INCREMENT,
  `tenant_id` int(11) NOT NULL,
  `freq_name` varchar(20) NOT NULL,
  `status` enum('0','1') DEFAULT '1',
  `created_by` int(11) NOT NULL,
  `created_at` timestamp NOT NULL DEFAULT CURRENT_TIMESTAMP,
  `modified_by` int(11) DEFAULT NULL,
  `modified_at` timestamp NULL DEFAULT NULL,
  `deleted_at` timestamp NULL DEFAULT '0000-00-00 00:00:00',
  PRIMARY KEY (`freq_id`),
  KEY `FK_pat_prescription_frequency_tenant` (`tenant_id`),
  FULLTEXT KEY `FreqNameFulltext` (`freq_name`),
  CONSTRAINT `FK_pat_prescription_frequency_tenant` FOREIGN KEY (`tenant_id`) REFERENCES `co_tenant` (`tenant_id`) ON DELETE CASCADE ON UPDATE CASCADE
) ENGINE=InnoDB AUTO_INCREMENT=8 DEFAULT CHARSET=latin1;

/*Data for the table `pat_prescription_frequency` */

insert  into `pat_prescription_frequency`(`freq_id`,`tenant_id`,`freq_name`,`status`,`created_by`,`created_at`,`modified_by`,`modified_at`,`deleted_at`) values (1,1,'1-1-1','1',74,'2016-06-24 19:01:46',74,'2016-06-24 19:01:46','0000-00-00 00:00:00'),(2,1,'1-5-1','1',74,'2016-06-25 22:29:09',74,'2016-06-25 22:29:09','0000-00-00 00:00:00'),(3,1,'1-0-2-3','1',74,'2016-06-25 22:55:54',74,'2016-06-25 22:55:54','0000-00-00 00:00:00'),(4,1,'1-2-3-4','1',74,'2016-06-25 23:03:21',74,'2016-06-25 23:03:21','0000-00-00 00:00:00'),(5,1,'1-0-4-6','1',74,'2016-06-25 23:07:25',74,'2016-06-25 23:07:25','0000-00-00 00:00:00'),(6,1,'1-2-3-5','1',74,'2016-06-25 23:08:17',74,'2016-06-25 23:08:17','0000-00-00 00:00:00'),(7,1,'1-1-1-1','1',74,'2016-07-02 12:30:28',74,'2016-07-02 12:30:28','0000-00-00 00:00:00');

/*Table structure for table `pat_prescription_items` */

DROP TABLE IF EXISTS `pat_prescription_items`;

CREATE TABLE `pat_prescription_items` (
  `pres_item_id` int(11) NOT NULL AUTO_INCREMENT,
  `tenant_id` int(11) NOT NULL,
  `pres_id` int(11) NOT NULL,
  `product_id` int(11) NOT NULL,
  `product_name` varchar(255) NOT NULL,
  `generic_id` int(11) NOT NULL,
  `generic_name` varchar(255) NOT NULL,
  `drug_class_id` int(11) NOT NULL,
  `drug_name` varchar(255) NOT NULL,
  `route_id` int(11) NOT NULL,
  `freq_id` int(11) NOT NULL,
  `number_of_days` smallint(6) NOT NULL,
  `status` enum('0','1') DEFAULT '1',
  `created_by` int(11) NOT NULL,
  `created_at` timestamp NOT NULL DEFAULT CURRENT_TIMESTAMP,
  `modified_by` int(11) DEFAULT NULL,
  `modified_at` timestamp NULL DEFAULT NULL,
  `deleted_at` timestamp NULL DEFAULT '0000-00-00 00:00:00',
  PRIMARY KEY (`pres_item_id`),
  KEY `FK_pat_prescription_items_tenant` (`tenant_id`),
  KEY `FK_pat_prescription_items_pres` (`pres_id`),
  KEY `FK_pat_prescription_items_prodduct` (`product_id`),
  KEY `FK_pat_prescription_items_generic` (`generic_id`),
  KEY `FK_pat_prescription_items_drug_class` (`drug_class_id`),
  KEY `FK_pat_prescription_items_frequency` (`freq_id`),
  KEY `FK_pat_prescription_items_route` (`route_id`),
  CONSTRAINT `FK_pat_prescription_items_drug_class` FOREIGN KEY (`drug_class_id`) REFERENCES `pha_drug_class` (`drug_class_id`) ON UPDATE CASCADE,
  CONSTRAINT `FK_pat_prescription_items_frequency` FOREIGN KEY (`freq_id`) REFERENCES `pat_prescription_frequency` (`freq_id`) ON UPDATE CASCADE,
  CONSTRAINT `FK_pat_prescription_items_generic` FOREIGN KEY (`generic_id`) REFERENCES `pha_generic` (`generic_id`) ON UPDATE CASCADE,
  CONSTRAINT `FK_pat_prescription_items_pres` FOREIGN KEY (`pres_id`) REFERENCES `pat_prescription` (`pres_id`) ON DELETE CASCADE ON UPDATE CASCADE,
  CONSTRAINT `FK_pat_prescription_items_prodduct` FOREIGN KEY (`product_id`) REFERENCES `pha_product` (`product_id`) ON UPDATE CASCADE,
  CONSTRAINT `FK_pat_prescription_items_route` FOREIGN KEY (`route_id`) REFERENCES `pat_prescription_route` (`route_id`) ON UPDATE CASCADE,
  CONSTRAINT `FK_pat_prescription_items_tenant` FOREIGN KEY (`tenant_id`) REFERENCES `co_tenant` (`tenant_id`) ON DELETE CASCADE ON UPDATE CASCADE
) ENGINE=InnoDB AUTO_INCREMENT=19 DEFAULT CHARSET=latin1;

/*Data for the table `pat_prescription_items` */

insert  into `pat_prescription_items`(`pres_item_id`,`tenant_id`,`pres_id`,`product_id`,`product_name`,`generic_id`,`generic_name`,`drug_class_id`,`drug_name`,`route_id`,`freq_id`,`number_of_days`,`status`,`created_by`,`created_at`,`modified_by`,`modified_at`,`deleted_at`) values (1,1,1,1,'AAAAAAAa | 10 | MG',1,'Generic',1,'Drug',1,1,1,'1',74,'2016-06-24 19:01:46',74,'2016-06-24 19:01:46','0000-00-00 00:00:00'),(2,1,2,1,'AAAAAAAa | 10 | MG',1,'Generic',1,'Drug',1,1,10,'1',74,'2016-06-24 19:02:42',74,'2016-06-24 19:02:42','0000-00-00 00:00:00'),(3,1,3,1,'AAAAAAAa | 10 | MG',1,'Generic',1,'Drug',2,1,12,'1',74,'2016-06-24 19:25:43',74,'2016-06-24 19:25:43','0000-00-00 00:00:00'),(4,1,4,1,'AAAAAAAa | 10 | MG',1,'Generic',1,'Drug',3,1,10,'1',74,'2016-06-25 22:27:06',74,'2016-06-25 22:27:06','0000-00-00 00:00:00'),(5,1,5,1,'AAAAAAAa | 10 | MG',1,'Generic',1,'Drug',4,2,10,'1',74,'2016-06-25 22:29:11',74,'2016-06-25 22:29:11','0000-00-00 00:00:00'),(6,1,6,1,'AAAAAAAa | 10 | MG',1,'Generic',1,'Drug',5,1,10,'1',74,'2016-06-25 22:31:05',74,'2016-06-25 22:31:05','0000-00-00 00:00:00'),(7,1,7,1,'AAAAAAAa | 10 | MG',1,'Generic',1,'Drug',5,3,100,'1',74,'2016-06-25 22:55:55',74,'2016-06-25 22:55:55','0000-00-00 00:00:00'),(8,1,8,1,'AAAAAAAa | 10 | MG',1,'Generic',1,'Drug',5,4,10,'1',74,'2016-06-25 23:03:21',74,'2016-06-25 23:03:21','0000-00-00 00:00:00'),(9,1,9,1,'AAAAAAAa | 10 | MG',1,'Generic',1,'Drug',5,5,96,'1',74,'2016-06-25 23:07:26',74,'2016-06-25 23:07:26','0000-00-00 00:00:00'),(10,1,10,1,'AAAAAAAa | 10 | MG',1,'Generic',1,'Drug',6,6,88,'1',74,'2016-06-25 23:08:17',74,'2016-06-25 23:08:17','0000-00-00 00:00:00'),(11,1,11,3,'CCCC | 10 | MG',2,'Generice 2',1,'Drug',5,6,10,'1',74,'2016-06-25 23:12:49',74,'2016-06-25 23:12:49','0000-00-00 00:00:00'),(12,1,12,1,'AAAAAAAa | 10 | MG',1,'Generic',1,'Drug',1,7,1,'1',74,'2016-07-02 12:30:28',74,'2016-07-02 12:30:28','0000-00-00 00:00:00'),(13,1,13,2,'BBBB | MG',1,'Generic',1,'Drug',1,7,10,'1',74,'2016-07-14 11:09:22',74,'2016-07-14 11:09:22','0000-00-00 00:00:00'),(14,1,14,3,'CCCCC | 10 | MG',2,'Gen',1,'Drug',2,7,1,'1',74,'2016-07-15 10:41:50',74,'2016-07-15 10:41:50','0000-00-00 00:00:00'),(15,1,15,1,'AAAAAAAa | 10 | MG',1,'Generic',1,'Drug',2,7,10,'1',74,'2016-07-15 10:43:06',74,'2016-07-15 10:43:06','0000-00-00 00:00:00'),(16,1,15,2,'BBBB | MG',1,'Generic',1,'Drug',1,7,1,'1',74,'2016-07-15 10:43:06',74,'2016-07-15 10:43:06','0000-00-00 00:00:00'),(17,1,16,1,'AAAAAAAa | 10 | MG',1,'Generic',1,'Drug',2,7,10,'1',74,'2016-07-15 13:27:49',74,'2016-07-15 13:27:49','0000-00-00 00:00:00'),(18,1,16,2,'BBBB | MG',1,'Generic',1,'Drug',1,7,1,'1',74,'2016-07-15 13:27:50',74,'2016-07-15 13:27:50','0000-00-00 00:00:00');

/*Table structure for table `pat_prescription_route` */

DROP TABLE IF EXISTS `pat_prescription_route`;

CREATE TABLE `pat_prescription_route` (
  `route_id` int(11) NOT NULL AUTO_INCREMENT,
  `tenant_id` int(11) NOT NULL,
  `route_name` varchar(50) NOT NULL,
  `status` enum('0','1') DEFAULT '1',
  `created_by` int(11) NOT NULL,
  `created_at` timestamp NOT NULL DEFAULT CURRENT_TIMESTAMP,
  `modified_by` int(11) DEFAULT NULL,
  `modified_at` timestamp NULL DEFAULT NULL,
  `deleted_at` timestamp NULL DEFAULT '0000-00-00 00:00:00',
  PRIMARY KEY (`route_id`),
  KEY `FK_pat_prescription_route_tenant` (`tenant_id`),
  FULLTEXT KEY `RouteNameFulltext` (`route_name`),
  CONSTRAINT `FK_pat_prescription_route_tenant` FOREIGN KEY (`tenant_id`) REFERENCES `co_tenant` (`tenant_id`) ON DELETE CASCADE ON UPDATE CASCADE
) ENGINE=InnoDB AUTO_INCREMENT=7 DEFAULT CHARSET=latin1;

/*Data for the table `pat_prescription_route` */

insert  into `pat_prescription_route`(`route_id`,`tenant_id`,`route_name`,`status`,`created_by`,`created_at`,`modified_by`,`modified_at`,`deleted_at`) values (1,1,'1','1',74,'2016-06-24 19:01:46',74,'2016-06-24 19:01:46','0000-00-00 00:00:00'),(2,1,'10','1',74,'2016-06-24 19:25:43',74,'2016-06-24 19:25:43','0000-00-00 00:00:00'),(3,1,'mouth','1',74,'2016-06-25 22:27:06',74,'2016-06-25 22:27:06','0000-00-00 00:00:00'),(4,1,'route','1',74,'2016-06-25 22:29:10',74,'2016-06-25 22:29:10','0000-00-00 00:00:00'),(5,1,'aaaa','1',74,'2016-06-25 22:31:04',74,'2016-06-25 22:31:04','0000-00-00 00:00:00'),(6,1,'101','1',74,'2016-06-25 23:08:17',74,'2016-06-25 23:08:17','0000-00-00 00:00:00');

/*Table structure for table `pat_procedure` */

DROP TABLE IF EXISTS `pat_procedure`;

CREATE TABLE `pat_procedure` (
  `proc_id` int(11) NOT NULL AUTO_INCREMENT,
  `tenant_id` int(11) NOT NULL,
  `encounter_id` int(11) NOT NULL,
  `patient_id` int(11) NOT NULL,
  `charge_subcat_id` int(11) NOT NULL,
  `proc_date` timestamp NOT NULL DEFAULT '0000-00-00 00:00:00',
  `proc_consultant_ids` text,
  `proc_description` text,
  `charge_amount` decimal(10,2) DEFAULT '0.00',
  `status` enum('0','1') DEFAULT '1',
  `created_by` int(11) NOT NULL,
  `created_at` timestamp NOT NULL DEFAULT CURRENT_TIMESTAMP,
  `modified_by` int(11) DEFAULT NULL,
  `modified_at` timestamp NULL DEFAULT NULL,
  `deleted_at` timestamp NULL DEFAULT '0000-00-00 00:00:00',
  PRIMARY KEY (`proc_id`),
  KEY `FK_pat_procedure_tenant` (`tenant_id`),
  KEY `FK_pat_procedure_encounter` (`encounter_id`),
  KEY `FK_pat_procedure_room_charge_subcategory` (`charge_subcat_id`),
  KEY `FK_pat_procedure_patient` (`patient_id`),
  CONSTRAINT `FK_pat_procedure_encounter` FOREIGN KEY (`encounter_id`) REFERENCES `pat_encounter` (`encounter_id`) ON DELETE CASCADE ON UPDATE CASCADE,
  CONSTRAINT `FK_pat_procedure_patient` FOREIGN KEY (`patient_id`) REFERENCES `pat_patient` (`patient_id`) ON DELETE CASCADE ON UPDATE CASCADE,
  CONSTRAINT `FK_pat_procedure_room_charge_subcategory` FOREIGN KEY (`charge_subcat_id`) REFERENCES `co_room_charge_subcategory` (`charge_subcat_id`) ON UPDATE CASCADE,
  CONSTRAINT `FK_pat_procedure_tenant` FOREIGN KEY (`tenant_id`) REFERENCES `co_tenant` (`tenant_id`) ON DELETE CASCADE ON UPDATE CASCADE
) ENGINE=InnoDB AUTO_INCREMENT=11 DEFAULT CHARSET=latin1;

/*Data for the table `pat_procedure` */

insert  into `pat_procedure`(`proc_id`,`tenant_id`,`encounter_id`,`patient_id`,`charge_subcat_id`,`proc_date`,`proc_consultant_ids`,`proc_description`,`charge_amount`,`status`,`created_by`,`created_at`,`modified_by`,`modified_at`,`deleted_at`) values (1,1,2,1,1,'2016-06-24 15:51:59','[75]','Test','0.00','1',74,'2016-06-24 15:52:11',21,'2016-06-24 15:52:11','2016-06-24 16:17:13'),(2,1,2,1,1,'2016-06-24 16:17:24','[75]','fdsfsfsf','0.00','1',74,'2016-06-24 16:17:30',21,'2016-06-24 16:17:30','2016-06-24 16:25:28'),(3,1,2,1,1,'2016-06-24 16:19:48','[75]','aaaaaaaaaaaaaaa','0.00','1',74,'2016-06-24 16:19:55',21,'2016-06-24 16:19:55','2016-06-24 16:20:09'),(4,1,32,1,1,'2016-06-30 16:56:50','[75]','a','0.00','1',74,'2016-06-30 16:57:02',74,'2016-06-30 16:57:02','0000-00-00 00:00:00'),(5,1,28,3,1,'2016-06-30 18:34:55','[75]','aaaaaaa Test','0.00','1',74,'2016-06-30 18:35:06',74,'2016-06-30 18:35:06','0000-00-00 00:00:00'),(6,1,28,3,1,'2016-06-30 18:41:04','[75]','TEstsssssssssssssssss','0.00','1',74,'2016-06-30 18:41:27',74,'2016-06-30 18:41:27','0000-00-00 00:00:00'),(7,1,32,1,1,'2016-06-30 18:16:47','[]',NULL,'0.00','1',74,'2016-06-30 18:43:15',74,'2016-06-30 18:43:15','0000-00-00 00:00:00'),(8,1,28,3,1,'2016-06-30 18:54:31','[75]','Test12345','0.00','1',74,'2016-06-30 18:54:53',74,'2016-06-30 18:54:53','0000-00-00 00:00:00'),(9,1,33,1,1,'2016-07-01 02:10:00','[75]','Patient11111','0.00','1',74,'2016-06-30 18:57:51',74,'2016-06-30 18:58:34','0000-00-00 00:00:00'),(10,1,28,3,1,'2016-07-01 02:10:00','[75,76]','Testing','0.00','1',74,'2016-06-30 18:57:54',74,'2016-06-30 18:57:54','0000-00-00 00:00:00');

/*Table structure for table `pat_timeline` */

DROP TABLE IF EXISTS `pat_timeline`;

CREATE TABLE `pat_timeline` (
  `timeline_id` int(11) NOT NULL AUTO_INCREMENT,
  `tenant_id` int(11) NOT NULL,
  `patient_id` int(11) NOT NULL,
  `date_time` datetime NOT NULL,
  `header` varchar(100) NOT NULL,
  `header_sub` varchar(100) DEFAULT NULL,
  `message` longtext NOT NULL,
  `ip_adderss` varchar(50) DEFAULT NULL,
  `resource` varchar(50) DEFAULT NULL,
  `encounter_id` int(11) DEFAULT NULL,
  `status` enum('0','1') DEFAULT '1',
  `created_by` int(11) NOT NULL,
  `created_at` timestamp NOT NULL DEFAULT CURRENT_TIMESTAMP,
  `modified_by` int(11) DEFAULT NULL,
  `modified_at` timestamp NULL DEFAULT NULL,
  `deleted_at` timestamp NULL DEFAULT '0000-00-00 00:00:00',
  PRIMARY KEY (`timeline_id`),
  KEY `FK_pat_timeline_tenant` (`tenant_id`),
  KEY `FK_pat_timeline_patient` (`patient_id`),
  CONSTRAINT `FK_pat_timeline_patient` FOREIGN KEY (`patient_id`) REFERENCES `pat_patient` (`patient_id`) ON DELETE CASCADE ON UPDATE CASCADE,
  CONSTRAINT `FK_pat_timeline_tenant` FOREIGN KEY (`tenant_id`) REFERENCES `co_tenant` (`tenant_id`) ON DELETE CASCADE ON UPDATE CASCADE
) ENGINE=InnoDB AUTO_INCREMENT=238 DEFAULT CHARSET=latin1;

/*Data for the table `pat_timeline` */

insert  into `pat_timeline`(`timeline_id`,`tenant_id`,`patient_id`,`date_time`,`header`,`header_sub`,`message`,`ip_adderss`,`resource`,`encounter_id`,`status`,`created_by`,`created_at`,`modified_by`,`modified_at`,`deleted_at`) values (1,1,1,'2016-06-21 15:51:06','Patient Registration','','Mr. Patient1 Registered Successfully.','127.0.0.1','BASIC',0,'1',74,'2016-06-21 15:51:07',74,'2016-06-21 15:51:07','0000-00-00 00:00:00'),(2,1,1,'2016-06-21 15:51:30','Casesheet No.','Casesheet No','Casesheet No.: 12 Added.','127.0.0.1','ENCOUNTER',0,'1',74,'2016-06-21 15:51:30',74,'2016-06-21 15:51:30','0000-00-00 00:00:00'),(3,1,1,'2016-06-21 00:25:00','Appoinment Booked','Encounter # 1','Appoinment Booked. <br />Consultant : <b>Dr. Doctor1</b>','127.0.0.1','ENCOUNTER',1,'1',74,'2016-06-21 15:51:31',74,'2016-06-21 15:51:31','0000-00-00 00:00:00'),(4,1,1,'2016-06-24 13:00:25','Appointment Cancel','Encounter # 1','Appointment Cancelled. <br />Consultant : <b>Dr. Doctor1</b>','127.0.0.1','ENCOUNTER',1,'1',74,'2016-06-24 13:00:25',74,'2016-06-24 13:00:25','0000-00-00 00:00:00'),(5,1,1,'2016-06-24 00:40:00','Appoinment Booked','Encounter # 2','Appoinment Booked. <br />Consultant : <b>Dr. Doctor1</b>','127.0.0.1','ENCOUNTER',2,'1',74,'2016-06-24 13:06:20',74,'2016-06-24 13:06:20','0000-00-00 00:00:00'),(6,1,1,'2016-06-24 13:07:07','Patient Arrived','Encounter # 2','Patient Arrived. <br />Consultant : <b>Dr. Doctor1</b>','127.0.0.1','ENCOUNTER',2,'1',74,'2016-06-24 13:09:17',74,'2016-06-24 13:09:17','0000-00-00 00:00:00'),(7,1,1,'2016-06-24 15:26:29','Patient Alert','','Patient Alert (TEst) added.','127.0.0.1','ALERT',2,'1',74,'2016-06-24 15:26:29',74,'2016-06-24 15:26:29','0000-00-00 00:00:00'),(8,1,1,'2016-06-24 15:28:56','Patient Alert','','Patient Alert (1111111111) added.','127.0.0.1','ALERT',2,'1',74,'2016-06-24 15:28:56',74,'2016-06-24 15:28:56','0000-00-00 00:00:00'),(9,1,1,'2016-06-24 15:29:05','Patient Alert','','Patient Alert (22222222222222) added.','127.0.0.1','ALERT',2,'1',74,'2016-06-24 15:29:05',74,'2016-06-24 15:29:05','0000-00-00 00:00:00'),(10,1,1,'2016-06-24 15:29:12','Patient Alert','','Patient Alert (333333333333333) added.','127.0.0.1','ALERT',2,'1',74,'2016-06-24 15:29:12',74,'2016-06-24 15:29:12','0000-00-00 00:00:00'),(11,1,1,'2016-06-24 15:51:59','Procedure','','Test <br /> Procedure : <b>Procedure1</b>','127.0.0.1','PROCEDURE',2,'1',74,'2016-06-24 15:52:11',74,'2016-06-24 15:52:11','0000-00-00 00:00:00'),(12,1,1,'2016-06-24 15:51:59','Consultation','','Consulted for Procedure (Procedure1) <br /> Consultant : <b>Dr. Doctor1</b>','127.0.0.1','CONSULTANT',2,'1',74,'2016-06-24 15:52:12',74,'2016-06-24 15:52:12','0000-00-00 00:00:00'),(13,1,1,'2016-06-24 16:17:24','Procedure','','fdsfsfsf <br /> Procedure : <b>Procedure1</b>','127.0.0.1','PROCEDURE',2,'1',74,'2016-06-24 16:17:31',74,'2016-06-24 16:17:31','0000-00-00 00:00:00'),(14,1,1,'2016-06-24 16:17:24','Consultation','','Consulted for Procedure (Procedure1) <br /> Consultant : <b>Dr. Doctor1</b>','127.0.0.1','CONSULTANT',2,'1',74,'2016-06-24 16:17:32',74,'2016-06-24 16:17:32','0000-00-00 00:00:00'),(15,1,1,'2016-06-24 16:19:48','Procedure','','aaaaaaaaaaaaaaa <br /> Procedure : <b>Procedure1</b>','127.0.0.1','PROCEDURE',2,'1',74,'2016-06-24 16:19:55',74,'2016-06-24 16:19:55','0000-00-00 00:00:00'),(16,1,1,'2016-06-24 16:19:48','Consultation','','Consulted for Procedure (Procedure1) <br /> Consultant : <b>Dr. Doctor1</b>','127.0.0.1','CONSULTANT',2,'1',74,'2016-06-24 16:19:56',74,'2016-06-24 16:19:56','0000-00-00 00:00:00'),(17,1,1,'2016-06-24 16:32:18','Patient Alert','','Patient Alert (sfsfsdf) added.','127.0.0.1','ALERT',2,'1',74,'2016-06-24 16:32:18',74,'2016-06-24 16:32:18','0000-00-00 00:00:00'),(18,1,1,'2016-06-24 16:32:37','Patient Alert','','Patient Alert (aaaaaaaaaaaaaaaaaaa) added.','127.0.0.1','ALERT',2,'1',74,'2016-06-24 16:32:37',74,'2016-06-24 16:32:37','0000-00-00 00:00:00'),(19,1,1,'2016-06-24 16:33:03','Notes','','sssssssssssssss','127.0.0.1','NOTES',2,'1',74,'2016-06-24 16:33:03',74,'2016-06-24 16:33:03','0000-00-00 00:00:00'),(20,1,1,'2016-06-24 17:01:01','Notes','','AAAAAAAAAAAAAA','127.0.0.1','NOTES',2,'1',74,'2016-06-24 17:01:01',74,'2016-06-24 17:01:01','0000-00-00 00:00:00'),(21,1,1,'2016-06-24 17:09:11','Notes','','AAAAAAAAAAAAAA','127.0.0.1','NOTES',2,'1',74,'2016-06-24 17:09:11',74,'2016-06-24 17:09:11','0000-00-00 00:00:00'),(22,1,1,'2016-06-24 17:09:28','Notes','','BBBBBBBBBBBBBBBB','127.0.0.1','NOTES',2,'1',74,'2016-06-24 17:09:28',74,'2016-06-24 17:09:28','0000-00-00 00:00:00'),(23,1,1,'2016-06-24 18:01:55','Appointment Cancel','Encounter # 2','Appointment Cancelled. <br />Consultant : <b>Dr. Doctor1</b>','127.0.0.1','ENCOUNTER',2,'1',74,'2016-06-24 18:01:56',74,'2016-06-24 18:01:56','0000-00-00 00:00:00'),(24,1,1,'2016-06-24 18:06:19','Patient Admission','Encounter # 3','Patient Admitted. <br /> Bed No: <b>100 (Non AC)</b>','127.0.0.1','ENCOUNTER',3,'1',74,'2016-06-24 18:06:30',74,'2016-06-24 18:06:30','0000-00-00 00:00:00'),(25,1,1,'2016-06-24 18:08:28','Consultation','','AAAAAAAA <br /> Consultant : <b>Dr. Doctor1</b>','127.0.0.1','CONSULTANT',3,'1',74,'2016-06-24 18:08:35',74,'2016-06-24 18:08:35','0000-00-00 00:00:00'),(26,1,1,'2016-06-24 18:09:56','Consultation','','sfddddddd <br /> Consultant : <b>Dr. Doctor1</b>','127.0.0.1','CONSULTANT',3,'1',74,'2016-06-24 18:10:01',74,'2016-06-24 18:10:01','0000-00-00 00:00:00'),(27,1,1,'2016-06-24 18:28:47','Notes','','Tes','127.0.0.1','NOTES',3,'1',74,'2016-06-24 18:28:47',74,'2016-06-24 18:28:47','0000-00-00 00:00:00'),(28,1,1,'2016-06-24 18:28:58','Notes','','fdsfs','127.0.0.1','NOTES',3,'1',74,'2016-06-24 18:28:58',74,'2016-06-24 18:28:58','0000-00-00 00:00:00'),(29,1,1,'2016-06-24 18:29:03','Notes','','This for testing','127.0.0.1','NOTES',3,'1',74,'2016-06-24 18:29:03',74,'2016-06-24 18:29:03','0000-00-00 00:00:00'),(30,1,1,'2016-06-24 18:29:18','Notes','','Thanks for your response','127.0.0.1','NOTES',3,'1',74,'2016-06-24 18:29:18',74,'2016-06-24 18:29:18','0000-00-00 00:00:00'),(31,1,1,'2016-06-24 18:29:27','Notes','','Bye','127.0.0.1','NOTES',3,'1',74,'2016-06-24 18:29:27',74,'2016-06-24 18:29:27','0000-00-00 00:00:00'),(32,1,1,'2016-06-24 18:31:44','Notes','','aaaaaaa','127.0.0.1','NOTES',3,'1',74,'2016-06-24 18:31:44',74,'2016-06-24 18:31:44','0000-00-00 00:00:00'),(33,1,1,'2016-06-24 18:34:36','Admission Cancel','Encounter # 3','Admission Cancelled','127.0.0.1','ENCOUNTER',3,'1',74,'2016-06-24 18:34:37',74,'2016-06-24 18:34:37','0000-00-00 00:00:00'),(34,1,1,'2016-06-24 00:35:00','Appoinment Booked','Encounter # 4','Appoinment Booked. <br />Consultant : <b>Dr. Doctor1</b>','127.0.0.1','ENCOUNTER',4,'1',74,'2016-06-24 18:35:05',74,'2016-06-24 18:35:05','0000-00-00 00:00:00'),(35,1,1,'2016-06-24 18:39:54','Patient Arrived','Encounter # 4','Patient Arrived. <br />Consultant : <b>Dr. Doctor1</b>','127.0.0.1','ENCOUNTER',4,'1',74,'2016-06-24 18:39:56',74,'2016-06-24 18:39:56','0000-00-00 00:00:00'),(36,1,1,'2016-06-25 21:14:02','Patient Update','','Patient Details Updated Successfully.','127.0.0.1','BASIC',4,'1',74,'2016-06-25 21:14:04',74,'2016-06-25 21:14:04','0000-00-00 00:00:00'),(37,1,1,'2016-06-25 21:14:56','Patient Update','','Patient Details Updated Successfully.','127.0.0.1','BASIC',4,'1',74,'2016-06-25 21:14:56',74,'2016-06-25 21:14:56','0000-00-00 00:00:00'),(38,1,2,'2016-06-25 21:45:19','Patient Registration','','Mr. Raja Registered Successfully.','127.0.0.1','BASIC',0,'1',74,'2016-06-25 21:45:21',74,'2016-06-25 21:45:21','0000-00-00 00:00:00'),(39,1,1,'2016-06-27 13:10:31','Doctor Seen','Encounter # 4','Seen by Consultant. <br />Consultant : <b>Dr. Doctor1</b>','127.0.0.1','ENCOUNTER',4,'1',74,'2016-06-27 13:10:40',74,'2016-06-27 13:10:40','0000-00-00 00:00:00'),(40,1,1,'2016-06-27 00:00:00','Appoinment Booked','Encounter # 5','Appoinment Booked. <br />Consultant : <b>Dr. Doctor1</b>','127.0.0.1','ENCOUNTER',5,'1',74,'2016-06-27 15:54:33',74,'2016-06-27 15:54:33','0000-00-00 00:00:00'),(41,1,1,'2016-06-27 15:54:50','Patient Arrived','Encounter # 5','Patient Arrived. <br />Consultant : <b>Dr. Doctor1</b>','127.0.0.1','ENCOUNTER',5,'1',74,'2016-06-27 15:54:53',74,'2016-06-27 15:54:53','0000-00-00 00:00:00'),(42,1,1,'2016-06-27 15:54:58','Doctor Seen','Encounter # 5','Seen by Consultant. <br />Consultant : <b>Dr. Doctor1</b>','127.0.0.1','ENCOUNTER',5,'1',74,'2016-06-27 15:55:07',74,'2016-06-27 15:55:07','0000-00-00 00:00:00'),(43,1,1,'2016-06-27 00:00:00','Appoinment Booked','Encounter # 6','Appoinment Booked. <br />Consultant : <b>Dr. Doctor1</b>','127.0.0.1','ENCOUNTER',6,'1',74,'2016-06-27 15:55:28',74,'2016-06-27 15:55:28','0000-00-00 00:00:00'),(44,1,1,'2016-06-27 15:55:00','Patient Arrived','Encounter # 6','Patient Arrived. <br />Consultant : <b>Dr. Doctor1</b>','127.0.0.1','ENCOUNTER',6,'1',74,'2016-06-27 15:55:33',74,'2016-06-27 15:55:33','0000-00-00 00:00:00'),(45,1,1,'2016-06-27 15:55:43','Doctor Seen','Encounter # 6','Seen by Consultant. <br />Consultant : <b>Dr. Doctor1</b>','127.0.0.1','ENCOUNTER',6,'1',74,'2016-06-27 15:55:57',74,'2016-06-27 15:55:57','0000-00-00 00:00:00'),(46,1,1,'2016-06-27 19:16:04','Patient Admission','Encounter # 7','Patient Admitted. <br /> Bed No: <b>100 (Non AC)</b>','127.0.0.1','ENCOUNTER',7,'1',74,'2016-06-27 19:16:14',74,'2016-06-27 19:16:14','0000-00-00 00:00:00'),(47,1,1,'2016-06-28 12:54:36','Admission Cancel','Encounter # 7','Admission Cancelled','127.0.0.1','ENCOUNTER',7,'1',74,'2016-06-28 12:54:36',74,'2016-06-28 12:54:36','0000-00-00 00:00:00'),(48,1,1,'2016-06-28 00:55:00','Appoinment Booked','Encounter # 8','Appoinment Booked. <br />Consultant : <b>Dr. Doctor1</b>','127.0.0.1','ENCOUNTER',8,'1',74,'2016-06-28 12:55:26',74,'2016-06-28 12:55:26','0000-00-00 00:00:00'),(49,1,1,'2016-06-28 12:55:40','Casesheet No.','Casesheet No','Casesheet No.: 13 Added.','127.0.0.1','ENCOUNTER',8,'1',74,'2016-06-28 12:55:40',74,'2016-06-28 12:55:40','0000-00-00 00:00:00'),(50,1,1,'2016-06-28 12:56:33','Patient Arrived','Encounter # 8','Patient Arrived. <br />Consultant : <b>Dr. Doctor1</b>','127.0.0.1','ENCOUNTER',8,'1',74,'2016-06-28 12:56:35',74,'2016-06-28 12:56:35','0000-00-00 00:00:00'),(51,1,1,'2016-06-28 16:13:29','Doctor Seen','Encounter # 8','Seen by Consultant. <br />Consultant : <b>Dr. Doctor1</b>','127.0.0.1','ENCOUNTER',8,'1',74,'2016-06-28 16:13:37',74,'2016-06-28 16:13:37','0000-00-00 00:00:00'),(52,1,1,'2016-06-28 16:13:41','Patient Admission','Encounter # 9','Patient Admitted. <br /> Bed No: <b>100 (Non AC)</b>','127.0.0.1','ENCOUNTER',9,'1',74,'2016-06-28 16:13:54',74,'2016-06-28 16:13:54','0000-00-00 00:00:00'),(53,1,1,'2016-06-28 16:15:24','Patient Update','','Patient Details Updated Successfully.','127.0.0.1','BASIC',9,'1',74,'2016-06-28 16:15:24',74,'2016-06-28 16:15:24','0000-00-00 00:00:00'),(54,1,1,'2016-06-28 16:23:32','Patient Update','','Patient Details Updated Successfully.','127.0.0.1','BASIC',9,'1',74,'2016-06-28 16:23:32',74,'2016-06-28 16:23:32','0000-00-00 00:00:00'),(55,1,1,'2016-06-28 16:38:41','Patient Update','','Patient Details Updated Successfully.','127.0.0.1','BASIC',9,'1',74,'2016-06-28 16:38:41',74,'2016-06-28 16:38:41','0000-00-00 00:00:00'),(56,1,1,'2016-06-28 16:48:06','Patient Update','','Patient Details Updated Successfully.','127.0.0.1','BASIC',9,'1',74,'2016-06-28 16:48:06',74,'2016-06-28 16:48:06','0000-00-00 00:00:00'),(57,1,1,'2016-06-28 16:50:05','Patient Update','','Patient Details Updated Successfully.','127.0.0.1','BASIC',9,'1',74,'2016-06-28 16:50:05',74,'2016-06-28 16:50:05','0000-00-00 00:00:00'),(58,1,3,'2016-06-28 16:54:26','Casesheet No.','Casesheet No','Casesheet No.: AH0000001 Added.','127.0.0.1','ENCOUNTER',0,'1',74,'2016-06-28 16:54:26',74,'2016-06-28 16:54:26','0000-00-00 00:00:00'),(59,1,3,'2016-06-28 16:54:26','Patient Registration','','Mr. Testing Registered Successfully.','127.0.0.1','BASIC',0,'1',74,'2016-06-28 16:54:27',74,'2016-06-28 16:54:27','0000-00-00 00:00:00'),(60,1,3,'2016-06-28 00:15:00','Appoinment Booked','Encounter # 10','Appoinment Booked. <br />Consultant : <b>Dr. Doctor1</b>','127.0.0.1','ENCOUNTER',10,'1',74,'2016-06-28 17:10:35',74,'2016-06-28 17:10:35','0000-00-00 00:00:00'),(61,1,3,'2016-06-28 17:10:00','Patient Arrived','Encounter # 10','Patient Arrived. <br />Consultant : <b>Dr. Doctor1</b>','127.0.0.1','ENCOUNTER',10,'1',74,'2016-06-28 17:10:42',74,'2016-06-28 17:10:42','0000-00-00 00:00:00'),(62,1,3,'2016-06-28 17:10:47','Doctor Seen','Encounter # 10','Seen by Consultant. <br />Consultant : <b>Dr. Doctor1</b>','127.0.0.1','ENCOUNTER',10,'1',74,'2016-06-28 17:10:54',74,'2016-06-28 17:10:54','0000-00-00 00:00:00'),(63,1,3,'2016-06-28 00:40:00','Appoinment Booked','Encounter # 11','Appoinment Booked. <br />Consultant : <b>Dr. Doctor1</b>','127.0.0.1','ENCOUNTER',11,'1',74,'2016-06-28 19:17:36',74,'2016-06-28 19:17:36','0000-00-00 00:00:00'),(64,1,3,'2016-06-28 00:40:00','Patient Arrived','Encounter # 11','Patient Arrived. <br />Consultant : <b>Dr. Doctor1</b>','127.0.0.1','ENCOUNTER',11,'1',74,'2016-06-28 19:17:36',74,'2016-06-28 19:17:36','0000-00-00 00:00:00'),(65,1,3,'2016-06-28 19:17:42','Doctor Seen','Encounter # 11','Seen by Consultant. <br />Consultant : <b>Dr. Doctor1</b>','127.0.0.1','ENCOUNTER',11,'1',74,'2016-06-28 19:17:52',74,'2016-06-28 19:17:52','0000-00-00 00:00:00'),(66,1,1,'2016-06-28 19:23:36','Admission Cancel','Encounter # 9','Admission Cancelled','127.0.0.1','ENCOUNTER',9,'1',74,'2016-06-28 19:23:37',74,'2016-06-28 19:23:37','0000-00-00 00:00:00'),(67,1,3,'2016-06-28 00:50:00','Appoinment Booked','Encounter # 12','Appoinment Booked. <br />Consultant : <b>Dr. Doctor1</b>','127.0.0.1','ENCOUNTER',12,'1',74,'2016-06-28 19:52:36',74,'2016-06-28 19:52:36','0000-00-00 00:00:00'),(68,1,3,'2016-06-28 00:50:00','Patient Arrived','Encounter # 12','Patient Arrived. <br />Consultant : <b>Dr. Doctor1</b>','127.0.0.1','ENCOUNTER',12,'1',74,'2016-06-28 19:52:36',74,'2016-06-28 19:52:36','0000-00-00 00:00:00'),(69,1,3,'2016-06-28 19:52:50','Doctor Seen','Encounter # 12','Seen by Consultant. <br />Consultant : <b>Dr. Doctor1</b>','127.0.0.1','ENCOUNTER',12,'1',74,'2016-06-28 19:53:41',74,'2016-06-28 19:53:41','0000-00-00 00:00:00'),(70,1,3,'2016-06-28 01:00:00','Appoinment Booked','Encounter # 13','Appoinment Booked. <br />Consultant : <b>Dr. Doctor1</b>','127.0.0.1','ENCOUNTER',13,'1',74,'2016-06-28 20:10:52',74,'2016-06-28 20:10:52','0000-00-00 00:00:00'),(71,1,3,'2016-06-28 01:00:00','Patient Arrived','Encounter # 13','Patient Arrived. <br />Consultant : <b>Dr. Doctor1</b>','127.0.0.1','ENCOUNTER',13,'1',74,'2016-06-28 20:10:52',74,'2016-06-28 20:10:52','0000-00-00 00:00:00'),(72,1,3,'2016-06-28 20:13:30','Doctor Seen','Encounter # 13','Seen by Consultant. <br />Consultant : <b>Dr. Doctor1</b>','127.0.0.1','ENCOUNTER',13,'1',74,'2016-06-28 20:13:38',74,'2016-06-28 20:13:38','0000-00-00 00:00:00'),(73,1,3,'2016-06-28 00:35:00','Appoinment Booked','Encounter # 14','Appoinment Booked. <br />Consultant : <b>Dr. Doctor1</b>','127.0.0.1','ENCOUNTER',14,'1',74,'2016-06-28 20:14:31',74,'2016-06-28 20:14:31','0000-00-00 00:00:00'),(74,1,3,'2016-06-28 00:35:00','Patient Arrived','Encounter # 14','Patient Arrived. <br />Consultant : <b>Dr. Doctor1</b>','127.0.0.1','ENCOUNTER',14,'1',74,'2016-06-28 20:14:31',74,'2016-06-28 20:14:31','0000-00-00 00:00:00'),(75,1,3,'2016-06-28 20:14:44','Doctor Seen','Encounter # 14','Seen by Consultant. <br />Consultant : <b>Dr. Doctor1</b>','127.0.0.1','ENCOUNTER',14,'1',74,'2016-06-28 20:14:53',74,'2016-06-28 20:14:53','0000-00-00 00:00:00'),(76,1,3,'2016-06-28 00:55:00','Appoinment Booked','Encounter # 15','Appoinment Booked. <br />Consultant : <b>Dr. Doctor1</b>','127.0.0.1','ENCOUNTER',15,'1',74,'2016-06-28 20:16:14',74,'2016-06-28 20:16:14','0000-00-00 00:00:00'),(77,1,3,'2016-06-28 20:16:00','Patient Arrived','Encounter # 15','Patient Arrived. <br />Consultant : <b>Dr. Doctor1</b>','127.0.0.1','ENCOUNTER',15,'1',74,'2016-06-28 20:16:20',74,'2016-06-28 20:16:20','0000-00-00 00:00:00'),(78,1,3,'2016-06-28 20:16:29','Doctor Seen','Encounter # 15','Seen by Consultant. <br />Consultant : <b>Dr. Doctor1</b>','127.0.0.1','ENCOUNTER',15,'1',74,'2016-06-28 20:16:56',74,'2016-06-28 20:16:56','0000-00-00 00:00:00'),(79,1,3,'2016-06-28 01:00:00','Appoinment Booked','Encounter # 16','Appoinment Booked. <br />Consultant : <b>Dr. Doctor1</b>','127.0.0.1','ENCOUNTER',16,'1',74,'2016-06-28 20:19:13',74,'2016-06-28 20:19:13','0000-00-00 00:00:00'),(80,1,3,'2016-06-28 01:00:00','Patient Arrived','Encounter # 16','Patient Arrived. <br />Consultant : <b>Dr. Doctor1</b>','127.0.0.1','ENCOUNTER',16,'1',74,'2016-06-28 20:19:14',74,'2016-06-28 20:19:14','0000-00-00 00:00:00'),(81,1,3,'2016-06-28 20:19:19','Doctor Seen','Encounter # 16','Seen by Consultant. <br />Consultant : <b>Dr. Doctor1</b>','127.0.0.1','ENCOUNTER',16,'1',74,'2016-06-28 20:19:32',74,'2016-06-28 20:19:32','0000-00-00 00:00:00'),(82,1,3,'2016-06-28 01:00:00','Appoinment Booked','Encounter # 17','Appoinment Booked. <br />Consultant : <b>Dr. Doctor1</b>','127.0.0.1','ENCOUNTER',17,'1',74,'2016-06-28 20:20:20',74,'2016-06-28 20:20:20','0000-00-00 00:00:00'),(83,1,3,'2016-06-28 01:00:00','Patient Arrived','Encounter # 17','Patient Arrived. <br />Consultant : <b>Dr. Doctor1</b>','127.0.0.1','ENCOUNTER',17,'1',74,'2016-06-28 20:20:20',74,'2016-06-28 20:20:20','0000-00-00 00:00:00'),(84,1,3,'2016-06-28 20:20:27','Doctor Seen','Encounter # 17','Seen by Consultant. <br />Consultant : <b>Dr. Doctor1</b>','127.0.0.1','ENCOUNTER',17,'1',74,'2016-06-28 20:20:38',74,'2016-06-28 20:20:38','0000-00-00 00:00:00'),(85,1,3,'2016-06-28 00:50:00','Appoinment Booked','Encounter # 18','Appoinment Booked. <br />Consultant : <b>Dr. Doctor1</b>','127.0.0.1','ENCOUNTER',18,'1',74,'2016-06-28 20:21:05',74,'2016-06-28 20:21:05','0000-00-00 00:00:00'),(86,1,3,'2016-06-28 00:50:00','Patient Arrived','Encounter # 18','Patient Arrived. <br />Consultant : <b>Dr. Doctor1</b>','127.0.0.1','ENCOUNTER',18,'1',74,'2016-06-28 20:21:05',74,'2016-06-28 20:21:05','0000-00-00 00:00:00'),(87,1,3,'2016-06-28 20:21:41','Doctor Seen','Encounter # 18','Seen by Consultant. <br />Consultant : <b>Dr. Doctor1</b>','127.0.0.1','ENCOUNTER',18,'1',74,'2016-06-28 20:21:52',74,'2016-06-28 20:21:52','0000-00-00 00:00:00'),(88,1,3,'2016-06-28 00:55:00','Appoinment Booked','Encounter # 19','Appoinment Booked. <br />Consultant : <b>Dr. Doctor1</b>','127.0.0.1','ENCOUNTER',19,'1',74,'2016-06-28 20:22:28',74,'2016-06-28 20:22:28','0000-00-00 00:00:00'),(89,1,1,'2016-06-28 00:45:00','Appoinment Booked','Encounter # 20','Appoinment Booked. <br />Consultant : <b>Dr. Doctor1</b>','127.0.0.1','ENCOUNTER',20,'1',74,'2016-06-28 20:31:09',74,'2016-06-28 20:31:09','0000-00-00 00:00:00'),(90,1,1,'2016-06-28 00:45:00','Patient Arrived','Encounter # 20','Patient Arrived. <br />Consultant : <b>Dr. Doctor1</b>','127.0.0.1','ENCOUNTER',20,'1',74,'2016-06-28 20:31:09',74,'2016-06-28 20:31:09','0000-00-00 00:00:00'),(91,1,1,'2016-06-28 20:31:27','Doctor Seen','Encounter # 20','Seen by Consultant. <br />Consultant : <b>Dr. Doctor1</b>','127.0.0.1','ENCOUNTER',20,'1',74,'2016-06-28 20:31:37',74,'2016-06-28 20:31:37','0000-00-00 00:00:00'),(92,1,1,'2016-06-28 00:45:00','Appoinment Booked','Encounter # 21','Appoinment Booked. <br />Consultant : <b>Dr. Doctor1</b>','127.0.0.1','ENCOUNTER',21,'1',74,'2016-06-28 20:32:03',74,'2016-06-28 20:32:03','0000-00-00 00:00:00'),(93,1,1,'2016-06-28 00:45:00','Patient Arrived','Encounter # 21','Patient Arrived. <br />Consultant : <b>Dr. Doctor1</b>','127.0.0.1','ENCOUNTER',21,'1',74,'2016-06-28 20:32:03',74,'2016-06-28 20:32:03','0000-00-00 00:00:00'),(94,1,1,'2016-06-28 20:32:23','Doctor Seen','Encounter # 21','Seen by Consultant. <br />Consultant : <b>Dr. Doctor1</b>','127.0.0.1','ENCOUNTER',21,'1',74,'2016-06-28 20:32:30',74,'2016-06-28 20:32:30','0000-00-00 00:00:00'),(95,1,1,'2016-06-28 00:15:00','Appoinment Booked','Encounter # 22','Appoinment Booked. <br />Consultant : <b>Dr. Doctor1</b>','127.0.0.1','ENCOUNTER',22,'1',74,'2016-06-28 20:33:09',74,'2016-06-28 20:33:09','0000-00-00 00:00:00'),(96,1,1,'2016-06-28 00:15:00','Patient Arrived','Encounter # 22','Patient Arrived. <br />Consultant : <b>Dr. Doctor1</b>','127.0.0.1','ENCOUNTER',22,'1',74,'2016-06-28 20:33:09',74,'2016-06-28 20:33:09','0000-00-00 00:00:00'),(97,1,1,'2016-06-28 20:33:16','Doctor Seen','Encounter # 22','Seen by Consultant. <br />Consultant : <b>Dr. Doctor1</b>','127.0.0.1','ENCOUNTER',22,'1',74,'2016-06-28 20:33:22',74,'2016-06-28 20:33:22','0000-00-00 00:00:00'),(98,1,1,'2016-06-29 00:10:00','Appoinment Booked','Encounter # 23','Appoinment Booked. <br />Consultant : <b>Dr. Doctor1</b>','127.0.0.1','ENCOUNTER',23,'1',74,'2016-06-29 10:42:31',74,'2016-06-29 10:42:31','0000-00-00 00:00:00'),(99,1,1,'2016-06-29 00:10:00','Patient Arrived','Encounter # 23','Patient Arrived. <br />Consultant : <b>Dr. Doctor1</b>','127.0.0.1','ENCOUNTER',23,'1',74,'2016-06-29 10:42:31',74,'2016-06-29 10:42:31','0000-00-00 00:00:00'),(100,1,3,'2016-06-29 10:42:59','Appointment Cancel','Encounter # 19','Appointment Cancelled. <br />Consultant : <b>Dr. Doctor1</b>','127.0.0.1','ENCOUNTER',19,'1',74,'2016-06-29 10:42:59',74,'2016-06-29 10:42:59','0000-00-00 00:00:00'),(101,1,1,'2016-06-29 10:53:15','Doctor Seen','Encounter # 23','Seen by Consultant. <br />Consultant : <b>Dr. Doctor1</b>','127.0.0.1','ENCOUNTER',23,'1',74,'2016-06-29 10:53:21',74,'2016-06-29 10:53:21','0000-00-00 00:00:00'),(102,1,1,'2016-06-29 00:00:00','Appoinment Booked','Encounter # 24','Appoinment Booked. <br />Consultant : <b>Dr. Doctor1</b>','127.0.0.1','ENCOUNTER',24,'1',74,'2016-06-29 10:55:43',74,'2016-06-29 10:55:43','0000-00-00 00:00:00'),(103,1,1,'2016-06-29 10:55:00','Patient Arrived','Encounter # 24','Patient Arrived. <br />Consultant : <b>Dr. Doctor1</b>','127.0.0.1','ENCOUNTER',24,'1',74,'2016-06-29 10:55:48',74,'2016-06-29 10:55:48','0000-00-00 00:00:00'),(104,1,1,'2016-06-29 10:56:02','Doctor Seen','Encounter # 24','Seen by Consultant. <br />Consultant : <b>Dr. Doctor1</b>','127.0.0.1','ENCOUNTER',24,'1',74,'2016-06-29 10:56:07',74,'2016-06-29 10:56:07','0000-00-00 00:00:00'),(105,1,1,'2016-06-29 00:45:00','Appoinment Booked','Encounter # 25','Appoinment Booked. <br />Consultant : <b>Dr. Doctor1</b>','127.0.0.1','ENCOUNTER',25,'1',74,'2016-06-29 10:56:36',74,'2016-06-29 10:56:36','0000-00-00 00:00:00'),(106,1,1,'2016-06-29 00:45:00','Patient Arrived','Encounter # 25','Patient Arrived. <br />Consultant : <b>Dr. Doctor1</b>','127.0.0.1','ENCOUNTER',25,'1',74,'2016-06-29 10:56:36',74,'2016-06-29 10:56:36','0000-00-00 00:00:00'),(107,1,1,'2016-06-29 10:56:40','Doctor Seen','Encounter # 25','Seen by Consultant. <br />Consultant : <b>Dr. Doctor1</b>','127.0.0.1','ENCOUNTER',25,'1',74,'2016-06-29 10:58:05',74,'2016-06-29 10:58:05','0000-00-00 00:00:00'),(108,1,1,'2016-06-29 00:45:00','Appoinment Booked','Encounter # 26','Appoinment Booked. <br />Consultant : <b>Dr. Doctor1</b>','127.0.0.1','ENCOUNTER',26,'1',74,'2016-06-29 11:09:48',74,'2016-06-29 11:09:48','0000-00-00 00:00:00'),(109,1,1,'2016-06-30 00:35:00','Appoinment Booked','Encounter # 26','Appoinment Booked. <br />Consultant : <b>Dr. Doctor1</b>','127.0.0.1','ENCOUNTER',26,'1',74,'2016-06-29 11:10:46',74,'2016-06-29 11:10:46','0000-00-00 00:00:00'),(110,1,1,'2016-07-01 00:05:00','Appoinment Booked','Encounter # 26','Appoinment Booked. <br />Consultant : <b>Dr. Doctor1</b>','127.0.0.1','ENCOUNTER',26,'1',74,'2016-06-29 11:17:34',74,'2016-06-29 11:17:34','0000-00-00 00:00:00'),(111,1,1,'2016-06-30 00:50:00','Appoinment Booked','Encounter # 26','Appoinment Booked. <br />Consultant : <b>Dr. Doctor1</b>','127.0.0.1','ENCOUNTER',26,'1',74,'2016-06-29 11:19:01',74,'2016-06-29 11:19:01','0000-00-00 00:00:00'),(112,1,1,'2016-07-01 00:20:00','Appoinment Booked','Encounter # 26','Appoinment Booked. <br />Consultant : <b>Dr. Doctor1</b>','127.0.0.1','ENCOUNTER',26,'1',74,'2016-06-29 11:22:59',74,'2016-06-29 11:22:59','0000-00-00 00:00:00'),(113,1,1,'2016-06-29 12:05:27','Appointment Cancel','Encounter # 26','Appointment Cancelled. <br />Consultant : <b>Dr. Doctor1</b>','127.0.0.1','ENCOUNTER',26,'1',74,'2016-06-29 12:05:27',74,'2016-06-29 12:05:27','0000-00-00 00:00:00'),(114,1,1,'2016-06-29 12:05:29','Patient Admission','Encounter # 27','Patient Admitted. <br /> Bed No: <b>100 (Non AC)</b>','127.0.0.1','ENCOUNTER',27,'1',74,'2016-06-29 12:05:40',74,'2016-06-29 12:05:40','0000-00-00 00:00:00'),(115,1,3,'2016-06-29 12:08:31','Patient Admission','Encounter # 28','Patient Admitted. <br /> Bed No: <b>101 (Non AC)</b>','127.0.0.1','ENCOUNTER',28,'1',74,'2016-06-29 12:08:43',74,'2016-06-29 12:08:43','0000-00-00 00:00:00'),(116,1,1,'2016-06-29 18:11:46','Admission Cancel','Encounter # 27','Admission Cancelled','127.0.0.1','ENCOUNTER',27,'1',74,'2016-06-29 18:11:46',74,'2016-06-29 18:11:46','0000-00-00 00:00:00'),(117,1,1,'2016-06-29 00:20:00','Appoinment Booked','Encounter # 29','Appoinment Booked. <br />Consultant : <b>Dr. Doctor1</b>','127.0.0.1','ENCOUNTER',29,'1',74,'2016-06-29 18:11:57',74,'2016-06-29 18:11:57','0000-00-00 00:00:00'),(118,1,1,'2016-06-30 11:58:42','Appointment Cancel','Encounter # 29','Appointment Cancelled. <br />Consultant : <b>Dr. Doctor1</b>','127.0.0.1','ENCOUNTER',29,'1',74,'2016-06-30 11:58:43',74,'2016-06-30 11:58:43','0000-00-00 00:00:00'),(119,1,1,'2016-06-30 01:00:00','Appoinment Booked','Encounter # 30','Appoinment Booked. <br />Consultant : <b>Dr. Doctor1</b>','127.0.0.1','ENCOUNTER',30,'1',74,'2016-06-30 11:58:53',74,'2016-06-30 11:58:53','0000-00-00 00:00:00'),(120,1,3,'2016-06-29 06:30:00','Consultation','','AAAAAAAA IP <br /> Consultant : <b>Dr. Doctor1</b>','127.0.0.1','CONSULTANT',28,'1',74,'2016-06-30 15:56:13',74,'2016-06-30 15:56:13','0000-00-00 00:00:00'),(121,1,3,'2016-06-30 16:07:52','Consultation','','Teestsssdfsfsfs <br /> Consultant : <b>Dr. Doctor1</b>','127.0.0.1','CONSULTANT',28,'1',74,'2016-06-30 16:08:06',74,'2016-06-30 16:08:06','0000-00-00 00:00:00'),(122,1,1,'2016-06-30 16:34:50','Appointment Cancel','Encounter # 30','Appointment Cancelled. <br />Consultant : <b>Dr. Doctor1</b>','127.0.0.1','ENCOUNTER',30,'1',74,'2016-06-30 16:34:50',74,'2016-06-30 16:34:50','0000-00-00 00:00:00'),(123,1,1,'2016-06-30 16:34:56','Patient Admission','Encounter # 31','Patient Admitted. <br /> Bed No: <b>100 (Non AC)</b>','127.0.0.1','ENCOUNTER',31,'1',74,'2016-06-30 16:35:07',74,'2016-06-30 16:35:07','0000-00-00 00:00:00'),(124,1,1,'2016-06-30 16:35:25','Consultation','','Patient 1 <br /> Consultant : <b>Dr. Doctor1</b>','127.0.0.1','CONSULTANT',31,'1',74,'2016-06-30 16:35:47',74,'2016-06-30 16:35:47','0000-00-00 00:00:00'),(125,1,3,'2016-06-30 16:35:25','Consultation','','Testing 1 <br /> Consultant : <b>Dr. Doctor1</b>','127.0.0.1','CONSULTANT',28,'1',74,'2016-06-30 16:35:47',74,'2016-06-30 16:35:47','0000-00-00 00:00:00'),(126,1,1,'2016-06-30 16:42:54','Admission Cancel','Encounter # 31','Admission Cancelled','127.0.0.1','ENCOUNTER',31,'1',74,'2016-06-30 16:42:55',74,'2016-06-30 16:42:55','0000-00-00 00:00:00'),(127,1,1,'2016-06-30 00:55:00','Appoinment Booked','Encounter # 32','Appoinment Booked. <br />Consultant : <b>Dr. Doctor1</b>','127.0.0.1','ENCOUNTER',32,'1',74,'2016-06-30 16:43:03',74,'2016-06-30 16:43:03','0000-00-00 00:00:00'),(128,1,1,'2016-06-30 00:55:00','Patient Arrived','Encounter # 32','Patient Arrived. <br />Consultant : <b>Dr. Doctor1</b>','127.0.0.1','ENCOUNTER',32,'1',74,'2016-06-30 16:43:03',74,'2016-06-30 16:43:03','0000-00-00 00:00:00'),(129,1,1,'2016-06-30 16:56:50','Procedure','','a <br /> Procedure : <b>Procedure1</b>','127.0.0.1','PROCEDURE',32,'1',74,'2016-06-30 16:57:02',74,'2016-06-30 16:57:02','0000-00-00 00:00:00'),(130,1,1,'2016-06-30 16:56:50','Consultation','','Consulted for Procedure (Procedure1) <br /> Consultant : <b>Dr. Doctor1</b>','127.0.0.1','CONSULTANT',32,'1',74,'2016-06-30 16:57:02',74,'2016-06-30 16:57:02','0000-00-00 00:00:00'),(131,1,3,'2016-06-30 18:34:55','Procedure','','aaaaaaa Test <br /> Procedure : <b>Procedure1</b>','127.0.0.1','PROCEDURE',28,'1',74,'2016-06-30 18:35:07',74,'2016-06-30 18:35:07','0000-00-00 00:00:00'),(132,1,3,'2016-06-30 18:34:55','Consultation','','Consulted for Procedure (Procedure1) <br /> Consultant : <b>Dr. Doctor1</b>','127.0.0.1','CONSULTANT',28,'1',74,'2016-06-30 18:35:07',74,'2016-06-30 18:35:07','0000-00-00 00:00:00'),(133,1,3,'2016-06-30 18:41:04','Procedure','','TEstsssssssssssssssss <br /> Procedure : <b>Procedure1</b>','127.0.0.1','PROCEDURE',28,'1',74,'2016-06-30 18:41:27',74,'2016-06-30 18:41:27','0000-00-00 00:00:00'),(134,1,3,'2016-06-30 18:41:04','Consultation','','Consulted for Procedure (Procedure1) <br /> Consultant : <b>Dr. Doctor1</b>','127.0.0.1','CONSULTANT',28,'1',74,'2016-06-30 18:41:29',74,'2016-06-30 18:41:29','0000-00-00 00:00:00'),(135,1,1,'2016-06-30 18:16:47','Procedure','','Procedure : <b>Procedure1</b>','127.0.0.1','PROCEDURE',32,'1',74,'2016-06-30 18:43:16',74,'2016-06-30 18:43:16','0000-00-00 00:00:00'),(136,1,3,'2016-06-30 18:54:31','Procedure','','Test12345 <br /> Procedure : <b>Procedure1</b>','127.0.0.1','PROCEDURE',28,'1',74,'2016-06-30 18:54:53',74,'2016-06-30 18:54:53','0000-00-00 00:00:00'),(137,1,3,'2016-06-30 18:54:31','Consultation','','Consulted for Procedure (Procedure1) <br /> Consultant : <b>Dr. Doctor1</b>','127.0.0.1','CONSULTANT',28,'1',74,'2016-06-30 18:54:53',74,'2016-06-30 18:54:53','0000-00-00 00:00:00'),(138,1,1,'2016-06-30 18:55:42','Appointment Cancel','Encounter # 32','Appointment Cancelled. <br />Consultant : <b>Dr. Doctor1</b>','127.0.0.1','ENCOUNTER',32,'1',74,'2016-06-30 18:55:43',74,'2016-06-30 18:55:43','0000-00-00 00:00:00'),(139,1,1,'2016-06-30 18:55:57','Patient Admission','Encounter # 33','Patient Admitted. <br /> Bed No: <b>100 (Non AC)</b>','127.0.0.1','ENCOUNTER',33,'1',74,'2016-06-30 18:56:08',74,'2016-06-30 18:56:08','0000-00-00 00:00:00'),(140,1,1,'2016-07-01 02:10:00','Procedure','','Patient1 <br /> Procedure : <b>Procedure1</b>','127.0.0.1','PROCEDURE',33,'1',74,'2016-06-30 18:57:52',74,'2016-06-30 18:57:52','0000-00-00 00:00:00'),(141,1,1,'2016-07-01 02:10:00','Consultation','','Consulted for Procedure (Procedure1) <br /> Consultant : <b>Dr. Doctor1</b>','127.0.0.1','CONSULTANT',33,'1',74,'2016-06-30 18:57:52',74,'2016-06-30 18:57:52','0000-00-00 00:00:00'),(142,1,1,'2016-07-01 02:10:00','Consultation','','Consulted for Procedure (Procedure1) <br /> Consultant : <b>Dr. Doctor2</b>','127.0.0.1','CONSULTANT',33,'1',74,'2016-06-30 18:57:52',74,'2016-06-30 18:57:52','0000-00-00 00:00:00'),(143,1,3,'2016-07-01 02:10:00','Procedure','','Testing <br /> Procedure : <b>Procedure1</b>','127.0.0.1','PROCEDURE',28,'1',74,'2016-06-30 18:57:54',74,'2016-06-30 18:57:54','0000-00-00 00:00:00'),(144,1,3,'2016-07-01 02:10:00','Consultation','','Consulted for Procedure (Procedure1) <br /> Consultant : <b>Dr. Doctor1</b>','127.0.0.1','CONSULTANT',28,'1',74,'2016-06-30 18:57:54',74,'2016-06-30 18:57:54','0000-00-00 00:00:00'),(145,1,3,'2016-07-01 02:10:00','Consultation','','Consulted for Procedure (Procedure1) <br /> Consultant : <b>Dr. Doctor2</b>','127.0.0.1','CONSULTANT',28,'1',74,'2016-06-30 18:57:55',74,'2016-06-30 18:57:55','0000-00-00 00:00:00'),(146,1,1,'2016-07-01 02:10:00','Procedure','','Updated: Patient11111 <br /> Procedure : <b>Procedure1</b>','127.0.0.1','PROCEDURE',33,'1',74,'2016-06-30 18:58:34',74,'2016-06-30 18:58:34','0000-00-00 00:00:00'),(147,1,3,'2016-07-01 12:09:49','Admission Cancel','Encounter # 28','Admission Cancelled','127.0.0.1','ENCOUNTER',28,'1',74,'2016-07-01 12:09:50',74,'2016-07-01 12:09:50','0000-00-00 00:00:00'),(148,1,1,'2016-07-01 15:23:51','Admission Cancel','Encounter # 33','Admission Cancelled','127.0.0.1','ENCOUNTER',33,'1',74,'2016-07-01 15:23:52',74,'2016-07-01 15:23:52','0000-00-00 00:00:00'),(149,1,1,'2016-07-01 00:30:00','Appoinment Booked','Encounter # 34','Appoinment Booked. <br />Consultant : <b>Dr. Doctor1</b>','127.0.0.1','ENCOUNTER',34,'1',74,'2016-07-01 15:23:58',74,'2016-07-01 15:23:58','0000-00-00 00:00:00'),(150,1,3,'2016-07-01 15:29:27','Patient Admission','Encounter # 35','Patient Admitted. <br /> Bed No: <b>101 (Non AC)</b>','127.0.0.1','ENCOUNTER',35,'1',74,'2016-07-01 15:29:36',74,'2016-07-01 15:29:36','0000-00-00 00:00:00'),(151,1,3,'2016-07-01 15:30:15','Admission Cancel','Encounter # 35','Admission Cancelled','127.0.0.1','ENCOUNTER',35,'1',74,'2016-07-01 15:30:16',74,'2016-07-01 15:30:16','0000-00-00 00:00:00'),(152,1,3,'2016-07-01 00:55:00','Appoinment Booked','Encounter # 36','Appoinment Booked. <br />Consultant : <b>Dr. Doctor1</b>','127.0.0.1','ENCOUNTER',36,'1',74,'2016-07-01 15:30:24',74,'2016-07-01 15:30:24','0000-00-00 00:00:00'),(153,1,2,'2016-07-01 15:34:34','Casesheet No.','Casesheet No','Casesheet No.: 123 Added.','127.0.0.1','ENCOUNTER',0,'1',74,'2016-07-01 15:34:34',74,'2016-07-01 15:34:34','0000-00-00 00:00:00'),(154,1,2,'2016-07-22 00:30:00','Appoinment Booked','Encounter # 37','Appoinment Booked. <br />Consultant : <b>Dr. Doctor1</b>','127.0.0.1','ENCOUNTER',37,'1',74,'2016-07-01 15:34:34',74,'2016-07-01 15:34:34','0000-00-00 00:00:00'),(155,1,1,'2016-07-01 16:24:23','Appointment Cancel','Encounter # 34','Appointment Cancelled. <br />Consultant : <b>Dr. Doctor1</b>','127.0.0.1','ENCOUNTER',34,'1',74,'2016-07-01 16:24:23',74,'2016-07-01 16:24:23','0000-00-00 00:00:00'),(156,1,3,'2016-07-01 16:24:23','Appointment Cancel','Encounter # 36','Appointment Cancelled. <br />Consultant : <b>Dr. Doctor1</b>','127.0.0.1','ENCOUNTER',36,'1',74,'2016-07-01 16:24:23',74,'2016-07-01 16:24:23','0000-00-00 00:00:00'),(157,1,1,'2016-07-01 16:24:37','Patient Admission','Encounter # 38','Patient Admitted. <br /> Bed No: <b>100 (Non AC)</b>','127.0.0.1','ENCOUNTER',38,'1',74,'2016-07-01 16:24:47',74,'2016-07-01 16:24:47','0000-00-00 00:00:00'),(158,1,3,'2016-07-01 16:24:56','Patient Admission','Encounter # 39','Patient Admitted. <br /> Bed No: <b>101 (Non AC)</b>','127.0.0.1','ENCOUNTER',39,'1',74,'2016-07-01 16:25:06',74,'2016-07-01 16:25:06','0000-00-00 00:00:00'),(159,1,4,'2016-07-01 16:35:48','Casesheet No.','Casesheet No','Casesheet No.: AH0000002 Added.','127.0.0.1','ENCOUNTER',0,'1',74,'2016-07-01 16:35:48',74,'2016-07-01 16:35:48','0000-00-00 00:00:00'),(160,1,4,'2016-07-01 16:35:47','Patient Registration','','Mr. patient 2 Registered Successfully.','127.0.0.1','BASIC',0,'1',74,'2016-07-01 16:35:48',74,'2016-07-01 16:35:48','0000-00-00 00:00:00'),(161,1,4,'2016-07-01 00:50:00','Appoinment Booked','Encounter # 40','Appoinment Booked. <br />Consultant : <b>Dr. Doctor1</b>','127.0.0.1','ENCOUNTER',40,'1',74,'2016-07-01 16:35:54',74,'2016-07-01 16:35:54','0000-00-00 00:00:00'),(162,1,4,'2016-07-01 18:15:40','Appointment Cancel','Encounter # 40','Appointment Cancelled. <br />Consultant : <b>Dr. Doctor1</b>','127.0.0.1','ENCOUNTER',40,'1',74,'2016-07-01 18:15:40',74,'2016-07-01 18:15:40','0000-00-00 00:00:00'),(163,1,4,'2016-07-22 00:35:00','Appoinment Booked','Encounter # 41','Appoinment Booked. <br />Consultant : <b>Dr. Doctor1</b>','127.0.0.1','ENCOUNTER',41,'1',74,'2016-07-01 18:16:02',74,'2016-07-01 18:16:02','0000-00-00 00:00:00'),(164,1,2,'2016-07-01 19:10:02','Appointment Cancel','Encounter # 37','Appointment Cancelled. <br />Consultant : <b>Dr. Doctor1</b>','127.0.0.1','ENCOUNTER',37,'1',74,'2016-07-01 19:10:03',74,'2016-07-01 19:10:03','0000-00-00 00:00:00'),(165,1,2,'2016-07-01 00:45:00','Appoinment Booked','Encounter # 42','Appoinment Booked. <br />Consultant : <b>Dr. Doctor1</b>','127.0.0.1','ENCOUNTER',42,'1',74,'2016-07-01 19:10:09',74,'2016-07-01 19:10:09','0000-00-00 00:00:00'),(166,1,2,'2016-07-01 19:13:05','Appointment Cancel','Encounter # 42','Appointment Cancelled. <br />Consultant : <b>Dr. Doctor1</b>','127.0.0.1','ENCOUNTER',42,'1',74,'2016-07-01 19:13:05',74,'2016-07-01 19:13:05','0000-00-00 00:00:00'),(167,1,2,'2016-07-30 00:40:00','Appoinment Booked','Encounter # 43','Appoinment Booked. <br />Consultant : <b>Dr. Doctor1</b>','127.0.0.1','ENCOUNTER',43,'1',74,'2016-07-01 19:13:14',74,'2016-07-01 19:13:14','0000-00-00 00:00:00'),(168,1,3,'2016-07-02 11:01:34','Notes','','Test','127.0.0.1','NOTES',39,'1',74,'2016-07-02 11:01:34',74,'2016-07-02 11:01:34','0000-00-00 00:00:00'),(169,1,3,'2016-07-02 11:01:50','Notes','','TEssssssssss','127.0.0.1','NOTES',39,'1',74,'2016-07-02 11:01:50',74,'2016-07-02 11:01:50','0000-00-00 00:00:00'),(170,1,3,'2016-07-02 16:48:53','Admission Cancel','Encounter # 39','Admission Cancelled','127.0.0.1','ENCOUNTER',39,'1',74,'2016-07-02 16:48:54',74,'2016-07-02 16:48:54','0000-00-00 00:00:00'),(171,1,3,'2016-07-02 16:49:04','Patient Admission','Encounter # 44','Patient Admitted. <br /> Bed No: <b>101 (Non AC)</b>','127.0.0.1','ENCOUNTER',44,'1',74,'2016-07-02 16:49:15',74,'2016-07-02 16:49:15','0000-00-00 00:00:00'),(172,1,3,'2016-07-02 16:52:44','Consultation','','AAAAAAAAAAA <br /> Consultant : <b>Dr. Doctor1</b>','127.0.0.1','CONSULTANT',44,'1',74,'2016-07-02 16:52:49',74,'2016-07-02 16:52:49','0000-00-00 00:00:00'),(173,1,4,'2016-07-04 10:43:43','Appointment Cancel','Encounter # 41','Appointment Cancelled. <br />Consultant : <b>Dr. Doctor1</b>','127.0.0.1','ENCOUNTER',41,'1',74,'2016-07-04 10:43:44',74,'2016-07-04 10:43:44','0000-00-00 00:00:00'),(174,1,3,'2016-07-04 10:44:54','Admission Cancel','Encounter # 44','Admission Cancelled','127.0.0.1','ENCOUNTER',44,'1',74,'2016-07-04 10:44:55',74,'2016-07-04 10:44:55','0000-00-00 00:00:00'),(175,1,4,'2016-07-04 10:45:07','Patient Admission','Encounter # 45','Patient Admitted. <br /> Bed No: <b>101 (Non AC)</b>','127.0.0.1','ENCOUNTER',45,'1',74,'2016-07-04 10:45:17',74,'2016-07-04 10:45:17','0000-00-00 00:00:00'),(176,1,4,'2016-07-04 10:46:12','Clinical Discharge','Encounter # 45','Patient Clinical Discharged. <br /> Bed No: <b>101 (Non AC)</b>','127.0.0.1','ENCOUNTER',45,'1',74,'2016-07-04 10:46:33',74,'2016-07-04 10:46:33','0000-00-00 00:00:00'),(177,1,4,'2016-07-04 10:47:01','Bill Finalize','Encounter # 45','Bill Finalized By Mr. Vikhram','127.0.0.1','BILLING',45,'1',74,'2016-07-04 10:47:01',74,'2016-07-04 10:47:01','0000-00-00 00:00:00'),(178,1,4,'2016-07-04 10:47:44','Bill Authorize','Encounter # 45','Bill Authorize By Mr. Vikhram','127.0.0.1','BILLING',45,'1',74,'2016-07-04 10:47:44',74,'2016-07-04 10:47:44','0000-00-00 00:00:00'),(179,1,4,'2016-07-04 10:51:10','Bill Un Authorize','Encounter # 45','Bill Un Authorize By Mr. Vikhram','127.0.0.1','BILLING',45,'1',74,'2016-07-04 10:51:10',74,'2016-07-04 10:51:10','0000-00-00 00:00:00'),(180,1,4,'2016-07-04 10:51:23','Bill Un Finalize','Encounter # 45','Bill Un Finalized By Mr. Vikhram','127.0.0.1','BILLING',45,'1',74,'2016-07-04 10:51:23',74,'2016-07-04 10:51:23','0000-00-00 00:00:00'),(181,1,4,'2016-07-04 10:51:36','Bill Finalize','Encounter # 45','Bill Finalized By Mr. Vikhram','127.0.0.1','BILLING',45,'1',74,'2016-07-04 10:51:36',74,'2016-07-04 10:51:36','0000-00-00 00:00:00'),(182,1,4,'2016-07-04 15:52:20','Notes','','rr','127.0.0.1','NOTES',45,'1',74,'2016-07-04 15:52:20',74,'2016-07-04 15:52:20','0000-00-00 00:00:00'),(183,1,1,'2016-07-04 16:14:21','Admission Cancel','Encounter # 38','Admission Cancelled','127.0.0.1','ENCOUNTER',38,'1',74,'2016-07-04 16:14:22',74,'2016-07-04 16:14:22','0000-00-00 00:00:00'),(184,1,1,'2016-07-04 16:14:50','Patient Admission','Encounter # 46','Patient Admitted. <br /> Bed No: <b>100 (Non AC)</b>','127.0.0.1','ENCOUNTER',46,'1',74,'2016-07-04 16:15:01',74,'2016-07-04 16:15:01','0000-00-00 00:00:00'),(185,1,1,'2016-07-04 16:31:23','Admission Cancel','Encounter # 46','Admission Cancelled','127.0.0.1','ENCOUNTER',46,'1',74,'2016-07-04 16:31:24',74,'2016-07-04 16:31:24','0000-00-00 00:00:00'),(186,1,1,'2016-07-04 16:43:51','Patient Admission','Encounter # 47','Patient Admitted. <br /> Bed No: <b>100 (Non AC)</b>','127.0.0.1','ENCOUNTER',47,'1',74,'2016-07-04 16:44:03',74,'2016-07-04 16:44:03','0000-00-00 00:00:00'),(187,1,1,'2016-07-04 16:44:28','Admission Cancel','Encounter # 47','Admission Cancelled','127.0.0.1','ENCOUNTER',47,'1',74,'2016-07-04 16:44:29',74,'2016-07-04 16:44:29','0000-00-00 00:00:00'),(188,1,1,'2016-07-04 00:35:00','Appoinment Booked','Encounter # 48','Appoinment Booked. <br />Consultant : <b>Dr. Doctor1</b>','127.0.0.1','ENCOUNTER',48,'1',74,'2016-07-04 16:44:35',74,'2016-07-04 16:44:35','0000-00-00 00:00:00'),(189,1,1,'2016-07-04 18:13:53','Patient Update','','Patient Details Updated Successfully.','127.0.0.1','BASIC',48,'1',74,'2016-07-04 18:13:54',74,'2016-07-04 18:13:54','0000-00-00 00:00:00'),(190,1,4,'2016-07-05 11:23:53','Bill Authorize','Encounter # 45','Bill Authorize By Mr. Vikhram','127.0.0.1','BILLING',45,'1',74,'2016-07-05 11:23:53',74,'2016-07-05 11:23:53','0000-00-00 00:00:00'),(191,1,4,'2016-07-05 11:24:02','Administrative Discharge','Encounter # 45','Patient Administrative Discharged. <br /> Bed No: <b>101 (Non AC)</b>','127.0.0.1','ENCOUNTER',45,'1',74,'2016-07-05 11:24:03',74,'2016-07-05 11:24:03','0000-00-00 00:00:00'),(192,1,4,'2016-07-05 11:24:03','Administrative Discharge','Encounter # 45','Administrative Discharge By Mr. Vikhram','127.0.0.1','BILLING',45,'1',74,'2016-07-05 11:24:03',74,'2016-07-05 11:24:03','0000-00-00 00:00:00'),(193,1,4,'2016-07-03 04:10:00','Patient Admission','Encounter # 49','Patient Admitted. <br /> Bed No: <b>100 (Non AC)</b>','127.0.0.1','ENCOUNTER',49,'1',74,'2016-07-05 15:15:41',74,'2016-07-05 15:15:41','0000-00-00 00:00:00'),(194,1,4,'2016-07-05 15:16:12','Doctor Transfer','Encounter # 49','Patient\'s Doctor Transfered. <br />Consultant Incharge: Dr. Doctor2','127.0.0.1','ENCOUNTER',49,'1',74,'2016-07-05 15:16:29',74,'2016-07-05 15:16:29','0000-00-00 00:00:00'),(195,1,4,'2016-07-05 15:16:50','Clinical Discharge','Encounter # 49','Patient Clinical Discharged. <br /> Bed No: <b>100 (Non AC)</b>','127.0.0.1','ENCOUNTER',49,'1',74,'2016-07-05 15:16:54',74,'2016-07-05 15:16:54','0000-00-00 00:00:00'),(196,1,4,'2016-07-05 15:17:08','Bill Finalize','Encounter # 49','Bill Finalized By Mr. Vikhram','127.0.0.1','BILLING',49,'1',74,'2016-07-05 15:17:08',74,'2016-07-05 15:17:08','0000-00-00 00:00:00'),(197,1,4,'2016-07-05 15:17:14','Bill Authorize','Encounter # 49','Bill Authorize By Mr. Vikhram','127.0.0.1','BILLING',49,'1',74,'2016-07-05 15:17:14',74,'2016-07-05 15:17:14','0000-00-00 00:00:00'),(198,1,4,'2016-07-05 15:17:21','Administrative Discharge','Encounter # 49','Patient Administrative Discharged. <br /> Bed No: <b>100 (Non AC)</b>','127.0.0.1','ENCOUNTER',49,'1',74,'2016-07-05 15:17:22',74,'2016-07-05 15:17:22','0000-00-00 00:00:00'),(199,1,4,'2016-07-05 15:17:22','Administrative Discharge','Encounter # 49','Administrative Discharge By Mr. Vikhram','127.0.0.1','BILLING',49,'1',74,'2016-07-05 15:17:22',74,'2016-07-05 15:17:22','0000-00-00 00:00:00'),(200,1,4,'2016-07-05 00:05:00','Appoinment Booked','Encounter # 50','Appoinment Booked. <br />Consultant : <b>Dr. Doctor1</b>','127.0.0.1','ENCOUNTER',50,'1',74,'2016-07-05 18:18:34',74,'2016-07-05 18:18:34','0000-00-00 00:00:00'),(201,1,1,'2016-07-06 12:13:20','Consultation','','Test <br /> Consultant : <b>Dr. Doctor1</b>','127.0.0.1','CONSULTANT',48,'1',74,'2016-07-06 12:13:26',74,'2016-07-06 12:13:26','0000-00-00 00:00:00'),(202,1,1,'2016-07-06 12:16:48','Appointment Cancel','Encounter # 48','Appointment Cancelled. <br />Consultant : <b>Dr. Doctor1</b>','127.0.0.1','ENCOUNTER',48,'1',74,'2016-07-06 12:16:49',74,'2016-07-06 12:16:49','0000-00-00 00:00:00'),(203,1,1,'2016-07-06 12:16:53','Patient Admission','Encounter # 51','Patient Admitted. <br /> Bed No: <b>100 (Non AC)</b>','127.0.0.1','ENCOUNTER',51,'1',74,'2016-07-06 12:17:05',74,'2016-07-06 12:17:05','0000-00-00 00:00:00'),(204,1,1,'2016-07-06 12:17:12','Clinical Discharge','Encounter # 51','Patient Clinical Discharged. <br /> Bed No: <b>100 (Non AC)</b>','127.0.0.1','ENCOUNTER',51,'1',74,'2016-07-06 12:17:15',74,'2016-07-06 12:17:15','0000-00-00 00:00:00'),(205,1,1,'2016-07-06 12:20:03','Doctor Transfer','Encounter # 51','Patient\'s Doctor Transfered. <br />Consultant Incharge: Dr. Doctor2','127.0.0.1','ENCOUNTER',51,'1',74,'2016-07-06 12:20:08',74,'2016-07-06 12:20:08','0000-00-00 00:00:00'),(206,1,1,'2016-07-06 12:20:21','Cancellation','Encounter # 51','Transfer (Doctor) Cancelled','127.0.0.1','ENCOUNTER',51,'1',74,'2016-07-06 12:20:21',74,'2016-07-06 12:20:21','0000-00-00 00:00:00'),(207,1,1,'2016-07-06 13:07:20','Doctor Transfer','Encounter # 51','Patient\'s Doctor Transfered. <br />Consultant Incharge: Dr. Doctor2','127.0.0.1','ENCOUNTER',51,'1',74,'2016-07-06 13:07:23',74,'2016-07-06 13:07:23','0000-00-00 00:00:00'),(208,1,1,'2016-07-06 13:27:16','Clinical Discharge','Encounter # 51','Patient Clinical Discharged. <br /> Bed No: <b>100 (Non AC)</b>','127.0.0.1','ENCOUNTER',51,'1',74,'2016-07-06 13:27:19',74,'2016-07-06 13:27:19','0000-00-00 00:00:00'),(209,1,1,'2016-07-06 15:38:13','Clinical Discharge','Encounter # 51','Patient Clinical Discharged. <br /> Bed No: <b>100 (Non AC)</b>','127.0.0.1','ENCOUNTER',51,'1',74,'2016-07-06 15:38:15',74,'2016-07-06 15:38:15','0000-00-00 00:00:00'),(210,1,1,'2016-07-06 15:38:39','Cancellation','Encounter # 51','Clinical Discharge Cancelled','127.0.0.1','ENCOUNTER',51,'1',74,'2016-07-06 15:38:39',74,'2016-07-06 15:38:39','0000-00-00 00:00:00'),(211,1,1,'2016-07-06 15:40:53','Clinical Discharge','Encounter # 51','Patient Clinical Discharged. <br /> Bed No: <b>100 (Non AC)</b>','127.0.0.1','ENCOUNTER',51,'1',74,'2016-07-06 15:40:56',74,'2016-07-06 15:40:56','0000-00-00 00:00:00'),(212,1,1,'2016-07-06 15:42:41','Consultation','','aa <br /> Consultant : <b>Dr. Doctor1</b>','127.0.0.1','CONSULTANT',51,'1',74,'2016-07-06 15:42:49',74,'2016-07-06 15:42:49','0000-00-00 00:00:00'),(213,1,1,'2016-07-06 15:55:41','Cancellation','Encounter # 51','Clinical Discharge Cancelled','127.0.0.1','ENCOUNTER',51,'1',74,'2016-07-06 15:55:41',74,'2016-07-06 15:55:41','0000-00-00 00:00:00'),(214,1,1,'2016-07-06 15:56:33','Clinical Discharge','Encounter # 51','Patient Clinical Discharged. <br /> Bed No: <b>100 (Non AC)</b>','127.0.0.1','ENCOUNTER',51,'1',74,'2016-07-06 15:56:35',74,'2016-07-06 15:56:35','0000-00-00 00:00:00'),(215,1,1,'2016-07-06 15:56:53','Cancellation','Encounter # 51','Clinical Discharge Cancelled','127.0.0.1','ENCOUNTER',51,'1',74,'2016-07-06 15:56:54',74,'2016-07-06 15:56:54','0000-00-00 00:00:00'),(216,1,1,'2016-07-06 17:45:18','Clinical Discharge','Encounter # 51','Patient Clinical Discharged. <br /> Bed No: <b>100 (Non AC)</b>','127.0.0.1','ENCOUNTER',51,'1',74,'2016-07-06 17:45:26',74,'2016-07-06 17:45:26','0000-00-00 00:00:00'),(217,1,1,'2016-07-06 17:45:45','Bill Finalize','Encounter # 51','Bill Finalized By Mr. Vikhram','127.0.0.1','BILLING',51,'1',74,'2016-07-06 17:45:45',74,'2016-07-06 17:45:45','0000-00-00 00:00:00'),(218,1,1,'2016-07-06 17:45:50','Bill Authorize','Encounter # 51','Bill Authorize By Mr. Vikhram','127.0.0.1','BILLING',51,'1',74,'2016-07-06 17:45:50',74,'2016-07-06 17:45:50','0000-00-00 00:00:00'),(219,1,1,'2016-07-06 17:45:56','Administrative Discharge','Encounter # 51','Patient Administrative Discharged. <br /> Bed No: <b>100 (Non AC)</b>','127.0.0.1','ENCOUNTER',51,'1',74,'2016-07-06 17:45:56',74,'2016-07-06 17:45:56','0000-00-00 00:00:00'),(220,1,1,'2016-07-06 17:45:56','Administrative Discharge','Encounter # 51','Administrative Discharge By Mr. Vikhram','127.0.0.1','BILLING',51,'1',74,'2016-07-06 17:45:56',74,'2016-07-06 17:45:56','0000-00-00 00:00:00'),(221,1,1,'2016-07-07 10:41:15','Patient Admission','Encounter # 52','Patient Admitted. <br /> Bed No: <b>101 (Non AC)</b>','127.0.0.1','ENCOUNTER',52,'1',74,'2016-07-07 10:41:30',74,'2016-07-07 10:41:30','0000-00-00 00:00:00'),(222,1,1,'2016-07-07 16:28:52','Clinical Discharge','Encounter # 52','Patient Clinical Discharged. <br /> Bed No: <b>101 (Non AC)</b>','127.0.0.1','ENCOUNTER',52,'1',74,'2016-07-07 16:28:54',74,'2016-07-07 16:28:54','0000-00-00 00:00:00'),(223,1,1,'2016-07-07 16:29:12','Bill Finalize','Encounter # 52','Bill Finalized By Mr. Vikhram','127.0.0.1','BILLING',52,'1',74,'2016-07-07 16:29:12',74,'2016-07-07 16:29:12','0000-00-00 00:00:00'),(224,1,1,'2016-07-07 16:49:49','Consultation','','AAAAAAAAAA <br /> Consultant : <b>Dr. Doctor1</b>','127.0.0.1','CONSULTANT',52,'1',74,'2016-07-07 16:49:55',74,'2016-07-07 16:49:55','0000-00-00 00:00:00'),(225,1,4,'2016-07-08 12:55:18','Appointment Cancel','Encounter # 50','Appointment Cancelled. <br />Consultant : <b>Dr. Doctor1</b>','127.0.0.1','ENCOUNTER',50,'1',74,'2016-07-08 12:55:19',74,'2016-07-08 12:55:19','0000-00-00 00:00:00'),(226,1,3,'2016-07-23 00:25:00','Appoinment Booked','Encounter # 53','Appoinment Booked. <br />Consultant : <b>Dr. Doctor1</b>','127.0.0.1','ENCOUNTER',53,'1',74,'2016-07-08 12:59:16',74,'2016-07-08 12:59:16','0000-00-00 00:00:00'),(227,1,4,'2016-07-16 00:15:00','Appoinment Booked','Encounter # 54','Appoinment Booked. <br />Consultant : <b>Dr. Doctor1</b>','127.0.0.1','ENCOUNTER',54,'1',74,'2016-07-08 13:00:52',74,'2016-07-08 13:00:52','0000-00-00 00:00:00'),(228,1,4,'2016-07-14 10:44:20','Appointment Cancel','Encounter # 54','Appointment Cancelled. <br />Consultant : <b>Dr. Doctor1</b>','127.0.0.1','ENCOUNTER',54,'1',74,'2016-07-14 10:44:21',74,'2016-07-14 10:44:21','0000-00-00 00:00:00'),(229,1,4,'2016-07-14 00:35:00','Appoinment Booked','Encounter # 55','Appoinment Booked. <br />Consultant : <b>Dr. Doctor1</b>','127.0.0.1','ENCOUNTER',55,'1',74,'2016-07-14 10:58:20',74,'2016-07-14 10:58:20','0000-00-00 00:00:00'),(230,1,4,'2016-07-14 11:03:45','Appointment Cancel','Encounter # 55','Appointment Cancelled. <br />Consultant : <b>Dr. Doctor1</b>','127.0.0.1','ENCOUNTER',55,'1',74,'2016-07-14 11:03:45',74,'2016-07-14 11:03:45','0000-00-00 00:00:00'),(231,1,5,'2016-07-14 12:36:09','Casesheet No.','Casesheet No','Casesheet No.: AH0000003 Added.','127.0.0.1','ENCOUNTER',0,'1',74,'2016-07-14 12:36:09',74,'2016-07-14 12:36:09','0000-00-00 00:00:00'),(232,1,5,'2016-07-14 12:36:09','Patient Registration','','Mr. New Patient Registered Successfully.','127.0.0.1','BASIC',0,'1',74,'2016-07-14 12:36:10',74,'2016-07-14 12:36:10','0000-00-00 00:00:00'),(233,1,6,'2016-07-14 13:00:43','Casesheet No.','Casesheet No','Casesheet No.: AH0000004 Added.','127.0.0.1','ENCOUNTER',0,'1',74,'2016-07-14 13:00:43',74,'2016-07-14 13:00:43','0000-00-00 00:00:00'),(234,1,6,'2016-07-14 13:00:41','Patient Registration','','Miss. New Patient2 Registered Successfully.','127.0.0.1','BASIC',0,'1',74,'2016-07-14 13:00:44',74,'2016-07-14 13:00:44','0000-00-00 00:00:00'),(235,1,4,'2016-07-15 00:35:00','Appoinment Booked','Encounter # 56','Appoinment Booked. <br />Consultant : <b>Dr. Doctor1</b>','127.0.0.1','ENCOUNTER',56,'1',74,'2016-07-15 10:56:51',74,'2016-07-15 10:56:51','0000-00-00 00:00:00'),(236,1,5,'2016-07-15 00:40:00','Appoinment Booked','Encounter # 57','Appoinment Booked. <br />Consultant : <b>Dr. Doctor1</b>','127.0.0.1','ENCOUNTER',57,'1',74,'2016-07-15 10:57:09',74,'2016-07-15 10:57:09','0000-00-00 00:00:00'),(237,1,6,'2016-07-15 00:05:00','Appoinment Booked','Encounter # 58','Appoinment Booked. <br />Consultant : <b>Dr. Doctor2</b>','127.0.0.1','ENCOUNTER',58,'1',74,'2016-07-15 10:58:29',74,'2016-07-15 10:58:29','0000-00-00 00:00:00');

/*Table structure for table `pat_vitals` */

DROP TABLE IF EXISTS `pat_vitals`;

CREATE TABLE `pat_vitals` (
  `vital_id` int(11) NOT NULL AUTO_INCREMENT,
  `tenant_id` int(11) NOT NULL,
  `encounter_id` int(11) NOT NULL,
  `patient_id` int(11) NOT NULL,
  `vital_time` datetime NOT NULL,
  `temperature` varchar(20) DEFAULT NULL,
  `blood_pressure_systolic` varchar(20) DEFAULT NULL,
  `blood_pressure_diastolic` varchar(20) DEFAULT NULL,
  `pulse_rate` varchar(20) DEFAULT NULL,
  `weight` varchar(10) DEFAULT NULL,
  `status` enum('0','1') DEFAULT '1',
  `created_by` int(11) NOT NULL,
  `created_at` timestamp NOT NULL DEFAULT CURRENT_TIMESTAMP,
  `modified_by` int(11) DEFAULT NULL,
  `modified_at` timestamp NULL DEFAULT NULL,
  `deleted_at` timestamp NULL DEFAULT '0000-00-00 00:00:00',
  PRIMARY KEY (`vital_id`),
  KEY `FK_pat_vitals_tenant` (`tenant_id`),
  KEY `FK_pat_vitals_encounter` (`encounter_id`),
  KEY `FK_pat_vitals_patient` (`patient_id`),
  CONSTRAINT `FK_pat_vitals_encounter` FOREIGN KEY (`encounter_id`) REFERENCES `pat_encounter` (`encounter_id`) ON DELETE CASCADE ON UPDATE CASCADE,
  CONSTRAINT `FK_pat_vitals_patient` FOREIGN KEY (`patient_id`) REFERENCES `pat_patient` (`patient_id`) ON DELETE CASCADE ON UPDATE CASCADE,
  CONSTRAINT `FK_pat_vitals_tenant` FOREIGN KEY (`tenant_id`) REFERENCES `co_tenant` (`tenant_id`) ON DELETE CASCADE ON UPDATE CASCADE
) ENGINE=InnoDB AUTO_INCREMENT=5 DEFAULT CHARSET=latin1;

/*Data for the table `pat_vitals` */

insert  into `pat_vitals`(`vital_id`,`tenant_id`,`encounter_id`,`patient_id`,`vital_time`,`temperature`,`blood_pressure_systolic`,`blood_pressure_diastolic`,`pulse_rate`,`weight`,`status`,`created_by`,`created_at`,`modified_by`,`modified_at`,`deleted_at`) values (3,1,1,1,'2016-06-24 12:44:31','80','101','91','22','22','1',74,'2016-06-24 12:44:42',74,'2016-06-24 12:47:59','0000-00-00 00:00:00'),(4,1,39,3,'2016-07-02 11:07:13','120','180','130','90','70','1',74,'2016-07-02 11:07:22',74,'2016-07-02 11:07:22','0000-00-00 00:00:00');

/*Table structure for table `pat_vitals_users` */

DROP TABLE IF EXISTS `pat_vitals_users`;

CREATE TABLE `pat_vitals_users` (
  `vital_user_id` int(11) NOT NULL AUTO_INCREMENT,
  `tenant_id` int(11) NOT NULL,
  `vital_id` int(11) NOT NULL,
  `user_id` int(11) NOT NULL,
  `patient_id` int(11) NOT NULL,
  `seen` enum('0','1') NOT NULL DEFAULT '0',
  `created_by` int(11) NOT NULL,
  `created_at` timestamp NOT NULL DEFAULT CURRENT_TIMESTAMP,
  `modified_by` int(11) DEFAULT NULL,
  `modified_at` timestamp NULL DEFAULT NULL,
  `deleted_at` timestamp NULL DEFAULT '0000-00-00 00:00:00',
  PRIMARY KEY (`vital_user_id`),
  KEY `FK_pat_vitals_users_user` (`user_id`),
  KEY `FK_pat_vitals_users_vitals` (`vital_id`),
  KEY `FK_pat_vitals_users_tenant` (`tenant_id`),
  CONSTRAINT `FK_pat_vitals_users_tenant` FOREIGN KEY (`tenant_id`) REFERENCES `co_tenant` (`tenant_id`) ON DELETE CASCADE ON UPDATE CASCADE,
  CONSTRAINT `FK_pat_vitals_users_user` FOREIGN KEY (`user_id`) REFERENCES `co_user` (`user_id`) ON DELETE CASCADE ON UPDATE CASCADE,
  CONSTRAINT `FK_pat_vitals_users_vitals` FOREIGN KEY (`vital_id`) REFERENCES `pat_vitals` (`vital_id`) ON DELETE CASCADE ON UPDATE CASCADE
) ENGINE=InnoDB DEFAULT CHARSET=latin1;

/*Data for the table `pat_vitals_users` */

/*Table structure for table `pha_brand` */

DROP TABLE IF EXISTS `pha_brand`;

CREATE TABLE `pha_brand` (
  `brand_id` int(11) NOT NULL AUTO_INCREMENT,
  `tenant_id` int(11) NOT NULL,
  `brand_name` varchar(255) NOT NULL,
  `brand_code` varchar(50) NOT NULL,
  `status` enum('0','1') DEFAULT '1',
  `created_by` int(11) NOT NULL,
  `created_at` timestamp NOT NULL DEFAULT CURRENT_TIMESTAMP,
  `modified_by` int(11) DEFAULT NULL,
  `modified_at` timestamp NULL DEFAULT NULL,
  `deleted_at` timestamp NULL DEFAULT '0000-00-00 00:00:00',
  PRIMARY KEY (`brand_id`),
  UNIQUE KEY `PhaBrandUnique` (`tenant_id`,`brand_name`,`brand_code`,`deleted_at`),
  CONSTRAINT `FK_pha_brand_tenant` FOREIGN KEY (`tenant_id`) REFERENCES `co_tenant` (`tenant_id`) ON DELETE CASCADE ON UPDATE CASCADE
) ENGINE=InnoDB AUTO_INCREMENT=2 DEFAULT CHARSET=latin1;

/*Data for the table `pha_brand` */

insert  into `pha_brand`(`brand_id`,`tenant_id`,`brand_name`,`brand_code`,`status`,`created_by`,`created_at`,`modified_by`,`modified_at`,`deleted_at`) values (1,1,'Brand Name','BC','1',74,'2016-06-24 18:59:44',74,'2016-06-24 18:59:44','0000-00-00 00:00:00');

/*Table structure for table `pha_brand_division` */

DROP TABLE IF EXISTS `pha_brand_division`;

CREATE TABLE `pha_brand_division` (
  `division_id` int(11) NOT NULL AUTO_INCREMENT,
  `tenant_id` int(11) NOT NULL,
  `division_name` varchar(255) NOT NULL,
  `status` enum('0','1') DEFAULT '1',
  `created_by` int(11) NOT NULL,
  `created_at` timestamp NOT NULL DEFAULT CURRENT_TIMESTAMP,
  `modified_by` int(11) DEFAULT NULL,
  `modified_at` timestamp NULL DEFAULT NULL,
  `deleted_at` timestamp NULL DEFAULT '0000-00-00 00:00:00',
  PRIMARY KEY (`division_id`),
  UNIQUE KEY `PhaBrandDivisionUnique` (`tenant_id`,`division_name`,`deleted_at`),
  CONSTRAINT `FK_pha_brand_division_tenant` FOREIGN KEY (`tenant_id`) REFERENCES `co_tenant` (`tenant_id`) ON DELETE CASCADE ON UPDATE CASCADE
) ENGINE=InnoDB AUTO_INCREMENT=2 DEFAULT CHARSET=latin1;

/*Data for the table `pha_brand_division` */

insert  into `pha_brand_division`(`division_id`,`tenant_id`,`division_name`,`status`,`created_by`,`created_at`,`modified_by`,`modified_at`,`deleted_at`) values (1,1,'Division','1',74,'2016-06-24 18:59:54',74,'2016-06-24 18:59:54','0000-00-00 00:00:00');

/*Table structure for table `pha_brand_representative` */

DROP TABLE IF EXISTS `pha_brand_representative`;

CREATE TABLE `pha_brand_representative` (
  `rep_id` int(11) NOT NULL AUTO_INCREMENT,
  `tenant_id` int(11) NOT NULL,
  `brand_id` int(11) NOT NULL,
  `division_id` int(11) NOT NULL,
  `rep_1_name` varchar(50) NOT NULL,
  `rep_1_contact` varchar(100) NOT NULL,
  `rep_1_designation` varchar(100) NOT NULL,
  `rep_2_name` varchar(50) DEFAULT NULL,
  `rep_2_contact` varchar(100) DEFAULT NULL,
  `rep_2_designation` varchar(100) DEFAULT NULL,
  `status` enum('0','1') DEFAULT '1',
  `created_by` int(11) NOT NULL,
  `created_at` timestamp NOT NULL DEFAULT CURRENT_TIMESTAMP,
  `modified_by` int(11) DEFAULT NULL,
  `modified_at` timestamp NULL DEFAULT NULL,
  `deleted_at` timestamp NULL DEFAULT '0000-00-00 00:00:00',
  PRIMARY KEY (`rep_id`),
  KEY `FK_pha_brand_representative_tenant` (`tenant_id`),
  KEY `FK_pha_brand_representative_division` (`division_id`),
  KEY `FK_pha_brand_representative` (`brand_id`),
  CONSTRAINT `FK_pha_brand_representative` FOREIGN KEY (`brand_id`) REFERENCES `pha_brand` (`brand_id`) ON DELETE CASCADE ON UPDATE CASCADE,
  CONSTRAINT `FK_pha_brand_representative_division` FOREIGN KEY (`division_id`) REFERENCES `pha_brand_division` (`division_id`) ON DELETE CASCADE ON UPDATE CASCADE,
  CONSTRAINT `FK_pha_brand_representative_tenant` FOREIGN KEY (`tenant_id`) REFERENCES `co_tenant` (`tenant_id`) ON DELETE CASCADE ON UPDATE CASCADE
) ENGINE=InnoDB DEFAULT CHARSET=latin1;

/*Data for the table `pha_brand_representative` */

/*Table structure for table `pha_drug_class` */

DROP TABLE IF EXISTS `pha_drug_class`;

CREATE TABLE `pha_drug_class` (
  `drug_class_id` int(11) NOT NULL AUTO_INCREMENT,
  `tenant_id` int(11) NOT NULL,
  `drug_name` varchar(255) NOT NULL,
  `status` enum('0','1') DEFAULT '1',
  `created_by` int(11) NOT NULL,
  `created_at` timestamp NOT NULL DEFAULT CURRENT_TIMESTAMP,
  `modified_by` int(11) DEFAULT NULL,
  `modified_at` timestamp NULL DEFAULT NULL,
  `deleted_at` timestamp NULL DEFAULT '0000-00-00 00:00:00',
  PRIMARY KEY (`drug_class_id`),
  UNIQUE KEY `PhadrugUnique` (`tenant_id`,`drug_name`,`deleted_at`),
  FULLTEXT KEY `DrugNameFulltext` (`drug_name`),
  CONSTRAINT `FK_pha_drug_tenant` FOREIGN KEY (`tenant_id`) REFERENCES `co_tenant` (`tenant_id`) ON DELETE CASCADE ON UPDATE CASCADE
) ENGINE=InnoDB AUTO_INCREMENT=3 DEFAULT CHARSET=latin1;

/*Data for the table `pha_drug_class` */

insert  into `pha_drug_class`(`drug_class_id`,`tenant_id`,`drug_name`,`status`,`created_by`,`created_at`,`modified_by`,`modified_at`,`deleted_at`) values (1,1,'Drug','1',74,'2016-06-24 12:49:32',74,'2016-06-24 12:49:32','0000-00-00 00:00:00'),(2,1,'Drug11','1',74,'2016-07-07 16:07:15',74,'2016-07-07 16:07:15','0000-00-00 00:00:00');

/*Table structure for table `pha_drug_generic` */

DROP TABLE IF EXISTS `pha_drug_generic`;

CREATE TABLE `pha_drug_generic` (
  `drug_generic_id` int(11) NOT NULL AUTO_INCREMENT,
  `tenant_id` int(11) NOT NULL,
  `drug_class_id` int(11) NOT NULL,
  `generic_id` int(11) NOT NULL,
  `status` enum('0','1') DEFAULT '1',
  `created_by` int(11) NOT NULL,
  `created_at` timestamp NOT NULL DEFAULT CURRENT_TIMESTAMP,
  `modified_by` int(11) DEFAULT NULL,
  `modified_at` timestamp NULL DEFAULT NULL,
  `deleted_at` timestamp NULL DEFAULT '0000-00-00 00:00:00',
  PRIMARY KEY (`drug_generic_id`),
  UNIQUE KEY `PhaDrugClassGenericUnique` (`tenant_id`,`generic_id`,`deleted_at`),
  KEY `FK_pha_drug_generic_drug` (`drug_class_id`),
  KEY `FK_pha_drug_generic_generic` (`generic_id`),
  CONSTRAINT `FK_pha_drug_generic_drug` FOREIGN KEY (`drug_class_id`) REFERENCES `pha_drug_class` (`drug_class_id`) ON DELETE CASCADE ON UPDATE CASCADE,
  CONSTRAINT `FK_pha_drug_generic_generic` FOREIGN KEY (`generic_id`) REFERENCES `pha_generic` (`generic_id`) ON DELETE CASCADE ON UPDATE CASCADE,
  CONSTRAINT `FK_pha_drug_generic_tenant` FOREIGN KEY (`tenant_id`) REFERENCES `co_tenant` (`tenant_id`) ON DELETE CASCADE ON UPDATE CASCADE
) ENGINE=InnoDB AUTO_INCREMENT=5 DEFAULT CHARSET=latin1;

/*Data for the table `pha_drug_generic` */

insert  into `pha_drug_generic`(`drug_generic_id`,`tenant_id`,`drug_class_id`,`generic_id`,`status`,`created_by`,`created_at`,`modified_by`,`modified_at`,`deleted_at`) values (1,1,1,1,'1',74,'2016-06-24 18:58:46',74,'2016-06-24 18:58:46','0000-00-00 00:00:00'),(2,1,1,2,'1',74,'2016-06-25 19:15:15',74,'2016-06-25 19:15:15','0000-00-00 00:00:00'),(4,1,1,3,'1',74,'2016-07-07 16:08:30',74,'2016-07-07 16:08:30','0000-00-00 00:00:00');

/*Table structure for table `pha_generic` */

DROP TABLE IF EXISTS `pha_generic`;

CREATE TABLE `pha_generic` (
  `generic_id` int(11) NOT NULL AUTO_INCREMENT,
  `tenant_id` int(11) NOT NULL,
  `generic_name` varchar(255) NOT NULL,
  `status` enum('0','1') DEFAULT '1',
  `created_by` int(11) NOT NULL,
  `created_at` timestamp NOT NULL DEFAULT CURRENT_TIMESTAMP,
  `modified_by` int(11) DEFAULT NULL,
  `modified_at` timestamp NULL DEFAULT NULL,
  `deleted_at` timestamp NULL DEFAULT '0000-00-00 00:00:00',
  PRIMARY KEY (`generic_id`),
  UNIQUE KEY `PhaBrandgenericUnique` (`tenant_id`,`generic_name`,`deleted_at`),
  FULLTEXT KEY `GenericNameFulltext` (`generic_name`),
  CONSTRAINT `FK_pha_brand_generic_tenant` FOREIGN KEY (`tenant_id`) REFERENCES `co_tenant` (`tenant_id`) ON DELETE CASCADE ON UPDATE CASCADE
) ENGINE=InnoDB AUTO_INCREMENT=4 DEFAULT CHARSET=latin1;

/*Data for the table `pha_generic` */

insert  into `pha_generic`(`generic_id`,`tenant_id`,`generic_name`,`status`,`created_by`,`created_at`,`modified_by`,`modified_at`,`deleted_at`) values (1,1,'Generic','1',74,'2016-06-24 18:57:27',74,'2016-06-24 18:57:27','0000-00-00 00:00:00'),(2,1,'Gen','1',74,'2016-06-25 19:14:57',74,'2016-07-07 16:12:15','0000-00-00 00:00:00'),(3,1,'generic name','1',74,'2016-07-07 16:07:31',74,'2016-07-07 16:09:07','0000-00-00 00:00:00');

/*Table structure for table `pha_package_unit` */

DROP TABLE IF EXISTS `pha_package_unit`;

CREATE TABLE `pha_package_unit` (
  `package_id` int(11) NOT NULL AUTO_INCREMENT,
  `tenant_id` int(11) NOT NULL,
  `package_name` varchar(255) NOT NULL,
  `package_unit` varchar(100) NOT NULL,
  `status` enum('0','1') DEFAULT '1',
  `created_by` int(11) NOT NULL,
  `created_at` timestamp NOT NULL DEFAULT CURRENT_TIMESTAMP,
  `modified_by` int(11) DEFAULT NULL,
  `modified_at` timestamp NULL DEFAULT NULL,
  `deleted_at` timestamp NULL DEFAULT '0000-00-00 00:00:00',
  PRIMARY KEY (`package_id`),
  UNIQUE KEY `PhapackageUnique` (`tenant_id`,`package_name`,`package_unit`,`deleted_at`),
  CONSTRAINT `FK_pha_package_tenant` FOREIGN KEY (`tenant_id`) REFERENCES `co_tenant` (`tenant_id`) ON DELETE CASCADE ON UPDATE CASCADE
) ENGINE=InnoDB AUTO_INCREMENT=3 DEFAULT CHARSET=latin1;

/*Data for the table `pha_package_unit` */

insert  into `pha_package_unit`(`package_id`,`tenant_id`,`package_name`,`package_unit`,`status`,`created_by`,`created_at`,`modified_by`,`modified_at`,`deleted_at`) values (1,1,'PC Name','11','1',74,'2016-06-24 19:00:35',74,'2016-06-24 19:00:35','0000-00-00 00:00:00'),(2,1,'Test','10','1',74,'2016-07-13 12:41:52',74,'2016-07-13 12:41:52','0000-00-00 00:00:00');

/*Table structure for table `pha_product` */

DROP TABLE IF EXISTS `pha_product`;

CREATE TABLE `pha_product` (
  `product_id` int(11) NOT NULL AUTO_INCREMENT,
  `tenant_id` int(11) NOT NULL,
  `product_code` varchar(50) NOT NULL,
  `product_name` varchar(255) NOT NULL,
  `product_unit` varchar(25) DEFAULT NULL,
  `product_unit_count` varchar(25) DEFAULT NULL,
  `product_description_id` int(11) NOT NULL,
  `product_reorder_min` smallint(6) NOT NULL,
  `product_reorder_max` smallint(6) NOT NULL,
  `product_price` decimal(10,2) NOT NULL,
  `product_location` varchar(255) DEFAULT NULL,
  `brand_id` int(11) NOT NULL,
  `division_id` int(11) NOT NULL,
  `generic_id` int(11) NOT NULL,
  `drug_class_id` int(11) DEFAULT NULL,
  `purchase_vat_id` int(11) NOT NULL,
  `purchase_package_id` int(11) NOT NULL,
  `sales_vat_id` int(11) NOT NULL,
  `sales_package_id` int(11) NOT NULL,
  `status` enum('0','1') DEFAULT '1',
  `supplier_id_1` int(11) DEFAULT NULL,
  `supplier_id_2` int(11) DEFAULT NULL,
  `supplier_id_3` int(11) DEFAULT NULL,
  `created_by` int(11) NOT NULL,
  `created_at` timestamp NOT NULL DEFAULT CURRENT_TIMESTAMP,
  `modified_by` int(11) DEFAULT NULL,
  `modified_at` timestamp NULL DEFAULT NULL,
  `deleted_at` timestamp NULL DEFAULT '0000-00-00 00:00:00',
  PRIMARY KEY (`product_id`),
  UNIQUE KEY `PhaProductUnique` (`tenant_id`,`product_name`),
  KEY `FK_pha_product_description` (`product_description_id`),
  KEY `FK_pha_product_brand` (`brand_id`),
  KEY `FK_pha_product_division` (`division_id`),
  KEY `FK_pha_product_generic` (`generic_id`),
  KEY `FK_pha_product_purchase_vat` (`purchase_vat_id`),
  KEY `FK_pha_product_sales_vat` (`sales_vat_id`),
  KEY `FK_pha_product_purchase_packing_unit` (`purchase_package_id`),
  KEY `FK_pha_product_sales_packing_unit` (`sales_package_id`),
  FULLTEXT KEY `ProductNameFulltext` (`product_name`),
  FULLTEXT KEY `ProductUnitFulltext` (`product_unit`),
  FULLTEXT KEY `ProductUnitCountFulltext` (`product_unit_count`),
  CONSTRAINT `FK_pha_product_brand` FOREIGN KEY (`brand_id`) REFERENCES `pha_brand` (`brand_id`) ON DELETE CASCADE ON UPDATE CASCADE,
  CONSTRAINT `FK_pha_product_description` FOREIGN KEY (`product_description_id`) REFERENCES `pha_product_description` (`description_id`) ON DELETE CASCADE ON UPDATE CASCADE,
  CONSTRAINT `FK_pha_product_division` FOREIGN KEY (`division_id`) REFERENCES `pha_brand_division` (`division_id`) ON DELETE CASCADE ON UPDATE CASCADE,
  CONSTRAINT `FK_pha_product_generic` FOREIGN KEY (`generic_id`) REFERENCES `pha_generic` (`generic_id`) ON DELETE CASCADE ON UPDATE CASCADE,
  CONSTRAINT `FK_pha_product_purchase_vat` FOREIGN KEY (`purchase_vat_id`) REFERENCES `pha_vat` (`vat_id`) ON DELETE CASCADE ON UPDATE CASCADE,
  CONSTRAINT `FK_pha_product_sales_vat` FOREIGN KEY (`sales_vat_id`) REFERENCES `pha_vat` (`vat_id`) ON DELETE CASCADE ON UPDATE CASCADE,
  CONSTRAINT `FK_pha_product_tenant` FOREIGN KEY (`tenant_id`) REFERENCES `co_tenant` (`tenant_id`) ON DELETE CASCADE ON UPDATE CASCADE
) ENGINE=InnoDB AUTO_INCREMENT=4 DEFAULT CHARSET=latin1;

/*Data for the table `pha_product` */

insert  into `pha_product`(`product_id`,`tenant_id`,`product_code`,`product_name`,`product_unit`,`product_unit_count`,`product_description_id`,`product_reorder_min`,`product_reorder_max`,`product_price`,`product_location`,`brand_id`,`division_id`,`generic_id`,`drug_class_id`,`purchase_vat_id`,`purchase_package_id`,`sales_vat_id`,`sales_package_id`,`status`,`supplier_id_1`,`supplier_id_2`,`supplier_id_3`,`created_by`,`created_at`,`modified_by`,`modified_at`,`deleted_at`) values (1,1,'AFRGMS','AAAAAAAa','MG','10',1,20,50,'0.00',NULL,1,1,1,1,1,1,2,1,'1',NULL,NULL,NULL,74,'2016-06-24 19:00:40',74,'2016-07-13 15:55:13','0000-00-00 00:00:00'),(2,1,'BBRHN3','BBBB','MG','',1,10,50,'0.00',NULL,1,1,1,1,1,1,1,1,'1',NULL,NULL,NULL,74,'2016-06-25 16:29:33',74,'2016-07-13 16:22:36','0000-00-00 00:00:00'),(3,1,'CFUVOF','CCCCC','MG','10',1,0,50,'0.00',NULL,1,1,2,1,1,1,1,1,'1',NULL,NULL,NULL,74,'2016-06-25 19:15:42',74,'2016-06-25 19:15:42','0000-00-00 00:00:00');

/*Table structure for table `pha_product_batch` */

DROP TABLE IF EXISTS `pha_product_batch`;

CREATE TABLE `pha_product_batch` (
  `batch_id` int(11) NOT NULL AUTO_INCREMENT,
  `tenant_id` int(11) NOT NULL,
  `product_id` int(11) NOT NULL,
  `batch_no` varchar(255) NOT NULL,
  `expiry_date` date NOT NULL,
  `total_qty` int(11) NOT NULL,
  `available_qty` int(11) NOT NULL,
  `status` enum('0','1') DEFAULT '1',
  `created_by` int(11) NOT NULL,
  `created_at` timestamp NOT NULL DEFAULT CURRENT_TIMESTAMP,
  `modified_by` int(11) DEFAULT NULL,
  `modified_at` timestamp NULL DEFAULT NULL,
  `deleted_at` timestamp NULL DEFAULT '0000-00-00 00:00:00',
  PRIMARY KEY (`batch_id`),
  KEY `FK_pha_product_batch_tenant` (`tenant_id`),
  KEY `FK_pha_product_batch_product` (`product_id`),
  CONSTRAINT `FK_pha_product_batch_product` FOREIGN KEY (`product_id`) REFERENCES `pha_product` (`product_id`) ON DELETE CASCADE ON UPDATE CASCADE,
  CONSTRAINT `FK_pha_product_batch_tenant` FOREIGN KEY (`tenant_id`) REFERENCES `co_tenant` (`tenant_id`) ON DELETE CASCADE ON UPDATE CASCADE
) ENGINE=InnoDB AUTO_INCREMENT=6 DEFAULT CHARSET=latin1;

/*Data for the table `pha_product_batch` */

insert  into `pha_product_batch`(`batch_id`,`tenant_id`,`product_id`,`batch_no`,`expiry_date`,`total_qty`,`available_qty`,`status`,`created_by`,`created_at`,`modified_by`,`modified_at`,`deleted_at`) values (2,1,1,'1000','2016-11-01',55,15,'1',74,'2016-06-25 16:31:25',74,'2016-07-13 11:59:20','0000-00-00 00:00:00'),(3,1,2,'2000','2016-11-01',82,0,'1',74,'2016-06-25 16:31:26',74,'2016-07-13 15:59:28','0000-00-00 00:00:00'),(4,1,1,'1001','2016-12-01',19,10,'1',74,'2016-06-25 17:06:24',74,'2016-07-13 12:15:03','0000-00-00 00:00:00'),(5,1,2,'2001','2016-11-01',77,0,'1',74,'2016-06-25 17:06:25',74,'2016-07-13 16:23:42','0000-00-00 00:00:00');

/*Table structure for table `pha_product_batch_rate` */

DROP TABLE IF EXISTS `pha_product_batch_rate`;

CREATE TABLE `pha_product_batch_rate` (
  `batch_rate_id` int(11) NOT NULL AUTO_INCREMENT,
  `tenant_id` int(11) NOT NULL,
  `batch_id` int(11) NOT NULL,
  `mrp` decimal(10,2) NOT NULL,
  `status` enum('0','1') DEFAULT '1',
  `created_by` int(11) NOT NULL,
  `created_at` timestamp NOT NULL DEFAULT CURRENT_TIMESTAMP,
  `modified_by` int(11) DEFAULT NULL,
  `modified_at` timestamp NULL DEFAULT NULL,
  `deleted_at` timestamp NULL DEFAULT '0000-00-00 00:00:00',
  PRIMARY KEY (`batch_rate_id`),
  KEY `FK_pha_product_batch_rate_tenant` (`tenant_id`),
  KEY `FK_pha_product_batch_rate_batch` (`batch_id`),
  CONSTRAINT `FK_pha_product_batch_rate_batch` FOREIGN KEY (`batch_id`) REFERENCES `pha_product_batch` (`batch_id`) ON DELETE CASCADE ON UPDATE CASCADE,
  CONSTRAINT `FK_pha_product_batch_rate_tenant` FOREIGN KEY (`tenant_id`) REFERENCES `co_tenant` (`tenant_id`) ON DELETE CASCADE ON UPDATE CASCADE
) ENGINE=InnoDB AUTO_INCREMENT=6 DEFAULT CHARSET=latin1;

/*Data for the table `pha_product_batch_rate` */

insert  into `pha_product_batch_rate`(`batch_rate_id`,`tenant_id`,`batch_id`,`mrp`,`status`,`created_by`,`created_at`,`modified_by`,`modified_at`,`deleted_at`) values (2,1,2,'100.00','1',74,'2016-06-25 16:31:25',74,'2016-07-09 15:36:54','0000-00-00 00:00:00'),(3,1,3,'150.00','1',74,'2016-06-25 16:31:26',74,'2016-06-25 16:31:26','0000-00-00 00:00:00'),(4,1,4,'10.00','1',74,'2016-06-25 17:06:25',74,'2016-06-25 17:06:25','0000-00-00 00:00:00'),(5,1,5,'10.00','1',74,'2016-06-25 17:06:25',74,'2016-07-09 15:36:54','0000-00-00 00:00:00');

/*Table structure for table `pha_product_description` */

DROP TABLE IF EXISTS `pha_product_description`;

CREATE TABLE `pha_product_description` (
  `description_id` int(11) NOT NULL AUTO_INCREMENT,
  `tenant_id` int(11) NOT NULL,
  `description_name` varchar(255) NOT NULL,
  `status` enum('0','1') DEFAULT '1',
  `created_by` int(11) NOT NULL,
  `created_at` timestamp NOT NULL DEFAULT CURRENT_TIMESTAMP,
  `modified_by` int(11) DEFAULT NULL,
  `modified_at` timestamp NULL DEFAULT NULL,
  `deleted_at` timestamp NULL DEFAULT '0000-00-00 00:00:00',
  PRIMARY KEY (`description_id`),
  UNIQUE KEY `PhadescriptionUnique` (`tenant_id`,`description_name`,`deleted_at`),
  CONSTRAINT `FK_pha_description_tenant` FOREIGN KEY (`tenant_id`) REFERENCES `co_tenant` (`tenant_id`) ON DELETE CASCADE ON UPDATE CASCADE
) ENGINE=InnoDB AUTO_INCREMENT=2 DEFAULT CHARSET=latin1;

/*Data for the table `pha_product_description` */

insert  into `pha_product_description`(`description_id`,`tenant_id`,`description_name`,`status`,`created_by`,`created_at`,`modified_by`,`modified_at`,`deleted_at`) values (1,1,'Description','1',74,'2016-06-24 18:59:29',74,'2016-06-24 18:59:29','0000-00-00 00:00:00');

/*Table structure for table `pha_purchase` */

DROP TABLE IF EXISTS `pha_purchase`;

CREATE TABLE `pha_purchase` (
  `purchase_id` int(11) NOT NULL AUTO_INCREMENT,
  `tenant_id` int(11) NOT NULL,
  `purchase_code` varchar(50) NOT NULL,
  `invoice_date` date NOT NULL,
  `invoice_no` varchar(50) NOT NULL,
  `payment_type` enum('CA','CR') NOT NULL DEFAULT 'CA' COMMENT 'CA -> Cash, CR -> Credit',
  `supplier_id` int(11) NOT NULL,
  `total_item_purchase_amount` decimal(10,2) DEFAULT NULL,
  `total_item_vat_amount` decimal(10,2) DEFAULT NULL,
  `total_item_discount_amount` decimal(10,2) DEFAULT NULL,
  `before_disc_amount` decimal(10,2) DEFAULT NULL,
  `discount_percent` decimal(10,2) DEFAULT NULL,
  `discount_amount` decimal(10,2) DEFAULT NULL,
  `after_disc_amount` decimal(10,2) DEFAULT NULL,
  `roundoff_amount` decimal(10,2) DEFAULT NULL,
  `net_amount` decimal(10,2) DEFAULT NULL COMMENT '(Total Amount - Discount Amount) +- RoundOff',
  `gr_num` varchar(50) DEFAULT NULL,
  `status` enum('0','1') DEFAULT '1',
  `created_by` int(11) NOT NULL,
  `created_at` timestamp NOT NULL DEFAULT CURRENT_TIMESTAMP,
  `modified_by` int(11) DEFAULT NULL,
  `modified_at` timestamp NULL DEFAULT NULL,
  `deleted_at` timestamp NULL DEFAULT '0000-00-00 00:00:00',
  PRIMARY KEY (`purchase_id`),
  UNIQUE KEY `PhaPurchaseInvoiceUnique` (`tenant_id`,`invoice_no`),
  KEY `FK_pha_purchase_tenant` (`tenant_id`),
  KEY `FK_pha_purchase_supplier` (`supplier_id`),
  CONSTRAINT `FK_pha_purchase_supplier` FOREIGN KEY (`supplier_id`) REFERENCES `pha_supplier` (`supplier_id`) ON DELETE CASCADE ON UPDATE CASCADE,
  CONSTRAINT `FK_pha_purchase_tenant` FOREIGN KEY (`tenant_id`) REFERENCES `co_tenant` (`tenant_id`) ON DELETE CASCADE ON UPDATE CASCADE
) ENGINE=InnoDB AUTO_INCREMENT=6 DEFAULT CHARSET=latin1;

/*Data for the table `pha_purchase` */

insert  into `pha_purchase`(`purchase_id`,`tenant_id`,`purchase_code`,`invoice_date`,`invoice_no`,`payment_type`,`supplier_id`,`total_item_purchase_amount`,`total_item_vat_amount`,`total_item_discount_amount`,`before_disc_amount`,`discount_percent`,`discount_amount`,`after_disc_amount`,`roundoff_amount`,`net_amount`,`gr_num`,`status`,`created_by`,`created_at`,`modified_by`,`modified_at`,`deleted_at`) values (2,1,'AH0000002','2016-06-25','100','CA',1,'2500.00','250.00','0.00','2750.00',NULL,'0.00','2750.00','0.00','2750.00','100','1',74,'2016-06-25 16:31:24',74,'2016-06-25 16:31:24','0000-00-00 00:00:00'),(3,1,'AH0000003','2016-06-25','1511','CA',1,'300.00','30.00','0.00','330.00',NULL,'0.00','330.00','0.00','330.00','100','1',74,'2016-06-25 17:06:24',74,'2016-06-25 17:06:24','0000-00-00 00:00:00'),(4,1,'AH0000004','2016-07-09','111111','CA',1,'1700.00','170.00','0.00','1870.00',NULL,'0.00','1870.00','0.00','1870.00','AH0000001','1',74,'2016-07-09 15:18:43',74,'2016-07-09 15:18:43','0000-00-00 00:00:00'),(5,1,'AH0000005','2016-07-09','222','CA',1,'276.00','27.60','0.00','303.60',NULL,'0.00','303.60','0.40','304.00','AH0000002','1',74,'2016-07-09 15:36:52',74,'2016-07-09 15:36:52','0000-00-00 00:00:00');

/*Table structure for table `pha_purchase_item` */

DROP TABLE IF EXISTS `pha_purchase_item`;

CREATE TABLE `pha_purchase_item` (
  `purchase_item_id` int(11) NOT NULL AUTO_INCREMENT,
  `tenant_id` int(11) NOT NULL,
  `purchase_id` int(11) NOT NULL,
  `product_id` int(11) NOT NULL,
  `batch_id` int(11) NOT NULL,
  `quantity` int(11) NOT NULL,
  `free_quantity` int(11) DEFAULT '0',
  `free_quantity_unit` int(11) DEFAULT '0',
  `mrp` decimal(10,2) NOT NULL,
  `purchase_rate` decimal(10,2) NOT NULL,
  `purchase_amount` decimal(10,2) NOT NULL COMMENT 'Qty * Purchase Rate',
  `discount_percent` decimal(10,2) DEFAULT '0.00',
  `discount_amount` decimal(10,2) DEFAULT '0.00',
  `total_amount` decimal(10,2) DEFAULT NULL COMMENT '(Purchase Amount - Discount Amount)',
  `package_name` varchar(255) NOT NULL,
  `vat_amount` decimal(10,2) NOT NULL,
  `vat_percent` decimal(10,2) DEFAULT NULL,
  `status` enum('0','1') DEFAULT '1',
  `created_by` int(11) NOT NULL,
  `created_at` timestamp NOT NULL DEFAULT CURRENT_TIMESTAMP,
  `modified_by` int(11) DEFAULT NULL,
  `modified_at` timestamp NULL DEFAULT NULL,
  `deleted_at` timestamp NULL DEFAULT '0000-00-00 00:00:00',
  PRIMARY KEY (`purchase_item_id`),
  KEY `FK_pha_purchase_item_tenant` (`tenant_id`),
  KEY `FK_pha_purchase_item_purchase` (`purchase_id`),
  KEY `FK_pha_purchase_item_product` (`product_id`),
  KEY `FK_pha_purchase_item_batch` (`batch_id`),
  CONSTRAINT `FK_pha_purchase_item_batch` FOREIGN KEY (`batch_id`) REFERENCES `pha_product_batch` (`batch_id`) ON DELETE CASCADE ON UPDATE CASCADE,
  CONSTRAINT `FK_pha_purchase_item_product` FOREIGN KEY (`product_id`) REFERENCES `pha_product` (`product_id`) ON DELETE CASCADE ON UPDATE CASCADE,
  CONSTRAINT `FK_pha_purchase_item_purchase` FOREIGN KEY (`purchase_id`) REFERENCES `pha_purchase` (`purchase_id`) ON DELETE CASCADE ON UPDATE CASCADE,
  CONSTRAINT `FK_pha_purchase_item_tenant` FOREIGN KEY (`tenant_id`) REFERENCES `co_tenant` (`tenant_id`) ON DELETE CASCADE ON UPDATE CASCADE
) ENGINE=InnoDB AUTO_INCREMENT=10 DEFAULT CHARSET=latin1;

/*Data for the table `pha_purchase_item` */

insert  into `pha_purchase_item`(`purchase_item_id`,`tenant_id`,`purchase_id`,`product_id`,`batch_id`,`quantity`,`free_quantity`,`free_quantity_unit`,`mrp`,`purchase_rate`,`purchase_amount`,`discount_percent`,`discount_amount`,`total_amount`,`package_name`,`vat_amount`,`vat_percent`,`status`,`created_by`,`created_at`,`modified_by`,`modified_at`,`deleted_at`) values (2,1,2,1,2,10,0,NULL,'100.00','100.00','1000.00','0.00','0.00','1000.00','PC Name','100.00','10.00','1',74,'2016-06-25 16:31:25',74,'2016-06-25 16:31:25','0000-00-00 00:00:00'),(3,1,2,2,3,15,0,NULL,'150.00','100.00','1500.00','0.00','0.00','1500.00','PC Name','150.00','10.00','1',74,'2016-06-25 16:31:26',74,'2016-06-25 16:31:26','0000-00-00 00:00:00'),(4,1,3,1,4,10,10,NULL,'10.00','10.00','100.00','0.00','0.00','100.00','PC Name','10.00','10.00','1',74,'2016-06-25 17:06:25',74,'2016-06-25 17:06:25','0000-00-00 00:00:00'),(5,1,3,2,5,20,10,NULL,'10.00','10.00','200.00','0.00','0.00','200.00','PC Name','20.00','10.00','1',74,'2016-06-25 17:06:25',74,'2016-06-25 17:06:25','0000-00-00 00:00:00'),(6,1,4,1,2,15,0,NULL,'100.00','100.00','1500.00','0.00','0.00','1500.00','PC Name','150.00','10.00','1',74,'2016-07-09 15:18:44',74,'2016-07-09 15:18:44','0000-00-00 00:00:00'),(7,1,4,2,5,25,0,NULL,'10.00','8.00','200.00','0.00','0.00','200.00','PC Name','20.00','10.00','1',74,'2016-07-09 15:18:44',74,'2016-07-09 15:18:44','0000-00-00 00:00:00'),(8,1,5,1,2,10,0,NULL,'100.00','10.00','100.00','0.00','0.00','100.00','PC Name','10.00','10.00','1',74,'2016-07-09 15:36:54',74,'2016-07-09 15:36:54','0000-00-00 00:00:00'),(9,1,5,2,5,22,0,NULL,'10.00','8.00','176.00','0.00','0.00','176.00','PC Name','17.60','10.00','1',74,'2016-07-09 15:36:54',74,'2016-07-09 15:36:54','0000-00-00 00:00:00');

/*Table structure for table `pha_purchase_return` */

DROP TABLE IF EXISTS `pha_purchase_return`;

CREATE TABLE `pha_purchase_return` (
  `purchase_ret_id` int(11) NOT NULL AUTO_INCREMENT,
  `tenant_id` int(11) NOT NULL,
  `purchase_id` int(11) NOT NULL,
  `purchase_ret_code` varchar(50) NOT NULL,
  `invoice_date` date NOT NULL,
  `invoice_no` varchar(50) NOT NULL,
  `supplier_id` int(11) NOT NULL,
  `total_item_purchase_ret_amount` decimal(10,2) DEFAULT NULL,
  `total_item_vat_amount` decimal(10,2) DEFAULT NULL,
  `total_item_discount_amount` decimal(10,2) DEFAULT NULL,
  `before_disc_amount` decimal(10,2) DEFAULT NULL,
  `discount_percent` decimal(10,2) DEFAULT '0.00',
  `discount_amount` decimal(10,2) DEFAULT '0.00',
  `after_disc_amount` decimal(10,2) DEFAULT NULL,
  `roundoff_amount` decimal(10,2) DEFAULT NULL,
  `net_amount` decimal(10,2) DEFAULT NULL COMMENT '(Total Amount - Discount Amount) +- RoundOff',
  `status` enum('0','1') DEFAULT '1',
  `created_by` int(11) NOT NULL,
  `created_at` timestamp NOT NULL DEFAULT CURRENT_TIMESTAMP,
  `modified_by` int(11) DEFAULT NULL,
  `modified_at` timestamp NULL DEFAULT NULL,
  `deleted_at` timestamp NULL DEFAULT '0000-00-00 00:00:00',
  PRIMARY KEY (`purchase_ret_id`),
  KEY `FK_pha_purchase_ret_tenant` (`tenant_id`),
  KEY `FK_pha_purchase_ret_supplier` (`supplier_id`),
  KEY `FK_pha_purchase_return_purchase` (`purchase_id`),
  CONSTRAINT `FK_pha_purchase_return_purchase` FOREIGN KEY (`purchase_id`) REFERENCES `pha_purchase` (`purchase_id`) ON DELETE CASCADE ON UPDATE CASCADE,
  CONSTRAINT `FK_pha_purchase_ret_supplier` FOREIGN KEY (`supplier_id`) REFERENCES `pha_supplier` (`supplier_id`) ON DELETE CASCADE ON UPDATE CASCADE,
  CONSTRAINT `FK_pha_purchase_ret_tenant` FOREIGN KEY (`tenant_id`) REFERENCES `co_tenant` (`tenant_id`) ON DELETE CASCADE ON UPDATE CASCADE
) ENGINE=InnoDB AUTO_INCREMENT=8 DEFAULT CHARSET=latin1;

/*Data for the table `pha_purchase_return` */

insert  into `pha_purchase_return`(`purchase_ret_id`,`tenant_id`,`purchase_id`,`purchase_ret_code`,`invoice_date`,`invoice_no`,`supplier_id`,`total_item_purchase_ret_amount`,`total_item_vat_amount`,`total_item_discount_amount`,`before_disc_amount`,`discount_percent`,`discount_amount`,`after_disc_amount`,`roundoff_amount`,`net_amount`,`status`,`created_by`,`created_at`,`modified_by`,`modified_at`,`deleted_at`) values (6,1,2,'AH0000005','2016-06-25','1500',1,'1000.00','100.00','0.00','1100.00','0.00','0.00','1100.00','0.00','1100.00','1',74,'2016-06-25 16:42:16',74,'2016-06-25 17:04:48','0000-00-00 00:00:00'),(7,1,3,'AH0000006','2016-06-25','1515',1,'210.00','21.00','0.00','231.00','0.00','0.00','231.00','0.00','231.00','1',74,'2016-06-25 17:07:33',74,'2016-06-25 17:07:58','0000-00-00 00:00:00');

/*Table structure for table `pha_purchase_return_item` */

DROP TABLE IF EXISTS `pha_purchase_return_item`;

CREATE TABLE `pha_purchase_return_item` (
  `purchase_ret_item_id` int(11) NOT NULL AUTO_INCREMENT,
  `tenant_id` int(11) NOT NULL,
  `purchase_item_id` int(11) NOT NULL,
  `purchase_ret_id` int(11) NOT NULL,
  `product_id` int(11) NOT NULL,
  `batch_id` int(11) NOT NULL,
  `quantity` int(11) NOT NULL,
  `free_quantity` int(11) DEFAULT '0',
  `free_quantity_unit` int(11) DEFAULT '0',
  `mrp` decimal(10,2) NOT NULL,
  `purchase_ret_rate` decimal(10,2) NOT NULL,
  `purchase_ret_amount` decimal(10,2) NOT NULL COMMENT 'Qty * Purchase Rate',
  `discount_percent` decimal(10,2) DEFAULT '0.00',
  `discount_amount` decimal(10,2) DEFAULT '0.00',
  `total_amount` decimal(10,2) DEFAULT NULL COMMENT '(Purchase Amount - Discount Amount)',
  `package_name` varchar(255) NOT NULL,
  `vat_amount` decimal(10,2) NOT NULL,
  `vat_percent` decimal(10,2) DEFAULT NULL,
  `status` enum('0','1') DEFAULT '1',
  `created_by` int(11) NOT NULL,
  `created_at` timestamp NOT NULL DEFAULT CURRENT_TIMESTAMP,
  `modified_by` int(11) DEFAULT NULL,
  `modified_at` timestamp NULL DEFAULT NULL,
  `deleted_at` timestamp NULL DEFAULT '0000-00-00 00:00:00',
  PRIMARY KEY (`purchase_ret_item_id`),
  KEY `FK_pha_purchase_ret_item_tenant` (`tenant_id`),
  KEY `FK_pha_purchase_ret_item_purchase` (`purchase_ret_id`),
  KEY `FK_pha_purchase_ret_item_product` (`product_id`),
  KEY `FK_pha_purchase_ret_item_batch` (`batch_id`),
  KEY `FK_pha_purchase_return_item_purchase_item` (`purchase_item_id`),
  CONSTRAINT `FK_pha_purchase_return_item_purchase_item` FOREIGN KEY (`purchase_item_id`) REFERENCES `pha_purchase_item` (`purchase_item_id`) ON DELETE CASCADE ON UPDATE CASCADE,
  CONSTRAINT `FK_pha_purchase_ret_item_batch` FOREIGN KEY (`batch_id`) REFERENCES `pha_product_batch` (`batch_id`) ON DELETE CASCADE ON UPDATE CASCADE,
  CONSTRAINT `FK_pha_purchase_ret_item_product` FOREIGN KEY (`product_id`) REFERENCES `pha_product` (`product_id`) ON DELETE CASCADE ON UPDATE CASCADE,
  CONSTRAINT `FK_pha_purchase_ret_item_purchase` FOREIGN KEY (`purchase_ret_id`) REFERENCES `pha_purchase_return` (`purchase_ret_id`) ON DELETE CASCADE ON UPDATE CASCADE,
  CONSTRAINT `FK_pha_purchase_ret_item_tenant` FOREIGN KEY (`tenant_id`) REFERENCES `co_tenant` (`tenant_id`) ON DELETE CASCADE ON UPDATE CASCADE
) ENGINE=InnoDB AUTO_INCREMENT=8 DEFAULT CHARSET=latin1;

/*Data for the table `pha_purchase_return_item` */

insert  into `pha_purchase_return_item`(`purchase_ret_item_id`,`tenant_id`,`purchase_item_id`,`purchase_ret_id`,`product_id`,`batch_id`,`quantity`,`free_quantity`,`free_quantity_unit`,`mrp`,`purchase_ret_rate`,`purchase_ret_amount`,`discount_percent`,`discount_amount`,`total_amount`,`package_name`,`vat_amount`,`vat_percent`,`status`,`created_by`,`created_at`,`modified_by`,`modified_at`,`deleted_at`) values (5,1,3,6,2,3,10,0,0,'150.00','100.00','1000.00','0.00','0.00','1000.00','PC Name','100.00','10.00','1',74,'2016-06-25 16:42:16',74,'2016-06-25 17:04:48','0000-00-00 00:00:00'),(6,1,4,7,1,4,6,10,10,'10.00','10.00','60.00','0.00','0.00','60.00','PC Name','6.00','10.00','1',74,'2016-06-25 17:07:34',74,'2016-06-25 17:07:58','0000-00-00 00:00:00'),(7,1,5,7,2,5,15,10,10,'10.00','10.00','150.00','0.00','0.00','150.00','PC Name','15.00','10.00','1',74,'2016-06-25 17:07:35',74,'2016-06-25 17:07:58','0000-00-00 00:00:00');

/*Table structure for table `pha_reorder_history` */

DROP TABLE IF EXISTS `pha_reorder_history`;

CREATE TABLE `pha_reorder_history` (
  `reorder_id` int(11) NOT NULL AUTO_INCREMENT,
  `tenant_id` int(11) NOT NULL,
  `supplier_id` int(11) NOT NULL,
  `user_id` int(11) NOT NULL,
  `reorder_date` date DEFAULT NULL,
  `status` enum('0','1') DEFAULT '1',
  `created_by` int(11) NOT NULL,
  `created_at` timestamp NOT NULL DEFAULT CURRENT_TIMESTAMP,
  `modified_by` int(11) DEFAULT NULL,
  `modified_at` timestamp NULL DEFAULT NULL,
  `deleted_at` timestamp NULL DEFAULT '0000-00-00 00:00:00',
  PRIMARY KEY (`reorder_id`),
  KEY `FK_pha_reorder_history_tenant` (`tenant_id`),
  KEY `FK_pha_reorder_history_supplier` (`supplier_id`),
  KEY `FK_pha_reorder_history_user` (`user_id`),
  CONSTRAINT `FK_pha_reorder_history_supplier` FOREIGN KEY (`supplier_id`) REFERENCES `pha_supplier` (`supplier_id`) ON DELETE CASCADE ON UPDATE CASCADE,
  CONSTRAINT `FK_pha_reorder_history_tenant` FOREIGN KEY (`tenant_id`) REFERENCES `co_tenant` (`tenant_id`) ON DELETE CASCADE ON UPDATE CASCADE,
  CONSTRAINT `FK_pha_reorder_history_user` FOREIGN KEY (`user_id`) REFERENCES `co_user` (`user_id`) ON DELETE CASCADE ON UPDATE CASCADE
) ENGINE=InnoDB AUTO_INCREMENT=2 DEFAULT CHARSET=latin1;

/*Data for the table `pha_reorder_history` */

insert  into `pha_reorder_history`(`reorder_id`,`tenant_id`,`supplier_id`,`user_id`,`reorder_date`,`status`,`created_by`,`created_at`,`modified_by`,`modified_at`,`deleted_at`) values (1,1,1,74,'2016-07-08','0',74,'2016-07-08 16:55:01',NULL,NULL,'0000-00-00 00:00:00');

/*Table structure for table `pha_reorder_history_item` */

DROP TABLE IF EXISTS `pha_reorder_history_item`;

CREATE TABLE `pha_reorder_history_item` (
  `reorder_item_id` int(11) NOT NULL AUTO_INCREMENT,
  `tenant_id` int(11) NOT NULL,
  `reorder_id` int(11) NOT NULL,
  `product_id` int(11) NOT NULL,
  `quantity` int(11) NOT NULL,
  `status` enum('0','1') DEFAULT '1',
  `created_by` int(11) NOT NULL,
  `created_at` timestamp NOT NULL DEFAULT CURRENT_TIMESTAMP,
  `modified_by` int(11) DEFAULT NULL,
  `modified_at` timestamp NULL DEFAULT NULL,
  `deleted_at` timestamp NULL DEFAULT '0000-00-00 00:00:00',
  PRIMARY KEY (`reorder_item_id`),
  KEY `FK_pha_reorder_histpry_item_tenant` (`tenant_id`),
  KEY `FK_pha_reorder_histpry_item_reorder` (`reorder_id`),
  KEY `FK_pha_reorder_histpry_item_product` (`product_id`),
  CONSTRAINT `FK_pha_reorder_histpry_item_product` FOREIGN KEY (`product_id`) REFERENCES `pha_product` (`product_id`) ON DELETE CASCADE ON UPDATE CASCADE,
  CONSTRAINT `FK_pha_reorder_histpry_item_reorder` FOREIGN KEY (`reorder_id`) REFERENCES `pha_reorder_history` (`reorder_id`) ON DELETE CASCADE ON UPDATE CASCADE,
  CONSTRAINT `FK_pha_reorder_histpry_item_tenant` FOREIGN KEY (`tenant_id`) REFERENCES `co_tenant` (`tenant_id`) ON DELETE CASCADE ON UPDATE CASCADE
) ENGINE=InnoDB AUTO_INCREMENT=3 DEFAULT CHARSET=latin1;

/*Data for the table `pha_reorder_history_item` */

insert  into `pha_reorder_history_item`(`reorder_item_id`,`tenant_id`,`reorder_id`,`product_id`,`quantity`,`status`,`created_by`,`created_at`,`modified_by`,`modified_at`,`deleted_at`) values (1,1,1,1,25,'0',74,'2016-07-08 16:56:28',NULL,NULL,'0000-00-00 00:00:00'),(2,1,1,2,25,'0',74,'2016-07-08 16:56:41',NULL,NULL,'0000-00-00 00:00:00');

/*Table structure for table `pha_sale` */

DROP TABLE IF EXISTS `pha_sale`;

CREATE TABLE `pha_sale` (
  `sale_id` int(11) NOT NULL AUTO_INCREMENT,
  `tenant_id` int(11) NOT NULL,
  `bill_no` varchar(50) NOT NULL,
  `patient_id` int(11) DEFAULT NULL,
  `mobile_no` varchar(50) DEFAULT NULL,
  `consultant_id` int(11) DEFAULT NULL,
  `sale_date` date NOT NULL,
  `payment_type` enum('CA','CR','COD') NOT NULL DEFAULT 'CA' COMMENT 'CA - Cash, CR - Credit, COD - Cash On delivery',
  `total_item_vat_amount` decimal(10,2) DEFAULT NULL,
  `total_item_sale_amount` decimal(10,2) DEFAULT NULL,
  `total_item_discount_percent` decimal(10,2) DEFAULT NULL,
  `total_item_discount_amount` decimal(10,2) DEFAULT NULL COMMENT 'total_item_sale_amount * discount_percent',
  `total_item_amount` decimal(10,2) DEFAULT NULL COMMENT 'total_item_vat_amount + total_item_sale_amount - discount_amount',
  `welfare_amount` decimal(10,2) DEFAULT NULL,
  `roundoff_amount` decimal(10,2) DEFAULT NULL,
  `bill_amount` decimal(10,2) DEFAULT NULL COMMENT 'total_item_amount + welfare + roundoff',
  `payment_status` enum('P','C','PC') NOT NULL DEFAULT 'C' COMMENT 'P - Pending, C- Completed, PC - Partialy Completed',
  `encounter_id` int(11) DEFAULT NULL,
  `patient_name` varchar(50) DEFAULT NULL,
  `status` enum('0','1') DEFAULT '1',
  `created_by` int(11) NOT NULL,
  `created_at` timestamp NOT NULL DEFAULT CURRENT_TIMESTAMP,
  `modified_by` int(11) DEFAULT NULL,
  `modified_at` timestamp NULL DEFAULT NULL,
  `deleted_at` timestamp NULL DEFAULT '0000-00-00 00:00:00',
  PRIMARY KEY (`sale_id`),
  KEY `FK_pha_sale_tenant` (`tenant_id`),
  KEY `FK_pha_sale_patient` (`patient_id`),
  KEY `FK_pha_sale_consultant` (`consultant_id`),
  CONSTRAINT `FK_pha_sale_tenant` FOREIGN KEY (`tenant_id`) REFERENCES `co_tenant` (`tenant_id`) ON DELETE CASCADE ON UPDATE CASCADE
) ENGINE=InnoDB AUTO_INCREMENT=17 DEFAULT CHARSET=latin1;

/*Data for the table `pha_sale` */

insert  into `pha_sale`(`sale_id`,`tenant_id`,`bill_no`,`patient_id`,`mobile_no`,`consultant_id`,`sale_date`,`payment_type`,`total_item_vat_amount`,`total_item_sale_amount`,`total_item_discount_percent`,`total_item_discount_amount`,`total_item_amount`,`welfare_amount`,`roundoff_amount`,`bill_amount`,`payment_status`,`encounter_id`,`patient_name`,`status`,`created_by`,`created_at`,`modified_by`,`modified_at`,`deleted_at`) values (3,1,'AH0000007',1,NULL,75,'2016-06-25','CA','150.00','1500.00',NULL,'0.00','1650.00',NULL,'0.00','1650.00','C',4,'Patient1','1',74,'2016-06-25 18:21:49',74,'2016-06-25 18:21:49','0000-00-00 00:00:00'),(4,1,'AH0000009',1,NULL,75,'2016-06-25','CA','335.00','3250.00',NULL,'0.00','3585.00',NULL,'0.00','3585.00','C',4,'Patient1','1',74,'2016-06-25 18:24:46',74,'2016-06-25 18:24:47','0000-00-00 00:00:00'),(5,1,'AH0000001',1,NULL,75,'2016-07-01','CR','150.00','1500.00',NULL,'0.00','1650.00',NULL,'0.00','1650.00','P',33,'Patient1','1',74,'2016-07-01 11:53:40',74,'2016-07-01 11:53:40','0000-00-00 00:00:00'),(6,1,'AH0000002',3,NULL,NULL,'2016-07-01','CR','10.00','100.00',NULL,'0.00','110.00',NULL,'0.00','110.00','P',NULL,'Testing','1',74,'2016-07-01 12:11:29',74,'2016-07-01 12:11:29','0000-00-00 00:00:00'),(7,1,'AH0000003',3,NULL,NULL,'2016-07-01','CR','150.00','1500.00',NULL,'0.00','1650.00',NULL,'0.00','1650.00','P',NULL,'Testing','1',74,'2016-07-01 12:20:58',74,'2016-07-01 12:20:58','0000-00-00 00:00:00'),(8,1,'AH0000004',NULL,NULL,NULL,'2016-07-01','CR','75.00','750.00',NULL,'0.00','825.00',NULL,'0.00','825.00','P',NULL,'Patien sale1','1',74,'2016-07-01 12:40:37',74,'2016-07-01 12:40:37','0000-00-00 00:00:00'),(9,1,'AH0000005',NULL,NULL,NULL,'2016-07-01','CA','150.00','1500.00',NULL,'0.00','1650.00',NULL,'0.00','1650.00','C',NULL,NULL,'1',74,'2016-07-01 13:11:25',74,'2016-07-01 13:11:26','0000-00-00 00:00:00'),(10,1,'AH0000006',NULL,NULL,NULL,'2016-07-01','CR','45.00','450.00',NULL,'0.00','495.00',NULL,'0.00','495.00','P',NULL,'Patien sale1','1',74,'2016-07-01 13:20:34',74,'2016-07-01 13:20:34','0000-00-00 00:00:00'),(11,1,'AH0000008',1,NULL,75,'2016-07-01','CR','105.00','1050.00',NULL,'0.00','1155.00',NULL,'0.00','1155.00','C',32,'Patient1','1',74,'2016-07-01 13:24:12',74,'2016-07-01 13:24:13','0000-00-00 00:00:00'),(12,1,'AH0000010',1,NULL,75,'2016-07-01','CR','180.00','1800.00',NULL,'0.00','1980.00',NULL,'0.00','1980.00','C',32,'Patient1','1',74,'2016-07-01 13:33:12',74,'2016-07-01 13:33:12','0000-00-00 00:00:00'),(13,1,'AH0000011',1,NULL,75,'2016-07-13','CA','128.00','1180.00',NULL,'0.00','1308.00',NULL,'0.00','1308.00','C',52,'Patient1','1',74,'2016-07-13 10:40:35',74,'2016-07-13 10:42:22','0000-00-00 00:00:00'),(14,1,'AH0000012',2,NULL,75,'2016-07-13','CA','110.00','1000.00',NULL,'0.00','1110.00',NULL,'0.00','1110.00','C',43,'Raja','1',74,'2016-07-13 11:59:19',74,'2016-07-13 11:59:19','0000-00-00 00:00:00'),(15,1,'AH0000013',2,NULL,75,'2016-07-13','CA','9.90','90.00',NULL,'0.00','99.90',NULL,'0.10','100.00','C',43,'Raja','1',74,'2016-07-13 12:15:02',74,'2016-07-13 12:17:40','0000-00-00 00:00:00'),(16,1,'AH0000014',1,NULL,75,'2016-07-13','CA','49.00','490.00',NULL,'0.00','539.00',NULL,'0.00','539.00','C',52,'Patient1','1',74,'2016-07-13 16:23:42',74,'2016-07-13 16:23:42','0000-00-00 00:00:00');

/*Table structure for table `pha_sale_billing` */

DROP TABLE IF EXISTS `pha_sale_billing`;

CREATE TABLE `pha_sale_billing` (
  `sale_billing_id` int(11) NOT NULL AUTO_INCREMENT,
  `sale_id` int(11) NOT NULL,
  `tenant_id` int(11) NOT NULL,
  `paid_date` date NOT NULL,
  `paid_amount` decimal(10,2) NOT NULL,
  `status` enum('0','1') DEFAULT '1',
  `created_by` int(11) NOT NULL,
  `created_at` timestamp NOT NULL DEFAULT CURRENT_TIMESTAMP,
  `modified_by` int(11) DEFAULT NULL,
  `modified_at` timestamp NULL DEFAULT NULL,
  `deleted_at` timestamp NULL DEFAULT '0000-00-00 00:00:00',
  PRIMARY KEY (`sale_billing_id`),
  KEY `FK_pha_sale_billing_tenant` (`tenant_id`),
  KEY `FK_pha_sale_billing_sale` (`sale_id`),
  CONSTRAINT `FK_pha_sale_billing_sale` FOREIGN KEY (`sale_id`) REFERENCES `pha_sale` (`sale_id`) ON DELETE CASCADE ON UPDATE CASCADE,
  CONSTRAINT `FK_pha_sale_billing_tenant` FOREIGN KEY (`tenant_id`) REFERENCES `co_tenant` (`tenant_id`) ON DELETE CASCADE ON UPDATE CASCADE
) ENGINE=InnoDB AUTO_INCREMENT=12 DEFAULT CHARSET=latin1;

/*Data for the table `pha_sale_billing` */

insert  into `pha_sale_billing`(`sale_billing_id`,`sale_id`,`tenant_id`,`paid_date`,`paid_amount`,`status`,`created_by`,`created_at`,`modified_by`,`modified_at`,`deleted_at`) values (3,3,1,'2016-06-25','1650.00','1',74,'2016-06-25 18:21:49',74,'2016-06-25 18:21:49','0000-00-00 00:00:00'),(4,4,1,'2016-06-25','3585.00','1',74,'2016-06-25 18:24:47',74,'2016-06-25 18:24:47','0000-00-00 00:00:00'),(5,9,1,'2016-07-01','1650.00','1',74,'2016-07-01 13:11:26',74,'2016-07-01 13:11:26','0000-00-00 00:00:00'),(6,11,1,'2016-07-01','1155.00','1',74,'2016-07-01 13:24:12',74,'2016-07-01 13:24:12','0000-00-00 00:00:00'),(7,12,1,'2016-07-01','1980.00','1',74,'2016-07-01 13:33:12',74,'2016-07-01 13:33:12','0000-00-00 00:00:00'),(8,13,1,'2016-07-13','1308.00','1',74,'2016-07-13 10:40:35',74,'2016-07-13 10:42:22','0000-00-00 00:00:00'),(9,14,1,'2016-07-13','1110.00','1',74,'2016-07-13 11:59:19',74,'2016-07-13 11:59:19','0000-00-00 00:00:00'),(10,15,1,'2016-07-13','100.00','1',74,'2016-07-13 12:15:02',74,'2016-07-13 12:17:40','0000-00-00 00:00:00'),(11,16,1,'2016-07-13','539.00','1',74,'2016-07-13 16:23:42',74,'2016-07-13 16:23:42','0000-00-00 00:00:00');

/*Table structure for table `pha_sale_item` */

DROP TABLE IF EXISTS `pha_sale_item`;

CREATE TABLE `pha_sale_item` (
  `sale_item_id` int(11) NOT NULL AUTO_INCREMENT,
  `tenant_id` int(11) NOT NULL,
  `sale_id` int(11) NOT NULL,
  `product_id` int(11) NOT NULL,
  `batch_id` int(11) NOT NULL,
  `quantity` int(11) NOT NULL,
  `package_name` varchar(255) DEFAULT NULL,
  `mrp` decimal(10,2) NOT NULL,
  `item_amount` decimal(10,2) NOT NULL COMMENT 'qty * mrp',
  `vat_amount` decimal(10,2) DEFAULT NULL,
  `vat_percent` decimal(10,2) DEFAULT NULL,
  `status` enum('0','1') DEFAULT '1',
  `created_by` int(11) NOT NULL,
  `created_at` timestamp NOT NULL DEFAULT CURRENT_TIMESTAMP,
  `modified_by` int(11) DEFAULT NULL,
  `modified_at` timestamp NULL DEFAULT NULL,
  `deleted_at` timestamp NULL DEFAULT '0000-00-00 00:00:00',
  PRIMARY KEY (`sale_item_id`),
  KEY `FK_pha_sale_item_tenant` (`tenant_id`),
  KEY `FK_pha_sale_item` (`sale_id`),
  KEY `FK_pha_sale_item_product` (`product_id`),
  KEY `FK_pha_sale_item_batch` (`batch_id`),
  CONSTRAINT `FK_pha_sale_item` FOREIGN KEY (`sale_id`) REFERENCES `pha_sale` (`sale_id`) ON DELETE CASCADE ON UPDATE CASCADE,
  CONSTRAINT `FK_pha_sale_item_batch` FOREIGN KEY (`batch_id`) REFERENCES `pha_product_batch` (`batch_id`) ON DELETE CASCADE ON UPDATE CASCADE,
  CONSTRAINT `FK_pha_sale_item_product` FOREIGN KEY (`product_id`) REFERENCES `pha_product` (`product_id`) ON DELETE CASCADE ON UPDATE CASCADE,
  CONSTRAINT `FK_pha_sale_item_tenant` FOREIGN KEY (`tenant_id`) REFERENCES `co_tenant` (`tenant_id`) ON DELETE CASCADE ON UPDATE CASCADE
) ENGINE=InnoDB AUTO_INCREMENT=19 DEFAULT CHARSET=latin1;

/*Data for the table `pha_sale_item` */

insert  into `pha_sale_item`(`sale_item_id`,`tenant_id`,`sale_id`,`product_id`,`batch_id`,`quantity`,`package_name`,`mrp`,`item_amount`,`vat_amount`,`vat_percent`,`status`,`created_by`,`created_at`,`modified_by`,`modified_at`,`deleted_at`) values (3,1,3,2,3,10,'PC Name','150.00','1500.00','150.00','10.00','1',74,'2016-06-25 18:21:49',74,'2016-06-25 18:21:49','0000-00-00 00:00:00'),(4,1,4,1,2,10,'PC Name','100.00','1000.00','110.00','11.00','1',74,'2016-06-25 18:24:48',74,'2016-06-25 18:24:48','0000-00-00 00:00:00'),(5,1,4,2,3,15,'PC Name','150.00','2250.00','225.00','10.00','1',74,'2016-06-25 18:24:48',74,'2016-06-25 18:24:48','0000-00-00 00:00:00'),(6,1,5,2,3,10,'PC Name','150.00','1500.00','150.00','10.00','1',74,'2016-07-01 11:53:40',74,'2016-07-01 11:53:40','0000-00-00 00:00:00'),(7,1,6,2,5,10,'PC Name','10.00','100.00','10.00','10.00','1',74,'2016-07-01 12:11:31',74,'2016-07-01 12:11:31','0000-00-00 00:00:00'),(8,1,7,2,3,10,'PC Name','150.00','1500.00','150.00','10.00','1',74,'2016-07-01 12:20:58',74,'2016-07-01 12:20:58','0000-00-00 00:00:00'),(9,1,8,2,3,5,'PC Name','150.00','750.00','75.00','10.00','1',74,'2016-07-01 12:40:38',74,'2016-07-01 12:40:38','0000-00-00 00:00:00'),(10,1,9,2,3,10,'PC Name','150.00','1500.00','150.00','10.00','1',74,'2016-07-01 13:11:26',74,'2016-07-01 13:11:26','0000-00-00 00:00:00'),(11,1,10,2,3,3,'PC Name','150.00','450.00','45.00','10.00','1',74,'2016-07-01 13:20:35',74,'2016-07-01 13:20:35','0000-00-00 00:00:00'),(12,1,11,2,3,7,'PC Name','150.00','1050.00','105.00','10.00','1',74,'2016-07-01 13:24:14',74,'2016-07-01 13:24:14','0000-00-00 00:00:00'),(13,1,12,2,3,12,'PC Name','150.00','1800.00','180.00','10.00','1',74,'2016-07-01 13:33:13',74,'2016-07-01 13:33:13','0000-00-00 00:00:00'),(14,1,13,1,2,10,'PC Name','100.00','1000.00','110.00','11.00','1',74,'2016-07-13 10:40:35',74,'2016-07-13 10:42:22','0000-00-00 00:00:00'),(15,1,13,2,5,18,'PC Name','10.00','180.00','18.00','10.00','1',74,'2016-07-13 10:40:35',74,'2016-07-13 10:42:22','0000-00-00 00:00:00'),(16,1,14,1,2,10,'PC Name','100.00','1000.00','110.00','11.00','1',74,'2016-07-13 11:59:20',74,'2016-07-13 11:59:20','0000-00-00 00:00:00'),(17,1,15,1,4,9,'PC Name','10.00','90.00','9.90','11.00','1',74,'2016-07-13 12:15:03',74,'2016-07-13 12:17:40','0000-00-00 00:00:00'),(18,1,16,2,5,49,'PC Name','10.00','490.00','49.00','10.00','1',74,'2016-07-13 16:23:42',74,'2016-07-13 16:23:42','0000-00-00 00:00:00');

/*Table structure for table `pha_sale_return` */

DROP TABLE IF EXISTS `pha_sale_return`;

CREATE TABLE `pha_sale_return` (
  `sale_ret_id` int(11) NOT NULL AUTO_INCREMENT,
  `tenant_id` int(11) NOT NULL,
  `sale_id` int(11) NOT NULL,
  `bill_no` varchar(50) NOT NULL,
  `patient_id` int(11) DEFAULT NULL,
  `mobile_no` varchar(50) NOT NULL,
  `sale_date` date NOT NULL,
  `total_item_sale_amount` decimal(10,2) DEFAULT NULL,
  `total_item_discount_percent` decimal(10,2) DEFAULT NULL,
  `total_item_discount_amount` decimal(10,2) DEFAULT NULL COMMENT 'total_item_sale_amount * discount_percent',
  `total_item_amount` decimal(10,2) DEFAULT NULL COMMENT 'total_item_sale_amount - discount_amount',
  `roundoff_amount` decimal(10,2) DEFAULT NULL,
  `bill_amount` decimal(10,2) DEFAULT NULL COMMENT 'total_item_amount  + roundoff',
  `status` enum('0','1') DEFAULT '1',
  `patient_name` varchar(255) DEFAULT NULL,
  `created_by` int(11) NOT NULL,
  `created_at` timestamp NOT NULL DEFAULT CURRENT_TIMESTAMP,
  `modified_by` int(11) DEFAULT NULL,
  `modified_at` timestamp NULL DEFAULT NULL,
  `deleted_at` timestamp NULL DEFAULT '0000-00-00 00:00:00',
  PRIMARY KEY (`sale_ret_id`),
  KEY `FK_pha_sale_return_tenant` (`tenant_id`),
  KEY `FK_pha_sale_return_patient` (`patient_id`),
  KEY `FK_pha_sale_return_sale_id` (`sale_id`),
  CONSTRAINT `FK_pha_sale_return_patient` FOREIGN KEY (`patient_id`) REFERENCES `pat_patient` (`patient_id`) ON UPDATE CASCADE,
  CONSTRAINT `FK_pha_sale_return_sale_id` FOREIGN KEY (`sale_id`) REFERENCES `pha_sale` (`sale_id`) ON DELETE CASCADE ON UPDATE CASCADE,
  CONSTRAINT `FK_pha_sale_return_tenant` FOREIGN KEY (`tenant_id`) REFERENCES `co_tenant` (`tenant_id`) ON DELETE CASCADE ON UPDATE CASCADE
) ENGINE=InnoDB AUTO_INCREMENT=7 DEFAULT CHARSET=latin1;

/*Data for the table `pha_sale_return` */

insert  into `pha_sale_return`(`sale_ret_id`,`tenant_id`,`sale_id`,`bill_no`,`patient_id`,`mobile_no`,`sale_date`,`total_item_sale_amount`,`total_item_discount_percent`,`total_item_discount_amount`,`total_item_amount`,`roundoff_amount`,`bill_amount`,`status`,`patient_name`,`created_by`,`created_at`,`modified_by`,`modified_at`,`deleted_at`) values (5,1,3,'AH0000008',1,'-','2016-06-25','1350.00',NULL,'0.00','1350.00','0.00','1350.00','1',NULL,74,'2016-06-25 18:22:30',74,'2016-06-25 18:22:30','0000-00-00 00:00:00'),(6,1,4,'AH0000010',1,'-','2016-06-25','500.00',NULL,'0.00','500.00','0.00','500.00','1','Patient1',74,'2016-06-25 18:26:00',74,'2016-06-25 18:29:43','0000-00-00 00:00:00');

/*Table structure for table `pha_sale_return_item` */

DROP TABLE IF EXISTS `pha_sale_return_item`;

CREATE TABLE `pha_sale_return_item` (
  `sale_ret_item_id` int(11) NOT NULL AUTO_INCREMENT,
  `tenant_id` int(11) NOT NULL,
  `sale_ret_id` int(11) NOT NULL,
  `sale_item_id` int(11) NOT NULL,
  `product_id` int(11) NOT NULL,
  `batch_id` int(11) NOT NULL,
  `quantity` int(11) NOT NULL,
  `package_name` varchar(255) DEFAULT NULL,
  `mrp` decimal(10,2) NOT NULL,
  `item_amount` decimal(10,2) NOT NULL COMMENT 'qty * mrp',
  `status` enum('0','1') DEFAULT '1',
  `created_by` int(11) NOT NULL,
  `created_at` timestamp NOT NULL DEFAULT CURRENT_TIMESTAMP,
  `modified_by` int(11) DEFAULT NULL,
  `modified_at` timestamp NULL DEFAULT NULL,
  `deleted_at` timestamp NULL DEFAULT '0000-00-00 00:00:00',
  PRIMARY KEY (`sale_ret_item_id`),
  KEY `FK_pha_sale_ret_item_tenant` (`tenant_id`),
  KEY `FK_pha_sale_ret_item` (`sale_ret_id`),
  KEY `FK_pha_sale_ret_item_product` (`product_id`),
  KEY `FK_pha_sale_ret_item_batch` (`batch_id`),
  KEY `FK_pha_sale_return_item_sale_item` (`sale_item_id`),
  CONSTRAINT `FK_pha_sale_return_item_sale_item` FOREIGN KEY (`sale_item_id`) REFERENCES `pha_sale_item` (`sale_item_id`) ON DELETE CASCADE ON UPDATE CASCADE,
  CONSTRAINT `FK_pha_sale_ret_item` FOREIGN KEY (`sale_ret_id`) REFERENCES `pha_sale_return` (`sale_ret_id`) ON DELETE CASCADE ON UPDATE CASCADE,
  CONSTRAINT `FK_pha_sale_ret_item_batch` FOREIGN KEY (`batch_id`) REFERENCES `pha_product_batch` (`batch_id`) ON DELETE CASCADE ON UPDATE CASCADE,
  CONSTRAINT `FK_pha_sale_ret_item_product` FOREIGN KEY (`product_id`) REFERENCES `pha_product` (`product_id`) ON DELETE CASCADE ON UPDATE CASCADE,
  CONSTRAINT `FK_pha_sale_ret_item_tenant` FOREIGN KEY (`tenant_id`) REFERENCES `co_tenant` (`tenant_id`) ON DELETE CASCADE ON UPDATE CASCADE
) ENGINE=InnoDB AUTO_INCREMENT=6 DEFAULT CHARSET=latin1;

/*Data for the table `pha_sale_return_item` */

insert  into `pha_sale_return_item`(`sale_ret_item_id`,`tenant_id`,`sale_ret_id`,`sale_item_id`,`product_id`,`batch_id`,`quantity`,`package_name`,`mrp`,`item_amount`,`status`,`created_by`,`created_at`,`modified_by`,`modified_at`,`deleted_at`) values (4,1,5,3,2,3,9,'PC Name','150.00','1350.00','1',74,'2016-06-25 18:22:30',74,'2016-06-25 18:22:30','0000-00-00 00:00:00'),(5,1,6,4,1,2,5,'PC Name','100.00','500.00','1',74,'2016-06-25 18:26:00',74,'2016-06-25 18:29:43','0000-00-00 00:00:00');

/*Table structure for table `pha_supplier` */

DROP TABLE IF EXISTS `pha_supplier`;

CREATE TABLE `pha_supplier` (
  `supplier_id` int(11) NOT NULL AUTO_INCREMENT,
  `tenant_id` int(11) NOT NULL,
  `supplier_name` varchar(100) NOT NULL,
  `supplier_code` varchar(50) DEFAULT NULL,
  `supplier_address` text NOT NULL,
  `city_id` int(11) DEFAULT NULL,
  `state_id` int(11) DEFAULT NULL,
  `country_id` int(11) DEFAULT NULL,
  `zip` varchar(30) DEFAULT NULL,
  `supplier_mobile` varchar(50) NOT NULL,
  `supplier_phone` varchar(50) DEFAULT NULL,
  `cst_no` varchar(100) NOT NULL,
  `tin_no` varchar(100) NOT NULL,
  `drug_license` varchar(100) DEFAULT NULL,
  `status` enum('0','1') DEFAULT '1',
  `created_by` int(11) NOT NULL,
  `created_at` timestamp NOT NULL DEFAULT CURRENT_TIMESTAMP,
  `modified_by` int(11) DEFAULT NULL,
  `modified_at` timestamp NULL DEFAULT NULL,
  `deleted_at` timestamp NULL DEFAULT '0000-00-00 00:00:00',
  PRIMARY KEY (`supplier_id`),
  UNIQUE KEY `PhasupplierUnique` (`tenant_id`,`supplier_name`,`deleted_at`),
  KEY `FK_pha_supplier_city` (`city_id`),
  KEY `FK_pha_supplier_state` (`state_id`),
  KEY `FK_pha_supplier_country` (`country_id`),
  CONSTRAINT `FK_pha_supplier_city` FOREIGN KEY (`city_id`) REFERENCES `co_master_city` (`city_id`) ON UPDATE CASCADE,
  CONSTRAINT `FK_pha_supplier_country` FOREIGN KEY (`country_id`) REFERENCES `co_master_country` (`country_id`) ON UPDATE CASCADE,
  CONSTRAINT `FK_pha_supplier_state` FOREIGN KEY (`state_id`) REFERENCES `co_master_state` (`state_id`) ON UPDATE CASCADE,
  CONSTRAINT `FK_pha_supplier_tenant` FOREIGN KEY (`tenant_id`) REFERENCES `co_tenant` (`tenant_id`) ON DELETE CASCADE ON UPDATE CASCADE
) ENGINE=InnoDB AUTO_INCREMENT=2 DEFAULT CHARSET=latin1;

/*Data for the table `pha_supplier` */

insert  into `pha_supplier`(`supplier_id`,`tenant_id`,`supplier_name`,`supplier_code`,`supplier_address`,`city_id`,`state_id`,`country_id`,`zip`,`supplier_mobile`,`supplier_phone`,`cst_no`,`tin_no`,`drug_license`,`status`,`created_by`,`created_at`,`modified_by`,`modified_at`,`deleted_at`) values (1,1,'Suppier 1',NULL,'100',NULL,NULL,NULL,NULL,'9584515415',NULL,'155151','100',NULL,'1',74,'2016-06-25 12:48:52',74,'2016-06-25 12:48:52','0000-00-00 00:00:00');

/*Table structure for table `pha_vat` */

DROP TABLE IF EXISTS `pha_vat`;

CREATE TABLE `pha_vat` (
  `vat_id` int(11) NOT NULL AUTO_INCREMENT,
  `tenant_id` int(11) NOT NULL,
  `vat` decimal(10,2) NOT NULL,
  `status` enum('0','1') DEFAULT '1',
  `created_by` int(11) NOT NULL,
  `created_at` timestamp NOT NULL DEFAULT CURRENT_TIMESTAMP,
  `modified_by` int(11) DEFAULT NULL,
  `modified_at` timestamp NULL DEFAULT NULL,
  `deleted_at` timestamp NULL DEFAULT '0000-00-00 00:00:00',
  PRIMARY KEY (`vat_id`),
  UNIQUE KEY `PhavatUnique` (`tenant_id`,`vat`,`deleted_at`),
  CONSTRAINT `FK_pha_vat_tenant` FOREIGN KEY (`tenant_id`) REFERENCES `co_tenant` (`tenant_id`) ON DELETE CASCADE ON UPDATE CASCADE
) ENGINE=InnoDB AUTO_INCREMENT=8 DEFAULT CHARSET=latin1;

/*Data for the table `pha_vat` */

insert  into `pha_vat`(`vat_id`,`tenant_id`,`vat`,`status`,`created_by`,`created_at`,`modified_by`,`modified_at`,`deleted_at`) values (1,1,'10.00','1',74,'2016-06-24 19:00:09',74,'2016-06-24 19:00:09','0000-00-00 00:00:00'),(2,1,'11.00','1',74,'2016-06-24 19:00:21',74,'2016-06-24 19:00:21','0000-00-00 00:00:00'),(3,1,'14.50','1',74,'2016-07-13 12:48:10',74,'2016-07-13 12:48:10','0000-00-00 00:00:00'),(4,1,'5.00','1',74,'2016-07-13 12:49:40',74,'2016-07-13 12:49:40','0000-00-00 00:00:00'),(5,1,'12.00','1',74,'2016-07-13 12:51:03',74,'2016-07-13 12:51:03','0000-00-00 00:00:00'),(6,1,'13.00','1',74,'2016-07-13 12:53:21',74,'2016-07-13 12:53:21','0000-00-00 00:00:00'),(7,1,'14.00','1',74,'2016-07-13 12:58:05',74,'2016-07-13 12:58:05','0000-00-00 00:00:00');

/*Table structure for table `v_billing_advance_charges` */

DROP TABLE IF EXISTS `v_billing_advance_charges`;

/*!50001 DROP VIEW IF EXISTS `v_billing_advance_charges` */;
/*!50001 DROP TABLE IF EXISTS `v_billing_advance_charges` */;

/*!50001 CREATE TABLE  `v_billing_advance_charges`(
 `tenant_id` int(11) ,
 `encounter_id` int(11) ,
 `patient_id` int(11) ,
 `payment_id` int(11) ,
 `payment_date` datetime ,
 `card_type` varchar(50) ,
 `card_number` int(11) ,
 `bank_name` varchar(100) ,
 `bank_number` varchar(100) ,
 `bank_date` datetime ,
 `category` varchar(14) ,
 `headers` varchar(21) ,
 `charge` int(1) ,
 `visit_count` int(1) ,
 `trans_mode` varchar(6) ,
 `total_charge` decimal(10,2) ,
 `extra_amount` int(1) ,
 `concession_amount` int(1) 
)*/;

/*Table structure for table `v_billing_other_charges` */

DROP TABLE IF EXISTS `v_billing_other_charges`;

/*!50001 DROP VIEW IF EXISTS `v_billing_other_charges` */;
/*!50001 DROP TABLE IF EXISTS `v_billing_other_charges` */;

/*!50001 CREATE TABLE  `v_billing_other_charges`(
 `tenant_id` int(11) ,
 `encounter_id` int(11) ,
 `patient_id` int(11) ,
 `category_id` int(11) ,
 `category` varchar(50) ,
 `headers` varchar(50) ,
 `charge` decimal(10,2) ,
 `visit_count` int(1) ,
 `trans_mode` varchar(1) ,
 `total_charge` decimal(10,2) ,
 `extra_amount` int(1) ,
 `concession_amount` int(1) ,
 `other_charge_id` int(11) 
)*/;

/*Table structure for table `v_billing_procedures` */

DROP TABLE IF EXISTS `v_billing_procedures`;

/*!50001 DROP VIEW IF EXISTS `v_billing_procedures` */;
/*!50001 DROP TABLE IF EXISTS `v_billing_procedures` */;

/*!50001 CREATE TABLE  `v_billing_procedures`(
 `tenant_id` int(11) ,
 `encounter_id` int(11) ,
 `patient_id` int(11) ,
 `category_id` int(11) ,
 `category` varchar(17) ,
 `headers` varchar(50) ,
 `charge` decimal(10,2) ,
 `visit_count` bigint(21) ,
 `trans_mode` varchar(1) ,
 `total_charge` decimal(32,2) ,
 `extra_amount` decimal(10,2) ,
 `concession_amount` decimal(10,2) ,
 `ec_id` bigint(11) ,
 `ec_type` varchar(1) 
)*/;

/*Table structure for table `v_billing_professionals` */

DROP TABLE IF EXISTS `v_billing_professionals`;

/*!50001 DROP VIEW IF EXISTS `v_billing_professionals` */;
/*!50001 DROP TABLE IF EXISTS `v_billing_professionals` */;

/*!50001 CREATE TABLE  `v_billing_professionals`(
 `tenant_id` int(11) ,
 `encounter_id` int(11) ,
 `patient_id` int(11) ,
 `category_id` int(11) ,
 `category` varchar(20) ,
 `headers` varchar(61) ,
 `charge` decimal(10,2) ,
 `visit_count` bigint(21) ,
 `trans_mode` varchar(1) ,
 `total_charge` decimal(32,2) ,
 `extra_amount` decimal(10,2) ,
 `concession_amount` decimal(10,2) ,
 `ec_id` bigint(11) ,
 `ec_type` varchar(1) 
)*/;

/*Table structure for table `v_billing_recurring` */

DROP TABLE IF EXISTS `v_billing_recurring`;

/*!50001 DROP VIEW IF EXISTS `v_billing_recurring` */;
/*!50001 DROP TABLE IF EXISTS `v_billing_recurring` */;

/*!50001 CREATE TABLE  `v_billing_recurring`(
 `tenant_id` int(11) ,
 `encounter_id` int(11) ,
 `room_type_id` int(11) ,
 `room_type` varchar(255) ,
 `charge_item_id` int(11) ,
 `charge_item` varchar(255) ,
 `from_date` date ,
 `to_date` date ,
 `duration` int(8) ,
 `charge_amount` decimal(32,2) ,
 `total_charge` decimal(32,2) 
)*/;

/*Table structure for table `v_encounter` */

DROP TABLE IF EXISTS `v_encounter`;

/*!50001 DROP VIEW IF EXISTS `v_encounter` */;
/*!50001 DROP TABLE IF EXISTS `v_encounter` */;

/*!50001 CREATE TABLE  `v_encounter`(
 `id` int(11) ,
 `encounter_id` int(11) ,
 `date` varchar(21) ,
 `type` varchar(24) ,
 `details` varchar(214) ,
 `doctor` varchar(60) ,
 `patient_id` int(11) ,
 `patient_guid` varchar(50) ,
 `encounter_type` varchar(5) ,
 `status` varchar(1) ,
 `date_time` datetime ,
 `row_sts` varchar(2) ,
 `is_swap` bigint(6) ,
 `consultant_id` int(11) 
)*/;

/*View structure for view v_billing_advance_charges */

/*!50001 DROP TABLE IF EXISTS `v_billing_advance_charges` */;
/*!50001 DROP VIEW IF EXISTS `v_billing_advance_charges` */;

/*!50001 CREATE ALGORITHM=UNDEFINED DEFINER=`root`@`localhost` SQL SECURITY DEFINER VIEW `v_billing_advance_charges` AS (select `a`.`tenant_id` AS `tenant_id`,`a`.`encounter_id` AS `encounter_id`,`a`.`patient_id` AS `patient_id`,`a`.`payment_id` AS `payment_id`,`a`.`payment_date` AS `payment_date`,`a`.`card_type` AS `card_type`,`a`.`card_number` AS `card_number`,`a`.`bank_name` AS `bank_name`,`a`.`bank_number` AS `bank_number`,`a`.`bank_date` AS `bank_date`,'Advance Charge' AS `category`,concat('Voucher (',`a`.`payment_id`,')') AS `headers`,0 AS `charge`,0 AS `visit_count`,(case `a`.`payment_mode` when 'CA' then 'Cash' when 'CD' then 'Card' when 'ON' then 'Online' when 'CH' then 'Cheque' else NULL end) AS `trans_mode`,`a`.`payment_amount` AS `total_charge`,0 AS `extra_amount`,0 AS `concession_amount` from `pat_billing_payment` `a` where ((`a`.`status` = '1') and (`a`.`deleted_at` = '0000-00-00 00:00:00'))) */;

/*View structure for view v_billing_other_charges */

/*!50001 DROP TABLE IF EXISTS `v_billing_other_charges` */;
/*!50001 DROP VIEW IF EXISTS `v_billing_other_charges` */;

/*!50001 CREATE ALGORITHM=UNDEFINED DEFINER=`root`@`localhost` SQL SECURITY DEFINER VIEW `v_billing_other_charges` AS (select `a`.`tenant_id` AS `tenant_id`,`a`.`encounter_id` AS `encounter_id`,`a`.`patient_id` AS `patient_id`,`a`.`charge_subcat_id` AS `category_id`,`b`.`charge_cat_name` AS `category`,`c`.`charge_subcat_name` AS `headers`,`a`.`charge_amount` AS `charge`,0 AS `visit_count`,'D' AS `trans_mode`,`a`.`charge_amount` AS `total_charge`,0 AS `extra_amount`,0 AS `concession_amount`,`a`.`other_charge_id` AS `other_charge_id` from ((`pat_billing_other_charges` `a` join `co_room_charge_category` `b` on((`b`.`charge_cat_id` = `a`.`charge_cat_id`))) join `co_room_charge_subcategory` `c` on((`c`.`charge_subcat_id` = `a`.`charge_subcat_id`))) where ((`a`.`status` = '1') and (`a`.`deleted_at` = '0000-00-00 00:00:00'))) */;

/*View structure for view v_billing_procedures */

/*!50001 DROP TABLE IF EXISTS `v_billing_procedures` */;
/*!50001 DROP VIEW IF EXISTS `v_billing_procedures` */;

/*!50001 CREATE ALGORITHM=UNDEFINED DEFINER=`root`@`localhost` SQL SECURITY DEFINER VIEW `v_billing_procedures` AS (select `a`.`tenant_id` AS `tenant_id`,`a`.`encounter_id` AS `encounter_id`,`a`.`patient_id` AS `patient_id`,`a`.`charge_subcat_id` AS `category_id`,'Procedure Charges' AS `category`,`b`.`charge_subcat_name` AS `headers`,truncate(avg(`a`.`charge_amount`),2) AS `charge`,count(`a`.`proc_id`) AS `visit_count`,'D' AS `trans_mode`,sum(`a`.`charge_amount`) AS `total_charge`,ifnull((select `c`.`extra_amount` from `pat_billing_extra_concession` `c` where ((`c`.`encounter_id` = `a`.`encounter_id`) and (`c`.`patient_id` = `a`.`patient_id`) and (`c`.`link_id` = `a`.`charge_subcat_id`) and (`c`.`ec_type` = 'P'))),0) AS `extra_amount`,ifnull((select `c`.`concession_amount` from `pat_billing_extra_concession` `c` where ((`c`.`encounter_id` = `a`.`encounter_id`) and (`c`.`patient_id` = `a`.`patient_id`) and (`c`.`link_id` = `a`.`charge_subcat_id`) and (`c`.`ec_type` = 'P'))),0) AS `concession_amount`,ifnull((select `c`.`ec_id` from `pat_billing_extra_concession` `c` where ((`c`.`encounter_id` = `a`.`encounter_id`) and (`c`.`patient_id` = `a`.`patient_id`) and (`c`.`link_id` = `a`.`charge_subcat_id`) and (`c`.`ec_type` = 'P')) limit 1),0) AS `ec_id`,ifnull((select `c`.`ec_type` from `pat_billing_extra_concession` `c` where ((`c`.`encounter_id` = `a`.`encounter_id`) and (`c`.`patient_id` = `a`.`patient_id`) and (`c`.`link_id` = `a`.`charge_subcat_id`) and (`c`.`ec_type` = 'P')) limit 1),0) AS `ec_type` from (`pat_procedure` `a` join `co_room_charge_subcategory` `b` on((`b`.`charge_subcat_id` = `a`.`charge_subcat_id`))) where ((`a`.`status` = '1') and (`a`.`deleted_at` = '0000-00-00 00:00:00')) group by `a`.`encounter_id`,`a`.`charge_subcat_id`) */;

/*View structure for view v_billing_professionals */

/*!50001 DROP TABLE IF EXISTS `v_billing_professionals` */;
/*!50001 DROP VIEW IF EXISTS `v_billing_professionals` */;

/*!50001 CREATE ALGORITHM=UNDEFINED DEFINER=`root`@`localhost` SQL SECURITY DEFINER VIEW `v_billing_professionals` AS (select `a`.`tenant_id` AS `tenant_id`,`a`.`encounter_id` AS `encounter_id`,`a`.`patient_id` AS `patient_id`,`a`.`consultant_id` AS `category_id`,'Professional Charges' AS `category`,concat(`b`.`title_code`,' ',`b`.`name`) AS `headers`,truncate(avg(`a`.`charge_amount`),2) AS `charge`,count(`a`.`pat_consult_id`) AS `visit_count`,'D' AS `trans_mode`,sum(`a`.`charge_amount`) AS `total_charge`,ifnull((select `c`.`extra_amount` from `pat_billing_extra_concession` `c` where ((`c`.`encounter_id` = `a`.`encounter_id`) and (`c`.`patient_id` = `a`.`patient_id`) and (`c`.`link_id` = `a`.`consultant_id`) and (`c`.`ec_type` = 'C'))),0) AS `extra_amount`,ifnull((select `c`.`concession_amount` from `pat_billing_extra_concession` `c` where ((`c`.`encounter_id` = `a`.`encounter_id`) and (`c`.`patient_id` = `a`.`patient_id`) and (`c`.`link_id` = `a`.`consultant_id`) and (`c`.`ec_type` = 'C'))),0) AS `concession_amount`,ifnull((select `c`.`ec_id` from `pat_billing_extra_concession` `c` where ((`c`.`encounter_id` = `a`.`encounter_id`) and (`c`.`patient_id` = `a`.`patient_id`) and (`c`.`link_id` = `a`.`consultant_id`) and (`c`.`ec_type` = 'C')) limit 1),0) AS `ec_id`,ifnull((select `c`.`ec_type` from `pat_billing_extra_concession` `c` where ((`c`.`encounter_id` = `a`.`encounter_id`) and (`c`.`patient_id` = `a`.`patient_id`) and (`c`.`link_id` = `a`.`consultant_id`) and (`c`.`ec_type` = 'C')) limit 1),0) AS `ec_type` from (`pat_consultant` `a` join `co_user` `b` on((`b`.`user_id` = `a`.`consultant_id`))) where ((`a`.`status` = '1') and (`a`.`deleted_at` = '0000-00-00 00:00:00')) group by `a`.`encounter_id`,`a`.`consultant_id`) */;

/*View structure for view v_billing_recurring */

/*!50001 DROP TABLE IF EXISTS `v_billing_recurring` */;
/*!50001 DROP VIEW IF EXISTS `v_billing_recurring` */;

/*!50001 CREATE ALGORITHM=UNDEFINED DEFINER=`root`@`localhost` SQL SECURITY DEFINER VIEW `v_billing_recurring` AS (select `pat_billing_recurring`.`tenant_id` AS `tenant_id`,`pat_billing_recurring`.`encounter_id` AS `encounter_id`,`pat_billing_recurring`.`room_type_id` AS `room_type_id`,`pat_billing_recurring`.`room_type` AS `room_type`,`pat_billing_recurring`.`charge_item_id` AS `charge_item_id`,`pat_billing_recurring`.`charge_item` AS `charge_item`,min(`pat_billing_recurring`.`recurr_date`) AS `from_date`,max(`pat_billing_recurring`.`recurr_date`) AS `to_date`,((to_days(max(`pat_billing_recurring`.`recurr_date`)) - to_days(min(`pat_billing_recurring`.`recurr_date`))) + 1) AS `duration`,truncate((sum(`pat_billing_recurring`.`charge_amount`) / ((to_days(max(`pat_billing_recurring`.`recurr_date`)) - to_days(min(`pat_billing_recurring`.`recurr_date`))) + 1)),2) AS `charge_amount`,sum(`pat_billing_recurring`.`charge_amount`) AS `total_charge` from `pat_billing_recurring` group by `pat_billing_recurring`.`encounter_id`,`pat_billing_recurring`.`room_type_id`,`pat_billing_recurring`.`recurr_group`,`pat_billing_recurring`.`charge_item_id`,`pat_billing_recurring`.`charge_amount`) */;

/*View structure for view v_encounter */

/*!50001 DROP TABLE IF EXISTS `v_encounter` */;
/*!50001 DROP VIEW IF EXISTS `v_encounter` */;

/*!50001 CREATE ALGORITHM=UNDEFINED DEFINER=`root`@`localhost` SQL SECURITY DEFINER VIEW `v_encounter` AS select `a`.`appt_id` AS `id`,`c`.`encounter_id` AS `encounter_id`,concat(`a`.`status_date`,' ',`a`.`status_time`) AS `date`,(case `a`.`appt_status` when 'B' then 'Booked' when 'A' then 'Arrived' when 'S' then 'Seen' when 'C' then 'Cancelled' else NULL end) AS `type`,'\nOP' AS `details`,concat(`b`.`title_code`,`b`.`name`) AS `doctor`,`c`.`patient_id` AS `patient_id`,`d`.`patient_guid` AS `patient_guid`,`c`.`encounter_type` AS `encounter_type`,`c`.`status` AS `status`,`a`.`status_date` AS `date_time`,`a`.`appt_status` AS `row_sts`,0 AS `is_swap`,`a`.`consultant_id` AS `consultant_id` from (((`pat_appointment` `a` join `co_user` `b` on((`b`.`user_id` = `a`.`consultant_id`))) join `pat_encounter` `c` on((`c`.`encounter_id` = `a`.`encounter_id`))) join `pat_patient` `d` on((`d`.`patient_id` = `c`.`patient_id`))) union all select `a`.`admn_id` AS `id`,`c`.`encounter_id` AS `encounter_id`,`a`.`status_date` AS `date`,(case `a`.`admission_status` when 'A' then 'Admission' when 'D' then 'Administrative Discharge' when 'CD' then 'Clinical Discharge' when 'TR' then 'Transfer (Room)' when 'TD' then 'Transfer (Doctor)' when 'C' then 'Cancelled' else NULL end) AS `type`,concat('IP: ',`d`.`floor_name`,' > ',`e`.`ward_name`,' > ',`f`.`bed_name`,'  (',`g`.`room_type_name`,')') AS `details`,concat(`b`.`title_code`,`b`.`name`) AS `doctor`,`c`.`patient_id` AS `patient_id`,`h`.`patient_guid` AS `patient_guid`,`c`.`encounter_type` AS `encounter_type`,`c`.`status` AS `status`,`a`.`status_date` AS `date_time`,`a`.`admission_status` AS `row_sts`,`a`.`is_swap` AS `is_swap`,`a`.`consultant_id` AS `consultant_id` from (((((((`pat_admission` `a` join `co_user` `b` on((`b`.`user_id` = `a`.`consultant_id`))) join `pat_encounter` `c` on((`c`.`encounter_id` = `a`.`encounter_id`))) left join `co_floor` `d` on((`d`.`floor_id` = `a`.`floor_id`))) left join `co_ward` `e` on((`e`.`ward_id` = `a`.`ward_id`))) left join `co_room` `f` on((`f`.`room_id` = `a`.`room_id`))) left join `co_room_type` `g` on((`g`.`room_type_id` = `a`.`room_type_id`))) join `pat_patient` `h` on((`h`.`patient_id` = `c`.`patient_id`))) where (`a`.`status` = '1') order by `encounter_id` desc,`date_time` */;

/*!40101 SET SQL_MODE=@OLD_SQL_MODE */;
/*!40014 SET FOREIGN_KEY_CHECKS=@OLD_FOREIGN_KEY_CHECKS */;
/*!40014 SET UNIQUE_CHECKS=@OLD_UNIQUE_CHECKS */;
/*!40111 SET SQL_NOTES=@OLD_SQL_NOTES */;
