/*
SQLyog Ultimate v8.55 
MySQL - 5.6.14 : Database - ahana
*********************************************************************
*/

/*!40101 SET NAMES utf8 */;

/*!40101 SET SQL_MODE=''*/;

/*!40014 SET @OLD_UNIQUE_CHECKS=@@UNIQUE_CHECKS, UNIQUE_CHECKS=0 */;
/*!40014 SET @OLD_FOREIGN_KEY_CHECKS=@@FOREIGN_KEY_CHECKS, FOREIGN_KEY_CHECKS=0 */;
/*!40101 SET @OLD_SQL_MODE=@@SQL_MODE, SQL_MODE='NO_AUTO_VALUE_ON_ZERO' */;
/*!40111 SET @OLD_SQL_NOTES=@@SQL_NOTES, SQL_NOTES=0 */;
/*Table structure for table `co_alert` */

DROP TABLE IF EXISTS `co_alert`;

CREATE TABLE `co_alert` (
  `alert_id` int(11) NOT NULL AUTO_INCREMENT,
  `alert_name` varchar(50) NOT NULL,
  `status` enum('0','1') DEFAULT '1',
  `created_by` int(11) NOT NULL,
  `created_at` timestamp NOT NULL DEFAULT CURRENT_TIMESTAMP,
  `modified_by` int(11) DEFAULT NULL,
  `modified_at` timestamp NULL DEFAULT NULL,
  PRIMARY KEY (`alert_id`)
) ENGINE=InnoDB DEFAULT CHARSET=latin1;

/*Data for the table `co_alert` */

/*Table structure for table `co_allied_charge` */

DROP TABLE IF EXISTS `co_allied_charge`;

CREATE TABLE `co_allied_charge` (
  `allied_charge_id` int(11) NOT NULL AUTO_INCREMENT,
  `tenant_id` int(11) NOT NULL,
  `allied_charge_name` varchar(50) NOT NULL,
  `status` enum('0','1') DEFAULT '1',
  `created_by` int(11) NOT NULL,
  `created_at` timestamp NOT NULL DEFAULT CURRENT_TIMESTAMP,
  `modified_by` int(11) DEFAULT NULL,
  `modified_at` timestamp NULL DEFAULT NULL,
  PRIMARY KEY (`allied_charge_id`),
  KEY `co_allied_charge_tenant` (`tenant_id`),
  CONSTRAINT `FK_co_allied_charge_tenant` FOREIGN KEY (`tenant_id`) REFERENCES `co_tenant` (`tenant_id`) ON DELETE CASCADE ON UPDATE CASCADE
) ENGINE=InnoDB DEFAULT CHARSET=latin1;

/*Data for the table `co_allied_charge` */

/*Table structure for table `co_floor` */

DROP TABLE IF EXISTS `co_floor`;

CREATE TABLE `co_floor` (
  `floor_id` int(11) NOT NULL AUTO_INCREMENT,
  `tenant_id` int(11) NOT NULL,
  `floor_name` varchar(50) NOT NULL,
  `floor_code` char(2) DEFAULT NULL,
  `status` enum('0','1') DEFAULT '1',
  `created_by` int(11) NOT NULL,
  `created_at` timestamp NOT NULL DEFAULT CURRENT_TIMESTAMP,
  `modified_by` int(11) DEFAULT NULL,
  `modified_at` timestamp NULL DEFAULT NULL,
  PRIMARY KEY (`floor_id`),
  UNIQUE KEY `FloorNameUnique` (`floor_name`,`tenant_id`),
  KEY `FK_co_floor_tenant` (`tenant_id`),
  CONSTRAINT `FK_co_floor_tenant` FOREIGN KEY (`tenant_id`) REFERENCES `co_tenant` (`tenant_id`) ON DELETE CASCADE ON UPDATE CASCADE
) ENGINE=InnoDB DEFAULT CHARSET=latin1;

/*Data for the table `co_floor` */

/*Table structure for table `co_login` */

DROP TABLE IF EXISTS `co_login`;

CREATE TABLE `co_login` (
  `login_id` int(11) NOT NULL AUTO_INCREMENT,
  `user_id` int(11) NOT NULL,
  `username` varchar(255) NOT NULL,
  `password` varchar(255) NOT NULL,
  `password_reset_token` varchar(255) DEFAULT NULL,
  `auth_token` varchar(255) DEFAULT NULL,
  `created_by` int(11) NOT NULL,
  `created_at` timestamp NOT NULL DEFAULT CURRENT_TIMESTAMP,
  `modified_by` int(11) DEFAULT NULL,
  `modified_at` timestamp NULL DEFAULT NULL,
  `activation_date` datetime DEFAULT NULL,
  `Inactivation_date` datetime DEFAULT NULL,
  PRIMARY KEY (`login_id`),
  KEY `FK_co_login_user` (`user_id`),
  CONSTRAINT `FK_co_login_user` FOREIGN KEY (`user_id`) REFERENCES `co_user` (`user_id`) ON DELETE CASCADE ON UPDATE CASCADE
) ENGINE=InnoDB AUTO_INCREMENT=5 DEFAULT CHARSET=latin1;

/*Data for the table `co_login` */

insert  into `co_login`(`login_id`,`user_id`,`username`,`password`,`password_reset_token`,`auth_token`,`created_by`,`created_at`,`modified_by`,`modified_at`,`activation_date`,`Inactivation_date`) values (1,1,'123123','$2y$13$O53PsmxlfjDzgwGalullfukKH7LMmp4iJhmMlcDBOJnoQonhiowdC',NULL,NULL,0,'2015-12-29 12:40:15',NULL,NULL,NULL,NULL),(2,2,'test','$2y$13$z5IIhq7WgWa.mttlXvPfU.rj7ECjwe0XO0qYotm/KGYGVLofIGW7q',NULL,NULL,-1,'2015-12-29 13:27:23',NULL,NULL,NULL,NULL);

/*Table structure for table `co_master_city` */

DROP TABLE IF EXISTS `co_master_city`;

CREATE TABLE `co_master_city` (
  `city_id` int(11) NOT NULL AUTO_INCREMENT,
  `state_id` int(11) NOT NULL,
  `city_name` varchar(50) NOT NULL,
  `status` enum('0','1') DEFAULT '1',
  `created_by` int(11) NOT NULL,
  `created_at` timestamp NOT NULL DEFAULT CURRENT_TIMESTAMP,
  `modified_by` int(11) DEFAULT NULL,
  `modified_at` timestamp NULL DEFAULT NULL,
  PRIMARY KEY (`city_id`),
  KEY `FK_co_master_city_state` (`state_id`),
  CONSTRAINT `FK_co_master_city_state` FOREIGN KEY (`state_id`) REFERENCES `co_master_state` (`state_id`) ON DELETE CASCADE ON UPDATE CASCADE
) ENGINE=InnoDB AUTO_INCREMENT=4 DEFAULT CHARSET=latin1;

/*Data for the table `co_master_city` */

insert  into `co_master_city`(`city_id`,`state_id`,`city_name`,`status`,`created_by`,`created_at`,`modified_by`,`modified_at`) values (1,1,'Madurai','1',1,'2015-12-28 15:07:51',NULL,NULL),(2,1,'Chennai','1',1,'2015-12-28 16:21:17',NULL,NULL),(3,2,'Cochin','1',1,'2015-12-28 17:31:33',NULL,NULL);

/*Table structure for table `co_master_country` */

DROP TABLE IF EXISTS `co_master_country`;

CREATE TABLE `co_master_country` (
  `country_id` int(10) NOT NULL AUTO_INCREMENT,
  `country_name` varchar(50) NOT NULL,
  `status` enum('0','1') DEFAULT '1',
  `created_by` int(11) NOT NULL,
  `created_at` timestamp NOT NULL DEFAULT CURRENT_TIMESTAMP,
  `modified_by` int(11) DEFAULT NULL,
  `modified_at` timestamp NULL DEFAULT NULL,
  PRIMARY KEY (`country_id`),
  UNIQUE KEY `CountryNameUnique` (`country_name`)
) ENGINE=InnoDB AUTO_INCREMENT=3 DEFAULT CHARSET=latin1;

/*Data for the table `co_master_country` */

insert  into `co_master_country`(`country_id`,`country_name`,`status`,`created_by`,`created_at`,`modified_by`,`modified_at`) values (1,'India','1',1,'2015-12-28 15:07:32',NULL,NULL),(2,'Pakistan','1',1,'2015-12-28 17:30:39',NULL,NULL);

/*Table structure for table `co_master_state` */

DROP TABLE IF EXISTS `co_master_state`;

CREATE TABLE `co_master_state` (
  `state_id` int(11) NOT NULL AUTO_INCREMENT,
  `country_id` int(11) NOT NULL,
  `state_name` varchar(50) NOT NULL,
  `status` enum('0','1') DEFAULT '1',
  `created_by` int(11) NOT NULL,
  `created_at` timestamp NOT NULL DEFAULT CURRENT_TIMESTAMP,
  `modified_by` int(11) DEFAULT NULL,
  `modified_at` timestamp NULL DEFAULT NULL,
  PRIMARY KEY (`state_id`),
  KEY `FK_co_master_state_country` (`country_id`),
  CONSTRAINT `FK_co_master_state_country` FOREIGN KEY (`country_id`) REFERENCES `co_master_country` (`country_id`) ON DELETE CASCADE ON UPDATE CASCADE
) ENGINE=InnoDB AUTO_INCREMENT=4 DEFAULT CHARSET=latin1;

/*Data for the table `co_master_state` */

insert  into `co_master_state`(`state_id`,`country_id`,`state_name`,`status`,`created_by`,`created_at`,`modified_by`,`modified_at`) values (1,1,'Tamil Nadu','1',1,'2015-12-28 15:07:43',NULL,NULL),(2,1,'Kerala','1',1,'2015-12-28 17:30:49',NULL,NULL),(3,2,'Islamabad','1',1,'2015-12-28 17:31:13',NULL,NULL);

/*Table structure for table `co_patient_category` */

DROP TABLE IF EXISTS `co_patient_category`;

CREATE TABLE `co_patient_category` (
  `patient_cat_id` int(11) NOT NULL AUTO_INCREMENT,
  `tenant_id` int(11) NOT NULL,
  `patient_cat_name` varchar(50) NOT NULL,
  `patient_cat_label` varchar(10) DEFAULT NULL,
  `patient_cat_color` varchar(10) NOT NULL,
  `patient_cat_activate_time` time DEFAULT NULL,
  `status` enum('0','1') DEFAULT '1',
  `created_by` int(11) NOT NULL,
  `created_at` timestamp NOT NULL DEFAULT CURRENT_TIMESTAMP,
  `modified_by` int(11) DEFAULT NULL,
  `modified_at` timestamp NULL DEFAULT NULL,
  PRIMARY KEY (`patient_cat_id`),
  KEY `FK_co_patient_category_tenant` (`tenant_id`),
  CONSTRAINT `FK_co_patient_category_tenant` FOREIGN KEY (`tenant_id`) REFERENCES `co_tenant` (`tenant_id`) ON DELETE CASCADE ON UPDATE CASCADE
) ENGINE=InnoDB DEFAULT CHARSET=latin1;

/*Data for the table `co_patient_category` */

/*Table structure for table `co_procedure` */

DROP TABLE IF EXISTS `co_procedure`;

CREATE TABLE `co_procedure` (
  `procedure_id` int(11) NOT NULL AUTO_INCREMENT,
  `tenant_id` int(11) NOT NULL,
  `procedure_name` varchar(50) NOT NULL,
  `status` enum('0','1') DEFAULT '1',
  `created_by` int(11) NOT NULL,
  `created_at` timestamp NOT NULL DEFAULT CURRENT_TIMESTAMP,
  `modified_by` int(11) DEFAULT NULL,
  `modified_at` timestamp NULL DEFAULT NULL,
  PRIMARY KEY (`procedure_id`),
  KEY `co_procedure_tenant` (`tenant_id`),
  CONSTRAINT `FK_co_procedure_tenant` FOREIGN KEY (`tenant_id`) REFERENCES `co_tenant` (`tenant_id`) ON DELETE CASCADE ON UPDATE CASCADE
) ENGINE=InnoDB DEFAULT CHARSET=latin1;

/*Data for the table `co_procedure` */

/*Table structure for table `co_resources` */

DROP TABLE IF EXISTS `co_resources`;

CREATE TABLE `co_resources` (
  `resource_id` int(11) NOT NULL AUTO_INCREMENT,
  `parent_id` int(11) DEFAULT NULL,
  `resource_name` varchar(50) NOT NULL,
  `created_by` int(11) NOT NULL,
  `created_at` timestamp NOT NULL DEFAULT CURRENT_TIMESTAMP,
  `modified_by` int(11) DEFAULT NULL,
  `modified_at` timestamp NULL DEFAULT NULL,
  PRIMARY KEY (`resource_id`)
) ENGINE=InnoDB AUTO_INCREMENT=9 DEFAULT CHARSET=latin1;

/*Data for the table `co_resources` */

insert  into `co_resources`(`resource_id`,`parent_id`,`resource_name`,`created_by`,`created_at`,`modified_by`,`modified_at`) values (1,NULL,'Module 1',-1,'2015-12-29 15:11:20',NULL,NULL),(2,1,'Module 1- Sub 1',-1,'2015-12-29 15:11:42',NULL,NULL),(3,NULL,'Modue 2',-1,'2015-12-30 11:48:25',NULL,NULL),(4,3,'Module 2- Sub 1',-1,'2015-12-30 11:48:42',NULL,NULL);

/*Table structure for table `co_role` */

DROP TABLE IF EXISTS `co_role`;

CREATE TABLE `co_role` (
  `role_id` int(11) NOT NULL AUTO_INCREMENT,
  `tenant_id` int(11) NOT NULL,
  `description` varchar(50) NOT NULL,
  `status` enum('0','1') DEFAULT '1',
  `created_by` int(11) NOT NULL,
  `created_at` timestamp NOT NULL DEFAULT CURRENT_TIMESTAMP,
  `modified_by` int(11) DEFAULT NULL,
  `modified_at` timestamp NULL DEFAULT NULL,
  PRIMARY KEY (`role_id`),
  KEY `FK_co_role_tenant` (`tenant_id`),
  CONSTRAINT `FK_co_role_tenant` FOREIGN KEY (`tenant_id`) REFERENCES `co_tenant` (`tenant_id`) ON DELETE CASCADE ON UPDATE CASCADE
) ENGINE=InnoDB AUTO_INCREMENT=5 DEFAULT CHARSET=latin1;

/*Data for the table `co_role` */

insert  into `co_role`(`role_id`,`tenant_id`,`description`,`status`,`created_by`,`created_at`,`modified_by`,`modified_at`) values (1,18,'Role','1',-1,'2015-12-29 12:40:14',NULL,NULL),(2,19,'test','1',-1,'2015-12-29 13:27:21',NULL,NULL);

/*Table structure for table `co_roles_resources` */

DROP TABLE IF EXISTS `co_roles_resources`;

CREATE TABLE `co_roles_resources` (
  `role_perm_id` int(11) NOT NULL AUTO_INCREMENT,
  `tenant_id` int(11) NOT NULL,
  `role_id` int(11) NOT NULL,
  `resource_id` int(11) NOT NULL,
  `created_by` int(11) NOT NULL,
  `created_at` timestamp NOT NULL DEFAULT CURRENT_TIMESTAMP,
  `modified_by` int(11) DEFAULT NULL,
  `modified_at` timestamp NULL DEFAULT NULL,
  PRIMARY KEY (`role_perm_id`),
  KEY `FK_co_role_permissions_role` (`role_id`),
  KEY `FK_co_role_permissions_resource` (`resource_id`),
  KEY `FK_co_role_permissions_tenant` (`tenant_id`),
  CONSTRAINT `FK_co_role_permissions_resource` FOREIGN KEY (`resource_id`) REFERENCES `co_resources` (`resource_id`) ON DELETE CASCADE ON UPDATE CASCADE,
  CONSTRAINT `FK_co_role_permissions_role` FOREIGN KEY (`role_id`) REFERENCES `co_role` (`role_id`) ON DELETE CASCADE ON UPDATE CASCADE,
  CONSTRAINT `FK_co_role_permissions_tenant` FOREIGN KEY (`tenant_id`) REFERENCES `co_tenant` (`tenant_id`) ON DELETE CASCADE ON UPDATE CASCADE
) ENGINE=InnoDB AUTO_INCREMENT=5 DEFAULT CHARSET=latin1;

/*Data for the table `co_roles_resources` */

/*Table structure for table `co_room` */

DROP TABLE IF EXISTS `co_room`;

CREATE TABLE `co_room` (
  `room_id` int(11) NOT NULL AUTO_INCREMENT,
  `tenant_id` int(11) NOT NULL,
  `ward_id` int(11) NOT NULL,
  `bed_name` varchar(50) NOT NULL,
  `maintain_id` int(11) NOT NULL,
  `occupied_status` enum('0','1') DEFAULT '0',
  `status` enum('0','1') DEFAULT '1',
  `created_by` int(11) NOT NULL,
  `created_at` timestamp NOT NULL DEFAULT CURRENT_TIMESTAMP,
  `modified_by` int(11) DEFAULT NULL,
  `modified_at` timestamp NULL DEFAULT NULL,
  PRIMARY KEY (`room_id`),
  KEY `FK_co_rooms_tenant` (`tenant_id`),
  CONSTRAINT `FK_co_rooms_tenant` FOREIGN KEY (`tenant_id`) REFERENCES `co_tenant` (`tenant_id`) ON DELETE CASCADE ON UPDATE CASCADE
) ENGINE=InnoDB DEFAULT CHARSET=latin1;

/*Data for the table `co_room` */

/*Table structure for table `co_room_charge` */

DROP TABLE IF EXISTS `co_room_charge`;

CREATE TABLE `co_room_charge` (
  `charge_id` int(11) NOT NULL AUTO_INCREMENT,
  `tenant_id` int(11) NOT NULL,
  `charge_item_id` int(11) NOT NULL,
  `room_type_id` int(11) NOT NULL,
  `charge` decimal(10,2) NOT NULL DEFAULT '0.00',
  `status` enum('0','1') DEFAULT '1',
  `created_by` int(11) NOT NULL,
  `created_at` timestamp NOT NULL DEFAULT CURRENT_TIMESTAMP,
  `modified_by` int(11) DEFAULT NULL,
  `modified_at` timestamp NULL DEFAULT NULL,
  PRIMARY KEY (`charge_id`),
  KEY `co_room_charge_tenant` (`tenant_id`),
  KEY `FK_co_room_charge_room_type` (`room_type_id`),
  CONSTRAINT `FK_co_room_charge_room_type` FOREIGN KEY (`room_type_id`) REFERENCES `co_room_type` (`room_type_id`) ON DELETE CASCADE ON UPDATE CASCADE,
  CONSTRAINT `FK_co_room_charge_tenant` FOREIGN KEY (`tenant_id`) REFERENCES `co_tenant` (`tenant_id`) ON DELETE CASCADE ON UPDATE CASCADE
) ENGINE=InnoDB DEFAULT CHARSET=latin1;

/*Data for the table `co_room_charge` */

/*Table structure for table `co_room_charge_category` */

DROP TABLE IF EXISTS `co_room_charge_category`;

CREATE TABLE `co_room_charge_category` (
  `charge_cat_id` int(11) NOT NULL AUTO_INCREMENT,
  `tenant_id` int(11) NOT NULL,
  `charge_cat_name` varchar(50) NOT NULL,
  `charge_cat_code` varchar(10) NOT NULL,
  `charge_cat_description` text,
  `status` enum('0','1') DEFAULT '1',
  `created_by` int(11) NOT NULL,
  `created_at` timestamp NOT NULL DEFAULT CURRENT_TIMESTAMP,
  `modified_by` int(11) DEFAULT NULL,
  `modified_at` timestamp NULL DEFAULT NULL,
  PRIMARY KEY (`charge_cat_id`),
  UNIQUE KEY `RoomCatNameUnique` (`tenant_id`,`charge_cat_name`),
  KEY `co_room_cat_tenant` (`tenant_id`),
  CONSTRAINT `FK_co_room_cat_tenant` FOREIGN KEY (`tenant_id`) REFERENCES `co_tenant` (`tenant_id`) ON DELETE CASCADE ON UPDATE CASCADE
) ENGINE=InnoDB DEFAULT CHARSET=latin1;

/*Data for the table `co_room_charge_category` */

/*Table structure for table `co_room_charge_item` */

DROP TABLE IF EXISTS `co_room_charge_item`;

CREATE TABLE `co_room_charge_item` (
  `charge_item_id` int(11) NOT NULL AUTO_INCREMENT,
  `tenant_id` int(11) NOT NULL,
  `charge_item_name` varchar(50) NOT NULL,
  `charge_item_code` varchar(10) NOT NULL,
  `charge_item_description` text,
  `charge_cat_id` int(11) NOT NULL,
  `status` enum('0','1') DEFAULT '1',
  `created_by` int(11) NOT NULL,
  `created_at` timestamp NOT NULL DEFAULT CURRENT_TIMESTAMP,
  `modified_by` int(11) DEFAULT NULL,
  `modified_at` timestamp NULL DEFAULT NULL,
  PRIMARY KEY (`charge_item_id`),
  UNIQUE KEY `RoomChargeUnique` (`charge_item_name`,`tenant_id`,`charge_cat_id`),
  KEY `co_charge_tenant` (`tenant_id`),
  KEY `FK_co_room_charge_category` (`charge_cat_id`),
  CONSTRAINT `FK_co_charge_tenant` FOREIGN KEY (`tenant_id`) REFERENCES `co_tenant` (`tenant_id`) ON DELETE CASCADE ON UPDATE CASCADE,
  CONSTRAINT `FK_co_room_charge_category` FOREIGN KEY (`charge_cat_id`) REFERENCES `co_room_charge_category` (`charge_cat_id`) ON DELETE CASCADE ON UPDATE CASCADE
) ENGINE=InnoDB DEFAULT CHARSET=latin1;

/*Data for the table `co_room_charge_item` */

/*Table structure for table `co_room_maintenance` */

DROP TABLE IF EXISTS `co_room_maintenance`;

CREATE TABLE `co_room_maintenance` (
  `maintain_id` int(11) NOT NULL AUTO_INCREMENT,
  `tenant_id` int(11) NOT NULL,
  `maintain_name` varchar(50) NOT NULL,
  `status` enum('0','1') DEFAULT '1',
  `created_by` int(11) NOT NULL,
  `created_at` timestamp NOT NULL DEFAULT CURRENT_TIMESTAMP,
  `modified_by` int(11) DEFAULT NULL,
  `modified_at` timestamp NULL DEFAULT NULL,
  PRIMARY KEY (`maintain_id`),
  UNIQUE KEY `MaintainNameUnique` (`tenant_id`,`maintain_name`),
  CONSTRAINT `FK_co_room_maintenance_tenant` FOREIGN KEY (`tenant_id`) REFERENCES `co_tenant` (`tenant_id`) ON DELETE CASCADE ON UPDATE CASCADE
) ENGINE=InnoDB DEFAULT CHARSET=latin1;

/*Data for the table `co_room_maintenance` */

/*Table structure for table `co_room_type` */

DROP TABLE IF EXISTS `co_room_type`;

CREATE TABLE `co_room_type` (
  `room_type_id` int(11) NOT NULL AUTO_INCREMENT,
  `tenant_id` int(11) NOT NULL,
  `room_type_name` varchar(50) NOT NULL,
  `status` enum('0','1') DEFAULT '1',
  `created_by` int(11) NOT NULL,
  `created_at` timestamp NOT NULL DEFAULT CURRENT_TIMESTAMP,
  `modified_by` int(11) DEFAULT NULL,
  `modified_at` timestamp NULL DEFAULT NULL,
  PRIMARY KEY (`room_type_id`),
  UNIQUE KEY `RoomTypeNameUnique` (`tenant_id`,`room_type_name`),
  KEY `co_room_type_tenant` (`tenant_id`),
  CONSTRAINT `FK_co_room_type_tenant` FOREIGN KEY (`tenant_id`) REFERENCES `co_tenant` (`tenant_id`) ON DELETE CASCADE ON UPDATE CASCADE
) ENGINE=InnoDB DEFAULT CHARSET=latin1;

/*Data for the table `co_room_type` */

/*Table structure for table `co_speciality` */

DROP TABLE IF EXISTS `co_speciality`;

CREATE TABLE `co_speciality` (
  `speciality_id` int(11) NOT NULL AUTO_INCREMENT,
  `tenant_id` int(11) NOT NULL,
  `speciality_name` varchar(50) NOT NULL,
  `status` enum('0','1') DEFAULT '1',
  `created_by` int(11) NOT NULL,
  `created_at` timestamp NOT NULL DEFAULT CURRENT_TIMESTAMP,
  `modified_by` int(11) DEFAULT NULL,
  `modified_at` timestamp NULL DEFAULT NULL,
  PRIMARY KEY (`speciality_id`),
  KEY `co_speciality_tenant` (`tenant_id`),
  CONSTRAINT `FK_co_speciality_tenant` FOREIGN KEY (`tenant_id`) REFERENCES `co_tenant` (`tenant_id`) ON DELETE CASCADE ON UPDATE CASCADE
) ENGINE=InnoDB DEFAULT CHARSET=latin1;

/*Data for the table `co_speciality` */

/*Table structure for table `co_super_admin` */

DROP TABLE IF EXISTS `co_super_admin`;

CREATE TABLE `co_super_admin` (
  `su_id` int(11) NOT NULL AUTO_INCREMENT,
  `username` varchar(100) NOT NULL,
  `password` varchar(255) NOT NULL,
  `authtoken` varchar(255) DEFAULT NULL,
  `last_activity` timestamp NOT NULL DEFAULT '0000-00-00 00:00:00',
  `created_by` int(11) DEFAULT NULL,
  `created_at` timestamp NOT NULL DEFAULT '0000-00-00 00:00:00',
  `modified_by` int(11) DEFAULT NULL,
  `modified_at` timestamp NOT NULL DEFAULT '0000-00-00 00:00:00',
  PRIMARY KEY (`su_id`)
) ENGINE=InnoDB AUTO_INCREMENT=2 DEFAULT CHARSET=latin1;

/*Data for the table `co_super_admin` */

insert  into `co_super_admin`(`su_id`,`username`,`password`,`authtoken`,`last_activity`,`created_by`,`created_at`,`modified_by`,`modified_at`) values (1,'demo','$2y$13$pfNu2lorSgd3btV7foqp.uriRfXF.7lSi51b45oefB0V1NaObxEui','ZGVtbzE0NTE0NTA1ODQ0ODk4','0000-00-00 00:00:00',NULL,'0000-00-00 00:00:00',NULL,'0000-00-00 00:00:00');

/*Table structure for table `co_tenant` */

DROP TABLE IF EXISTS `co_tenant`;

CREATE TABLE `co_tenant` (
  `tenant_id` int(11) NOT NULL AUTO_INCREMENT,
  `tenant_guid` varchar(50) NOT NULL,
  `tenant_name` varchar(50) NOT NULL,
  `tenant_address` varchar(100) DEFAULT NULL,
  `tenant_city_id` int(11) DEFAULT NULL,
  `tenant_state_id` int(11) DEFAULT NULL,
  `tenant_country_id` int(11) DEFAULT NULL,
  `tenant_contact1` varchar(20) DEFAULT NULL,
  `tenant_contact2` varchar(20) DEFAULT NULL,
  `tenant_fax` varchar(50) DEFAULT NULL,
  `tenant_mobile` varchar(20) DEFAULT NULL,
  `tenant_email` varchar(50) DEFAULT NULL,
  `tenant_url` varchar(50) DEFAULT NULL,
  `slug` varchar(50) NOT NULL,
  `status` enum('0','1') DEFAULT '1',
  `created_by` int(11) NOT NULL,
  `created_at` timestamp NOT NULL DEFAULT CURRENT_TIMESTAMP,
  `modified_by` int(11) DEFAULT NULL,
  `modified_at` timestamp NULL DEFAULT NULL,
  PRIMARY KEY (`tenant_id`),
  UNIQUE KEY `TenantNameUnique` (`tenant_name`)
) ENGINE=InnoDB AUTO_INCREMENT=22 DEFAULT CHARSET=latin1;

/*Data for the table `co_tenant` */

insert  into `co_tenant`(`tenant_id`,`tenant_guid`,`tenant_name`,`tenant_address`,`tenant_city_id`,`tenant_state_id`,`tenant_country_id`,`tenant_contact1`,`tenant_contact2`,`tenant_fax`,`tenant_mobile`,`tenant_email`,`tenant_url`,`slug`,`status`,`created_by`,`created_at`,`modified_by`,`modified_at`) values (1,'','Ahana Hospitals','No.11 Subraman Street,Gandhi Nagar',NULL,NULL,NULL,'0452-253444','','0452253311','9677725588','','','','1',0,'2015-12-24 16:13:39',NULL,NULL),(2,'','Radianz','611 K.K. Nagar',NULL,NULL,NULL,'','','','','','','','1',0,'2015-12-24 16:13:39',NULL,NULL),(3,'','Acute Care','Development',NULL,NULL,NULL,'Development','Development','Development','Development','Development@dev.org','','','1',0,'2015-12-24 16:13:39',NULL,NULL),(4,'','CMACS','CMACS',NULL,NULL,NULL,'CMACS','CMACS','CMACS','CMACS','CMACS@CMACS.com','','','1',0,'2015-12-24 16:13:39',NULL,NULL),(5,'','Bodhi','No,1 Ayathampatti Village,Alagarkoil,Melur(TK)',NULL,NULL,NULL,'0452 3202014','9500969661','','9629911352','info@msctrust.org','','','1',0,'2015-12-24 16:13:39',NULL,NULL),(6,'','ArkTestOrg','test',NULL,NULL,NULL,'12121212','12121211','1212121','3232323232','arktest@gmail.com','','','1',0,'2015-12-24 16:13:39',NULL,NULL),(13,'','asdd','asdasd',1,1,1,NULL,NULL,NULL,NULL,NULL,NULL,'','1',0,'2015-12-28 18:50:12',NULL,NULL),(14,'','test','test',1,1,1,NULL,NULL,NULL,NULL,NULL,NULL,'','1',0,'2015-12-28 18:50:36',NULL,NULL),(18,'','Org','Hi',2,1,1,NULL,NULL,NULL,NULL,NULL,NULL,'','1',0,'2015-12-29 12:40:14',NULL,NULL),(19,'','Orge','asdsd',1,1,1,NULL,NULL,NULL,NULL,NULL,NULL,'','1',0,'2015-12-29 13:27:21',NULL,NULL);

/*Table structure for table `co_user` */

DROP TABLE IF EXISTS `co_user`;

CREATE TABLE `co_user` (
  `user_id` int(11) NOT NULL AUTO_INCREMENT,
  `tenant_id` int(11) NOT NULL,
  `title_code` enum('Mr.','Mrs.','Miss.','Dr.') DEFAULT 'Mr.',
  `name` varchar(50) NOT NULL,
  `designation` varchar(25) DEFAULT NULL,
  `address` varchar(100) DEFAULT NULL,
  `city_id` int(11) DEFAULT NULL,
  `state_id` int(11) DEFAULT NULL,
  `zip` varchar(20) DEFAULT NULL,
  `country_id` int(50) DEFAULT NULL,
  `contact1` varchar(50) DEFAULT NULL,
  `contact2` varchar(50) DEFAULT NULL,
  `mobile` varchar(50) DEFAULT NULL,
  `email` varchar(50) DEFAULT NULL,
  `speciality_id` int(11) DEFAULT NULL,
  `care_provider` enum('0','1') NOT NULL DEFAULT '0',
  `status` enum('0','1') DEFAULT '1',
  `created_by` int(11) NOT NULL,
  `created_at` timestamp NOT NULL DEFAULT CURRENT_TIMESTAMP,
  `modified_by` int(11) DEFAULT NULL,
  `modified_at` timestamp NULL DEFAULT NULL,
  PRIMARY KEY (`user_id`),
  KEY `FK_co_user_profile_tenant` (`tenant_id`),
  CONSTRAINT `FK_co_user_profile_tenant` FOREIGN KEY (`tenant_id`) REFERENCES `co_tenant` (`tenant_id`) ON DELETE CASCADE ON UPDATE CASCADE
) ENGINE=InnoDB AUTO_INCREMENT=5 DEFAULT CHARSET=latin1;

/*Data for the table `co_user` */

insert  into `co_user`(`user_id`,`tenant_id`,`title_code`,`name`,`designation`,`address`,`city_id`,`state_id`,`zip`,`country_id`,`contact1`,`contact2`,`mobile`,`email`,`speciality_id`,`care_provider`,`status`,`created_by`,`created_at`,`modified_by`,`modified_at`) values (1,18,'Mr.','Rajesh','CEO',NULL,1,1,'625002',1,NULL,NULL,'988845451','rajesh@gmail.com',NULL,'0','1',-1,'2015-12-29 12:40:14',NULL,NULL),(2,19,'Mr.','test','test',NULL,NULL,NULL,NULL,NULL,NULL,NULL,'test','test',NULL,'0','1',-1,'2015-12-29 13:27:22',NULL,NULL);

/*Table structure for table `co_users_roles` */

DROP TABLE IF EXISTS `co_users_roles`;

CREATE TABLE `co_users_roles` (
  `user_role_id` int(11) NOT NULL AUTO_INCREMENT,
  `tenant_id` int(11) NOT NULL,
  `user_id` int(11) NOT NULL,
  `role_id` int(11) NOT NULL,
  `created_by` int(11) NOT NULL,
  `created_at` timestamp NOT NULL DEFAULT CURRENT_TIMESTAMP,
  `modified_by` int(11) DEFAULT NULL,
  `modified_at` timestamp NULL DEFAULT NULL,
  PRIMARY KEY (`user_role_id`),
  KEY `FK_co_user_roles` (`user_id`),
  KEY `FK_co_user_roles_role` (`role_id`),
  KEY `FK_co_user_roles_tenant` (`tenant_id`),
  CONSTRAINT `FK_co_user_roles` FOREIGN KEY (`user_id`) REFERENCES `co_user` (`user_id`) ON DELETE CASCADE ON UPDATE CASCADE,
  CONSTRAINT `FK_co_user_roles_role` FOREIGN KEY (`role_id`) REFERENCES `co_role` (`role_id`) ON DELETE CASCADE ON UPDATE CASCADE,
  CONSTRAINT `FK_co_user_roles_tenant` FOREIGN KEY (`tenant_id`) REFERENCES `co_tenant` (`tenant_id`) ON DELETE CASCADE ON UPDATE CASCADE
) ENGINE=InnoDB AUTO_INCREMENT=2 DEFAULT CHARSET=latin1;

/*Data for the table `co_users_roles` */

insert  into `co_users_roles`(`user_role_id`,`tenant_id`,`user_id`,`role_id`,`created_by`,`created_at`,`modified_by`,`modified_at`) values (1,18,1,1,1,'2015-12-30 16:07:24',NULL,NULL);

/*Table structure for table `co_ward` */

DROP TABLE IF EXISTS `co_ward`;

CREATE TABLE `co_ward` (
  `ward_id` int(11) NOT NULL,
  `tenant_id` int(11) NOT NULL,
  `ward_name` varchar(50) NOT NULL,
  `status` enum('0','1') DEFAULT '1',
  `created_by` int(11) NOT NULL,
  `created_at` timestamp NOT NULL DEFAULT CURRENT_TIMESTAMP,
  `modified_by` int(11) DEFAULT NULL,
  `modified_at` timestamp NULL DEFAULT NULL,
  PRIMARY KEY (`ward_id`),
  UNIQUE KEY `WardNameUnique` (`tenant_id`,`ward_name`),
  CONSTRAINT `FK_co_ward_tenant` FOREIGN KEY (`tenant_id`) REFERENCES `co_tenant` (`tenant_id`) ON DELETE CASCADE ON UPDATE CASCADE
) ENGINE=InnoDB DEFAULT CHARSET=latin1;

/*Data for the table `co_ward` */

/*!40101 SET SQL_MODE=@OLD_SQL_MODE */;
/*!40014 SET FOREIGN_KEY_CHECKS=@OLD_FOREIGN_KEY_CHECKS */;
/*!40014 SET UNIQUE_CHECKS=@OLD_UNIQUE_CHECKS */;
/*!40111 SET SQL_NOTES=@OLD_SQL_NOTES */;
